env,condition,seed,n_features,connections_per_neuron,eval_return_mean,eval_return_std,train_return_mean,train_return_last10%,time_s,params,method,units,arch,learning_rate,greedy_return_mean,best_iteration,selection_curve,bc_return,best_round,expert_return_mean
LunarLander-v3,filterbank+esn,5,1020,13.583333333333334,248.49564614000002,68.99786784241206,204.10943161159005,244.7306154265176,3384,"{'decomposition': 'ema', 'n_filters': 12, 'slowest': 0.007278775282470501, 'input_scaling': 0.4150388723567341, 'bias_dist': 'foldnorm', 'bias_scaling': 0.04616118346075944, 'lr': 0.9174645206815777, 'sr': 0.7122598989576099, 'rc_connectivity': 0.013316681518519325, 'learning_rate': 0.0003}",ppo,1000,64x64,0.0003,,,,,,
LunarLander-v3,filterbank+esn,4,1020,13.583333333333334,28.534121340000002,21.84581725098507,-138.28023206146958,-91.79209325050918,3463,"{'decomposition': 'ema', 'n_filters': 12, 'slowest': 0.007278775282470501, 'input_scaling': 0.4150388723567341, 'bias_dist': 'foldnorm', 'bias_scaling': 0.04616118346075944, 'lr': 0.9174645206815777, 'sr': 0.7122598989576099, 'rc_connectivity': 0.013316681518519325, 'learning_rate': 0.003}",ppo,1000,64x64,0.003,,,,,,
LunarLander-v3,filterbank+esn,8,1020,13.583333333333334,90.8000401,189.2556192823756,128.45985298492928,173.45867923433877,3496,"{'decomposition': 'ema', 'n_filters': 12, 'slowest': 0.007278775282470501, 'input_scaling': 0.4150388723567341, 'bias_dist': 'foldnorm', 'bias_scaling': 0.04616118346075944, 'lr': 0.9174645206815777, 'sr': 0.7122598989576099, 'rc_connectivity': 0.013316681518519325, 'learning_rate': 0.001}",ppo,1000,64x64,0.001,,,,,,
LunarLander-v3,filterbank+esn,1,1020,13.583333333333334,-66.83222394,44.088707574181285,-241.90368379485096,-237.44084005691062,3477,"{'decomposition': 'ema', 'n_filters': 12, 'slowest': 0.007278775282470501, 'input_scaling': 0.4150388723567341, 'bias_dist': 'foldnorm', 'bias_scaling': 0.04616118346075944, 'lr': 0.9174645206815777, 'sr': 0.7122598989576099, 'rc_connectivity': 0.013316681518519325, 'learning_rate': 0.003}",ppo,1000,64x64,0.003,,,,,,
LunarLander-v3,filterbank+esn,7,1020,13.583333333333334,97.55446846000001,188.1222198366815,139.41055874294003,160.85527541392648,3550,"{'decomposition': 'ema', 'n_filters': 12, 'slowest': 0.007278775282470501, 'input_scaling': 0.4150388723567341, 'bias_dist': 'foldnorm', 'bias_scaling': 0.04616118346075944, 'lr': 0.9174645206815777, 'sr': 0.7122598989576099, 'rc_connectivity': 0.013316681518519325, 'learning_rate': 0.001}",ppo,1000,64x64,0.001,,,,,,
LunarLander-v3,filterbank+esn,3,1020,13.583333333333334,89.57643178000002,199.89942374494117,-64.39418622748562,14.295947310575635,3564,"{'decomposition': 'ema', 'n_filters': 12, 'slowest': 0.007278775282470501, 'input_scaling': 0.4150388723567341, 'bias_dist': 'foldnorm', 'bias_scaling': 0.04616118346075944, 'lr': 0.9174645206815777, 'sr': 0.7122598989576099, 'rc_connectivity': 0.013316681518519325, 'learning_rate': 0.003}",ppo,1000,64x64,0.003,,,,,,
LunarLander-v3,filterbank+esn,3,1020,13.583333333333334,66.379414,146.49202539019433,98.58059834608031,108.5223078852459,3597,"{'decomposition': 'ema', 'n_filters': 12, 'slowest': 0.007278775282470501, 'input_scaling': 0.4150388723567341, 'bias_dist': 'foldnorm', 'bias_scaling': 0.04616118346075944, 'lr': 0.9174645206815777, 'sr': 0.7122598989576099, 'rc_connectivity': 0.013316681518519325, 'learning_rate': 0.001}",ppo,1000,64x64,0.001,,,,,,
LunarLander-v3,filterbank+esn,2,1020,13.583333333333334,-167.18073284,102.25703632491911,-113.82741691570881,-73.47542448502993,3578,"{'decomposition': 'ema', 'n_filters': 12, 'slowest': 0.007278775282470501, 'input_scaling': 0.4150388723567341, 'bias_dist': 'foldnorm', 'bias_scaling': 0.04616118346075944, 'lr': 0.9174645206815777, 'sr': 0.7122598989576099, 'rc_connectivity': 0.013316681518519325, 'learning_rate': 0.003}",ppo,1000,64x64,0.003,,,,,,
LunarLander-v3,filterbank+esn,5,1020,13.583333333333334,-154.76063844,144.76461783597512,-122.91617444326431,-104.71172607568808,3586,"{'decomposition': 'ema', 'n_filters': 12, 'slowest': 0.007278775282470501, 'input_scaling': 0.4150388723567341, 'bias_dist': 'foldnorm', 'bias_scaling': 0.04616118346075944, 'lr': 0.9174645206815777, 'sr': 0.7122598989576099, 'rc_connectivity': 0.013316681518519325, 'learning_rate': 0.003}",ppo,1000,64x64,0.003,,,,,,
LunarLander-v3,filterbank+esn,5,1020,13.583333333333334,-35.68800216,153.13843149688046,164.93852404335607,151.3103514477912,3610,"{'decomposition': 'ema', 'n_filters': 12, 'slowest': 0.007278775282470501, 'input_scaling': 0.4150388723567341, 'bias_dist': 'foldnorm', 'bias_scaling': 0.04616118346075944, 'lr': 0.9174645206815777, 'sr': 0.7122598989576099, 'rc_connectivity': 0.013316681518519325, 'learning_rate': 0.001}",ppo,1000,64x64,0.001,,,,,,
LunarLander-v3,filterbank+esn,7,1020,13.583333333333334,-1111.5242193000001,571.6324141248755,-163.73946839466583,-190.2758036883943,3592,"{'decomposition': 'ema', 'n_filters': 12, 'slowest': 0.007278775282470501, 'input_scaling': 0.4150388723567341, 'bias_dist': 'foldnorm', 'bias_scaling': 0.04616118346075944, 'lr': 0.9174645206815777, 'sr': 0.7122598989576099, 'rc_connectivity': 0.013316681518519325, 'learning_rate': 0.003}",ppo,1000,64x64,0.003,,,,,,
LunarLander-v3,filterbank+esn,6,1020,13.583333333333334,-149.21271068000001,121.66550955444873,-51.176789843129626,-14.8950623957115,3597,"{'decomposition': 'ema', 'n_filters': 12, 'slowest': 0.007278775282470501, 'input_scaling': 0.4150388723567341, 'bias_dist': 'foldnorm', 'bias_scaling': 0.04616118346075944, 'lr': 0.9174645206815777, 'sr': 0.7122598989576099, 'rc_connectivity': 0.013316681518519325, 'learning_rate': 0.003}",ppo,1000,64x64,0.003,,,,,,
LunarLander-v3,filterbank+esn,4,1020,13.583333333333334,-122.3086974,53.716587910812486,-136.71563963162745,-132.21266773874513,3608,"{'decomposition': 'ema', 'n_filters': 12, 'slowest': 0.007278775282470501, 'input_scaling': 0.4150388723567341, 'bias_dist': 'foldnorm', 'bias_scaling': 0.04616118346075944, 'lr': 0.9174645206815777, 'sr': 0.7122598989576099, 'rc_connectivity': 0.013316681518519325, 'learning_rate': 0.01}",ppo,1000,64x64,0.01,,,,,,
LunarLander-v3,filterbank+esn,4,1020,13.583333333333334,-41.28742432,30.036584920701298,117.2002670809344,-10.162982200945626,3642,"{'decomposition': 'ema', 'n_filters': 12, 'slowest': 0.007278775282470501, 'input_scaling': 0.4150388723567341, 'bias_dist': 'foldnorm', 'bias_scaling': 0.04616118346075944, 'lr': 0.9174645206815777, 'sr': 0.7122598989576099, 'rc_connectivity': 0.013316681518519325, 'learning_rate': 0.001}",ppo,1000,64x64,0.001,,,,,,
LunarLander-v3,filterbank+hag,7,1020,12.89607843137255,196.62511134,120.25261215293752,196.28823809896744,222.30828520272902,3626,"{'decomposition': 'ema', 'n_filters': 12, 'slowest': 0.022150628564983305, 'input_scaling': 0.3786189199484331, 'bias_dist': 'foldnorm', 'bias_scaling': 0.029687121836807887, 'lr': 0.7474064946212267, 'weight_increment': 0.0011133132425291139, 'min_window': 19, 'max_window': 43, 'use_full_instance': True, 'max_partners': 20, 'homeostasis': 'mean', 'target': 0.75, 'spread': 0.375, 'learning_rate': 0.0003}",ppo,1000,64x64,0.0003,,,,,,
LunarLander-v3,filterbank+esn,0,1020,13.583333333333334,229.71539721999997,101.83259931370544,210.16284590057236,228.85992065302784,3674,"{'decomposition': 'ema', 'n_filters': 12, 'slowest': 0.007278775282470501, 'input_scaling': 0.4150388723567341, 'bias_dist': 'foldnorm', 'bias_scaling': 0.04616118346075944, 'lr': 0.9174645206815777, 'sr': 0.7122598989576099, 'rc_connectivity': 0.013316681518519325, 'learning_rate': 0.0003}",ppo,1000,64x64,0.0003,,,,,,
LunarLander-v3,filterbank+esn,8,1020,13.583333333333334,-173.68249208,79.68844334034085,-131.14607200099744,-102.49091107385229,3657,"{'decomposition': 'ema', 'n_filters': 12, 'slowest': 0.007278775282470501, 'input_scaling': 0.4150388723567341, 'bias_dist': 'foldnorm', 'bias_scaling': 0.04616118346075944, 'lr': 0.9174645206815777, 'sr': 0.7122598989576099, 'rc_connectivity': 0.013316681518519325, 'learning_rate': 0.003}",ppo,1000,64x64,0.003,,,,,,
LunarLander-v3,filterbank+esn,9,1020,13.583333333333334,203.85938016,117.56577867886644,181.60679297127302,229.5640702255639,3680,"{'decomposition': 'ema', 'n_filters': 12, 'slowest': 0.007278775282470501, 'input_scaling': 0.4150388723567341, 'bias_dist': 'foldnorm', 'bias_scaling': 0.04616118346075944, 'lr': 0.9174645206815777, 'sr': 0.7122598989576099, 'rc_connectivity': 0.013316681518519325, 'learning_rate': 0.0003}",ppo,1000,64x64,0.0003,,,,,,
LunarLander-v3,filterbank+esn,9,1020,13.583333333333334,127.35927792000001,110.26499124298184,98.39112810868565,136.04651363218392,3698,"{'decomposition': 'ema', 'n_filters': 12, 'slowest': 0.007278775282470501, 'input_scaling': 0.4150388723567341, 'bias_dist': 'foldnorm', 'bias_scaling': 0.04616118346075944, 'lr': 0.9174645206815777, 'sr': 0.7122598989576099, 'rc_connectivity': 0.013316681518519325, 'learning_rate': 0.001}",ppo,1000,64x64,0.001,,,,,,
LunarLander-v3,filterbank+esn,0,1020,13.583333333333334,-17.7693493,192.43603295621617,-109.13412784717082,-46.16722472134039,3689,"{'decomposition': 'ema', 'n_filters': 12, 'slowest': 0.007278775282470501, 'input_scaling': 0.4150388723567341, 'bias_dist': 'foldnorm', 'bias_scaling': 0.04616118346075944, 'lr': 0.9174645206815777, 'sr': 0.7122598989576099, 'rc_connectivity': 0.013316681518519325, 'learning_rate': 0.003}",ppo,1000,64x64,0.003,,,,,,
LunarLander-v3,filterbank+esn,1,1020,13.583333333333334,256.47830906,41.14829788349456,205.45384138549238,213.18444599834712,3716,"{'decomposition': 'ema', 'n_filters': 12, 'slowest': 0.007278775282470501, 'input_scaling': 0.4150388723567341, 'bias_dist': 'foldnorm', 'bias_scaling': 0.04616118346075944, 'lr': 0.9174645206815777, 'sr': 0.7122598989576099, 'rc_connectivity': 0.013316681518519325, 'learning_rate': 0.0003}",ppo,1000,64x64,0.0003,,,,,,
LunarLander-v3,filterbank+esn,8,1020,13.583333333333334,242.9038713,99.71264760873224,213.10324003477427,229.64077045047924,3720,"{'decomposition': 'ema', 'n_filters': 12, 'slowest': 0.007278775282470501, 'input_scaling': 0.4150388723567341, 'bias_dist': 'foldnorm', 'bias_scaling': 0.04616118346075944, 'lr': 0.9174645206815777, 'sr': 0.7122598989576099, 'rc_connectivity': 0.013316681518519325, 'learning_rate': 0.0003}",ppo,1000,64x64,0.0003,,,,,,
LunarLander-v3,filterbank+hag,1,1020,11.816666666666666,252.50440108000004,53.35147765128689,200.86168898829152,253.9109804422442,3733,"{'decomposition': 'ema', 'n_filters': 12, 'slowest': 0.022150628564983305, 'input_scaling': 0.3786189199484331, 'bias_dist': 'foldnorm', 'bias_scaling': 0.029687121836807887, 'lr': 0.7474064946212267, 'weight_increment': 0.0011133132425291139, 'min_window': 19, 'max_window': 43, 'use_full_instance': True, 'max_partners': 20, 'homeostasis': 'mean', 'target': 0.75, 'spread': 0.375, 'learning_rate': 0.0003}",ppo,1000,64x64,0.0003,,,,,,
LunarLander-v3,filterbank+hag,5,1020,11.977450980392156,230.75322283999998,77.91216746172303,178.3625882189676,222.00682879713116,3737,"{'decomposition': 'ema', 'n_filters': 12, 'slowest': 0.022150628564983305, 'input_scaling': 0.3786189199484331, 'bias_dist': 'foldnorm', 'bias_scaling': 0.029687121836807887, 'lr': 0.7474064946212267, 'weight_increment': 0.0011133132425291139, 'min_window': 19, 'max_window': 43, 'use_full_instance': True, 'max_partners': 20, 'homeostasis': 'mean', 'target': 0.75, 'spread': 0.375, 'learning_rate': 0.0003}",ppo,1000,64x64,0.0003,,,,,,
LunarLander-v3,filterbank+esn,0,1020,13.583333333333334,-133.38020256,44.68533763694481,-135.67964380773546,-130.72107980322693,3737,"{'decomposition': 'ema', 'n_filters': 12, 'slowest': 0.007278775282470501, 'input_scaling': 0.4150388723567341, 'bias_dist': 'foldnorm', 'bias_scaling': 0.04616118346075944, 'lr': 0.9174645206815777, 'sr': 0.7122598989576099, 'rc_connectivity': 0.013316681518519325, 'learning_rate': 0.01}",ppo,1000,64x64,0.01,,,,,,
LunarLander-v3,filterbank+esn,6,1020,13.583333333333334,159.61946506,148.91296072234255,146.59988479991637,187.88851502928873,3759,"{'decomposition': 'ema', 'n_filters': 12, 'slowest': 0.007278775282470501, 'input_scaling': 0.4150388723567341, 'bias_dist': 'foldnorm', 'bias_scaling': 0.04616118346075944, 'lr': 0.9174645206815777, 'sr': 0.7122598989576099, 'rc_connectivity': 0.013316681518519325, 'learning_rate': 0.001}",ppo,1000,64x64,0.001,,,,,,
LunarLander-v3,filterbank+esn,1,1020,13.583333333333334,93.37266874000001,157.32932879275407,140.67146273759147,174.1059885128713,3779,"{'decomposition': 'ema', 'n_filters': 12, 'slowest': 0.007278775282470501, 'input_scaling': 0.4150388723567341, 'bias_dist': 'foldnorm', 'bias_scaling': 0.04616118346075944, 'lr': 0.9174645206815777, 'sr': 0.7122598989576099, 'rc_connectivity': 0.013316681518519325, 'learning_rate': 0.001}",ppo,1000,64x64,0.001,,,,,,
LunarLander-v3,filterbank+esn,0,1020,13.583333333333334,96.07867582,249.0285500598632,69.32402028843293,196.12821219047623,3786,"{'decomposition': 'ema', 'n_filters': 12, 'slowest': 0.007278775282470501, 'input_scaling': 0.4150388723567341, 'bias_dist': 'foldnorm', 'bias_scaling': 0.04616118346075944, 'lr': 0.9174645206815777, 'sr': 0.7122598989576099, 'rc_connectivity': 0.013316681518519325, 'learning_rate': 0.001}",ppo,1000,64x64,0.001,,,,,,
LunarLander-v3,filterbank+esn,2,1020,13.583333333333334,-194.17305376000002,33.24754057523987,99.08672259108378,72.74962825128205,3791,"{'decomposition': 'ema', 'n_filters': 12, 'slowest': 0.007278775282470501, 'input_scaling': 0.4150388723567341, 'bias_dist': 'foldnorm', 'bias_scaling': 0.04616118346075944, 'lr': 0.9174645206815777, 'sr': 0.7122598989576099, 'rc_connectivity': 0.013316681518519325, 'learning_rate': 0.001}",ppo,1000,64x64,0.001,,,,,,
LunarLander-v3,filterbank+esn,6,1020,13.583333333333334,228.79525827999998,102.02498221833096,204.49868575358892,241.58777813344597,3831,"{'decomposition': 'ema', 'n_filters': 12, 'slowest': 0.007278775282470501, 'input_scaling': 0.4150388723567341, 'bias_dist': 'foldnorm', 'bias_scaling': 0.04616118346075944, 'lr': 0.9174645206815777, 'sr': 0.7122598989576099, 'rc_connectivity': 0.013316681518519325, 'learning_rate': 0.0003}",ppo,1000,64x64,0.0003,,,,,,
LunarLander-v3,filterbank+hag,2,1020,12.096078431372549,180.79721818000002,106.89024177494066,191.00341586760175,201.58767886301368,3811,"{'decomposition': 'ema', 'n_filters': 12, 'slowest': 0.022150628564983305, 'input_scaling': 0.3786189199484331, 'bias_dist': 'foldnorm', 'bias_scaling': 0.029687121836807887, 'lr': 0.7474064946212267, 'weight_increment': 0.0011133132425291139, 'min_window': 19, 'max_window': 43, 'use_full_instance': True, 'max_partners': 20, 'homeostasis': 'mean', 'target': 0.75, 'spread': 0.375, 'learning_rate': 0.0003}",ppo,1000,64x64,0.0003,,,,,,
LunarLander-v3,filterbank+esn,7,1020,13.583333333333334,197.61735616,76.75106734514733,204.25189510589553,194.456531536859,3848,"{'decomposition': 'ema', 'n_filters': 12, 'slowest': 0.007278775282470501, 'input_scaling': 0.4150388723567341, 'bias_dist': 'foldnorm', 'bias_scaling': 0.04616118346075944, 'lr': 0.9174645206815777, 'sr': 0.7122598989576099, 'rc_connectivity': 0.013316681518519325, 'learning_rate': 0.0003}",ppo,1000,64x64,0.0003,,,,,,
LunarLander-v3,filterbank+esn,4,1020,13.583333333333334,232.03514639999997,88.36348796524307,186.8604788519811,212.64710843737166,3851,"{'decomposition': 'ema', 'n_filters': 12, 'slowest': 0.007278775282470501, 'input_scaling': 0.4150388723567341, 'bias_dist': 'foldnorm', 'bias_scaling': 0.04616118346075944, 'lr': 0.9174645206815777, 'sr': 0.7122598989576099, 'rc_connectivity': 0.013316681518519325, 'learning_rate': 0.0003}",ppo,1000,64x64,0.0003,,,,,,
LunarLander-v3,filterbank+esn,2,1020,13.583333333333334,213.18842782,124.93211261726799,188.25296232146312,214.67355877713177,3860,"{'decomposition': 'ema', 'n_filters': 12, 'slowest': 0.007278775282470501, 'input_scaling': 0.4150388723567341, 'bias_dist': 'foldnorm', 'bias_scaling': 0.04616118346075944, 'lr': 0.9174645206815777, 'sr': 0.7122598989576099, 'rc_connectivity': 0.013316681518519325, 'learning_rate': 0.0003}",ppo,1000,64x64,0.0003,,,,,,
LunarLander-v3,filterbank+esn,7,1020,13.583333333333334,-575.52145868,150.1060546934735,-540.6951512638504,-579.7963348017591,3853,"{'decomposition': 'ema', 'n_filters': 12, 'slowest': 0.007278775282470501, 'input_scaling': 0.4150388723567341, 'bias_dist': 'foldnorm', 'bias_scaling': 0.04616118346075944, 'lr': 0.9174645206815777, 'sr': 0.7122598989576099, 'rc_connectivity': 0.013316681518519325, 'learning_rate': 0.01}",ppo,1000,64x64,0.01,,,,,,
LunarLander-v3,filterbank+esn,1,1020,13.583333333333334,-551.7638253800001,147.58040739147515,-577.376841619369,-576.4091814714816,3880,"{'decomposition': 'ema', 'n_filters': 12, 'slowest': 0.007278775282470501, 'input_scaling': 0.4150388723567341, 'bias_dist': 'foldnorm', 'bias_scaling': 0.04616118346075944, 'lr': 0.9174645206815777, 'sr': 0.7122598989576099, 'rc_connectivity': 0.013316681518519325, 'learning_rate': 0.01}",ppo,1000,64x64,0.01,,,,,,
LunarLander-v3,filterbank+esn,3,1020,13.583333333333334,254.8438363,43.51670914628532,202.90157597699658,239.64678207293358,3913,"{'decomposition': 'ema', 'n_filters': 12, 'slowest': 0.007278775282470501, 'input_scaling': 0.4150388723567341, 'bias_dist': 'foldnorm', 'bias_scaling': 0.04616118346075944, 'lr': 0.9174645206815777, 'sr': 0.7122598989576099, 'rc_connectivity': 0.013316681518519325, 'learning_rate': 0.0003}",ppo,1000,64x64,0.0003,,,,,,
LunarLander-v3,filterbank+esn,6,1020,13.583333333333334,-126.41344102,54.352848178463304,-132.51759077038597,-131.28388973122804,3907,"{'decomposition': 'ema', 'n_filters': 12, 'slowest': 0.007278775282470501, 'input_scaling': 0.4150388723567341, 'bias_dist': 'foldnorm', 'bias_scaling': 0.04616118346075944, 'lr': 0.9174645206815777, 'sr': 0.7122598989576099, 'rc_connectivity': 0.013316681518519325, 'learning_rate': 0.01}",ppo,1000,64x64,0.01,,,,,,
LunarLander-v3,filterbank+hag,3,1020,11.674509803921568,226.98247578,71.16794390504184,168.4664200369756,197.12941311638954,3922,"{'decomposition': 'ema', 'n_filters': 12, 'slowest': 0.022150628564983305, 'input_scaling': 0.3786189199484331, 'bias_dist': 'foldnorm', 'bias_scaling': 0.029687121836807887, 'lr': 0.7474064946212267, 'weight_increment': 0.0011133132425291139, 'min_window': 19, 'max_window': 43, 'use_full_instance': True, 'max_partners': 20, 'homeostasis': 'mean', 'target': 0.75, 'spread': 0.375, 'learning_rate': 0.0003}",ppo,1000,64x64,0.0003,,,,,,
LunarLander-v3,filterbank+esn,5,1020,13.583333333333334,-126.93929941999997,51.89552868775965,-133.8625489237,-131.73306246930903,3966,"{'decomposition': 'ema', 'n_filters': 12, 'slowest': 0.007278775282470501, 'input_scaling': 0.4150388723567341, 'bias_dist': 'foldnorm', 'bias_scaling': 0.04616118346075944, 'lr': 0.9174645206815777, 'sr': 0.7122598989576099, 'rc_connectivity': 0.013316681518519325, 'learning_rate': 0.01}",ppo,1000,64x64,0.01,,,,,,
LunarLander-v3,filterbank+hag,4,1020,11.601960784313725,147.52589081999997,130.18001342016424,152.01124596134346,176.91640437843552,3969,"{'decomposition': 'ema', 'n_filters': 12, 'slowest': 0.022150628564983305, 'input_scaling': 0.3786189199484331, 'bias_dist': 'foldnorm', 'bias_scaling': 0.029687121836807887, 'lr': 0.7474064946212267, 'weight_increment': 0.0011133132425291139, 'min_window': 19, 'max_window': 43, 'use_full_instance': True, 'max_partners': 20, 'homeostasis': 'mean', 'target': 0.75, 'spread': 0.375, 'learning_rate': 0.0003}",ppo,1000,64x64,0.0003,,,,,,
LunarLander-v3,filterbank+esn,9,1020,13.583333333333334,-190.21291224,25.979417957515363,-129.07079202948304,-106.60038757979797,3971,"{'decomposition': 'ema', 'n_filters': 12, 'slowest': 0.007278775282470501, 'input_scaling': 0.4150388723567341, 'bias_dist': 'foldnorm', 'bias_scaling': 0.04616118346075944, 'lr': 0.9174645206815777, 'sr': 0.7122598989576099, 'rc_connectivity': 0.013316681518519325, 'learning_rate': 0.003}",ppo,1000,64x64,0.003,,,,,,
LunarLander-v3,filterbank+esn,2,1020,13.583333333333334,-562.98674874,155.53699472177772,-573.4631530538708,-582.9595503181512,3974,"{'decomposition': 'ema', 'n_filters': 12, 'slowest': 0.007278775282470501, 'input_scaling': 0.4150388723567341, 'bias_dist': 'foldnorm', 'bias_scaling': 0.04616118346075944, 'lr': 0.9174645206815777, 'sr': 0.7122598989576099, 'rc_connectivity': 0.013316681518519325, 'learning_rate': 0.01}",ppo,1000,64x64,0.01,,,,,,
LunarLander-v3,filterbank+hag,0,1020,12.594117647058823,220.48933482000004,46.0052671589783,188.44389797916665,197.14410686837294,3979,"{'decomposition': 'ema', 'n_filters': 12, 'slowest': 0.022150628564983305, 'input_scaling': 0.3786189199484331, 'bias_dist': 'foldnorm', 'bias_scaling': 0.029687121836807887, 'lr': 0.7474064946212267, 'weight_increment': 0.0011133132425291139, 'min_window': 19, 'max_window': 43, 'use_full_instance': True, 'max_partners': 20, 'homeostasis': 'mean', 'target': 0.75, 'spread': 0.375, 'learning_rate': 0.0003}",ppo,1000,64x64,0.0003,,,,,,
LunarLander-v3,filterbank+esn,3,1020,13.583333333333334,-125.86476884,51.3778095279418,-134.1736862382302,-131.76628275407512,4079,"{'decomposition': 'ema', 'n_filters': 12, 'slowest': 0.007278775282470501, 'input_scaling': 0.4150388723567341, 'bias_dist': 'foldnorm', 'bias_scaling': 0.04616118346075944, 'lr': 0.9174645206815777, 'sr': 0.7122598989576099, 'rc_connectivity': 0.013316681518519325, 'learning_rate': 0.01}",ppo,1000,64x64,0.01,,,,,,
LunarLander-v3,filterbank+esn,8,1020,13.583333333333334,-126.35847503999999,57.33025397602555,-134.3550699595609,-132.76217739775518,4093,"{'decomposition': 'ema', 'n_filters': 12, 'slowest': 0.007278775282470501, 'input_scaling': 0.4150388723567341, 'bias_dist': 'foldnorm', 'bias_scaling': 0.04616118346075944, 'lr': 0.9174645206815777, 'sr': 0.7122598989576099, 'rc_connectivity': 0.013316681518519325, 'learning_rate': 0.01}",ppo,1000,64x64,0.01,,,,,,
LunarLander-v3,filterbank+hag,6,1020,12.526470588235295,240.67940002000003,86.36158399460281,195.31649896586578,237.0612913568702,4121,"{'decomposition': 'ema', 'n_filters': 12, 'slowest': 0.022150628564983305, 'input_scaling': 0.3786189199484331, 'bias_dist': 'foldnorm', 'bias_scaling': 0.029687121836807887, 'lr': 0.7474064946212267, 'weight_increment': 0.0011133132425291139, 'min_window': 19, 'max_window': 43, 'use_full_instance': True, 'max_partners': 20, 'homeostasis': 'mean', 'target': 0.75, 'spread': 0.375, 'learning_rate': 0.0003}",ppo,1000,64x64,0.0003,,,,,,
LunarLander-v3,filterbank+esn,9,1020,13.583333333333334,-575.5604679200001,141.6640098494731,-490.4080672369333,-577.4916920900748,4180,"{'decomposition': 'ema', 'n_filters': 12, 'slowest': 0.007278775282470501, 'input_scaling': 0.4150388723567341, 'bias_dist': 'foldnorm', 'bias_scaling': 0.04616118346075944, 'lr': 0.9174645206815777, 'sr': 0.7122598989576099, 'rc_connectivity': 0.013316681518519325, 'learning_rate': 0.01}",ppo,1000,64x64,0.01,,,,,,
LunarLander-v3,filterbank+hag,8,1020,13.785294117647059,247.05186774,64.04986695219861,177.72899073793104,242.54116900788955,3666,"{'decomposition': 'ema', 'n_filters': 12, 'slowest': 0.022150628564983305, 'input_scaling': 0.3786189199484331, 'bias_dist': 'foldnorm', 'bias_scaling': 0.029687121836807887, 'lr': 0.7474064946212267, 'weight_increment': 0.0011133132425291139, 'min_window': 19, 'max_window': 43, 'use_full_instance': True, 'max_partners': 20, 'homeostasis': 'mean', 'target': 0.75, 'spread': 0.375, 'learning_rate': 0.0003}",ppo,1000,64x64,0.0003,,,,,,
LunarLander-v3,filterbank+hag,1,1020,11.816666666666666,210.77702892000002,79.22996790256572,96.04491028325465,119.44691723333334,3577,"{'decomposition': 'ema', 'n_filters': 12, 'slowest': 0.022150628564983305, 'input_scaling': 0.3786189199484331, 'bias_dist': 'foldnorm', 'bias_scaling': 0.029687121836807887, 'lr': 0.7474064946212267, 'weight_increment': 0.0011133132425291139, 'min_window': 19, 'max_window': 43, 'use_full_instance': True, 'max_partners': 20, 'homeostasis': 'mean', 'target': 0.75, 'spread': 0.375, 'learning_rate': 0.001}",ppo,1000,64x64,0.001,,,,,,
LunarLander-v3,filterbank+hag,4,1020,11.601960784313725,210.05288046,89.686609546244,87.91194883741119,194.1758110526316,3518,"{'decomposition': 'ema', 'n_filters': 12, 'slowest': 0.022150628564983305, 'input_scaling': 0.3786189199484331, 'bias_dist': 'foldnorm', 'bias_scaling': 0.029687121836807887, 'lr': 0.7474064946212267, 'weight_increment': 0.0011133132425291139, 'min_window': 19, 'max_window': 43, 'use_full_instance': True, 'max_partners': 20, 'homeostasis': 'mean', 'target': 0.75, 'spread': 0.375, 'learning_rate': 0.001}",ppo,1000,64x64,0.001,,,,,,
LunarLander-v3,filterbank+hag,0,1020,12.594117647058823,-197.40870648,50.791842907240664,85.54927058298813,89.63233522099448,3632,"{'decomposition': 'ema', 'n_filters': 12, 'slowest': 0.022150628564983305, 'input_scaling': 0.3786189199484331, 'bias_dist': 'foldnorm', 'bias_scaling': 0.029687121836807887, 'lr': 0.7474064946212267, 'weight_increment': 0.0011133132425291139, 'min_window': 19, 'max_window': 43, 'use_full_instance': True, 'max_partners': 20, 'homeostasis': 'mean', 'target': 0.75, 'spread': 0.375, 'learning_rate': 0.001}",ppo,1000,64x64,0.001,,,,,,
LunarLander-v3,filterbank+hag,9,1020,12.77843137254902,215.99836078000004,100.49723220577026,170.61700124885368,175.95149944050104,3684,"{'decomposition': 'ema', 'n_filters': 12, 'slowest': 0.022150628564983305, 'input_scaling': 0.3786189199484331, 'bias_dist': 'foldnorm', 'bias_scaling': 0.029687121836807887, 'lr': 0.7474064946212267, 'weight_increment': 0.0011133132425291139, 'min_window': 19, 'max_window': 43, 'use_full_instance': True, 'max_partners': 20, 'homeostasis': 'mean', 'target': 0.75, 'spread': 0.375, 'learning_rate': 0.0003}",ppo,1000,64x64,0.0003,,,,,,
LunarLander-v3,filterbank+proj,0,1020,0.0,229.2715254,63.9033961530792,178.8347200278545,188.54627033179725,3338,"{'decomposition': 'ema', 'n_filters': 12, 'slowest': 0.022150628564983305, 'input_scaling': 0.3786189199484331, 'bias_dist': 'foldnorm', 'bias_scaling': 0.029687121836807887, 'lr': 0.7474064946212267, 'weight_increment': 0.0011133132425291139, 'min_window': 19, 'max_window': 43, 'use_full_instance': True, 'max_partners': 20, 'homeostasis': 'mean', 'target': 0.75, 'spread': 0.375, 'learning_rate': 0.0003}",ppo,1000,64x64,0.0003,,,,,,
LunarLander-v3,filterbank+hag,5,1020,11.977450980392156,-309.90485278,216.95435513964955,-111.67771774388319,-90.75399718379447,3525,"{'decomposition': 'ema', 'n_filters': 12, 'slowest': 0.022150628564983305, 'input_scaling': 0.3786189199484331, 'bias_dist': 'foldnorm', 'bias_scaling': 0.029687121836807887, 'lr': 0.7474064946212267, 'weight_increment': 0.0011133132425291139, 'min_window': 19, 'max_window': 43, 'use_full_instance': True, 'max_partners': 20, 'homeostasis': 'mean', 'target': 0.75, 'spread': 0.375, 'learning_rate': 0.003}",ppo,1000,64x64,0.003,,,,,,
LunarLander-v3,filterbank+proj,2,1020,0.0,140.99207556000002,108.32978255677037,182.46068477615475,175.37234399604742,3361,"{'decomposition': 'ema', 'n_filters': 12, 'slowest': 0.022150628564983305, 'input_scaling': 0.3786189199484331, 'bias_dist': 'foldnorm', 'bias_scaling': 0.029687121836807887, 'lr': 0.7474064946212267, 'weight_increment': 0.0011133132425291139, 'min_window': 19, 'max_window': 43, 'use_full_instance': True, 'max_partners': 20, 'homeostasis': 'mean', 'target': 0.75, 'spread': 0.375, 'learning_rate': 0.0003}",ppo,1000,64x64,0.0003,,,,,,
LunarLander-v3,filterbank+proj,3,1020,0.0,199.13027598,122.71259134320977,195.25184724065917,228.48501286601305,3352,"{'decomposition': 'ema', 'n_filters': 12, 'slowest': 0.022150628564983305, 'input_scaling': 0.3786189199484331, 'bias_dist': 'foldnorm', 'bias_scaling': 0.029687121836807887, 'lr': 0.7474064946212267, 'weight_increment': 0.0011133132425291139, 'min_window': 19, 'max_window': 43, 'use_full_instance': True, 'max_partners': 20, 'homeostasis': 'mean', 'target': 0.75, 'spread': 0.375, 'learning_rate': 0.0003}",ppo,1000,64x64,0.0003,,,,,,
LunarLander-v3,filterbank+hag,8,1020,13.785294117647059,-168.43729836,111.0614745146108,-159.59716468777154,-142.0572702111801,3538,"{'decomposition': 'ema', 'n_filters': 12, 'slowest': 0.022150628564983305, 'input_scaling': 0.3786189199484331, 'bias_dist': 'foldnorm', 'bias_scaling': 0.029687121836807887, 'lr': 0.7474064946212267, 'weight_increment': 0.0011133132425291139, 'min_window': 19, 'max_window': 43, 'use_full_instance': True, 'max_partners': 20, 'homeostasis': 'mean', 'target': 0.75, 'spread': 0.375, 'learning_rate': 0.003}",ppo,1000,64x64,0.003,,,,,,
LunarLander-v3,filterbank+hag,3,1020,11.674509803921568,-87.35691757999999,95.80442583007498,48.86516742975206,114.39823309872611,3684,"{'decomposition': 'ema', 'n_filters': 12, 'slowest': 0.022150628564983305, 'input_scaling': 0.3786189199484331, 'bias_dist': 'foldnorm', 'bias_scaling': 0.029687121836807887, 'lr': 0.7474064946212267, 'weight_increment': 0.0011133132425291139, 'min_window': 19, 'max_window': 43, 'use_full_instance': True, 'max_partners': 20, 'homeostasis': 'mean', 'target': 0.75, 'spread': 0.375, 'learning_rate': 0.001}",ppo,1000,64x64,0.001,,,,,,
LunarLander-v3,filterbank+hag,0,1020,12.594117647058823,-413.3305359600001,235.82662623366687,-137.2611689225053,-215.76502956117022,3687,"{'decomposition': 'ema', 'n_filters': 12, 'slowest': 0.022150628564983305, 'input_scaling': 0.3786189199484331, 'bias_dist': 'foldnorm', 'bias_scaling': 0.029687121836807887, 'lr': 0.7474064946212267, 'weight_increment': 0.0011133132425291139, 'min_window': 19, 'max_window': 43, 'use_full_instance': True, 'max_partners': 20, 'homeostasis': 'mean', 'target': 0.75, 'spread': 0.375, 'learning_rate': 0.003}",ppo,1000,64x64,0.003,,,,,,
LunarLander-v3,filterbank+hag,6,1020,12.526470588235295,111.5885805,79.27620907200203,72.3479925607751,102.03257444411764,3727,"{'decomposition': 'ema', 'n_filters': 12, 'slowest': 0.022150628564983305, 'input_scaling': 0.3786189199484331, 'bias_dist': 'foldnorm', 'bias_scaling': 0.029687121836807887, 'lr': 0.7474064946212267, 'weight_increment': 0.0011133132425291139, 'min_window': 19, 'max_window': 43, 'use_full_instance': True, 'max_partners': 20, 'homeostasis': 'mean', 'target': 0.75, 'spread': 0.375, 'learning_rate': 0.001}",ppo,1000,64x64,0.001,,,,,,
LunarLander-v3,filterbank+hag,8,1020,13.785294117647059,52.34633143999999,155.29682815396814,71.53800011948331,122.83331828571428,3727,"{'decomposition': 'ema', 'n_filters': 12, 'slowest': 0.022150628564983305, 'input_scaling': 0.3786189199484331, 'bias_dist': 'foldnorm', 'bias_scaling': 0.029687121836807887, 'lr': 0.7474064946212267, 'weight_increment': 0.0011133132425291139, 'min_window': 19, 'max_window': 43, 'use_full_instance': True, 'max_partners': 20, 'homeostasis': 'mean', 'target': 0.75, 'spread': 0.375, 'learning_rate': 0.001}",ppo,1000,64x64,0.001,,,,,,
LunarLander-v3,filterbank+hag,2,1020,12.096078431372549,-4483.24431542,4310.619175471679,53.99091618181817,33.69725189329269,3800,"{'decomposition': 'ema', 'n_filters': 12, 'slowest': 0.022150628564983305, 'input_scaling': 0.3786189199484331, 'bias_dist': 'foldnorm', 'bias_scaling': 0.029687121836807887, 'lr': 0.7474064946212267, 'weight_increment': 0.0011133132425291139, 'min_window': 19, 'max_window': 43, 'use_full_instance': True, 'max_partners': 20, 'homeostasis': 'mean', 'target': 0.75, 'spread': 0.375, 'learning_rate': 0.001}",ppo,1000,64x64,0.001,,,,,,
LunarLander-v3,filterbank+hag,7,1020,12.89607843137255,-123.66529415999999,78.09328858718897,44.9844039033802,-2.0657826586826356,3750,"{'decomposition': 'ema', 'n_filters': 12, 'slowest': 0.022150628564983305, 'input_scaling': 0.3786189199484331, 'bias_dist': 'foldnorm', 'bias_scaling': 0.029687121836807887, 'lr': 0.7474064946212267, 'weight_increment': 0.0011133132425291139, 'min_window': 19, 'max_window': 43, 'use_full_instance': True, 'max_partners': 20, 'homeostasis': 'mean', 'target': 0.75, 'spread': 0.375, 'learning_rate': 0.001}",ppo,1000,64x64,0.001,,,,,,
LunarLander-v3,filterbank+hag,9,1020,12.77843137254902,-11.446092579999997,119.1315735946996,61.44230290916881,63.13384644285714,3743,"{'decomposition': 'ema', 'n_filters': 12, 'slowest': 0.022150628564983305, 'input_scaling': 0.3786189199484331, 'bias_dist': 'foldnorm', 'bias_scaling': 0.029687121836807887, 'lr': 0.7474064946212267, 'weight_increment': 0.0011133132425291139, 'min_window': 19, 'max_window': 43, 'use_full_instance': True, 'max_partners': 20, 'homeostasis': 'mean', 'target': 0.75, 'spread': 0.375, 'learning_rate': 0.001}",ppo,1000,64x64,0.001,,,,,,
LunarLander-v3,filterbank+hag,1,1020,11.816666666666666,-549.00282158,110.72028529843513,-128.56250827522337,-69.24563280567685,3725,"{'decomposition': 'ema', 'n_filters': 12, 'slowest': 0.022150628564983305, 'input_scaling': 0.3786189199484331, 'bias_dist': 'foldnorm', 'bias_scaling': 0.029687121836807887, 'lr': 0.7474064946212267, 'weight_increment': 0.0011133132425291139, 'min_window': 19, 'max_window': 43, 'use_full_instance': True, 'max_partners': 20, 'homeostasis': 'mean', 'target': 0.75, 'spread': 0.375, 'learning_rate': 0.003}",ppo,1000,64x64,0.003,,,,,,
LunarLander-v3,filterbank+proj,1,1020,0.0,191.22058578,103.56338298123386,198.42682393844953,241.8648180019493,3522,"{'decomposition': 'ema', 'n_filters': 12, 'slowest': 0.022150628564983305, 'input_scaling': 0.3786189199484331, 'bias_dist': 'foldnorm', 'bias_scaling': 0.029687121836807887, 'lr': 0.7474064946212267, 'weight_increment': 0.0011133132425291139, 'min_window': 19, 'max_window': 43, 'use_full_instance': True, 'max_partners': 20, 'homeostasis': 'mean', 'target': 0.75, 'spread': 0.375, 'learning_rate': 0.0003}",ppo,1000,64x64,0.0003,,,,,,
LunarLander-v3,filterbank+hag,4,1020,11.601960784313725,-572.67335168,109.82441248856989,-187.35755886211666,-163.27789000230948,3710,"{'decomposition': 'ema', 'n_filters': 12, 'slowest': 0.022150628564983305, 'input_scaling': 0.3786189199484331, 'bias_dist': 'foldnorm', 'bias_scaling': 0.029687121836807887, 'lr': 0.7474064946212267, 'weight_increment': 0.0011133132425291139, 'min_window': 19, 'max_window': 43, 'use_full_instance': True, 'max_partners': 20, 'homeostasis': 'mean', 'target': 0.75, 'spread': 0.375, 'learning_rate': 0.003}",ppo,1000,64x64,0.003,,,,,,
LunarLander-v3,filterbank+hag,5,1020,11.977450980392156,212.21228356,89.02138672845065,128.4663068587184,162.41052272761905,3809,"{'decomposition': 'ema', 'n_filters': 12, 'slowest': 0.022150628564983305, 'input_scaling': 0.3786189199484331, 'bias_dist': 'foldnorm', 'bias_scaling': 0.029687121836807887, 'lr': 0.7474064946212267, 'weight_increment': 0.0011133132425291139, 'min_window': 19, 'max_window': 43, 'use_full_instance': True, 'max_partners': 20, 'homeostasis': 'mean', 'target': 0.75, 'spread': 0.375, 'learning_rate': 0.001}",ppo,1000,64x64,0.001,,,,,,
LunarLander-v3,filterbank+hag,7,1020,12.89607843137255,-14.90312836,47.26255969693944,-134.5013637823162,-84.91326889903846,3701,"{'decomposition': 'ema', 'n_filters': 12, 'slowest': 0.022150628564983305, 'input_scaling': 0.3786189199484331, 'bias_dist': 'foldnorm', 'bias_scaling': 0.029687121836807887, 'lr': 0.7474064946212267, 'weight_increment': 0.0011133132425291139, 'min_window': 19, 'max_window': 43, 'use_full_instance': True, 'max_partners': 20, 'homeostasis': 'mean', 'target': 0.75, 'spread': 0.375, 'learning_rate': 0.003}",ppo,1000,64x64,0.003,,,,,,
LunarLander-v3,filterbank+proj,8,1020,0.0,228.7157999,88.95351048689108,183.81261096496752,228.07689050420166,3441,"{'decomposition': 'ema', 'n_filters': 12, 'slowest': 0.022150628564983305, 'input_scaling': 0.3786189199484331, 'bias_dist': 'foldnorm', 'bias_scaling': 0.029687121836807887, 'lr': 0.7474064946212267, 'weight_increment': 0.0011133132425291139, 'min_window': 19, 'max_window': 43, 'use_full_instance': True, 'max_partners': 20, 'homeostasis': 'mean', 'target': 0.75, 'spread': 0.375, 'learning_rate': 0.0003}",ppo,1000,64x64,0.0003,,,,,,
LunarLander-v3,filterbank+hag,3,1020,11.674509803921568,-577.66525582,72.74542610952135,-255.0537699771776,-166.72639530398325,3762,"{'decomposition': 'ema', 'n_filters': 12, 'slowest': 0.022150628564983305, 'input_scaling': 0.3786189199484331, 'bias_dist': 'foldnorm', 'bias_scaling': 0.029687121836807887, 'lr': 0.7474064946212267, 'weight_increment': 0.0011133132425291139, 'min_window': 19, 'max_window': 43, 'use_full_instance': True, 'max_partners': 20, 'homeostasis': 'mean', 'target': 0.75, 'spread': 0.375, 'learning_rate': 0.003}",ppo,1000,64x64,0.003,,,,,,
LunarLander-v3,filterbank+proj,7,1020,0.0,110.29679352000001,144.20135439552382,126.73206196651844,71.6270032539267,3458,"{'decomposition': 'ema', 'n_filters': 12, 'slowest': 0.022150628564983305, 'input_scaling': 0.3786189199484331, 'bias_dist': 'foldnorm', 'bias_scaling': 0.029687121836807887, 'lr': 0.7474064946212267, 'weight_increment': 0.0011133132425291139, 'min_window': 19, 'max_window': 43, 'use_full_instance': True, 'max_partners': 20, 'homeostasis': 'mean', 'target': 0.75, 'spread': 0.375, 'learning_rate': 0.0003}",ppo,1000,64x64,0.0003,,,,,,
LunarLander-v3,filterbank+hag,2,1020,12.096078431372549,-544.8245120400001,189.27772346275648,-161.22366801129292,-73.24816014318706,3858,"{'decomposition': 'ema', 'n_filters': 12, 'slowest': 0.022150628564983305, 'input_scaling': 0.3786189199484331, 'bias_dist': 'foldnorm', 'bias_scaling': 0.029687121836807887, 'lr': 0.7474064946212267, 'weight_increment': 0.0011133132425291139, 'min_window': 19, 'max_window': 43, 'use_full_instance': True, 'max_partners': 20, 'homeostasis': 'mean', 'target': 0.75, 'spread': 0.375, 'learning_rate': 0.003}",ppo,1000,64x64,0.003,,,,,,
LunarLander-v3,filterbank+hag,9,1020,12.77843137254902,-658.9471920999999,257.88691257759325,-185.12102860769676,-486.46084095689656,3798,"{'decomposition': 'ema', 'n_filters': 12, 'slowest': 0.022150628564983305, 'input_scaling': 0.3786189199484331, 'bias_dist': 'foldnorm', 'bias_scaling': 0.029687121836807887, 'lr': 0.7474064946212267, 'weight_increment': 0.0011133132425291139, 'min_window': 19, 'max_window': 43, 'use_full_instance': True, 'max_partners': 20, 'homeostasis': 'mean', 'target': 0.75, 'spread': 0.375, 'learning_rate': 0.003}",ppo,1000,64x64,0.003,,,,,,
LunarLander-v3,filterbank+hag,6,1020,12.526470588235295,-1446.25811988,1917.63397260695,-99.57580959117647,-98.00340281617648,3842,"{'decomposition': 'ema', 'n_filters': 12, 'slowest': 0.022150628564983305, 'input_scaling': 0.3786189199484331, 'bias_dist': 'foldnorm', 'bias_scaling': 0.029687121836807887, 'lr': 0.7474064946212267, 'weight_increment': 0.0011133132425291139, 'min_window': 19, 'max_window': 43, 'use_full_instance': True, 'max_partners': 20, 'homeostasis': 'mean', 'target': 0.75, 'spread': 0.375, 'learning_rate': 0.003}",ppo,1000,64x64,0.003,,,,,,
LunarLander-v3,filterbank+proj,9,1020,0.0,-95.23879806000001,130.29111637347947,186.9284714520572,147.62598066666666,3579,"{'decomposition': 'ema', 'n_filters': 12, 'slowest': 0.022150628564983305, 'input_scaling': 0.3786189199484331, 'bias_dist': 'foldnorm', 'bias_scaling': 0.029687121836807887, 'lr': 0.7474064946212267, 'weight_increment': 0.0011133132425291139, 'min_window': 19, 'max_window': 43, 'use_full_instance': True, 'max_partners': 20, 'homeostasis': 'mean', 'target': 0.75, 'spread': 0.375, 'learning_rate': 0.0003}",ppo,1000,64x64,0.0003,,,,,,
LunarLander-v3,filterbank+proj,6,1020,0.0,229.8180118,81.70174187884697,196.32186221921722,227.8927981932773,3638,"{'decomposition': 'ema', 'n_filters': 12, 'slowest': 0.022150628564983305, 'input_scaling': 0.3786189199484331, 'bias_dist': 'foldnorm', 'bias_scaling': 0.029687121836807887, 'lr': 0.7474064946212267, 'weight_increment': 0.0011133132425291139, 'min_window': 19, 'max_window': 43, 'use_full_instance': True, 'max_partners': 20, 'homeostasis': 'mean', 'target': 0.75, 'spread': 0.375, 'learning_rate': 0.0003}",ppo,1000,64x64,0.0003,,,,,,
LunarLander-v3,filterbank+hag,0,1020,12.594117647058823,-765.5183195,341.61835033512057,-812.0400490840751,-846.0535491269555,3860,"{'decomposition': 'ema', 'n_filters': 12, 'slowest': 0.022150628564983305, 'input_scaling': 0.3786189199484331, 'bias_dist': 'foldnorm', 'bias_scaling': 0.029687121836807887, 'lr': 0.7474064946212267, 'weight_increment': 0.0011133132425291139, 'min_window': 19, 'max_window': 43, 'use_full_instance': True, 'max_partners': 20, 'homeostasis': 'mean', 'target': 0.75, 'spread': 0.375, 'learning_rate': 0.01}",ppo,1000,64x64,0.01,,,,,,
LunarLander-v3,filterbank+hag,2,1020,12.096078431372549,-132.18103352,55.78995772993341,-134.300213289482,-133.0548613065591,3865,"{'decomposition': 'ema', 'n_filters': 12, 'slowest': 0.022150628564983305, 'input_scaling': 0.3786189199484331, 'bias_dist': 'foldnorm', 'bias_scaling': 0.029687121836807887, 'lr': 0.7474064946212267, 'weight_increment': 0.0011133132425291139, 'min_window': 19, 'max_window': 43, 'use_full_instance': True, 'max_partners': 20, 'homeostasis': 'mean', 'target': 0.75, 'spread': 0.375, 'learning_rate': 0.01}",ppo,1000,64x64,0.01,,,,,,
LunarLander-v3,filterbank+proj,2,1020,0.0,200.79606082,84.58020993675518,98.67802525859994,139.02789666024097,3526,"{'decomposition': 'ema', 'n_filters': 12, 'slowest': 0.022150628564983305, 'input_scaling': 0.3786189199484331, 'bias_dist': 'foldnorm', 'bias_scaling': 0.029687121836807887, 'lr': 0.7474064946212267, 'weight_increment': 0.0011133132425291139, 'min_window': 19, 'max_window': 43, 'use_full_instance': True, 'max_partners': 20, 'homeostasis': 'mean', 'target': 0.75, 'spread': 0.375, 'learning_rate': 0.001}",ppo,1000,64x64,0.001,,,,,,
LunarLander-v3,filterbank+hag,9,1020,12.77843137254902,-123.19656441999997,54.28370201564657,-136.49938157806307,-130.8886188259649,3780,"{'decomposition': 'ema', 'n_filters': 12, 'slowest': 0.022150628564983305, 'input_scaling': 0.3786189199484331, 'bias_dist': 'foldnorm', 'bias_scaling': 0.029687121836807887, 'lr': 0.7474064946212267, 'weight_increment': 0.0011133132425291139, 'min_window': 19, 'max_window': 43, 'use_full_instance': True, 'max_partners': 20, 'homeostasis': 'mean', 'target': 0.75, 'spread': 0.375, 'learning_rate': 0.01}",ppo,1000,64x64,0.01,,,,,,
LunarLander-v3,filterbank+proj,4,1020,0.0,152.35404933999996,138.9310771224565,200.78576290432994,235.5690194606164,3727,"{'decomposition': 'ema', 'n_filters': 12, 'slowest': 0.022150628564983305, 'input_scaling': 0.3786189199484331, 'bias_dist': 'foldnorm', 'bias_scaling': 0.029687121836807887, 'lr': 0.7474064946212267, 'weight_increment': 0.0011133132425291139, 'min_window': 19, 'max_window': 43, 'use_full_instance': True, 'max_partners': 20, 'homeostasis': 'mean', 'target': 0.75, 'spread': 0.375, 'learning_rate': 0.0003}",ppo,1000,64x64,0.0003,,,,,,
LunarLander-v3,filterbank+proj,0,1020,0.0,-133.67659684,64.84312312565572,42.28229294717515,66.52778078248588,3659,"{'decomposition': 'ema', 'n_filters': 12, 'slowest': 0.022150628564983305, 'input_scaling': 0.3786189199484331, 'bias_dist': 'foldnorm', 'bias_scaling': 0.029687121836807887, 'lr': 0.7474064946212267, 'weight_increment': 0.0011133132425291139, 'min_window': 19, 'max_window': 43, 'use_full_instance': True, 'max_partners': 20, 'homeostasis': 'mean', 'target': 0.75, 'spread': 0.375, 'learning_rate': 0.001}",ppo,1000,64x64,0.001,,,,,,
LunarLander-v3,filterbank+proj,5,1020,0.0,208.4960113,83.50196586786777,209.22266148055186,227.63817642096504,3728,"{'decomposition': 'ema', 'n_filters': 12, 'slowest': 0.022150628564983305, 'input_scaling': 0.3786189199484331, 'bias_dist': 'foldnorm', 'bias_scaling': 0.029687121836807887, 'lr': 0.7474064946212267, 'weight_increment': 0.0011133132425291139, 'min_window': 19, 'max_window': 43, 'use_full_instance': True, 'max_partners': 20, 'homeostasis': 'mean', 'target': 0.75, 'spread': 0.375, 'learning_rate': 0.0003}",ppo,1000,64x64,0.0003,,,,,,
LunarLander-v3,filterbank+hag,1,1020,11.816666666666666,-551.7638253800001,147.58040739147515,-506.5710873216188,-575.8663574903292,3916,"{'decomposition': 'ema', 'n_filters': 12, 'slowest': 0.022150628564983305, 'input_scaling': 0.3786189199484331, 'bias_dist': 'foldnorm', 'bias_scaling': 0.029687121836807887, 'lr': 0.7474064946212267, 'weight_increment': 0.0011133132425291139, 'min_window': 19, 'max_window': 43, 'use_full_instance': True, 'max_partners': 20, 'homeostasis': 'mean', 'target': 0.75, 'spread': 0.375, 'learning_rate': 0.01}",ppo,1000,64x64,0.01,,,,,,
LunarLander-v3,filterbank+hag,7,1020,12.89607843137255,-575.52145868,150.1060546934735,-566.9676685380334,-579.4214593725823,3850,"{'decomposition': 'ema', 'n_filters': 12, 'slowest': 0.022150628564983305, 'input_scaling': 0.3786189199484331, 'bias_dist': 'foldnorm', 'bias_scaling': 0.029687121836807887, 'lr': 0.7474064946212267, 'weight_increment': 0.0011133132425291139, 'min_window': 19, 'max_window': 43, 'use_full_instance': True, 'max_partners': 20, 'homeostasis': 'mean', 'target': 0.75, 'spread': 0.375, 'learning_rate': 0.01}",ppo,1000,64x64,0.01,,,,,,
LunarLander-v3,filterbank+proj,5,1020,0.0,-68.75557686,40.993016535521534,135.0171744858163,86.05854783531746,3526,"{'decomposition': 'ema', 'n_filters': 12, 'slowest': 0.022150628564983305, 'input_scaling': 0.3786189199484331, 'bias_dist': 'foldnorm', 'bias_scaling': 0.029687121836807887, 'lr': 0.7474064946212267, 'weight_increment': 0.0011133132425291139, 'min_window': 19, 'max_window': 43, 'use_full_instance': True, 'max_partners': 20, 'homeostasis': 'mean', 'target': 0.75, 'spread': 0.375, 'learning_rate': 0.001}",ppo,1000,64x64,0.001,,,,,,
LunarLander-v3,filterbank+proj,3,1020,0.0,157.33858715999997,119.95764448374095,122.44790512956205,206.724411462141,3632,"{'decomposition': 'ema', 'n_filters': 12, 'slowest': 0.022150628564983305, 'input_scaling': 0.3786189199484331, 'bias_dist': 'foldnorm', 'bias_scaling': 0.029687121836807887, 'lr': 0.7474064946212267, 'weight_increment': 0.0011133132425291139, 'min_window': 19, 'max_window': 43, 'use_full_instance': True, 'max_partners': 20, 'homeostasis': 'mean', 'target': 0.75, 'spread': 0.375, 'learning_rate': 0.001}",ppo,1000,64x64,0.001,,,,,,
LunarLander-v3,filterbank+hag,3,1020,11.674509803921568,-548.80837012,137.5329502136411,-553.7595238542503,-581.4066031518039,3989,"{'decomposition': 'ema', 'n_filters': 12, 'slowest': 0.022150628564983305, 'input_scaling': 0.3786189199484331, 'bias_dist': 'foldnorm', 'bias_scaling': 0.029687121836807887, 'lr': 0.7474064946212267, 'weight_increment': 0.0011133132425291139, 'min_window': 19, 'max_window': 43, 'use_full_instance': True, 'max_partners': 20, 'homeostasis': 'mean', 'target': 0.75, 'spread': 0.375, 'learning_rate': 0.01}",ppo,1000,64x64,0.01,,,,,,
LunarLander-v3,filterbank+proj,4,1020,0.0,-103.29016023999999,130.14245470412024,108.61984333239218,55.36692318508997,3617,"{'decomposition': 'ema', 'n_filters': 12, 'slowest': 0.022150628564983305, 'input_scaling': 0.3786189199484331, 'bias_dist': 'foldnorm', 'bias_scaling': 0.029687121836807887, 'lr': 0.7474064946212267, 'weight_increment': 0.0011133132425291139, 'min_window': 19, 'max_window': 43, 'use_full_instance': True, 'max_partners': 20, 'homeostasis': 'mean', 'target': 0.75, 'spread': 0.375, 'learning_rate': 0.001}",ppo,1000,64x64,0.001,,,,,,
LunarLander-v3,filterbank+hag,8,1020,13.785294117647059,-126.35847503999999,57.33025397602555,-134.921333011196,-132.83133747042254,3931,"{'decomposition': 'ema', 'n_filters': 12, 'slowest': 0.022150628564983305, 'input_scaling': 0.3786189199484331, 'bias_dist': 'foldnorm', 'bias_scaling': 0.029687121836807887, 'lr': 0.7474064946212267, 'weight_increment': 0.0011133132425291139, 'min_window': 19, 'max_window': 43, 'use_full_instance': True, 'max_partners': 20, 'homeostasis': 'mean', 'target': 0.75, 'spread': 0.375, 'learning_rate': 0.01}",ppo,1000,64x64,0.01,,,,,,
LunarLander-v3,filterbank+hag,4,1020,11.601960784313725,-122.3086974,53.716587910812486,-134.839636481903,-132.23591380876636,3984,"{'decomposition': 'ema', 'n_filters': 12, 'slowest': 0.022150628564983305, 'input_scaling': 0.3786189199484331, 'bias_dist': 'foldnorm', 'bias_scaling': 0.029687121836807887, 'lr': 0.7474064946212267, 'weight_increment': 0.0011133132425291139, 'min_window': 19, 'max_window': 43, 'use_full_instance': True, 'max_partners': 20, 'homeostasis': 'mean', 'target': 0.75, 'spread': 0.375, 'learning_rate': 0.01}",ppo,1000,64x64,0.01,,,,,,
LunarLander-v3,filterbank+hag,5,1020,11.977450980392156,-126.93929941999997,51.89552868775965,-132.9214699596246,-131.72491656007006,4028,"{'decomposition': 'ema', 'n_filters': 12, 'slowest': 0.022150628564983305, 'input_scaling': 0.3786189199484331, 'bias_dist': 'foldnorm', 'bias_scaling': 0.029687121836807887, 'lr': 0.7474064946212267, 'weight_increment': 0.0011133132425291139, 'min_window': 19, 'max_window': 43, 'use_full_instance': True, 'max_partners': 20, 'homeostasis': 'mean', 'target': 0.75, 'spread': 0.375, 'learning_rate': 0.01}",ppo,1000,64x64,0.01,,,,,,
LunarLander-v3,filterbank+proj,1,1020,0.0,2.3254527200000017,124.17408074166666,137.8406134874372,187.26547270938215,3837,"{'decomposition': 'ema', 'n_filters': 12, 'slowest': 0.022150628564983305, 'input_scaling': 0.3786189199484331, 'bias_dist': 'foldnorm', 'bias_scaling': 0.029687121836807887, 'lr': 0.7474064946212267, 'weight_increment': 0.0011133132425291139, 'min_window': 19, 'max_window': 43, 'use_full_instance': True, 'max_partners': 20, 'homeostasis': 'mean', 'target': 0.75, 'spread': 0.375, 'learning_rate': 0.001}",ppo,1000,64x64,0.001,,,,,,
LunarLander-v3,filterbank+hag,6,1020,12.526470588235295,-126.41344102,54.352848178463304,-139.34504035635743,-131.29743850177937,4140,"{'decomposition': 'ema', 'n_filters': 12, 'slowest': 0.022150628564983305, 'input_scaling': 0.3786189199484331, 'bias_dist': 'foldnorm', 'bias_scaling': 0.029687121836807887, 'lr': 0.7474064946212267, 'weight_increment': 0.0011133132425291139, 'min_window': 19, 'max_window': 43, 'use_full_instance': True, 'max_partners': 20, 'homeostasis': 'mean', 'target': 0.75, 'spread': 0.375, 'learning_rate': 0.01}",ppo,1000,64x64,0.01,,,,,,
LunarLander-v3,filterbank+proj,7,1020,0.0,-144.67328488,105.56282216192821,115.75782089274212,64.27647879404466,3535,"{'decomposition': 'ema', 'n_filters': 12, 'slowest': 0.022150628564983305, 'input_scaling': 0.3786189199484331, 'bias_dist': 'foldnorm', 'bias_scaling': 0.029687121836807887, 'lr': 0.7474064946212267, 'weight_increment': 0.0011133132425291139, 'min_window': 19, 'max_window': 43, 'use_full_instance': True, 'max_partners': 20, 'homeostasis': 'mean', 'target': 0.75, 'spread': 0.375, 'learning_rate': 0.001}",ppo,1000,64x64,0.001,,,,,,
LunarLander-v3,filterbank+proj,8,1020,0.0,-149.90903428000001,87.49153767617815,97.88436714029636,60.95534913636364,3504,"{'decomposition': 'ema', 'n_filters': 12, 'slowest': 0.022150628564983305, 'input_scaling': 0.3786189199484331, 'bias_dist': 'foldnorm', 'bias_scaling': 0.029687121836807887, 'lr': 0.7474064946212267, 'weight_increment': 0.0011133132425291139, 'min_window': 19, 'max_window': 43, 'use_full_instance': True, 'max_partners': 20, 'homeostasis': 'mean', 'target': 0.75, 'spread': 0.375, 'learning_rate': 0.001}",ppo,1000,64x64,0.001,,,,,,
LunarLander-v3,filterbank+proj,6,1020,0.0,-14.861091159999999,146.08545222128797,96.95858320958938,91.88647673634203,3591,"{'decomposition': 'ema', 'n_filters': 12, 'slowest': 0.022150628564983305, 'input_scaling': 0.3786189199484331, 'bias_dist': 'foldnorm', 'bias_scaling': 0.029687121836807887, 'lr': 0.7474064946212267, 'weight_increment': 0.0011133132425291139, 'min_window': 19, 'max_window': 43, 'use_full_instance': True, 'max_partners': 20, 'homeostasis': 'mean', 'target': 0.75, 'spread': 0.375, 'learning_rate': 0.001}",ppo,1000,64x64,0.001,,,,,,
LunarLander-v3,filterbank+proj,2,1020,0.0,-729.25135246,345.99642785163195,-128.8060633312649,-36.86087040811456,3437,"{'decomposition': 'ema', 'n_filters': 12, 'slowest': 0.022150628564983305, 'input_scaling': 0.3786189199484331, 'bias_dist': 'foldnorm', 'bias_scaling': 0.029687121836807887, 'lr': 0.7474064946212267, 'weight_increment': 0.0011133132425291139, 'min_window': 19, 'max_window': 43, 'use_full_instance': True, 'max_partners': 20, 'homeostasis': 'mean', 'target': 0.75, 'spread': 0.375, 'learning_rate': 0.003}",ppo,1000,64x64,0.003,,,,,,
LunarLander-v3,filterbank+proj,9,1020,0.0,107.65714771999997,153.42165021317945,104.89874531215798,157.98735804285715,3532,"{'decomposition': 'ema', 'n_filters': 12, 'slowest': 0.022150628564983305, 'input_scaling': 0.3786189199484331, 'bias_dist': 'foldnorm', 'bias_scaling': 0.029687121836807887, 'lr': 0.7474064946212267, 'weight_increment': 0.0011133132425291139, 'min_window': 19, 'max_window': 43, 'use_full_instance': True, 'max_partners': 20, 'homeostasis': 'mean', 'target': 0.75, 'spread': 0.375, 'learning_rate': 0.001}",ppo,1000,64x64,0.001,,,,,,
LunarLander-v3,filterbank+proj,3,1020,0.0,-674.01698722,61.94008729520711,-145.87099857003366,-230.68587697643096,3454,"{'decomposition': 'ema', 'n_filters': 12, 'slowest': 0.022150628564983305, 'input_scaling': 0.3786189199484331, 'bias_dist': 'foldnorm', 'bias_scaling': 0.029687121836807887, 'lr': 0.7474064946212267, 'weight_increment': 0.0011133132425291139, 'min_window': 19, 'max_window': 43, 'use_full_instance': True, 'max_partners': 20, 'homeostasis': 'mean', 'target': 0.75, 'spread': 0.375, 'learning_rate': 0.003}",ppo,1000,64x64,0.003,,,,,,
LunarLander-v3,filterbank+esn,0,1020,13.583333333333334,263.83534865999997,39.005152759354914,228.92096730232248,258.5067397102804,3314,"{'decomposition': 'ema', 'n_filters': 12, 'slowest': 0.007278775282470501, 'input_scaling': 0.4150388723567341, 'bias_dist': 'foldnorm', 'bias_scaling': 0.04616118346075944, 'lr': 0.9174645206815777, 'sr': 0.7122598989576099, 'rc_connectivity': 0.013316681518519325, 'learning_rate': 0.0003}",ppo,1000,64,0.0003,,,,,,
LunarLander-v3,filterbank+proj,0,1020,0.0,-53.74312812000001,115.98407950562236,-124.66436357800512,-82.47763201395348,3604,"{'decomposition': 'ema', 'n_filters': 12, 'slowest': 0.022150628564983305, 'input_scaling': 0.3786189199484331, 'bias_dist': 'foldnorm', 'bias_scaling': 0.029687121836807887, 'lr': 0.7474064946212267, 'weight_increment': 0.0011133132425291139, 'min_window': 19, 'max_window': 43, 'use_full_instance': True, 'max_partners': 20, 'homeostasis': 'mean', 'target': 0.75, 'spread': 0.375, 'learning_rate': 0.003}",ppo,1000,64x64,0.003,,,,,,
LunarLander-v3,filterbank+proj,7,1020,0.0,-205.1445074,118.61024710557732,-133.36129288262654,-293.357728230137,3476,"{'decomposition': 'ema', 'n_filters': 12, 'slowest': 0.022150628564983305, 'input_scaling': 0.3786189199484331, 'bias_dist': 'foldnorm', 'bias_scaling': 0.029687121836807887, 'lr': 0.7474064946212267, 'weight_increment': 0.0011133132425291139, 'min_window': 19, 'max_window': 43, 'use_full_instance': True, 'max_partners': 20, 'homeostasis': 'mean', 'target': 0.75, 'spread': 0.375, 'learning_rate': 0.003}",ppo,1000,64x64,0.003,,,,,,
LunarLander-v3,filterbank+proj,5,1020,0.0,-602.61209274,243.77100795447237,-213.96424805329343,-368.31595503892214,3566,"{'decomposition': 'ema', 'n_filters': 12, 'slowest': 0.022150628564983305, 'input_scaling': 0.3786189199484331, 'bias_dist': 'foldnorm', 'bias_scaling': 0.029687121836807887, 'lr': 0.7474064946212267, 'weight_increment': 0.0011133132425291139, 'min_window': 19, 'max_window': 43, 'use_full_instance': True, 'max_partners': 20, 'homeostasis': 'mean', 'target': 0.75, 'spread': 0.375, 'learning_rate': 0.003}",ppo,1000,64x64,0.003,,,,,,
LunarLander-v3,filterbank+proj,6,1020,0.0,-165.30658037999999,73.3115483279497,-99.98055649504109,-128.82347059375,3553,"{'decomposition': 'ema', 'n_filters': 12, 'slowest': 0.022150628564983305, 'input_scaling': 0.3786189199484331, 'bias_dist': 'foldnorm', 'bias_scaling': 0.029687121836807887, 'lr': 0.7474064946212267, 'weight_increment': 0.0011133132425291139, 'min_window': 19, 'max_window': 43, 'use_full_instance': True, 'max_partners': 20, 'homeostasis': 'mean', 'target': 0.75, 'spread': 0.375, 'learning_rate': 0.003}",ppo,1000,64x64,0.003,,,,,,
LunarLander-v3,filterbank+proj,9,1020,0.0,-619.5809675799999,114.54317761872447,-213.31130423225974,-586.6174179580053,3559,"{'decomposition': 'ema', 'n_filters': 12, 'slowest': 0.022150628564983305, 'input_scaling': 0.3786189199484331, 'bias_dist': 'foldnorm', 'bias_scaling': 0.029687121836807887, 'lr': 0.7474064946212267, 'weight_increment': 0.0011133132425291139, 'min_window': 19, 'max_window': 43, 'use_full_instance': True, 'max_partners': 20, 'homeostasis': 'mean', 'target': 0.75, 'spread': 0.375, 'learning_rate': 0.003}",ppo,1000,64x64,0.003,,,,,,
LunarLander-v3,filterbank+esn,4,1020,13.583333333333334,270.68104725999996,42.84157229061305,236.6452052154904,260.02727705584414,3339,"{'decomposition': 'ema', 'n_filters': 12, 'slowest': 0.007278775282470501, 'input_scaling': 0.4150388723567341, 'bias_dist': 'foldnorm', 'bias_scaling': 0.04616118346075944, 'lr': 0.9174645206815777, 'sr': 0.7122598989576099, 'rc_connectivity': 0.013316681518519325, 'learning_rate': 0.0003}",ppo,1000,64,0.0003,,,,,,
LunarLander-v3,filterbank+proj,8,1020,0.0,-224.9742332,29.766593881564187,-117.88061970250696,-84.7876240362117,3598,"{'decomposition': 'ema', 'n_filters': 12, 'slowest': 0.022150628564983305, 'input_scaling': 0.3786189199484331, 'bias_dist': 'foldnorm', 'bias_scaling': 0.029687121836807887, 'lr': 0.7474064946212267, 'weight_increment': 0.0011133132425291139, 'min_window': 19, 'max_window': 43, 'use_full_instance': True, 'max_partners': 20, 'homeostasis': 'mean', 'target': 0.75, 'spread': 0.375, 'learning_rate': 0.003}",ppo,1000,64x64,0.003,,,,,,
LunarLander-v3,filterbank+proj,1,1020,0.0,-454.18979097999994,143.0785659995809,-48.160305843491344,-59.849931223618086,3744,"{'decomposition': 'ema', 'n_filters': 12, 'slowest': 0.022150628564983305, 'input_scaling': 0.3786189199484331, 'bias_dist': 'foldnorm', 'bias_scaling': 0.029687121836807887, 'lr': 0.7474064946212267, 'weight_increment': 0.0011133132425291139, 'min_window': 19, 'max_window': 43, 'use_full_instance': True, 'max_partners': 20, 'homeostasis': 'mean', 'target': 0.75, 'spread': 0.375, 'learning_rate': 0.003}",ppo,1000,64x64,0.003,,,,,,
LunarLander-v3,filterbank+esn,3,1020,13.583333333333334,187.04717164,124.31078777231545,186.7252955527917,203.79790755734766,3264,"{'decomposition': 'ema', 'n_filters': 12, 'slowest': 0.007278775282470501, 'input_scaling': 0.4150388723567341, 'bias_dist': 'foldnorm', 'bias_scaling': 0.04616118346075944, 'lr': 0.9174645206815777, 'sr': 0.7122598989576099, 'rc_connectivity': 0.013316681518519325, 'learning_rate': 0.001}",ppo,1000,64,0.001,,,,,,
LunarLander-v3,filterbank+esn,3,1020,13.583333333333334,262.06170532,24.73419258839159,223.60027395040956,244.15745963689602,3403,"{'decomposition': 'ema', 'n_filters': 12, 'slowest': 0.007278775282470501, 'input_scaling': 0.4150388723567341, 'bias_dist': 'foldnorm', 'bias_scaling': 0.04616118346075944, 'lr': 0.9174645206815777, 'sr': 0.7122598989576099, 'rc_connectivity': 0.013316681518519325, 'learning_rate': 0.0003}",ppo,1000,64,0.0003,,,,,,
LunarLander-v3,filterbank+esn,7,1020,13.583333333333334,263.40923064,23.056687524888165,226.05882897103967,253.06331881159423,3327,"{'decomposition': 'ema', 'n_filters': 12, 'slowest': 0.007278775282470501, 'input_scaling': 0.4150388723567341, 'bias_dist': 'foldnorm', 'bias_scaling': 0.04616118346075944, 'lr': 0.9174645206815777, 'sr': 0.7122598989576099, 'rc_connectivity': 0.013316681518519325, 'learning_rate': 0.0003}",ppo,1000,64,0.0003,,,,,,
LunarLander-v3,filterbank+esn,6,1020,13.583333333333334,242.30741148,74.81181182599465,231.64975714682595,249.0501721043115,3344,"{'decomposition': 'ema', 'n_filters': 12, 'slowest': 0.007278775282470501, 'input_scaling': 0.4150388723567341, 'bias_dist': 'foldnorm', 'bias_scaling': 0.04616118346075944, 'lr': 0.9174645206815777, 'sr': 0.7122598989576099, 'rc_connectivity': 0.013316681518519325, 'learning_rate': 0.0003}",ppo,1000,64,0.0003,,,,,,
LunarLander-v3,filterbank+esn,1,1020,13.583333333333334,272.12381124,20.211621144412025,231.8871111677299,257.513830418883,3456,"{'decomposition': 'ema', 'n_filters': 12, 'slowest': 0.007278775282470501, 'input_scaling': 0.4150388723567341, 'bias_dist': 'foldnorm', 'bias_scaling': 0.04616118346075944, 'lr': 0.9174645206815777, 'sr': 0.7122598989576099, 'rc_connectivity': 0.013316681518519325, 'learning_rate': 0.0003}",ppo,1000,64,0.0003,,,,,,
LunarLander-v3,filterbank+esn,0,1020,13.583333333333334,210.53971722000003,68.66318448574094,171.34757106652765,218.17818509812105,3321,"{'decomposition': 'ema', 'n_filters': 12, 'slowest': 0.007278775282470501, 'input_scaling': 0.4150388723567341, 'bias_dist': 'foldnorm', 'bias_scaling': 0.04616118346075944, 'lr': 0.9174645206815777, 'sr': 0.7122598989576099, 'rc_connectivity': 0.013316681518519325, 'learning_rate': 0.001}",ppo,1000,64,0.001,,,,,,
LunarLander-v3,filterbank+esn,7,1020,13.583333333333334,117.70729308,138.11539266983948,195.88296479455107,194.93517391766724,3290,"{'decomposition': 'ema', 'n_filters': 12, 'slowest': 0.007278775282470501, 'input_scaling': 0.4150388723567341, 'bias_dist': 'foldnorm', 'bias_scaling': 0.04616118346075944, 'lr': 0.9174645206815777, 'sr': 0.7122598989576099, 'rc_connectivity': 0.013316681518519325, 'learning_rate': 0.001}",ppo,1000,64,0.001,,,,,,
LunarLander-v3,filterbank+proj,4,1020,0.0,-173.29415556,27.85208473313613,-198.96518226999504,-118.8876839527363,3790,"{'decomposition': 'ema', 'n_filters': 12, 'slowest': 0.022150628564983305, 'input_scaling': 0.3786189199484331, 'bias_dist': 'foldnorm', 'bias_scaling': 0.029687121836807887, 'lr': 0.7474064946212267, 'weight_increment': 0.0011133132425291139, 'min_window': 19, 'max_window': 43, 'use_full_instance': True, 'max_partners': 20, 'homeostasis': 'mean', 'target': 0.75, 'spread': 0.375, 'learning_rate': 0.003}",ppo,1000,64x64,0.003,,,,,,
LunarLander-v3,filterbank+esn,5,1020,13.583333333333334,266.8656917,24.979514807498717,220.4388291611936,255.17083680285714,3465,"{'decomposition': 'ema', 'n_filters': 12, 'slowest': 0.007278775282470501, 'input_scaling': 0.4150388723567341, 'bias_dist': 'foldnorm', 'bias_scaling': 0.04616118346075944, 'lr': 0.9174645206815777, 'sr': 0.7122598989576099, 'rc_connectivity': 0.013316681518519325, 'learning_rate': 0.0003}",ppo,1000,64,0.0003,,,,,,
LunarLander-v3,filterbank+esn,2,1020,13.583333333333334,247.57203184000002,89.0345398675258,218.08996450717996,263.7840735382263,3557,"{'decomposition': 'ema', 'n_filters': 12, 'slowest': 0.007278775282470501, 'input_scaling': 0.4150388723567341, 'bias_dist': 'foldnorm', 'bias_scaling': 0.04616118346075944, 'lr': 0.9174645206815777, 'sr': 0.7122598989576099, 'rc_connectivity': 0.013316681518519325, 'learning_rate': 0.0003}",ppo,1000,64,0.0003,,,,,,
LunarLander-v3,filterbank+esn,9,1020,13.583333333333334,233.87082758,82.40722885469862,231.9416901926075,256.90411662389937,3456,"{'decomposition': 'ema', 'n_filters': 12, 'slowest': 0.007278775282470501, 'input_scaling': 0.4150388723567341, 'bias_dist': 'foldnorm', 'bias_scaling': 0.04616118346075944, 'lr': 0.9174645206815777, 'sr': 0.7122598989576099, 'rc_connectivity': 0.013316681518519325, 'learning_rate': 0.0003}",ppo,1000,64,0.0003,,,,,,
LunarLander-v3,filterbank+proj,2,1020,0.0,-562.98674874,155.53699472177772,-231.4183287674622,-249.6865053241162,3733,"{'decomposition': 'ema', 'n_filters': 12, 'slowest': 0.022150628564983305, 'input_scaling': 0.3786189199484331, 'bias_dist': 'foldnorm', 'bias_scaling': 0.029687121836807887, 'lr': 0.7474064946212267, 'weight_increment': 0.0011133132425291139, 'min_window': 19, 'max_window': 43, 'use_full_instance': True, 'max_partners': 20, 'homeostasis': 'mean', 'target': 0.75, 'spread': 0.375, 'learning_rate': 0.01}",ppo,1000,64x64,0.01,,,,,,
LunarLander-v3,filterbank+proj,6,1020,0.0,-126.41344102,54.352848178463304,-133.70490138445052,-131.26161323822907,3689,"{'decomposition': 'ema', 'n_filters': 12, 'slowest': 0.022150628564983305, 'input_scaling': 0.3786189199484331, 'bias_dist': 'foldnorm', 'bias_scaling': 0.029687121836807887, 'lr': 0.7474064946212267, 'weight_increment': 0.0011133132425291139, 'min_window': 19, 'max_window': 43, 'use_full_instance': True, 'max_partners': 20, 'homeostasis': 'mean', 'target': 0.75, 'spread': 0.375, 'learning_rate': 0.01}",ppo,1000,64x64,0.01,,,,,,
LunarLander-v3,filterbank+proj,9,1020,0.0,-123.19656441999997,54.28370201564657,-132.16292887499998,-130.90486901647967,3675,"{'decomposition': 'ema', 'n_filters': 12, 'slowest': 0.022150628564983305, 'input_scaling': 0.3786189199484331, 'bias_dist': 'foldnorm', 'bias_scaling': 0.029687121836807887, 'lr': 0.7474064946212267, 'weight_increment': 0.0011133132425291139, 'min_window': 19, 'max_window': 43, 'use_full_instance': True, 'max_partners': 20, 'homeostasis': 'mean', 'target': 0.75, 'spread': 0.375, 'learning_rate': 0.01}",ppo,1000,64x64,0.01,,,,,,
LunarLander-v3,filterbank+proj,1,1020,0.0,-551.7638253800001,147.58040739147515,-513.96082787219,-576.0909639010205,3771,"{'decomposition': 'ema', 'n_filters': 12, 'slowest': 0.022150628564983305, 'input_scaling': 0.3786189199484331, 'bias_dist': 'foldnorm', 'bias_scaling': 0.029687121836807887, 'lr': 0.7474064946212267, 'weight_increment': 0.0011133132425291139, 'min_window': 19, 'max_window': 43, 'use_full_instance': True, 'max_partners': 20, 'homeostasis': 'mean', 'target': 0.75, 'spread': 0.375, 'learning_rate': 0.01}",ppo,1000,64x64,0.01,,,,,,
LunarLander-v3,filterbank+esn,8,1020,13.583333333333334,254.23229537999995,60.86056712400014,223.17114541798014,255.69376089343066,3506,"{'decomposition': 'ema', 'n_filters': 12, 'slowest': 0.007278775282470501, 'input_scaling': 0.4150388723567341, 'bias_dist': 'foldnorm', 'bias_scaling': 0.04616118346075944, 'lr': 0.9174645206815777, 'sr': 0.7122598989576099, 'rc_connectivity': 0.013316681518519325, 'learning_rate': 0.0003}",ppo,1000,64,0.0003,,,,,,
LunarLander-v3,filterbank+esn,1,1020,13.583333333333334,110.16857806,108.92697974561912,150.7646937048577,124.46650083046683,3480,"{'decomposition': 'ema', 'n_filters': 12, 'slowest': 0.007278775282470501, 'input_scaling': 0.4150388723567341, 'bias_dist': 'foldnorm', 'bias_scaling': 0.04616118346075944, 'lr': 0.9174645206815777, 'sr': 0.7122598989576099, 'rc_connectivity': 0.013316681518519325, 'learning_rate': 0.001}",ppo,1000,64,0.001,,,,,,
LunarLander-v3,filterbank+proj,4,1020,0.0,-545.7942228999999,135.94152476898492,-243.16138920084376,-251.48287716877635,3789,"{'decomposition': 'ema', 'n_filters': 12, 'slowest': 0.022150628564983305, 'input_scaling': 0.3786189199484331, 'bias_dist': 'foldnorm', 'bias_scaling': 0.029687121836807887, 'lr': 0.7474064946212267, 'weight_increment': 0.0011133132425291139, 'min_window': 19, 'max_window': 43, 'use_full_instance': True, 'max_partners': 20, 'homeostasis': 'mean', 'target': 0.75, 'spread': 0.375, 'learning_rate': 0.01}",ppo,1000,64x64,0.01,,,,,,
LunarLander-v3,filterbank+proj,3,1020,0.0,-562.6165803,163.77757007290845,-500.8116691518852,-580.6756433682224,3812,"{'decomposition': 'ema', 'n_filters': 12, 'slowest': 0.022150628564983305, 'input_scaling': 0.3786189199484331, 'bias_dist': 'foldnorm', 'bias_scaling': 0.029687121836807887, 'lr': 0.7474064946212267, 'weight_increment': 0.0011133132425291139, 'min_window': 19, 'max_window': 43, 'use_full_instance': True, 'max_partners': 20, 'homeostasis': 'mean', 'target': 0.75, 'spread': 0.375, 'learning_rate': 0.01}",ppo,1000,64x64,0.01,,,,,,
LunarLander-v3,filterbank+proj,5,1020,0.0,-126.93929941999997,51.89552868775965,-133.51618379874148,-131.7245930140647,3792,"{'decomposition': 'ema', 'n_filters': 12, 'slowest': 0.022150628564983305, 'input_scaling': 0.3786189199484331, 'bias_dist': 'foldnorm', 'bias_scaling': 0.029687121836807887, 'lr': 0.7474064946212267, 'weight_increment': 0.0011133132425291139, 'min_window': 19, 'max_window': 43, 'use_full_instance': True, 'max_partners': 20, 'homeostasis': 'mean', 'target': 0.75, 'spread': 0.375, 'learning_rate': 0.01}",ppo,1000,64x64,0.01,,,,,,
LunarLander-v3,filterbank+esn,5,1020,13.583333333333334,222.43319166,79.28194875482824,170.38301190541344,228.12527475992064,3471,"{'decomposition': 'ema', 'n_filters': 12, 'slowest': 0.007278775282470501, 'input_scaling': 0.4150388723567341, 'bias_dist': 'foldnorm', 'bias_scaling': 0.04616118346075944, 'lr': 0.9174645206815777, 'sr': 0.7122598989576099, 'rc_connectivity': 0.013316681518519325, 'learning_rate': 0.001}",ppo,1000,64,0.001,,,,,,
LunarLander-v3,filterbank+esn,0,1020,13.583333333333334,-110.69931222,66.79183254692659,-58.674738322535994,-94.10785552631579,3512,"{'decomposition': 'ema', 'n_filters': 12, 'slowest': 0.007278775282470501, 'input_scaling': 0.4150388723567341, 'bias_dist': 'foldnorm', 'bias_scaling': 0.04616118346075944, 'lr': 0.9174645206815777, 'sr': 0.7122598989576099, 'rc_connectivity': 0.013316681518519325, 'learning_rate': 0.003}",ppo,1000,64,0.003,,,,,,
LunarLander-v3,filterbank+esn,9,1020,13.583333333333334,204.44493374,107.06866438168437,193.7462094966019,217.37489582436712,3536,"{'decomposition': 'ema', 'n_filters': 12, 'slowest': 0.007278775282470501, 'input_scaling': 0.4150388723567341, 'bias_dist': 'foldnorm', 'bias_scaling': 0.04616118346075944, 'lr': 0.9174645206815777, 'sr': 0.7122598989576099, 'rc_connectivity': 0.013316681518519325, 'learning_rate': 0.001}",ppo,1000,64,0.001,,,,,,
LunarLander-v3,filterbank+esn,6,1020,13.583333333333334,261.6770555,42.7474740387986,198.95180989765564,246.2060803462783,3555,"{'decomposition': 'ema', 'n_filters': 12, 'slowest': 0.007278775282470501, 'input_scaling': 0.4150388723567341, 'bias_dist': 'foldnorm', 'bias_scaling': 0.04616118346075944, 'lr': 0.9174645206815777, 'sr': 0.7122598989576099, 'rc_connectivity': 0.013316681518519325, 'learning_rate': 0.001}",ppo,1000,64,0.001,,,,,,
LunarLander-v3,filterbank+esn,1,1020,13.583333333333334,-43.802691519999996,134.11555531000596,-64.21832181415931,-366.46655186557376,3525,"{'decomposition': 'ema', 'n_filters': 12, 'slowest': 0.007278775282470501, 'input_scaling': 0.4150388723567341, 'bias_dist': 'foldnorm', 'bias_scaling': 0.04616118346075944, 'lr': 0.9174645206815777, 'sr': 0.7122598989576099, 'rc_connectivity': 0.013316681518519325, 'learning_rate': 0.003}",ppo,1000,64,0.003,,,,,,
LunarLander-v3,filterbank+proj,0,1020,0.0,-548.5276415200001,150.4415223542823,-562.3354178093424,-582.3407242652511,3997,"{'decomposition': 'ema', 'n_filters': 12, 'slowest': 0.022150628564983305, 'input_scaling': 0.3786189199484331, 'bias_dist': 'foldnorm', 'bias_scaling': 0.029687121836807887, 'lr': 0.7474064946212267, 'weight_increment': 0.0011133132425291139, 'min_window': 19, 'max_window': 43, 'use_full_instance': True, 'max_partners': 20, 'homeostasis': 'mean', 'target': 0.75, 'spread': 0.375, 'learning_rate': 0.01}",ppo,1000,64x64,0.01,,,,,,
LunarLander-v3,filterbank+proj,8,1020,0.0,-126.35847503999999,57.33025397602555,-132.86764955086682,-132.7971854576152,3917,"{'decomposition': 'ema', 'n_filters': 12, 'slowest': 0.022150628564983305, 'input_scaling': 0.3786189199484331, 'bias_dist': 'foldnorm', 'bias_scaling': 0.029687121836807887, 'lr': 0.7474064946212267, 'weight_increment': 0.0011133132425291139, 'min_window': 19, 'max_window': 43, 'use_full_instance': True, 'max_partners': 20, 'homeostasis': 'mean', 'target': 0.75, 'spread': 0.375, 'learning_rate': 0.01}",ppo,1000,64x64,0.01,,,,,,
LunarLander-v3,filterbank+esn,4,1020,13.583333333333334,-54.953126919999995,43.0831498152923,156.94835201361633,-33.96930189579158,3676,"{'decomposition': 'ema', 'n_filters': 12, 'slowest': 0.007278775282470501, 'input_scaling': 0.4150388723567341, 'bias_dist': 'foldnorm', 'bias_scaling': 0.04616118346075944, 'lr': 0.9174645206815777, 'sr': 0.7122598989576099, 'rc_connectivity': 0.013316681518519325, 'learning_rate': 0.001}",ppo,1000,64,0.001,,,,,,
LunarLander-v3,filterbank+proj,7,1020,0.0,-126.94602436,54.729251625930324,-132.37983868556918,-130.94977427740807,4035,"{'decomposition': 'ema', 'n_filters': 12, 'slowest': 0.022150628564983305, 'input_scaling': 0.3786189199484331, 'bias_dist': 'foldnorm', 'bias_scaling': 0.029687121836807887, 'lr': 0.7474064946212267, 'weight_increment': 0.0011133132425291139, 'min_window': 19, 'max_window': 43, 'use_full_instance': True, 'max_partners': 20, 'homeostasis': 'mean', 'target': 0.75, 'spread': 0.375, 'learning_rate': 0.01}",ppo,1000,64x64,0.01,,,,,,
LunarLander-v3,filterbank+esn,3,1020,13.583333333333334,-33.85910228,23.804097052744233,-115.772923841459,-42.79463300362318,3521,"{'decomposition': 'ema', 'n_filters': 12, 'slowest': 0.007278775282470501, 'input_scaling': 0.4150388723567341, 'bias_dist': 'foldnorm', 'bias_scaling': 0.04616118346075944, 'lr': 0.9174645206815777, 'sr': 0.7122598989576099, 'rc_connectivity': 0.013316681518519325, 'learning_rate': 0.003}",ppo,1000,64,0.003,,,,,,
LunarLander-v3,filterbank+esn,8,1020,13.583333333333334,251.19312581999998,66.80363108833127,195.56445934184202,237.23868316407598,3736,"{'decomposition': 'ema', 'n_filters': 12, 'slowest': 0.007278775282470501, 'input_scaling': 0.4150388723567341, 'bias_dist': 'foldnorm', 'bias_scaling': 0.04616118346075944, 'lr': 0.9174645206815777, 'sr': 0.7122598989576099, 'rc_connectivity': 0.013316681518519325, 'learning_rate': 0.001}",ppo,1000,64,0.001,,,,,,
LunarLander-v3,filterbank+esn,2,1020,13.583333333333334,220.44037216,69.68977788223708,206.4369643570399,248.04073870993585,4050,"{'decomposition': 'ema', 'n_filters': 12, 'slowest': 0.007278775282470501, 'input_scaling': 0.4150388723567341, 'bias_dist': 'foldnorm', 'bias_scaling': 0.04616118346075944, 'lr': 0.9174645206815777, 'sr': 0.7122598989576099, 'rc_connectivity': 0.013316681518519325, 'learning_rate': 0.001}",ppo,1000,64,0.001,,,,,,
LunarLander-v3,filterbank+esn,2,1020,13.583333333333334,-634.98085212,206.07684507659292,8.352734597065709,-119.0736161425532,3958,"{'decomposition': 'ema', 'n_filters': 12, 'slowest': 0.007278775282470501, 'input_scaling': 0.4150388723567341, 'bias_dist': 'foldnorm', 'bias_scaling': 0.04616118346075944, 'lr': 0.9174645206815777, 'sr': 0.7122598989576099, 'rc_connectivity': 0.013316681518519325, 'learning_rate': 0.003}",ppo,1000,64,0.003,,,,,,
LunarLander-v3,filterbank+esn,7,1020,13.583333333333334,152.95131333999998,88.99572040486703,-39.0293753956044,126.71278014249998,3282,"{'decomposition': 'ema', 'n_filters': 12, 'slowest': 0.007278775282470501, 'input_scaling': 0.4150388723567341, 'bias_dist': 'foldnorm', 'bias_scaling': 0.04616118346075944, 'lr': 0.9174645206815777, 'sr': 0.7122598989576099, 'rc_connectivity': 0.013316681518519325, 'learning_rate': 0.003}",ppo,1000,64,0.003,,,,,,
LunarLander-v3,filterbank+esn,9,1020,13.583333333333334,27.850087799999997,133.29289028775366,50.47511792078553,80.47141264679912,3328,"{'decomposition': 'ema', 'n_filters': 12, 'slowest': 0.007278775282470501, 'input_scaling': 0.4150388723567341, 'bias_dist': 'foldnorm', 'bias_scaling': 0.04616118346075944, 'lr': 0.9174645206815777, 'sr': 0.7122598989576099, 'rc_connectivity': 0.013316681518519325, 'learning_rate': 0.003}",ppo,1000,64,0.003,,,,,,
LunarLander-v3,filterbank+esn,6,1020,13.583333333333334,-110.91979522000001,50.520615254376175,-119.57297993774046,-143.39981120350876,3386,"{'decomposition': 'ema', 'n_filters': 12, 'slowest': 0.007278775282470501, 'input_scaling': 0.4150388723567341, 'bias_dist': 'foldnorm', 'bias_scaling': 0.04616118346075944, 'lr': 0.9174645206815777, 'sr': 0.7122598989576099, 'rc_connectivity': 0.013316681518519325, 'learning_rate': 0.003}",ppo,1000,64,0.003,,,,,,
LunarLander-v3,filterbank+esn,4,1020,13.583333333333334,-631.3483012199999,96.01335385967192,-228.23788851428571,-577.5622005288221,3422,"{'decomposition': 'ema', 'n_filters': 12, 'slowest': 0.007278775282470501, 'input_scaling': 0.4150388723567341, 'bias_dist': 'foldnorm', 'bias_scaling': 0.04616118346075944, 'lr': 0.9174645206815777, 'sr': 0.7122598989576099, 'rc_connectivity': 0.013316681518519325, 'learning_rate': 0.003}",ppo,1000,64,0.003,,,,,,
LunarLander-v3,filterbank+esn,5,1020,13.583333333333334,-231.3626023,87.54770549287832,72.7589739890753,27.6838363203125,3580,"{'decomposition': 'ema', 'n_filters': 12, 'slowest': 0.007278775282470501, 'input_scaling': 0.4150388723567341, 'bias_dist': 'foldnorm', 'bias_scaling': 0.04616118346075944, 'lr': 0.9174645206815777, 'sr': 0.7122598989576099, 'rc_connectivity': 0.013316681518519325, 'learning_rate': 0.003}",ppo,1000,64,0.003,,,,,,
LunarLander-v3,filterbank+esn,0,1020,13.583333333333334,-133.38020256,44.68533763694481,-129.8981445858413,-130.7388897947162,3544,"{'decomposition': 'ema', 'n_filters': 12, 'slowest': 0.007278775282470501, 'input_scaling': 0.4150388723567341, 'bias_dist': 'foldnorm', 'bias_scaling': 0.04616118346075944, 'lr': 0.9174645206815777, 'sr': 0.7122598989576099, 'rc_connectivity': 0.013316681518519325, 'learning_rate': 0.01}",ppo,1000,64,0.01,,,,,,
LunarLander-v3,filterbank+hag,1,1020,11.816666666666666,207.56894636,82.70486454931473,221.0951173513203,241.7807917816092,3363,"{'decomposition': 'ema', 'n_filters': 12, 'slowest': 0.022150628564983305, 'input_scaling': 0.3786189199484331, 'bias_dist': 'foldnorm', 'bias_scaling': 0.029687121836807887, 'lr': 0.7474064946212267, 'weight_increment': 0.0011133132425291139, 'min_window': 19, 'max_window': 43, 'use_full_instance': True, 'max_partners': 20, 'homeostasis': 'mean', 'target': 0.75, 'spread': 0.375, 'learning_rate': 0.0003}",ppo,1000,64,0.0003,,,,,,
LunarLander-v3,filterbank+hag,2,1020,12.096078431372549,251.63091111999998,41.249566245380464,220.25089584455375,256.915704835443,3384,"{'decomposition': 'ema', 'n_filters': 12, 'slowest': 0.022150628564983305, 'input_scaling': 0.3786189199484331, 'bias_dist': 'foldnorm', 'bias_scaling': 0.029687121836807887, 'lr': 0.7474064946212267, 'weight_increment': 0.0011133132425291139, 'min_window': 19, 'max_window': 43, 'use_full_instance': True, 'max_partners': 20, 'homeostasis': 'mean', 'target': 0.75, 'spread': 0.375, 'learning_rate': 0.0003}",ppo,1000,64,0.0003,,,,,,
LunarLander-v3,filterbank+hag,4,1020,11.601960784313725,202.75472670000002,99.18725002284594,213.79424642215253,234.55022658744397,3389,"{'decomposition': 'ema', 'n_filters': 12, 'slowest': 0.022150628564983305, 'input_scaling': 0.3786189199484331, 'bias_dist': 'foldnorm', 'bias_scaling': 0.029687121836807887, 'lr': 0.7474064946212267, 'weight_increment': 0.0011133132425291139, 'min_window': 19, 'max_window': 43, 'use_full_instance': True, 'max_partners': 20, 'homeostasis': 'mean', 'target': 0.75, 'spread': 0.375, 'learning_rate': 0.0003}",ppo,1000,64,0.0003,,,,,,
LunarLander-v3,filterbank+esn,3,1020,13.583333333333334,-125.86476884,51.3778095279418,-131.9355120110352,-131.66416128346182,3588,"{'decomposition': 'ema', 'n_filters': 12, 'slowest': 0.007278775282470501, 'input_scaling': 0.4150388723567341, 'bias_dist': 'foldnorm', 'bias_scaling': 0.04616118346075944, 'lr': 0.9174645206815777, 'sr': 0.7122598989576099, 'rc_connectivity': 0.013316681518519325, 'learning_rate': 0.01}",ppo,1000,64,0.01,,,,,,
LunarLander-v3,filterbank+esn,2,1020,13.583333333333334,-769.83427178,337.2249264057657,-809.1599609911668,-847.651706433869,3633,"{'decomposition': 'ema', 'n_filters': 12, 'slowest': 0.007278775282470501, 'input_scaling': 0.4150388723567341, 'bias_dist': 'foldnorm', 'bias_scaling': 0.04616118346075944, 'lr': 0.9174645206815777, 'sr': 0.7122598989576099, 'rc_connectivity': 0.013316681518519325, 'learning_rate': 0.01}",ppo,1000,64,0.01,,,,,,
LunarLander-v3,filterbank+hag,7,1020,12.89607843137255,186.43158564,92.80138369692294,214.35942401328583,217.96577368557536,3391,"{'decomposition': 'ema', 'n_filters': 12, 'slowest': 0.022150628564983305, 'input_scaling': 0.3786189199484331, 'bias_dist': 'foldnorm', 'bias_scaling': 0.029687121836807887, 'lr': 0.7474064946212267, 'weight_increment': 0.0011133132425291139, 'min_window': 19, 'max_window': 43, 'use_full_instance': True, 'max_partners': 20, 'homeostasis': 'mean', 'target': 0.75, 'spread': 0.375, 'learning_rate': 0.0003}",ppo,1000,64,0.0003,,,,,,
LunarLander-v3,filterbank+hag,8,1020,13.785294117647059,208.69019995999994,88.08358055961489,215.14866101663557,240.2768577013997,3367,"{'decomposition': 'ema', 'n_filters': 12, 'slowest': 0.022150628564983305, 'input_scaling': 0.3786189199484331, 'bias_dist': 'foldnorm', 'bias_scaling': 0.029687121836807887, 'lr': 0.7474064946212267, 'weight_increment': 0.0011133132425291139, 'min_window': 19, 'max_window': 43, 'use_full_instance': True, 'max_partners': 20, 'homeostasis': 'mean', 'target': 0.75, 'spread': 0.375, 'learning_rate': 0.0003}",ppo,1000,64,0.0003,,,,,,
LunarLander-v3,filterbank+hag,9,1020,12.77843137254902,253.80955344000003,43.161245253548486,215.4485914524081,252.54825023537802,3375,"{'decomposition': 'ema', 'n_filters': 12, 'slowest': 0.022150628564983305, 'input_scaling': 0.3786189199484331, 'bias_dist': 'foldnorm', 'bias_scaling': 0.029687121836807887, 'lr': 0.7474064946212267, 'weight_increment': 0.0011133132425291139, 'min_window': 19, 'max_window': 43, 'use_full_instance': True, 'max_partners': 20, 'homeostasis': 'mean', 'target': 0.75, 'spread': 0.375, 'learning_rate': 0.0003}",ppo,1000,64,0.0003,,,,,,
LunarLander-v3,filterbank+esn,8,1020,13.583333333333334,-580.43530134,121.31691272055717,-60.09430060722573,13.942175744186049,3800,"{'decomposition': 'ema', 'n_filters': 12, 'slowest': 0.007278775282470501, 'input_scaling': 0.4150388723567341, 'bias_dist': 'foldnorm', 'bias_scaling': 0.04616118346075944, 'lr': 0.9174645206815777, 'sr': 0.7122598989576099, 'rc_connectivity': 0.013316681518519325, 'learning_rate': 0.003}",ppo,1000,64,0.003,,,,,,
LunarLander-v3,filterbank+esn,4,1020,13.583333333333334,-774.9180596,330.88997176669784,-771.8071235532705,-861.2495463818505,3638,"{'decomposition': 'ema', 'n_filters': 12, 'slowest': 0.007278775282470501, 'input_scaling': 0.4150388723567341, 'bias_dist': 'foldnorm', 'bias_scaling': 0.04616118346075944, 'lr': 0.9174645206815777, 'sr': 0.7122598989576099, 'rc_connectivity': 0.013316681518519325, 'learning_rate': 0.01}",ppo,1000,64,0.01,,,,,,
LunarLander-v3,filterbank+hag,3,1020,11.674509803921568,209.97802234,100.4367471448714,179.8133114320432,230.73691405765766,3330,"{'decomposition': 'ema', 'n_filters': 12, 'slowest': 0.022150628564983305, 'input_scaling': 0.3786189199484331, 'bias_dist': 'foldnorm', 'bias_scaling': 0.029687121836807887, 'lr': 0.7474064946212267, 'weight_increment': 0.0011133132425291139, 'min_window': 19, 'max_window': 43, 'use_full_instance': True, 'max_partners': 20, 'homeostasis': 'mean', 'target': 0.75, 'spread': 0.375, 'learning_rate': 0.001}",ppo,1000,64,0.001,,,,,,
LunarLander-v3,filterbank+hag,3,1020,11.674509803921568,265.38122608000003,17.04226251287338,224.23133154170043,250.927112780027,3517,"{'decomposition': 'ema', 'n_filters': 12, 'slowest': 0.022150628564983305, 'input_scaling': 0.3786189199484331, 'bias_dist': 'foldnorm', 'bias_scaling': 0.029687121836807887, 'lr': 0.7474064946212267, 'weight_increment': 0.0011133132425291139, 'min_window': 19, 'max_window': 43, 'use_full_instance': True, 'max_partners': 20, 'homeostasis': 'mean', 'target': 0.75, 'spread': 0.375, 'learning_rate': 0.0003}",ppo,1000,64,0.0003,,,,,,
LunarLander-v3,filterbank+hag,6,1020,12.526470588235295,192.18506146000004,100.47106148201209,219.08624779768024,254.44463427165928,3434,"{'decomposition': 'ema', 'n_filters': 12, 'slowest': 0.022150628564983305, 'input_scaling': 0.3786189199484331, 'bias_dist': 'foldnorm', 'bias_scaling': 0.029687121836807887, 'lr': 0.7474064946212267, 'weight_increment': 0.0011133132425291139, 'min_window': 19, 'max_window': 43, 'use_full_instance': True, 'max_partners': 20, 'homeostasis': 'mean', 'target': 0.75, 'spread': 0.375, 'learning_rate': 0.0003}",ppo,1000,64,0.0003,,,,,,
LunarLander-v3,filterbank+esn,1,1020,13.583333333333334,-137.84267382000002,52.87801736857831,-133.920956124117,-132.40257212398447,3852,"{'decomposition': 'ema', 'n_filters': 12, 'slowest': 0.007278775282470501, 'input_scaling': 0.4150388723567341, 'bias_dist': 'foldnorm', 'bias_scaling': 0.04616118346075944, 'lr': 0.9174645206815777, 'sr': 0.7122598989576099, 'rc_connectivity': 0.013316681518519325, 'learning_rate': 0.01}",ppo,1000,64,0.01,,,,,,
LunarLander-v3,filterbank+hag,0,1020,12.594117647058823,214.43667624000003,117.93116240308593,215.79624904524815,246.06405132424243,3684,"{'decomposition': 'ema', 'n_filters': 12, 'slowest': 0.022150628564983305, 'input_scaling': 0.3786189199484331, 'bias_dist': 'foldnorm', 'bias_scaling': 0.029687121836807887, 'lr': 0.7474064946212267, 'weight_increment': 0.0011133132425291139, 'min_window': 19, 'max_window': 43, 'use_full_instance': True, 'max_partners': 20, 'homeostasis': 'mean', 'target': 0.75, 'spread': 0.375, 'learning_rate': 0.0003}",ppo,1000,64,0.0003,,,,,,
LunarLander-v3,filterbank+hag,9,1020,12.77843137254902,90.80682665999998,142.19448389425054,183.8806443832152,214.5521146032258,3441,"{'decomposition': 'ema', 'n_filters': 12, 'slowest': 0.022150628564983305, 'input_scaling': 0.3786189199484331, 'bias_dist': 'foldnorm', 'bias_scaling': 0.029687121836807887, 'lr': 0.7474064946212267, 'weight_increment': 0.0011133132425291139, 'min_window': 19, 'max_window': 43, 'use_full_instance': True, 'max_partners': 20, 'homeostasis': 'mean', 'target': 0.75, 'spread': 0.375, 'learning_rate': 0.001}",ppo,1000,64,0.001,,,,,,
LunarLander-v3,filterbank+hag,0,1020,12.594117647058823,155.11212454,109.58293204581015,167.63152151338247,184.04887253398059,3560,"{'decomposition': 'ema', 'n_filters': 12, 'slowest': 0.022150628564983305, 'input_scaling': 0.3786189199484331, 'bias_dist': 'foldnorm', 'bias_scaling': 0.029687121836807887, 'lr': 0.7474064946212267, 'weight_increment': 0.0011133132425291139, 'min_window': 19, 'max_window': 43, 'use_full_instance': True, 'max_partners': 20, 'homeostasis': 'mean', 'target': 0.75, 'spread': 0.375, 'learning_rate': 0.001}",ppo,1000,64,0.001,,,,,,
LunarLander-v3,filterbank+esn,8,1020,13.583333333333334,-126.35847503999999,57.33025397602555,-133.9013313279717,-132.76898563617246,3725,"{'decomposition': 'ema', 'n_filters': 12, 'slowest': 0.007278775282470501, 'input_scaling': 0.4150388723567341, 'bias_dist': 'foldnorm', 'bias_scaling': 0.04616118346075944, 'lr': 0.9174645206815777, 'sr': 0.7122598989576099, 'rc_connectivity': 0.013316681518519325, 'learning_rate': 0.01}",ppo,1000,64,0.01,,,,,,
LunarLander-v3,filterbank+hag,7,1020,12.89607843137255,-115.59704260000001,84.04184123141773,139.0202367909492,13.506583304635763,3484,"{'decomposition': 'ema', 'n_filters': 12, 'slowest': 0.022150628564983305, 'input_scaling': 0.3786189199484331, 'bias_dist': 'foldnorm', 'bias_scaling': 0.029687121836807887, 'lr': 0.7474064946212267, 'weight_increment': 0.0011133132425291139, 'min_window': 19, 'max_window': 43, 'use_full_instance': True, 'max_partners': 20, 'homeostasis': 'mean', 'target': 0.75, 'spread': 0.375, 'learning_rate': 0.001}",ppo,1000,64,0.001,,,,,,
LunarLander-v3,filterbank+hag,4,1020,11.601960784313725,232.44595288,79.20626104586205,155.0835463580767,225.49444651662972,3553,"{'decomposition': 'ema', 'n_filters': 12, 'slowest': 0.022150628564983305, 'input_scaling': 0.3786189199484331, 'bias_dist': 'foldnorm', 'bias_scaling': 0.029687121836807887, 'lr': 0.7474064946212267, 'weight_increment': 0.0011133132425291139, 'min_window': 19, 'max_window': 43, 'use_full_instance': True, 'max_partners': 20, 'homeostasis': 'mean', 'target': 0.75, 'spread': 0.375, 'learning_rate': 0.001}",ppo,1000,64,0.001,,,,,,
LunarLander-v3,filterbank+hag,6,1020,12.526470588235295,183.88714894000003,81.64615522702562,-35.43136567036496,-43.813210859649125,3345,"{'decomposition': 'ema', 'n_filters': 12, 'slowest': 0.022150628564983305, 'input_scaling': 0.3786189199484331, 'bias_dist': 'foldnorm', 'bias_scaling': 0.029687121836807887, 'lr': 0.7474064946212267, 'weight_increment': 0.0011133132425291139, 'min_window': 19, 'max_window': 43, 'use_full_instance': True, 'max_partners': 20, 'homeostasis': 'mean', 'target': 0.75, 'spread': 0.375, 'learning_rate': 0.003}",ppo,1000,64,0.003,,,,,,
LunarLander-v3,filterbank+hag,1,1020,11.816666666666666,189.30338534000003,92.55930136633187,133.05517789912378,153.30914048539324,3609,"{'decomposition': 'ema', 'n_filters': 12, 'slowest': 0.022150628564983305, 'input_scaling': 0.3786189199484331, 'bias_dist': 'foldnorm', 'bias_scaling': 0.029687121836807887, 'lr': 0.7474064946212267, 'weight_increment': 0.0011133132425291139, 'min_window': 19, 'max_window': 43, 'use_full_instance': True, 'max_partners': 20, 'homeostasis': 'mean', 'target': 0.75, 'spread': 0.375, 'learning_rate': 0.001}",ppo,1000,64,0.001,,,,,,
LunarLander-v3,filterbank+hag,8,1020,13.785294117647059,99.32643401999998,123.87403039559749,160.802785849926,191.13631308033828,3530,"{'decomposition': 'ema', 'n_filters': 12, 'slowest': 0.022150628564983305, 'input_scaling': 0.3786189199484331, 'bias_dist': 'foldnorm', 'bias_scaling': 0.029687121836807887, 'lr': 0.7474064946212267, 'weight_increment': 0.0011133132425291139, 'min_window': 19, 'max_window': 43, 'use_full_instance': True, 'max_partners': 20, 'homeostasis': 'mean', 'target': 0.75, 'spread': 0.375, 'learning_rate': 0.001}",ppo,1000,64,0.001,,,,,,
LunarLander-v3,filterbank+esn,6,1020,13.583333333333334,-783.4609115200002,344.94384163755615,-786.2387105325114,-816.3560957664371,3806,"{'decomposition': 'ema', 'n_filters': 12, 'slowest': 0.007278775282470501, 'input_scaling': 0.4150388723567341, 'bias_dist': 'foldnorm', 'bias_scaling': 0.04616118346075944, 'lr': 0.9174645206815777, 'sr': 0.7122598989576099, 'rc_connectivity': 0.013316681518519325, 'learning_rate': 0.01}",ppo,1000,64,0.01,,,,,,
LunarLander-v3,filterbank+esn,5,1020,13.583333333333334,-126.93929941999997,51.89552868775965,-134.39451946764194,-131.81736998193412,3840,"{'decomposition': 'ema', 'n_filters': 12, 'slowest': 0.007278775282470501, 'input_scaling': 0.4150388723567341, 'bias_dist': 'foldnorm', 'bias_scaling': 0.04616118346075944, 'lr': 0.9174645206815777, 'sr': 0.7122598989576099, 'rc_connectivity': 0.013316681518519325, 'learning_rate': 0.01}",ppo,1000,64,0.01,,,,,,
LunarLander-v3,filterbank+hag,5,1020,11.977450980392156,233.49611171999996,70.94137230986992,225.97686331547544,249.6624742986023,3716,"{'decomposition': 'ema', 'n_filters': 12, 'slowest': 0.022150628564983305, 'input_scaling': 0.3786189199484331, 'bias_dist': 'foldnorm', 'bias_scaling': 0.029687121836807887, 'lr': 0.7474064946212267, 'weight_increment': 0.0011133132425291139, 'min_window': 19, 'max_window': 43, 'use_full_instance': True, 'max_partners': 20, 'homeostasis': 'mean', 'target': 0.75, 'spread': 0.375, 'learning_rate': 0.0003}",ppo,1000,64,0.0003,,,,,,
LunarLander-v3,filterbank+hag,2,1020,12.096078431372549,-69.2347562,27.15658814029474,49.34257899721879,-13.639828390092879,3677,"{'decomposition': 'ema', 'n_filters': 12, 'slowest': 0.022150628564983305, 'input_scaling': 0.3786189199484331, 'bias_dist': 'foldnorm', 'bias_scaling': 0.029687121836807887, 'lr': 0.7474064946212267, 'weight_increment': 0.0011133132425291139, 'min_window': 19, 'max_window': 43, 'use_full_instance': True, 'max_partners': 20, 'homeostasis': 'mean', 'target': 0.75, 'spread': 0.375, 'learning_rate': 0.001}",ppo,1000,64,0.001,,,,,,
LunarLander-v3,filterbank+hag,6,1020,12.526470588235295,-174.09608858000004,57.83839901908585,175.02560620243642,150.4262546827957,3623,"{'decomposition': 'ema', 'n_filters': 12, 'slowest': 0.022150628564983305, 'input_scaling': 0.3786189199484331, 'bias_dist': 'foldnorm', 'bias_scaling': 0.029687121836807887, 'lr': 0.7474064946212267, 'weight_increment': 0.0011133132425291139, 'min_window': 19, 'max_window': 43, 'use_full_instance': True, 'max_partners': 20, 'homeostasis': 'mean', 'target': 0.75, 'spread': 0.375, 'learning_rate': 0.001}",ppo,1000,64,0.001,,,,,,
LunarLander-v3,filterbank+esn,7,1020,13.583333333333334,-575.52145868,150.1060546934735,-529.8671270316106,-578.8039394389646,3870,"{'decomposition': 'ema', 'n_filters': 12, 'slowest': 0.007278775282470501, 'input_scaling': 0.4150388723567341, 'bias_dist': 'foldnorm', 'bias_scaling': 0.04616118346075944, 'lr': 0.9174645206815777, 'sr': 0.7122598989576099, 'rc_connectivity': 0.013316681518519325, 'learning_rate': 0.01}",ppo,1000,64,0.01,,,,,,
LunarLander-v3,filterbank+hag,0,1020,12.594117647058823,-79.16261058,30.973447438462465,-43.44251513883161,-20.270040670103093,3566,"{'decomposition': 'ema', 'n_filters': 12, 'slowest': 0.022150628564983305, 'input_scaling': 0.3786189199484331, 'bias_dist': 'foldnorm', 'bias_scaling': 0.029687121836807887, 'lr': 0.7474064946212267, 'weight_increment': 0.0011133132425291139, 'min_window': 19, 'max_window': 43, 'use_full_instance': True, 'max_partners': 20, 'homeostasis': 'mean', 'target': 0.75, 'spread': 0.375, 'learning_rate': 0.003}",ppo,1000,64,0.003,,,,,,
LunarLander-v3,filterbank+hag,5,1020,11.977450980392156,229.2183414,77.07884120976892,180.07890664631,244.08479211703957,3759,"{'decomposition': 'ema', 'n_filters': 12, 'slowest': 0.022150628564983305, 'input_scaling': 0.3786189199484331, 'bias_dist': 'foldnorm', 'bias_scaling': 0.029687121836807887, 'lr': 0.7474064946212267, 'weight_increment': 0.0011133132425291139, 'min_window': 19, 'max_window': 43, 'use_full_instance': True, 'max_partners': 20, 'homeostasis': 'mean', 'target': 0.75, 'spread': 0.375, 'learning_rate': 0.001}",ppo,1000,64,0.001,,,,,,
LunarLander-v3,filterbank+hag,1,1020,11.816666666666666,-55.79676924,104.97850072320921,-57.61628078409475,-31.8489381559322,3600,"{'decomposition': 'ema', 'n_filters': 12, 'slowest': 0.022150628564983305, 'input_scaling': 0.3786189199484331, 'bias_dist': 'foldnorm', 'bias_scaling': 0.029687121836807887, 'lr': 0.7474064946212267, 'weight_increment': 0.0011133132425291139, 'min_window': 19, 'max_window': 43, 'use_full_instance': True, 'max_partners': 20, 'homeostasis': 'mean', 'target': 0.75, 'spread': 0.375, 'learning_rate': 0.003}",ppo,1000,64,0.003,,,,,,
LunarLander-v3,filterbank+hag,7,1020,12.89607843137255,-454.23900544,333.2545933343434,-96.74244483574245,-199.36913189736842,3500,"{'decomposition': 'ema', 'n_filters': 12, 'slowest': 0.022150628564983305, 'input_scaling': 0.3786189199484331, 'bias_dist': 'foldnorm', 'bias_scaling': 0.029687121836807887, 'lr': 0.7474064946212267, 'weight_increment': 0.0011133132425291139, 'min_window': 19, 'max_window': 43, 'use_full_instance': True, 'max_partners': 20, 'homeostasis': 'mean', 'target': 0.75, 'spread': 0.375, 'learning_rate': 0.003}",ppo,1000,64,0.003,,,,,,
LunarLander-v3,filterbank+esn,9,1020,13.583333333333334,-123.19656441999997,54.28370201564657,-132.90017265253644,-130.91627858058865,4027,"{'decomposition': 'ema', 'n_filters': 12, 'slowest': 0.007278775282470501, 'input_scaling': 0.4150388723567341, 'bias_dist': 'foldnorm', 'bias_scaling': 0.04616118346075944, 'lr': 0.9174645206815777, 'sr': 0.7122598989576099, 'rc_connectivity': 0.013316681518519325, 'learning_rate': 0.01}",ppo,1000,64,0.01,,,,,,
LunarLander-v3,filterbank+hag,3,1020,11.674509803921568,-29.306033080000002,58.27796988498841,-21.523222738437003,-8.929457051118215,3625,"{'decomposition': 'ema', 'n_filters': 12, 'slowest': 0.022150628564983305, 'input_scaling': 0.3786189199484331, 'bias_dist': 'foldnorm', 'bias_scaling': 0.029687121836807887, 'lr': 0.7474064946212267, 'weight_increment': 0.0011133132425291139, 'min_window': 19, 'max_window': 43, 'use_full_instance': True, 'max_partners': 20, 'homeostasis': 'mean', 'target': 0.75, 'spread': 0.375, 'learning_rate': 0.003}",ppo,1000,64,0.003,,,,,,
LunarLander-v3,filterbank+hag,5,1020,11.977450980392156,-152.87603174000003,111.19863574226545,-79.8089967168421,8.124647205263157,3668,"{'decomposition': 'ema', 'n_filters': 12, 'slowest': 0.022150628564983305, 'input_scaling': 0.3786189199484331, 'bias_dist': 'foldnorm', 'bias_scaling': 0.029687121836807887, 'lr': 0.7474064946212267, 'weight_increment': 0.0011133132425291139, 'min_window': 19, 'max_window': 43, 'use_full_instance': True, 'max_partners': 20, 'homeostasis': 'mean', 'target': 0.75, 'spread': 0.375, 'learning_rate': 0.003}",ppo,1000,64,0.003,,,,,,
LunarLander-v3,filterbank+hag,4,1020,11.601960784313725,-221.49204178000002,32.65183746706975,-228.76848798264982,-193.86244247105262,3676,"{'decomposition': 'ema', 'n_filters': 12, 'slowest': 0.022150628564983305, 'input_scaling': 0.3786189199484331, 'bias_dist': 'foldnorm', 'bias_scaling': 0.029687121836807887, 'lr': 0.7474064946212267, 'weight_increment': 0.0011133132425291139, 'min_window': 19, 'max_window': 43, 'use_full_instance': True, 'max_partners': 20, 'homeostasis': 'mean', 'target': 0.75, 'spread': 0.375, 'learning_rate': 0.003}",ppo,1000,64,0.003,,,,,,
LunarLander-v3,filterbank+hag,2,1020,12.096078431372549,-83.72040902,21.887607978280805,-98.13260021308139,-124.01900485174419,3772,"{'decomposition': 'ema', 'n_filters': 12, 'slowest': 0.022150628564983305, 'input_scaling': 0.3786189199484331, 'bias_dist': 'foldnorm', 'bias_scaling': 0.029687121836807887, 'lr': 0.7474064946212267, 'weight_increment': 0.0011133132425291139, 'min_window': 19, 'max_window': 43, 'use_full_instance': True, 'max_partners': 20, 'homeostasis': 'mean', 'target': 0.75, 'spread': 0.375, 'learning_rate': 0.003}",ppo,1000,64,0.003,,,,,,
LunarLander-v3,filterbank+hag,9,1020,12.77843137254902,-192.44605986000002,46.6717863456905,-183.03437026178224,21.702559958762887,3616,"{'decomposition': 'ema', 'n_filters': 12, 'slowest': 0.022150628564983305, 'input_scaling': 0.3786189199484331, 'bias_dist': 'foldnorm', 'bias_scaling': 0.029687121836807887, 'lr': 0.7474064946212267, 'weight_increment': 0.0011133132425291139, 'min_window': 19, 'max_window': 43, 'use_full_instance': True, 'max_partners': 20, 'homeostasis': 'mean', 'target': 0.75, 'spread': 0.375, 'learning_rate': 0.003}",ppo,1000,64,0.003,,,,,,
LunarLander-v3,filterbank+hag,8,1020,13.785294117647059,-63.61355583999999,27.65353703278331,-24.892320627128424,-24.53472328323699,3830,"{'decomposition': 'ema', 'n_filters': 12, 'slowest': 0.022150628564983305, 'input_scaling': 0.3786189199484331, 'bias_dist': 'foldnorm', 'bias_scaling': 0.029687121836807887, 'lr': 0.7474064946212267, 'weight_increment': 0.0011133132425291139, 'min_window': 19, 'max_window': 43, 'use_full_instance': True, 'max_partners': 20, 'homeostasis': 'mean', 'target': 0.75, 'spread': 0.375, 'learning_rate': 0.003}",ppo,1000,64,0.003,,,,,,
LunarLander-v3,filterbank+hag,1,1020,11.816666666666666,-137.84267382000002,52.87801736857831,-135.0682574644518,-132.39256097160097,3697,"{'decomposition': 'ema', 'n_filters': 12, 'slowest': 0.022150628564983305, 'input_scaling': 0.3786189199484331, 'bias_dist': 'foldnorm', 'bias_scaling': 0.029687121836807887, 'lr': 0.7474064946212267, 'weight_increment': 0.0011133132425291139, 'min_window': 19, 'max_window': 43, 'use_full_instance': True, 'max_partners': 20, 'homeostasis': 'mean', 'target': 0.75, 'spread': 0.375, 'learning_rate': 0.01}",ppo,1000,64,0.01,,,,,,
LunarLander-v3,filterbank+hag,0,1020,12.594117647058823,-133.38020256,44.68533763694481,-132.98463288643077,-130.74502487829758,3971,"{'decomposition': 'ema', 'n_filters': 12, 'slowest': 0.022150628564983305, 'input_scaling': 0.3786189199484331, 'bias_dist': 'foldnorm', 'bias_scaling': 0.029687121836807887, 'lr': 0.7474064946212267, 'weight_increment': 0.0011133132425291139, 'min_window': 19, 'max_window': 43, 'use_full_instance': True, 'max_partners': 20, 'homeostasis': 'mean', 'target': 0.75, 'spread': 0.375, 'learning_rate': 0.01}",ppo,1000,64,0.01,,,,,,
LunarLander-v3,filterbank+hag,5,1020,11.977450980392156,-219.24593266000002,124.51115122541269,-184.36297243292225,-240.81204507560318,3490,"{'decomposition': 'ema', 'n_filters': 12, 'slowest': 0.022150628564983305, 'input_scaling': 0.3786189199484331, 'bias_dist': 'foldnorm', 'bias_scaling': 0.029687121836807887, 'lr': 0.7474064946212267, 'weight_increment': 0.0011133132425291139, 'min_window': 19, 'max_window': 43, 'use_full_instance': True, 'max_partners': 20, 'homeostasis': 'mean', 'target': 0.75, 'spread': 0.375, 'learning_rate': 0.01}",ppo,1000,64,0.01,,,,,,
LunarLander-v3,filterbank+hag,2,1020,12.096078431372549,-132.18103352,55.78995772993341,-139.63484432779364,-133.22726330032526,3605,"{'decomposition': 'ema', 'n_filters': 12, 'slowest': 0.022150628564983305, 'input_scaling': 0.3786189199484331, 'bias_dist': 'foldnorm', 'bias_scaling': 0.029687121836807887, 'lr': 0.7474064946212267, 'weight_increment': 0.0011133132425291139, 'min_window': 19, 'max_window': 43, 'use_full_instance': True, 'max_partners': 20, 'homeostasis': 'mean', 'target': 0.75, 'spread': 0.375, 'learning_rate': 0.01}",ppo,1000,64,0.01,,,,,,
LunarLander-v3,filterbank+proj,2,1020,0.0,260.34134936000004,22.625903263030743,217.24177973066594,251.03495937096775,3328,"{'decomposition': 'ema', 'n_filters': 12, 'slowest': 0.022150628564983305, 'input_scaling': 0.3786189199484331, 'bias_dist': 'foldnorm', 'bias_scaling': 0.029687121836807887, 'lr': 0.7474064946212267, 'weight_increment': 0.0011133132425291139, 'min_window': 19, 'max_window': 43, 'use_full_instance': True, 'max_partners': 20, 'homeostasis': 'mean', 'target': 0.75, 'spread': 0.375, 'learning_rate': 0.0003}",ppo,1000,64,0.0003,,,,,,
LunarLander-v3,filterbank+hag,3,1020,11.674509803921568,-125.86476884,51.3778095279418,-133.80782440879995,-131.74368411150195,3745,"{'decomposition': 'ema', 'n_filters': 12, 'slowest': 0.022150628564983305, 'input_scaling': 0.3786189199484331, 'bias_dist': 'foldnorm', 'bias_scaling': 0.029687121836807887, 'lr': 0.7474064946212267, 'weight_increment': 0.0011133132425291139, 'min_window': 19, 'max_window': 43, 'use_full_instance': True, 'max_partners': 20, 'homeostasis': 'mean', 'target': 0.75, 'spread': 0.375, 'learning_rate': 0.01}",ppo,1000,64,0.01,,,,,,
LunarLander-v3,filterbank+proj,3,1020,0.0,249.85839502000002,51.45076789405962,225.71504920811017,255.76067825892858,3331,"{'decomposition': 'ema', 'n_filters': 12, 'slowest': 0.022150628564983305, 'input_scaling': 0.3786189199484331, 'bias_dist': 'foldnorm', 'bias_scaling': 0.029687121836807887, 'lr': 0.7474064946212267, 'weight_increment': 0.0011133132425291139, 'min_window': 19, 'max_window': 43, 'use_full_instance': True, 'max_partners': 20, 'homeostasis': 'mean', 'target': 0.75, 'spread': 0.375, 'learning_rate': 0.0003}",ppo,1000,64,0.0003,,,,,,
LunarLander-v3,filterbank+proj,1,1020,0.0,-146.01928534,107.74178239251103,224.27049990782663,240.3768236,3378,"{'decomposition': 'ema', 'n_filters': 12, 'slowest': 0.022150628564983305, 'input_scaling': 0.3786189199484331, 'bias_dist': 'foldnorm', 'bias_scaling': 0.029687121836807887, 'lr': 0.7474064946212267, 'weight_increment': 0.0011133132425291139, 'min_window': 19, 'max_window': 43, 'use_full_instance': True, 'max_partners': 20, 'homeostasis': 'mean', 'target': 0.75, 'spread': 0.375, 'learning_rate': 0.0003}",ppo,1000,64,0.0003,,,,,,
LunarLander-v3,filterbank+hag,4,1020,11.601960784313725,-122.3086974,53.716587910812486,-135.98501481624308,-132.22753405959097,3769,"{'decomposition': 'ema', 'n_filters': 12, 'slowest': 0.022150628564983305, 'input_scaling': 0.3786189199484331, 'bias_dist': 'foldnorm', 'bias_scaling': 0.029687121836807887, 'lr': 0.7474064946212267, 'weight_increment': 0.0011133132425291139, 'min_window': 19, 'max_window': 43, 'use_full_instance': True, 'max_partners': 20, 'homeostasis': 'mean', 'target': 0.75, 'spread': 0.375, 'learning_rate': 0.01}",ppo,1000,64,0.01,,,,,,
LunarLander-v3,filterbank+proj,9,1020,0.0,259.77881718,56.736910926555574,227.4058372677753,254.3879686330275,3318,"{'decomposition': 'ema', 'n_filters': 12, 'slowest': 0.022150628564983305, 'input_scaling': 0.3786189199484331, 'bias_dist': 'foldnorm', 'bias_scaling': 0.029687121836807887, 'lr': 0.7474064946212267, 'weight_increment': 0.0011133132425291139, 'min_window': 19, 'max_window': 43, 'use_full_instance': True, 'max_partners': 20, 'homeostasis': 'mean', 'target': 0.75, 'spread': 0.375, 'learning_rate': 0.0003}",ppo,1000,64,0.0003,,,,,,
LunarLander-v3,filterbank+hag,6,1020,12.526470588235295,-783.4609115200002,344.94384163755615,-768.7233472196019,-818.5737896212304,3668,"{'decomposition': 'ema', 'n_filters': 12, 'slowest': 0.022150628564983305, 'input_scaling': 0.3786189199484331, 'bias_dist': 'foldnorm', 'bias_scaling': 0.029687121836807887, 'lr': 0.7474064946212267, 'weight_increment': 0.0011133132425291139, 'min_window': 19, 'max_window': 43, 'use_full_instance': True, 'max_partners': 20, 'homeostasis': 'mean', 'target': 0.75, 'spread': 0.375, 'learning_rate': 0.01}",ppo,1000,64,0.01,,,,,,
LunarLander-v3,filterbank+proj,0,1020,0.0,232.91589789999998,72.31858952897751,161.92720903317002,232.8356877981132,3420,"{'decomposition': 'ema', 'n_filters': 12, 'slowest': 0.022150628564983305, 'input_scaling': 0.3786189199484331, 'bias_dist': 'foldnorm', 'bias_scaling': 0.029687121836807887, 'lr': 0.7474064946212267, 'weight_increment': 0.0011133132425291139, 'min_window': 19, 'max_window': 43, 'use_full_instance': True, 'max_partners': 20, 'homeostasis': 'mean', 'target': 0.75, 'spread': 0.375, 'learning_rate': 0.001}",ppo,1000,64,0.001,,,,,,
LunarLander-v3,filterbank+proj,4,1020,0.0,243.95104358000003,51.49385972143369,201.40404719177602,212.0389739124343,3462,"{'decomposition': 'ema', 'n_filters': 12, 'slowest': 0.022150628564983305, 'input_scaling': 0.3786189199484331, 'bias_dist': 'foldnorm', 'bias_scaling': 0.029687121836807887, 'lr': 0.7474064946212267, 'weight_increment': 0.0011133132425291139, 'min_window': 19, 'max_window': 43, 'use_full_instance': True, 'max_partners': 20, 'homeostasis': 'mean', 'target': 0.75, 'spread': 0.375, 'learning_rate': 0.0003}",ppo,1000,64,0.0003,,,,,,
LunarLander-v3,filterbank+proj,7,1020,0.0,159.115254,81.14270258315692,177.64991132989275,108.87340892105263,3462,"{'decomposition': 'ema', 'n_filters': 12, 'slowest': 0.022150628564983305, 'input_scaling': 0.3786189199484331, 'bias_dist': 'foldnorm', 'bias_scaling': 0.029687121836807887, 'lr': 0.7474064946212267, 'weight_increment': 0.0011133132425291139, 'min_window': 19, 'max_window': 43, 'use_full_instance': True, 'max_partners': 20, 'homeostasis': 'mean', 'target': 0.75, 'spread': 0.375, 'learning_rate': 0.0003}",ppo,1000,64,0.0003,,,,,,
LunarLander-v3,filterbank+proj,7,1020,0.0,164.77862338000003,77.2119178402936,166.68692566504362,199.49850874593497,3275,"{'decomposition': 'ema', 'n_filters': 12, 'slowest': 0.022150628564983305, 'input_scaling': 0.3786189199484331, 'bias_dist': 'foldnorm', 'bias_scaling': 0.029687121836807887, 'lr': 0.7474064946212267, 'weight_increment': 0.0011133132425291139, 'min_window': 19, 'max_window': 43, 'use_full_instance': True, 'max_partners': 20, 'homeostasis': 'mean', 'target': 0.75, 'spread': 0.375, 'learning_rate': 0.001}",ppo,1000,64,0.001,,,,,,
LunarLander-v3,filterbank+proj,5,1020,0.0,69.92436287999999,168.02731799578595,160.99850443723503,174.15019033579335,3306,"{'decomposition': 'ema', 'n_filters': 12, 'slowest': 0.022150628564983305, 'input_scaling': 0.3786189199484331, 'bias_dist': 'foldnorm', 'bias_scaling': 0.029687121836807887, 'lr': 0.7474064946212267, 'weight_increment': 0.0011133132425291139, 'min_window': 19, 'max_window': 43, 'use_full_instance': True, 'max_partners': 20, 'homeostasis': 'mean', 'target': 0.75, 'spread': 0.375, 'learning_rate': 0.001}",ppo,1000,64,0.001,,,,,,
LunarLander-v3,filterbank+proj,5,1020,0.0,251.51217352000003,89.57293944079225,223.93794121783668,244.78220534699454,3506,"{'decomposition': 'ema', 'n_filters': 12, 'slowest': 0.022150628564983305, 'input_scaling': 0.3786189199484331, 'bias_dist': 'foldnorm', 'bias_scaling': 0.029687121836807887, 'lr': 0.7474064946212267, 'weight_increment': 0.0011133132425291139, 'min_window': 19, 'max_window': 43, 'use_full_instance': True, 'max_partners': 20, 'homeostasis': 'mean', 'target': 0.75, 'spread': 0.375, 'learning_rate': 0.0003}",ppo,1000,64,0.0003,,,,,,
LunarLander-v3,filterbank+proj,2,1020,0.0,243.39415502,66.82460021046174,158.3741897694704,234.7441417796258,3339,"{'decomposition': 'ema', 'n_filters': 12, 'slowest': 0.022150628564983305, 'input_scaling': 0.3786189199484331, 'bias_dist': 'foldnorm', 'bias_scaling': 0.029687121836807887, 'lr': 0.7474064946212267, 'weight_increment': 0.0011133132425291139, 'min_window': 19, 'max_window': 43, 'use_full_instance': True, 'max_partners': 20, 'homeostasis': 'mean', 'target': 0.75, 'spread': 0.375, 'learning_rate': 0.001}",ppo,1000,64,0.001,,,,,,
LunarLander-v3,filterbank+proj,8,1020,0.0,255.83759806,48.53431805063244,210.66761483710533,239.89284216643358,3507,"{'decomposition': 'ema', 'n_filters': 12, 'slowest': 0.022150628564983305, 'input_scaling': 0.3786189199484331, 'bias_dist': 'foldnorm', 'bias_scaling': 0.029687121836807887, 'lr': 0.7474064946212267, 'weight_increment': 0.0011133132425291139, 'min_window': 19, 'max_window': 43, 'use_full_instance': True, 'max_partners': 20, 'homeostasis': 'mean', 'target': 0.75, 'spread': 0.375, 'learning_rate': 0.0003}",ppo,1000,64,0.0003,,,,,,
LunarLander-v3,filterbank+hag,9,1020,12.77843137254902,-557.27927824,159.39333722618213,-487.5035704784195,-583.5945568706986,3633,"{'decomposition': 'ema', 'n_filters': 12, 'slowest': 0.022150628564983305, 'input_scaling': 0.3786189199484331, 'bias_dist': 'foldnorm', 'bias_scaling': 0.029687121836807887, 'lr': 0.7474064946212267, 'weight_increment': 0.0011133132425291139, 'min_window': 19, 'max_window': 43, 'use_full_instance': True, 'max_partners': 20, 'homeostasis': 'mean', 'target': 0.75, 'spread': 0.375, 'learning_rate': 0.01}",ppo,1000,64,0.01,,,,,,
LunarLander-v3,filterbank+proj,8,1020,0.0,8.621531939999999,116.15671160494006,121.96141013795503,126.03804870533644,3297,"{'decomposition': 'ema', 'n_filters': 12, 'slowest': 0.022150628564983305, 'input_scaling': 0.3786189199484331, 'bias_dist': 'foldnorm', 'bias_scaling': 0.029687121836807887, 'lr': 0.7474064946212267, 'weight_increment': 0.0011133132425291139, 'min_window': 19, 'max_window': 43, 'use_full_instance': True, 'max_partners': 20, 'homeostasis': 'mean', 'target': 0.75, 'spread': 0.375, 'learning_rate': 0.001}",ppo,1000,64,0.001,,,,,,
LunarLander-v3,filterbank+proj,3,1020,0.0,10.080118120000002,104.95802973472114,132.4093797400749,186.037961355,3367,"{'decomposition': 'ema', 'n_filters': 12, 'slowest': 0.022150628564983305, 'input_scaling': 0.3786189199484331, 'bias_dist': 'foldnorm', 'bias_scaling': 0.029687121836807887, 'lr': 0.7474064946212267, 'weight_increment': 0.0011133132425291139, 'min_window': 19, 'max_window': 43, 'use_full_instance': True, 'max_partners': 20, 'homeostasis': 'mean', 'target': 0.75, 'spread': 0.375, 'learning_rate': 0.001}",ppo,1000,64,0.001,,,,,,
LunarLander-v3,filterbank+hag,7,1020,12.89607843137255,-126.94602436,54.729251625930324,-133.10745160766425,-130.94927603861004,3710,"{'decomposition': 'ema', 'n_filters': 12, 'slowest': 0.022150628564983305, 'input_scaling': 0.3786189199484331, 'bias_dist': 'foldnorm', 'bias_scaling': 0.029687121836807887, 'lr': 0.7474064946212267, 'weight_increment': 0.0011133132425291139, 'min_window': 19, 'max_window': 43, 'use_full_instance': True, 'max_partners': 20, 'homeostasis': 'mean', 'target': 0.75, 'spread': 0.375, 'learning_rate': 0.01}",ppo,1000,64,0.01,,,,,,
LunarLander-v3,filterbank+proj,0,1020,0.0,142.48188094,104.3131983491985,204.73941510896057,193.97503672580646,3676,"{'decomposition': 'ema', 'n_filters': 12, 'slowest': 0.022150628564983305, 'input_scaling': 0.3786189199484331, 'bias_dist': 'foldnorm', 'bias_scaling': 0.029687121836807887, 'lr': 0.7474064946212267, 'weight_increment': 0.0011133132425291139, 'min_window': 19, 'max_window': 43, 'use_full_instance': True, 'max_partners': 20, 'homeostasis': 'mean', 'target': 0.75, 'spread': 0.375, 'learning_rate': 0.0003}",ppo,1000,64,0.0003,,,,,,
LunarLander-v3,filterbank+proj,1,1020,0.0,-322.69734384,88.23671523101383,43.67168104604357,-14.404762546961324,3350,"{'decomposition': 'ema', 'n_filters': 12, 'slowest': 0.022150628564983305, 'input_scaling': 0.3786189199484331, 'bias_dist': 'foldnorm', 'bias_scaling': 0.029687121836807887, 'lr': 0.7474064946212267, 'weight_increment': 0.0011133132425291139, 'min_window': 19, 'max_window': 43, 'use_full_instance': True, 'max_partners': 20, 'homeostasis': 'mean', 'target': 0.75, 'spread': 0.375, 'learning_rate': 0.003}",ppo,1000,64,0.003,,,,,,
LunarLander-v3,filterbank+proj,1,1020,0.0,-15.035918880000004,163.89186333722853,164.0788153487845,209.00913334226803,3443,"{'decomposition': 'ema', 'n_filters': 12, 'slowest': 0.022150628564983305, 'input_scaling': 0.3786189199484331, 'bias_dist': 'foldnorm', 'bias_scaling': 0.029687121836807887, 'lr': 0.7474064946212267, 'weight_increment': 0.0011133132425291139, 'min_window': 19, 'max_window': 43, 'use_full_instance': True, 'max_partners': 20, 'homeostasis': 'mean', 'target': 0.75, 'spread': 0.375, 'learning_rate': 0.001}",ppo,1000,64,0.001,,,,,,
LunarLander-v3,filterbank+proj,3,1020,0.0,-48.06488710000001,39.689584198503816,-203.51857031450223,-145.38759614827583,3313,"{'decomposition': 'ema', 'n_filters': 12, 'slowest': 0.022150628564983305, 'input_scaling': 0.3786189199484331, 'bias_dist': 'foldnorm', 'bias_scaling': 0.029687121836807887, 'lr': 0.7474064946212267, 'weight_increment': 0.0011133132425291139, 'min_window': 19, 'max_window': 43, 'use_full_instance': True, 'max_partners': 20, 'homeostasis': 'mean', 'target': 0.75, 'spread': 0.375, 'learning_rate': 0.003}",ppo,1000,64,0.003,,,,,,
LunarLander-v3,filterbank+proj,6,1020,0.0,235.948037,74.72705879490717,164.2277877578787,247.90948847608695,3611,"{'decomposition': 'ema', 'n_filters': 12, 'slowest': 0.022150628564983305, 'input_scaling': 0.3786189199484331, 'bias_dist': 'foldnorm', 'bias_scaling': 0.029687121836807887, 'lr': 0.7474064946212267, 'weight_increment': 0.0011133132425291139, 'min_window': 19, 'max_window': 43, 'use_full_instance': True, 'max_partners': 20, 'homeostasis': 'mean', 'target': 0.75, 'spread': 0.375, 'learning_rate': 0.0003}",ppo,1000,64,0.0003,,,,,,
LunarLander-v3,filterbank+proj,4,1020,0.0,161.84715692,65.0646468242675,153.15870409183887,108.8213746388309,3419,"{'decomposition': 'ema', 'n_filters': 12, 'slowest': 0.022150628564983305, 'input_scaling': 0.3786189199484331, 'bias_dist': 'foldnorm', 'bias_scaling': 0.029687121836807887, 'lr': 0.7474064946212267, 'weight_increment': 0.0011133132425291139, 'min_window': 19, 'max_window': 43, 'use_full_instance': True, 'max_partners': 20, 'homeostasis': 'mean', 'target': 0.75, 'spread': 0.375, 'learning_rate': 0.001}",ppo,1000,64,0.001,,,,,,
LunarLander-v3,filterbank+proj,4,1020,0.0,-57.08691414,87.67777001639686,28.072542096530498,-64.8587105882353,3323,"{'decomposition': 'ema', 'n_filters': 12, 'slowest': 0.022150628564983305, 'input_scaling': 0.3786189199484331, 'bias_dist': 'foldnorm', 'bias_scaling': 0.029687121836807887, 'lr': 0.7474064946212267, 'weight_increment': 0.0011133132425291139, 'min_window': 19, 'max_window': 43, 'use_full_instance': True, 'max_partners': 20, 'homeostasis': 'mean', 'target': 0.75, 'spread': 0.375, 'learning_rate': 0.003}",ppo,1000,64,0.003,,,,,,
LunarLander-v3,filterbank+proj,2,1020,0.0,4.691015419999997,157.35922902651714,-193.49879537468703,-12.781837523676879,3377,"{'decomposition': 'ema', 'n_filters': 12, 'slowest': 0.022150628564983305, 'input_scaling': 0.3786189199484331, 'bias_dist': 'foldnorm', 'bias_scaling': 0.029687121836807887, 'lr': 0.7474064946212267, 'weight_increment': 0.0011133132425291139, 'min_window': 19, 'max_window': 43, 'use_full_instance': True, 'max_partners': 20, 'homeostasis': 'mean', 'target': 0.75, 'spread': 0.375, 'learning_rate': 0.003}",ppo,1000,64,0.003,,,,,,
LunarLander-v3,filterbank+proj,9,1020,0.0,-168.60065409999999,73.2218928915737,144.7774977412354,113.03576278914406,3494,"{'decomposition': 'ema', 'n_filters': 12, 'slowest': 0.022150628564983305, 'input_scaling': 0.3786189199484331, 'bias_dist': 'foldnorm', 'bias_scaling': 0.029687121836807887, 'lr': 0.7474064946212267, 'weight_increment': 0.0011133132425291139, 'min_window': 19, 'max_window': 43, 'use_full_instance': True, 'max_partners': 20, 'homeostasis': 'mean', 'target': 0.75, 'spread': 0.375, 'learning_rate': 0.001}",ppo,1000,64,0.001,,,,,,
LunarLander-v3,filterbank+proj,7,1020,0.0,-90.45782486,131.46975524637563,-132.42000209926854,-58.3553531184669,3397,"{'decomposition': 'ema', 'n_filters': 12, 'slowest': 0.022150628564983305, 'input_scaling': 0.3786189199484331, 'bias_dist': 'foldnorm', 'bias_scaling': 0.029687121836807887, 'lr': 0.7474064946212267, 'weight_increment': 0.0011133132425291139, 'min_window': 19, 'max_window': 43, 'use_full_instance': True, 'max_partners': 20, 'homeostasis': 'mean', 'target': 0.75, 'spread': 0.375, 'learning_rate': 0.003}",ppo,1000,64,0.003,,,,,,
LunarLander-v3,filterbank+hag,8,1020,13.785294117647059,-582.6210848000001,154.89854767922577,-465.7499202506766,-572.9559881134338,3968,"{'decomposition': 'ema', 'n_filters': 12, 'slowest': 0.022150628564983305, 'input_scaling': 0.3786189199484331, 'bias_dist': 'foldnorm', 'bias_scaling': 0.029687121836807887, 'lr': 0.7474064946212267, 'weight_increment': 0.0011133132425291139, 'min_window': 19, 'max_window': 43, 'use_full_instance': True, 'max_partners': 20, 'homeostasis': 'mean', 'target': 0.75, 'spread': 0.375, 'learning_rate': 0.01}",ppo,1000,64,0.01,,,,,,
LunarLander-v3,filterbank+proj,0,1020,0.0,-77.66841873999999,32.11434405307584,-109.5344766379197,-42.06059962706271,3571,"{'decomposition': 'ema', 'n_filters': 12, 'slowest': 0.022150628564983305, 'input_scaling': 0.3786189199484331, 'bias_dist': 'foldnorm', 'bias_scaling': 0.029687121836807887, 'lr': 0.7474064946212267, 'weight_increment': 0.0011133132425291139, 'min_window': 19, 'max_window': 43, 'use_full_instance': True, 'max_partners': 20, 'homeostasis': 'mean', 'target': 0.75, 'spread': 0.375, 'learning_rate': 0.003}",ppo,1000,64,0.003,,,,,,
LunarLander-v3,filterbank+proj,6,1020,0.0,-144.13967282,90.0858721797406,-65.71236144927022,-82.18308041785714,3501,"{'decomposition': 'ema', 'n_filters': 12, 'slowest': 0.022150628564983305, 'input_scaling': 0.3786189199484331, 'bias_dist': 'foldnorm', 'bias_scaling': 0.029687121836807887, 'lr': 0.7474064946212267, 'weight_increment': 0.0011133132425291139, 'min_window': 19, 'max_window': 43, 'use_full_instance': True, 'max_partners': 20, 'homeostasis': 'mean', 'target': 0.75, 'spread': 0.375, 'learning_rate': 0.003}",ppo,1000,64,0.003,,,,,,
LunarLander-v3,filterbank+proj,6,1020,0.0,-155.57879254,20.81141365811174,128.88107689442413,153.73367837528602,3662,"{'decomposition': 'ema', 'n_filters': 12, 'slowest': 0.022150628564983305, 'input_scaling': 0.3786189199484331, 'bias_dist': 'foldnorm', 'bias_scaling': 0.029687121836807887, 'lr': 0.7474064946212267, 'weight_increment': 0.0011133132425291139, 'min_window': 19, 'max_window': 43, 'use_full_instance': True, 'max_partners': 20, 'homeostasis': 'mean', 'target': 0.75, 'spread': 0.375, 'learning_rate': 0.001}",ppo,1000,64,0.001,,,,,,
LunarLander-v3,filterbank+proj,9,1020,0.0,-57.90435072,121.65884330459333,-37.26389610947811,-22.076405672672674,3446,"{'decomposition': 'ema', 'n_filters': 12, 'slowest': 0.022150628564983305, 'input_scaling': 0.3786189199484331, 'bias_dist': 'foldnorm', 'bias_scaling': 0.029687121836807887, 'lr': 0.7474064946212267, 'weight_increment': 0.0011133132425291139, 'min_window': 19, 'max_window': 43, 'use_full_instance': True, 'max_partners': 20, 'homeostasis': 'mean', 'target': 0.75, 'spread': 0.375, 'learning_rate': 0.003}",ppo,1000,64,0.003,,,,,,
LunarLander-v3,filterbank+proj,8,1020,0.0,-126.32914373999998,76.62461498030912,-109.29525970167805,-93.36197817445483,3463,"{'decomposition': 'ema', 'n_filters': 12, 'slowest': 0.022150628564983305, 'input_scaling': 0.3786189199484331, 'bias_dist': 'foldnorm', 'bias_scaling': 0.029687121836807887, 'lr': 0.7474064946212267, 'weight_increment': 0.0011133132425291139, 'min_window': 19, 'max_window': 43, 'use_full_instance': True, 'max_partners': 20, 'homeostasis': 'mean', 'target': 0.75, 'spread': 0.375, 'learning_rate': 0.003}",ppo,1000,64,0.003,,,,,,
LunarLander-v3,filterbank+proj,5,1020,0.0,-60.53398276,27.957938651810107,-7.91229664091858,25.02383962985074,3727,"{'decomposition': 'ema', 'n_filters': 12, 'slowest': 0.022150628564983305, 'input_scaling': 0.3786189199484331, 'bias_dist': 'foldnorm', 'bias_scaling': 0.029687121836807887, 'lr': 0.7474064946212267, 'weight_increment': 0.0011133132425291139, 'min_window': 19, 'max_window': 43, 'use_full_instance': True, 'max_partners': 20, 'homeostasis': 'mean', 'target': 0.75, 'spread': 0.375, 'learning_rate': 0.003}",ppo,1000,64,0.003,,,,,,
LunarLander-v3,filterbank+proj,1,1020,0.0,-111.58444626,13.411798185872478,-194.35147016048091,-126.42865153581903,3573,"{'decomposition': 'ema', 'n_filters': 12, 'slowest': 0.022150628564983305, 'input_scaling': 0.3786189199484331, 'bias_dist': 'foldnorm', 'bias_scaling': 0.029687121836807887, 'lr': 0.7474064946212267, 'weight_increment': 0.0011133132425291139, 'min_window': 19, 'max_window': 43, 'use_full_instance': True, 'max_partners': 20, 'homeostasis': 'mean', 'target': 0.75, 'spread': 0.375, 'learning_rate': 0.01}",ppo,1000,64,0.01,,,,,,
LunarLander-v3,filterbank+proj,3,1020,0.0,-298.43099198,120.74816689359173,-215.6704810160209,-194.76526902394426,3541,"{'decomposition': 'ema', 'n_filters': 12, 'slowest': 0.022150628564983305, 'input_scaling': 0.3786189199484331, 'bias_dist': 'foldnorm', 'bias_scaling': 0.029687121836807887, 'lr': 0.7474064946212267, 'weight_increment': 0.0011133132425291139, 'min_window': 19, 'max_window': 43, 'use_full_instance': True, 'max_partners': 20, 'homeostasis': 'mean', 'target': 0.75, 'spread': 0.375, 'learning_rate': 0.01}",ppo,1000,64,0.01,,,,,,
LunarLander-v3,filterbank+proj,0,1020,0.0,-133.38020256,44.68533763694481,-148.21808006640543,-131.07372638853772,3741,"{'decomposition': 'ema', 'n_filters': 12, 'slowest': 0.022150628564983305, 'input_scaling': 0.3786189199484331, 'bias_dist': 'foldnorm', 'bias_scaling': 0.029687121836807887, 'lr': 0.7474064946212267, 'weight_increment': 0.0011133132425291139, 'min_window': 19, 'max_window': 43, 'use_full_instance': True, 'max_partners': 20, 'homeostasis': 'mean', 'target': 0.75, 'spread': 0.375, 'learning_rate': 0.01}",ppo,1000,64,0.01,,,,,,
LunarLander-v3,filterbank+proj,2,1020,0.0,-567.84554372,160.7337005650484,-490.65788125041746,-582.1518359768235,3785,"{'decomposition': 'ema', 'n_filters': 12, 'slowest': 0.022150628564983305, 'input_scaling': 0.3786189199484331, 'bias_dist': 'foldnorm', 'bias_scaling': 0.029687121836807887, 'lr': 0.7474064946212267, 'weight_increment': 0.0011133132425291139, 'min_window': 19, 'max_window': 43, 'use_full_instance': True, 'max_partners': 20, 'homeostasis': 'mean', 'target': 0.75, 'spread': 0.375, 'learning_rate': 0.01}",ppo,1000,64,0.01,,,,,,
LunarLander-v3,filterbank+proj,4,1020,0.0,-122.3086974,53.716587910812486,-132.35647753556853,-132.23652871111895,3748,"{'decomposition': 'ema', 'n_filters': 12, 'slowest': 0.022150628564983305, 'input_scaling': 0.3786189199484331, 'bias_dist': 'foldnorm', 'bias_scaling': 0.029687121836807887, 'lr': 0.7474064946212267, 'weight_increment': 0.0011133132425291139, 'min_window': 19, 'max_window': 43, 'use_full_instance': True, 'max_partners': 20, 'homeostasis': 'mean', 'target': 0.75, 'spread': 0.375, 'learning_rate': 0.01}",ppo,1000,64,0.01,,,,,,
LunarLander-v3,filterbank+proj,7,1020,0.0,-126.94602436,54.729251625930324,-135.72825963699134,-130.82250421808305,3580,"{'decomposition': 'ema', 'n_filters': 12, 'slowest': 0.022150628564983305, 'input_scaling': 0.3786189199484331, 'bias_dist': 'foldnorm', 'bias_scaling': 0.029687121836807887, 'lr': 0.7474064946212267, 'weight_increment': 0.0011133132425291139, 'min_window': 19, 'max_window': 43, 'use_full_instance': True, 'max_partners': 20, 'homeostasis': 'mean', 'target': 0.75, 'spread': 0.375, 'learning_rate': 0.01}",ppo,1000,64,0.01,,,,,,
LunarLander-v3,filterbank+proj,6,1020,0.0,-575.90983282,154.29437757649487,-200.38098410944554,-115.1306019460803,3793,"{'decomposition': 'ema', 'n_filters': 12, 'slowest': 0.022150628564983305, 'input_scaling': 0.3786189199484331, 'bias_dist': 'foldnorm', 'bias_scaling': 0.029687121836807887, 'lr': 0.7474064946212267, 'weight_increment': 0.0011133132425291139, 'min_window': 19, 'max_window': 43, 'use_full_instance': True, 'max_partners': 20, 'homeostasis': 'mean', 'target': 0.75, 'spread': 0.375, 'learning_rate': 0.01}",ppo,1000,64,0.01,,,,,,
LunarLander-v3,filterbank+proj,5,1020,0.0,-126.93929941999997,51.89552868775965,-154.01733651722003,-131.79469379553905,3866,"{'decomposition': 'ema', 'n_filters': 12, 'slowest': 0.022150628564983305, 'input_scaling': 0.3786189199484331, 'bias_dist': 'foldnorm', 'bias_scaling': 0.029687121836807887, 'lr': 0.7474064946212267, 'weight_increment': 0.0011133132425291139, 'min_window': 19, 'max_window': 43, 'use_full_instance': True, 'max_partners': 20, 'homeostasis': 'mean', 'target': 0.75, 'spread': 0.375, 'learning_rate': 0.01}",ppo,1000,64,0.01,,,,,,
LunarLander-v3,filterbank+proj,8,1020,0.0,-126.35847503999999,57.33025397602555,-143.3016764194617,-132.96611259450302,3678,"{'decomposition': 'ema', 'n_filters': 12, 'slowest': 0.022150628564983305, 'input_scaling': 0.3786189199484331, 'bias_dist': 'foldnorm', 'bias_scaling': 0.029687121836807887, 'lr': 0.7474064946212267, 'weight_increment': 0.0011133132425291139, 'min_window': 19, 'max_window': 43, 'use_full_instance': True, 'max_partners': 20, 'homeostasis': 'mean', 'target': 0.75, 'spread': 0.375, 'learning_rate': 0.01}",ppo,1000,64,0.01,,,,,,
LunarLander-v3,filterbank+proj,9,1020,0.0,-123.19656441999997,54.28370201564657,-133.8892797393645,-130.86933011608392,3749,"{'decomposition': 'ema', 'n_filters': 12, 'slowest': 0.022150628564983305, 'input_scaling': 0.3786189199484331, 'bias_dist': 'foldnorm', 'bias_scaling': 0.029687121836807887, 'lr': 0.7474064946212267, 'weight_increment': 0.0011133132425291139, 'min_window': 19, 'max_window': 43, 'use_full_instance': True, 'max_partners': 20, 'homeostasis': 'mean', 'target': 0.75, 'spread': 0.375, 'learning_rate': 0.01}",ppo,1000,64,0.01,,,,,,
LunarLander-v3,filterbank+esn,1,1020,13.583333333333334,-0.25162293999999974,131.91733309770257,110.74965717577011,131.6634025388601,2786,"{'decomposition': 'ema', 'n_filters': 12, 'slowest': 0.007278775282470501, 'input_scaling': 0.4150388723567341, 'bias_dist': 'foldnorm', 'bias_scaling': 0.04616118346075944, 'lr': 0.9174645206815777, 'sr': 0.7122598989576099, 'rc_connectivity': 0.013316681518519325, 'learning_rate': 0.0003}",ppo,1000,linear,0.0003,,,,,,
LunarLander-v3,filterbank+esn,0,1020,13.583333333333334,-99.62921413999999,31.800805086609923,145.87884362138988,102.17216972686232,2866,"{'decomposition': 'ema', 'n_filters': 12, 'slowest': 0.007278775282470501, 'input_scaling': 0.4150388723567341, 'bias_dist': 'foldnorm', 'bias_scaling': 0.04616118346075944, 'lr': 0.9174645206815777, 'sr': 0.7122598989576099, 'rc_connectivity': 0.013316681518519325, 'learning_rate': 0.0003}",ppo,1000,linear,0.0003,,,,,,
LunarLander-v3,filterbank+esn,2,1020,13.583333333333334,-171.04815918,60.84267375905181,97.07151391591955,123.4451750631068,2745,"{'decomposition': 'ema', 'n_filters': 12, 'slowest': 0.007278775282470501, 'input_scaling': 0.4150388723567341, 'bias_dist': 'foldnorm', 'bias_scaling': 0.04616118346075944, 'lr': 0.9174645206815777, 'sr': 0.7122598989576099, 'rc_connectivity': 0.013316681518519325, 'learning_rate': 0.0003}",ppo,1000,linear,0.0003,,,,,,
LunarLander-v3,filterbank+esn,4,1020,13.583333333333334,-62.65841113999999,34.21161146351495,139.53977635492683,139.0583169746094,2772,"{'decomposition': 'ema', 'n_filters': 12, 'slowest': 0.007278775282470501, 'input_scaling': 0.4150388723567341, 'bias_dist': 'foldnorm', 'bias_scaling': 0.04616118346075944, 'lr': 0.9174645206815777, 'sr': 0.7122598989576099, 'rc_connectivity': 0.013316681518519325, 'learning_rate': 0.0003}",ppo,1000,linear,0.0003,,,,,,
LunarLander-v3,filterbank+esn,7,1020,13.583333333333334,-206.50181164000003,96.8356461740814,141.85967974102354,97.81313955785124,2750,"{'decomposition': 'ema', 'n_filters': 12, 'slowest': 0.007278775282470501, 'input_scaling': 0.4150388723567341, 'bias_dist': 'foldnorm', 'bias_scaling': 0.04616118346075944, 'lr': 0.9174645206815777, 'sr': 0.7122598989576099, 'rc_connectivity': 0.013316681518519325, 'learning_rate': 0.0003}",ppo,1000,linear,0.0003,,,,,,
LunarLander-v3,filterbank+esn,3,1020,13.583333333333334,183.28517652,103.18442842864123,87.73728143146135,164.8773226978852,2791,"{'decomposition': 'ema', 'n_filters': 12, 'slowest': 0.007278775282470501, 'input_scaling': 0.4150388723567341, 'bias_dist': 'foldnorm', 'bias_scaling': 0.04616118346075944, 'lr': 0.9174645206815777, 'sr': 0.7122598989576099, 'rc_connectivity': 0.013316681518519325, 'learning_rate': 0.0003}",ppo,1000,linear,0.0003,,,,,,
LunarLander-v3,filterbank+esn,8,1020,13.583333333333334,-59.72475772,42.17856725749076,111.92474237278245,97.27011080140186,2734,"{'decomposition': 'ema', 'n_filters': 12, 'slowest': 0.007278775282470501, 'input_scaling': 0.4150388723567341, 'bias_dist': 'foldnorm', 'bias_scaling': 0.04616118346075944, 'lr': 0.9174645206815777, 'sr': 0.7122598989576099, 'rc_connectivity': 0.013316681518519325, 'learning_rate': 0.0003}",ppo,1000,linear,0.0003,,,,,,
LunarLander-v3,filterbank+esn,6,1020,13.583333333333334,-51.48483628000001,32.62842406184648,154.02056241164067,121.397083407173,2865,"{'decomposition': 'ema', 'n_filters': 12, 'slowest': 0.007278775282470501, 'input_scaling': 0.4150388723567341, 'bias_dist': 'foldnorm', 'bias_scaling': 0.04616118346075944, 'lr': 0.9174645206815777, 'sr': 0.7122598989576099, 'rc_connectivity': 0.013316681518519325, 'learning_rate': 0.0003}",ppo,1000,linear,0.0003,,,,,,
LunarLander-v3,filterbank+esn,0,1020,13.583333333333334,-119.86052472,24.426613739149516,31.163217292745287,-42.81766566346154,2766,"{'decomposition': 'ema', 'n_filters': 12, 'slowest': 0.007278775282470501, 'input_scaling': 0.4150388723567341, 'bias_dist': 'foldnorm', 'bias_scaling': 0.04616118346075944, 'lr': 0.9174645206815777, 'sr': 0.7122598989576099, 'rc_connectivity': 0.013316681518519325, 'learning_rate': 0.001}",ppo,1000,linear,0.001,,,,,,
LunarLander-v3,filterbank+esn,4,1020,13.583333333333334,-81.902294,57.608461821023425,55.83626851458966,43.76321792705166,2746,"{'decomposition': 'ema', 'n_filters': 12, 'slowest': 0.007278775282470501, 'input_scaling': 0.4150388723567341, 'bias_dist': 'foldnorm', 'bias_scaling': 0.04616118346075944, 'lr': 0.9174645206815777, 'sr': 0.7122598989576099, 'rc_connectivity': 0.013316681518519325, 'learning_rate': 0.001}",ppo,1000,linear,0.001,,,,,,
LunarLander-v3,filterbank+esn,8,1020,13.583333333333334,-88.12196578,36.019750001742935,20.554192353522865,-44.128231130030954,2758,"{'decomposition': 'ema', 'n_filters': 12, 'slowest': 0.007278775282470501, 'input_scaling': 0.4150388723567341, 'bias_dist': 'foldnorm', 'bias_scaling': 0.04616118346075944, 'lr': 0.9174645206815777, 'sr': 0.7122598989576099, 'rc_connectivity': 0.013316681518519325, 'learning_rate': 0.001}",ppo,1000,linear,0.001,,,,,,
LunarLander-v3,filterbank+esn,9,1020,13.583333333333334,-204.50457894,47.96158871330169,138.7251350166603,129.12274388314177,2862,"{'decomposition': 'ema', 'n_filters': 12, 'slowest': 0.007278775282470501, 'input_scaling': 0.4150388723567341, 'bias_dist': 'foldnorm', 'bias_scaling': 0.04616118346075944, 'lr': 0.9174645206815777, 'sr': 0.7122598989576099, 'rc_connectivity': 0.013316681518519325, 'learning_rate': 0.0003}",ppo,1000,linear,0.0003,,,,,,
LunarLander-v3,filterbank+esn,9,1020,13.583333333333334,-182.26580135999995,43.19732250013469,62.95078505452563,-14.826573191256827,2763,"{'decomposition': 'ema', 'n_filters': 12, 'slowest': 0.007278775282470501, 'input_scaling': 0.4150388723567341, 'bias_dist': 'foldnorm', 'bias_scaling': 0.04616118346075944, 'lr': 0.9174645206815777, 'sr': 0.7122598989576099, 'rc_connectivity': 0.013316681518519325, 'learning_rate': 0.001}",ppo,1000,linear,0.001,,,,,,
LunarLander-v3,filterbank+esn,6,1020,13.583333333333334,-64.02810994,19.92131891114129,90.20627305355303,6.557171572164946,2809,"{'decomposition': 'ema', 'n_filters': 12, 'slowest': 0.007278775282470501, 'input_scaling': 0.4150388723567341, 'bias_dist': 'foldnorm', 'bias_scaling': 0.04616118346075944, 'lr': 0.9174645206815777, 'sr': 0.7122598989576099, 'rc_connectivity': 0.013316681518519325, 'learning_rate': 0.001}",ppo,1000,linear,0.001,,,,,,
LunarLander-v3,filterbank+esn,7,1020,13.583333333333334,-63.94069418,32.112645526915124,78.62718898673388,-4.018331130319149,2801,"{'decomposition': 'ema', 'n_filters': 12, 'slowest': 0.007278775282470501, 'input_scaling': 0.4150388723567341, 'bias_dist': 'foldnorm', 'bias_scaling': 0.04616118346075944, 'lr': 0.9174645206815777, 'sr': 0.7122598989576099, 'rc_connectivity': 0.013316681518519325, 'learning_rate': 0.001}",ppo,1000,linear,0.001,,,,,,
LunarLander-v3,filterbank+esn,2,1020,13.583333333333334,-190.09888992,45.39610121138648,46.07322823061459,27.079464318965517,2836,"{'decomposition': 'ema', 'n_filters': 12, 'slowest': 0.007278775282470501, 'input_scaling': 0.4150388723567341, 'bias_dist': 'foldnorm', 'bias_scaling': 0.04616118346075944, 'lr': 0.9174645206815777, 'sr': 0.7122598989576099, 'rc_connectivity': 0.013316681518519325, 'learning_rate': 0.001}",ppo,1000,linear,0.001,,,,,,
LunarLander-v3,filterbank+esn,1,1020,13.583333333333334,-88.69342706000002,23.971326798218314,33.24999855359901,-85.9377524148607,2882,"{'decomposition': 'ema', 'n_filters': 12, 'slowest': 0.007278775282470501, 'input_scaling': 0.4150388723567341, 'bias_dist': 'foldnorm', 'bias_scaling': 0.04616118346075944, 'lr': 0.9174645206815777, 'sr': 0.7122598989576099, 'rc_connectivity': 0.013316681518519325, 'learning_rate': 0.001}",ppo,1000,linear,0.001,,,,,,
LunarLander-v3,filterbank+esn,3,1020,13.583333333333334,-122.28403352,62.99459727879769,50.66397121416033,13.272577900293253,2841,"{'decomposition': 'ema', 'n_filters': 12, 'slowest': 0.007278775282470501, 'input_scaling': 0.4150388723567341, 'bias_dist': 'foldnorm', 'bias_scaling': 0.04616118346075944, 'lr': 0.9174645206815777, 'sr': 0.7122598989576099, 'rc_connectivity': 0.013316681518519325, 'learning_rate': 0.001}",ppo,1000,linear,0.001,,,,,,
LunarLander-v3,filterbank+esn,0,1020,13.583333333333334,69.103497,74.11780140401771,-363.5633842622574,-60.85531566240409,2796,"{'decomposition': 'ema', 'n_filters': 12, 'slowest': 0.007278775282470501, 'input_scaling': 0.4150388723567341, 'bias_dist': 'foldnorm', 'bias_scaling': 0.04616118346075944, 'lr': 0.9174645206815777, 'sr': 0.7122598989576099, 'rc_connectivity': 0.013316681518519325, 'learning_rate': 0.003}",ppo,1000,linear,0.003,,,,,,
LunarLander-v3,filterbank+esn,6,1020,13.583333333333334,-211.63674514,48.71500571140027,-39.25399987280188,-150.72676619648095,2748,"{'decomposition': 'ema', 'n_filters': 12, 'slowest': 0.007278775282470501, 'input_scaling': 0.4150388723567341, 'bias_dist': 'foldnorm', 'bias_scaling': 0.04616118346075944, 'lr': 0.9174645206815777, 'sr': 0.7122598989576099, 'rc_connectivity': 0.013316681518519325, 'learning_rate': 0.003}",ppo,1000,linear,0.003,,,,,,
LunarLander-v3,filterbank+esn,5,1020,13.583333333333334,-49.200046779999994,29.16232524927241,128.03080498194606,127.5670632230047,2876,"{'decomposition': 'ema', 'n_filters': 12, 'slowest': 0.007278775282470501, 'input_scaling': 0.4150388723567341, 'bias_dist': 'foldnorm', 'bias_scaling': 0.04616118346075944, 'lr': 0.9174645206815777, 'sr': 0.7122598989576099, 'rc_connectivity': 0.013316681518519325, 'learning_rate': 0.001}",ppo,1000,linear,0.001,,,,,,
LunarLander-v3,filterbank+esn,1,1020,13.583333333333334,-138.37283488,55.51608182477183,28.0291747528402,-116.78494526515152,2853,"{'decomposition': 'ema', 'n_filters': 12, 'slowest': 0.007278775282470501, 'input_scaling': 0.4150388723567341, 'bias_dist': 'foldnorm', 'bias_scaling': 0.04616118346075944, 'lr': 0.9174645206815777, 'sr': 0.7122598989576099, 'rc_connectivity': 0.013316681518519325, 'learning_rate': 0.003}",ppo,1000,linear,0.003,,,,,,
LunarLander-v3,filterbank+esn,7,1020,13.583333333333334,-551.01605514,1075.372918760406,-45.53100760562972,-143.94023699709302,2783,"{'decomposition': 'ema', 'n_filters': 12, 'slowest': 0.007278775282470501, 'input_scaling': 0.4150388723567341, 'bias_dist': 'foldnorm', 'bias_scaling': 0.04616118346075944, 'lr': 0.9174645206815777, 'sr': 0.7122598989576099, 'rc_connectivity': 0.013316681518519325, 'learning_rate': 0.003}",ppo,1000,linear,0.003,,,,,,
LunarLander-v3,filterbank+esn,5,1020,13.583333333333334,15.423101820000001,121.99636559024137,65.55834038299336,-87.35172222247706,2830,"{'decomposition': 'ema', 'n_filters': 12, 'slowest': 0.007278775282470501, 'input_scaling': 0.4150388723567341, 'bias_dist': 'foldnorm', 'bias_scaling': 0.04616118346075944, 'lr': 0.9174645206815777, 'sr': 0.7122598989576099, 'rc_connectivity': 0.013316681518519325, 'learning_rate': 0.003}",ppo,1000,linear,0.003,,,,,,
LunarLander-v3,filterbank+esn,4,1020,13.583333333333334,-107.88133647999999,29.446979564272816,-20.933554233514823,-78.03620377272728,2844,"{'decomposition': 'ema', 'n_filters': 12, 'slowest': 0.007278775282470501, 'input_scaling': 0.4150388723567341, 'bias_dist': 'foldnorm', 'bias_scaling': 0.04616118346075944, 'lr': 0.9174645206815777, 'sr': 0.7122598989576099, 'rc_connectivity': 0.013316681518519325, 'learning_rate': 0.003}",ppo,1000,linear,0.003,,,,,,
LunarLander-v3,filterbank+esn,3,1020,13.583333333333334,-85.08767272000001,38.21496941646086,-56.24776278514779,-52.30390592779783,2845,"{'decomposition': 'ema', 'n_filters': 12, 'slowest': 0.007278775282470501, 'input_scaling': 0.4150388723567341, 'bias_dist': 'foldnorm', 'bias_scaling': 0.04616118346075944, 'lr': 0.9174645206815777, 'sr': 0.7122598989576099, 'rc_connectivity': 0.013316681518519325, 'learning_rate': 0.003}",ppo,1000,linear,0.003,,,,,,
LunarLander-v3,filterbank+esn,8,1020,13.583333333333334,-77.29876107999999,51.9353605605687,31.428265357491554,141.47613681390976,2798,"{'decomposition': 'ema', 'n_filters': 12, 'slowest': 0.007278775282470501, 'input_scaling': 0.4150388723567341, 'bias_dist': 'foldnorm', 'bias_scaling': 0.04616118346075944, 'lr': 0.9174645206815777, 'sr': 0.7122598989576099, 'rc_connectivity': 0.013316681518519325, 'learning_rate': 0.003}",ppo,1000,linear,0.003,,,,,,
LunarLander-v3,filterbank+esn,5,1020,13.583333333333334,-75.4155958,71.92119883393171,154.98177755462032,126.96655276164876,3189,"{'decomposition': 'ema', 'n_filters': 12, 'slowest': 0.007278775282470501, 'input_scaling': 0.4150388723567341, 'bias_dist': 'foldnorm', 'bias_scaling': 0.04616118346075944, 'lr': 0.9174645206815777, 'sr': 0.7122598989576099, 'rc_connectivity': 0.013316681518519325, 'learning_rate': 0.0003}",ppo,1000,linear,0.0003,,,,,,
LunarLander-v3,filterbank+esn,2,1020,13.583333333333334,-177.20686343999998,68.28338851017746,-106.06327290436909,-186.41302074923544,2914,"{'decomposition': 'ema', 'n_filters': 12, 'slowest': 0.007278775282470501, 'input_scaling': 0.4150388723567341, 'bias_dist': 'foldnorm', 'bias_scaling': 0.04616118346075944, 'lr': 0.9174645206815777, 'sr': 0.7122598989576099, 'rc_connectivity': 0.013316681518519325, 'learning_rate': 0.003}",ppo,1000,linear,0.003,,,,,,
LunarLander-v3,filterbank+esn,9,1020,13.583333333333334,-96.17020919999999,63.55322510261562,-307.0769841372269,-201.2867573599182,2852,"{'decomposition': 'ema', 'n_filters': 12, 'slowest': 0.007278775282470501, 'input_scaling': 0.4150388723567341, 'bias_dist': 'foldnorm', 'bias_scaling': 0.04616118346075944, 'lr': 0.9174645206815777, 'sr': 0.7122598989576099, 'rc_connectivity': 0.013316681518519325, 'learning_rate': 0.003}",ppo,1000,linear,0.003,,,,,,
LunarLander-v3,filterbank+esn,3,1020,13.583333333333334,-353.98354794,85.23257407585503,-376.20274356121354,-374.16125443732193,2754,"{'decomposition': 'ema', 'n_filters': 12, 'slowest': 0.007278775282470501, 'input_scaling': 0.4150388723567341, 'bias_dist': 'foldnorm', 'bias_scaling': 0.04616118346075944, 'lr': 0.9174645206815777, 'sr': 0.7122598989576099, 'rc_connectivity': 0.013316681518519325, 'learning_rate': 0.01}",ppo,1000,linear,0.01,,,,,,
LunarLander-v3,filterbank+esn,2,1020,13.583333333333334,-134.91659382,37.37801957125905,-214.326367088417,-423.91063134491634,2819,"{'decomposition': 'ema', 'n_filters': 12, 'slowest': 0.007278775282470501, 'input_scaling': 0.4150388723567341, 'bias_dist': 'foldnorm', 'bias_scaling': 0.04616118346075944, 'lr': 0.9174645206815777, 'sr': 0.7122598989576099, 'rc_connectivity': 0.013316681518519325, 'learning_rate': 0.01}",ppo,1000,linear,0.01,,,,,,
LunarLander-v3,filterbank+esn,4,1020,13.583333333333334,-774.9180596,330.88997176669784,-837.6602915892344,-857.7916828429096,2813,"{'decomposition': 'ema', 'n_filters': 12, 'slowest': 0.007278775282470501, 'input_scaling': 0.4150388723567341, 'bias_dist': 'foldnorm', 'bias_scaling': 0.04616118346075944, 'lr': 0.9174645206815777, 'sr': 0.7122598989576099, 'rc_connectivity': 0.013316681518519325, 'learning_rate': 0.01}",ppo,1000,linear,0.01,,,,,,
LunarLander-v3,filterbank+esn,5,1020,13.583333333333334,-831.36965618,536.7959697885661,-844.6051326652434,-843.8738884696784,2807,"{'decomposition': 'ema', 'n_filters': 12, 'slowest': 0.007278775282470501, 'input_scaling': 0.4150388723567341, 'bias_dist': 'foldnorm', 'bias_scaling': 0.04616118346075944, 'lr': 0.9174645206815777, 'sr': 0.7122598989576099, 'rc_connectivity': 0.013316681518519325, 'learning_rate': 0.01}",ppo,1000,linear,0.01,,,,,,
LunarLander-v3,filterbank+esn,0,1020,13.583333333333334,-162.79185552,24.13945308700254,-142.42361646023784,-138.89492214,2924,"{'decomposition': 'ema', 'n_filters': 12, 'slowest': 0.007278775282470501, 'input_scaling': 0.4150388723567341, 'bias_dist': 'foldnorm', 'bias_scaling': 0.04616118346075944, 'lr': 0.9174645206815777, 'sr': 0.7122598989576099, 'rc_connectivity': 0.013316681518519325, 'learning_rate': 0.01}",ppo,1000,linear,0.01,,,,,,
LunarLander-v3,filterbank+esn,1,1020,13.583333333333334,-205.14113326000003,110.85344447418684,-194.97875870727432,-187.4713775634132,2906,"{'decomposition': 'ema', 'n_filters': 12, 'slowest': 0.007278775282470501, 'input_scaling': 0.4150388723567341, 'bias_dist': 'foldnorm', 'bias_scaling': 0.04616118346075944, 'lr': 0.9174645206815777, 'sr': 0.7122598989576099, 'rc_connectivity': 0.013316681518519325, 'learning_rate': 0.01}",ppo,1000,linear,0.01,,,,,,
LunarLander-v3,filterbank+esn,6,1020,13.583333333333334,-126.41344102,54.352848178463304,-131.1322190939595,-131.27292328817128,2917,"{'decomposition': 'ema', 'n_filters': 12, 'slowest': 0.007278775282470501, 'input_scaling': 0.4150388723567341, 'bias_dist': 'foldnorm', 'bias_scaling': 0.04616118346075944, 'lr': 0.9174645206815777, 'sr': 0.7122598989576099, 'rc_connectivity': 0.013316681518519325, 'learning_rate': 0.01}",ppo,1000,linear,0.01,,,,,,
LunarLander-v3,filterbank+esn,7,1020,13.583333333333334,-768.4213687999999,328.0470704676646,-858.8466062965593,-848.4272278961681,2790,"{'decomposition': 'ema', 'n_filters': 12, 'slowest': 0.007278775282470501, 'input_scaling': 0.4150388723567341, 'bias_dist': 'foldnorm', 'bias_scaling': 0.04616118346075944, 'lr': 0.9174645206815777, 'sr': 0.7122598989576099, 'rc_connectivity': 0.013316681518519325, 'learning_rate': 0.01}",ppo,1000,linear,0.01,,,,,,
LunarLander-v3,filterbank+esn,9,1020,13.583333333333334,-575.5604679200001,141.6640098494731,-576.7369403855284,-578.1567356539235,2901,"{'decomposition': 'ema', 'n_filters': 12, 'slowest': 0.007278775282470501, 'input_scaling': 0.4150388723567341, 'bias_dist': 'foldnorm', 'bias_scaling': 0.04616118346075944, 'lr': 0.9174645206815777, 'sr': 0.7122598989576099, 'rc_connectivity': 0.013316681518519325, 'learning_rate': 0.01}",ppo,1000,linear,0.01,,,,,,
LunarLander-v3,filterbank+esn,8,1020,13.583333333333334,-126.35847503999999,57.33025397602555,-133.48270924302508,-132.7662948866269,3013,"{'decomposition': 'ema', 'n_filters': 12, 'slowest': 0.007278775282470501, 'input_scaling': 0.4150388723567341, 'bias_dist': 'foldnorm', 'bias_scaling': 0.04616118346075944, 'lr': 0.9174645206815777, 'sr': 0.7122598989576099, 'rc_connectivity': 0.013316681518519325, 'learning_rate': 0.01}",ppo,1000,linear,0.01,,,,,,
LunarLander-v3,filterbank+hag,2,1020,12.096078431372549,-229.1458725,46.80393908966116,98.6127289221516,61.68151935227273,2836,"{'decomposition': 'ema', 'n_filters': 12, 'slowest': 0.022150628564983305, 'input_scaling': 0.3786189199484331, 'bias_dist': 'foldnorm', 'bias_scaling': 0.029687121836807887, 'lr': 0.7474064946212267, 'weight_increment': 0.0011133132425291139, 'min_window': 19, 'max_window': 43, 'use_full_instance': True, 'max_partners': 20, 'homeostasis': 'mean', 'target': 0.75, 'spread': 0.375, 'learning_rate': 0.0003}",ppo,1000,linear,0.0003,,,,,,
LunarLander-v3,filterbank+hag,4,1020,11.601960784313725,-75.03279118,102.66574386532538,105.62255305762787,120.1679856129754,2792,"{'decomposition': 'ema', 'n_filters': 12, 'slowest': 0.022150628564983305, 'input_scaling': 0.3786189199484331, 'bias_dist': 'foldnorm', 'bias_scaling': 0.029687121836807887, 'lr': 0.7474064946212267, 'weight_increment': 0.0011133132425291139, 'min_window': 19, 'max_window': 43, 'use_full_instance': True, 'max_partners': 20, 'homeostasis': 'mean', 'target': 0.75, 'spread': 0.375, 'learning_rate': 0.0003}",ppo,1000,linear,0.0003,,,,,,
LunarLander-v3,filterbank+hag,5,1020,11.977450980392156,202.45074370000003,111.12195205440315,152.23144947318323,228.46838732967035,2798,"{'decomposition': 'ema', 'n_filters': 12, 'slowest': 0.022150628564983305, 'input_scaling': 0.3786189199484331, 'bias_dist': 'foldnorm', 'bias_scaling': 0.029687121836807887, 'lr': 0.7474064946212267, 'weight_increment': 0.0011133132425291139, 'min_window': 19, 'max_window': 43, 'use_full_instance': True, 'max_partners': 20, 'homeostasis': 'mean', 'target': 0.75, 'spread': 0.375, 'learning_rate': 0.0003}",ppo,1000,linear,0.0003,,,,,,
LunarLander-v3,filterbank+hag,3,1020,11.674509803921568,129.56799728,57.26967153077394,61.41999629045383,102.07480925705327,2890,"{'decomposition': 'ema', 'n_filters': 12, 'slowest': 0.022150628564983305, 'input_scaling': 0.3786189199484331, 'bias_dist': 'foldnorm', 'bias_scaling': 0.029687121836807887, 'lr': 0.7474064946212267, 'weight_increment': 0.0011133132425291139, 'min_window': 19, 'max_window': 43, 'use_full_instance': True, 'max_partners': 20, 'homeostasis': 'mean', 'target': 0.75, 'spread': 0.375, 'learning_rate': 0.0003}",ppo,1000,linear,0.0003,,,,,,
LunarLander-v3,filterbank+hag,1,1020,11.816666666666666,-183.18193496,54.01835260057962,106.92778960925249,149.16879212303664,3024,"{'decomposition': 'ema', 'n_filters': 12, 'slowest': 0.022150628564983305, 'input_scaling': 0.3786189199484331, 'bias_dist': 'foldnorm', 'bias_scaling': 0.029687121836807887, 'lr': 0.7474064946212267, 'weight_increment': 0.0011133132425291139, 'min_window': 19, 'max_window': 43, 'use_full_instance': True, 'max_partners': 20, 'homeostasis': 'mean', 'target': 0.75, 'spread': 0.375, 'learning_rate': 0.0003}",ppo,1000,linear,0.0003,,,,,,
LunarLander-v3,filterbank+hag,0,1020,12.594117647058823,-466.30093944,703.6660346536069,103.08292714657568,73.33669878481012,3196,"{'decomposition': 'ema', 'n_filters': 12, 'slowest': 0.022150628564983305, 'input_scaling': 0.3786189199484331, 'bias_dist': 'foldnorm', 'bias_scaling': 0.029687121836807887, 'lr': 0.7474064946212267, 'weight_increment': 0.0011133132425291139, 'min_window': 19, 'max_window': 43, 'use_full_instance': True, 'max_partners': 20, 'homeostasis': 'mean', 'target': 0.75, 'spread': 0.375, 'learning_rate': 0.0003}",ppo,1000,linear,0.0003,,,,,,
LunarLander-v3,filterbank+hag,6,1020,12.526470588235295,81.44363050000001,92.62783031086175,128.4502909482679,94.83072322863742,2854,"{'decomposition': 'ema', 'n_filters': 12, 'slowest': 0.022150628564983305, 'input_scaling': 0.3786189199484331, 'bias_dist': 'foldnorm', 'bias_scaling': 0.029687121836807887, 'lr': 0.7474064946212267, 'weight_increment': 0.0011133132425291139, 'min_window': 19, 'max_window': 43, 'use_full_instance': True, 'max_partners': 20, 'homeostasis': 'mean', 'target': 0.75, 'spread': 0.375, 'learning_rate': 0.0003}",ppo,1000,linear,0.0003,,,,,,
LunarLander-v3,filterbank+hag,7,1020,12.89607843137255,-95.20630303999998,34.8128459948711,128.28188264448374,87.87135755309734,2949,"{'decomposition': 'ema', 'n_filters': 12, 'slowest': 0.022150628564983305, 'input_scaling': 0.3786189199484331, 'bias_dist': 'foldnorm', 'bias_scaling': 0.029687121836807887, 'lr': 0.7474064946212267, 'weight_increment': 0.0011133132425291139, 'min_window': 19, 'max_window': 43, 'use_full_instance': True, 'max_partners': 20, 'homeostasis': 'mean', 'target': 0.75, 'spread': 0.375, 'learning_rate': 0.0003}",ppo,1000,linear,0.0003,,,,,,
LunarLander-v3,filterbank+hag,8,1020,13.785294117647059,-6514.24223458,4095.5605556686273,148.3370785860988,128.867548701107,2779,"{'decomposition': 'ema', 'n_filters': 12, 'slowest': 0.022150628564983305, 'input_scaling': 0.3786189199484331, 'bias_dist': 'foldnorm', 'bias_scaling': 0.029687121836807887, 'lr': 0.7474064946212267, 'weight_increment': 0.0011133132425291139, 'min_window': 19, 'max_window': 43, 'use_full_instance': True, 'max_partners': 20, 'homeostasis': 'mean', 'target': 0.75, 'spread': 0.375, 'learning_rate': 0.0003}",ppo,1000,linear,0.0003,,,,,,
LunarLander-v3,filterbank+hag,9,1020,12.77843137254902,-91.60101095999998,47.26340026466474,122.30003920856464,84.07297021230158,2817,"{'decomposition': 'ema', 'n_filters': 12, 'slowest': 0.022150628564983305, 'input_scaling': 0.3786189199484331, 'bias_dist': 'foldnorm', 'bias_scaling': 0.029687121836807887, 'lr': 0.7474064946212267, 'weight_increment': 0.0011133132425291139, 'min_window': 19, 'max_window': 43, 'use_full_instance': True, 'max_partners': 20, 'homeostasis': 'mean', 'target': 0.75, 'spread': 0.375, 'learning_rate': 0.0003}",ppo,1000,linear,0.0003,,,,,,
LunarLander-v3,filterbank+hag,0,1020,12.594117647058823,-72.79284352,22.44578725211916,27.41540248015614,-46.79291933876221,2818,"{'decomposition': 'ema', 'n_filters': 12, 'slowest': 0.022150628564983305, 'input_scaling': 0.3786189199484331, 'bias_dist': 'foldnorm', 'bias_scaling': 0.029687121836807887, 'lr': 0.7474064946212267, 'weight_increment': 0.0011133132425291139, 'min_window': 19, 'max_window': 43, 'use_full_instance': True, 'max_partners': 20, 'homeostasis': 'mean', 'target': 0.75, 'spread': 0.375, 'learning_rate': 0.001}",ppo,1000,linear,0.001,,,,,,
LunarLander-v3,filterbank+hag,3,1020,11.674509803921568,-114.05737862,28.756769507615246,75.6250625628967,-25.067700835260112,2795,"{'decomposition': 'ema', 'n_filters': 12, 'slowest': 0.022150628564983305, 'input_scaling': 0.3786189199484331, 'bias_dist': 'foldnorm', 'bias_scaling': 0.029687121836807887, 'lr': 0.7474064946212267, 'weight_increment': 0.0011133132425291139, 'min_window': 19, 'max_window': 43, 'use_full_instance': True, 'max_partners': 20, 'homeostasis': 'mean', 'target': 0.75, 'spread': 0.375, 'learning_rate': 0.001}",ppo,1000,linear,0.001,,,,,,
LunarLander-v3,filterbank+hag,2,1020,12.096078431372549,-113.221668,20.245771364868794,-11.611908673448625,-13.60261837414966,2823,"{'decomposition': 'ema', 'n_filters': 12, 'slowest': 0.022150628564983305, 'input_scaling': 0.3786189199484331, 'bias_dist': 'foldnorm', 'bias_scaling': 0.029687121836807887, 'lr': 0.7474064946212267, 'weight_increment': 0.0011133132425291139, 'min_window': 19, 'max_window': 43, 'use_full_instance': True, 'max_partners': 20, 'homeostasis': 'mean', 'target': 0.75, 'spread': 0.375, 'learning_rate': 0.001}",ppo,1000,linear,0.001,,,,,,
LunarLander-v3,filterbank+hag,1,1020,11.816666666666666,-116.73783822,40.28008159162443,43.55923588542681,-3.6195546883116876,2897,"{'decomposition': 'ema', 'n_filters': 12, 'slowest': 0.022150628564983305, 'input_scaling': 0.3786189199484331, 'bias_dist': 'foldnorm', 'bias_scaling': 0.029687121836807887, 'lr': 0.7474064946212267, 'weight_increment': 0.0011133132425291139, 'min_window': 19, 'max_window': 43, 'use_full_instance': True, 'max_partners': 20, 'homeostasis': 'mean', 'target': 0.75, 'spread': 0.375, 'learning_rate': 0.001}",ppo,1000,linear,0.001,,,,,,
LunarLander-v3,filterbank+hag,3,1020,11.674509803921568,-60.77536164000001,26.46263201596059,-52.069431622400586,-20.448280456204373,2734,"{'decomposition': 'ema', 'n_filters': 12, 'slowest': 0.022150628564983305, 'input_scaling': 0.3786189199484331, 'bias_dist': 'foldnorm', 'bias_scaling': 0.029687121836807887, 'lr': 0.7474064946212267, 'weight_increment': 0.0011133132425291139, 'min_window': 19, 'max_window': 43, 'use_full_instance': True, 'max_partners': 20, 'homeostasis': 'mean', 'target': 0.75, 'spread': 0.375, 'learning_rate': 0.003}",ppo,1000,linear,0.003,,,,,,
LunarLander-v3,filterbank+hag,6,1020,12.526470588235295,-57.72467191999999,69.7691267874204,-278.89615895882986,-58.60940648550724,2738,"{'decomposition': 'ema', 'n_filters': 12, 'slowest': 0.022150628564983305, 'input_scaling': 0.3786189199484331, 'bias_dist': 'foldnorm', 'bias_scaling': 0.029687121836807887, 'lr': 0.7474064946212267, 'weight_increment': 0.0011133132425291139, 'min_window': 19, 'max_window': 43, 'use_full_instance': True, 'max_partners': 20, 'homeostasis': 'mean', 'target': 0.75, 'spread': 0.375, 'learning_rate': 0.003}",ppo,1000,linear,0.003,,,,,,
LunarLander-v3,filterbank+hag,2,1020,12.096078431372549,-138.06925542000002,39.96696367951701,-44.3573506918489,-85.37045037209302,2780,"{'decomposition': 'ema', 'n_filters': 12, 'slowest': 0.022150628564983305, 'input_scaling': 0.3786189199484331, 'bias_dist': 'foldnorm', 'bias_scaling': 0.029687121836807887, 'lr': 0.7474064946212267, 'weight_increment': 0.0011133132425291139, 'min_window': 19, 'max_window': 43, 'use_full_instance': True, 'max_partners': 20, 'homeostasis': 'mean', 'target': 0.75, 'spread': 0.375, 'learning_rate': 0.003}",ppo,1000,linear,0.003,,,,,,
LunarLander-v3,filterbank+hag,6,1020,12.526470588235295,-92.32559172,28.081450801960504,34.0818819462015,-35.782285248366016,2892,"{'decomposition': 'ema', 'n_filters': 12, 'slowest': 0.022150628564983305, 'input_scaling': 0.3786189199484331, 'bias_dist': 'foldnorm', 'bias_scaling': 0.029687121836807887, 'lr': 0.7474064946212267, 'weight_increment': 0.0011133132425291139, 'min_window': 19, 'max_window': 43, 'use_full_instance': True, 'max_partners': 20, 'homeostasis': 'mean', 'target': 0.75, 'spread': 0.375, 'learning_rate': 0.001}",ppo,1000,linear,0.001,,,,,,
LunarLander-v3,filterbank+hag,4,1020,11.601960784313725,-90.12658266,39.103097788250885,71.62452116936984,-34.497103904255326,2966,"{'decomposition': 'ema', 'n_filters': 12, 'slowest': 0.022150628564983305, 'input_scaling': 0.3786189199484331, 'bias_dist': 'foldnorm', 'bias_scaling': 0.029687121836807887, 'lr': 0.7474064946212267, 'weight_increment': 0.0011133132425291139, 'min_window': 19, 'max_window': 43, 'use_full_instance': True, 'max_partners': 20, 'homeostasis': 'mean', 'target': 0.75, 'spread': 0.375, 'learning_rate': 0.001}",ppo,1000,linear,0.001,,,,,,
LunarLander-v3,filterbank+hag,7,1020,12.89607843137255,-6791.092231340001,5421.515634694827,16.06281803794326,-56.31397692907801,2863,"{'decomposition': 'ema', 'n_filters': 12, 'slowest': 0.022150628564983305, 'input_scaling': 0.3786189199484331, 'bias_dist': 'foldnorm', 'bias_scaling': 0.029687121836807887, 'lr': 0.7474064946212267, 'weight_increment': 0.0011133132425291139, 'min_window': 19, 'max_window': 43, 'use_full_instance': True, 'max_partners': 20, 'homeostasis': 'mean', 'target': 0.75, 'spread': 0.375, 'learning_rate': 0.001}",ppo,1000,linear,0.001,,,,,,
LunarLander-v3,filterbank+hag,7,1020,12.89607843137255,-178.72816240000003,32.86608682498151,-667.653583556721,-186.17877602762434,2754,"{'decomposition': 'ema', 'n_filters': 12, 'slowest': 0.022150628564983305, 'input_scaling': 0.3786189199484331, 'bias_dist': 'foldnorm', 'bias_scaling': 0.029687121836807887, 'lr': 0.7474064946212267, 'weight_increment': 0.0011133132425291139, 'min_window': 19, 'max_window': 43, 'use_full_instance': True, 'max_partners': 20, 'homeostasis': 'mean', 'target': 0.75, 'spread': 0.375, 'learning_rate': 0.003}",ppo,1000,linear,0.003,,,,,,
LunarLander-v3,filterbank+hag,5,1020,11.977450980392156,-49.25867234,46.663003632055826,119.14704461336281,24.77110047665848,2982,"{'decomposition': 'ema', 'n_filters': 12, 'slowest': 0.022150628564983305, 'input_scaling': 0.3786189199484331, 'bias_dist': 'foldnorm', 'bias_scaling': 0.029687121836807887, 'lr': 0.7474064946212267, 'weight_increment': 0.0011133132425291139, 'min_window': 19, 'max_window': 43, 'use_full_instance': True, 'max_partners': 20, 'homeostasis': 'mean', 'target': 0.75, 'spread': 0.375, 'learning_rate': 0.001}",ppo,1000,linear,0.001,,,,,,
LunarLander-v3,filterbank+hag,9,1020,12.77843137254902,-10.673370100000001,107.59886512870736,11.882618693029073,72.94241436050157,2771,"{'decomposition': 'ema', 'n_filters': 12, 'slowest': 0.022150628564983305, 'input_scaling': 0.3786189199484331, 'bias_dist': 'foldnorm', 'bias_scaling': 0.029687121836807887, 'lr': 0.7474064946212267, 'weight_increment': 0.0011133132425291139, 'min_window': 19, 'max_window': 43, 'use_full_instance': True, 'max_partners': 20, 'homeostasis': 'mean', 'target': 0.75, 'spread': 0.375, 'learning_rate': 0.003}",ppo,1000,linear,0.003,,,,,,
LunarLander-v3,filterbank+hag,4,1020,11.601960784313725,-113.18816527999999,115.89479909661056,-122.27905124336462,-132.6047595971543,2743,"{'decomposition': 'ema', 'n_filters': 12, 'slowest': 0.022150628564983305, 'input_scaling': 0.3786189199484331, 'bias_dist': 'foldnorm', 'bias_scaling': 0.029687121836807887, 'lr': 0.7474064946212267, 'weight_increment': 0.0011133132425291139, 'min_window': 19, 'max_window': 43, 'use_full_instance': True, 'max_partners': 20, 'homeostasis': 'mean', 'target': 0.75, 'spread': 0.375, 'learning_rate': 0.01}",ppo,1000,linear,0.01,,,,,,
LunarLander-v3,filterbank+hag,0,1020,12.594117647058823,-104.0484017,50.916981228538106,-34.89185046889609,9.612230780575537,2950,"{'decomposition': 'ema', 'n_filters': 12, 'slowest': 0.022150628564983305, 'input_scaling': 0.3786189199484331, 'bias_dist': 'foldnorm', 'bias_scaling': 0.029687121836807887, 'lr': 0.7474064946212267, 'weight_increment': 0.0011133132425291139, 'min_window': 19, 'max_window': 43, 'use_full_instance': True, 'max_partners': 20, 'homeostasis': 'mean', 'target': 0.75, 'spread': 0.375, 'learning_rate': 0.003}",ppo,1000,linear,0.003,,,,,,
LunarLander-v3,filterbank+hag,1,1020,11.816666666666666,-4918.84692364,4477.192537960729,-474.26742883116475,-96.18354783809524,2944,"{'decomposition': 'ema', 'n_filters': 12, 'slowest': 0.022150628564983305, 'input_scaling': 0.3786189199484331, 'bias_dist': 'foldnorm', 'bias_scaling': 0.029687121836807887, 'lr': 0.7474064946212267, 'weight_increment': 0.0011133132425291139, 'min_window': 19, 'max_window': 43, 'use_full_instance': True, 'max_partners': 20, 'homeostasis': 'mean', 'target': 0.75, 'spread': 0.375, 'learning_rate': 0.003}",ppo,1000,linear,0.003,,,,,,
LunarLander-v3,filterbank+hag,1,1020,11.816666666666666,-312.2380788,90.69795203904836,-303.4507401325634,-299.32031465131115,2826,"{'decomposition': 'ema', 'n_filters': 12, 'slowest': 0.022150628564983305, 'input_scaling': 0.3786189199484331, 'bias_dist': 'foldnorm', 'bias_scaling': 0.029687121836807887, 'lr': 0.7474064946212267, 'weight_increment': 0.0011133132425291139, 'min_window': 19, 'max_window': 43, 'use_full_instance': True, 'max_partners': 20, 'homeostasis': 'mean', 'target': 0.75, 'spread': 0.375, 'learning_rate': 0.01}",ppo,1000,linear,0.01,,,,,,
LunarLander-v3,filterbank+hag,0,1020,12.594117647058823,-133.38020256,44.68533763694481,-133.0564071367751,-130.63698364745403,2835,"{'decomposition': 'ema', 'n_filters': 12, 'slowest': 0.022150628564983305, 'input_scaling': 0.3786189199484331, 'bias_dist': 'foldnorm', 'bias_scaling': 0.029687121836807887, 'lr': 0.7474064946212267, 'weight_increment': 0.0011133132425291139, 'min_window': 19, 'max_window': 43, 'use_full_instance': True, 'max_partners': 20, 'homeostasis': 'mean', 'target': 0.75, 'spread': 0.375, 'learning_rate': 0.01}",ppo,1000,linear,0.01,,,,,,
LunarLander-v3,filterbank+hag,3,1020,11.674509803921568,-763.0812430599998,349.99566545576414,-827.2841856689048,-854.787772477946,2841,"{'decomposition': 'ema', 'n_filters': 12, 'slowest': 0.022150628564983305, 'input_scaling': 0.3786189199484331, 'bias_dist': 'foldnorm', 'bias_scaling': 0.029687121836807887, 'lr': 0.7474064946212267, 'weight_increment': 0.0011133132425291139, 'min_window': 19, 'max_window': 43, 'use_full_instance': True, 'max_partners': 20, 'homeostasis': 'mean', 'target': 0.75, 'spread': 0.375, 'learning_rate': 0.01}",ppo,1000,linear,0.01,,,,,,
LunarLander-v3,filterbank+hag,4,1020,11.601960784313725,-71.60800806,30.882547735692476,0.37121099180736455,-72.35560495522388,2958,"{'decomposition': 'ema', 'n_filters': 12, 'slowest': 0.022150628564983305, 'input_scaling': 0.3786189199484331, 'bias_dist': 'foldnorm', 'bias_scaling': 0.029687121836807887, 'lr': 0.7474064946212267, 'weight_increment': 0.0011133132425291139, 'min_window': 19, 'max_window': 43, 'use_full_instance': True, 'max_partners': 20, 'homeostasis': 'mean', 'target': 0.75, 'spread': 0.375, 'learning_rate': 0.003}",ppo,1000,linear,0.003,,,,,,
LunarLander-v3,filterbank+hag,8,1020,13.785294117647059,-834.3218714,427.59015391217434,-834.4224888870708,-852.211629183634,2704,"{'decomposition': 'ema', 'n_filters': 12, 'slowest': 0.022150628564983305, 'input_scaling': 0.3786189199484331, 'bias_dist': 'foldnorm', 'bias_scaling': 0.029687121836807887, 'lr': 0.7474064946212267, 'weight_increment': 0.0011133132425291139, 'min_window': 19, 'max_window': 43, 'use_full_instance': True, 'max_partners': 20, 'homeostasis': 'mean', 'target': 0.75, 'spread': 0.375, 'learning_rate': 0.01}",ppo,1000,linear,0.01,,,,,,
LunarLander-v3,filterbank+hag,7,1020,12.89607843137255,-291.73860252,65.98140221510283,-311.43928087280796,-301.9094588333333,2714,"{'decomposition': 'ema', 'n_filters': 12, 'slowest': 0.022150628564983305, 'input_scaling': 0.3786189199484331, 'bias_dist': 'foldnorm', 'bias_scaling': 0.029687121836807887, 'lr': 0.7474064946212267, 'weight_increment': 0.0011133132425291139, 'min_window': 19, 'max_window': 43, 'use_full_instance': True, 'max_partners': 20, 'homeostasis': 'mean', 'target': 0.75, 'spread': 0.375, 'learning_rate': 0.01}",ppo,1000,linear,0.01,,,,,,
LunarLander-v3,filterbank+hag,2,1020,12.096078431372549,-132.18103352,55.78995772993341,-136.20263072246186,-133.0548613065591,2870,"{'decomposition': 'ema', 'n_filters': 12, 'slowest': 0.022150628564983305, 'input_scaling': 0.3786189199484331, 'bias_dist': 'foldnorm', 'bias_scaling': 0.029687121836807887, 'lr': 0.7474064946212267, 'weight_increment': 0.0011133132425291139, 'min_window': 19, 'max_window': 43, 'use_full_instance': True, 'max_partners': 20, 'homeostasis': 'mean', 'target': 0.75, 'spread': 0.375, 'learning_rate': 0.01}",ppo,1000,linear,0.01,,,,,,
LunarLander-v3,filterbank+hag,9,1020,12.77843137254902,124.50818234,80.5881769587253,142.05518979965197,111.21685612854031,3041,"{'decomposition': 'ema', 'n_filters': 12, 'slowest': 0.022150628564983305, 'input_scaling': 0.3786189199484331, 'bias_dist': 'foldnorm', 'bias_scaling': 0.029687121836807887, 'lr': 0.7474064946212267, 'weight_increment': 0.0011133132425291139, 'min_window': 19, 'max_window': 43, 'use_full_instance': True, 'max_partners': 20, 'homeostasis': 'mean', 'target': 0.75, 'spread': 0.375, 'learning_rate': 0.001}",ppo,1000,linear,0.001,,,,,,
LunarLander-v3,filterbank+hag,5,1020,11.977450980392156,-244.50041365999996,174.09290365699795,-345.87518643887,-280.0180546521443,2831,"{'decomposition': 'ema', 'n_filters': 12, 'slowest': 0.022150628564983305, 'input_scaling': 0.3786189199484331, 'bias_dist': 'foldnorm', 'bias_scaling': 0.029687121836807887, 'lr': 0.7474064946212267, 'weight_increment': 0.0011133132425291139, 'min_window': 19, 'max_window': 43, 'use_full_instance': True, 'max_partners': 20, 'homeostasis': 'mean', 'target': 0.75, 'spread': 0.375, 'learning_rate': 0.01}",ppo,1000,linear,0.01,,,,,,
LunarLander-v3,filterbank+hag,8,1020,13.785294117647059,-3786.8437199400005,3515.6464914372223,30.25268892439328,5.697600915887851,3061,"{'decomposition': 'ema', 'n_filters': 12, 'slowest': 0.022150628564983305, 'input_scaling': 0.3786189199484331, 'bias_dist': 'foldnorm', 'bias_scaling': 0.029687121836807887, 'lr': 0.7474064946212267, 'weight_increment': 0.0011133132425291139, 'min_window': 19, 'max_window': 43, 'use_full_instance': True, 'max_partners': 20, 'homeostasis': 'mean', 'target': 0.75, 'spread': 0.375, 'learning_rate': 0.001}",ppo,1000,linear,0.001,,,,,,
LunarLander-v3,filterbank+hag,8,1020,13.785294117647059,-149.36635038,43.89351188654661,-111.65080626735218,-146.92583311575564,3035,"{'decomposition': 'ema', 'n_filters': 12, 'slowest': 0.022150628564983305, 'input_scaling': 0.3786189199484331, 'bias_dist': 'foldnorm', 'bias_scaling': 0.029687121836807887, 'lr': 0.7474064946212267, 'weight_increment': 0.0011133132425291139, 'min_window': 19, 'max_window': 43, 'use_full_instance': True, 'max_partners': 20, 'homeostasis': 'mean', 'target': 0.75, 'spread': 0.375, 'learning_rate': 0.003}",ppo,1000,linear,0.003,,,,,,
LunarLander-v3,filterbank+hag,9,1020,12.77843137254902,-112.46806294,11.498015794699425,-117.07286313339128,-115.31751733518776,2787,"{'decomposition': 'ema', 'n_filters': 12, 'slowest': 0.022150628564983305, 'input_scaling': 0.3786189199484331, 'bias_dist': 'foldnorm', 'bias_scaling': 0.029687121836807887, 'lr': 0.7474064946212267, 'weight_increment': 0.0011133132425291139, 'min_window': 19, 'max_window': 43, 'use_full_instance': True, 'max_partners': 20, 'homeostasis': 'mean', 'target': 0.75, 'spread': 0.375, 'learning_rate': 0.01}",ppo,1000,linear,0.01,,,,,,
LunarLander-v3,filterbank+hag,5,1020,11.977450980392156,-142.65907302,79.68609816948003,-40.87772731561259,-39.710433198776755,3147,"{'decomposition': 'ema', 'n_filters': 12, 'slowest': 0.022150628564983305, 'input_scaling': 0.3786189199484331, 'bias_dist': 'foldnorm', 'bias_scaling': 0.029687121836807887, 'lr': 0.7474064946212267, 'weight_increment': 0.0011133132425291139, 'min_window': 19, 'max_window': 43, 'use_full_instance': True, 'max_partners': 20, 'homeostasis': 'mean', 'target': 0.75, 'spread': 0.375, 'learning_rate': 0.003}",ppo,1000,linear,0.003,,,,,,
LunarLander-v3,filterbank+hag,6,1020,12.526470588235295,-783.4609115200002,344.94384163755615,-721.9998493309542,-808.6691976873661,2994,"{'decomposition': 'ema', 'n_filters': 12, 'slowest': 0.022150628564983305, 'input_scaling': 0.3786189199484331, 'bias_dist': 'foldnorm', 'bias_scaling': 0.029687121836807887, 'lr': 0.7474064946212267, 'weight_increment': 0.0011133132425291139, 'min_window': 19, 'max_window': 43, 'use_full_instance': True, 'max_partners': 20, 'homeostasis': 'mean', 'target': 0.75, 'spread': 0.375, 'learning_rate': 0.01}",ppo,1000,linear,0.01,,,,,,
LunarLander-v3,filterbank+proj,4,1020,0.0,-236.58587198,61.35998185998059,127.45682471661358,115.51891565290806,2732,"{'decomposition': 'ema', 'n_filters': 12, 'slowest': 0.022150628564983305, 'input_scaling': 0.3786189199484331, 'bias_dist': 'foldnorm', 'bias_scaling': 0.029687121836807887, 'lr': 0.7474064946212267, 'weight_increment': 0.0011133132425291139, 'min_window': 19, 'max_window': 43, 'use_full_instance': True, 'max_partners': 20, 'homeostasis': 'mean', 'target': 0.75, 'spread': 0.375, 'learning_rate': 0.0003}",ppo,1000,linear,0.0003,,,,,,
LunarLander-v3,filterbank+proj,5,1020,0.0,-4851.63384174,3949.098496594957,124.93618379267535,109.44053951759835,2757,"{'decomposition': 'ema', 'n_filters': 12, 'slowest': 0.022150628564983305, 'input_scaling': 0.3786189199484331, 'bias_dist': 'foldnorm', 'bias_scaling': 0.029687121836807887, 'lr': 0.7474064946212267, 'weight_increment': 0.0011133132425291139, 'min_window': 19, 'max_window': 43, 'use_full_instance': True, 'max_partners': 20, 'homeostasis': 'mean', 'target': 0.75, 'spread': 0.375, 'learning_rate': 0.0003}",ppo,1000,linear,0.0003,,,,,,
LunarLander-v3,filterbank+proj,2,1020,0.0,-112.21679468,135.0734151196582,99.91118641791046,180.956610620098,2914,"{'decomposition': 'ema', 'n_filters': 12, 'slowest': 0.022150628564983305, 'input_scaling': 0.3786189199484331, 'bias_dist': 'foldnorm', 'bias_scaling': 0.029687121836807887, 'lr': 0.7474064946212267, 'weight_increment': 0.0011133132425291139, 'min_window': 19, 'max_window': 43, 'use_full_instance': True, 'max_partners': 20, 'homeostasis': 'mean', 'target': 0.75, 'spread': 0.375, 'learning_rate': 0.0003}",ppo,1000,linear,0.0003,,,,,,
LunarLander-v3,filterbank+proj,1,1020,0.0,-132.01147012,28.2382019950916,114.11297820705664,48.380202634883716,2934,"{'decomposition': 'ema', 'n_filters': 12, 'slowest': 0.022150628564983305, 'input_scaling': 0.3786189199484331, 'bias_dist': 'foldnorm', 'bias_scaling': 0.029687121836807887, 'lr': 0.7474064946212267, 'weight_increment': 0.0011133132425291139, 'min_window': 19, 'max_window': 43, 'use_full_instance': True, 'max_partners': 20, 'homeostasis': 'mean', 'target': 0.75, 'spread': 0.375, 'learning_rate': 0.0003}",ppo,1000,linear,0.0003,,,,,,
LunarLander-v3,filterbank+proj,0,1020,0.0,-6480.4085620000005,5398.550890868972,131.71663776037485,105.64656953348215,3005,"{'decomposition': 'ema', 'n_filters': 12, 'slowest': 0.022150628564983305, 'input_scaling': 0.3786189199484331, 'bias_dist': 'foldnorm', 'bias_scaling': 0.029687121836807887, 'lr': 0.7474064946212267, 'weight_increment': 0.0011133132425291139, 'min_window': 19, 'max_window': 43, 'use_full_instance': True, 'max_partners': 20, 'homeostasis': 'mean', 'target': 0.75, 'spread': 0.375, 'learning_rate': 0.0003}",ppo,1000,linear,0.0003,,,,,,
LunarLander-v3,filterbank+proj,7,1020,0.0,-117.97252085999999,29.923289096548636,95.01683202475637,97.95992667018469,2624,"{'decomposition': 'ema', 'n_filters': 12, 'slowest': 0.022150628564983305, 'input_scaling': 0.3786189199484331, 'bias_dist': 'foldnorm', 'bias_scaling': 0.029687121836807887, 'lr': 0.7474064946212267, 'weight_increment': 0.0011133132425291139, 'min_window': 19, 'max_window': 43, 'use_full_instance': True, 'max_partners': 20, 'homeostasis': 'mean', 'target': 0.75, 'spread': 0.375, 'learning_rate': 0.0003}",ppo,1000,linear,0.0003,,,,,,
LunarLander-v3,filterbank+proj,3,1020,0.0,-11699.201693459996,5390.35618584813,117.94054723192903,67.9777268713969,3008,"{'decomposition': 'ema', 'n_filters': 12, 'slowest': 0.022150628564983305, 'input_scaling': 0.3786189199484331, 'bias_dist': 'foldnorm', 'bias_scaling': 0.029687121836807887, 'lr': 0.7474064946212267, 'weight_increment': 0.0011133132425291139, 'min_window': 19, 'max_window': 43, 'use_full_instance': True, 'max_partners': 20, 'homeostasis': 'mean', 'target': 0.75, 'spread': 0.375, 'learning_rate': 0.0003}",ppo,1000,linear,0.0003,,,,,,
LunarLander-v3,filterbank+proj,6,1020,0.0,-89.94364018,24.33452065723232,129.67817768599778,93.60131460927151,2979,"{'decomposition': 'ema', 'n_filters': 12, 'slowest': 0.022150628564983305, 'input_scaling': 0.3786189199484331, 'bias_dist': 'foldnorm', 'bias_scaling': 0.029687121836807887, 'lr': 0.7474064946212267, 'weight_increment': 0.0011133132425291139, 'min_window': 19, 'max_window': 43, 'use_full_instance': True, 'max_partners': 20, 'homeostasis': 'mean', 'target': 0.75, 'spread': 0.375, 'learning_rate': 0.0003}",ppo,1000,linear,0.0003,,,,,,
LunarLander-v3,filterbank+proj,8,1020,0.0,-91.32567733999998,29.52669264403229,129.44833660179884,127.86622533537833,2872,"{'decomposition': 'ema', 'n_filters': 12, 'slowest': 0.022150628564983305, 'input_scaling': 0.3786189199484331, 'bias_dist': 'foldnorm', 'bias_scaling': 0.029687121836807887, 'lr': 0.7474064946212267, 'weight_increment': 0.0011133132425291139, 'min_window': 19, 'max_window': 43, 'use_full_instance': True, 'max_partners': 20, 'homeostasis': 'mean', 'target': 0.75, 'spread': 0.375, 'learning_rate': 0.0003}",ppo,1000,linear,0.0003,,,,,,
LunarLander-v3,filterbank+proj,0,1020,0.0,-94.07200984,26.278381725900296,72.60117689014793,-24.590515706624597,2763,"{'decomposition': 'ema', 'n_filters': 12, 'slowest': 0.022150628564983305, 'input_scaling': 0.3786189199484331, 'bias_dist': 'foldnorm', 'bias_scaling': 0.029687121836807887, 'lr': 0.7474064946212267, 'weight_increment': 0.0011133132425291139, 'min_window': 19, 'max_window': 43, 'use_full_instance': True, 'max_partners': 20, 'homeostasis': 'mean', 'target': 0.75, 'spread': 0.375, 'learning_rate': 0.001}",ppo,1000,linear,0.001,,,,,,
LunarLander-v3,filterbank+proj,9,1020,0.0,-144.01352550000001,74.93884405347862,113.74081150695189,149.37405111991433,2807,"{'decomposition': 'ema', 'n_filters': 12, 'slowest': 0.022150628564983305, 'input_scaling': 0.3786189199484331, 'bias_dist': 'foldnorm', 'bias_scaling': 0.029687121836807887, 'lr': 0.7474064946212267, 'weight_increment': 0.0011133132425291139, 'min_window': 19, 'max_window': 43, 'use_full_instance': True, 'max_partners': 20, 'homeostasis': 'mean', 'target': 0.75, 'spread': 0.375, 'learning_rate': 0.0003}",ppo,1000,linear,0.0003,,,,,,
LunarLander-v3,filterbank+proj,1,1020,0.0,-77.90454095999999,40.265049282316554,116.34692568349999,5.9108310075,2801,"{'decomposition': 'ema', 'n_filters': 12, 'slowest': 0.022150628564983305, 'input_scaling': 0.3786189199484331, 'bias_dist': 'foldnorm', 'bias_scaling': 0.029687121836807887, 'lr': 0.7474064946212267, 'weight_increment': 0.0011133132425291139, 'min_window': 19, 'max_window': 43, 'use_full_instance': True, 'max_partners': 20, 'homeostasis': 'mean', 'target': 0.75, 'spread': 0.375, 'learning_rate': 0.001}",ppo,1000,linear,0.001,,,,,,
LunarLander-v3,filterbank+proj,2,1020,0.0,-186.15646168,56.5577918040167,39.69836938909657,-14.060841423676012,2788,"{'decomposition': 'ema', 'n_filters': 12, 'slowest': 0.022150628564983305, 'input_scaling': 0.3786189199484331, 'bias_dist': 'foldnorm', 'bias_scaling': 0.029687121836807887, 'lr': 0.7474064946212267, 'weight_increment': 0.0011133132425291139, 'min_window': 19, 'max_window': 43, 'use_full_instance': True, 'max_partners': 20, 'homeostasis': 'mean', 'target': 0.75, 'spread': 0.375, 'learning_rate': 0.001}",ppo,1000,linear,0.001,,,,,,
LunarLander-v3,filterbank+proj,3,1020,0.0,-91.53272282,28.814623370583654,120.15503897938639,68.38347629736211,2850,"{'decomposition': 'ema', 'n_filters': 12, 'slowest': 0.022150628564983305, 'input_scaling': 0.3786189199484331, 'bias_dist': 'foldnorm', 'bias_scaling': 0.029687121836807887, 'lr': 0.7474064946212267, 'weight_increment': 0.0011133132425291139, 'min_window': 19, 'max_window': 43, 'use_full_instance': True, 'max_partners': 20, 'homeostasis': 'mean', 'target': 0.75, 'spread': 0.375, 'learning_rate': 0.001}",ppo,1000,linear,0.001,,,,,,
LunarLander-v3,filterbank+proj,4,1020,0.0,-68.37954608000001,22.099135929981607,20.675397850602412,-43.170268193103446,2754,"{'decomposition': 'ema', 'n_filters': 12, 'slowest': 0.022150628564983305, 'input_scaling': 0.3786189199484331, 'bias_dist': 'foldnorm', 'bias_scaling': 0.029687121836807887, 'lr': 0.7474064946212267, 'weight_increment': 0.0011133132425291139, 'min_window': 19, 'max_window': 43, 'use_full_instance': True, 'max_partners': 20, 'homeostasis': 'mean', 'target': 0.75, 'spread': 0.375, 'learning_rate': 0.001}",ppo,1000,linear,0.001,,,,,,
LunarLander-v3,filterbank+proj,5,1020,0.0,-80.90663674000001,28.526405009814393,34.21663110779436,29.4557054152824,2754,"{'decomposition': 'ema', 'n_filters': 12, 'slowest': 0.022150628564983305, 'input_scaling': 0.3786189199484331, 'bias_dist': 'foldnorm', 'bias_scaling': 0.029687121836807887, 'lr': 0.7474064946212267, 'weight_increment': 0.0011133132425291139, 'min_window': 19, 'max_window': 43, 'use_full_instance': True, 'max_partners': 20, 'homeostasis': 'mean', 'target': 0.75, 'spread': 0.375, 'learning_rate': 0.001}",ppo,1000,linear,0.001,,,,,,
LunarLander-v3,filterbank+proj,6,1020,0.0,-143.93301378,42.763623050142755,58.22717115142479,35.074848275747506,2674,"{'decomposition': 'ema', 'n_filters': 12, 'slowest': 0.022150628564983305, 'input_scaling': 0.3786189199484331, 'bias_dist': 'foldnorm', 'bias_scaling': 0.029687121836807887, 'lr': 0.7474064946212267, 'weight_increment': 0.0011133132425291139, 'min_window': 19, 'max_window': 43, 'use_full_instance': True, 'max_partners': 20, 'homeostasis': 'mean', 'target': 0.75, 'spread': 0.375, 'learning_rate': 0.001}",ppo,1000,linear,0.001,,,,,,
LunarLander-v3,filterbank+proj,7,1020,0.0,-110.01386178000001,23.04113246982579,58.89948953412553,-9.682459140243903,2802,"{'decomposition': 'ema', 'n_filters': 12, 'slowest': 0.022150628564983305, 'input_scaling': 0.3786189199484331, 'bias_dist': 'foldnorm', 'bias_scaling': 0.029687121836807887, 'lr': 0.7474064946212267, 'weight_increment': 0.0011133132425291139, 'min_window': 19, 'max_window': 43, 'use_full_instance': True, 'max_partners': 20, 'homeostasis': 'mean', 'target': 0.75, 'spread': 0.375, 'learning_rate': 0.001}",ppo,1000,linear,0.001,,,,,,
LunarLander-v3,filterbank+proj,9,1020,0.0,-83.91184644,21.794721771212537,26.878991464583972,51.037958922600616,2768,"{'decomposition': 'ema', 'n_filters': 12, 'slowest': 0.022150628564983305, 'input_scaling': 0.3786189199484331, 'bias_dist': 'foldnorm', 'bias_scaling': 0.029687121836807887, 'lr': 0.7474064946212267, 'weight_increment': 0.0011133132425291139, 'min_window': 19, 'max_window': 43, 'use_full_instance': True, 'max_partners': 20, 'homeostasis': 'mean', 'target': 0.75, 'spread': 0.375, 'learning_rate': 0.001}",ppo,1000,linear,0.001,,,,,,
LunarLander-v3,filterbank+proj,8,1020,0.0,-45.560552699999995,32.66244165271468,44.88889106875215,11.239702172413793,2826,"{'decomposition': 'ema', 'n_filters': 12, 'slowest': 0.022150628564983305, 'input_scaling': 0.3786189199484331, 'bias_dist': 'foldnorm', 'bias_scaling': 0.029687121836807887, 'lr': 0.7474064946212267, 'weight_increment': 0.0011133132425291139, 'min_window': 19, 'max_window': 43, 'use_full_instance': True, 'max_partners': 20, 'homeostasis': 'mean', 'target': 0.75, 'spread': 0.375, 'learning_rate': 0.001}",ppo,1000,linear,0.001,,,,,,
LunarLander-v3,filterbank+proj,0,1020,0.0,-117.18882590000001,27.245470336286274,-27.103142801348,-92.61991293594306,2797,"{'decomposition': 'ema', 'n_filters': 12, 'slowest': 0.022150628564983305, 'input_scaling': 0.3786189199484331, 'bias_dist': 'foldnorm', 'bias_scaling': 0.029687121836807887, 'lr': 0.7474064946212267, 'weight_increment': 0.0011133132425291139, 'min_window': 19, 'max_window': 43, 'use_full_instance': True, 'max_partners': 20, 'homeostasis': 'mean', 'target': 0.75, 'spread': 0.375, 'learning_rate': 0.003}",ppo,1000,linear,0.003,,,,,,
LunarLander-v3,filterbank+proj,1,1020,0.0,6.627444100000002,104.75696317530328,-155.95631060351718,66.75239454933333,2778,"{'decomposition': 'ema', 'n_filters': 12, 'slowest': 0.022150628564983305, 'input_scaling': 0.3786189199484331, 'bias_dist': 'foldnorm', 'bias_scaling': 0.029687121836807887, 'lr': 0.7474064946212267, 'weight_increment': 0.0011133132425291139, 'min_window': 19, 'max_window': 43, 'use_full_instance': True, 'max_partners': 20, 'homeostasis': 'mean', 'target': 0.75, 'spread': 0.375, 'learning_rate': 0.003}",ppo,1000,linear,0.003,,,,,,
LunarLander-v3,filterbank+proj,3,1020,0.0,-77.25986018,31.92490204426664,-17.797331275326506,-64.08526634275619,2744,"{'decomposition': 'ema', 'n_filters': 12, 'slowest': 0.022150628564983305, 'input_scaling': 0.3786189199484331, 'bias_dist': 'foldnorm', 'bias_scaling': 0.029687121836807887, 'lr': 0.7474064946212267, 'weight_increment': 0.0011133132425291139, 'min_window': 19, 'max_window': 43, 'use_full_instance': True, 'max_partners': 20, 'homeostasis': 'mean', 'target': 0.75, 'spread': 0.375, 'learning_rate': 0.003}",ppo,1000,linear,0.003,,,,,,
LunarLander-v3,filterbank+proj,8,1020,0.0,-48.727690540000005,49.560808922128736,-15.877203932326093,-61.72752838801262,2718,"{'decomposition': 'ema', 'n_filters': 12, 'slowest': 0.022150628564983305, 'input_scaling': 0.3786189199484331, 'bias_dist': 'foldnorm', 'bias_scaling': 0.029687121836807887, 'lr': 0.7474064946212267, 'weight_increment': 0.0011133132425291139, 'min_window': 19, 'max_window': 43, 'use_full_instance': True, 'max_partners': 20, 'homeostasis': 'mean', 'target': 0.75, 'spread': 0.375, 'learning_rate': 0.003}",ppo,1000,linear,0.003,,,,,,
LunarLander-v3,filterbank+proj,4,1020,0.0,-31.31443244,27.866493083470974,-171.39491816724058,110.21152596305419,2752,"{'decomposition': 'ema', 'n_filters': 12, 'slowest': 0.022150628564983305, 'input_scaling': 0.3786189199484331, 'bias_dist': 'foldnorm', 'bias_scaling': 0.029687121836807887, 'lr': 0.7474064946212267, 'weight_increment': 0.0011133132425291139, 'min_window': 19, 'max_window': 43, 'use_full_instance': True, 'max_partners': 20, 'homeostasis': 'mean', 'target': 0.75, 'spread': 0.375, 'learning_rate': 0.003}",ppo,1000,linear,0.003,,,,,,
LunarLander-v3,filterbank+proj,2,1020,0.0,43.91881660000001,137.81210775716167,-48.34858673268493,14.423079876106197,2790,"{'decomposition': 'ema', 'n_filters': 12, 'slowest': 0.022150628564983305, 'input_scaling': 0.3786189199484331, 'bias_dist': 'foldnorm', 'bias_scaling': 0.029687121836807887, 'lr': 0.7474064946212267, 'weight_increment': 0.0011133132425291139, 'min_window': 19, 'max_window': 43, 'use_full_instance': True, 'max_partners': 20, 'homeostasis': 'mean', 'target': 0.75, 'spread': 0.375, 'learning_rate': 0.003}",ppo,1000,linear,0.003,,,,,,
LunarLander-v3,filterbank+proj,6,1020,0.0,-121.25850233999999,60.788387079615156,-44.921462068378816,-102.9798037909968,2813,"{'decomposition': 'ema', 'n_filters': 12, 'slowest': 0.022150628564983305, 'input_scaling': 0.3786189199484331, 'bias_dist': 'foldnorm', 'bias_scaling': 0.029687121836807887, 'lr': 0.7474064946212267, 'weight_increment': 0.0011133132425291139, 'min_window': 19, 'max_window': 43, 'use_full_instance': True, 'max_partners': 20, 'homeostasis': 'mean', 'target': 0.75, 'spread': 0.375, 'learning_rate': 0.003}",ppo,1000,linear,0.003,,,,,,
LunarLander-v3,filterbank+proj,7,1020,0.0,-85.35747158,29.202651293577496,4.03315956578947,-75.45491430208332,2820,"{'decomposition': 'ema', 'n_filters': 12, 'slowest': 0.022150628564983305, 'input_scaling': 0.3786189199484331, 'bias_dist': 'foldnorm', 'bias_scaling': 0.029687121836807887, 'lr': 0.7474064946212267, 'weight_increment': 0.0011133132425291139, 'min_window': 19, 'max_window': 43, 'use_full_instance': True, 'max_partners': 20, 'homeostasis': 'mean', 'target': 0.75, 'spread': 0.375, 'learning_rate': 0.003}",ppo,1000,linear,0.003,,,,,,
LunarLander-v3,filterbank+proj,5,1020,0.0,-34.886098159999996,50.14186036621614,2.768659798135742,140.41454981049563,2869,"{'decomposition': 'ema', 'n_filters': 12, 'slowest': 0.022150628564983305, 'input_scaling': 0.3786189199484331, 'bias_dist': 'foldnorm', 'bias_scaling': 0.029687121836807887, 'lr': 0.7474064946212267, 'weight_increment': 0.0011133132425291139, 'min_window': 19, 'max_window': 43, 'use_full_instance': True, 'max_partners': 20, 'homeostasis': 'mean', 'target': 0.75, 'spread': 0.375, 'learning_rate': 0.003}",ppo,1000,linear,0.003,,,,,,
LunarLander-v3,filterbank+proj,1,1020,0.0,-431.11023687999995,166.02962832047308,-326.87049164234077,-452.9809133202479,2775,"{'decomposition': 'ema', 'n_filters': 12, 'slowest': 0.022150628564983305, 'input_scaling': 0.3786189199484331, 'bias_dist': 'foldnorm', 'bias_scaling': 0.029687121836807887, 'lr': 0.7474064946212267, 'weight_increment': 0.0011133132425291139, 'min_window': 19, 'max_window': 43, 'use_full_instance': True, 'max_partners': 20, 'homeostasis': 'mean', 'target': 0.75, 'spread': 0.375, 'learning_rate': 0.01}",ppo,1000,linear,0.01,,,,,,
LunarLander-v3,filterbank+esn,1,1020,13.583333333333334,-73.98651446000001,163.52481299198988,-164.96596061614187,-57.95857235738368,2657,"{'decomposition': 'ema', 'n_filters': 12, 'slowest': 0.007278775282470501, 'input_scaling': 0.4150388723567341, 'bias_dist': 'foldnorm', 'bias_scaling': 0.04616118346075944, 'lr': 0.9174645206815777, 'sr': 0.7122598989576099, 'rc_connectivity': 0.013316681518519325, 'learning_rate': 0.0001}",dqn,1000,linear,0.0001,,,,,,
LunarLander-v3,filterbank+esn,0,1020,13.583333333333334,-154.78351878,65.02030050385194,-192.42198545444484,-170.24663689685315,2675,"{'decomposition': 'ema', 'n_filters': 12, 'slowest': 0.007278775282470501, 'input_scaling': 0.4150388723567341, 'bias_dist': 'foldnorm', 'bias_scaling': 0.04616118346075944, 'lr': 0.9174645206815777, 'sr': 0.7122598989576099, 'rc_connectivity': 0.013316681518519325, 'learning_rate': 0.0001}",dqn,1000,linear,0.0001,,,,,,
LunarLander-v3,filterbank+esn,5,1020,13.583333333333334,-138.90827682,77.38195227378819,-191.8938762858654,-145.56695864079953,2583,"{'decomposition': 'ema', 'n_filters': 12, 'slowest': 0.007278775282470501, 'input_scaling': 0.4150388723567341, 'bias_dist': 'foldnorm', 'bias_scaling': 0.04616118346075944, 'lr': 0.9174645206815777, 'sr': 0.7122598989576099, 'rc_connectivity': 0.013316681518519325, 'learning_rate': 0.0001}",dqn,1000,linear,0.0001,,,,,,
LunarLander-v3,filterbank+proj,2,1020,0.0,-132.18103352,55.78995772993341,-133.38470359198735,-133.08791332899827,2761,"{'decomposition': 'ema', 'n_filters': 12, 'slowest': 0.022150628564983305, 'input_scaling': 0.3786189199484331, 'bias_dist': 'foldnorm', 'bias_scaling': 0.029687121836807887, 'lr': 0.7474064946212267, 'weight_increment': 0.0011133132425291139, 'min_window': 19, 'max_window': 43, 'use_full_instance': True, 'max_partners': 20, 'homeostasis': 'mean', 'target': 0.75, 'spread': 0.375, 'learning_rate': 0.01}",ppo,1000,linear,0.01,,,,,,
LunarLander-v3,filterbank+esn,2,1020,13.583333333333334,-29.861649460000002,101.50184008751955,-179.60944311391398,-87.17232453451436,2686,"{'decomposition': 'ema', 'n_filters': 12, 'slowest': 0.007278775282470501, 'input_scaling': 0.4150388723567341, 'bias_dist': 'foldnorm', 'bias_scaling': 0.04616118346075944, 'lr': 0.9174645206815777, 'sr': 0.7122598989576099, 'rc_connectivity': 0.013316681518519325, 'learning_rate': 0.0001}",dqn,1000,linear,0.0001,,,,,,
LunarLander-v3,filterbank+proj,5,1020,0.0,-133.96253786,100.77067326465539,-129.98103077317913,-129.01690010659655,2782,"{'decomposition': 'ema', 'n_filters': 12, 'slowest': 0.022150628564983305, 'input_scaling': 0.3786189199484331, 'bias_dist': 'foldnorm', 'bias_scaling': 0.029687121836807887, 'lr': 0.7474064946212267, 'weight_increment': 0.0011133132425291139, 'min_window': 19, 'max_window': 43, 'use_full_instance': True, 'max_partners': 20, 'homeostasis': 'mean', 'target': 0.75, 'spread': 0.375, 'learning_rate': 0.01}",ppo,1000,linear,0.01,,,,,,
LunarLander-v3,filterbank+proj,3,1020,0.0,-763.0812430599998,349.99566545576414,-850.9224100468325,-854.3040546487342,2815,"{'decomposition': 'ema', 'n_filters': 12, 'slowest': 0.022150628564983305, 'input_scaling': 0.3786189199484331, 'bias_dist': 'foldnorm', 'bias_scaling': 0.029687121836807887, 'lr': 0.7474064946212267, 'weight_increment': 0.0011133132425291139, 'min_window': 19, 'max_window': 43, 'use_full_instance': True, 'max_partners': 20, 'homeostasis': 'mean', 'target': 0.75, 'spread': 0.375, 'learning_rate': 0.01}",ppo,1000,linear,0.01,,,,,,
LunarLander-v3,filterbank+proj,0,1020,0.0,-765.5183195,341.61835033512057,-867.2517137896965,-842.7498414048815,2892,"{'decomposition': 'ema', 'n_filters': 12, 'slowest': 0.022150628564983305, 'input_scaling': 0.3786189199484331, 'bias_dist': 'foldnorm', 'bias_scaling': 0.029687121836807887, 'lr': 0.7474064946212267, 'weight_increment': 0.0011133132425291139, 'min_window': 19, 'max_window': 43, 'use_full_instance': True, 'max_partners': 20, 'homeostasis': 'mean', 'target': 0.75, 'spread': 0.375, 'learning_rate': 0.01}",ppo,1000,linear,0.01,,,,,,
LunarLander-v3,filterbank+esn,3,1020,13.583333333333334,-10.264288739999998,96.32559836422725,-179.5747765513415,-77.83554832824427,2732,"{'decomposition': 'ema', 'n_filters': 12, 'slowest': 0.007278775282470501, 'input_scaling': 0.4150388723567341, 'bias_dist': 'foldnorm', 'bias_scaling': 0.04616118346075944, 'lr': 0.9174645206815777, 'sr': 0.7122598989576099, 'rc_connectivity': 0.013316681518519325, 'learning_rate': 0.0001}",dqn,1000,linear,0.0001,,,,,,
LunarLander-v3,filterbank+proj,8,1020,0.0,-166.73911360000002,181.8611043028956,-146.10255825118438,-154.82988271174727,2818,"{'decomposition': 'ema', 'n_filters': 12, 'slowest': 0.022150628564983305, 'input_scaling': 0.3786189199484331, 'bias_dist': 'foldnorm', 'bias_scaling': 0.029687121836807887, 'lr': 0.7474064946212267, 'weight_increment': 0.0011133132425291139, 'min_window': 19, 'max_window': 43, 'use_full_instance': True, 'max_partners': 20, 'homeostasis': 'mean', 'target': 0.75, 'spread': 0.375, 'learning_rate': 0.01}",ppo,1000,linear,0.01,,,,,,
LunarLander-v3,filterbank+esn,8,1020,13.583333333333334,-127.49027056000001,70.43965921310756,-174.7783815840286,-109.1516574202158,2603,"{'decomposition': 'ema', 'n_filters': 12, 'slowest': 0.007278775282470501, 'input_scaling': 0.4150388723567341, 'bias_dist': 'foldnorm', 'bias_scaling': 0.04616118346075944, 'lr': 0.9174645206815777, 'sr': 0.7122598989576099, 'rc_connectivity': 0.013316681518519325, 'learning_rate': 0.0001}",dqn,1000,linear,0.0001,,,,,,
LunarLander-v3,filterbank+proj,9,1020,0.0,-25.571541100000005,35.50261492418142,72.80503089378239,62.78823854178675,2978,"{'decomposition': 'ema', 'n_filters': 12, 'slowest': 0.022150628564983305, 'input_scaling': 0.3786189199484331, 'bias_dist': 'foldnorm', 'bias_scaling': 0.029687121836807887, 'lr': 0.7474064946212267, 'weight_increment': 0.0011133132425291139, 'min_window': 19, 'max_window': 43, 'use_full_instance': True, 'max_partners': 20, 'homeostasis': 'mean', 'target': 0.75, 'spread': 0.375, 'learning_rate': 0.003}",ppo,1000,linear,0.003,,,,,,
LunarLander-v3,filterbank+proj,9,1020,0.0,-101.33979573999999,100.0334531152915,-104.20329678719297,-101.27630653747163,2864,"{'decomposition': 'ema', 'n_filters': 12, 'slowest': 0.022150628564983305, 'input_scaling': 0.3786189199484331, 'bias_dist': 'foldnorm', 'bias_scaling': 0.029687121836807887, 'lr': 0.7474064946212267, 'weight_increment': 0.0011133132425291139, 'min_window': 19, 'max_window': 43, 'use_full_instance': True, 'max_partners': 20, 'homeostasis': 'mean', 'target': 0.75, 'spread': 0.375, 'learning_rate': 0.01}",ppo,1000,linear,0.01,,,,,,
LunarLander-v3,filterbank+esn,4,1020,13.583333333333334,-113.75600009999998,59.408697414141066,-182.90249891132316,-124.3096818252373,2754,"{'decomposition': 'ema', 'n_filters': 12, 'slowest': 0.007278775282470501, 'input_scaling': 0.4150388723567341, 'bias_dist': 'foldnorm', 'bias_scaling': 0.04616118346075944, 'lr': 0.9174645206815777, 'sr': 0.7122598989576099, 'rc_connectivity': 0.013316681518519325, 'learning_rate': 0.0001}",dqn,1000,linear,0.0001,,,,,,
LunarLander-v3,filterbank+proj,6,1020,0.0,-98.54191288000001,81.69859309600719,-97.68524997454503,-101.23116538524911,2952,"{'decomposition': 'ema', 'n_filters': 12, 'slowest': 0.022150628564983305, 'input_scaling': 0.3786189199484331, 'bias_dist': 'foldnorm', 'bias_scaling': 0.029687121836807887, 'lr': 0.7474064946212267, 'weight_increment': 0.0011133132425291139, 'min_window': 19, 'max_window': 43, 'use_full_instance': True, 'max_partners': 20, 'homeostasis': 'mean', 'target': 0.75, 'spread': 0.375, 'learning_rate': 0.01}",ppo,1000,linear,0.01,,,,,,
LunarLander-v3,filterbank+esn,7,1020,13.583333333333334,-206.10304890000003,73.6973314423084,-207.2965492225148,-185.4334624263473,2769,"{'decomposition': 'ema', 'n_filters': 12, 'slowest': 0.007278775282470501, 'input_scaling': 0.4150388723567341, 'bias_dist': 'foldnorm', 'bias_scaling': 0.04616118346075944, 'lr': 0.9174645206815777, 'sr': 0.7122598989576099, 'rc_connectivity': 0.013316681518519325, 'learning_rate': 0.0001}",dqn,1000,linear,0.0001,,,,,,
LunarLander-v3,filterbank+esn,0,1020,13.583333333333334,-159.31611826,229.67616156378833,-184.00686591366204,-151.35095322260992,2668,"{'decomposition': 'ema', 'n_filters': 12, 'slowest': 0.007278775282470501, 'input_scaling': 0.4150388723567341, 'bias_dist': 'foldnorm', 'bias_scaling': 0.04616118346075944, 'lr': 0.9174645206815777, 'sr': 0.7122598989576099, 'rc_connectivity': 0.013316681518519325, 'learning_rate': 0.0003}",dqn,1000,linear,0.0003,,,,,,
LunarLander-v3,filterbank+esn,2,1020,13.583333333333334,-115.5347321,60.94453218234171,-178.13548683569678,-122.19534512701482,2604,"{'decomposition': 'ema', 'n_filters': 12, 'slowest': 0.007278775282470501, 'input_scaling': 0.4150388723567341, 'bias_dist': 'foldnorm', 'bias_scaling': 0.04616118346075944, 'lr': 0.9174645206815777, 'sr': 0.7122598989576099, 'rc_connectivity': 0.013316681518519325, 'learning_rate': 0.0003}",dqn,1000,linear,0.0003,,,,,,
LunarLander-v3,filterbank+esn,1,1020,13.583333333333334,-122.70863122,89.29404538237031,-173.81687055030187,-132.2551119272198,2670,"{'decomposition': 'ema', 'n_filters': 12, 'slowest': 0.007278775282470501, 'input_scaling': 0.4150388723567341, 'bias_dist': 'foldnorm', 'bias_scaling': 0.04616118346075944, 'lr': 0.9174645206815777, 'sr': 0.7122598989576099, 'rc_connectivity': 0.013316681518519325, 'learning_rate': 0.0003}",dqn,1000,linear,0.0003,,,,,,
LunarLander-v3,filterbank+esn,9,1020,13.583333333333334,-110.11046812000001,49.06555193613752,-184.02481470038828,-121.40640668138298,2692,"{'decomposition': 'ema', 'n_filters': 12, 'slowest': 0.007278775282470501, 'input_scaling': 0.4150388723567341, 'bias_dist': 'foldnorm', 'bias_scaling': 0.04616118346075944, 'lr': 0.9174645206815777, 'sr': 0.7122598989576099, 'rc_connectivity': 0.013316681518519325, 'learning_rate': 0.0001}",dqn,1000,linear,0.0001,,,,,,
LunarLander-v3,filterbank+proj,7,1020,0.0,-299.19011182,64.1985893008889,-302.37040924551474,-304.74179239632355,3029,"{'decomposition': 'ema', 'n_filters': 12, 'slowest': 0.022150628564983305, 'input_scaling': 0.3786189199484331, 'bias_dist': 'foldnorm', 'bias_scaling': 0.029687121836807887, 'lr': 0.7474064946212267, 'weight_increment': 0.0011133132425291139, 'min_window': 19, 'max_window': 43, 'use_full_instance': True, 'max_partners': 20, 'homeostasis': 'mean', 'target': 0.75, 'spread': 0.375, 'learning_rate': 0.01}",ppo,1000,linear,0.01,,,,,,
LunarLander-v3,filterbank+esn,6,1020,13.583333333333334,-129.50353942,81.79149686833092,-181.90452933702014,-116.9737626528103,2874,"{'decomposition': 'ema', 'n_filters': 12, 'slowest': 0.007278775282470501, 'input_scaling': 0.4150388723567341, 'bias_dist': 'foldnorm', 'bias_scaling': 0.04616118346075944, 'lr': 0.9174645206815777, 'sr': 0.7122598989576099, 'rc_connectivity': 0.013316681518519325, 'learning_rate': 0.0001}",dqn,1000,linear,0.0001,,,,,,
LunarLander-v3,filterbank+esn,3,1020,13.583333333333334,-99.23002037999998,59.17458367874955,-167.60431030758613,-106.1936050381328,2711,"{'decomposition': 'ema', 'n_filters': 12, 'slowest': 0.007278775282470501, 'input_scaling': 0.4150388723567341, 'bias_dist': 'foldnorm', 'bias_scaling': 0.04616118346075944, 'lr': 0.9174645206815777, 'sr': 0.7122598989576099, 'rc_connectivity': 0.013316681518519325, 'learning_rate': 0.0003}",dqn,1000,linear,0.0003,,,,,,
LunarLander-v3,filterbank+esn,4,1020,13.583333333333334,-148.19097362,72.62252702244885,-190.99066584103048,-184.66574058254398,2709,"{'decomposition': 'ema', 'n_filters': 12, 'slowest': 0.007278775282470501, 'input_scaling': 0.4150388723567341, 'bias_dist': 'foldnorm', 'bias_scaling': 0.04616118346075944, 'lr': 0.9174645206815777, 'sr': 0.7122598989576099, 'rc_connectivity': 0.013316681518519325, 'learning_rate': 0.0003}",dqn,1000,linear,0.0003,,,,,,
LunarLander-v3,filterbank+proj,4,1020,0.0,-159.63323116,148.86307973038697,-143.97459173984723,-152.96453938514225,3244,"{'decomposition': 'ema', 'n_filters': 12, 'slowest': 0.022150628564983305, 'input_scaling': 0.3786189199484331, 'bias_dist': 'foldnorm', 'bias_scaling': 0.029687121836807887, 'lr': 0.7474064946212267, 'weight_increment': 0.0011133132425291139, 'min_window': 19, 'max_window': 43, 'use_full_instance': True, 'max_partners': 20, 'homeostasis': 'mean', 'target': 0.75, 'spread': 0.375, 'learning_rate': 0.01}",ppo,1000,linear,0.01,,,,,,
LunarLander-v3,filterbank+esn,5,1020,13.583333333333334,-149.55606328,95.12983447234514,-183.37771399030862,-155.25354203851444,2633,"{'decomposition': 'ema', 'n_filters': 12, 'slowest': 0.007278775282470501, 'input_scaling': 0.4150388723567341, 'bias_dist': 'foldnorm', 'bias_scaling': 0.04616118346075944, 'lr': 0.9174645206815777, 'sr': 0.7122598989576099, 'rc_connectivity': 0.013316681518519325, 'learning_rate': 0.0003}",dqn,1000,linear,0.0003,,,,,,
LunarLander-v3,filterbank+esn,8,1020,13.583333333333334,-121.09109353999999,69.7348684349051,-156.10778926331935,-116.4485719586725,2632,"{'decomposition': 'ema', 'n_filters': 12, 'slowest': 0.007278775282470501, 'input_scaling': 0.4150388723567341, 'bias_dist': 'foldnorm', 'bias_scaling': 0.04616118346075944, 'lr': 0.9174645206815777, 'sr': 0.7122598989576099, 'rc_connectivity': 0.013316681518519325, 'learning_rate': 0.0003}",dqn,1000,linear,0.0003,,,,,,
LunarLander-v3,filterbank+esn,6,1020,13.583333333333334,-108.54736417999999,81.04850778349203,-159.4648598682483,-111.78941093707253,2663,"{'decomposition': 'ema', 'n_filters': 12, 'slowest': 0.007278775282470501, 'input_scaling': 0.4150388723567341, 'bias_dist': 'foldnorm', 'bias_scaling': 0.04616118346075944, 'lr': 0.9174645206815777, 'sr': 0.7122598989576099, 'rc_connectivity': 0.013316681518519325, 'learning_rate': 0.0003}",dqn,1000,linear,0.0003,,,,,,
LunarLander-v3,filterbank+esn,9,1020,13.583333333333334,-123.86039662000002,63.20390039656232,-176.6258827984415,-131.03909113555991,2675,"{'decomposition': 'ema', 'n_filters': 12, 'slowest': 0.007278775282470501, 'input_scaling': 0.4150388723567341, 'bias_dist': 'foldnorm', 'bias_scaling': 0.04616118346075944, 'lr': 0.9174645206815777, 'sr': 0.7122598989576099, 'rc_connectivity': 0.013316681518519325, 'learning_rate': 0.0003}",dqn,1000,linear,0.0003,,,,,,
LunarLander-v3,filterbank+esn,0,1020,13.583333333333334,-83.0097926,74.78372069623323,-153.22069482454202,-78.85741379936809,2695,"{'decomposition': 'ema', 'n_filters': 12, 'slowest': 0.007278775282470501, 'input_scaling': 0.4150388723567341, 'bias_dist': 'foldnorm', 'bias_scaling': 0.04616118346075944, 'lr': 0.9174645206815777, 'sr': 0.7122598989576099, 'rc_connectivity': 0.013316681518519325, 'learning_rate': 0.001}",dqn,1000,linear,0.001,,,,,,
LunarLander-v3,filterbank+esn,7,1020,13.583333333333334,-127.43298656,74.733633696875,-175.16075527965373,-129.4628045505618,2809,"{'decomposition': 'ema', 'n_filters': 12, 'slowest': 0.007278775282470501, 'input_scaling': 0.4150388723567341, 'bias_dist': 'foldnorm', 'bias_scaling': 0.04616118346075944, 'lr': 0.9174645206815777, 'sr': 0.7122598989576099, 'rc_connectivity': 0.013316681518519325, 'learning_rate': 0.0003}",dqn,1000,linear,0.0003,,,,,,
LunarLander-v3,filterbank+esn,1,1020,13.583333333333334,10.739593299999997,88.07129913647806,-125.04503545964486,-5.037467937046004,2655,"{'decomposition': 'ema', 'n_filters': 12, 'slowest': 0.007278775282470501, 'input_scaling': 0.4150388723567341, 'bias_dist': 'foldnorm', 'bias_scaling': 0.04616118346075944, 'lr': 0.9174645206815777, 'sr': 0.7122598989576099, 'rc_connectivity': 0.013316681518519325, 'learning_rate': 0.001}",dqn,1000,linear,0.001,,,,,,
LunarLander-v3,filterbank+esn,2,1020,13.583333333333334,-119.95836596,63.26411198828028,-167.01446377410699,-72.14432407055214,2718,"{'decomposition': 'ema', 'n_filters': 12, 'slowest': 0.007278775282470501, 'input_scaling': 0.4150388723567341, 'bias_dist': 'foldnorm', 'bias_scaling': 0.04616118346075944, 'lr': 0.9174645206815777, 'sr': 0.7122598989576099, 'rc_connectivity': 0.013316681518519325, 'learning_rate': 0.001}",dqn,1000,linear,0.001,,,,,,
LunarLander-v3,filterbank+esn,3,1020,13.583333333333334,-164.32817631999998,79.18939883728905,-163.58825944916626,-130.73597267135818,2789,"{'decomposition': 'ema', 'n_filters': 12, 'slowest': 0.007278775282470501, 'input_scaling': 0.4150388723567341, 'bias_dist': 'foldnorm', 'bias_scaling': 0.04616118346075944, 'lr': 0.9174645206815777, 'sr': 0.7122598989576099, 'rc_connectivity': 0.013316681518519325, 'learning_rate': 0.001}",dqn,1000,linear,0.001,,,,,,
LunarLander-v3,filterbank+esn,4,1020,13.583333333333334,-156.75555074,86.59566738108899,-173.05501582817269,-142.1636824057971,2669,"{'decomposition': 'ema', 'n_filters': 12, 'slowest': 0.007278775282470501, 'input_scaling': 0.4150388723567341, 'bias_dist': 'foldnorm', 'bias_scaling': 0.04616118346075944, 'lr': 0.9174645206815777, 'sr': 0.7122598989576099, 'rc_connectivity': 0.013316681518519325, 'learning_rate': 0.001}",dqn,1000,linear,0.001,,,,,,
LunarLander-v3,filterbank+esn,5,1020,13.583333333333334,-70.64580516,68.11666426443314,-141.53030136365658,-58.03870687175686,2668,"{'decomposition': 'ema', 'n_filters': 12, 'slowest': 0.007278775282470501, 'input_scaling': 0.4150388723567341, 'bias_dist': 'foldnorm', 'bias_scaling': 0.04616118346075944, 'lr': 0.9174645206815777, 'sr': 0.7122598989576099, 'rc_connectivity': 0.013316681518519325, 'learning_rate': 0.001}",dqn,1000,linear,0.001,,,,,,
LunarLander-v3,filterbank+esn,7,1020,13.583333333333334,-91.59639424,72.58392992760747,-163.89123524027517,-88.69979782753165,2688,"{'decomposition': 'ema', 'n_filters': 12, 'slowest': 0.007278775282470501, 'input_scaling': 0.4150388723567341, 'bias_dist': 'foldnorm', 'bias_scaling': 0.04616118346075944, 'lr': 0.9174645206815777, 'sr': 0.7122598989576099, 'rc_connectivity': 0.013316681518519325, 'learning_rate': 0.001}",dqn,1000,linear,0.001,,,,,,
LunarLander-v3,filterbank+esn,8,1020,13.583333333333334,-64.16976686,101.25210065469557,-140.4311280241524,-75.06009543285822,2673,"{'decomposition': 'ema', 'n_filters': 12, 'slowest': 0.007278775282470501, 'input_scaling': 0.4150388723567341, 'bias_dist': 'foldnorm', 'bias_scaling': 0.04616118346075944, 'lr': 0.9174645206815777, 'sr': 0.7122598989576099, 'rc_connectivity': 0.013316681518519325, 'learning_rate': 0.001}",dqn,1000,linear,0.001,,,,,,
LunarLander-v3,filterbank+esn,9,1020,13.583333333333334,-171.38637065999998,85.45275451927712,-182.78034715225388,-165.10083898557,2640,"{'decomposition': 'ema', 'n_filters': 12, 'slowest': 0.007278775282470501, 'input_scaling': 0.4150388723567341, 'bias_dist': 'foldnorm', 'bias_scaling': 0.04616118346075944, 'lr': 0.9174645206815777, 'sr': 0.7122598989576099, 'rc_connectivity': 0.013316681518519325, 'learning_rate': 0.001}",dqn,1000,linear,0.001,,,,,,
LunarLander-v3,filterbank+esn,2,1020,13.583333333333334,-103.74578401999999,70.48520818778398,-152.59022317365685,-92.0386668859581,2686,"{'decomposition': 'ema', 'n_filters': 12, 'slowest': 0.007278775282470501, 'input_scaling': 0.4150388723567341, 'bias_dist': 'foldnorm', 'bias_scaling': 0.04616118346075944, 'lr': 0.9174645206815777, 'sr': 0.7122598989576099, 'rc_connectivity': 0.013316681518519325, 'learning_rate': 0.003}",dqn,1000,linear,0.003,,,,,,
LunarLander-v3,filterbank+esn,1,1020,13.583333333333334,-150.07825158,70.33879016183867,-156.287031038801,-149.01288842465755,2709,"{'decomposition': 'ema', 'n_filters': 12, 'slowest': 0.007278775282470501, 'input_scaling': 0.4150388723567341, 'bias_dist': 'foldnorm', 'bias_scaling': 0.04616118346075944, 'lr': 0.9174645206815777, 'sr': 0.7122598989576099, 'rc_connectivity': 0.013316681518519325, 'learning_rate': 0.003}",dqn,1000,linear,0.003,,,,,,
LunarLander-v3,filterbank+esn,3,1020,13.583333333333334,-88.85538285999999,62.660977292801796,-154.6250702801348,-86.12746854865901,2683,"{'decomposition': 'ema', 'n_filters': 12, 'slowest': 0.007278775282470501, 'input_scaling': 0.4150388723567341, 'bias_dist': 'foldnorm', 'bias_scaling': 0.04616118346075944, 'lr': 0.9174645206815777, 'sr': 0.7122598989576099, 'rc_connectivity': 0.013316681518519325, 'learning_rate': 0.003}",dqn,1000,linear,0.003,,,,,,
LunarLander-v3,filterbank+esn,4,1020,13.583333333333334,-172.15683677999996,66.68057560059854,-170.5661602679684,-170.13983906762917,2662,"{'decomposition': 'ema', 'n_filters': 12, 'slowest': 0.007278775282470501, 'input_scaling': 0.4150388723567341, 'bias_dist': 'foldnorm', 'bias_scaling': 0.04616118346075944, 'lr': 0.9174645206815777, 'sr': 0.7122598989576099, 'rc_connectivity': 0.013316681518519325, 'learning_rate': 0.003}",dqn,1000,linear,0.003,,,,,,
LunarLander-v3,filterbank+esn,6,1020,13.583333333333334,-54.778633119999995,101.74962865331928,-154.55396434166417,-76.62529613323353,2977,"{'decomposition': 'ema', 'n_filters': 12, 'slowest': 0.007278775282470501, 'input_scaling': 0.4150388723567341, 'bias_dist': 'foldnorm', 'bias_scaling': 0.04616118346075944, 'lr': 0.9174645206815777, 'sr': 0.7122598989576099, 'rc_connectivity': 0.013316681518519325, 'learning_rate': 0.001}",dqn,1000,linear,0.001,,,,,,
LunarLander-v3,filterbank+esn,6,1020,13.583333333333334,-146.024817,88.47431632265948,-174.45856125966546,-176.0529243484225,2678,"{'decomposition': 'ema', 'n_filters': 12, 'slowest': 0.007278775282470501, 'input_scaling': 0.4150388723567341, 'bias_dist': 'foldnorm', 'bias_scaling': 0.04616118346075944, 'lr': 0.9174645206815777, 'sr': 0.7122598989576099, 'rc_connectivity': 0.013316681518519325, 'learning_rate': 0.003}",dqn,1000,linear,0.003,,,,,,
LunarLander-v3,filterbank+esn,5,1020,13.583333333333334,-185.22324354,93.50487900528705,-172.7964536698185,-163.1121870816171,2748,"{'decomposition': 'ema', 'n_filters': 12, 'slowest': 0.007278775282470501, 'input_scaling': 0.4150388723567341, 'bias_dist': 'foldnorm', 'bias_scaling': 0.04616118346075944, 'lr': 0.9174645206815777, 'sr': 0.7122598989576099, 'rc_connectivity': 0.013316681518519325, 'learning_rate': 0.003}",dqn,1000,linear,0.003,,,,,,
LunarLander-v3,filterbank+esn,7,1020,13.583333333333334,-213.37052038000002,196.46617978172722,-184.70809492926514,-180.75508233360324,2727,"{'decomposition': 'ema', 'n_filters': 12, 'slowest': 0.007278775282470501, 'input_scaling': 0.4150388723567341, 'bias_dist': 'foldnorm', 'bias_scaling': 0.04616118346075944, 'lr': 0.9174645206815777, 'sr': 0.7122598989576099, 'rc_connectivity': 0.013316681518519325, 'learning_rate': 0.003}",dqn,1000,linear,0.003,,,,,,
LunarLander-v3,filterbank+esn,0,1020,13.583333333333334,-233.61880903999997,273.63043775172133,-171.92977183247547,-147.8847252212389,2879,"{'decomposition': 'ema', 'n_filters': 12, 'slowest': 0.007278775282470501, 'input_scaling': 0.4150388723567341, 'bias_dist': 'foldnorm', 'bias_scaling': 0.04616118346075944, 'lr': 0.9174645206815777, 'sr': 0.7122598989576099, 'rc_connectivity': 0.013316681518519325, 'learning_rate': 0.003}",dqn,1000,linear,0.003,,,,,,
LunarLander-v3,filterbank+esn,9,1020,13.583333333333334,-169.4333463,79.26049797337089,-188.5560187491368,-195.15409645045045,2735,"{'decomposition': 'ema', 'n_filters': 12, 'slowest': 0.007278775282470501, 'input_scaling': 0.4150388723567341, 'bias_dist': 'foldnorm', 'bias_scaling': 0.04616118346075944, 'lr': 0.9174645206815777, 'sr': 0.7122598989576099, 'rc_connectivity': 0.013316681518519325, 'learning_rate': 0.003}",dqn,1000,linear,0.003,,,,,,
LunarLander-v3,filterbank+hag,4,1020,11.601960784313725,-230.49807415999996,111.92996874692406,-234.11484032945253,-233.63513607329548,2684,"{'decomposition': 'ema', 'n_filters': 12, 'slowest': 0.022150628564983305, 'input_scaling': 0.3786189199484331, 'bias_dist': 'foldnorm', 'bias_scaling': 0.029687121836807887, 'lr': 0.7474064946212267, 'weight_increment': 0.0011133132425291139, 'min_window': 19, 'max_window': 43, 'use_full_instance': True, 'max_partners': 20, 'homeostasis': 'mean', 'target': 0.75, 'spread': 0.375, 'learning_rate': 0.0001}",dqn,1000,linear,0.0001,,,,,,
LunarLander-v3,filterbank+esn,8,1020,13.583333333333334,-40.47039056,71.95138783167219,-156.9283498085959,-54.597979121855346,2765,"{'decomposition': 'ema', 'n_filters': 12, 'slowest': 0.007278775282470501, 'input_scaling': 0.4150388723567341, 'bias_dist': 'foldnorm', 'bias_scaling': 0.04616118346075944, 'lr': 0.9174645206815777, 'sr': 0.7122598989576099, 'rc_connectivity': 0.013316681518519325, 'learning_rate': 0.003}",dqn,1000,linear,0.003,,,,,,
LunarLander-v3,filterbank+hag,1,1020,11.816666666666666,-160.6344038,71.80946407955327,-199.73965221983374,-163.05003077553448,2751,"{'decomposition': 'ema', 'n_filters': 12, 'slowest': 0.022150628564983305, 'input_scaling': 0.3786189199484331, 'bias_dist': 'foldnorm', 'bias_scaling': 0.029687121836807887, 'lr': 0.7474064946212267, 'weight_increment': 0.0011133132425291139, 'min_window': 19, 'max_window': 43, 'use_full_instance': True, 'max_partners': 20, 'homeostasis': 'mean', 'target': 0.75, 'spread': 0.375, 'learning_rate': 0.0001}",dqn,1000,linear,0.0001,,,,,,
LunarLander-v3,filterbank+hag,3,1020,11.674509803921568,-280.16080039999997,81.85529884229373,-248.00778701166232,-262.94261523449063,2762,"{'decomposition': 'ema', 'n_filters': 12, 'slowest': 0.022150628564983305, 'input_scaling': 0.3786189199484331, 'bias_dist': 'foldnorm', 'bias_scaling': 0.029687121836807887, 'lr': 0.7474064946212267, 'weight_increment': 0.0011133132425291139, 'min_window': 19, 'max_window': 43, 'use_full_instance': True, 'max_partners': 20, 'homeostasis': 'mean', 'target': 0.75, 'spread': 0.375, 'learning_rate': 0.0001}",dqn,1000,linear,0.0001,,,,,,
LunarLander-v3,filterbank+hag,2,1020,12.096078431372549,-212.30861941999996,109.31331521574008,-239.98027055877725,-204.11933985903082,2782,"{'decomposition': 'ema', 'n_filters': 12, 'slowest': 0.022150628564983305, 'input_scaling': 0.3786189199484331, 'bias_dist': 'foldnorm', 'bias_scaling': 0.029687121836807887, 'lr': 0.7474064946212267, 'weight_increment': 0.0011133132425291139, 'min_window': 19, 'max_window': 43, 'use_full_instance': True, 'max_partners': 20, 'homeostasis': 'mean', 'target': 0.75, 'spread': 0.375, 'learning_rate': 0.0001}",dqn,1000,linear,0.0001,,,,,,
LunarLander-v3,filterbank+hag,5,1020,11.977450980392156,-177.86098142,81.0291274794692,-191.61766667168015,-182.62282142122535,2737,"{'decomposition': 'ema', 'n_filters': 12, 'slowest': 0.022150628564983305, 'input_scaling': 0.3786189199484331, 'bias_dist': 'foldnorm', 'bias_scaling': 0.029687121836807887, 'lr': 0.7474064946212267, 'weight_increment': 0.0011133132425291139, 'min_window': 19, 'max_window': 43, 'use_full_instance': True, 'max_partners': 20, 'homeostasis': 'mean', 'target': 0.75, 'spread': 0.375, 'learning_rate': 0.0001}",dqn,1000,linear,0.0001,,,,,,
LunarLander-v3,filterbank+hag,8,1020,13.785294117647059,-212.45938092,102.90991775502233,-222.53864229100932,-207.4797893631895,2680,"{'decomposition': 'ema', 'n_filters': 12, 'slowest': 0.022150628564983305, 'input_scaling': 0.3786189199484331, 'bias_dist': 'foldnorm', 'bias_scaling': 0.029687121836807887, 'lr': 0.7474064946212267, 'weight_increment': 0.0011133132425291139, 'min_window': 19, 'max_window': 43, 'use_full_instance': True, 'max_partners': 20, 'homeostasis': 'mean', 'target': 0.75, 'spread': 0.375, 'learning_rate': 0.0001}",dqn,1000,linear,0.0001,,,,,,
LunarLander-v3,filterbank+hag,7,1020,12.89607843137255,-151.81002146,67.95579127681899,-196.60502427209792,-171.2883627301939,2714,"{'decomposition': 'ema', 'n_filters': 12, 'slowest': 0.022150628564983305, 'input_scaling': 0.3786189199484331, 'bias_dist': 'foldnorm', 'bias_scaling': 0.029687121836807887, 'lr': 0.7474064946212267, 'weight_increment': 0.0011133132425291139, 'min_window': 19, 'max_window': 43, 'use_full_instance': True, 'max_partners': 20, 'homeostasis': 'mean', 'target': 0.75, 'spread': 0.375, 'learning_rate': 0.0001}",dqn,1000,linear,0.0001,,,,,,
LunarLander-v3,filterbank+hag,0,1020,12.594117647058823,-350.13949858,137.74629195164695,-226.47646299036597,-274.2484870575679,2849,"{'decomposition': 'ema', 'n_filters': 12, 'slowest': 0.022150628564983305, 'input_scaling': 0.3786189199484331, 'bias_dist': 'foldnorm', 'bias_scaling': 0.029687121836807887, 'lr': 0.7474064946212267, 'weight_increment': 0.0011133132425291139, 'min_window': 19, 'max_window': 43, 'use_full_instance': True, 'max_partners': 20, 'homeostasis': 'mean', 'target': 0.75, 'spread': 0.375, 'learning_rate': 0.0001}",dqn,1000,linear,0.0001,,,,,,
LunarLander-v3,filterbank+hag,6,1020,12.526470588235295,-137.01944052000002,67.0452710583635,-192.99594338170195,-157.3243603589468,2822,"{'decomposition': 'ema', 'n_filters': 12, 'slowest': 0.022150628564983305, 'input_scaling': 0.3786189199484331, 'bias_dist': 'foldnorm', 'bias_scaling': 0.029687121836807887, 'lr': 0.7474064946212267, 'weight_increment': 0.0011133132425291139, 'min_window': 19, 'max_window': 43, 'use_full_instance': True, 'max_partners': 20, 'homeostasis': 'mean', 'target': 0.75, 'spread': 0.375, 'learning_rate': 0.0001}",dqn,1000,linear,0.0001,,,,,,
LunarLander-v3,filterbank+hag,0,1020,12.594117647058823,-163.89326165999998,71.63882806468808,-194.4723631016707,-180.07748403540373,2776,"{'decomposition': 'ema', 'n_filters': 12, 'slowest': 0.022150628564983305, 'input_scaling': 0.3786189199484331, 'bias_dist': 'foldnorm', 'bias_scaling': 0.029687121836807887, 'lr': 0.7474064946212267, 'weight_increment': 0.0011133132425291139, 'min_window': 19, 'max_window': 43, 'use_full_instance': True, 'max_partners': 20, 'homeostasis': 'mean', 'target': 0.75, 'spread': 0.375, 'learning_rate': 0.0003}",dqn,1000,linear,0.0003,,,,,,
LunarLander-v3,filterbank+hag,2,1020,12.096078431372549,-148.72122618,57.5159758870949,-192.3798709760966,-153.23648988724585,2734,"{'decomposition': 'ema', 'n_filters': 12, 'slowest': 0.022150628564983305, 'input_scaling': 0.3786189199484331, 'bias_dist': 'foldnorm', 'bias_scaling': 0.029687121836807887, 'lr': 0.7474064946212267, 'weight_increment': 0.0011133132425291139, 'min_window': 19, 'max_window': 43, 'use_full_instance': True, 'max_partners': 20, 'homeostasis': 'mean', 'target': 0.75, 'spread': 0.375, 'learning_rate': 0.0003}",dqn,1000,linear,0.0003,,,,,,
LunarLander-v3,filterbank+hag,4,1020,11.601960784313725,-154.13309646000002,87.92832035361123,-206.19329565073886,-169.32369618473652,2713,"{'decomposition': 'ema', 'n_filters': 12, 'slowest': 0.022150628564983305, 'input_scaling': 0.3786189199484331, 'bias_dist': 'foldnorm', 'bias_scaling': 0.029687121836807887, 'lr': 0.7474064946212267, 'weight_increment': 0.0011133132425291139, 'min_window': 19, 'max_window': 43, 'use_full_instance': True, 'max_partners': 20, 'homeostasis': 'mean', 'target': 0.75, 'spread': 0.375, 'learning_rate': 0.0003}",dqn,1000,linear,0.0003,,,,,,
LunarLander-v3,filterbank+hag,3,1020,11.674509803921568,-20.283758419999998,65.85954300128226,-176.11513389570086,-61.86909198918575,2723,"{'decomposition': 'ema', 'n_filters': 12, 'slowest': 0.022150628564983305, 'input_scaling': 0.3786189199484331, 'bias_dist': 'foldnorm', 'bias_scaling': 0.029687121836807887, 'lr': 0.7474064946212267, 'weight_increment': 0.0011133132425291139, 'min_window': 19, 'max_window': 43, 'use_full_instance': True, 'max_partners': 20, 'homeostasis': 'mean', 'target': 0.75, 'spread': 0.375, 'learning_rate': 0.0003}",dqn,1000,linear,0.0003,,,,,,
LunarLander-v3,filterbank+hag,5,1020,11.977450980392156,-138.1749805,121.43025178102755,-183.93128366720748,-147.73419387272727,2753,"{'decomposition': 'ema', 'n_filters': 12, 'slowest': 0.022150628564983305, 'input_scaling': 0.3786189199484331, 'bias_dist': 'foldnorm', 'bias_scaling': 0.029687121836807887, 'lr': 0.7474064946212267, 'weight_increment': 0.0011133132425291139, 'min_window': 19, 'max_window': 43, 'use_full_instance': True, 'max_partners': 20, 'homeostasis': 'mean', 'target': 0.75, 'spread': 0.375, 'learning_rate': 0.0003}",dqn,1000,linear,0.0003,,,,,,
LunarLander-v3,filterbank+hag,9,1020,12.77843137254902,-231.09596729999998,139.99353555047477,-243.4660880384802,-227.10755876563448,2902,"{'decomposition': 'ema', 'n_filters': 12, 'slowest': 0.022150628564983305, 'input_scaling': 0.3786189199484331, 'bias_dist': 'foldnorm', 'bias_scaling': 0.029687121836807887, 'lr': 0.7474064946212267, 'weight_increment': 0.0011133132425291139, 'min_window': 19, 'max_window': 43, 'use_full_instance': True, 'max_partners': 20, 'homeostasis': 'mean', 'target': 0.75, 'spread': 0.375, 'learning_rate': 0.0001}",dqn,1000,linear,0.0001,,,,,,
LunarLander-v3,filterbank+hag,6,1020,12.526470588235295,-146.63760818,61.5105698123573,-163.83336673982916,-163.40681701075948,2783,"{'decomposition': 'ema', 'n_filters': 12, 'slowest': 0.022150628564983305, 'input_scaling': 0.3786189199484331, 'bias_dist': 'foldnorm', 'bias_scaling': 0.029687121836807887, 'lr': 0.7474064946212267, 'weight_increment': 0.0011133132425291139, 'min_window': 19, 'max_window': 43, 'use_full_instance': True, 'max_partners': 20, 'homeostasis': 'mean', 'target': 0.75, 'spread': 0.375, 'learning_rate': 0.0003}",dqn,1000,linear,0.0003,,,,,,
LunarLander-v3,filterbank+hag,8,1020,13.785294117647059,-73.83398340000001,49.24830715633154,-174.94485904634536,-93.47239894338497,2759,"{'decomposition': 'ema', 'n_filters': 12, 'slowest': 0.022150628564983305, 'input_scaling': 0.3786189199484331, 'bias_dist': 'foldnorm', 'bias_scaling': 0.029687121836807887, 'lr': 0.7474064946212267, 'weight_increment': 0.0011133132425291139, 'min_window': 19, 'max_window': 43, 'use_full_instance': True, 'max_partners': 20, 'homeostasis': 'mean', 'target': 0.75, 'spread': 0.375, 'learning_rate': 0.0003}",dqn,1000,linear,0.0003,,,,,,
LunarLander-v3,filterbank+hag,1,1020,11.816666666666666,-173.98213832,124.89198388084687,-179.00330400411877,-143.9013620424354,2969,"{'decomposition': 'ema', 'n_filters': 12, 'slowest': 0.022150628564983305, 'input_scaling': 0.3786189199484331, 'bias_dist': 'foldnorm', 'bias_scaling': 0.029687121836807887, 'lr': 0.7474064946212267, 'weight_increment': 0.0011133132425291139, 'min_window': 19, 'max_window': 43, 'use_full_instance': True, 'max_partners': 20, 'homeostasis': 'mean', 'target': 0.75, 'spread': 0.375, 'learning_rate': 0.0003}",dqn,1000,linear,0.0003,,,,,,
LunarLander-v3,filterbank+hag,0,1020,12.594117647058823,-49.19394034,62.43242535924735,-172.61624175426573,-117.13243767642857,2745,"{'decomposition': 'ema', 'n_filters': 12, 'slowest': 0.022150628564983305, 'input_scaling': 0.3786189199484331, 'bias_dist': 'foldnorm', 'bias_scaling': 0.029687121836807887, 'lr': 0.7474064946212267, 'weight_increment': 0.0011133132425291139, 'min_window': 19, 'max_window': 43, 'use_full_instance': True, 'max_partners': 20, 'homeostasis': 'mean', 'target': 0.75, 'spread': 0.375, 'learning_rate': 0.001}",dqn,1000,linear,0.001,,,,,,
LunarLander-v3,filterbank+hag,7,1020,12.89607843137255,-76.5919004,59.27627032898202,-178.47207316487567,-122.9215023286241,2907,"{'decomposition': 'ema', 'n_filters': 12, 'slowest': 0.022150628564983305, 'input_scaling': 0.3786189199484331, 'bias_dist': 'foldnorm', 'bias_scaling': 0.029687121836807887, 'lr': 0.7474064946212267, 'weight_increment': 0.0011133132425291139, 'min_window': 19, 'max_window': 43, 'use_full_instance': True, 'max_partners': 20, 'homeostasis': 'mean', 'target': 0.75, 'spread': 0.375, 'learning_rate': 0.0003}",dqn,1000,linear,0.0003,,,,,,
LunarLander-v3,filterbank+hag,2,1020,12.096078431372549,-109.42113564000002,83.52252354163546,-170.37693821918708,-124.55790990496115,2740,"{'decomposition': 'ema', 'n_filters': 12, 'slowest': 0.022150628564983305, 'input_scaling': 0.3786189199484331, 'bias_dist': 'foldnorm', 'bias_scaling': 0.029687121836807887, 'lr': 0.7474064946212267, 'weight_increment': 0.0011133132425291139, 'min_window': 19, 'max_window': 43, 'use_full_instance': True, 'max_partners': 20, 'homeostasis': 'mean', 'target': 0.75, 'spread': 0.375, 'learning_rate': 0.001}",dqn,1000,linear,0.001,,,,,,
LunarLander-v3,filterbank+hag,1,1020,11.816666666666666,-83.22417139999999,108.47572562716314,-168.0186817956546,-102.96897647938505,2863,"{'decomposition': 'ema', 'n_filters': 12, 'slowest': 0.022150628564983305, 'input_scaling': 0.3786189199484331, 'bias_dist': 'foldnorm', 'bias_scaling': 0.029687121836807887, 'lr': 0.7474064946212267, 'weight_increment': 0.0011133132425291139, 'min_window': 19, 'max_window': 43, 'use_full_instance': True, 'max_partners': 20, 'homeostasis': 'mean', 'target': 0.75, 'spread': 0.375, 'learning_rate': 0.001}",dqn,1000,linear,0.001,,,,,,
LunarLander-v3,filterbank+hag,3,1020,11.674509803921568,-136.77581432,70.97441036411749,-159.94041297044834,-99.83551111302795,2766,"{'decomposition': 'ema', 'n_filters': 12, 'slowest': 0.022150628564983305, 'input_scaling': 0.3786189199484331, 'bias_dist': 'foldnorm', 'bias_scaling': 0.029687121836807887, 'lr': 0.7474064946212267, 'weight_increment': 0.0011133132425291139, 'min_window': 19, 'max_window': 43, 'use_full_instance': True, 'max_partners': 20, 'homeostasis': 'mean', 'target': 0.75, 'spread': 0.375, 'learning_rate': 0.001}",dqn,1000,linear,0.001,,,,,,
LunarLander-v3,filterbank+hag,9,1020,12.77843137254902,-146.79241863999997,121.72907396488348,-186.43644618946018,-141.32242439183673,3042,"{'decomposition': 'ema', 'n_filters': 12, 'slowest': 0.022150628564983305, 'input_scaling': 0.3786189199484331, 'bias_dist': 'foldnorm', 'bias_scaling': 0.029687121836807887, 'lr': 0.7474064946212267, 'weight_increment': 0.0011133132425291139, 'min_window': 19, 'max_window': 43, 'use_full_instance': True, 'max_partners': 20, 'homeostasis': 'mean', 'target': 0.75, 'spread': 0.375, 'learning_rate': 0.0003}",dqn,1000,linear,0.0003,,,,,,
LunarLander-v3,filterbank+hag,6,1020,12.526470588235295,-84.16917322,73.87949803273627,-164.83538410946008,-90.73831694682897,2654,"{'decomposition': 'ema', 'n_filters': 12, 'slowest': 0.022150628564983305, 'input_scaling': 0.3786189199484331, 'bias_dist': 'foldnorm', 'bias_scaling': 0.029687121836807887, 'lr': 0.7474064946212267, 'weight_increment': 0.0011133132425291139, 'min_window': 19, 'max_window': 43, 'use_full_instance': True, 'max_partners': 20, 'homeostasis': 'mean', 'target': 0.75, 'spread': 0.375, 'learning_rate': 0.001}",dqn,1000,linear,0.001,,,,,,
LunarLander-v3,filterbank+hag,5,1020,11.977450980392156,-84.82258092000001,84.86402316475868,-163.66221320572825,-94.82351428791057,2753,"{'decomposition': 'ema', 'n_filters': 12, 'slowest': 0.022150628564983305, 'input_scaling': 0.3786189199484331, 'bias_dist': 'foldnorm', 'bias_scaling': 0.029687121836807887, 'lr': 0.7474064946212267, 'weight_increment': 0.0011133132425291139, 'min_window': 19, 'max_window': 43, 'use_full_instance': True, 'max_partners': 20, 'homeostasis': 'mean', 'target': 0.75, 'spread': 0.375, 'learning_rate': 0.001}",dqn,1000,linear,0.001,,,,,,
LunarLander-v3,filterbank+hag,8,1020,13.785294117647059,-157.29837124,150.9972854795859,-181.29772911556393,-151.3873152747322,2682,"{'decomposition': 'ema', 'n_filters': 12, 'slowest': 0.022150628564983305, 'input_scaling': 0.3786189199484331, 'bias_dist': 'foldnorm', 'bias_scaling': 0.029687121836807887, 'lr': 0.7474064946212267, 'weight_increment': 0.0011133132425291139, 'min_window': 19, 'max_window': 43, 'use_full_instance': True, 'max_partners': 20, 'homeostasis': 'mean', 'target': 0.75, 'spread': 0.375, 'learning_rate': 0.001}",dqn,1000,linear,0.001,,,,,,
LunarLander-v3,filterbank+hag,7,1020,12.89607843137255,-254.61172050000005,163.6954626097023,-208.367289306422,-219.52273757727593,2735,"{'decomposition': 'ema', 'n_filters': 12, 'slowest': 0.022150628564983305, 'input_scaling': 0.3786189199484331, 'bias_dist': 'foldnorm', 'bias_scaling': 0.029687121836807887, 'lr': 0.7474064946212267, 'weight_increment': 0.0011133132425291139, 'min_window': 19, 'max_window': 43, 'use_full_instance': True, 'max_partners': 20, 'homeostasis': 'mean', 'target': 0.75, 'spread': 0.375, 'learning_rate': 0.001}",dqn,1000,linear,0.001,,,,,,
LunarLander-v3,filterbank+hag,4,1020,11.601960784313725,-112.79149141999999,70.36949063583101,-180.9794318928711,-143.6294651968709,2902,"{'decomposition': 'ema', 'n_filters': 12, 'slowest': 0.022150628564983305, 'input_scaling': 0.3786189199484331, 'bias_dist': 'foldnorm', 'bias_scaling': 0.029687121836807887, 'lr': 0.7474064946212267, 'weight_increment': 0.0011133132425291139, 'min_window': 19, 'max_window': 43, 'use_full_instance': True, 'max_partners': 20, 'homeostasis': 'mean', 'target': 0.75, 'spread': 0.375, 'learning_rate': 0.001}",dqn,1000,linear,0.001,,,,,,
LunarLander-v3,filterbank+hag,9,1020,12.77843137254902,-152.06671278,72.80175386292838,-181.03384232082053,-154.23685486339446,2679,"{'decomposition': 'ema', 'n_filters': 12, 'slowest': 0.022150628564983305, 'input_scaling': 0.3786189199484331, 'bias_dist': 'foldnorm', 'bias_scaling': 0.029687121836807887, 'lr': 0.7474064946212267, 'weight_increment': 0.0011133132425291139, 'min_window': 19, 'max_window': 43, 'use_full_instance': True, 'max_partners': 20, 'homeostasis': 'mean', 'target': 0.75, 'spread': 0.375, 'learning_rate': 0.001}",dqn,1000,linear,0.001,,,,,,
LunarLander-v3,filterbank+hag,0,1020,12.594117647058823,-102.71173512000001,79.54403193338295,-167.55209376323393,-116.85484659436835,2756,"{'decomposition': 'ema', 'n_filters': 12, 'slowest': 0.022150628564983305, 'input_scaling': 0.3786189199484331, 'bias_dist': 'foldnorm', 'bias_scaling': 0.029687121836807887, 'lr': 0.7474064946212267, 'weight_increment': 0.0011133132425291139, 'min_window': 19, 'max_window': 43, 'use_full_instance': True, 'max_partners': 20, 'homeostasis': 'mean', 'target': 0.75, 'spread': 0.375, 'learning_rate': 0.003}",dqn,1000,linear,0.003,,,,,,
LunarLander-v3,filterbank+hag,1,1020,11.816666666666666,-58.24452048,90.48713066160917,-160.35333535311395,-68.02968421477017,2784,"{'decomposition': 'ema', 'n_filters': 12, 'slowest': 0.022150628564983305, 'input_scaling': 0.3786189199484331, 'bias_dist': 'foldnorm', 'bias_scaling': 0.029687121836807887, 'lr': 0.7474064946212267, 'weight_increment': 0.0011133132425291139, 'min_window': 19, 'max_window': 43, 'use_full_instance': True, 'max_partners': 20, 'homeostasis': 'mean', 'target': 0.75, 'spread': 0.375, 'learning_rate': 0.003}",dqn,1000,linear,0.003,,,,,,
LunarLander-v3,filterbank+hag,2,1020,12.096078431372549,-168.93664336,97.71653519229042,-179.5788840338555,-155.86570750582902,2728,"{'decomposition': 'ema', 'n_filters': 12, 'slowest': 0.022150628564983305, 'input_scaling': 0.3786189199484331, 'bias_dist': 'foldnorm', 'bias_scaling': 0.029687121836807887, 'lr': 0.7474064946212267, 'weight_increment': 0.0011133132425291139, 'min_window': 19, 'max_window': 43, 'use_full_instance': True, 'max_partners': 20, 'homeostasis': 'mean', 'target': 0.75, 'spread': 0.375, 'learning_rate': 0.003}",dqn,1000,linear,0.003,,,,,,
LunarLander-v3,filterbank+hag,3,1020,11.674509803921568,-56.29993406,65.34407689743551,-153.67625002504553,-67.94937846714379,2705,"{'decomposition': 'ema', 'n_filters': 12, 'slowest': 0.022150628564983305, 'input_scaling': 0.3786189199484331, 'bias_dist': 'foldnorm', 'bias_scaling': 0.029687121836807887, 'lr': 0.7474064946212267, 'weight_increment': 0.0011133132425291139, 'min_window': 19, 'max_window': 43, 'use_full_instance': True, 'max_partners': 20, 'homeostasis': 'mean', 'target': 0.75, 'spread': 0.375, 'learning_rate': 0.003}",dqn,1000,linear,0.003,,,,,,
LunarLander-v3,filterbank+hag,6,1020,12.526470588235295,-189.88442574,81.60430724379843,-173.9091224123872,-172.27964832662337,2629,"{'decomposition': 'ema', 'n_filters': 12, 'slowest': 0.022150628564983305, 'input_scaling': 0.3786189199484331, 'bias_dist': 'foldnorm', 'bias_scaling': 0.029687121836807887, 'lr': 0.7474064946212267, 'weight_increment': 0.0011133132425291139, 'min_window': 19, 'max_window': 43, 'use_full_instance': True, 'max_partners': 20, 'homeostasis': 'mean', 'target': 0.75, 'spread': 0.375, 'learning_rate': 0.003}",dqn,1000,linear,0.003,,,,,,
LunarLander-v3,filterbank+hag,5,1020,11.977450980392156,-144.39858938,107.83956833707666,-174.505509905437,-122.28249109728506,2703,"{'decomposition': 'ema', 'n_filters': 12, 'slowest': 0.022150628564983305, 'input_scaling': 0.3786189199484331, 'bias_dist': 'foldnorm', 'bias_scaling': 0.029687121836807887, 'lr': 0.7474064946212267, 'weight_increment': 0.0011133132425291139, 'min_window': 19, 'max_window': 43, 'use_full_instance': True, 'max_partners': 20, 'homeostasis': 'mean', 'target': 0.75, 'spread': 0.375, 'learning_rate': 0.003}",dqn,1000,linear,0.003,,,,,,
LunarLander-v3,filterbank+hag,4,1020,11.601960784313725,-66.9354254,64.36785785394956,-156.28314017862036,-62.81188868469154,2844,"{'decomposition': 'ema', 'n_filters': 12, 'slowest': 0.022150628564983305, 'input_scaling': 0.3786189199484331, 'bias_dist': 'foldnorm', 'bias_scaling': 0.029687121836807887, 'lr': 0.7474064946212267, 'weight_increment': 0.0011133132425291139, 'min_window': 19, 'max_window': 43, 'use_full_instance': True, 'max_partners': 20, 'homeostasis': 'mean', 'target': 0.75, 'spread': 0.375, 'learning_rate': 0.003}",dqn,1000,linear,0.003,,,,,,
LunarLander-v3,filterbank+hag,8,1020,13.785294117647059,-169.71872228,187.62507200844286,-178.01703703370393,-127.61908447009148,2711,"{'decomposition': 'ema', 'n_filters': 12, 'slowest': 0.022150628564983305, 'input_scaling': 0.3786189199484331, 'bias_dist': 'foldnorm', 'bias_scaling': 0.029687121836807887, 'lr': 0.7474064946212267, 'weight_increment': 0.0011133132425291139, 'min_window': 19, 'max_window': 43, 'use_full_instance': True, 'max_partners': 20, 'homeostasis': 'mean', 'target': 0.75, 'spread': 0.375, 'learning_rate': 0.003}",dqn,1000,linear,0.003,,,,,,
LunarLander-v3,filterbank+hag,9,1020,12.77843137254902,-179.44891828,85.48722707126737,-195.72167797212379,-178.91830626956525,2720,"{'decomposition': 'ema', 'n_filters': 12, 'slowest': 0.022150628564983305, 'input_scaling': 0.3786189199484331, 'bias_dist': 'foldnorm', 'bias_scaling': 0.029687121836807887, 'lr': 0.7474064946212267, 'weight_increment': 0.0011133132425291139, 'min_window': 19, 'max_window': 43, 'use_full_instance': True, 'max_partners': 20, 'homeostasis': 'mean', 'target': 0.75, 'spread': 0.375, 'learning_rate': 0.003}",dqn,1000,linear,0.003,,,,,,
LunarLander-v3,filterbank+hag,7,1020,12.89607843137255,-124.3382552,72.85578351320851,-155.60034907132857,-112.82832097052322,2733,"{'decomposition': 'ema', 'n_filters': 12, 'slowest': 0.022150628564983305, 'input_scaling': 0.3786189199484331, 'bias_dist': 'foldnorm', 'bias_scaling': 0.029687121836807887, 'lr': 0.7474064946212267, 'weight_increment': 0.0011133132425291139, 'min_window': 19, 'max_window': 43, 'use_full_instance': True, 'max_partners': 20, 'homeostasis': 'mean', 'target': 0.75, 'spread': 0.375, 'learning_rate': 0.003}",dqn,1000,linear,0.003,,,,,,
LunarLander-v3,filterbank+proj,0,1020,0.0,-351.2899102,190.98965357305414,-247.66901449609819,-307.55228121575584,2711,"{'decomposition': 'ema', 'n_filters': 12, 'slowest': 0.022150628564983305, 'input_scaling': 0.3786189199484331, 'bias_dist': 'foldnorm', 'bias_scaling': 0.029687121836807887, 'lr': 0.7474064946212267, 'weight_increment': 0.0011133132425291139, 'min_window': 19, 'max_window': 43, 'use_full_instance': True, 'max_partners': 20, 'homeostasis': 'mean', 'target': 0.75, 'spread': 0.375, 'learning_rate': 0.0001}",dqn,1000,linear,0.0001,,,,,,
LunarLander-v3,filterbank+proj,2,1020,0.0,-289.52574824,71.97090617295132,-224.56948149934678,-253.3239753102273,2719,"{'decomposition': 'ema', 'n_filters': 12, 'slowest': 0.022150628564983305, 'input_scaling': 0.3786189199484331, 'bias_dist': 'foldnorm', 'bias_scaling': 0.029687121836807887, 'lr': 0.7474064946212267, 'weight_increment': 0.0011133132425291139, 'min_window': 19, 'max_window': 43, 'use_full_instance': True, 'max_partners': 20, 'homeostasis': 'mean', 'target': 0.75, 'spread': 0.375, 'learning_rate': 0.0001}",dqn,1000,linear,0.0001,,,,,,
LunarLander-v3,filterbank+proj,1,1020,0.0,-191.77127312000002,110.4686751616554,-219.13278435022534,-220.5739494052407,2761,"{'decomposition': 'ema', 'n_filters': 12, 'slowest': 0.022150628564983305, 'input_scaling': 0.3786189199484331, 'bias_dist': 'foldnorm', 'bias_scaling': 0.029687121836807887, 'lr': 0.7474064946212267, 'weight_increment': 0.0011133132425291139, 'min_window': 19, 'max_window': 43, 'use_full_instance': True, 'max_partners': 20, 'homeostasis': 'mean', 'target': 0.75, 'spread': 0.375, 'learning_rate': 0.0001}",dqn,1000,linear,0.0001,,,,,,
LunarLander-v3,filterbank+proj,4,1020,0.0,-229.95044716000004,151.16871313541162,-228.62676191672813,-221.48528227842658,2706,"{'decomposition': 'ema', 'n_filters': 12, 'slowest': 0.022150628564983305, 'input_scaling': 0.3786189199484331, 'bias_dist': 'foldnorm', 'bias_scaling': 0.029687121836807887, 'lr': 0.7474064946212267, 'weight_increment': 0.0011133132425291139, 'min_window': 19, 'max_window': 43, 'use_full_instance': True, 'max_partners': 20, 'homeostasis': 'mean', 'target': 0.75, 'spread': 0.375, 'learning_rate': 0.0001}",dqn,1000,linear,0.0001,,,,,,
LunarLander-v3,filterbank+esn,0,1035,75.84830917874396,-50.32108725949645,110.42531066428253,-90.59987357413166,-29.444449937720833,705,"{'decomposition': 'legendre', 'n_filters': 8, 'slowest': 0.03209274857178588, 'input_scaling': 0.7632024675298855, 'bias_dist': 'foldnorm', 'bias_scaling': 0.4964265298181534, 'lr': 0.8679470826261966, 'sr': 0.1312185345194985, 'rc_connectivity': 0.07328368087866646, 'ridge': 2.542170698533713e-05, 'gamma': 0.9581640450668604}",lspi,1000,linear,,-74.06328611684638,17.0,"[-209.0581254190201, -197.24487033838767, -82.844420265109, -213.1222615731151, -119.46414392671484, -158.66815722115135, -28.831701465180924, -106.50450464440055, -75.28760476243095, -90.55763046637888, -68.5377126870397, -12.667358990941803, -28.775821184761924, -8.32441667038612, -104.02443820598685, -16.009199567196312, -17.926572636046906, 40.26196576481427, 13.302781679019375, 3.0184702434877635]",,,
LunarLander-v3,filterbank+proj,3,1020,0.0,-237.69260486,95.25567200655996,-250.3190067156532,-216.36237092750414,2732,"{'decomposition': 'ema', 'n_filters': 12, 'slowest': 0.022150628564983305, 'input_scaling': 0.3786189199484331, 'bias_dist': 'foldnorm', 'bias_scaling': 0.029687121836807887, 'lr': 0.7474064946212267, 'weight_increment': 0.0011133132425291139, 'min_window': 19, 'max_window': 43, 'use_full_instance': True, 'max_partners': 20, 'homeostasis': 'mean', 'target': 0.75, 'spread': 0.375, 'learning_rate': 0.0001}",dqn,1000,linear,0.0001,,,,,,
LunarLander-v3,filterbank+proj,5,1020,0.0,-152.06758164000001,77.72850917154223,-204.682501155894,-191.19930479244186,2737,"{'decomposition': 'ema', 'n_filters': 12, 'slowest': 0.022150628564983305, 'input_scaling': 0.3786189199484331, 'bias_dist': 'foldnorm', 'bias_scaling': 0.029687121836807887, 'lr': 0.7474064946212267, 'weight_increment': 0.0011133132425291139, 'min_window': 19, 'max_window': 43, 'use_full_instance': True, 'max_partners': 20, 'homeostasis': 'mean', 'target': 0.75, 'spread': 0.375, 'learning_rate': 0.0001}",dqn,1000,linear,0.0001,,,,,,
LunarLander-v3,filterbank+proj,7,1020,0.0,-196.74192013999996,97.20651708995817,-202.90542178090428,-200.97269035698068,2700,"{'decomposition': 'ema', 'n_filters': 12, 'slowest': 0.022150628564983305, 'input_scaling': 0.3786189199484331, 'bias_dist': 'foldnorm', 'bias_scaling': 0.029687121836807887, 'lr': 0.7474064946212267, 'weight_increment': 0.0011133132425291139, 'min_window': 19, 'max_window': 43, 'use_full_instance': True, 'max_partners': 20, 'homeostasis': 'mean', 'target': 0.75, 'spread': 0.375, 'learning_rate': 0.0001}",dqn,1000,linear,0.0001,,,,,,
LunarLander-v3,filterbank+proj,6,1020,0.0,-152.67275497999998,61.80093914230987,-199.581748123215,-162.92839123263693,2732,"{'decomposition': 'ema', 'n_filters': 12, 'slowest': 0.022150628564983305, 'input_scaling': 0.3786189199484331, 'bias_dist': 'foldnorm', 'bias_scaling': 0.029687121836807887, 'lr': 0.7474064946212267, 'weight_increment': 0.0011133132425291139, 'min_window': 19, 'max_window': 43, 'use_full_instance': True, 'max_partners': 20, 'homeostasis': 'mean', 'target': 0.75, 'spread': 0.375, 'learning_rate': 0.0001}",dqn,1000,linear,0.0001,,,,,,
LunarLander-v3,filterbank+proj,9,1020,0.0,-164.95100566000002,68.4138472844914,-216.92453899858717,-185.08817619785188,2735,"{'decomposition': 'ema', 'n_filters': 12, 'slowest': 0.022150628564983305, 'input_scaling': 0.3786189199484331, 'bias_dist': 'foldnorm', 'bias_scaling': 0.029687121836807887, 'lr': 0.7474064946212267, 'weight_increment': 0.0011133132425291139, 'min_window': 19, 'max_window': 43, 'use_full_instance': True, 'max_partners': 20, 'homeostasis': 'mean', 'target': 0.75, 'spread': 0.375, 'learning_rate': 0.0001}",dqn,1000,linear,0.0001,,,,,,
LunarLander-v3,filterbank+proj,0,1020,0.0,-129.9291907,62.090256043339224,-180.6784318586109,-139.3702778800945,2702,"{'decomposition': 'ema', 'n_filters': 12, 'slowest': 0.022150628564983305, 'input_scaling': 0.3786189199484331, 'bias_dist': 'foldnorm', 'bias_scaling': 0.029687121836807887, 'lr': 0.7474064946212267, 'weight_increment': 0.0011133132425291139, 'min_window': 19, 'max_window': 43, 'use_full_instance': True, 'max_partners': 20, 'homeostasis': 'mean', 'target': 0.75, 'spread': 0.375, 'learning_rate': 0.0003}",dqn,1000,linear,0.0003,,,,,,
LunarLander-v3,filterbank+proj,1,1020,0.0,-176.93313346,83.58448584683165,-180.80741697985073,-174.09213727322404,2708,"{'decomposition': 'ema', 'n_filters': 12, 'slowest': 0.022150628564983305, 'input_scaling': 0.3786189199484331, 'bias_dist': 'foldnorm', 'bias_scaling': 0.029687121836807887, 'lr': 0.7474064946212267, 'weight_increment': 0.0011133132425291139, 'min_window': 19, 'max_window': 43, 'use_full_instance': True, 'max_partners': 20, 'homeostasis': 'mean', 'target': 0.75, 'spread': 0.375, 'learning_rate': 0.0003}",dqn,1000,linear,0.0003,,,,,,
LunarLander-v3,filterbank+proj,8,1020,0.0,-177.30268912000003,71.27687447972413,-191.70718127280887,-179.94744042568703,2762,"{'decomposition': 'ema', 'n_filters': 12, 'slowest': 0.022150628564983305, 'input_scaling': 0.3786189199484331, 'bias_dist': 'foldnorm', 'bias_scaling': 0.029687121836807887, 'lr': 0.7474064946212267, 'weight_increment': 0.0011133132425291139, 'min_window': 19, 'max_window': 43, 'use_full_instance': True, 'max_partners': 20, 'homeostasis': 'mean', 'target': 0.75, 'spread': 0.375, 'learning_rate': 0.0001}",dqn,1000,linear,0.0001,,,,,,
LunarLander-v3,filterbank+proj,2,1020,0.0,-160.87130072,66.23247169476467,-202.95939360708275,-163.66266395945107,2708,"{'decomposition': 'ema', 'n_filters': 12, 'slowest': 0.022150628564983305, 'input_scaling': 0.3786189199484331, 'bias_dist': 'foldnorm', 'bias_scaling': 0.029687121836807887, 'lr': 0.7474064946212267, 'weight_increment': 0.0011133132425291139, 'min_window': 19, 'max_window': 43, 'use_full_instance': True, 'max_partners': 20, 'homeostasis': 'mean', 'target': 0.75, 'spread': 0.375, 'learning_rate': 0.0003}",dqn,1000,linear,0.0003,,,,,,
LunarLander-v3,filterbank+proj,3,1020,0.0,-186.93164850000005,143.15762776711088,-228.27119052809252,-192.41195045985833,2765,"{'decomposition': 'ema', 'n_filters': 12, 'slowest': 0.022150628564983305, 'input_scaling': 0.3786189199484331, 'bias_dist': 'foldnorm', 'bias_scaling': 0.029687121836807887, 'lr': 0.7474064946212267, 'weight_increment': 0.0011133132425291139, 'min_window': 19, 'max_window': 43, 'use_full_instance': True, 'max_partners': 20, 'homeostasis': 'mean', 'target': 0.75, 'spread': 0.375, 'learning_rate': 0.0003}",dqn,1000,linear,0.0003,,,,,,
LunarLander-v3,filterbank+proj,0,1020,0.0,-246.72179558,358.65323096072126,-196.60064849606846,-211.47173764787752,2595,"{'decomposition': 'ema', 'n_filters': 12, 'slowest': 0.022150628564983305, 'input_scaling': 0.3786189199484331, 'bias_dist': 'foldnorm', 'bias_scaling': 0.029687121836807887, 'lr': 0.7474064946212267, 'weight_increment': 0.0011133132425291139, 'min_window': 19, 'max_window': 43, 'use_full_instance': True, 'max_partners': 20, 'homeostasis': 'mean', 'target': 0.75, 'spread': 0.375, 'learning_rate': 0.001}",dqn,1000,linear,0.001,,,,,,
LunarLander-v3,filterbank+proj,6,1020,0.0,-108.69887302,65.95109330591389,-172.2876261705894,-74.09017994557378,2711,"{'decomposition': 'ema', 'n_filters': 12, 'slowest': 0.022150628564983305, 'input_scaling': 0.3786189199484331, 'bias_dist': 'foldnorm', 'bias_scaling': 0.029687121836807887, 'lr': 0.7474064946212267, 'weight_increment': 0.0011133132425291139, 'min_window': 19, 'max_window': 43, 'use_full_instance': True, 'max_partners': 20, 'homeostasis': 'mean', 'target': 0.75, 'spread': 0.375, 'learning_rate': 0.0003}",dqn,1000,linear,0.0003,,,,,,
LunarLander-v3,filterbank+proj,5,1020,0.0,-170.96748241999998,130.63302786762316,-171.9606248787951,-170.5271546654783,2765,"{'decomposition': 'ema', 'n_filters': 12, 'slowest': 0.022150628564983305, 'input_scaling': 0.3786189199484331, 'bias_dist': 'foldnorm', 'bias_scaling': 0.029687121836807887, 'lr': 0.7474064946212267, 'weight_increment': 0.0011133132425291139, 'min_window': 19, 'max_window': 43, 'use_full_instance': True, 'max_partners': 20, 'homeostasis': 'mean', 'target': 0.75, 'spread': 0.375, 'learning_rate': 0.0003}",dqn,1000,linear,0.0003,,,,,,
LunarLander-v3,filterbank+esn,1,1035,75.84830917874396,-43.87113347439952,136.19440801906205,-95.50062539349346,-54.999870458605436,708,"{'decomposition': 'legendre', 'n_filters': 8, 'slowest': 0.03209274857178588, 'input_scaling': 0.7632024675298855, 'bias_dist': 'foldnorm', 'bias_scaling': 0.4964265298181534, 'lr': 0.8679470826261966, 'sr': 0.1312185345194985, 'rc_connectivity': 0.07328368087866646, 'ridge': 2.542170698533713e-05, 'gamma': 0.9581640450668604}",lspi,1000,linear,,-133.62334909207254,16.0,"[-197.73281330097203, -245.43473765165186, -235.88304231466614, -268.1315278011576, -139.1029978100536, -180.5220244834382, -156.20476416490516, -153.3853257162335, -163.73219101081992, -169.34301080445442, -122.54047019103726, -127.15306179609638, -141.51991914304602, -100.83225713494161, -77.26280903703257, -22.672844986287437, -2.8694951678561464, -73.33898243520463, -74.95063304715563, -19.85407384444024]",,,
LunarLander-v3,filterbank+proj,7,1020,0.0,-168.54981048000002,62.33167272139608,-193.2155427521579,-193.45920942814007,2731,"{'decomposition': 'ema', 'n_filters': 12, 'slowest': 0.022150628564983305, 'input_scaling': 0.3786189199484331, 'bias_dist': 'foldnorm', 'bias_scaling': 0.029687121836807887, 'lr': 0.7474064946212267, 'weight_increment': 0.0011133132425291139, 'min_window': 19, 'max_window': 43, 'use_full_instance': True, 'max_partners': 20, 'homeostasis': 'mean', 'target': 0.75, 'spread': 0.375, 'learning_rate': 0.0003}",dqn,1000,linear,0.0003,,,,,,
LunarLander-v3,filterbank+proj,8,1020,0.0,-111.62249247999998,59.488643848552705,-182.79666971037193,-121.98389002480339,2711,"{'decomposition': 'ema', 'n_filters': 12, 'slowest': 0.022150628564983305, 'input_scaling': 0.3786189199484331, 'bias_dist': 'foldnorm', 'bias_scaling': 0.029687121836807887, 'lr': 0.7474064946212267, 'weight_increment': 0.0011133132425291139, 'min_window': 19, 'max_window': 43, 'use_full_instance': True, 'max_partners': 20, 'homeostasis': 'mean', 'target': 0.75, 'spread': 0.375, 'learning_rate': 0.0003}",dqn,1000,linear,0.0003,,,,,,
LunarLander-v3,filterbank+esn,2,1035,75.84830917874396,62.69830334818727,123.6078259607093,-79.54802876935918,50.92085847595582,725,"{'decomposition': 'legendre', 'n_filters': 8, 'slowest': 0.03209274857178588, 'input_scaling': 0.7632024675298855, 'bias_dist': 'foldnorm', 'bias_scaling': 0.4964265298181534, 'lr': 0.8679470826261966, 'sr': 0.1312185345194985, 'rc_connectivity': 0.07328368087866646, 'ridge': 2.542170698533713e-05, 'gamma': 0.9581640450668604}",lspi,1000,linear,,-60.156940080459016,19.0,"[-236.76102756903325, -157.95672719644745, -283.0436358855567, -231.13178115155907, -207.07745907863477, -191.48854498766775, -78.62049129956024, -162.10710859213535, 35.83011213516034, 46.76350004163658, 34.1964236134999, -28.783810319157375, -29.740560218722987, 0.7744657411597273, -19.722495987723384, 79.06054848544103, 2.7702561462638355, 28.931918409158847, 55.755123007511045, 139.21249309718672]",,,
LunarLander-v3,filterbank+proj,4,1020,0.0,-183.3322156,77.31958972888053,-207.1454697816602,-198.7652453214509,2918,"{'decomposition': 'ema', 'n_filters': 12, 'slowest': 0.022150628564983305, 'input_scaling': 0.3786189199484331, 'bias_dist': 'foldnorm', 'bias_scaling': 0.029687121836807887, 'lr': 0.7474064946212267, 'weight_increment': 0.0011133132425291139, 'min_window': 19, 'max_window': 43, 'use_full_instance': True, 'max_partners': 20, 'homeostasis': 'mean', 'target': 0.75, 'spread': 0.375, 'learning_rate': 0.0003}",dqn,1000,linear,0.0003,,,,,,
LunarLander-v3,filterbank+esn,3,1035,75.84830917874396,-32.183265214326134,125.6669225027899,-103.90956348424449,-41.724305552957276,719,"{'decomposition': 'legendre', 'n_filters': 8, 'slowest': 0.03209274857178588, 'input_scaling': 0.7632024675298855, 'bias_dist': 'foldnorm', 'bias_scaling': 0.4964265298181534, 'lr': 0.8679470826261966, 'sr': 0.1312185345194985, 'rc_connectivity': 0.07328368087866646, 'ridge': 2.542170698533713e-05, 'gamma': 0.9581640450668604}",lspi,1000,linear,,-107.35498961536425,10.0,"[-272.3748692903284, -365.809640167281, -135.4378788909856, -144.94623491810086, -130.65659816433316, -81.86335128813391, -58.585325077208765, -81.95645124792692, -38.26514484600237, -69.25434916423161, -27.860734936299103, -91.81840515081083, -72.11466877118895, -34.17433931801821, -44.98852010112232, -75.40797473709117, -141.39041486295525, -89.49091566535996, -154.97330682550418, -35.73066888440253]",,,
LunarLander-v3,filterbank+proj,2,1020,0.0,-158.42545414000003,62.17389997761497,-183.98875399310512,-159.1993076569873,2775,"{'decomposition': 'ema', 'n_filters': 12, 'slowest': 0.022150628564983305, 'input_scaling': 0.3786189199484331, 'bias_dist': 'foldnorm', 'bias_scaling': 0.029687121836807887, 'lr': 0.7474064946212267, 'weight_increment': 0.0011133132425291139, 'min_window': 19, 'max_window': 43, 'use_full_instance': True, 'max_partners': 20, 'homeostasis': 'mean', 'target': 0.75, 'spread': 0.375, 'learning_rate': 0.001}",dqn,1000,linear,0.001,,,,,,
LunarLander-v3,filterbank+proj,9,1020,0.0,-182.59620424000002,88.49324937211486,-196.35416864731567,-163.28024412546125,2840,"{'decomposition': 'ema', 'n_filters': 12, 'slowest': 0.022150628564983305, 'input_scaling': 0.3786189199484331, 'bias_dist': 'foldnorm', 'bias_scaling': 0.029687121836807887, 'lr': 0.7474064946212267, 'weight_increment': 0.0011133132425291139, 'min_window': 19, 'max_window': 43, 'use_full_instance': True, 'max_partners': 20, 'homeostasis': 'mean', 'target': 0.75, 'spread': 0.375, 'learning_rate': 0.0003}",dqn,1000,linear,0.0003,,,,,,
LunarLander-v3,filterbank+proj,5,1020,0.0,-90.18281258,94.58965935947147,-175.09247998209668,-145.9554619867374,2740,"{'decomposition': 'ema', 'n_filters': 12, 'slowest': 0.022150628564983305, 'input_scaling': 0.3786189199484331, 'bias_dist': 'foldnorm', 'bias_scaling': 0.029687121836807887, 'lr': 0.7474064946212267, 'weight_increment': 0.0011133132425291139, 'min_window': 19, 'max_window': 43, 'use_full_instance': True, 'max_partners': 20, 'homeostasis': 'mean', 'target': 0.75, 'spread': 0.375, 'learning_rate': 0.001}",dqn,1000,linear,0.001,,,,,,
LunarLander-v3,filterbank+proj,7,1020,0.0,-168.07530223999998,107.15874212025362,-187.09074149956166,-175.52951402091767,2744,"{'decomposition': 'ema', 'n_filters': 12, 'slowest': 0.022150628564983305, 'input_scaling': 0.3786189199484331, 'bias_dist': 'foldnorm', 'bias_scaling': 0.029687121836807887, 'lr': 0.7474064946212267, 'weight_increment': 0.0011133132425291139, 'min_window': 19, 'max_window': 43, 'use_full_instance': True, 'max_partners': 20, 'homeostasis': 'mean', 'target': 0.75, 'spread': 0.375, 'learning_rate': 0.001}",dqn,1000,linear,0.001,,,,,,
LunarLander-v3,filterbank+esn,5,1035,75.84830917874396,-117.2841038268459,138.86321593210369,-130.64848844168478,-134.53535593690378,707,"{'decomposition': 'legendre', 'n_filters': 8, 'slowest': 0.03209274857178588, 'input_scaling': 0.7632024675298855, 'bias_dist': 'foldnorm', 'bias_scaling': 0.4964265298181534, 'lr': 0.8679470826261966, 'sr': 0.1312185345194985, 'rc_connectivity': 0.07328368087866646, 'ridge': 2.542170698533713e-05, 'gamma': 0.9581640450668604}",lspi,1000,linear,,-156.83269344684683,14.0,"[-90.33357111122913, -244.06625499891615, -295.68133877026514, -262.1073223151711, -144.72385490272615, -169.15416155710585, -177.66576471557428, -135.78151791365198, -144.47582100100777, -187.42517820627077, -144.9730330853502, -176.9024564709603, -73.0450328635781, -144.06008800805324, -67.32693082371289, -98.45240470995796, -195.9884736282067, -69.50275292067707, -176.30214450286823, -138.68576643165366]",,,
LunarLander-v3,filterbank+esn,4,1035,75.84830917874396,30.75938883852242,167.07964948224426,-74.00066328618287,28.251268859148283,746,"{'decomposition': 'legendre', 'n_filters': 8, 'slowest': 0.03209274857178588, 'input_scaling': 0.7632024675298855, 'bias_dist': 'foldnorm', 'bias_scaling': 0.4964265298181534, 'lr': 0.8679470826261966, 'sr': 0.1312185345194985, 'rc_connectivity': 0.07328368087866646, 'ridge': 2.542170698533713e-05, 'gamma': 0.9581640450668604}",lspi,1000,linear,,-47.200426346049575,14.0,"[-222.93400318469435, -212.720867276766, -188.1792809780277, -57.28972617886588, -171.53715496451974, -83.83241307894491, -60.73266059592506, -8.805717975503518, -36.56562626940777, -18.73069446270728, -19.73161754495812, -28.423813346705355, 52.24622623098153, 77.78222863000781, 105.95431710741839, 44.909473191373586, 60.21652331439738, -114.58142565505375, -21.220955739002697, -39.83133814408817]",,,
LunarLander-v3,filterbank+proj,6,1020,0.0,-89.88332996000001,53.06932292231023,-163.04817203502682,-117.72458493560606,2790,"{'decomposition': 'ema', 'n_filters': 12, 'slowest': 0.022150628564983305, 'input_scaling': 0.3786189199484331, 'bias_dist': 'foldnorm', 'bias_scaling': 0.029687121836807887, 'lr': 0.7474064946212267, 'weight_increment': 0.0011133132425291139, 'min_window': 19, 'max_window': 43, 'use_full_instance': True, 'max_partners': 20, 'homeostasis': 'mean', 'target': 0.75, 'spread': 0.375, 'learning_rate': 0.001}",dqn,1000,linear,0.001,,,,,,
LunarLander-v3,filterbank+proj,3,1020,0.0,-89.36232639999999,60.328419552353296,-171.12638305950034,-102.36307824157662,2885,"{'decomposition': 'ema', 'n_filters': 12, 'slowest': 0.022150628564983305, 'input_scaling': 0.3786189199484331, 'bias_dist': 'foldnorm', 'bias_scaling': 0.029687121836807887, 'lr': 0.7474064946212267, 'weight_increment': 0.0011133132425291139, 'min_window': 19, 'max_window': 43, 'use_full_instance': True, 'max_partners': 20, 'homeostasis': 'mean', 'target': 0.75, 'spread': 0.375, 'learning_rate': 0.001}",dqn,1000,linear,0.001,,,,,,
LunarLander-v3,filterbank+proj,1,1020,0.0,-67.15438948,63.740922752904055,-162.93583070125248,-101.97998705270362,2939,"{'decomposition': 'ema', 'n_filters': 12, 'slowest': 0.022150628564983305, 'input_scaling': 0.3786189199484331, 'bias_dist': 'foldnorm', 'bias_scaling': 0.029687121836807887, 'lr': 0.7474064946212267, 'weight_increment': 0.0011133132425291139, 'min_window': 19, 'max_window': 43, 'use_full_instance': True, 'max_partners': 20, 'homeostasis': 'mean', 'target': 0.75, 'spread': 0.375, 'learning_rate': 0.001}",dqn,1000,linear,0.001,,,,,,
LunarLander-v3,filterbank+esn,7,1035,75.84830917874396,2.449115222286939,130.11923663046528,-104.6289310465553,-51.53596573137145,728,"{'decomposition': 'legendre', 'n_filters': 8, 'slowest': 0.03209274857178588, 'input_scaling': 0.7632024675298855, 'bias_dist': 'foldnorm', 'bias_scaling': 0.4964265298181534, 'lr': 0.8679470826261966, 'sr': 0.1312185345194985, 'rc_connectivity': 0.07328368087866646, 'ridge': 2.542170698533713e-05, 'gamma': 0.9581640450668604}",lspi,1000,linear,,-125.8349019336265,19.0,"[-177.2724725696468, -291.06351624316886, -219.07728394814973, -295.7979309152994, -148.31416949047465, -157.47130664310936, -90.29616011828449, -134.92143095183386, -129.53520000972435, -103.5376025350965, -110.4776377468695, -74.2079541757875, -60.76105041362979, -88.52192142328406, -45.220909414384685, -77.87966133101666, -129.06394271474133, -54.82110870503859, -139.97578096997145, 11.519001646980943]",,,
LunarLander-v3,filterbank+esn,6,1035,75.84830917874396,-12.618389644640187,149.53556418442437,-87.42122689841347,-31.726751855701604,737,"{'decomposition': 'legendre', 'n_filters': 8, 'slowest': 0.03209274857178588, 'input_scaling': 0.7632024675298855, 'bias_dist': 'foldnorm', 'bias_scaling': 0.4964265298181534, 'lr': 0.8679470826261966, 'sr': 0.1312185345194985, 'rc_connectivity': 0.07328368087866646, 'ridge': 2.542170698533713e-05, 'gamma': 0.9581640450668604}",lspi,1000,linear,,-96.72679124135516,7.0,"[-344.6951724302897, -385.8258019469207, -399.7863414784535, -117.93956944349148, -115.32174094805357, -63.0462305217922, -56.770126982487206, 41.24946642255057, -88.53821488082409, 25.4739272914184, -98.4542208185901, -99.51723915990176, -7.007180391169586, -20.07739517502324, -40.75434030392919, -32.04279458502408, 16.53594418047108, -11.859114227320882, -70.86379662020029, -65.29588280807157]",,,
LunarLander-v3,filterbank+esn,0,1020,13.583333333333334,239.99106071762392,83.41251873549513,233.12353629289547,,257,"{'decomposition': 'ema', 'n_filters': 12, 'slowest': 0.007278775282470501, 'input_scaling': 0.4150388723567341, 'bias_dist': 'foldnorm', 'bias_scaling': 0.04616118346075944, 'lr': 0.9174645206815777, 'sr': 0.7122598989576099, 'rc_connectivity': 0.013316681518519325}",bc,1000,linear,,236.6864810263221,,"[263.6583451129686, 217.70530009926784, 221.81219857794912, 238.7999436965732, 241.45661764485172]",263.6583451129686,0.0,236.52247079999998
LunarLander-v3,filterbank+proj,8,1020,0.0,-126.20088134000001,91.09575168798946,-180.76069579304075,-138.83613265844156,2766,"{'decomposition': 'ema', 'n_filters': 12, 'slowest': 0.022150628564983305, 'input_scaling': 0.3786189199484331, 'bias_dist': 'foldnorm', 'bias_scaling': 0.029687121836807887, 'lr': 0.7474064946212267, 'weight_increment': 0.0011133132425291139, 'min_window': 19, 'max_window': 43, 'use_full_instance': True, 'max_partners': 20, 'homeostasis': 'mean', 'target': 0.75, 'spread': 0.375, 'learning_rate': 0.001}",dqn,1000,linear,0.001,,,,,,
LunarLander-v3,filterbank+esn,8,1035,75.84830917874396,-144.71694011794068,140.40579327192918,-112.40932978803316,-129.53547950857012,730,"{'decomposition': 'legendre', 'n_filters': 8, 'slowest': 0.03209274857178588, 'input_scaling': 0.7632024675298855, 'bias_dist': 'foldnorm', 'bias_scaling': 0.4964265298181534, 'lr': 0.8679470826261966, 'sr': 0.1312185345194985, 'rc_connectivity': 0.07328368087866646, 'ridge': 2.542170698533713e-05, 'gamma': 0.9581640450668604}",lspi,1000,linear,,-132.1418850631299,2.0,"[-188.69466476620283, -270.97097990025947, -25.92336880178617, -170.49410625362012, -242.7627636000052, -184.49542588930555, -143.39608990987944, -114.80294991535723, -121.38301678389276, -81.35240524510809, -139.54983821885986, -98.99727758300261, -98.31218849392587, -137.20383079409567, -196.83784534866794, -45.40751272430332, -82.61179979819494, -56.97880118914075, -195.022602783658, -47.64023326333224]",,,
LunarLander-v3,filterbank+esn,1,1020,13.583333333333334,279.23946214449575,15.592440177045505,260.28576121152514,,263,"{'decomposition': 'ema', 'n_filters': 12, 'slowest': 0.007278775282470501, 'input_scaling': 0.4150388723567341, 'bias_dist': 'foldnorm', 'bias_scaling': 0.04616118346075944, 'lr': 0.9174645206815777, 'sr': 0.7122598989576099, 'rc_connectivity': 0.013316681518519325}",bc,1000,linear,,263.3509632165863,,"[213.2909997676564, 282.95601860227964, 285.1775876108288, 265.0286821046183, 270.3015279975483]",213.2909997676564,2.0,267.57216003999997
LunarLander-v3,filterbank+proj,0,1020,0.0,-124.49785528000001,88.03116079786925,-172.00054700676395,-133.24944804942965,2702,"{'decomposition': 'ema', 'n_filters': 12, 'slowest': 0.022150628564983305, 'input_scaling': 0.3786189199484331, 'bias_dist': 'foldnorm', 'bias_scaling': 0.029687121836807887, 'lr': 0.7474064946212267, 'weight_increment': 0.0011133132425291139, 'min_window': 19, 'max_window': 43, 'use_full_instance': True, 'max_partners': 20, 'homeostasis': 'mean', 'target': 0.75, 'spread': 0.375, 'learning_rate': 0.003}",dqn,1000,linear,0.003,,,,,,
LunarLander-v3,filterbank+esn,2,1020,13.583333333333334,283.56028518644774,21.34912301675721,232.1578625557986,,257,"{'decomposition': 'ema', 'n_filters': 12, 'slowest': 0.007278775282470501, 'input_scaling': 0.4150388723567341, 'bias_dist': 'foldnorm', 'bias_scaling': 0.04616118346075944, 'lr': 0.9174645206815777, 'sr': 0.7122598989576099, 'rc_connectivity': 0.013316681518519325}",bc,1000,linear,,237.67767935755643,,"[173.59620509072428, 277.8391106676094, 281.7389405666015, 174.58738757927895, 280.6267528835679]",173.59620509072428,2.0,272.63419894000003
LunarLander-v3,filterbank+esn,9,1035,75.84830917874396,92.51017340039232,149.5314515372298,-67.3212135488197,14.214021954310171,746,"{'decomposition': 'legendre', 'n_filters': 8, 'slowest': 0.03209274857178588, 'input_scaling': 0.7632024675298855, 'bias_dist': 'foldnorm', 'bias_scaling': 0.4964265298181534, 'lr': 0.8679470826261966, 'sr': 0.1312185345194985, 'rc_connectivity': 0.07328368087866646, 'ridge': 2.542170698533713e-05, 'gamma': 0.9581640450668604}",lspi,1000,linear,,-22.179324549792362,9.0,"[-358.7219589403013, -214.84165890192156, -119.14348005022688, -225.80608262347513, -180.5849511581362, 21.384870435684732, -64.48166246835667, 94.97601415565441, 139.91348934850538, 197.83523256725869, 58.700060815399375, 54.40182975095477, 53.07385402697137, 67.9415625022623, 29.15167990720581, 3.1965974726517343, -26.101135632578654, 6.8001647860512495, -10.336829294598465, 29.055912305147842]",,,
LunarLander-v3,filterbank+esn,3,1020,13.583333333333334,264.0689451745921,59.367812585928206,240.52800386491649,,281,"{'decomposition': 'ema', 'n_filters': 12, 'slowest': 0.007278775282470501, 'input_scaling': 0.4150388723567341, 'bias_dist': 'foldnorm', 'bias_scaling': 0.04616118346075944, 'lr': 0.9174645206815777, 'sr': 0.7122598989576099, 'rc_connectivity': 0.013316681518519325}",bc,1000,linear,,227.11626558610072,,"[102.58671564663803, 271.9915385265641, 240.3065265008642, 270.30892422452183, 250.38762303191538]",102.58671564663803,1.0,269.27283955999997
LunarLander-v3,filterbank+proj,9,1020,0.0,-169.51336504,101.10170238721304,-168.57137602854988,-152.72793337028438,2813,"{'decomposition': 'ema', 'n_filters': 12, 'slowest': 0.022150628564983305, 'input_scaling': 0.3786189199484331, 'bias_dist': 'foldnorm', 'bias_scaling': 0.029687121836807887, 'lr': 0.7474064946212267, 'weight_increment': 0.0011133132425291139, 'min_window': 19, 'max_window': 43, 'use_full_instance': True, 'max_partners': 20, 'homeostasis': 'mean', 'target': 0.75, 'spread': 0.375, 'learning_rate': 0.001}",dqn,1000,linear,0.001,,,,,,
LunarLander-v3,filterbank+proj,3,1020,0.0,-143.1126239,76.64532797295566,-160.63293478354979,-121.50259713380737,2693,"{'decomposition': 'ema', 'n_filters': 12, 'slowest': 0.022150628564983305, 'input_scaling': 0.3786189199484331, 'bias_dist': 'foldnorm', 'bias_scaling': 0.029687121836807887, 'lr': 0.7474064946212267, 'weight_increment': 0.0011133132425291139, 'min_window': 19, 'max_window': 43, 'use_full_instance': True, 'max_partners': 20, 'homeostasis': 'mean', 'target': 0.75, 'spread': 0.375, 'learning_rate': 0.003}",dqn,1000,linear,0.003,,,,,,
LunarLander-v3,filterbank+proj,1,1020,0.0,-71.47947807999999,123.28965159218174,-153.98008447911852,-66.19722403392443,2719,"{'decomposition': 'ema', 'n_filters': 12, 'slowest': 0.022150628564983305, 'input_scaling': 0.3786189199484331, 'bias_dist': 'foldnorm', 'bias_scaling': 0.029687121836807887, 'lr': 0.7474064946212267, 'weight_increment': 0.0011133132425291139, 'min_window': 19, 'max_window': 43, 'use_full_instance': True, 'max_partners': 20, 'homeostasis': 'mean', 'target': 0.75, 'spread': 0.375, 'learning_rate': 0.003}",dqn,1000,linear,0.003,,,,,,
LunarLander-v3,filterbank+esn,4,1020,13.583333333333334,248.63486023449744,55.0858234527253,225.7684975610864,,260,"{'decomposition': 'ema', 'n_filters': 12, 'slowest': 0.007278775282470501, 'input_scaling': 0.4150388723567341, 'bias_dist': 'foldnorm', 'bias_scaling': 0.04616118346075944, 'lr': 0.9174645206815777, 'sr': 0.7122598989576099, 'rc_connectivity': 0.013316681518519325}",bc,1000,linear,,158.44328323478916,,"[-125.18148730726841, 218.99450600077625, 188.51248553893896, 256.62090164009544, 253.2700103014035]",-125.18148730726841,3.0,231.07235808
LunarLander-v3,filterbank+proj,4,1020,0.0,-180.23216616,93.75828285507924,-203.5049408239929,-189.5400031480466,3054,"{'decomposition': 'ema', 'n_filters': 12, 'slowest': 0.022150628564983305, 'input_scaling': 0.3786189199484331, 'bias_dist': 'foldnorm', 'bias_scaling': 0.029687121836807887, 'lr': 0.7474064946212267, 'weight_increment': 0.0011133132425291139, 'min_window': 19, 'max_window': 43, 'use_full_instance': True, 'max_partners': 20, 'homeostasis': 'mean', 'target': 0.75, 'spread': 0.375, 'learning_rate': 0.001}",dqn,1000,linear,0.001,,,,,,
LunarLander-v3,filterbank+hag,3,1035,10.091787439613526,-23.6216620653583,158.4706661611942,-109.55614418152862,-30.208312654509278,755,"{'decomposition': 'legendre', 'n_filters': 8, 'slowest': 0.04011657681493965, 'input_scaling': 0.5837943135636782, 'bias_dist': 'foldnorm', 'bias_scaling': 0.412902076619634, 'lr': 0.8728211492696717, 'weight_increment': 0.0013740872217070856, 'min_window': 7, 'max_window': 14, 'use_full_instance': True, 'max_partners': inf, 'homeostasis': 'mean', 'target': 0.78, 'spread': 0.05, 'ridge': 2.6462791154807095e-06, 'gamma': 0.9512668628784811}",lspi,1000,linear,,-134.34742843997407,16.0,"[-231.53592566870378, -187.54678516845993, -239.8206687694473, -337.41351712846034, -201.2053335173884, -283.9348299971635, -271.0987217519652, -129.68027467735175, -128.7285803283545, -118.58913577706569, -36.57805659828656, -191.16177380251852, -147.14239525415186, -26.03167873358014, 13.905248004072927, -83.85920875496303, 54.58952048409727, -75.32292185403703, -58.699995103353764, -7.093534402400488]",,,
LunarLander-v3,filterbank+hag,2,1035,11.070531400966184,39.291637198657156,142.8919381702443,-91.81124426849694,-10.525401059203743,767,"{'decomposition': 'legendre', 'n_filters': 8, 'slowest': 0.04011657681493965, 'input_scaling': 0.5837943135636782, 'bias_dist': 'foldnorm', 'bias_scaling': 0.412902076619634, 'lr': 0.8728211492696717, 'weight_increment': 0.0013740872217070856, 'min_window': 7, 'max_window': 14, 'use_full_instance': True, 'max_partners': inf, 'homeostasis': 'mean', 'target': 0.78, 'spread': 0.05, 'ridge': 2.6462791154807095e-06, 'gamma': 0.9512668628784811}",lspi,1000,linear,,-78.2366183530175,16.0,"[-239.102735753819, -82.16100199254375, -314.5626424159127, -208.79067203178138, -138.1272937188532, -52.69570326736523, -163.22071645469924, -133.53788676338363, -123.27617950686144, -76.338383021049, -64.90004724673125, -7.924656136806308, -56.86389190810157, 57.90290412851698, -36.74548371478044, -3.700303041126335, 61.954214786657055, -13.213606104894609, 18.480213717878218, 12.091503385306842]",,,
LunarLander-v3,filterbank+hag,0,1035,11.502415458937199,-82.0219593748599,125.2372393476335,-158.29053867449798,-100.96834968509127,785,"{'decomposition': 'legendre', 'n_filters': 8, 'slowest': 0.04011657681493965, 'input_scaling': 0.5837943135636782, 'bias_dist': 'foldnorm', 'bias_scaling': 0.412902076619634, 'lr': 0.8728211492696717, 'weight_increment': 0.0013740872217070856, 'min_window': 7, 'max_window': 14, 'use_full_instance': True, 'max_partners': inf, 'homeostasis': 'mean', 'target': 0.78, 'spread': 0.05, 'ridge': 2.6462791154807095e-06, 'gamma': 0.9512668628784811}",lspi,1000,linear,,-160.08237589715807,14.0,"[-190.2571863175222, -127.19474363022228, -275.6848836278312, -257.3028931150482, -301.6641951432488, -242.1090565881579, -211.6704325950515, -238.32958342612898, -118.87627445941916, -101.54162232211347, -185.74549264743038, -87.75728614680159, -100.93901948785461, -93.61885804049184, -72.58698611520512, -100.64320268514874, -175.24569112620966, -118.2331641467666, -95.11914327770435, -107.12780304480445]",,,
LunarLander-v3,filterbank+hag,1,1035,10.756521739130434,-10.128641561366917,168.35044183098083,-138.21946278938753,-214.75307024549286,789,"{'decomposition': 'legendre', 'n_filters': 8, 'slowest': 0.04011657681493965, 'input_scaling': 0.5837943135636782, 'bias_dist': 'foldnorm', 'bias_scaling': 0.412902076619634, 'lr': 0.8728211492696717, 'weight_increment': 0.0013740872217070856, 'min_window': 7, 'max_window': 14, 'use_full_instance': True, 'max_partners': inf, 'homeostasis': 'mean', 'target': 0.78, 'spread': 0.05, 'ridge': 2.6462791154807095e-06, 'gamma': 0.9512668628784811}",lspi,1000,linear,,-146.12670897773182,13.0,"[-281.94704838477554, -287.85438535348766, -217.57196863514145, -169.4717873301893, -147.43755519597866, -352.40699090506257, -104.79206433542576, -162.3957398602919, -243.16918783281344, -218.3519591027919, -222.7803878998393, -105.00846636864856, -101.96808225855855, 88.43719078217846, 24.005973343110014, 29.00959358234433, -77.5003719879752, -134.8120958062689, -279.58440282551635, 43.06555682049601]",,,
LunarLander-v3,filterbank+hag,4,1035,9.932367149758454,-35.349034204258345,153.4929157271974,-122.46887879441222,-9.034673548526744,757,"{'decomposition': 'legendre', 'n_filters': 8, 'slowest': 0.04011657681493965, 'input_scaling': 0.5837943135636782, 'bias_dist': 'foldnorm', 'bias_scaling': 0.412902076619634, 'lr': 0.8728211492696717, 'weight_increment': 0.0013740872217070856, 'min_window': 7, 'max_window': 14, 'use_full_instance': True, 'max_partners': inf, 'homeostasis': 'mean', 'target': 0.78, 'spread': 0.05, 'ridge': 2.6462791154807095e-06, 'gamma': 0.9512668628784811}",lspi,1000,linear,,-102.05990538129518,13.0,"[-292.04836196302693, -241.10305876848224, -114.85573740485492, -252.58730203691545, -293.59685779834734, -139.60668918907734, -92.04851611895438, -75.8576080839828, -55.311812424801914, -27.14005806654967, -114.42344709825997, -83.11645098426223, -59.06388503192238, 27.67378160582833, -73.72174076375357, -44.91058125975639, -28.830059320378904, -59.3613226794285, -8.420219884240588, -12.868180354736506]",,,
LunarLander-v3,filterbank+proj,2,1020,0.0,-151.26675699999998,102.82474067305888,-172.73881767093306,-140.90503473303457,2785,"{'decomposition': 'ema', 'n_filters': 12, 'slowest': 0.022150628564983305, 'input_scaling': 0.3786189199484331, 'bias_dist': 'foldnorm', 'bias_scaling': 0.029687121836807887, 'lr': 0.7474064946212267, 'weight_increment': 0.0011133132425291139, 'min_window': 19, 'max_window': 43, 'use_full_instance': True, 'max_partners': 20, 'homeostasis': 'mean', 'target': 0.75, 'spread': 0.375, 'learning_rate': 0.003}",dqn,1000,linear,0.003,,,,,,
LunarLander-v3,filterbank+proj,5,1020,0.0,-139.22446868,92.10460985056187,-174.1646742423786,-157.21015134791966,2677,"{'decomposition': 'ema', 'n_filters': 12, 'slowest': 0.022150628564983305, 'input_scaling': 0.3786189199484331, 'bias_dist': 'foldnorm', 'bias_scaling': 0.029687121836807887, 'lr': 0.7474064946212267, 'weight_increment': 0.0011133132425291139, 'min_window': 19, 'max_window': 43, 'use_full_instance': True, 'max_partners': 20, 'homeostasis': 'mean', 'target': 0.75, 'spread': 0.375, 'learning_rate': 0.003}",dqn,1000,linear,0.003,,,,,,
LunarLander-v3,filterbank+hag,6,1035,11.022222222222222,-40.74888555593371,173.21415151702575,-114.30213253555551,-58.17715899331229,747,"{'decomposition': 'legendre', 'n_filters': 8, 'slowest': 0.04011657681493965, 'input_scaling': 0.5837943135636782, 'bias_dist': 'foldnorm', 'bias_scaling': 0.412902076619634, 'lr': 0.8728211492696717, 'weight_increment': 0.0013740872217070856, 'min_window': 7, 'max_window': 14, 'use_full_instance': True, 'max_partners': inf, 'homeostasis': 'mean', 'target': 0.78, 'spread': 0.05, 'ridge': 2.6462791154807095e-06, 'gamma': 0.9512668628784811}",lspi,1000,linear,,-103.84731163200698,11.0,"[-320.04387410987476, -260.6560165673522, -142.1585615325128, -139.03244236596032, -78.15364172212409, -153.67993247858095, -91.64841609817331, -75.5825833616495, -36.83669108510356, -18.927748667973674, -98.70398207153919, -9.141720348483059, -172.4960179566925, -82.53677049764927, -25.54000331802762, -63.26963789957891, -203.5144156348337, -13.33366613920656, -56.580373158109865, -35.10973762671367]",,,
LunarLander-v3,filterbank+esn,5,1020,13.583333333333334,270.052074634045,40.79707218694018,253.13977399836193,,262,"{'decomposition': 'ema', 'n_filters': 12, 'slowest': 0.007278775282470501, 'input_scaling': 0.4150388723567341, 'bias_dist': 'foldnorm', 'bias_scaling': 0.04616118346075944, 'lr': 0.9174645206815777, 'sr': 0.7122598989576099, 'rc_connectivity': 0.013316681518519325}",bc,1000,linear,,255.86891783120237,,"[236.0473043212854, 256.6411041265277, 277.3026464393594, 239.40609553787917, 269.94743873096]",236.0473043212854,2.0,257.20863082
LunarLander-v3,filterbank+hag,5,1035,10.126570048309178,-111.03194327226063,114.52001320463336,-110.66628781850216,-100.7326987179975,755,"{'decomposition': 'legendre', 'n_filters': 8, 'slowest': 0.04011657681493965, 'input_scaling': 0.5837943135636782, 'bias_dist': 'foldnorm', 'bias_scaling': 0.412902076619634, 'lr': 0.8728211492696717, 'weight_increment': 0.0013740872217070856, 'min_window': 7, 'max_window': 14, 'use_full_instance': True, 'max_partners': inf, 'homeostasis': 'mean', 'target': 0.78, 'spread': 0.05, 'ridge': 2.6462791154807095e-06, 'gamma': 0.9512668628784811}",lspi,1000,linear,,-121.66181200399242,18.0,"[-72.13307146759198, -324.73094916038804, -178.90308366264583, -146.34382134416887, -183.94902472232977, -155.8294480272974, -158.92202040472267, -132.94893078927097, -88.95839640332105, -22.832880044175102, -85.83811316173424, -110.1545994842057, -36.387206616894126, -234.33486745466408, -104.19959370798077, -134.2818901469356, -107.29313729874521, -78.95316326939076, -14.814951842080958, -61.42709107130522]",,,
LunarLander-v3,filterbank+esn,6,1020,13.583333333333334,269.96365924585797,40.289703921149986,250.2583886593193,,256,"{'decomposition': 'ema', 'n_filters': 12, 'slowest': 0.007278775282470501, 'input_scaling': 0.4150388723567341, 'bias_dist': 'foldnorm', 'bias_scaling': 0.04616118346075944, 'lr': 0.9174645206815777, 'sr': 0.7122598989576099, 'rc_connectivity': 0.013316681518519325}",bc,1000,linear,,255.26614950351444,,"[196.75419770207156, 272.8402679237287, 285.8275515325274, 249.9919150309282, 270.9168153283164]",196.75419770207156,2.0,253.22411392
LunarLander-v3,filterbank+esn,8,1020,13.583333333333334,262.4437213955223,44.79441696351698,247.38104661626076,,260,"{'decomposition': 'ema', 'n_filters': 12, 'slowest': 0.007278775282470501, 'input_scaling': 0.4150388723567341, 'bias_dist': 'foldnorm', 'bias_scaling': 0.04616118346075944, 'lr': 0.9174645206815777, 'sr': 0.7122598989576099, 'rc_connectivity': 0.013316681518519325}",bc,1000,linear,,255.06628289068036,,"[266.05810626691897, 276.20272435460186, 216.36043429367663, 237.619863460548, 279.0902860776562]",266.05810626691897,4.0,275.90440995999995
LunarLander-v3,filterbank+esn,7,1020,13.583333333333334,280.48846381560793,38.793535334008425,264.70699220491315,,267,"{'decomposition': 'ema', 'n_filters': 12, 'slowest': 0.007278775282470501, 'input_scaling': 0.4150388723567341, 'bias_dist': 'foldnorm', 'bias_scaling': 0.04616118346075944, 'lr': 0.9174645206815777, 'sr': 0.7122598989576099, 'rc_connectivity': 0.013316681518519325}",bc,1000,linear,,249.6868390893951,,"[167.1053769148938, 286.6640520161386, 233.41994144448, 279.6114421149535, 281.63338295650976]",167.1053769148938,1.0,271.10853438000004
LunarLander-v3,filterbank+esn,9,1020,13.583333333333334,285.4501768979095,19.795498562200482,269.23121226964383,,266,"{'decomposition': 'ema', 'n_filters': 12, 'slowest': 0.007278775282470501, 'input_scaling': 0.4150388723567341, 'bias_dist': 'foldnorm', 'bias_scaling': 0.04616118346075944, 'lr': 0.9174645206815777, 'sr': 0.7122598989576099, 'rc_connectivity': 0.013316681518519325}",bc,1000,linear,,274.94875792058826,,"[271.42879261920183, 283.6790986871317, 289.04774336678696, 278.9229640849948, 251.66519084482584]",271.42879261920183,2.0,282.50863168
LunarLander-v3,filterbank+proj,4,1020,0.0,-50.22107809999999,67.17539742985029,-156.82696195489342,-49.40446898048049,2718,"{'decomposition': 'ema', 'n_filters': 12, 'slowest': 0.022150628564983305, 'input_scaling': 0.3786189199484331, 'bias_dist': 'foldnorm', 'bias_scaling': 0.029687121836807887, 'lr': 0.7474064946212267, 'weight_increment': 0.0011133132425291139, 'min_window': 19, 'max_window': 43, 'use_full_instance': True, 'max_partners': 20, 'homeostasis': 'mean', 'target': 0.75, 'spread': 0.375, 'learning_rate': 0.003}",dqn,1000,linear,0.003,,,,,,
LunarLander-v3,filterbank+proj,1,1035,0.0,-119.28209350645433,105.0169739785327,-113.24122073842564,-60.5746477176937,731,"{'decomposition': 'legendre', 'n_filters': 8, 'slowest': 0.04011657681493965, 'input_scaling': 0.5837943135636782, 'bias_dist': 'foldnorm', 'bias_scaling': 0.412902076619634, 'lr': 0.8728211492696717, 'weight_increment': 0.0013740872217070856, 'min_window': 7, 'max_window': 14, 'use_full_instance': True, 'max_partners': inf, 'homeostasis': 'mean', 'target': 0.78, 'spread': 0.05, 'ridge': 2.6462791154807095e-06, 'gamma': 0.9512668628784811}",lspi,1000,linear,,-133.4675298255649,4.0,"[-287.80865467083356, -194.2564990330448, -98.91071851344074, -100.45902162360626, -50.14506943004922, -219.7143084208745, -227.32122667201142, -126.34299109717203, -96.28857632044918, -189.27647824970617, -129.66299158147953, -112.85949013906331, -70.273191450685, -70.73065827112877, -146.98400846119034, -110.28224601458626, -162.65879929752117, -51.417252169970354, -92.42157335800607, -131.53684173647977]",,,
LunarLander-v3,filterbank+hag,7,1035,11.663768115942029,-26.688819074583943,123.33822345456946,-126.62166022864992,-23.95036785496907,767,"{'decomposition': 'legendre', 'n_filters': 8, 'slowest': 0.04011657681493965, 'input_scaling': 0.5837943135636782, 'bias_dist': 'foldnorm', 'bias_scaling': 0.412902076619634, 'lr': 0.8728211492696717, 'weight_increment': 0.0013740872217070856, 'min_window': 7, 'max_window': 14, 'use_full_instance': True, 'max_partners': inf, 'homeostasis': 'mean', 'target': 0.78, 'spread': 0.05, 'ridge': 2.6462791154807095e-06, 'gamma': 0.9512668628784811}",lspi,1000,linear,,-106.15562273538168,13.0,"[-291.33193277539914, -125.94839377171225, -373.0922549457595, -245.76590394304358, -257.9909177715557, -204.62612679066856, -276.3621841613488, -205.21910118750912, -68.11821335619017, -17.263816494128694, -10.827836999276771, -145.57245659530628, -56.9047225265125, 58.99135150168644, 31.760697330484515, 14.536523419592294, 48.99864720671422, 1.8223815485313046, -28.414900812856324, 28.216706416624543]",,,
LunarLander-v3,filterbank+hag,9,1035,11.902415458937199,-83.7379982920348,160.22891193671953,-101.63547226122142,-39.80022173739702,754,"{'decomposition': 'legendre', 'n_filters': 8, 'slowest': 0.04011657681493965, 'input_scaling': 0.5837943135636782, 'bias_dist': 'foldnorm', 'bias_scaling': 0.412902076619634, 'lr': 0.8728211492696717, 'weight_increment': 0.0013740872217070856, 'min_window': 7, 'max_window': 14, 'use_full_instance': True, 'max_partners': inf, 'homeostasis': 'mean', 'target': 0.78, 'spread': 0.05, 'ridge': 2.6462791154807095e-06, 'gamma': 0.9512668628784811}",lspi,1000,linear,,-122.45238629201174,12.0,"[-305.7269384479527, -183.7697442615603, -405.13812987719746, -261.3570039623179, -292.2858883768255, -198.00476248878826, -128.49069827592862, -184.01323845834904, -174.8079760420523, -34.61226846121662, -33.70871860917621, -28.19925879748181, 57.374434927272524, -54.252369584318174, -89.70775565936347, 5.937277659863173, -8.001117539372347, -8.148261873266112, -58.06632152431647, -64.06898618788692]",,,
LunarLander-v3,filterbank+hag,1,1020,11.816666666666666,258.68932755677656,61.88729950326402,220.37947590634212,,279,"{'decomposition': 'ema', 'n_filters': 12, 'slowest': 0.022150628564983305, 'input_scaling': 0.3786189199484331, 'bias_dist': 'foldnorm', 'bias_scaling': 0.029687121836807887, 'lr': 0.7474064946212267, 'weight_increment': 0.0011133132425291139, 'min_window': 19, 'max_window': 43, 'use_full_instance': True, 'max_partners': 20, 'homeostasis': 'mean', 'target': 0.75, 'spread': 0.375}",bc,1000,linear,,174.21588360981426,,"[110.47432028087069, 91.24938119051065, 186.05257490826835, 235.74433269879052, 247.55880897063108]",110.47432028087069,4.0,267.57216003999997
LunarLander-v3,filterbank+proj,0,1035,0.0,-99.27974675148603,98.25954292713585,-189.43290837118602,-95.01590528865708,755,"{'decomposition': 'legendre', 'n_filters': 8, 'slowest': 0.04011657681493965, 'input_scaling': 0.5837943135636782, 'bias_dist': 'foldnorm', 'bias_scaling': 0.412902076619634, 'lr': 0.8728211492696717, 'weight_increment': 0.0013740872217070856, 'min_window': 7, 'max_window': 14, 'use_full_instance': True, 'max_partners': inf, 'homeostasis': 'mean', 'target': 0.78, 'spread': 0.05, 'ridge': 2.6462791154807095e-06, 'gamma': 0.9512668628784811}",lspi,1000,linear,,-176.13141237803592,10.0,"[-295.984811645558, -267.49574692566307, -220.24158582453555, -242.33089429432826, -412.79957896202495, -227.66623972329884, -148.69996243195962, -97.8287265585283, -91.06049290170373, -93.94687503154918, -76.57766257038658, -113.67786243900841, -261.44307948961944, -144.54671107146567, -152.61367127750609, -144.02977996355196, -104.69797530805178, -128.91809865235214, -205.90202764665423, -92.16646484297242]",,,
LunarLander-v3,filterbank+hag,8,1035,12.68695652173913,-86.20132787403364,155.8096301159622,-102.0272516880616,-49.75663488475997,770,"{'decomposition': 'legendre', 'n_filters': 8, 'slowest': 0.04011657681493965, 'input_scaling': 0.5837943135636782, 'bias_dist': 'foldnorm', 'bias_scaling': 0.412902076619634, 'lr': 0.8728211492696717, 'weight_increment': 0.0013740872217070856, 'min_window': 7, 'max_window': 14, 'use_full_instance': True, 'max_partners': inf, 'homeostasis': 'mean', 'target': 0.78, 'spread': 0.05, 'ridge': 2.6462791154807095e-06, 'gamma': 0.9512668628784811}",lspi,1000,linear,,-144.17455356857434,11.0,"[-182.59359750750002, -240.89445048081728, -242.2904837432211, -167.50289014816454, -227.19765143749223, -233.0530443348335, -198.0073707281345, -142.83563940901072, -80.92568990873009, -177.19346661628725, -174.24639007688785, 5.085324464209583, -189.80272454169193, -78.38294434795223, -121.67900044987496, -7.853335143792302, -114.97122787005692, -47.04661334010054, -112.67083474278138, -149.42904100836725]",,,
LunarLander-v3,filterbank+hag,2,1020,12.096078431372549,204.7664356883322,131.05994102067044,172.85378073854386,,290,"{'decomposition': 'ema', 'n_filters': 12, 'slowest': 0.022150628564983305, 'input_scaling': 0.3786189199484331, 'bias_dist': 'foldnorm', 'bias_scaling': 0.029687121836807887, 'lr': 0.7474064946212267, 'weight_increment': 0.0011133132425291139, 'min_window': 19, 'max_window': 43, 'use_full_instance': True, 'max_partners': 20, 'homeostasis': 'mean', 'target': 0.75, 'spread': 0.375}",bc,1000,linear,,185.71799775768196,,"[11.582928622392819, 241.2897089933832, 163.96917668735432, 265.19598239883044, 246.55219208644888]",11.582928622392819,3.0,272.63419894000003
LunarLander-v3,filterbank+hag,4,1020,11.601960784313725,225.46475542836615,91.05752504670346,208.20109501669964,,278,"{'decomposition': 'ema', 'n_filters': 12, 'slowest': 0.022150628564983305, 'input_scaling': 0.3786189199484331, 'bias_dist': 'foldnorm', 'bias_scaling': 0.029687121836807887, 'lr': 0.7474064946212267, 'weight_increment': 0.0011133132425291139, 'min_window': 19, 'max_window': 43, 'use_full_instance': True, 'max_partners': 20, 'homeostasis': 'mean', 'target': 0.75, 'spread': 0.375}",bc,1000,linear,,148.45753695431122,,"[-126.02972928604584, 172.42481891947486, 211.02072513009315, 255.1012443205821, 229.77062568745174]",-126.02972928604584,3.0,231.07235808
LunarLander-v3,filterbank+hag,3,1020,11.674509803921568,191.30101189581558,121.16866232519297,180.51935364685988,,289,"{'decomposition': 'ema', 'n_filters': 12, 'slowest': 0.022150628564983305, 'input_scaling': 0.3786189199484331, 'bias_dist': 'foldnorm', 'bias_scaling': 0.029687121836807887, 'lr': 0.7474064946212267, 'weight_increment': 0.0011133132425291139, 'min_window': 19, 'max_window': 43, 'use_full_instance': True, 'max_partners': 20, 'homeostasis': 'mean', 'target': 0.75, 'spread': 0.375}",bc,1000,linear,,120.99887435348585,,"[-228.02626977688152, 210.03214750277334, 205.00679721337687, 201.03860768810196, 216.9430891400586]",-228.02626977688152,4.0,269.27283955999997
LunarLander-v3,filterbank+hag,0,1020,12.594117647058823,234.57087707505718,92.78986307337095,226.73420112942912,,320,"{'decomposition': 'ema', 'n_filters': 12, 'slowest': 0.022150628564983305, 'input_scaling': 0.3786189199484331, 'bias_dist': 'foldnorm', 'bias_scaling': 0.029687121836807887, 'lr': 0.7474064946212267, 'weight_increment': 0.0011133132425291139, 'min_window': 19, 'max_window': 43, 'use_full_instance': True, 'max_partners': 20, 'homeostasis': 'mean', 'target': 0.75, 'spread': 0.375}",bc,1000,linear,,221.4827886713183,,"[206.14205567464424, 228.3712856310051, 190.9745746902555, 240.2678645953698, 241.65816276531677]",206.14205567464424,4.0,236.52247079999998
LunarLander-v3,filterbank+proj,6,1020,0.0,-126.37597946,62.160648242241066,-184.40103779748986,-152.1386375323741,2742,"{'decomposition': 'ema', 'n_filters': 12, 'slowest': 0.022150628564983305, 'input_scaling': 0.3786189199484331, 'bias_dist': 'foldnorm', 'bias_scaling': 0.029687121836807887, 'lr': 0.7474064946212267, 'weight_increment': 0.0011133132425291139, 'min_window': 19, 'max_window': 43, 'use_full_instance': True, 'max_partners': 20, 'homeostasis': 'mean', 'target': 0.75, 'spread': 0.375, 'learning_rate': 0.003}",dqn,1000,linear,0.003,,,,,,
LunarLander-v3,filterbank+proj,7,1020,0.0,-132.22440444,89.31774521284576,-161.85652437172348,-111.58061259881129,2714,"{'decomposition': 'ema', 'n_filters': 12, 'slowest': 0.022150628564983305, 'input_scaling': 0.3786189199484331, 'bias_dist': 'foldnorm', 'bias_scaling': 0.029687121836807887, 'lr': 0.7474064946212267, 'weight_increment': 0.0011133132425291139, 'min_window': 19, 'max_window': 43, 'use_full_instance': True, 'max_partners': 20, 'homeostasis': 'mean', 'target': 0.75, 'spread': 0.375, 'learning_rate': 0.003}",dqn,1000,linear,0.003,,,,,,
LunarLander-v3,filterbank+hag,5,1020,11.977450980392156,191.87230730629977,135.95610272663757,218.13729187651722,,300,"{'decomposition': 'ema', 'n_filters': 12, 'slowest': 0.022150628564983305, 'input_scaling': 0.3786189199484331, 'bias_dist': 'foldnorm', 'bias_scaling': 0.029687121836807887, 'lr': 0.7474064946212267, 'weight_increment': 0.0011133132425291139, 'min_window': 19, 'max_window': 43, 'use_full_instance': True, 'max_partners': 20, 'homeostasis': 'mean', 'target': 0.75, 'spread': 0.375}",bc,1000,linear,,207.9503062928357,,"[256.716443652491, 135.6190914970868, 215.21781902501866, 217.1237038246174, 215.07447346496457]",256.716443652491,0.0,257.20863082
LunarLander-v3,filterbank+hag,6,1020,12.526470588235295,272.08730911899465,39.36044288365597,128.6026574157674,,267,"{'decomposition': 'ema', 'n_filters': 12, 'slowest': 0.022150628564983305, 'input_scaling': 0.3786189199484331, 'bias_dist': 'foldnorm', 'bias_scaling': 0.029687121836807887, 'lr': 0.7474064946212267, 'weight_increment': 0.0011133132425291139, 'min_window': 19, 'max_window': 43, 'use_full_instance': True, 'max_partners': 20, 'homeostasis': 'mean', 'target': 0.75, 'spread': 0.375}",bc,1000,linear,,137.72701821483793,,"[-86.63971213133686, 69.60542047292441, 181.1998675379005, 245.51748113419427, 278.9520340605074]",-86.63971213133686,4.0,253.22411392
LunarLander-v3,filterbank+proj,3,1035,0.0,-156.50147525059708,146.99543461159462,-157.01521961681956,-134.0070458843658,730,"{'decomposition': 'legendre', 'n_filters': 8, 'slowest': 0.04011657681493965, 'input_scaling': 0.5837943135636782, 'bias_dist': 'foldnorm', 'bias_scaling': 0.412902076619634, 'lr': 0.8728211492696717, 'weight_increment': 0.0013740872217070856, 'min_window': 7, 'max_window': 14, 'use_full_instance': True, 'max_partners': inf, 'homeostasis': 'mean', 'target': 0.78, 'spread': 0.05, 'ridge': 2.6462791154807095e-06, 'gamma': 0.9512668628784811}",lspi,1000,linear,,-222.86547071403862,11.0,"[-445.8261443075324, -420.255050481911, -201.56463547827934, -284.2596114514985, -330.26995205970036, -349.4736442753477, -281.33032808219093, -241.83562298620444, -254.6764041946823, -166.3481677024368, -197.3916469462246, -40.613291070825355, -180.86456025447583, -242.3065887641876, -181.65954976543625, -75.4314099428336, -206.83285540087772, -118.21333250363175, -134.3651337782699, -103.79148483422509]",,,
LunarLander-v3,filterbank+proj,2,1035,0.0,20.43178516890652,134.5163573751411,-80.85010197846559,37.26535647010949,747,"{'decomposition': 'legendre', 'n_filters': 8, 'slowest': 0.04011657681493965, 'input_scaling': 0.5837943135636782, 'bias_dist': 'foldnorm', 'bias_scaling': 0.412902076619634, 'lr': 0.8728211492696717, 'weight_increment': 0.0013740872217070856, 'min_window': 7, 'max_window': 14, 'use_full_instance': True, 'max_partners': inf, 'homeostasis': 'mean', 'target': 0.78, 'spread': 0.05, 'ridge': 2.6462791154807095e-06, 'gamma': 0.9512668628784811}",lspi,1000,linear,,-61.84645973170113,16.0,"[-180.7398173196852, -215.48697649082555, -223.11998594717653, -212.42610171804432, -110.29138152876116, -126.6451189926701, -131.39802043854942, -141.76048670842277, -40.34508062073361, 12.091425228462978, -28.165449482638245, 34.904770689121484, -117.61810608830163, 69.88599872169955, -13.830649828459224, 49.10906776323105, 96.82019624001352, 31.48436400096336, 20.916431563553143, -10.31427367679985]",,,
LunarLander-v3,filterbank+proj,5,1035,0.0,-20.51717600725466,148.1103323954583,-94.76020959140398,-4.80207023100893,715,"{'decomposition': 'legendre', 'n_filters': 8, 'slowest': 0.04011657681493965, 'input_scaling': 0.5837943135636782, 'bias_dist': 'foldnorm', 'bias_scaling': 0.412902076619634, 'lr': 0.8728211492696717, 'weight_increment': 0.0013740872217070856, 'min_window': 7, 'max_window': 14, 'use_full_instance': True, 'max_partners': inf, 'homeostasis': 'mean', 'target': 0.78, 'spread': 0.05, 'ridge': 2.6462791154807095e-06, 'gamma': 0.9512668628784811}",lspi,1000,linear,,-103.817773748319,18.0,"[-150.82825552781836, -209.72734770540723, -235.28138740830917, -158.53673858984962, -212.93367172380422, -181.48053621307002, -197.82456892544494, -237.70226158584538, -180.63582118655987, -121.09154983748803, -125.81907811616705, -86.30514721241843, -87.85222968747327, -27.902698515494357, 41.48929791762444, 40.074260375405764, -34.38258509590479, 16.305145898429636, 51.38895580482506, 22.690742368390097]",,,
LunarLander-v3,filterbank+proj,4,1035,0.0,5.523785422232106,162.17751027547664,-124.47918098966032,-54.66586236574772,721,"{'decomposition': 'legendre', 'n_filters': 8, 'slowest': 0.04011657681493965, 'input_scaling': 0.5837943135636782, 'bias_dist': 'foldnorm', 'bias_scaling': 0.412902076619634, 'lr': 0.8728211492696717, 'weight_increment': 0.0013740872217070856, 'min_window': 7, 'max_window': 14, 'use_full_instance': True, 'max_partners': inf, 'homeostasis': 'mean', 'target': 0.78, 'spread': 0.05, 'ridge': 2.6462791154807095e-06, 'gamma': 0.9512668628784811}",lspi,1000,linear,,-107.97867538921723,13.0,"[-367.9468826999521, -169.05681852253488, -316.7504222360275, -205.41094533175504, -113.48314396410471, -174.6544880837386, -219.12339801979823, -102.51561380535293, -142.47060404399537, -111.33407255159861, -39.24687013091094, -46.58338090379141, -55.466197611560254, 53.4249910380311, 16.498756255584677, -26.989553162901178, -82.41563786262284, -51.12125060033064, -12.844491860379474, 7.916516313394601]",,,
LunarLander-v3,filterbank+hag,8,1020,13.785294117647059,256.41971767060363,65.99708368957474,162.40267828227545,,256,"{'decomposition': 'ema', 'n_filters': 12, 'slowest': 0.022150628564983305, 'input_scaling': 0.3786189199484331, 'bias_dist': 'foldnorm', 'bias_scaling': 0.029687121836807887, 'lr': 0.7474064946212267, 'weight_increment': 0.0011133132425291139, 'min_window': 19, 'max_window': 43, 'use_full_instance': True, 'max_partners': 20, 'homeostasis': 'mean', 'target': 0.75, 'spread': 0.375}",bc,1000,linear,,93.24150399049748,,"[-157.62625072478937, -28.923870583216956, 192.4137845232457, 212.71655297664856, 247.6273037605994]",-157.62625072478937,4.0,275.90440995999995
LunarLander-v3,filterbank+proj,6,1035,0.0,-121.75977629202572,100.49474994909016,-118.4238483585336,-124.52201568523917,724,"{'decomposition': 'legendre', 'n_filters': 8, 'slowest': 0.04011657681493965, 'input_scaling': 0.5837943135636782, 'bias_dist': 'foldnorm', 'bias_scaling': 0.412902076619634, 'lr': 0.8728211492696717, 'weight_increment': 0.0013740872217070856, 'min_window': 7, 'max_window': 14, 'use_full_instance': True, 'max_partners': inf, 'homeostasis': 'mean', 'target': 0.78, 'spread': 0.05, 'ridge': 2.6462791154807095e-06, 'gamma': 0.9512668628784811}",lspi,1000,linear,,-160.87029297323056,4.0,"[-195.34632618824276, -124.23593833579214, -280.08182394921755, -224.8479448010406, -77.26545622550353, -303.987824557663, -202.094270089669, -147.79629442278852, -129.0635593934528, -125.65290418214184, -80.69675441780637, -129.39483217011318, -207.39059697443395, -82.86952246201103, -100.59134829871326, -143.12538917754352, -168.1697962516053, -168.24804579984982, -116.11910342997479, -210.42812833704798]",,,
LunarLander-v3,filterbank+hag,7,1020,12.89607843137255,259.10200368733456,65.83707984130349,258.87150314650665,,272,"{'decomposition': 'ema', 'n_filters': 12, 'slowest': 0.022150628564983305, 'input_scaling': 0.3786189199484331, 'bias_dist': 'foldnorm', 'bias_scaling': 0.029687121836807887, 'lr': 0.7474064946212267, 'weight_increment': 0.0011133132425291139, 'min_window': 19, 'max_window': 43, 'use_full_instance': True, 'max_partners': 20, 'homeostasis': 'mean', 'target': 0.75, 'spread': 0.375}",bc,1000,linear,,260.44653176163666,,"[266.1579675628808, 284.42036861796083, 203.2598231954996, 269.32880372831676, 279.0656957035252]",266.1579675628808,1.0,271.10853438000004
LunarLander-v3,filterbank+hag,9,1020,12.77843137254902,274.66299215985606,36.16399461119247,171.27145369634613,,251,"{'decomposition': 'ema', 'n_filters': 12, 'slowest': 0.022150628564983305, 'input_scaling': 0.3786189199484331, 'bias_dist': 'foldnorm', 'bias_scaling': 0.029687121836807887, 'lr': 0.7474064946212267, 'weight_increment': 0.0011133132425291139, 'min_window': 19, 'max_window': 43, 'use_full_instance': True, 'max_partners': 20, 'homeostasis': 'mean', 'target': 0.75, 'spread': 0.375}",bc,1000,linear,,168.44177618129365,,"[30.560937344020914, 85.67427729004638, 183.71861990647022, 270.52953168764896, 271.72551467828185]",30.560937344020914,4.0,282.50863168
LunarLander-v3,filterbank+proj,1,1020,0.0,260.35644868243196,61.01068694082289,220.72569560094007,,247,"{'decomposition': 'ema', 'n_filters': 12, 'slowest': 0.022150628564983305, 'input_scaling': 0.3786189199484331, 'bias_dist': 'foldnorm', 'bias_scaling': 0.029687121836807887, 'lr': 0.7474064946212267, 'weight_increment': 0.0011133132425291139, 'min_window': 19, 'max_window': 43, 'use_full_instance': True, 'max_partners': 20, 'homeostasis': 'mean', 'target': 0.75, 'spread': 0.375}",bc,1000,linear,,177.5444879505501,,"[68.742773205188, 164.49123850336514, 198.79224567270964, 238.73581691153703, 216.9603654599507]",68.742773205188,3.0,267.57216003999997
LunarLander-v3,filterbank+proj,5,1020,0.0,245.10656641008492,81.4745249199,224.40757982020676,,231,"{'decomposition': 'ema', 'n_filters': 12, 'slowest': 0.022150628564983305, 'input_scaling': 0.3786189199484331, 'bias_dist': 'foldnorm', 'bias_scaling': 0.029687121836807887, 'lr': 0.7474064946212267, 'weight_increment': 0.0011133132425291139, 'min_window': 19, 'max_window': 43, 'use_full_instance': True, 'max_partners': 20, 'homeostasis': 'mean', 'target': 0.75, 'spread': 0.375}",bc,1000,linear,,218.49318273374547,,"[194.3351420990171, 205.5703403418991, 217.69742322480343, 236.67181890454668, 238.19118909846105]",194.3351420990171,4.0,257.20863082
LunarLander-v3,filterbank+proj,2,1020,0.0,179.52460651399278,152.0899177262883,162.1317592779811,,258,"{'decomposition': 'ema', 'n_filters': 12, 'slowest': 0.022150628564983305, 'input_scaling': 0.3786189199484331, 'bias_dist': 'foldnorm', 'bias_scaling': 0.029687121836807887, 'lr': 0.7474064946212267, 'weight_increment': 0.0011133132425291139, 'min_window': 19, 'max_window': 43, 'use_full_instance': True, 'max_partners': 20, 'homeostasis': 'mean', 'target': 0.75, 'spread': 0.375}",bc,1000,linear,,155.6010443713079,,"[8.870229626789202, 92.31671416218089, 196.0384416473594, 264.07364141226515, 216.70619500794493]",8.870229626789202,3.0,272.63419894000003
LunarLander-v3,filterbank+proj,4,1020,0.0,212.02856810219265,102.40171923412106,211.00681890717013,,256,"{'decomposition': 'ema', 'n_filters': 12, 'slowest': 0.022150628564983305, 'input_scaling': 0.3786189199484331, 'bias_dist': 'foldnorm', 'bias_scaling': 0.029687121836807887, 'lr': 0.7474064946212267, 'weight_increment': 0.0011133132425291139, 'min_window': 19, 'max_window': 43, 'use_full_instance': True, 'max_partners': 20, 'homeostasis': 'mean', 'target': 0.75, 'spread': 0.375}",bc,1000,linear,,136.39299821401278,,"[-148.30304101788448, 159.9718114134143, 186.59679760674436, 255.50512688569182, 228.19429618209787]",-148.30304101788448,3.0,231.07235808
LunarLander-v3,filterbank+proj,3,1020,0.0,198.55056376918935,114.35937602005122,161.8845863641909,,271,"{'decomposition': 'ema', 'n_filters': 12, 'slowest': 0.022150628564983305, 'input_scaling': 0.3786189199484331, 'bias_dist': 'foldnorm', 'bias_scaling': 0.029687121836807887, 'lr': 0.7474064946212267, 'weight_increment': 0.0011133132425291139, 'min_window': 19, 'max_window': 43, 'use_full_instance': True, 'max_partners': 20, 'homeostasis': 'mean', 'target': 0.75, 'spread': 0.375}",bc,1000,linear,,120.21438291917768,,"[-162.23072386323952, 196.45750412384308, 164.00923178277108, 230.38673834555803, 172.44916420695574]",-162.23072386323952,3.0,269.27283955999997
LunarLander-v3,filterbank+proj,6,1020,0.0,271.02280782715644,35.00206826473573,142.67161489927375,,232,"{'decomposition': 'ema', 'n_filters': 12, 'slowest': 0.022150628564983305, 'input_scaling': 0.3786189199484331, 'bias_dist': 'foldnorm', 'bias_scaling': 0.029687121836807887, 'lr': 0.7474064946212267, 'weight_increment': 0.0011133132425291139, 'min_window': 19, 'max_window': 43, 'use_full_instance': True, 'max_partners': 20, 'homeostasis': 'mean', 'target': 0.75, 'spread': 0.375}",bc,1000,linear,,162.00375507978043,,"[-153.73843174978694, 211.64163323115136, 255.470523430482, 236.42336301063133, 260.2216874764243]",-153.73843174978694,4.0,253.22411392
LunarLander-v3,filterbank+proj,0,1020,0.0,207.87280318822013,114.63974686480594,221.48616850637225,,283,"{'decomposition': 'ema', 'n_filters': 12, 'slowest': 0.022150628564983305, 'input_scaling': 0.3786189199484331, 'bias_dist': 'foldnorm', 'bias_scaling': 0.029687121836807887, 'lr': 0.7474064946212267, 'weight_increment': 0.0011133132425291139, 'min_window': 19, 'max_window': 43, 'use_full_instance': True, 'max_partners': 20, 'homeostasis': 'mean', 'target': 0.75, 'spread': 0.375}",bc,1000,linear,,226.77900589287634,,"[235.78832954781893, 244.87055590767477, 194.3076628565649, 243.17708950427127, 215.75139164805168]",235.78832954781893,1.0,236.52247079999998
LunarLander-v3,filterbank+proj,8,1035,0.0,-38.196112715027674,155.91407218204733,-128.24372305862943,-20.741683187947324,714,"{'decomposition': 'legendre', 'n_filters': 8, 'slowest': 0.04011657681493965, 'input_scaling': 0.5837943135636782, 'bias_dist': 'foldnorm', 'bias_scaling': 0.412902076619634, 'lr': 0.8728211492696717, 'weight_increment': 0.0013740872217070856, 'min_window': 7, 'max_window': 14, 'use_full_instance': True, 'max_partners': inf, 'homeostasis': 'mean', 'target': 0.78, 'spread': 0.05, 'ridge': 2.6462791154807095e-06, 'gamma': 0.9512668628784811}",lspi,1000,linear,,-129.27713498992225,12.0,"[-251.17575774317373, -144.42536513937074, -450.49632889238893, -304.7017984445398, -151.6333938470244, -204.39015817385274, -113.66267671046464, -121.02011007633386, -47.32879777834882, -43.27520262735159, -61.51431401844584, -115.70242500337433, -9.99610491141502, -185.34027625333647, -110.44793648386357, -62.17463235423162, -53.298796562240696, -64.5145830520149, -66.83590110537295, -23.60814062130043]",,,
LunarLander-v3,filterbank+proj,7,1035,0.0,31.10335299466128,168.4537956456115,-90.54017703097857,-4.9482151145869215,730,"{'decomposition': 'legendre', 'n_filters': 8, 'slowest': 0.04011657681493965, 'input_scaling': 0.5837943135636782, 'bias_dist': 'foldnorm', 'bias_scaling': 0.412902076619634, 'lr': 0.8728211492696717, 'weight_increment': 0.0013740872217070856, 'min_window': 7, 'max_window': 14, 'use_full_instance': True, 'max_partners': inf, 'homeostasis': 'mean', 'target': 0.78, 'spread': 0.05, 'ridge': 2.6462791154807095e-06, 'gamma': 0.9512668628784811}",lspi,1000,linear,,-69.47841681763968,10.0,"[-348.41511472420177, -323.7923956838473, -146.85706836317914, -154.74010198145703, -232.7356359809121, -10.486207361587201, -103.86165777319657, -65.09933419767894, 32.325221972672296, -109.07622139479926, 72.37851548763655, 30.911681293227552, -9.516358430342844, 54.538815777944386, 38.26167592078621, -17.62723536581382, -65.98256539316841, 23.1166614910728, -16.647164532855584, -36.26384711309344]",,,
LunarLander-v3,filterbank+proj,7,1020,0.0,256.4666643178297,74.99699070696846,263.4558095107715,,232,"{'decomposition': 'ema', 'n_filters': 12, 'slowest': 0.022150628564983305, 'input_scaling': 0.3786189199484331, 'bias_dist': 'foldnorm', 'bias_scaling': 0.029687121836807887, 'lr': 0.7474064946212267, 'weight_increment': 0.0011133132425291139, 'min_window': 19, 'max_window': 43, 'use_full_instance': True, 'max_partners': 20, 'homeostasis': 'mean', 'target': 0.75, 'spread': 0.375}",bc,1000,linear,,254.50041890097265,,"[269.8388801338323, 282.41434909163166, 231.56045017185056, 252.72482085717132, 235.96359425037744]",269.8388801338323,1.0,271.10853438000004
LunarLander-v3,filterbank+proj,9,1020,0.0,267.8988567709646,68.23763147766076,177.34579213323974,,230,"{'decomposition': 'ema', 'n_filters': 12, 'slowest': 0.022150628564983305, 'input_scaling': 0.3786189199484331, 'bias_dist': 'foldnorm', 'bias_scaling': 0.029687121836807887, 'lr': 0.7474064946212267, 'weight_increment': 0.0011133132425291139, 'min_window': 19, 'max_window': 43, 'use_full_instance': True, 'max_partners': 20, 'homeostasis': 'mean', 'target': 0.75, 'spread': 0.375}",bc,1000,linear,,145.53400214582112,,"[-42.00522945130213, -11.965454737256469, 240.66687411801627, 268.88621557165953, 272.0876052279883]",-42.00522945130213,4.0,282.50863168
LunarLander-v3,filterbank+proj,8,1020,0.0,236.85886165279953,90.34934038397672,115.1924373717966,,265,"{'decomposition': 'ema', 'n_filters': 12, 'slowest': 0.022150628564983305, 'input_scaling': 0.3786189199484331, 'bias_dist': 'foldnorm', 'bias_scaling': 0.029687121836807887, 'lr': 0.7474064946212267, 'weight_increment': 0.0011133132425291139, 'min_window': 19, 'max_window': 43, 'use_full_instance': True, 'max_partners': 20, 'homeostasis': 'mean', 'target': 0.75, 'spread': 0.375}",bc,1000,linear,,38.92780107923625,,"[-283.0408510433113, -90.13248942824126, 204.2103638487633, 157.30437940378178, 206.29760261518874]",-283.0408510433113,4.0,275.90440995999995
LunarLander-v3,filterbank+proj,9,1035,0.0,-9.583983933341587,118.15627651233483,-96.85615809870968,-15.681096978174171,716,"{'decomposition': 'legendre', 'n_filters': 8, 'slowest': 0.04011657681493965, 'input_scaling': 0.5837943135636782, 'bias_dist': 'foldnorm', 'bias_scaling': 0.412902076619634, 'lr': 0.8728211492696717, 'weight_increment': 0.0013740872217070856, 'min_window': 7, 'max_window': 14, 'use_full_instance': True, 'max_partners': inf, 'homeostasis': 'mean', 'target': 0.78, 'spread': 0.05, 'ridge': 2.6462791154807095e-06, 'gamma': 0.9512668628784811}",lspi,1000,linear,,-69.47011801626458,15.0,"[-240.62682566501218, -383.60008193770534, -71.90283882172706, -84.20824852513772, -83.15298334825545, -116.9913875609778, -79.62105214875706, -140.85976557074838, -71.77902541396136, 16.79495159493066, 36.92870102721763, 66.73040320821038, -27.28332712934047, -92.79619217660476, -36.49833398650149, 113.0575687082355, 6.7251061522363695, -86.41948598761476, -32.07281782368354, -81.8267249200945]",,,
LunarLander-v3,filterbank+proj,8,1020,0.0,-128.96100158,81.301483211222,-179.92962645284942,-129.40228561719746,2701,"{'decomposition': 'ema', 'n_filters': 12, 'slowest': 0.022150628564983305, 'input_scaling': 0.3786189199484331, 'bias_dist': 'foldnorm', 'bias_scaling': 0.029687121836807887, 'lr': 0.7474064946212267, 'weight_increment': 0.0011133132425291139, 'min_window': 19, 'max_window': 43, 'use_full_instance': True, 'max_partners': 20, 'homeostasis': 'mean', 'target': 0.75, 'spread': 0.375, 'learning_rate': 0.003}",dqn,1000,linear,0.003,,,,,,
LunarLander-v3,filterbank+proj,9,1020,0.0,-185.27360789999994,115.95437695128317,-208.08058945787792,-199.41207392533332,2544,"{'decomposition': 'ema', 'n_filters': 12, 'slowest': 0.022150628564983305, 'input_scaling': 0.3786189199484331, 'bias_dist': 'foldnorm', 'bias_scaling': 0.029687121836807887, 'lr': 0.7474064946212267, 'weight_increment': 0.0011133132425291139, 'min_window': 19, 'max_window': 43, 'use_full_instance': True, 'max_partners': 20, 'homeostasis': 'mean', 'target': 0.75, 'spread': 0.375, 'learning_rate': 0.003}",dqn,1000,linear,0.003,,,,,,
LunarLander-v3,filterbank+esn,6,300,3.9966666666666666,254.65355504,68.68050744923936,227.35841450710478,245.7206769540741,1706,"{'decomposition': 'ema', 'n_filters': 12, 'slowest': 0.007278775282470501, 'input_scaling': 0.4150388723567341, 'bias_dist': 'foldnorm', 'bias_scaling': 0.04616118346075944, 'lr': 0.9174645206815777, 'sr': 0.7122598989576099, 'rc_connectivity': 0.013316681518519325, 'learning_rate': 0.0003}",ppo,300,64x64,0.0003,,,,,,
LunarLander-v3,filterbank+esn,8,300,3.9966666666666666,225.59390681999997,50.426751541007675,136.22739323489046,222.94652166931218,1718,"{'decomposition': 'ema', 'n_filters': 12, 'slowest': 0.007278775282470501, 'input_scaling': 0.4150388723567341, 'bias_dist': 'foldnorm', 'bias_scaling': 0.04616118346075944, 'lr': 0.9174645206815777, 'sr': 0.7122598989576099, 'rc_connectivity': 0.013316681518519325, 'learning_rate': 0.0003}",ppo,300,64x64,0.0003,,,,,,
LunarLander-v3,filterbank+esn,5,300,3.9966666666666666,184.40645974,123.86148034092868,226.4058587578402,256.1219217203274,1733,"{'decomposition': 'ema', 'n_filters': 12, 'slowest': 0.007278775282470501, 'input_scaling': 0.4150388723567341, 'bias_dist': 'foldnorm', 'bias_scaling': 0.04616118346075944, 'lr': 0.9174645206815777, 'sr': 0.7122598989576099, 'rc_connectivity': 0.013316681518519325, 'learning_rate': 0.0003}",ppo,300,64x64,0.0003,,,,,,
LunarLander-v3,filterbank+esn,3,300,3.9966666666666666,256.98263424,19.178548721327974,159.18517270365854,222.3709567682927,1748,"{'decomposition': 'ema', 'n_filters': 12, 'slowest': 0.007278775282470501, 'input_scaling': 0.4150388723567341, 'bias_dist': 'foldnorm', 'bias_scaling': 0.04616118346075944, 'lr': 0.9174645206815777, 'sr': 0.7122598989576099, 'rc_connectivity': 0.013316681518519325, 'learning_rate': 0.0003}",ppo,300,64x64,0.0003,,,,,,
LunarLander-v3,filterbank+esn,3,300,3.9966666666666666,54.175125179999995,179.23182928364963,49.545145307005306,52.10191271508381,1685,"{'decomposition': 'ema', 'n_filters': 12, 'slowest': 0.007278775282470501, 'input_scaling': 0.4150388723567341, 'bias_dist': 'foldnorm', 'bias_scaling': 0.04616118346075944, 'lr': 0.9174645206815777, 'sr': 0.7122598989576099, 'rc_connectivity': 0.013316681518519325, 'learning_rate': 0.001}",ppo,300,64x64,0.001,,,,,,
LunarLander-v3,filterbank+esn,2,300,3.9966666666666666,264.79935334000004,35.85494237720369,221.69552219276935,235.52084142313328,1756,"{'decomposition': 'ema', 'n_filters': 12, 'slowest': 0.007278775282470501, 'input_scaling': 0.4150388723567341, 'bias_dist': 'foldnorm', 'bias_scaling': 0.04616118346075944, 'lr': 0.9174645206815777, 'sr': 0.7122598989576099, 'rc_connectivity': 0.013316681518519325, 'learning_rate': 0.0003}",ppo,300,64x64,0.0003,,,,,,
LunarLander-v3,filterbank+esn,0,300,3.9966666666666666,258.41258264,54.92732226642509,198.65744095678775,257.0866983996176,1772,"{'decomposition': 'ema', 'n_filters': 12, 'slowest': 0.007278775282470501, 'input_scaling': 0.4150388723567341, 'bias_dist': 'foldnorm', 'bias_scaling': 0.04616118346075944, 'lr': 0.9174645206815777, 'sr': 0.7122598989576099, 'rc_connectivity': 0.013316681518519325, 'learning_rate': 0.0003}",ppo,300,64x64,0.0003,,,,,,
LunarLander-v3,filterbank+esn,7,300,3.9966666666666666,259.25856602,68.88269359197616,228.10195857541228,257.8304295060403,1755,"{'decomposition': 'ema', 'n_filters': 12, 'slowest': 0.007278775282470501, 'input_scaling': 0.4150388723567341, 'bias_dist': 'foldnorm', 'bias_scaling': 0.04616118346075944, 'lr': 0.9174645206815777, 'sr': 0.7122598989576099, 'rc_connectivity': 0.013316681518519325, 'learning_rate': 0.0003}",ppo,300,64x64,0.0003,,,,,,
LunarLander-v3,filterbank+esn,9,300,3.9966666666666666,236.13888008,74.00975845182232,205.47614486517423,230.90897592424244,1748,"{'decomposition': 'ema', 'n_filters': 12, 'slowest': 0.007278775282470501, 'input_scaling': 0.4150388723567341, 'bias_dist': 'foldnorm', 'bias_scaling': 0.04616118346075944, 'lr': 0.9174645206815777, 'sr': 0.7122598989576099, 'rc_connectivity': 0.013316681518519325, 'learning_rate': 0.0003}",ppo,300,64x64,0.0003,,,,,,
LunarLander-v3,filterbank+esn,4,300,3.9966666666666666,233.84811343999993,35.492472692565016,129.28301911349755,197.05258185996053,1709,"{'decomposition': 'ema', 'n_filters': 12, 'slowest': 0.007278775282470501, 'input_scaling': 0.4150388723567341, 'bias_dist': 'foldnorm', 'bias_scaling': 0.04616118346075944, 'lr': 0.9174645206815777, 'sr': 0.7122598989576099, 'rc_connectivity': 0.013316681518519325, 'learning_rate': 0.001}",ppo,300,64x64,0.001,,,,,,
LunarLander-v3,filterbank+esn,4,300,3.9966666666666666,-73.19837268,59.51243078032867,-116.42013338928467,-111.57875221142857,1670,"{'decomposition': 'ema', 'n_filters': 12, 'slowest': 0.007278775282470501, 'input_scaling': 0.4150388723567341, 'bias_dist': 'foldnorm', 'bias_scaling': 0.04616118346075944, 'lr': 0.9174645206815777, 'sr': 0.7122598989576099, 'rc_connectivity': 0.013316681518519325, 'learning_rate': 0.003}",ppo,300,64x64,0.003,,,,,,
LunarLander-v3,filterbank+esn,6,300,3.9966666666666666,246.81974613999998,66.97985655046213,170.4883580145144,194.2700276068376,1722,"{'decomposition': 'ema', 'n_filters': 12, 'slowest': 0.007278775282470501, 'input_scaling': 0.4150388723567341, 'bias_dist': 'foldnorm', 'bias_scaling': 0.04616118346075944, 'lr': 0.9174645206815777, 'sr': 0.7122598989576099, 'rc_connectivity': 0.013316681518519325, 'learning_rate': 0.001}",ppo,300,64x64,0.001,,,,,,
LunarLander-v3,filterbank+esn,5,300,3.9966666666666666,-15.303011480000004,158.19389900536015,-33.01723810725983,-93.57541969672131,1678,"{'decomposition': 'ema', 'n_filters': 12, 'slowest': 0.007278775282470501, 'input_scaling': 0.4150388723567341, 'bias_dist': 'foldnorm', 'bias_scaling': 0.04616118346075944, 'lr': 0.9174645206815777, 'sr': 0.7122598989576099, 'rc_connectivity': 0.013316681518519325, 'learning_rate': 0.003}",ppo,300,64x64,0.003,,,,,,
LunarLander-v3,filterbank+esn,7,300,3.9966666666666666,185.43960458,85.26512905539393,146.99655574685346,197.7516558622328,1723,"{'decomposition': 'ema', 'n_filters': 12, 'slowest': 0.007278775282470501, 'input_scaling': 0.4150388723567341, 'bias_dist': 'foldnorm', 'bias_scaling': 0.04616118346075944, 'lr': 0.9174645206815777, 'sr': 0.7122598989576099, 'rc_connectivity': 0.013316681518519325, 'learning_rate': 0.001}",ppo,300,64x64,0.001,,,,,,
LunarLander-v3,filterbank+esn,1,300,3.9966666666666666,210.16860698,87.09479636338416,115.04586581608875,194.72220739722223,1757,"{'decomposition': 'ema', 'n_filters': 12, 'slowest': 0.007278775282470501, 'input_scaling': 0.4150388723567341, 'bias_dist': 'foldnorm', 'bias_scaling': 0.04616118346075944, 'lr': 0.9174645206815777, 'sr': 0.7122598989576099, 'rc_connectivity': 0.013316681518519325, 'learning_rate': 0.001}",ppo,300,64x64,0.001,,,,,,
LunarLander-v3,filterbank+esn,4,300,3.9966666666666666,251.31117861999996,56.14015239780304,157.27339087258304,217.86652381389578,1812,"{'decomposition': 'ema', 'n_filters': 12, 'slowest': 0.007278775282470501, 'input_scaling': 0.4150388723567341, 'bias_dist': 'foldnorm', 'bias_scaling': 0.04616118346075944, 'lr': 0.9174645206815777, 'sr': 0.7122598989576099, 'rc_connectivity': 0.013316681518519325, 'learning_rate': 0.0003}",ppo,300,64x64,0.0003,,,,,,
LunarLander-v3,filterbank+esn,0,300,3.9966666666666666,213.55007042,76.30066311548852,153.05528327780465,146.24344881355933,1779,"{'decomposition': 'ema', 'n_filters': 12, 'slowest': 0.007278775282470501, 'input_scaling': 0.4150388723567341, 'bias_dist': 'foldnorm', 'bias_scaling': 0.04616118346075944, 'lr': 0.9174645206815777, 'sr': 0.7122598989576099, 'rc_connectivity': 0.013316681518519325, 'learning_rate': 0.001}",ppo,300,64x64,0.001,,,,,,
LunarLander-v3,filterbank+esn,5,300,3.9966666666666666,174.47542446,140.5428540213065,126.99176720206343,194.56629748866501,1776,"{'decomposition': 'ema', 'n_filters': 12, 'slowest': 0.007278775282470501, 'input_scaling': 0.4150388723567341, 'bias_dist': 'foldnorm', 'bias_scaling': 0.04616118346075944, 'lr': 0.9174645206815777, 'sr': 0.7122598989576099, 'rc_connectivity': 0.013316681518519325, 'learning_rate': 0.001}",ppo,300,64x64,0.001,,,,,,
LunarLander-v3,filterbank+esn,8,300,3.9966666666666666,-136.11412792,158.01624038294725,-49.209061150352206,-50.35493864476886,1715,"{'decomposition': 'ema', 'n_filters': 12, 'slowest': 0.007278775282470501, 'input_scaling': 0.4150388723567341, 'bias_dist': 'foldnorm', 'bias_scaling': 0.04616118346075944, 'lr': 0.9174645206815777, 'sr': 0.7122598989576099, 'rc_connectivity': 0.013316681518519325, 'learning_rate': 0.003}",ppo,300,64x64,0.003,,,,,,
LunarLander-v3,filterbank+esn,2,300,3.9966666666666666,98.53373412,205.74785690165945,138.3755264746384,187.4987316836735,1784,"{'decomposition': 'ema', 'n_filters': 12, 'slowest': 0.007278775282470501, 'input_scaling': 0.4150388723567341, 'bias_dist': 'foldnorm', 'bias_scaling': 0.04616118346075944, 'lr': 0.9174645206815777, 'sr': 0.7122598989576099, 'rc_connectivity': 0.013316681518519325, 'learning_rate': 0.001}",ppo,300,64x64,0.001,,,,,,
LunarLander-v3,filterbank+esn,9,300,3.9966666666666666,234.48907536,57.90705320477242,92.68031841373009,189.73505460574412,1761,"{'decomposition': 'ema', 'n_filters': 12, 'slowest': 0.007278775282470501, 'input_scaling': 0.4150388723567341, 'bias_dist': 'foldnorm', 'bias_scaling': 0.04616118346075944, 'lr': 0.9174645206815777, 'sr': 0.7122598989576099, 'rc_connectivity': 0.013316681518519325, 'learning_rate': 0.001}",ppo,300,64x64,0.001,,,,,,
LunarLander-v3,filterbank+esn,8,300,3.9966666666666666,148.73695068,120.59288955093758,147.38260474256364,187.30081044967878,1768,"{'decomposition': 'ema', 'n_filters': 12, 'slowest': 0.007278775282470501, 'input_scaling': 0.4150388723567341, 'bias_dist': 'foldnorm', 'bias_scaling': 0.04616118346075944, 'lr': 0.9174645206815777, 'sr': 0.7122598989576099, 'rc_connectivity': 0.013316681518519325, 'learning_rate': 0.001}",ppo,300,64x64,0.001,,,,,,
LunarLander-v3,filterbank+esn,3,300,3.9966666666666666,-201.70473936000002,41.90364625458082,-105.17070261147835,-113.15540131927712,1738,"{'decomposition': 'ema', 'n_filters': 12, 'slowest': 0.007278775282470501, 'input_scaling': 0.4150388723567341, 'bias_dist': 'foldnorm', 'bias_scaling': 0.04616118346075944, 'lr': 0.9174645206815777, 'sr': 0.7122598989576099, 'rc_connectivity': 0.013316681518519325, 'learning_rate': 0.003}",ppo,300,64x64,0.003,,,,,,
LunarLander-v3,filterbank+esn,7,300,3.9966666666666666,-3268.4175268999998,3686.6086352169245,-31.57462761477363,102.45604858355438,1727,"{'decomposition': 'ema', 'n_filters': 12, 'slowest': 0.007278775282470501, 'input_scaling': 0.4150388723567341, 'bias_dist': 'foldnorm', 'bias_scaling': 0.04616118346075944, 'lr': 0.9174645206815777, 'sr': 0.7122598989576099, 'rc_connectivity': 0.013316681518519325, 'learning_rate': 0.003}",ppo,300,64x64,0.003,,,,,,
LunarLander-v3,filterbank+esn,2,300,3.9966666666666666,-132.18103352,55.78995772993341,-133.41885742673333,-133.15013878411912,1708,"{'decomposition': 'ema', 'n_filters': 12, 'slowest': 0.007278775282470501, 'input_scaling': 0.4150388723567341, 'bias_dist': 'foldnorm', 'bias_scaling': 0.04616118346075944, 'lr': 0.9174645206815777, 'sr': 0.7122598989576099, 'rc_connectivity': 0.013316681518519325, 'learning_rate': 0.01}",ppo,300,64x64,0.01,,,,,,
LunarLander-v3,filterbank+hag,2,300,4.21,202.02196012000002,80.58191565377861,74.50681516892531,203.34726252996845,1666,"{'decomposition': 'ema', 'n_filters': 12, 'slowest': 0.022150628564983305, 'input_scaling': 0.3786189199484331, 'bias_dist': 'foldnorm', 'bias_scaling': 0.029687121836807887, 'lr': 0.7474064946212267, 'weight_increment': 0.0011133132425291139, 'min_window': 19, 'max_window': 43, 'use_full_instance': True, 'max_partners': 20, 'homeostasis': 'mean', 'target': 0.75, 'spread': 0.375, 'learning_rate': 0.0003}",ppo,300,64x64,0.0003,,,,,,
LunarLander-v3,filterbank+esn,1,300,3.9966666666666666,250.83939900000001,48.81754990327676,219.0273834233807,249.4381995008787,1868,"{'decomposition': 'ema', 'n_filters': 12, 'slowest': 0.007278775282470501, 'input_scaling': 0.4150388723567341, 'bias_dist': 'foldnorm', 'bias_scaling': 0.04616118346075944, 'lr': 0.9174645206815777, 'sr': 0.7122598989576099, 'rc_connectivity': 0.013316681518519325, 'learning_rate': 0.0003}",ppo,300,64x64,0.0003,,,,,,
LunarLander-v3,filterbank+esn,2,300,3.9966666666666666,-153.8819813,205.2375556920785,16.719270752549022,15.655365819607844,1759,"{'decomposition': 'ema', 'n_filters': 12, 'slowest': 0.007278775282470501, 'input_scaling': 0.4150388723567341, 'bias_dist': 'foldnorm', 'bias_scaling': 0.04616118346075944, 'lr': 0.9174645206815777, 'sr': 0.7122598989576099, 'rc_connectivity': 0.013316681518519325, 'learning_rate': 0.003}",ppo,300,64x64,0.003,,,,,,
LunarLander-v3,filterbank+esn,9,300,3.9966666666666666,-284.01302416000004,126.02948256395365,-114.81447924154455,-209.02751892937852,1748,"{'decomposition': 'ema', 'n_filters': 12, 'slowest': 0.007278775282470501, 'input_scaling': 0.4150388723567341, 'bias_dist': 'foldnorm', 'bias_scaling': 0.04616118346075944, 'lr': 0.9174645206815777, 'sr': 0.7122598989576099, 'rc_connectivity': 0.013316681518519325, 'learning_rate': 0.003}",ppo,300,64x64,0.003,,,,,,
LunarLander-v3,filterbank+hag,0,300,4.416666666666667,242.71795070000005,87.06455074781053,215.52247147903753,254.56647749926145,1699,"{'decomposition': 'ema', 'n_filters': 12, 'slowest': 0.022150628564983305, 'input_scaling': 0.3786189199484331, 'bias_dist': 'foldnorm', 'bias_scaling': 0.029687121836807887, 'lr': 0.7474064946212267, 'weight_increment': 0.0011133132425291139, 'min_window': 19, 'max_window': 43, 'use_full_instance': True, 'max_partners': 20, 'homeostasis': 'mean', 'target': 0.75, 'spread': 0.375, 'learning_rate': 0.0003}",ppo,300,64x64,0.0003,,,,,,
LunarLander-v3,filterbank+esn,6,300,3.9966666666666666,65.39195873999999,157.46689883615858,11.466746933255273,30.61295209677419,1768,"{'decomposition': 'ema', 'n_filters': 12, 'slowest': 0.007278775282470501, 'input_scaling': 0.4150388723567341, 'bias_dist': 'foldnorm', 'bias_scaling': 0.04616118346075944, 'lr': 0.9174645206815777, 'sr': 0.7122598989576099, 'rc_connectivity': 0.013316681518519325, 'learning_rate': 0.003}",ppo,300,64x64,0.003,,,,,,
LunarLander-v3,filterbank+hag,1,300,3.9366666666666665,146.80201086,91.7861268994724,189.97296503460691,139.58326636472944,1703,"{'decomposition': 'ema', 'n_filters': 12, 'slowest': 0.022150628564983305, 'input_scaling': 0.3786189199484331, 'bias_dist': 'foldnorm', 'bias_scaling': 0.029687121836807887, 'lr': 0.7474064946212267, 'weight_increment': 0.0011133132425291139, 'min_window': 19, 'max_window': 43, 'use_full_instance': True, 'max_partners': 20, 'homeostasis': 'mean', 'target': 0.75, 'spread': 0.375, 'learning_rate': 0.0003}",ppo,300,64x64,0.0003,,,,,,
LunarLander-v3,filterbank+hag,3,300,3.8266666666666667,189.37008154,122.56707680463012,210.0042612905381,251.33298612296565,1704,"{'decomposition': 'ema', 'n_filters': 12, 'slowest': 0.022150628564983305, 'input_scaling': 0.3786189199484331, 'bias_dist': 'foldnorm', 'bias_scaling': 0.029687121836807887, 'lr': 0.7474064946212267, 'weight_increment': 0.0011133132425291139, 'min_window': 19, 'max_window': 43, 'use_full_instance': True, 'max_partners': 20, 'homeostasis': 'mean', 'target': 0.75, 'spread': 0.375, 'learning_rate': 0.0003}",ppo,300,64x64,0.0003,,,,,,
LunarLander-v3,filterbank+esn,8,300,3.9966666666666666,-582.6210848000001,154.89854767922577,-239.53026100985815,-256.061875743617,1726,"{'decomposition': 'ema', 'n_filters': 12, 'slowest': 0.007278775282470501, 'input_scaling': 0.4150388723567341, 'bias_dist': 'foldnorm', 'bias_scaling': 0.04616118346075944, 'lr': 0.9174645206815777, 'sr': 0.7122598989576099, 'rc_connectivity': 0.013316681518519325, 'learning_rate': 0.01}",ppo,300,64x64,0.01,,,,,,
LunarLander-v3,filterbank+esn,1,300,3.9966666666666666,-55.36854220000001,23.671931612804507,19.780598186176995,12.034784607142855,1817,"{'decomposition': 'ema', 'n_filters': 12, 'slowest': 0.007278775282470501, 'input_scaling': 0.4150388723567341, 'bias_dist': 'foldnorm', 'bias_scaling': 0.04616118346075944, 'lr': 0.9174645206815777, 'sr': 0.7122598989576099, 'rc_connectivity': 0.013316681518519325, 'learning_rate': 0.003}",ppo,300,64x64,0.003,,,,,,
LunarLander-v3,filterbank+esn,7,300,3.9966666666666666,-575.52145868,150.1060546934735,-290.38329647422535,-578.9427959125312,1741,"{'decomposition': 'ema', 'n_filters': 12, 'slowest': 0.007278775282470501, 'input_scaling': 0.4150388723567341, 'bias_dist': 'foldnorm', 'bias_scaling': 0.04616118346075944, 'lr': 0.9174645206815777, 'sr': 0.7122598989576099, 'rc_connectivity': 0.013316681518519325, 'learning_rate': 0.01}",ppo,300,64x64,0.01,,,,,,
LunarLander-v3,filterbank+esn,0,300,3.9966666666666666,-34.10742296,40.98249503985687,17.20514232352941,-72.88393461861862,1845,"{'decomposition': 'ema', 'n_filters': 12, 'slowest': 0.007278775282470501, 'input_scaling': 0.4150388723567341, 'bias_dist': 'foldnorm', 'bias_scaling': 0.04616118346075944, 'lr': 0.9174645206815777, 'sr': 0.7122598989576099, 'rc_connectivity': 0.013316681518519325, 'learning_rate': 0.003}",ppo,300,64x64,0.003,,,,,,
LunarLander-v3,filterbank+hag,5,300,4.093333333333334,256.17255967999995,79.13345846341183,208.16830906178046,241.3582852857143,1682,"{'decomposition': 'ema', 'n_filters': 12, 'slowest': 0.022150628564983305, 'input_scaling': 0.3786189199484331, 'bias_dist': 'foldnorm', 'bias_scaling': 0.029687121836807887, 'lr': 0.7474064946212267, 'weight_increment': 0.0011133132425291139, 'min_window': 19, 'max_window': 43, 'use_full_instance': True, 'max_partners': 20, 'homeostasis': 'mean', 'target': 0.75, 'spread': 0.375, 'learning_rate': 0.0003}",ppo,300,64x64,0.0003,,,,,,
LunarLander-v3,filterbank+esn,0,300,3.9966666666666666,-133.38020256,44.68533763694481,-133.59900872948893,-130.73198361578946,1801,"{'decomposition': 'ema', 'n_filters': 12, 'slowest': 0.007278775282470501, 'input_scaling': 0.4150388723567341, 'bias_dist': 'foldnorm', 'bias_scaling': 0.04616118346075944, 'lr': 0.9174645206815777, 'sr': 0.7122598989576099, 'rc_connectivity': 0.013316681518519325, 'learning_rate': 0.01}",ppo,300,64x64,0.01,,,,,,
LunarLander-v3,filterbank+hag,4,300,3.98,-377.70498739999994,332.39525704115255,-37.18130858088788,-41.36924106792453,1722,"{'decomposition': 'ema', 'n_filters': 12, 'slowest': 0.022150628564983305, 'input_scaling': 0.3786189199484331, 'bias_dist': 'foldnorm', 'bias_scaling': 0.029687121836807887, 'lr': 0.7474064946212267, 'weight_increment': 0.0011133132425291139, 'min_window': 19, 'max_window': 43, 'use_full_instance': True, 'max_partners': 20, 'homeostasis': 'mean', 'target': 0.75, 'spread': 0.375, 'learning_rate': 0.0003}",ppo,300,64x64,0.0003,,,,,,
LunarLander-v3,filterbank+esn,1,300,3.9966666666666666,-137.84267382000002,52.87801736857831,-133.36904174421804,-132.42953919499294,1823,"{'decomposition': 'ema', 'n_filters': 12, 'slowest': 0.007278775282470501, 'input_scaling': 0.4150388723567341, 'bias_dist': 'foldnorm', 'bias_scaling': 0.04616118346075944, 'lr': 0.9174645206815777, 'sr': 0.7122598989576099, 'rc_connectivity': 0.013316681518519325, 'learning_rate': 0.01}",ppo,300,64x64,0.01,,,,,,
LunarLander-v3,filterbank+esn,3,300,3.9966666666666666,-125.86476884,51.3778095279418,-138.0478559778599,-131.6326747713568,1810,"{'decomposition': 'ema', 'n_filters': 12, 'slowest': 0.007278775282470501, 'input_scaling': 0.4150388723567341, 'bias_dist': 'foldnorm', 'bias_scaling': 0.04616118346075944, 'lr': 0.9174645206815777, 'sr': 0.7122598989576099, 'rc_connectivity': 0.013316681518519325, 'learning_rate': 0.01}",ppo,300,64x64,0.01,,,,,,
LunarLander-v3,filterbank+esn,6,300,3.9966666666666666,-783.4609115200002,344.94384163755615,-762.8325358677106,-816.4618664072682,1794,"{'decomposition': 'ema', 'n_filters': 12, 'slowest': 0.007278775282470501, 'input_scaling': 0.4150388723567341, 'bias_dist': 'foldnorm', 'bias_scaling': 0.04616118346075944, 'lr': 0.9174645206815777, 'sr': 0.7122598989576099, 'rc_connectivity': 0.013316681518519325, 'learning_rate': 0.01}",ppo,300,64x64,0.01,,,,,,
LunarLander-v3,filterbank+esn,9,300,3.9966666666666666,-123.19656441999997,54.28370201564657,-133.7381746264435,-130.97513863539447,1790,"{'decomposition': 'ema', 'n_filters': 12, 'slowest': 0.007278775282470501, 'input_scaling': 0.4150388723567341, 'bias_dist': 'foldnorm', 'bias_scaling': 0.04616118346075944, 'lr': 0.9174645206815777, 'sr': 0.7122598989576099, 'rc_connectivity': 0.013316681518519325, 'learning_rate': 0.01}",ppo,300,64x64,0.01,,,,,,
LunarLander-v3,filterbank+esn,5,300,3.9966666666666666,-126.93929941999997,51.89552868775965,-134.80265320883933,-131.86704157641609,1841,"{'decomposition': 'ema', 'n_filters': 12, 'slowest': 0.007278775282470501, 'input_scaling': 0.4150388723567341, 'bias_dist': 'foldnorm', 'bias_scaling': 0.04616118346075944, 'lr': 0.9174645206815777, 'sr': 0.7122598989576099, 'rc_connectivity': 0.013316681518519325, 'learning_rate': 0.01}",ppo,300,64x64,0.01,,,,,,
LunarLander-v3,filterbank+esn,4,300,3.9966666666666666,-122.3086974,53.716587910812486,-132.71519139418487,-132.21852874814292,1859,"{'decomposition': 'ema', 'n_filters': 12, 'slowest': 0.007278775282470501, 'input_scaling': 0.4150388723567341, 'bias_dist': 'foldnorm', 'bias_scaling': 0.04616118346075944, 'lr': 0.9174645206815777, 'sr': 0.7122598989576099, 'rc_connectivity': 0.013316681518519325, 'learning_rate': 0.01}",ppo,300,64x64,0.01,,,,,,
LunarLander-v3,filterbank+hag,6,300,4.223333333333334,186.69722558,103.61895587589392,169.78772593745984,241.8738446287554,1747,"{'decomposition': 'ema', 'n_filters': 12, 'slowest': 0.022150628564983305, 'input_scaling': 0.3786189199484331, 'bias_dist': 'foldnorm', 'bias_scaling': 0.029687121836807887, 'lr': 0.7474064946212267, 'weight_increment': 0.0011133132425291139, 'min_window': 19, 'max_window': 43, 'use_full_instance': True, 'max_partners': 20, 'homeostasis': 'mean', 'target': 0.75, 'spread': 0.375, 'learning_rate': 0.0003}",ppo,300,64x64,0.0003,,,,,,
LunarLander-v3,filterbank+hag,7,300,4.906666666666666,256.03098786000004,72.94383112746716,180.89193490706683,237.155425875969,1714,"{'decomposition': 'ema', 'n_filters': 12, 'slowest': 0.022150628564983305, 'input_scaling': 0.3786189199484331, 'bias_dist': 'foldnorm', 'bias_scaling': 0.029687121836807887, 'lr': 0.7474064946212267, 'weight_increment': 0.0011133132425291139, 'min_window': 19, 'max_window': 43, 'use_full_instance': True, 'max_partners': 20, 'homeostasis': 'mean', 'target': 0.75, 'spread': 0.375, 'learning_rate': 0.0003}",ppo,300,64x64,0.0003,,,,,,
LunarLander-v3,filterbank+hag,8,300,5.98,255.13472077999998,56.362703825836505,129.1382857161387,215.64048824000002,1661,"{'decomposition': 'ema', 'n_filters': 12, 'slowest': 0.022150628564983305, 'input_scaling': 0.3786189199484331, 'bias_dist': 'foldnorm', 'bias_scaling': 0.029687121836807887, 'lr': 0.7474064946212267, 'weight_increment': 0.0011133132425291139, 'min_window': 19, 'max_window': 43, 'use_full_instance': True, 'max_partners': 20, 'homeostasis': 'mean', 'target': 0.75, 'spread': 0.375, 'learning_rate': 0.0003}",ppo,300,64x64,0.0003,,,,,,
LunarLander-v3,filterbank+hag,0,300,4.416666666666667,-25.67968498,70.0774627626327,96.06837251044017,33.84646986723164,1704,"{'decomposition': 'ema', 'n_filters': 12, 'slowest': 0.022150628564983305, 'input_scaling': 0.3786189199484331, 'bias_dist': 'foldnorm', 'bias_scaling': 0.029687121836807887, 'lr': 0.7474064946212267, 'weight_increment': 0.0011133132425291139, 'min_window': 19, 'max_window': 43, 'use_full_instance': True, 'max_partners': 20, 'homeostasis': 'mean', 'target': 0.75, 'spread': 0.375, 'learning_rate': 0.001}",ppo,300,64x64,0.001,,,,,,
LunarLander-v3,filterbank+hag,1,300,3.9366666666666665,19.50942144,133.1676426497038,106.15845767716114,62.85818509893047,1712,"{'decomposition': 'ema', 'n_filters': 12, 'slowest': 0.022150628564983305, 'input_scaling': 0.3786189199484331, 'bias_dist': 'foldnorm', 'bias_scaling': 0.029687121836807887, 'lr': 0.7474064946212267, 'weight_increment': 0.0011133132425291139, 'min_window': 19, 'max_window': 43, 'use_full_instance': True, 'max_partners': 20, 'homeostasis': 'mean', 'target': 0.75, 'spread': 0.375, 'learning_rate': 0.001}",ppo,300,64x64,0.001,,,,,,
LunarLander-v3,filterbank+hag,9,300,5.016666666666667,231.27025686000005,90.86044903315864,206.03180892011332,246.68369284135974,1733,"{'decomposition': 'ema', 'n_filters': 12, 'slowest': 0.022150628564983305, 'input_scaling': 0.3786189199484331, 'bias_dist': 'foldnorm', 'bias_scaling': 0.029687121836807887, 'lr': 0.7474064946212267, 'weight_increment': 0.0011133132425291139, 'min_window': 19, 'max_window': 43, 'use_full_instance': True, 'max_partners': 20, 'homeostasis': 'mean', 'target': 0.75, 'spread': 0.375, 'learning_rate': 0.0003}",ppo,300,64x64,0.0003,,,,,,
LunarLander-v3,filterbank+hag,9,300,5.016666666666667,-182.49535162,71.10385337481624,77.7615079862602,54.43250148387096,1676,"{'decomposition': 'ema', 'n_filters': 12, 'slowest': 0.022150628564983305, 'input_scaling': 0.3786189199484331, 'bias_dist': 'foldnorm', 'bias_scaling': 0.029687121836807887, 'lr': 0.7474064946212267, 'weight_increment': 0.0011133132425291139, 'min_window': 19, 'max_window': 43, 'use_full_instance': True, 'max_partners': 20, 'homeostasis': 'mean', 'target': 0.75, 'spread': 0.375, 'learning_rate': 0.001}",ppo,300,64x64,0.001,,,,,,
LunarLander-v3,filterbank+hag,2,300,4.21,137.4889766,138.56861170443818,114.06592756731017,172.2724184716495,1723,"{'decomposition': 'ema', 'n_filters': 12, 'slowest': 0.022150628564983305, 'input_scaling': 0.3786189199484331, 'bias_dist': 'foldnorm', 'bias_scaling': 0.029687121836807887, 'lr': 0.7474064946212267, 'weight_increment': 0.0011133132425291139, 'min_window': 19, 'max_window': 43, 'use_full_instance': True, 'max_partners': 20, 'homeostasis': 'mean', 'target': 0.75, 'spread': 0.375, 'learning_rate': 0.001}",ppo,300,64x64,0.001,,,,,,
LunarLander-v3,filterbank+hag,6,300,4.223333333333334,158.707315,191.77780699111233,159.5610786008507,187.52564694618837,1711,"{'decomposition': 'ema', 'n_filters': 12, 'slowest': 0.022150628564983305, 'input_scaling': 0.3786189199484331, 'bias_dist': 'foldnorm', 'bias_scaling': 0.029687121836807887, 'lr': 0.7474064946212267, 'weight_increment': 0.0011133132425291139, 'min_window': 19, 'max_window': 43, 'use_full_instance': True, 'max_partners': 20, 'homeostasis': 'mean', 'target': 0.75, 'spread': 0.375, 'learning_rate': 0.001}",ppo,300,64x64,0.001,,,,,,
LunarLander-v3,filterbank+hag,4,300,3.98,-36.411881439999995,39.08926194853615,92.74999199173347,-19.548395904761904,1714,"{'decomposition': 'ema', 'n_filters': 12, 'slowest': 0.022150628564983305, 'input_scaling': 0.3786189199484331, 'bias_dist': 'foldnorm', 'bias_scaling': 0.029687121836807887, 'lr': 0.7474064946212267, 'weight_increment': 0.0011133132425291139, 'min_window': 19, 'max_window': 43, 'use_full_instance': True, 'max_partners': 20, 'homeostasis': 'mean', 'target': 0.75, 'spread': 0.375, 'learning_rate': 0.001}",ppo,300,64x64,0.001,,,,,,
LunarLander-v3,filterbank+hag,3,300,3.8266666666666667,218.40493760000004,78.86695034182057,115.66337082989546,157.12395710481584,1725,"{'decomposition': 'ema', 'n_filters': 12, 'slowest': 0.022150628564983305, 'input_scaling': 0.3786189199484331, 'bias_dist': 'foldnorm', 'bias_scaling': 0.029687121836807887, 'lr': 0.7474064946212267, 'weight_increment': 0.0011133132425291139, 'min_window': 19, 'max_window': 43, 'use_full_instance': True, 'max_partners': 20, 'homeostasis': 'mean', 'target': 0.75, 'spread': 0.375, 'learning_rate': 0.001}",ppo,300,64x64,0.001,,,,,,
LunarLander-v3,filterbank+hag,0,300,4.416666666666667,-107.17938260000001,23.445498214073602,-61.803780774687496,-1.1792514624999995,1687,"{'decomposition': 'ema', 'n_filters': 12, 'slowest': 0.022150628564983305, 'input_scaling': 0.3786189199484331, 'bias_dist': 'foldnorm', 'bias_scaling': 0.029687121836807887, 'lr': 0.7474064946212267, 'weight_increment': 0.0011133132425291139, 'min_window': 19, 'max_window': 43, 'use_full_instance': True, 'max_partners': 20, 'homeostasis': 'mean', 'target': 0.75, 'spread': 0.375, 'learning_rate': 0.003}",ppo,300,64x64,0.003,,,,,,
LunarLander-v3,filterbank+hag,7,300,4.906666666666666,200.85069187999997,68.68424737265676,127.18282545659989,116.81736270179947,1714,"{'decomposition': 'ema', 'n_filters': 12, 'slowest': 0.022150628564983305, 'input_scaling': 0.3786189199484331, 'bias_dist': 'foldnorm', 'bias_scaling': 0.029687121836807887, 'lr': 0.7474064946212267, 'weight_increment': 0.0011133132425291139, 'min_window': 19, 'max_window': 43, 'use_full_instance': True, 'max_partners': 20, 'homeostasis': 'mean', 'target': 0.75, 'spread': 0.375, 'learning_rate': 0.001}",ppo,300,64x64,0.001,,,,,,
LunarLander-v3,filterbank+hag,5,300,4.093333333333334,60.77720681999999,171.48699583379812,108.381807410181,195.7186545995475,1722,"{'decomposition': 'ema', 'n_filters': 12, 'slowest': 0.022150628564983305, 'input_scaling': 0.3786189199484331, 'bias_dist': 'foldnorm', 'bias_scaling': 0.029687121836807887, 'lr': 0.7474064946212267, 'weight_increment': 0.0011133132425291139, 'min_window': 19, 'max_window': 43, 'use_full_instance': True, 'max_partners': 20, 'homeostasis': 'mean', 'target': 0.75, 'spread': 0.375, 'learning_rate': 0.001}",ppo,300,64x64,0.001,,,,,,
LunarLander-v3,filterbank+hag,1,300,3.9366666666666665,-161.28292225999996,93.4725115334877,-56.364565995148574,-48.353377848024316,1688,"{'decomposition': 'ema', 'n_filters': 12, 'slowest': 0.022150628564983305, 'input_scaling': 0.3786189199484331, 'bias_dist': 'foldnorm', 'bias_scaling': 0.029687121836807887, 'lr': 0.7474064946212267, 'weight_increment': 0.0011133132425291139, 'min_window': 19, 'max_window': 43, 'use_full_instance': True, 'max_partners': 20, 'homeostasis': 'mean', 'target': 0.75, 'spread': 0.375, 'learning_rate': 0.003}",ppo,300,64x64,0.003,,,,,,
LunarLander-v3,filterbank+hag,8,300,5.98,-359.81695069999995,92.0201584121943,-72.90137200171968,-163.6842543678161,1654,"{'decomposition': 'ema', 'n_filters': 12, 'slowest': 0.022150628564983305, 'input_scaling': 0.3786189199484331, 'bias_dist': 'foldnorm', 'bias_scaling': 0.029687121836807887, 'lr': 0.7474064946212267, 'weight_increment': 0.0011133132425291139, 'min_window': 19, 'max_window': 43, 'use_full_instance': True, 'max_partners': 20, 'homeostasis': 'mean', 'target': 0.75, 'spread': 0.375, 'learning_rate': 0.003}",ppo,300,64x64,0.003,,,,,,
LunarLander-v3,filterbank+hag,8,300,5.98,147.32514034,151.36762847378208,131.4600675569273,192.7970708672769,1715,"{'decomposition': 'ema', 'n_filters': 12, 'slowest': 0.022150628564983305, 'input_scaling': 0.3786189199484331, 'bias_dist': 'foldnorm', 'bias_scaling': 0.029687121836807887, 'lr': 0.7474064946212267, 'weight_increment': 0.0011133132425291139, 'min_window': 19, 'max_window': 43, 'use_full_instance': True, 'max_partners': 20, 'homeostasis': 'mean', 'target': 0.75, 'spread': 0.375, 'learning_rate': 0.001}",ppo,300,64x64,0.001,,,,,,
LunarLander-v3,filterbank+hag,6,300,4.223333333333334,-346.84541663999994,164.41591892621642,-27.311742161005874,53.82534899346406,1668,"{'decomposition': 'ema', 'n_filters': 12, 'slowest': 0.022150628564983305, 'input_scaling': 0.3786189199484331, 'bias_dist': 'foldnorm', 'bias_scaling': 0.029687121836807887, 'lr': 0.7474064946212267, 'weight_increment': 0.0011133132425291139, 'min_window': 19, 'max_window': 43, 'use_full_instance': True, 'max_partners': 20, 'homeostasis': 'mean', 'target': 0.75, 'spread': 0.375, 'learning_rate': 0.003}",ppo,300,64x64,0.003,,,,,,
LunarLander-v3,filterbank+hag,2,300,4.21,-666.21180842,131.4076082211863,-99.3397754854711,-78.56709389705884,1714,"{'decomposition': 'ema', 'n_filters': 12, 'slowest': 0.022150628564983305, 'input_scaling': 0.3786189199484331, 'bias_dist': 'foldnorm', 'bias_scaling': 0.029687121836807887, 'lr': 0.7474064946212267, 'weight_increment': 0.0011133132425291139, 'min_window': 19, 'max_window': 43, 'use_full_instance': True, 'max_partners': 20, 'homeostasis': 'mean', 'target': 0.75, 'spread': 0.375, 'learning_rate': 0.003}",ppo,300,64x64,0.003,,,,,,
LunarLander-v3,filterbank+hag,5,300,4.093333333333334,-30.139452280000004,75.15942443856488,-74.1952843331392,-111.81125051895043,1702,"{'decomposition': 'ema', 'n_filters': 12, 'slowest': 0.022150628564983305, 'input_scaling': 0.3786189199484331, 'bias_dist': 'foldnorm', 'bias_scaling': 0.029687121836807887, 'lr': 0.7474064946212267, 'weight_increment': 0.0011133132425291139, 'min_window': 19, 'max_window': 43, 'use_full_instance': True, 'max_partners': 20, 'homeostasis': 'mean', 'target': 0.75, 'spread': 0.375, 'learning_rate': 0.003}",ppo,300,64x64,0.003,,,,,,
LunarLander-v3,filterbank+hag,4,300,3.98,-368.1998345,74.24900042783274,-80.03923102763437,-70.68921472036475,1742,"{'decomposition': 'ema', 'n_filters': 12, 'slowest': 0.022150628564983305, 'input_scaling': 0.3786189199484331, 'bias_dist': 'foldnorm', 'bias_scaling': 0.029687121836807887, 'lr': 0.7474064946212267, 'weight_increment': 0.0011133132425291139, 'min_window': 19, 'max_window': 43, 'use_full_instance': True, 'max_partners': 20, 'homeostasis': 'mean', 'target': 0.75, 'spread': 0.375, 'learning_rate': 0.003}",ppo,300,64x64,0.003,,,,,,
LunarLander-v3,filterbank+hag,3,300,3.8266666666666667,-99.24339312000001,33.878369487583605,-12.861505559604694,-21.933206095975233,1761,"{'decomposition': 'ema', 'n_filters': 12, 'slowest': 0.022150628564983305, 'input_scaling': 0.3786189199484331, 'bias_dist': 'foldnorm', 'bias_scaling': 0.029687121836807887, 'lr': 0.7474064946212267, 'weight_increment': 0.0011133132425291139, 'min_window': 19, 'max_window': 43, 'use_full_instance': True, 'max_partners': 20, 'homeostasis': 'mean', 'target': 0.75, 'spread': 0.375, 'learning_rate': 0.003}",ppo,300,64x64,0.003,,,,,,
LunarLander-v3,filterbank+hag,7,300,4.906666666666666,-882.5560608,492.1600949098873,-50.30873229695652,-56.74804466304348,1727,"{'decomposition': 'ema', 'n_filters': 12, 'slowest': 0.022150628564983305, 'input_scaling': 0.3786189199484331, 'bias_dist': 'foldnorm', 'bias_scaling': 0.029687121836807887, 'lr': 0.7474064946212267, 'weight_increment': 0.0011133132425291139, 'min_window': 19, 'max_window': 43, 'use_full_instance': True, 'max_partners': 20, 'homeostasis': 'mean', 'target': 0.75, 'spread': 0.375, 'learning_rate': 0.003}",ppo,300,64x64,0.003,,,,,,
LunarLander-v3,filterbank+hag,9,300,5.016666666666667,163.44634721999998,84.6949765856419,-106.51914194700778,87.99589529290618,1730,"{'decomposition': 'ema', 'n_filters': 12, 'slowest': 0.022150628564983305, 'input_scaling': 0.3786189199484331, 'bias_dist': 'foldnorm', 'bias_scaling': 0.029687121836807887, 'lr': 0.7474064946212267, 'weight_increment': 0.0011133132425291139, 'min_window': 19, 'max_window': 43, 'use_full_instance': True, 'max_partners': 20, 'homeostasis': 'mean', 'target': 0.75, 'spread': 0.375, 'learning_rate': 0.003}",ppo,300,64x64,0.003,,,,,,
LunarLander-v3,filterbank+hag,7,300,4.906666666666666,-126.94602436,54.729251625930324,-134.20899203222604,-130.97648208368796,1689,"{'decomposition': 'ema', 'n_filters': 12, 'slowest': 0.022150628564983305, 'input_scaling': 0.3786189199484331, 'bias_dist': 'foldnorm', 'bias_scaling': 0.029687121836807887, 'lr': 0.7474064946212267, 'weight_increment': 0.0011133132425291139, 'min_window': 19, 'max_window': 43, 'use_full_instance': True, 'max_partners': 20, 'homeostasis': 'mean', 'target': 0.75, 'spread': 0.375, 'learning_rate': 0.01}",ppo,300,64x64,0.01,,,,,,
LunarLander-v3,filterbank+hag,3,300,3.8266666666666667,-763.0812430599998,349.99566545576414,-836.061213642216,-855.6537761494465,1729,"{'decomposition': 'ema', 'n_filters': 12, 'slowest': 0.022150628564983305, 'input_scaling': 0.3786189199484331, 'bias_dist': 'foldnorm', 'bias_scaling': 0.029687121836807887, 'lr': 0.7474064946212267, 'weight_increment': 0.0011133132425291139, 'min_window': 19, 'max_window': 43, 'use_full_instance': True, 'max_partners': 20, 'homeostasis': 'mean', 'target': 0.75, 'spread': 0.375, 'learning_rate': 0.01}",ppo,300,64x64,0.01,,,,,,
LunarLander-v3,filterbank+proj,5,300,0.0,258.03497120000003,71.89550558380863,207.88034266033685,255.27962240826446,1664,"{'decomposition': 'ema', 'n_filters': 12, 'slowest': 0.022150628564983305, 'input_scaling': 0.3786189199484331, 'bias_dist': 'foldnorm', 'bias_scaling': 0.029687121836807887, 'lr': 0.7474064946212267, 'weight_increment': 0.0011133132425291139, 'min_window': 19, 'max_window': 43, 'use_full_instance': True, 'max_partners': 20, 'homeostasis': 'mean', 'target': 0.75, 'spread': 0.375, 'learning_rate': 0.0003}",ppo,300,64x64,0.0003,,,,,,
LunarLander-v3,filterbank+hag,5,300,4.093333333333334,-558.67610176,150.9727554774535,-275.64535887822655,-575.5577257315956,1739,"{'decomposition': 'ema', 'n_filters': 12, 'slowest': 0.022150628564983305, 'input_scaling': 0.3786189199484331, 'bias_dist': 'foldnorm', 'bias_scaling': 0.029687121836807887, 'lr': 0.7474064946212267, 'weight_increment': 0.0011133132425291139, 'min_window': 19, 'max_window': 43, 'use_full_instance': True, 'max_partners': 20, 'homeostasis': 'mean', 'target': 0.75, 'spread': 0.375, 'learning_rate': 0.01}",ppo,300,64x64,0.01,,,,,,
LunarLander-v3,filterbank+proj,7,300,0.0,-19.04349536,93.6798537040284,159.7923139552337,66.87192524395604,1676,"{'decomposition': 'ema', 'n_filters': 12, 'slowest': 0.022150628564983305, 'input_scaling': 0.3786189199484331, 'bias_dist': 'foldnorm', 'bias_scaling': 0.029687121836807887, 'lr': 0.7474064946212267, 'weight_increment': 0.0011133132425291139, 'min_window': 19, 'max_window': 43, 'use_full_instance': True, 'max_partners': 20, 'homeostasis': 'mean', 'target': 0.75, 'spread': 0.375, 'learning_rate': 0.0003}",ppo,300,64x64,0.0003,,,,,,
LunarLander-v3,filterbank+hag,2,300,4.21,-769.83427178,337.2249264057657,-776.1977637841379,-848.6354557256097,1775,"{'decomposition': 'ema', 'n_filters': 12, 'slowest': 0.022150628564983305, 'input_scaling': 0.3786189199484331, 'bias_dist': 'foldnorm', 'bias_scaling': 0.029687121836807887, 'lr': 0.7474064946212267, 'weight_increment': 0.0011133132425291139, 'min_window': 19, 'max_window': 43, 'use_full_instance': True, 'max_partners': 20, 'homeostasis': 'mean', 'target': 0.75, 'spread': 0.375, 'learning_rate': 0.01}",ppo,300,64x64,0.01,,,,,,
LunarLander-v3,filterbank+hag,4,300,3.98,-563.8284352000001,161.65513005102244,-522.6762114767993,-572.3314294262517,1774,"{'decomposition': 'ema', 'n_filters': 12, 'slowest': 0.022150628564983305, 'input_scaling': 0.3786189199484331, 'bias_dist': 'foldnorm', 'bias_scaling': 0.029687121836807887, 'lr': 0.7474064946212267, 'weight_increment': 0.0011133132425291139, 'min_window': 19, 'max_window': 43, 'use_full_instance': True, 'max_partners': 20, 'homeostasis': 'mean', 'target': 0.75, 'spread': 0.375, 'learning_rate': 0.01}",ppo,300,64x64,0.01,,,,,,
LunarLander-v3,filterbank+proj,1,300,0.0,257.93058586,21.899971602338777,213.45650362327225,250.99806203376204,1728,"{'decomposition': 'ema', 'n_filters': 12, 'slowest': 0.022150628564983305, 'input_scaling': 0.3786189199484331, 'bias_dist': 'foldnorm', 'bias_scaling': 0.029687121836807887, 'lr': 0.7474064946212267, 'weight_increment': 0.0011133132425291139, 'min_window': 19, 'max_window': 43, 'use_full_instance': True, 'max_partners': 20, 'homeostasis': 'mean', 'target': 0.75, 'spread': 0.375, 'learning_rate': 0.0003}",ppo,300,64x64,0.0003,,,,,,
LunarLander-v3,filterbank+hag,1,300,3.9366666666666665,-551.7638253800001,147.58040739147515,-439.6790789174315,-575.2910964015417,1792,"{'decomposition': 'ema', 'n_filters': 12, 'slowest': 0.022150628564983305, 'input_scaling': 0.3786189199484331, 'bias_dist': 'foldnorm', 'bias_scaling': 0.029687121836807887, 'lr': 0.7474064946212267, 'weight_increment': 0.0011133132425291139, 'min_window': 19, 'max_window': 43, 'use_full_instance': True, 'max_partners': 20, 'homeostasis': 'mean', 'target': 0.75, 'spread': 0.375, 'learning_rate': 0.01}",ppo,300,64x64,0.01,,,,,,
LunarLander-v3,filterbank+proj,3,300,0.0,255.64657694,53.5139565115884,209.64334381738823,244.01038810695186,1721,"{'decomposition': 'ema', 'n_filters': 12, 'slowest': 0.022150628564983305, 'input_scaling': 0.3786189199484331, 'bias_dist': 'foldnorm', 'bias_scaling': 0.029687121836807887, 'lr': 0.7474064946212267, 'weight_increment': 0.0011133132425291139, 'min_window': 19, 'max_window': 43, 'use_full_instance': True, 'max_partners': 20, 'homeostasis': 'mean', 'target': 0.75, 'spread': 0.375, 'learning_rate': 0.0003}",ppo,300,64x64,0.0003,,,,,,
LunarLander-v3,filterbank+hag,9,300,5.016666666666667,-575.5604679200001,141.6640098494731,-288.17830254473154,-577.6583992386245,1753,"{'decomposition': 'ema', 'n_filters': 12, 'slowest': 0.022150628564983305, 'input_scaling': 0.3786189199484331, 'bias_dist': 'foldnorm', 'bias_scaling': 0.029687121836807887, 'lr': 0.7474064946212267, 'weight_increment': 0.0011133132425291139, 'min_window': 19, 'max_window': 43, 'use_full_instance': True, 'max_partners': 20, 'homeostasis': 'mean', 'target': 0.75, 'spread': 0.375, 'learning_rate': 0.01}",ppo,300,64x64,0.01,,,,,,
LunarLander-v3,filterbank+proj,2,300,0.0,201.74315786000003,61.13281834986504,159.14961181186558,144.12413442663657,1728,"{'decomposition': 'ema', 'n_filters': 12, 'slowest': 0.022150628564983305, 'input_scaling': 0.3786189199484331, 'bias_dist': 'foldnorm', 'bias_scaling': 0.029687121836807887, 'lr': 0.7474064946212267, 'weight_increment': 0.0011133132425291139, 'min_window': 19, 'max_window': 43, 'use_full_instance': True, 'max_partners': 20, 'homeostasis': 'mean', 'target': 0.75, 'spread': 0.375, 'learning_rate': 0.0003}",ppo,300,64x64,0.0003,,,,,,
LunarLander-v3,filterbank+proj,6,300,0.0,266.44760222,23.053859991645318,224.05631845188736,247.882417123839,1717,"{'decomposition': 'ema', 'n_filters': 12, 'slowest': 0.022150628564983305, 'input_scaling': 0.3786189199484331, 'bias_dist': 'foldnorm', 'bias_scaling': 0.029687121836807887, 'lr': 0.7474064946212267, 'weight_increment': 0.0011133132425291139, 'min_window': 19, 'max_window': 43, 'use_full_instance': True, 'max_partners': 20, 'homeostasis': 'mean', 'target': 0.75, 'spread': 0.375, 'learning_rate': 0.0003}",ppo,300,64x64,0.0003,,,,,,
LunarLander-v3,filterbank+proj,0,300,0.0,139.17321710000002,113.59546415210625,212.20613392298714,197.544345687813,1746,"{'decomposition': 'ema', 'n_filters': 12, 'slowest': 0.022150628564983305, 'input_scaling': 0.3786189199484331, 'bias_dist': 'foldnorm', 'bias_scaling': 0.029687121836807887, 'lr': 0.7474064946212267, 'weight_increment': 0.0011133132425291139, 'min_window': 19, 'max_window': 43, 'use_full_instance': True, 'max_partners': 20, 'homeostasis': 'mean', 'target': 0.75, 'spread': 0.375, 'learning_rate': 0.0003}",ppo,300,64x64,0.0003,,,,,,
LunarLander-v3,filterbank+proj,4,300,0.0,247.18642436000002,62.74929610295773,166.92175129981106,220.29805732983192,1737,"{'decomposition': 'ema', 'n_filters': 12, 'slowest': 0.022150628564983305, 'input_scaling': 0.3786189199484331, 'bias_dist': 'foldnorm', 'bias_scaling': 0.029687121836807887, 'lr': 0.7474064946212267, 'weight_increment': 0.0011133132425291139, 'min_window': 19, 'max_window': 43, 'use_full_instance': True, 'max_partners': 20, 'homeostasis': 'mean', 'target': 0.75, 'spread': 0.375, 'learning_rate': 0.0003}",ppo,300,64x64,0.0003,,,,,,
LunarLander-v3,filterbank+proj,8,300,0.0,219.86454468,119.72811031483737,183.60835030894157,248.5298927214953,1710,"{'decomposition': 'ema', 'n_filters': 12, 'slowest': 0.022150628564983305, 'input_scaling': 0.3786189199484331, 'bias_dist': 'foldnorm', 'bias_scaling': 0.029687121836807887, 'lr': 0.7474064946212267, 'weight_increment': 0.0011133132425291139, 'min_window': 19, 'max_window': 43, 'use_full_instance': True, 'max_partners': 20, 'homeostasis': 'mean', 'target': 0.75, 'spread': 0.375, 'learning_rate': 0.0003}",ppo,300,64x64,0.0003,,,,,,
LunarLander-v3,filterbank+hag,6,300,4.223333333333334,-575.90983282,154.29437757649487,-500.6249351258314,-577.360465439579,1795,"{'decomposition': 'ema', 'n_filters': 12, 'slowest': 0.022150628564983305, 'input_scaling': 0.3786189199484331, 'bias_dist': 'foldnorm', 'bias_scaling': 0.029687121836807887, 'lr': 0.7474064946212267, 'weight_increment': 0.0011133132425291139, 'min_window': 19, 'max_window': 43, 'use_full_instance': True, 'max_partners': 20, 'homeostasis': 'mean', 'target': 0.75, 'spread': 0.375, 'learning_rate': 0.01}",ppo,300,64x64,0.01,,,,,,
LunarLander-v3,filterbank+hag,8,300,5.98,-562.9446753200001,152.85789913678593,-341.5618837929453,-581.109322443739,1793,"{'decomposition': 'ema', 'n_filters': 12, 'slowest': 0.022150628564983305, 'input_scaling': 0.3786189199484331, 'bias_dist': 'foldnorm', 'bias_scaling': 0.029687121836807887, 'lr': 0.7474064946212267, 'weight_increment': 0.0011133132425291139, 'min_window': 19, 'max_window': 43, 'use_full_instance': True, 'max_partners': 20, 'homeostasis': 'mean', 'target': 0.75, 'spread': 0.375, 'learning_rate': 0.01}",ppo,300,64x64,0.01,,,,,,
LunarLander-v3,filterbank+proj,1,300,0.0,11.29729304,84.28332045377772,76.70568236977492,49.833794058479526,1711,"{'decomposition': 'ema', 'n_filters': 12, 'slowest': 0.022150628564983305, 'input_scaling': 0.3786189199484331, 'bias_dist': 'foldnorm', 'bias_scaling': 0.029687121836807887, 'lr': 0.7474064946212267, 'weight_increment': 0.0011133132425291139, 'min_window': 19, 'max_window': 43, 'use_full_instance': True, 'max_partners': 20, 'homeostasis': 'mean', 'target': 0.75, 'spread': 0.375, 'learning_rate': 0.001}",ppo,300,64x64,0.001,,,,,,
LunarLander-v3,filterbank+hag,0,300,4.416666666666667,-133.38020256,44.68533763694481,-134.96035578321062,-130.7384773019732,1863,"{'decomposition': 'ema', 'n_filters': 12, 'slowest': 0.022150628564983305, 'input_scaling': 0.3786189199484331, 'bias_dist': 'foldnorm', 'bias_scaling': 0.029687121836807887, 'lr': 0.7474064946212267, 'weight_increment': 0.0011133132425291139, 'min_window': 19, 'max_window': 43, 'use_full_instance': True, 'max_partners': 20, 'homeostasis': 'mean', 'target': 0.75, 'spread': 0.375, 'learning_rate': 0.01}",ppo,300,64x64,0.01,,,,,,
LunarLander-v3,filterbank+proj,0,300,0.0,189.27223859999998,120.99345331482655,71.84370741577825,80.65137690243903,1747,"{'decomposition': 'ema', 'n_filters': 12, 'slowest': 0.022150628564983305, 'input_scaling': 0.3786189199484331, 'bias_dist': 'foldnorm', 'bias_scaling': 0.029687121836807887, 'lr': 0.7474064946212267, 'weight_increment': 0.0011133132425291139, 'min_window': 19, 'max_window': 43, 'use_full_instance': True, 'max_partners': 20, 'homeostasis': 'mean', 'target': 0.75, 'spread': 0.375, 'learning_rate': 0.001}",ppo,300,64x64,0.001,,,,,,
LunarLander-v3,filterbank+proj,9,300,0.0,203.90102368000007,127.32343849645048,197.34268773297188,242.51084666779656,1763,"{'decomposition': 'ema', 'n_filters': 12, 'slowest': 0.022150628564983305, 'input_scaling': 0.3786189199484331, 'bias_dist': 'foldnorm', 'bias_scaling': 0.029687121836807887, 'lr': 0.7474064946212267, 'weight_increment': 0.0011133132425291139, 'min_window': 19, 'max_window': 43, 'use_full_instance': True, 'max_partners': 20, 'homeostasis': 'mean', 'target': 0.75, 'spread': 0.375, 'learning_rate': 0.0003}",ppo,300,64x64,0.0003,,,,,,
LunarLander-v3,filterbank+proj,2,300,0.0,110.98685588000001,133.4208847161635,41.459214165652035,89.7599246378205,1715,"{'decomposition': 'ema', 'n_filters': 12, 'slowest': 0.022150628564983305, 'input_scaling': 0.3786189199484331, 'bias_dist': 'foldnorm', 'bias_scaling': 0.029687121836807887, 'lr': 0.7474064946212267, 'weight_increment': 0.0011133132425291139, 'min_window': 19, 'max_window': 43, 'use_full_instance': True, 'max_partners': 20, 'homeostasis': 'mean', 'target': 0.75, 'spread': 0.375, 'learning_rate': 0.001}",ppo,300,64x64,0.001,,,,,,
LunarLander-v3,filterbank+proj,3,300,0.0,139.46636263999997,109.16898353422917,89.06901870513654,101.9683725635179,1738,"{'decomposition': 'ema', 'n_filters': 12, 'slowest': 0.022150628564983305, 'input_scaling': 0.3786189199484331, 'bias_dist': 'foldnorm', 'bias_scaling': 0.029687121836807887, 'lr': 0.7474064946212267, 'weight_increment': 0.0011133132425291139, 'min_window': 19, 'max_window': 43, 'use_full_instance': True, 'max_partners': 20, 'homeostasis': 'mean', 'target': 0.75, 'spread': 0.375, 'learning_rate': 0.001}",ppo,300,64x64,0.001,,,,,,
LunarLander-v3,filterbank+proj,4,300,0.0,11.24029214,170.5729118146916,82.00457659882947,169.40675063466668,1756,"{'decomposition': 'ema', 'n_filters': 12, 'slowest': 0.022150628564983305, 'input_scaling': 0.3786189199484331, 'bias_dist': 'foldnorm', 'bias_scaling': 0.029687121836807887, 'lr': 0.7474064946212267, 'weight_increment': 0.0011133132425291139, 'min_window': 19, 'max_window': 43, 'use_full_instance': True, 'max_partners': 20, 'homeostasis': 'mean', 'target': 0.75, 'spread': 0.375, 'learning_rate': 0.001}",ppo,300,64x64,0.001,,,,,,
LunarLander-v3,filterbank+proj,5,300,0.0,44.43248736,118.65611250876532,132.3133825188886,193.5743669634146,1688,"{'decomposition': 'ema', 'n_filters': 12, 'slowest': 0.022150628564983305, 'input_scaling': 0.3786189199484331, 'bias_dist': 'foldnorm', 'bias_scaling': 0.029687121836807887, 'lr': 0.7474064946212267, 'weight_increment': 0.0011133132425291139, 'min_window': 19, 'max_window': 43, 'use_full_instance': True, 'max_partners': 20, 'homeostasis': 'mean', 'target': 0.75, 'spread': 0.375, 'learning_rate': 0.001}",ppo,300,64x64,0.001,,,,,,
LunarLander-v3,filterbank+proj,6,300,0.0,225.90195970000002,102.47635685598476,124.39546982780134,234.13110053,1650,"{'decomposition': 'ema', 'n_filters': 12, 'slowest': 0.022150628564983305, 'input_scaling': 0.3786189199484331, 'bias_dist': 'foldnorm', 'bias_scaling': 0.029687121836807887, 'lr': 0.7474064946212267, 'weight_increment': 0.0011133132425291139, 'min_window': 19, 'max_window': 43, 'use_full_instance': True, 'max_partners': 20, 'homeostasis': 'mean', 'target': 0.75, 'spread': 0.375, 'learning_rate': 0.001}",ppo,300,64x64,0.001,,,,,,
LunarLander-v3,filterbank+proj,0,300,0.0,-39.64987670000001,31.17516805997709,-17.203137089360332,6.586715655948543,1655,"{'decomposition': 'ema', 'n_filters': 12, 'slowest': 0.022150628564983305, 'input_scaling': 0.3786189199484331, 'bias_dist': 'foldnorm', 'bias_scaling': 0.029687121836807887, 'lr': 0.7474064946212267, 'weight_increment': 0.0011133132425291139, 'min_window': 19, 'max_window': 43, 'use_full_instance': True, 'max_partners': 20, 'homeostasis': 'mean', 'target': 0.75, 'spread': 0.375, 'learning_rate': 0.003}",ppo,300,64x64,0.003,,,,,,
LunarLander-v3,filterbank+proj,7,300,0.0,164.29606894,67.53125934777256,103.46557517567193,143.1155053111111,1697,"{'decomposition': 'ema', 'n_filters': 12, 'slowest': 0.022150628564983305, 'input_scaling': 0.3786189199484331, 'bias_dist': 'foldnorm', 'bias_scaling': 0.029687121836807887, 'lr': 0.7474064946212267, 'weight_increment': 0.0011133132425291139, 'min_window': 19, 'max_window': 43, 'use_full_instance': True, 'max_partners': 20, 'homeostasis': 'mean', 'target': 0.75, 'spread': 0.375, 'learning_rate': 0.001}",ppo,300,64x64,0.001,,,,,,
LunarLander-v3,filterbank+proj,1,300,0.0,-183.87896481999996,29.682284000028176,-119.54668166906946,-77.12344263278689,1671,"{'decomposition': 'ema', 'n_filters': 12, 'slowest': 0.022150628564983305, 'input_scaling': 0.3786189199484331, 'bias_dist': 'foldnorm', 'bias_scaling': 0.029687121836807887, 'lr': 0.7474064946212267, 'weight_increment': 0.0011133132425291139, 'min_window': 19, 'max_window': 43, 'use_full_instance': True, 'max_partners': 20, 'homeostasis': 'mean', 'target': 0.75, 'spread': 0.375, 'learning_rate': 0.003}",ppo,300,64x64,0.003,,,,,,
LunarLander-v3,filterbank+esn,0,300,3.9966666666666666,161.89398364,69.89138791772979,160.31313057739382,132.68460391346156,1548,"{'decomposition': 'ema', 'n_filters': 12, 'slowest': 0.007278775282470501, 'input_scaling': 0.4150388723567341, 'bias_dist': 'foldnorm', 'bias_scaling': 0.04616118346075944, 'lr': 0.9174645206815777, 'sr': 0.7122598989576099, 'rc_connectivity': 0.013316681518519325, 'learning_rate': 0.0003}",ppo,300,64,0.0003,,,,,,
LunarLander-v3,filterbank+proj,8,300,0.0,35.780212060000004,106.47309996854484,87.38956459697509,101.50032183976262,1699,"{'decomposition': 'ema', 'n_filters': 12, 'slowest': 0.022150628564983305, 'input_scaling': 0.3786189199484331, 'bias_dist': 'foldnorm', 'bias_scaling': 0.029687121836807887, 'lr': 0.7474064946212267, 'weight_increment': 0.0011133132425291139, 'min_window': 19, 'max_window': 43, 'use_full_instance': True, 'max_partners': 20, 'homeostasis': 'mean', 'target': 0.75, 'spread': 0.375, 'learning_rate': 0.001}",ppo,300,64x64,0.001,,,,,,
LunarLander-v3,filterbank+proj,9,300,0.0,-17.834593599999998,152.83343350609601,-76.09885915185983,-85.13384784307691,1660,"{'decomposition': 'ema', 'n_filters': 12, 'slowest': 0.022150628564983305, 'input_scaling': 0.3786189199484331, 'bias_dist': 'foldnorm', 'bias_scaling': 0.029687121836807887, 'lr': 0.7474064946212267, 'weight_increment': 0.0011133132425291139, 'min_window': 19, 'max_window': 43, 'use_full_instance': True, 'max_partners': 20, 'homeostasis': 'mean', 'target': 0.75, 'spread': 0.375, 'learning_rate': 0.003}",ppo,300,64x64,0.003,,,,,,
LunarLander-v3,filterbank+proj,9,300,0.0,194.96468186,95.72408149880313,148.09557110525213,165.72870763941302,1696,"{'decomposition': 'ema', 'n_filters': 12, 'slowest': 0.022150628564983305, 'input_scaling': 0.3786189199484331, 'bias_dist': 'foldnorm', 'bias_scaling': 0.029687121836807887, 'lr': 0.7474064946212267, 'weight_increment': 0.0011133132425291139, 'min_window': 19, 'max_window': 43, 'use_full_instance': True, 'max_partners': 20, 'homeostasis': 'mean', 'target': 0.75, 'spread': 0.375, 'learning_rate': 0.001}",ppo,300,64x64,0.001,,,,,,
LunarLander-v3,filterbank+proj,3,300,0.0,50.85472642,143.5906836061045,-39.542506886167146,63.02147953429602,1688,"{'decomposition': 'ema', 'n_filters': 12, 'slowest': 0.022150628564983305, 'input_scaling': 0.3786189199484331, 'bias_dist': 'foldnorm', 'bias_scaling': 0.029687121836807887, 'lr': 0.7474064946212267, 'weight_increment': 0.0011133132425291139, 'min_window': 19, 'max_window': 43, 'use_full_instance': True, 'max_partners': 20, 'homeostasis': 'mean', 'target': 0.75, 'spread': 0.375, 'learning_rate': 0.003}",ppo,300,64x64,0.003,,,,,,
LunarLander-v3,filterbank+proj,7,300,0.0,-293.05942568,243.14714000870967,-103.59868292002461,-165.05089716923075,1686,"{'decomposition': 'ema', 'n_filters': 12, 'slowest': 0.022150628564983305, 'input_scaling': 0.3786189199484331, 'bias_dist': 'foldnorm', 'bias_scaling': 0.029687121836807887, 'lr': 0.7474064946212267, 'weight_increment': 0.0011133132425291139, 'min_window': 19, 'max_window': 43, 'use_full_instance': True, 'max_partners': 20, 'homeostasis': 'mean', 'target': 0.75, 'spread': 0.375, 'learning_rate': 0.003}",ppo,300,64x64,0.003,,,,,,
LunarLander-v3,filterbank+proj,5,300,0.0,-155.59594591999996,68.84615463743562,-60.181485781938335,-128.47268344077133,1693,"{'decomposition': 'ema', 'n_filters': 12, 'slowest': 0.022150628564983305, 'input_scaling': 0.3786189199484331, 'bias_dist': 'foldnorm', 'bias_scaling': 0.029687121836807887, 'lr': 0.7474064946212267, 'weight_increment': 0.0011133132425291139, 'min_window': 19, 'max_window': 43, 'use_full_instance': True, 'max_partners': 20, 'homeostasis': 'mean', 'target': 0.75, 'spread': 0.375, 'learning_rate': 0.003}",ppo,300,64x64,0.003,,,,,,
LunarLander-v3,filterbank+proj,2,300,0.0,-228.67238636000002,32.98192504052748,-10.567992616378037,-70.3513057,1705,"{'decomposition': 'ema', 'n_filters': 12, 'slowest': 0.022150628564983305, 'input_scaling': 0.3786189199484331, 'bias_dist': 'foldnorm', 'bias_scaling': 0.029687121836807887, 'lr': 0.7474064946212267, 'weight_increment': 0.0011133132425291139, 'min_window': 19, 'max_window': 43, 'use_full_instance': True, 'max_partners': 20, 'homeostasis': 'mean', 'target': 0.75, 'spread': 0.375, 'learning_rate': 0.003}",ppo,300,64x64,0.003,,,,,,
LunarLander-v3,filterbank+proj,4,300,0.0,-213.5719758,79.54147649380255,-55.02220525358852,-79.49772458510638,1706,"{'decomposition': 'ema', 'n_filters': 12, 'slowest': 0.022150628564983305, 'input_scaling': 0.3786189199484331, 'bias_dist': 'foldnorm', 'bias_scaling': 0.029687121836807887, 'lr': 0.7474064946212267, 'weight_increment': 0.0011133132425291139, 'min_window': 19, 'max_window': 43, 'use_full_instance': True, 'max_partners': 20, 'homeostasis': 'mean', 'target': 0.75, 'spread': 0.375, 'learning_rate': 0.003}",ppo,300,64x64,0.003,,,,,,
LunarLander-v3,filterbank+proj,8,300,0.0,-26.65538528,63.24309829037794,-13.227619403428571,-83.39939974285714,1705,"{'decomposition': 'ema', 'n_filters': 12, 'slowest': 0.022150628564983305, 'input_scaling': 0.3786189199484331, 'bias_dist': 'foldnorm', 'bias_scaling': 0.029687121836807887, 'lr': 0.7474064946212267, 'weight_increment': 0.0011133132425291139, 'min_window': 19, 'max_window': 43, 'use_full_instance': True, 'max_partners': 20, 'homeostasis': 'mean', 'target': 0.75, 'spread': 0.375, 'learning_rate': 0.003}",ppo,300,64x64,0.003,,,,,,
LunarLander-v3,filterbank+esn,2,300,3.9966666666666666,229.97354214000003,58.6510186216282,236.37904537532557,264.1931590533175,1565,"{'decomposition': 'ema', 'n_filters': 12, 'slowest': 0.007278775282470501, 'input_scaling': 0.4150388723567341, 'bias_dist': 'foldnorm', 'bias_scaling': 0.04616118346075944, 'lr': 0.9174645206815777, 'sr': 0.7122598989576099, 'rc_connectivity': 0.013316681518519325, 'learning_rate': 0.0003}",ppo,300,64,0.0003,,,,,,
LunarLander-v3,filterbank+esn,1,300,3.9966666666666666,262.43659634000005,19.41217167606337,207.733024160318,232.0243107893864,1592,"{'decomposition': 'ema', 'n_filters': 12, 'slowest': 0.007278775282470501, 'input_scaling': 0.4150388723567341, 'bias_dist': 'foldnorm', 'bias_scaling': 0.04616118346075944, 'lr': 0.9174645206815777, 'sr': 0.7122598989576099, 'rc_connectivity': 0.013316681518519325, 'learning_rate': 0.0003}",ppo,300,64,0.0003,,,,,,
LunarLander-v3,filterbank+proj,6,300,0.0,-1277.8303968,1410.1057401924288,-83.07028018598884,-105.27981084161489,1715,"{'decomposition': 'ema', 'n_filters': 12, 'slowest': 0.022150628564983305, 'input_scaling': 0.3786189199484331, 'bias_dist': 'foldnorm', 'bias_scaling': 0.029687121836807887, 'lr': 0.7474064946212267, 'weight_increment': 0.0011133132425291139, 'min_window': 19, 'max_window': 43, 'use_full_instance': True, 'max_partners': 20, 'homeostasis': 'mean', 'target': 0.75, 'spread': 0.375, 'learning_rate': 0.003}",ppo,300,64x64,0.003,,,,,,
LunarLander-v3,filterbank+esn,4,300,3.9966666666666666,269.14998111999995,23.94476265594369,219.58929091208242,262.21466844849243,1572,"{'decomposition': 'ema', 'n_filters': 12, 'slowest': 0.007278775282470501, 'input_scaling': 0.4150388723567341, 'bias_dist': 'foldnorm', 'bias_scaling': 0.04616118346075944, 'lr': 0.9174645206815777, 'sr': 0.7122598989576099, 'rc_connectivity': 0.013316681518519325, 'learning_rate': 0.0003}",ppo,300,64,0.0003,,,,,,
LunarLander-v3,filterbank+esn,7,300,3.9966666666666666,258.03542694,61.88457276955848,238.79588148685895,258.73385821901707,1564,"{'decomposition': 'ema', 'n_filters': 12, 'slowest': 0.007278775282470501, 'input_scaling': 0.4150388723567341, 'bias_dist': 'foldnorm', 'bias_scaling': 0.04616118346075944, 'lr': 0.9174645206815777, 'sr': 0.7122598989576099, 'rc_connectivity': 0.013316681518519325, 'learning_rate': 0.0003}",ppo,300,64,0.0003,,,,,,
LunarLander-v3,filterbank+esn,3,300,3.9966666666666666,228.7790934,70.65604960051742,204.69203441697942,217.95687760107336,1578,"{'decomposition': 'ema', 'n_filters': 12, 'slowest': 0.007278775282470501, 'input_scaling': 0.4150388723567341, 'bias_dist': 'foldnorm', 'bias_scaling': 0.04616118346075944, 'lr': 0.9174645206815777, 'sr': 0.7122598989576099, 'rc_connectivity': 0.013316681518519325, 'learning_rate': 0.0003}",ppo,300,64,0.0003,,,,,,
LunarLander-v3,filterbank+esn,5,300,3.9966666666666666,266.96523774,58.87915020481892,240.65635613362906,263.32373678156995,1583,"{'decomposition': 'ema', 'n_filters': 12, 'slowest': 0.007278775282470501, 'input_scaling': 0.4150388723567341, 'bias_dist': 'foldnorm', 'bias_scaling': 0.04616118346075944, 'lr': 0.9174645206815777, 'sr': 0.7122598989576099, 'rc_connectivity': 0.013316681518519325, 'learning_rate': 0.0003}",ppo,300,64,0.0003,,,,,,
LunarLander-v3,filterbank+esn,6,300,3.9966666666666666,250.75881246,42.64017808376456,235.34923573857358,261.2198475238693,1584,"{'decomposition': 'ema', 'n_filters': 12, 'slowest': 0.007278775282470501, 'input_scaling': 0.4150388723567341, 'bias_dist': 'foldnorm', 'bias_scaling': 0.04616118346075944, 'lr': 0.9174645206815777, 'sr': 0.7122598989576099, 'rc_connectivity': 0.013316681518519325, 'learning_rate': 0.0003}",ppo,300,64,0.0003,,,,,,
LunarLander-v3,filterbank+esn,8,300,3.9966666666666666,246.19245416,71.01945806862125,217.97263371265308,251.14712505034012,1589,"{'decomposition': 'ema', 'n_filters': 12, 'slowest': 0.007278775282470501, 'input_scaling': 0.4150388723567341, 'bias_dist': 'foldnorm', 'bias_scaling': 0.04616118346075944, 'lr': 0.9174645206815777, 'sr': 0.7122598989576099, 'rc_connectivity': 0.013316681518519325, 'learning_rate': 0.0003}",ppo,300,64,0.0003,,,,,,
LunarLander-v3,filterbank+esn,1,300,3.9966666666666666,232.349257,69.49582578858706,184.3569347046128,197.01264757838985,1583,"{'decomposition': 'ema', 'n_filters': 12, 'slowest': 0.007278775282470501, 'input_scaling': 0.4150388723567341, 'bias_dist': 'foldnorm', 'bias_scaling': 0.04616118346075944, 'lr': 0.9174645206815777, 'sr': 0.7122598989576099, 'rc_connectivity': 0.013316681518519325, 'learning_rate': 0.001}",ppo,300,64,0.001,,,,,,
LunarLander-v3,filterbank+esn,9,300,3.9966666666666666,239.73736033999998,62.2342232657864,216.8041144021099,241.2081928504801,1592,"{'decomposition': 'ema', 'n_filters': 12, 'slowest': 0.007278775282470501, 'input_scaling': 0.4150388723567341, 'bias_dist': 'foldnorm', 'bias_scaling': 0.04616118346075944, 'lr': 0.9174645206815777, 'sr': 0.7122598989576099, 'rc_connectivity': 0.013316681518519325, 'learning_rate': 0.0003}",ppo,300,64,0.0003,,,,,,
LunarLander-v3,filterbank+proj,0,300,0.0,-133.38020256,44.68533763694481,-134.603218367656,-130.72128703266333,1759,"{'decomposition': 'ema', 'n_filters': 12, 'slowest': 0.022150628564983305, 'input_scaling': 0.3786189199484331, 'bias_dist': 'foldnorm', 'bias_scaling': 0.029687121836807887, 'lr': 0.7474064946212267, 'weight_increment': 0.0011133132425291139, 'min_window': 19, 'max_window': 43, 'use_full_instance': True, 'max_partners': 20, 'homeostasis': 'mean', 'target': 0.75, 'spread': 0.375, 'learning_rate': 0.01}",ppo,300,64x64,0.01,,,,,,
LunarLander-v3,filterbank+esn,4,300,3.9966666666666666,202.14882,88.163261661147,209.11742829459544,237.1454236578125,1590,"{'decomposition': 'ema', 'n_filters': 12, 'slowest': 0.007278775282470501, 'input_scaling': 0.4150388723567341, 'bias_dist': 'foldnorm', 'bias_scaling': 0.04616118346075944, 'lr': 0.9174645206815777, 'sr': 0.7122598989576099, 'rc_connectivity': 0.013316681518519325, 'learning_rate': 0.001}",ppo,300,64,0.001,,,,,,
LunarLander-v3,filterbank+proj,2,300,0.0,-769.83427178,337.2249264057657,-722.1457968601808,-847.0458805650119,1758,"{'decomposition': 'ema', 'n_filters': 12, 'slowest': 0.022150628564983305, 'input_scaling': 0.3786189199484331, 'bias_dist': 'foldnorm', 'bias_scaling': 0.029687121836807887, 'lr': 0.7474064946212267, 'weight_increment': 0.0011133132425291139, 'min_window': 19, 'max_window': 43, 'use_full_instance': True, 'max_partners': 20, 'homeostasis': 'mean', 'target': 0.75, 'spread': 0.375, 'learning_rate': 0.01}",ppo,300,64x64,0.01,,,,,,
LunarLander-v3,filterbank+esn,3,300,3.9966666666666666,105.31219608,147.6382725631512,218.78223656970633,245.4957374667697,1608,"{'decomposition': 'ema', 'n_filters': 12, 'slowest': 0.007278775282470501, 'input_scaling': 0.4150388723567341, 'bias_dist': 'foldnorm', 'bias_scaling': 0.04616118346075944, 'lr': 0.9174645206815777, 'sr': 0.7122598989576099, 'rc_connectivity': 0.013316681518519325, 'learning_rate': 0.001}",ppo,300,64,0.001,,,,,,
LunarLander-v3,filterbank+proj,1,300,0.0,-137.84267382000002,52.87801736857831,-136.28209573217498,-132.20546642468773,1770,"{'decomposition': 'ema', 'n_filters': 12, 'slowest': 0.022150628564983305, 'input_scaling': 0.3786189199484331, 'bias_dist': 'foldnorm', 'bias_scaling': 0.029687121836807887, 'lr': 0.7474064946212267, 'weight_increment': 0.0011133132425291139, 'min_window': 19, 'max_window': 43, 'use_full_instance': True, 'max_partners': 20, 'homeostasis': 'mean', 'target': 0.75, 'spread': 0.375, 'learning_rate': 0.01}",ppo,300,64x64,0.01,,,,,,
LunarLander-v3,filterbank+esn,0,300,3.9966666666666666,115.80490821999997,130.443249211243,119.99341119281719,153.62939877876107,1628,"{'decomposition': 'ema', 'n_filters': 12, 'slowest': 0.007278775282470501, 'input_scaling': 0.4150388723567341, 'bias_dist': 'foldnorm', 'bias_scaling': 0.04616118346075944, 'lr': 0.9174645206815777, 'sr': 0.7122598989576099, 'rc_connectivity': 0.013316681518519325, 'learning_rate': 0.001}",ppo,300,64,0.001,,,,,,
LunarLander-v3,filterbank+esn,0,300,3.9966666666666666,-62.61497932000001,39.56106391571431,100.4990897417327,-1.0713809972602701,1561,"{'decomposition': 'ema', 'n_filters': 12, 'slowest': 0.007278775282470501, 'input_scaling': 0.4150388723567341, 'bias_dist': 'foldnorm', 'bias_scaling': 0.04616118346075944, 'lr': 0.9174645206815777, 'sr': 0.7122598989576099, 'rc_connectivity': 0.013316681518519325, 'learning_rate': 0.003}",ppo,300,64,0.003,,,,,,
LunarLander-v3,filterbank+esn,5,300,3.9966666666666666,264.45144308,24.24820214154882,218.42152632755838,250.02997791042586,1608,"{'decomposition': 'ema', 'n_filters': 12, 'slowest': 0.007278775282470501, 'input_scaling': 0.4150388723567341, 'bias_dist': 'foldnorm', 'bias_scaling': 0.04616118346075944, 'lr': 0.9174645206815777, 'sr': 0.7122598989576099, 'rc_connectivity': 0.013316681518519325, 'learning_rate': 0.001}",ppo,300,64,0.001,,,,,,
LunarLander-v3,filterbank+esn,6,300,3.9966666666666666,234.46389988,88.94297920268718,207.33121163375526,243.85140803885136,1606,"{'decomposition': 'ema', 'n_filters': 12, 'slowest': 0.007278775282470501, 'input_scaling': 0.4150388723567341, 'bias_dist': 'foldnorm', 'bias_scaling': 0.04616118346075944, 'lr': 0.9174645206815777, 'sr': 0.7122598989576099, 'rc_connectivity': 0.013316681518519325, 'learning_rate': 0.001}",ppo,300,64,0.001,,,,,,
LunarLander-v3,filterbank+proj,9,300,0.0,-123.19656441999997,54.28370201564657,-137.47421813170817,-130.88360366222378,1713,"{'decomposition': 'ema', 'n_filters': 12, 'slowest': 0.022150628564983305, 'input_scaling': 0.3786189199484331, 'bias_dist': 'foldnorm', 'bias_scaling': 0.029687121836807887, 'lr': 0.7474064946212267, 'weight_increment': 0.0011133132425291139, 'min_window': 19, 'max_window': 43, 'use_full_instance': True, 'max_partners': 20, 'homeostasis': 'mean', 'target': 0.75, 'spread': 0.375, 'learning_rate': 0.01}",ppo,300,64x64,0.01,,,,,,
LunarLander-v3,filterbank+esn,2,300,3.9966666666666666,253.00577839999997,47.485395835765324,213.92236474999999,244.38282740620159,1641,"{'decomposition': 'ema', 'n_filters': 12, 'slowest': 0.007278775282470501, 'input_scaling': 0.4150388723567341, 'bias_dist': 'foldnorm', 'bias_scaling': 0.04616118346075944, 'lr': 0.9174645206815777, 'sr': 0.7122598989576099, 'rc_connectivity': 0.013316681518519325, 'learning_rate': 0.001}",ppo,300,64,0.001,,,,,,
LunarLander-v3,filterbank+proj,7,300,0.0,-576.6505521,154.17949676766938,-226.1381705599093,-218.28743396137492,1733,"{'decomposition': 'ema', 'n_filters': 12, 'slowest': 0.022150628564983305, 'input_scaling': 0.3786189199484331, 'bias_dist': 'foldnorm', 'bias_scaling': 0.029687121836807887, 'lr': 0.7474064946212267, 'weight_increment': 0.0011133132425291139, 'min_window': 19, 'max_window': 43, 'use_full_instance': True, 'max_partners': 20, 'homeostasis': 'mean', 'target': 0.75, 'spread': 0.375, 'learning_rate': 0.01}",ppo,300,64x64,0.01,,,,,,
LunarLander-v3,filterbank+esn,7,300,3.9966666666666666,248.67486517999998,96.88163251375504,217.66816178510027,236.2899885746606,1620,"{'decomposition': 'ema', 'n_filters': 12, 'slowest': 0.007278775282470501, 'input_scaling': 0.4150388723567341, 'bias_dist': 'foldnorm', 'bias_scaling': 0.04616118346075944, 'lr': 0.9174645206815777, 'sr': 0.7122598989576099, 'rc_connectivity': 0.013316681518519325, 'learning_rate': 0.001}",ppo,300,64,0.001,,,,,,
LunarLander-v3,filterbank+proj,8,300,0.0,-126.35847503999999,57.33025397602555,-132.90645987591344,-132.85460205225988,1760,"{'decomposition': 'ema', 'n_filters': 12, 'slowest': 0.022150628564983305, 'input_scaling': 0.3786189199484331, 'bias_dist': 'foldnorm', 'bias_scaling': 0.029687121836807887, 'lr': 0.7474064946212267, 'weight_increment': 0.0011133132425291139, 'min_window': 19, 'max_window': 43, 'use_full_instance': True, 'max_partners': 20, 'homeostasis': 'mean', 'target': 0.75, 'spread': 0.375, 'learning_rate': 0.01}",ppo,300,64x64,0.01,,,,,,
LunarLander-v3,filterbank+proj,4,300,0.0,-122.3086974,53.716587910812486,-135.59011390980749,-132.18475729822012,1789,"{'decomposition': 'ema', 'n_filters': 12, 'slowest': 0.022150628564983305, 'input_scaling': 0.3786189199484331, 'bias_dist': 'foldnorm', 'bias_scaling': 0.029687121836807887, 'lr': 0.7474064946212267, 'weight_increment': 0.0011133132425291139, 'min_window': 19, 'max_window': 43, 'use_full_instance': True, 'max_partners': 20, 'homeostasis': 'mean', 'target': 0.75, 'spread': 0.375, 'learning_rate': 0.01}",ppo,300,64x64,0.01,,,,,,
LunarLander-v3,filterbank+proj,6,300,0.0,-783.4609115200002,344.94384163755615,-792.7390698739002,-817.8540961367041,1775,"{'decomposition': 'ema', 'n_filters': 12, 'slowest': 0.022150628564983305, 'input_scaling': 0.3786189199484331, 'bias_dist': 'foldnorm', 'bias_scaling': 0.029687121836807887, 'lr': 0.7474064946212267, 'weight_increment': 0.0011133132425291139, 'min_window': 19, 'max_window': 43, 'use_full_instance': True, 'max_partners': 20, 'homeostasis': 'mean', 'target': 0.75, 'spread': 0.375, 'learning_rate': 0.01}",ppo,300,64x64,0.01,,,,,,
LunarLander-v3,filterbank+proj,3,300,0.0,-548.80837012,137.5329502136411,-458.35081274082864,-580.8299138498583,1805,"{'decomposition': 'ema', 'n_filters': 12, 'slowest': 0.022150628564983305, 'input_scaling': 0.3786189199484331, 'bias_dist': 'foldnorm', 'bias_scaling': 0.029687121836807887, 'lr': 0.7474064946212267, 'weight_increment': 0.0011133132425291139, 'min_window': 19, 'max_window': 43, 'use_full_instance': True, 'max_partners': 20, 'homeostasis': 'mean', 'target': 0.75, 'spread': 0.375, 'learning_rate': 0.01}",ppo,300,64x64,0.01,,,,,,
LunarLander-v3,filterbank+esn,1,300,3.9966666666666666,56.122152639999996,131.28465485760637,48.3619598823934,42.16792033448276,1596,"{'decomposition': 'ema', 'n_filters': 12, 'slowest': 0.007278775282470501, 'input_scaling': 0.4150388723567341, 'bias_dist': 'foldnorm', 'bias_scaling': 0.04616118346075944, 'lr': 0.9174645206815777, 'sr': 0.7122598989576099, 'rc_connectivity': 0.013316681518519325, 'learning_rate': 0.003}",ppo,300,64,0.003,,,,,,
LunarLander-v3,filterbank+esn,8,300,3.9966666666666666,24.061702819999997,134.74559876581995,154.48135665082006,167.2186557642857,1636,"{'decomposition': 'ema', 'n_filters': 12, 'slowest': 0.007278775282470501, 'input_scaling': 0.4150388723567341, 'bias_dist': 'foldnorm', 'bias_scaling': 0.04616118346075944, 'lr': 0.9174645206815777, 'sr': 0.7122598989576099, 'rc_connectivity': 0.013316681518519325, 'learning_rate': 0.001}",ppo,300,64,0.001,,,,,,
LunarLander-v3,filterbank+proj,5,300,0.0,-769.2184309200001,299.62924325273997,-796.896560094582,-864.0435637014277,1798,"{'decomposition': 'ema', 'n_filters': 12, 'slowest': 0.022150628564983305, 'input_scaling': 0.3786189199484331, 'bias_dist': 'foldnorm', 'bias_scaling': 0.029687121836807887, 'lr': 0.7474064946212267, 'weight_increment': 0.0011133132425291139, 'min_window': 19, 'max_window': 43, 'use_full_instance': True, 'max_partners': 20, 'homeostasis': 'mean', 'target': 0.75, 'spread': 0.375, 'learning_rate': 0.01}",ppo,300,64x64,0.01,,,,,,
LunarLander-v3,filterbank+esn,9,300,3.9966666666666666,252.49256974,58.82155074253597,205.4195229558953,228.6561443397059,1648,"{'decomposition': 'ema', 'n_filters': 12, 'slowest': 0.007278775282470501, 'input_scaling': 0.4150388723567341, 'bias_dist': 'foldnorm', 'bias_scaling': 0.04616118346075944, 'lr': 0.9174645206815777, 'sr': 0.7122598989576099, 'rc_connectivity': 0.013316681518519325, 'learning_rate': 0.001}",ppo,300,64,0.001,,,,,,
LunarLander-v3,filterbank+esn,2,300,3.9966666666666666,237.00293775999998,39.70832535382668,158.68583027923486,190.21439982643,1611,"{'decomposition': 'ema', 'n_filters': 12, 'slowest': 0.007278775282470501, 'input_scaling': 0.4150388723567341, 'bias_dist': 'foldnorm', 'bias_scaling': 0.04616118346075944, 'lr': 0.9174645206815777, 'sr': 0.7122598989576099, 'rc_connectivity': 0.013316681518519325, 'learning_rate': 0.003}",ppo,300,64,0.003,,,,,,
LunarLander-v3,filterbank+esn,3,300,3.9966666666666666,146.22915948,103.45462253854214,125.69115230161579,127.18058966741573,1581,"{'decomposition': 'ema', 'n_filters': 12, 'slowest': 0.007278775282470501, 'input_scaling': 0.4150388723567341, 'bias_dist': 'foldnorm', 'bias_scaling': 0.04616118346075944, 'lr': 0.9174645206815777, 'sr': 0.7122598989576099, 'rc_connectivity': 0.013316681518519325, 'learning_rate': 0.003}",ppo,300,64,0.003,,,,,,
LunarLander-v3,filterbank+esn,4,300,3.9966666666666666,-85.84494868000002,39.331261720715844,47.870080820396474,-60.04622718660287,1526,"{'decomposition': 'ema', 'n_filters': 12, 'slowest': 0.007278775282470501, 'input_scaling': 0.4150388723567341, 'bias_dist': 'foldnorm', 'bias_scaling': 0.04616118346075944, 'lr': 0.9174645206815777, 'sr': 0.7122598989576099, 'rc_connectivity': 0.013316681518519325, 'learning_rate': 0.003}",ppo,300,64,0.003,,,,,,
LunarLander-v3,filterbank+esn,5,300,3.9966666666666666,-3373.7263911999994,4854.494914834863,4.827530719042918,-147.39984825432097,1537,"{'decomposition': 'ema', 'n_filters': 12, 'slowest': 0.007278775282470501, 'input_scaling': 0.4150388723567341, 'bias_dist': 'foldnorm', 'bias_scaling': 0.04616118346075944, 'lr': 0.9174645206815777, 'sr': 0.7122598989576099, 'rc_connectivity': 0.013316681518519325, 'learning_rate': 0.003}",ppo,300,64,0.003,,,,,,
LunarLander-v3,filterbank+esn,8,300,3.9966666666666666,174.25376898,50.34829995605452,64.5141178779505,174.9483074466859,1525,"{'decomposition': 'ema', 'n_filters': 12, 'slowest': 0.007278775282470501, 'input_scaling': 0.4150388723567341, 'bias_dist': 'foldnorm', 'bias_scaling': 0.04616118346075944, 'lr': 0.9174645206815777, 'sr': 0.7122598989576099, 'rc_connectivity': 0.013316681518519325, 'learning_rate': 0.003}",ppo,300,64,0.003,,,,,,
LunarLander-v3,filterbank+esn,7,300,3.9966666666666666,216.22923682,65.86872878983178,156.57180226707652,206.00589619134396,1553,"{'decomposition': 'ema', 'n_filters': 12, 'slowest': 0.007278775282470501, 'input_scaling': 0.4150388723567341, 'bias_dist': 'foldnorm', 'bias_scaling': 0.04616118346075944, 'lr': 0.9174645206815777, 'sr': 0.7122598989576099, 'rc_connectivity': 0.013316681518519325, 'learning_rate': 0.003}",ppo,300,64,0.003,,,,,,
LunarLander-v3,filterbank+esn,0,300,3.9966666666666666,-10.294491260000003,142.91866107186348,-276.5712070483996,-42.78007610526316,1541,"{'decomposition': 'ema', 'n_filters': 12, 'slowest': 0.007278775282470501, 'input_scaling': 0.4150388723567341, 'bias_dist': 'foldnorm', 'bias_scaling': 0.04616118346075944, 'lr': 0.9174645206815777, 'sr': 0.7122598989576099, 'rc_connectivity': 0.013316681518519325, 'learning_rate': 0.01}",ppo,300,64,0.01,,,,,,
LunarLander-v3,filterbank+esn,6,300,3.9966666666666666,216.57068388,85.4169744691101,150.5134093600341,202.9562255458422,1567,"{'decomposition': 'ema', 'n_filters': 12, 'slowest': 0.007278775282470501, 'input_scaling': 0.4150388723567341, 'bias_dist': 'foldnorm', 'bias_scaling': 0.04616118346075944, 'lr': 0.9174645206815777, 'sr': 0.7122598989576099, 'rc_connectivity': 0.013316681518519325, 'learning_rate': 0.003}",ppo,300,64,0.003,,,,,,
LunarLander-v3,filterbank+esn,9,300,3.9966666666666666,-121.86491180000002,87.93636576962962,26.56740545309068,-47.13159186477988,1574,"{'decomposition': 'ema', 'n_filters': 12, 'slowest': 0.007278775282470501, 'input_scaling': 0.4150388723567341, 'bias_dist': 'foldnorm', 'bias_scaling': 0.04616118346075944, 'lr': 0.9174645206815777, 'sr': 0.7122598989576099, 'rc_connectivity': 0.013316681518519325, 'learning_rate': 0.003}",ppo,300,64,0.003,,,,,,
LunarLander-v3,filterbank+esn,8,300,3.9966666666666666,-144.31686495999998,196.13902881957344,-144.368765709038,-216.30368338932686,1549,"{'decomposition': 'ema', 'n_filters': 12, 'slowest': 0.007278775282470501, 'input_scaling': 0.4150388723567341, 'bias_dist': 'foldnorm', 'bias_scaling': 0.04616118346075944, 'lr': 0.9174645206815777, 'sr': 0.7122598989576099, 'rc_connectivity': 0.013316681518519325, 'learning_rate': 0.01}",ppo,300,64,0.01,,,,,,
LunarLander-v3,filterbank+esn,4,300,3.9966666666666666,-196.48945414000002,151.0730520220643,-142.48690182532516,-187.8840789844909,1573,"{'decomposition': 'ema', 'n_filters': 12, 'slowest': 0.007278775282470501, 'input_scaling': 0.4150388723567341, 'bias_dist': 'foldnorm', 'bias_scaling': 0.04616118346075944, 'lr': 0.9174645206815777, 'sr': 0.7122598989576099, 'rc_connectivity': 0.013316681518519325, 'learning_rate': 0.01}",ppo,300,64,0.01,,,,,,
LunarLander-v3,filterbank+esn,2,300,3.9966666666666666,-2684.6046350200004,2382.898711574357,-381.99633496150034,-300.00466904970176,1585,"{'decomposition': 'ema', 'n_filters': 12, 'slowest': 0.007278775282470501, 'input_scaling': 0.4150388723567341, 'bias_dist': 'foldnorm', 'bias_scaling': 0.04616118346075944, 'lr': 0.9174645206815777, 'sr': 0.7122598989576099, 'rc_connectivity': 0.013316681518519325, 'learning_rate': 0.01}",ppo,300,64,0.01,,,,,,
LunarLander-v3,filterbank+esn,5,300,3.9966666666666666,-104.01717154000002,51.371978057815944,-152.73774649179046,-143.72097667496442,1576,"{'decomposition': 'ema', 'n_filters': 12, 'slowest': 0.007278775282470501, 'input_scaling': 0.4150388723567341, 'bias_dist': 'foldnorm', 'bias_scaling': 0.04616118346075944, 'lr': 0.9174645206815777, 'sr': 0.7122598989576099, 'rc_connectivity': 0.013316681518519325, 'learning_rate': 0.01}",ppo,300,64,0.01,,,,,,
LunarLander-v3,filterbank+esn,7,300,3.9966666666666666,-300.49553642,33.82336435282891,-251.28361383538416,-249.14882365765766,1568,"{'decomposition': 'ema', 'n_filters': 12, 'slowest': 0.007278775282470501, 'input_scaling': 0.4150388723567341, 'bias_dist': 'foldnorm', 'bias_scaling': 0.04616118346075944, 'lr': 0.9174645206815777, 'sr': 0.7122598989576099, 'rc_connectivity': 0.013316681518519325, 'learning_rate': 0.01}",ppo,300,64,0.01,,,,,,
LunarLander-v3,filterbank+esn,1,300,3.9966666666666666,-137.84267382000002,52.87801736857831,-120.95105251245278,-131.72753000243804,1603,"{'decomposition': 'ema', 'n_filters': 12, 'slowest': 0.007278775282470501, 'input_scaling': 0.4150388723567341, 'bias_dist': 'foldnorm', 'bias_scaling': 0.04616118346075944, 'lr': 0.9174645206815777, 'sr': 0.7122598989576099, 'rc_connectivity': 0.013316681518519325, 'learning_rate': 0.01}",ppo,300,64,0.01,,,,,,
LunarLander-v3,filterbank+esn,6,300,3.9966666666666666,-150.17807012,127.75115516875839,-154.0509799787637,-95.07302093333332,1590,"{'decomposition': 'ema', 'n_filters': 12, 'slowest': 0.007278775282470501, 'input_scaling': 0.4150388723567341, 'bias_dist': 'foldnorm', 'bias_scaling': 0.04616118346075944, 'lr': 0.9174645206815777, 'sr': 0.7122598989576099, 'rc_connectivity': 0.013316681518519325, 'learning_rate': 0.01}",ppo,300,64,0.01,,,,,,
LunarLander-v3,filterbank+hag,3,300,3.8266666666666667,64.88390141999999,120.60168211229211,205.46791716669284,248.8169713574803,1572,"{'decomposition': 'ema', 'n_filters': 12, 'slowest': 0.022150628564983305, 'input_scaling': 0.3786189199484331, 'bias_dist': 'foldnorm', 'bias_scaling': 0.029687121836807887, 'lr': 0.7474064946212267, 'weight_increment': 0.0011133132425291139, 'min_window': 19, 'max_window': 43, 'use_full_instance': True, 'max_partners': 20, 'homeostasis': 'mean', 'target': 0.75, 'spread': 0.375, 'learning_rate': 0.0003}",ppo,300,64,0.0003,,,,,,
LunarLander-v3,filterbank+esn,3,300,3.9966666666666666,-763.0812430599998,349.99566545576414,-478.0508045209131,-866.4662358797954,1614,"{'decomposition': 'ema', 'n_filters': 12, 'slowest': 0.007278775282470501, 'input_scaling': 0.4150388723567341, 'bias_dist': 'foldnorm', 'bias_scaling': 0.04616118346075944, 'lr': 0.9174645206815777, 'sr': 0.7122598989576099, 'rc_connectivity': 0.013316681518519325, 'learning_rate': 0.01}",ppo,300,64,0.01,,,,,,
LunarLander-v3,filterbank+hag,2,300,4.21,122.49063618,194.3406141197203,209.44248035724206,247.60044059292036,1580,"{'decomposition': 'ema', 'n_filters': 12, 'slowest': 0.022150628564983305, 'input_scaling': 0.3786189199484331, 'bias_dist': 'foldnorm', 'bias_scaling': 0.029687121836807887, 'lr': 0.7474064946212267, 'weight_increment': 0.0011133132425291139, 'min_window': 19, 'max_window': 43, 'use_full_instance': True, 'max_partners': 20, 'homeostasis': 'mean', 'target': 0.75, 'spread': 0.375, 'learning_rate': 0.0003}",ppo,300,64,0.0003,,,,,,
LunarLander-v3,filterbank+hag,5,300,4.093333333333334,263.13809796,45.161453225884415,221.97680254430378,256.87231062269126,1563,"{'decomposition': 'ema', 'n_filters': 12, 'slowest': 0.022150628564983305, 'input_scaling': 0.3786189199484331, 'bias_dist': 'foldnorm', 'bias_scaling': 0.029687121836807887, 'lr': 0.7474064946212267, 'weight_increment': 0.0011133132425291139, 'min_window': 19, 'max_window': 43, 'use_full_instance': True, 'max_partners': 20, 'homeostasis': 'mean', 'target': 0.75, 'spread': 0.375, 'learning_rate': 0.0003}",ppo,300,64,0.0003,,,,,,
LunarLander-v3,filterbank+hag,0,300,4.416666666666667,223.75484247999998,84.74448752585994,221.43716677789644,251.65678615620828,1593,"{'decomposition': 'ema', 'n_filters': 12, 'slowest': 0.022150628564983305, 'input_scaling': 0.3786189199484331, 'bias_dist': 'foldnorm', 'bias_scaling': 0.029687121836807887, 'lr': 0.7474064946212267, 'weight_increment': 0.0011133132425291139, 'min_window': 19, 'max_window': 43, 'use_full_instance': True, 'max_partners': 20, 'homeostasis': 'mean', 'target': 0.75, 'spread': 0.375, 'learning_rate': 0.0003}",ppo,300,64,0.0003,,,,,,
LunarLander-v3,filterbank+hag,6,300,4.223333333333334,126.59803295999998,129.38451515975146,228.99874016762783,253.46124440128207,1567,"{'decomposition': 'ema', 'n_filters': 12, 'slowest': 0.022150628564983305, 'input_scaling': 0.3786189199484331, 'bias_dist': 'foldnorm', 'bias_scaling': 0.029687121836807887, 'lr': 0.7474064946212267, 'weight_increment': 0.0011133132425291139, 'min_window': 19, 'max_window': 43, 'use_full_instance': True, 'max_partners': 20, 'homeostasis': 'mean', 'target': 0.75, 'spread': 0.375, 'learning_rate': 0.0003}",ppo,300,64,0.0003,,,,,,
LunarLander-v3,filterbank+hag,1,300,3.9366666666666665,246.65130021999997,51.069118947452665,217.93309784104628,255.0976153436242,1599,"{'decomposition': 'ema', 'n_filters': 12, 'slowest': 0.022150628564983305, 'input_scaling': 0.3786189199484331, 'bias_dist': 'foldnorm', 'bias_scaling': 0.029687121836807887, 'lr': 0.7474064946212267, 'weight_increment': 0.0011133132425291139, 'min_window': 19, 'max_window': 43, 'use_full_instance': True, 'max_partners': 20, 'homeostasis': 'mean', 'target': 0.75, 'spread': 0.375, 'learning_rate': 0.0003}",ppo,300,64,0.0003,,,,,,
LunarLander-v3,filterbank+hag,4,300,3.98,124.32249536,166.11526689455093,203.53826790994623,243.4302550362903,1600,"{'decomposition': 'ema', 'n_filters': 12, 'slowest': 0.022150628564983305, 'input_scaling': 0.3786189199484331, 'bias_dist': 'foldnorm', 'bias_scaling': 0.029687121836807887, 'lr': 0.7474064946212267, 'weight_increment': 0.0011133132425291139, 'min_window': 19, 'max_window': 43, 'use_full_instance': True, 'max_partners': 20, 'homeostasis': 'mean', 'target': 0.75, 'spread': 0.375, 'learning_rate': 0.0003}",ppo,300,64,0.0003,,,,,,
LunarLander-v3,filterbank+hag,9,300,5.016666666666667,169.12534889999998,68.52838927372055,194.6274535842065,204.07048809422494,1570,"{'decomposition': 'ema', 'n_filters': 12, 'slowest': 0.022150628564983305, 'input_scaling': 0.3786189199484331, 'bias_dist': 'foldnorm', 'bias_scaling': 0.029687121836807887, 'lr': 0.7474064946212267, 'weight_increment': 0.0011133132425291139, 'min_window': 19, 'max_window': 43, 'use_full_instance': True, 'max_partners': 20, 'homeostasis': 'mean', 'target': 0.75, 'spread': 0.375, 'learning_rate': 0.0003}",ppo,300,64,0.0003,,,,,,
LunarLander-v3,filterbank+esn,9,300,3.9966666666666666,-123.19656441999997,54.28370201564657,-143.21052726596577,-130.31579532681445,1633,"{'decomposition': 'ema', 'n_filters': 12, 'slowest': 0.007278775282470501, 'input_scaling': 0.4150388723567341, 'bias_dist': 'foldnorm', 'bias_scaling': 0.04616118346075944, 'lr': 0.9174645206815777, 'sr': 0.7122598989576099, 'rc_connectivity': 0.013316681518519325, 'learning_rate': 0.01}",ppo,300,64,0.01,,,,,,
LunarLander-v3,filterbank+hag,8,300,5.98,-92.69004288000001,39.66754825942646,-155.33989225896553,-13.29953211724138,1529,"{'decomposition': 'ema', 'n_filters': 12, 'slowest': 0.022150628564983305, 'input_scaling': 0.3786189199484331, 'bias_dist': 'foldnorm', 'bias_scaling': 0.029687121836807887, 'lr': 0.7474064946212267, 'weight_increment': 0.0011133132425291139, 'min_window': 19, 'max_window': 43, 'use_full_instance': True, 'max_partners': 20, 'homeostasis': 'mean', 'target': 0.75, 'spread': 0.375, 'learning_rate': 0.001}",ppo,300,64,0.001,,,,,,
LunarLander-v3,filterbank+hag,8,300,5.98,-122.05984152,85.66568809396495,-27.148006973296816,47.81102589383561,1594,"{'decomposition': 'ema', 'n_filters': 12, 'slowest': 0.022150628564983305, 'input_scaling': 0.3786189199484331, 'bias_dist': 'foldnorm', 'bias_scaling': 0.029687121836807887, 'lr': 0.7474064946212267, 'weight_increment': 0.0011133132425291139, 'min_window': 19, 'max_window': 43, 'use_full_instance': True, 'max_partners': 20, 'homeostasis': 'mean', 'target': 0.75, 'spread': 0.375, 'learning_rate': 0.0003}",ppo,300,64,0.0003,,,,,,
LunarLander-v3,filterbank+hag,3,300,3.8266666666666667,41.36633293999999,131.59175336327115,171.0964158726997,74.5724402163188,1557,"{'decomposition': 'ema', 'n_filters': 12, 'slowest': 0.022150628564983305, 'input_scaling': 0.3786189199484331, 'bias_dist': 'foldnorm', 'bias_scaling': 0.029687121836807887, 'lr': 0.7474064946212267, 'weight_increment': 0.0011133132425291139, 'min_window': 19, 'max_window': 43, 'use_full_instance': True, 'max_partners': 20, 'homeostasis': 'mean', 'target': 0.75, 'spread': 0.375, 'learning_rate': 0.001}",ppo,300,64,0.001,,,,,,
LunarLander-v3,filterbank+hag,0,300,4.416666666666667,111.95728874000001,106.45436707091336,193.15576062379074,165.35277204121863,1579,"{'decomposition': 'ema', 'n_filters': 12, 'slowest': 0.022150628564983305, 'input_scaling': 0.3786189199484331, 'bias_dist': 'foldnorm', 'bias_scaling': 0.029687121836807887, 'lr': 0.7474064946212267, 'weight_increment': 0.0011133132425291139, 'min_window': 19, 'max_window': 43, 'use_full_instance': True, 'max_partners': 20, 'homeostasis': 'mean', 'target': 0.75, 'spread': 0.375, 'learning_rate': 0.001}",ppo,300,64,0.001,,,,,,
LunarLander-v3,filterbank+hag,7,300,4.906666666666666,253.49458814000002,66.78966614014436,225.97405881282833,255.68195776772617,1615,"{'decomposition': 'ema', 'n_filters': 12, 'slowest': 0.022150628564983305, 'input_scaling': 0.3786189199484331, 'bias_dist': 'foldnorm', 'bias_scaling': 0.029687121836807887, 'lr': 0.7474064946212267, 'weight_increment': 0.0011133132425291139, 'min_window': 19, 'max_window': 43, 'use_full_instance': True, 'max_partners': 20, 'homeostasis': 'mean', 'target': 0.75, 'spread': 0.375, 'learning_rate': 0.0003}",ppo,300,64,0.0003,,,,,,
LunarLander-v3,filterbank+hag,5,300,4.093333333333334,248.32689028000001,42.20693272933954,213.94696630784927,254.56588525578232,1571,"{'decomposition': 'ema', 'n_filters': 12, 'slowest': 0.022150628564983305, 'input_scaling': 0.3786189199484331, 'bias_dist': 'foldnorm', 'bias_scaling': 0.029687121836807887, 'lr': 0.7474064946212267, 'weight_increment': 0.0011133132425291139, 'min_window': 19, 'max_window': 43, 'use_full_instance': True, 'max_partners': 20, 'homeostasis': 'mean', 'target': 0.75, 'spread': 0.375, 'learning_rate': 0.001}",ppo,300,64,0.001,,,,,,
LunarLander-v3,filterbank+hag,2,300,4.21,242.86030113999996,28.23352201233636,190.64509283271377,224.50281002707277,1600,"{'decomposition': 'ema', 'n_filters': 12, 'slowest': 0.022150628564983305, 'input_scaling': 0.3786189199484331, 'bias_dist': 'foldnorm', 'bias_scaling': 0.029687121836807887, 'lr': 0.7474064946212267, 'weight_increment': 0.0011133132425291139, 'min_window': 19, 'max_window': 43, 'use_full_instance': True, 'max_partners': 20, 'homeostasis': 'mean', 'target': 0.75, 'spread': 0.375, 'learning_rate': 0.001}",ppo,300,64,0.001,,,,,,
LunarLander-v3,filterbank+hag,1,300,3.9366666666666665,186.02093262,106.66000242136579,199.5539495633755,243.19200340540542,1611,"{'decomposition': 'ema', 'n_filters': 12, 'slowest': 0.022150628564983305, 'input_scaling': 0.3786189199484331, 'bias_dist': 'foldnorm', 'bias_scaling': 0.029687121836807887, 'lr': 0.7474064946212267, 'weight_increment': 0.0011133132425291139, 'min_window': 19, 'max_window': 43, 'use_full_instance': True, 'max_partners': 20, 'homeostasis': 'mean', 'target': 0.75, 'spread': 0.375, 'learning_rate': 0.001}",ppo,300,64,0.001,,,,,,
LunarLander-v3,filterbank+hag,0,300,4.416666666666667,131.56065096,114.4650555449858,101.44778730520464,120.18584683544303,1587,"{'decomposition': 'ema', 'n_filters': 12, 'slowest': 0.022150628564983305, 'input_scaling': 0.3786189199484331, 'bias_dist': 'foldnorm', 'bias_scaling': 0.029687121836807887, 'lr': 0.7474064946212267, 'weight_increment': 0.0011133132425291139, 'min_window': 19, 'max_window': 43, 'use_full_instance': True, 'max_partners': 20, 'homeostasis': 'mean', 'target': 0.75, 'spread': 0.375, 'learning_rate': 0.003}",ppo,300,64,0.003,,,,,,
LunarLander-v3,filterbank+hag,2,300,4.21,-19.904184139999995,27.672400250636137,-8.302497351262017,-245.48873015963855,1562,"{'decomposition': 'ema', 'n_filters': 12, 'slowest': 0.022150628564983305, 'input_scaling': 0.3786189199484331, 'bias_dist': 'foldnorm', 'bias_scaling': 0.029687121836807887, 'lr': 0.7474064946212267, 'weight_increment': 0.0011133132425291139, 'min_window': 19, 'max_window': 43, 'use_full_instance': True, 'max_partners': 20, 'homeostasis': 'mean', 'target': 0.75, 'spread': 0.375, 'learning_rate': 0.003}",ppo,300,64,0.003,,,,,,
LunarLander-v3,filterbank+hag,4,300,3.98,182.94927880000003,116.80402724104222,191.66570338930083,239.28452600530036,1616,"{'decomposition': 'ema', 'n_filters': 12, 'slowest': 0.022150628564983305, 'input_scaling': 0.3786189199484331, 'bias_dist': 'foldnorm', 'bias_scaling': 0.029687121836807887, 'lr': 0.7474064946212267, 'weight_increment': 0.0011133132425291139, 'min_window': 19, 'max_window': 43, 'use_full_instance': True, 'max_partners': 20, 'homeostasis': 'mean', 'target': 0.75, 'spread': 0.375, 'learning_rate': 0.001}",ppo,300,64,0.001,,,,,,
LunarLander-v3,filterbank+hag,6,300,4.223333333333334,150.20414638,104.82648905934053,209.56541589072486,215.18117141809674,1616,"{'decomposition': 'ema', 'n_filters': 12, 'slowest': 0.022150628564983305, 'input_scaling': 0.3786189199484331, 'bias_dist': 'foldnorm', 'bias_scaling': 0.029687121836807887, 'lr': 0.7474064946212267, 'weight_increment': 0.0011133132425291139, 'min_window': 19, 'max_window': 43, 'use_full_instance': True, 'max_partners': 20, 'homeostasis': 'mean', 'target': 0.75, 'spread': 0.375, 'learning_rate': 0.001}",ppo,300,64,0.001,,,,,,
LunarLander-v3,filterbank+hag,7,300,4.906666666666666,-17.953912259999996,30.64997525186764,166.14867606863882,80.30002525145068,1618,"{'decomposition': 'ema', 'n_filters': 12, 'slowest': 0.022150628564983305, 'input_scaling': 0.3786189199484331, 'bias_dist': 'foldnorm', 'bias_scaling': 0.029687121836807887, 'lr': 0.7474064946212267, 'weight_increment': 0.0011133132425291139, 'min_window': 19, 'max_window': 43, 'use_full_instance': True, 'max_partners': 20, 'homeostasis': 'mean', 'target': 0.75, 'spread': 0.375, 'learning_rate': 0.001}",ppo,300,64,0.001,,,,,,
LunarLander-v3,filterbank+hag,4,300,3.98,-5.4459944799999995,56.417666271866246,21.983627902587518,89.60332213414634,1568,"{'decomposition': 'ema', 'n_filters': 12, 'slowest': 0.022150628564983305, 'input_scaling': 0.3786189199484331, 'bias_dist': 'foldnorm', 'bias_scaling': 0.029687121836807887, 'lr': 0.7474064946212267, 'weight_increment': 0.0011133132425291139, 'min_window': 19, 'max_window': 43, 'use_full_instance': True, 'max_partners': 20, 'homeostasis': 'mean', 'target': 0.75, 'spread': 0.375, 'learning_rate': 0.003}",ppo,300,64,0.003,,,,,,
LunarLander-v3,filterbank+hag,5,300,4.093333333333334,36.4979293,117.03901365555056,42.96489435386369,11.648143645714287,1574,"{'decomposition': 'ema', 'n_filters': 12, 'slowest': 0.022150628564983305, 'input_scaling': 0.3786189199484331, 'bias_dist': 'foldnorm', 'bias_scaling': 0.029687121836807887, 'lr': 0.7474064946212267, 'weight_increment': 0.0011133132425291139, 'min_window': 19, 'max_window': 43, 'use_full_instance': True, 'max_partners': 20, 'homeostasis': 'mean', 'target': 0.75, 'spread': 0.375, 'learning_rate': 0.003}",ppo,300,64,0.003,,,,,,
LunarLander-v3,filterbank+hag,1,300,3.9366666666666665,-60.16483607999999,63.14471178504747,-12.607850560068266,-91.90695406484642,1605,"{'decomposition': 'ema', 'n_filters': 12, 'slowest': 0.022150628564983305, 'input_scaling': 0.3786189199484331, 'bias_dist': 'foldnorm', 'bias_scaling': 0.029687121836807887, 'lr': 0.7474064946212267, 'weight_increment': 0.0011133132425291139, 'min_window': 19, 'max_window': 43, 'use_full_instance': True, 'max_partners': 20, 'homeostasis': 'mean', 'target': 0.75, 'spread': 0.375, 'learning_rate': 0.003}",ppo,300,64,0.003,,,,,,
LunarLander-v3,filterbank+hag,9,300,5.016666666666667,-173.56267644,26.99607629162608,121.37595148755136,223.9657846416465,1632,"{'decomposition': 'ema', 'n_filters': 12, 'slowest': 0.022150628564983305, 'input_scaling': 0.3786189199484331, 'bias_dist': 'foldnorm', 'bias_scaling': 0.029687121836807887, 'lr': 0.7474064946212267, 'weight_increment': 0.0011133132425291139, 'min_window': 19, 'max_window': 43, 'use_full_instance': True, 'max_partners': 20, 'homeostasis': 'mean', 'target': 0.75, 'spread': 0.375, 'learning_rate': 0.001}",ppo,300,64,0.001,,,,,,
LunarLander-v3,filterbank+hag,6,300,4.223333333333334,-82.04207233999999,26.258834140363824,-51.95752807682031,-117.33035284280935,1598,"{'decomposition': 'ema', 'n_filters': 12, 'slowest': 0.022150628564983305, 'input_scaling': 0.3786189199484331, 'bias_dist': 'foldnorm', 'bias_scaling': 0.029687121836807887, 'lr': 0.7474064946212267, 'weight_increment': 0.0011133132425291139, 'min_window': 19, 'max_window': 43, 'use_full_instance': True, 'max_partners': 20, 'homeostasis': 'mean', 'target': 0.75, 'spread': 0.375, 'learning_rate': 0.003}",ppo,300,64,0.003,,,,,,
LunarLander-v3,filterbank+hag,7,300,4.906666666666666,-175.7108022,73.50716280030309,-21.98793506468906,-59.34799089605735,1601,"{'decomposition': 'ema', 'n_filters': 12, 'slowest': 0.022150628564983305, 'input_scaling': 0.3786189199484331, 'bias_dist': 'foldnorm', 'bias_scaling': 0.029687121836807887, 'lr': 0.7474064946212267, 'weight_increment': 0.0011133132425291139, 'min_window': 19, 'max_window': 43, 'use_full_instance': True, 'max_partners': 20, 'homeostasis': 'mean', 'target': 0.75, 'spread': 0.375, 'learning_rate': 0.003}",ppo,300,64,0.003,,,,,,
LunarLander-v3,filterbank+hag,3,300,3.8266666666666667,135.36288396,79.8064565203012,-86.01070400923787,120.80272441618499,1621,"{'decomposition': 'ema', 'n_filters': 12, 'slowest': 0.022150628564983305, 'input_scaling': 0.3786189199484331, 'bias_dist': 'foldnorm', 'bias_scaling': 0.029687121836807887, 'lr': 0.7474064946212267, 'weight_increment': 0.0011133132425291139, 'min_window': 19, 'max_window': 43, 'use_full_instance': True, 'max_partners': 20, 'homeostasis': 'mean', 'target': 0.75, 'spread': 0.375, 'learning_rate': 0.003}",ppo,300,64,0.003,,,,,,
LunarLander-v3,filterbank+hag,9,300,5.016666666666667,-65.47239686,72.27999267188346,44.66872434792495,-44.859150450142444,1615,"{'decomposition': 'ema', 'n_filters': 12, 'slowest': 0.022150628564983305, 'input_scaling': 0.3786189199484331, 'bias_dist': 'foldnorm', 'bias_scaling': 0.029687121836807887, 'lr': 0.7474064946212267, 'weight_increment': 0.0011133132425291139, 'min_window': 19, 'max_window': 43, 'use_full_instance': True, 'max_partners': 20, 'homeostasis': 'mean', 'target': 0.75, 'spread': 0.375, 'learning_rate': 0.003}",ppo,300,64,0.003,,,,,,
LunarLander-v3,filterbank+hag,8,300,5.98,-16.71820222,56.64935244986334,83.35279658108851,103.24821098898072,1621,"{'decomposition': 'ema', 'n_filters': 12, 'slowest': 0.022150628564983305, 'input_scaling': 0.3786189199484331, 'bias_dist': 'foldnorm', 'bias_scaling': 0.029687121836807887, 'lr': 0.7474064946212267, 'weight_increment': 0.0011133132425291139, 'min_window': 19, 'max_window': 43, 'use_full_instance': True, 'max_partners': 20, 'homeostasis': 'mean', 'target': 0.75, 'spread': 0.375, 'learning_rate': 0.003}",ppo,300,64,0.003,,,,,,
LunarLander-v3,filterbank+hag,0,300,4.416666666666667,-146.86526020000002,133.54335395099642,-137.31622518504165,-116.11504887273902,1601,"{'decomposition': 'ema', 'n_filters': 12, 'slowest': 0.022150628564983305, 'input_scaling': 0.3786189199484331, 'bias_dist': 'foldnorm', 'bias_scaling': 0.029687121836807887, 'lr': 0.7474064946212267, 'weight_increment': 0.0011133132425291139, 'min_window': 19, 'max_window': 43, 'use_full_instance': True, 'max_partners': 20, 'homeostasis': 'mean', 'target': 0.75, 'spread': 0.375, 'learning_rate': 0.01}",ppo,300,64,0.01,,,,,,
LunarLander-v3,filterbank+hag,1,300,3.9366666666666665,19.00465546,134.01019911838145,-191.71203440250153,-105.6811368225641,1552,"{'decomposition': 'ema', 'n_filters': 12, 'slowest': 0.022150628564983305, 'input_scaling': 0.3786189199484331, 'bias_dist': 'foldnorm', 'bias_scaling': 0.029687121836807887, 'lr': 0.7474064946212267, 'weight_increment': 0.0011133132425291139, 'min_window': 19, 'max_window': 43, 'use_full_instance': True, 'max_partners': 20, 'homeostasis': 'mean', 'target': 0.75, 'spread': 0.375, 'learning_rate': 0.01}",ppo,300,64,0.01,,,,,,
LunarLander-v3,filterbank+hag,2,300,4.21,-132.18103352,55.78995772993341,-120.84201130040324,-123.29915558185056,1516,"{'decomposition': 'ema', 'n_filters': 12, 'slowest': 0.022150628564983305, 'input_scaling': 0.3786189199484331, 'bias_dist': 'foldnorm', 'bias_scaling': 0.029687121836807887, 'lr': 0.7474064946212267, 'weight_increment': 0.0011133132425291139, 'min_window': 19, 'max_window': 43, 'use_full_instance': True, 'max_partners': 20, 'homeostasis': 'mean', 'target': 0.75, 'spread': 0.375, 'learning_rate': 0.01}",ppo,300,64,0.01,,,,,,
LunarLander-v3,filterbank+hag,4,300,3.98,-135.27425430000002,119.94892795079079,-122.39724229782118,-127.15577919952827,1533,"{'decomposition': 'ema', 'n_filters': 12, 'slowest': 0.022150628564983305, 'input_scaling': 0.3786189199484331, 'bias_dist': 'foldnorm', 'bias_scaling': 0.029687121836807887, 'lr': 0.7474064946212267, 'weight_increment': 0.0011133132425291139, 'min_window': 19, 'max_window': 43, 'use_full_instance': True, 'max_partners': 20, 'homeostasis': 'mean', 'target': 0.75, 'spread': 0.375, 'learning_rate': 0.01}",ppo,300,64,0.01,,,,,,
LunarLander-v3,filterbank+hag,3,300,3.8266666666666667,-213.89482952000003,62.993074683861764,-131.95514094491105,-172.19012962566137,1551,"{'decomposition': 'ema', 'n_filters': 12, 'slowest': 0.022150628564983305, 'input_scaling': 0.3786189199484331, 'bias_dist': 'foldnorm', 'bias_scaling': 0.029687121836807887, 'lr': 0.7474064946212267, 'weight_increment': 0.0011133132425291139, 'min_window': 19, 'max_window': 43, 'use_full_instance': True, 'max_partners': 20, 'homeostasis': 'mean', 'target': 0.75, 'spread': 0.375, 'learning_rate': 0.01}",ppo,300,64,0.01,,,,,,
LunarLander-v3,filterbank+hag,6,300,4.223333333333334,-62.35928255999999,23.36842530440234,-226.10954774852232,-225.57659168817207,1554,"{'decomposition': 'ema', 'n_filters': 12, 'slowest': 0.022150628564983305, 'input_scaling': 0.3786189199484331, 'bias_dist': 'foldnorm', 'bias_scaling': 0.029687121836807887, 'lr': 0.7474064946212267, 'weight_increment': 0.0011133132425291139, 'min_window': 19, 'max_window': 43, 'use_full_instance': True, 'max_partners': 20, 'homeostasis': 'mean', 'target': 0.75, 'spread': 0.375, 'learning_rate': 0.01}",ppo,300,64,0.01,,,,,,
LunarLander-v3,filterbank+hag,8,300,5.98,-126.35847503999999,57.33025397602555,-151.78171982911616,-133.34694940915952,1536,"{'decomposition': 'ema', 'n_filters': 12, 'slowest': 0.022150628564983305, 'input_scaling': 0.3786189199484331, 'bias_dist': 'foldnorm', 'bias_scaling': 0.029687121836807887, 'lr': 0.7474064946212267, 'weight_increment': 0.0011133132425291139, 'min_window': 19, 'max_window': 43, 'use_full_instance': True, 'max_partners': 20, 'homeostasis': 'mean', 'target': 0.75, 'spread': 0.375, 'learning_rate': 0.01}",ppo,300,64,0.01,,,,,,
LunarLander-v3,filterbank+hag,5,300,4.093333333333334,-167.38736374000004,50.276912987654605,-206.01744031115638,-91.02478751528879,1587,"{'decomposition': 'ema', 'n_filters': 12, 'slowest': 0.022150628564983305, 'input_scaling': 0.3786189199484331, 'bias_dist': 'foldnorm', 'bias_scaling': 0.029687121836807887, 'lr': 0.7474064946212267, 'weight_increment': 0.0011133132425291139, 'min_window': 19, 'max_window': 43, 'use_full_instance': True, 'max_partners': 20, 'homeostasis': 'mean', 'target': 0.75, 'spread': 0.375, 'learning_rate': 0.01}",ppo,300,64,0.01,,,,,,
LunarLander-v3,filterbank+hag,7,300,4.906666666666666,-768.4213687999999,328.0470704676646,-793.5403110747509,-859.2916965939306,1583,"{'decomposition': 'ema', 'n_filters': 12, 'slowest': 0.022150628564983305, 'input_scaling': 0.3786189199484331, 'bias_dist': 'foldnorm', 'bias_scaling': 0.029687121836807887, 'lr': 0.7474064946212267, 'weight_increment': 0.0011133132425291139, 'min_window': 19, 'max_window': 43, 'use_full_instance': True, 'max_partners': 20, 'homeostasis': 'mean', 'target': 0.75, 'spread': 0.375, 'learning_rate': 0.01}",ppo,300,64,0.01,,,,,,
LunarLander-v3,filterbank+proj,0,300,0.0,257.5710218,19.402062744748108,222.9344958385229,262.695516007722,1560,"{'decomposition': 'ema', 'n_filters': 12, 'slowest': 0.022150628564983305, 'input_scaling': 0.3786189199484331, 'bias_dist': 'foldnorm', 'bias_scaling': 0.029687121836807887, 'lr': 0.7474064946212267, 'weight_increment': 0.0011133132425291139, 'min_window': 19, 'max_window': 43, 'use_full_instance': True, 'max_partners': 20, 'homeostasis': 'mean', 'target': 0.75, 'spread': 0.375, 'learning_rate': 0.0003}",ppo,300,64,0.0003,,,,,,
LunarLander-v3,filterbank+proj,1,300,0.0,-138.28317312,61.70554730440277,-44.720624441278396,-93.12346790733591,1561,"{'decomposition': 'ema', 'n_filters': 12, 'slowest': 0.022150628564983305, 'input_scaling': 0.3786189199484331, 'bias_dist': 'foldnorm', 'bias_scaling': 0.029687121836807887, 'lr': 0.7474064946212267, 'weight_increment': 0.0011133132425291139, 'min_window': 19, 'max_window': 43, 'use_full_instance': True, 'max_partners': 20, 'homeostasis': 'mean', 'target': 0.75, 'spread': 0.375, 'learning_rate': 0.0003}",ppo,300,64,0.0003,,,,,,
LunarLander-v3,filterbank+proj,4,300,0.0,-43.052322000000004,143.97512688435083,169.1812305643682,146.70057216836736,1565,"{'decomposition': 'ema', 'n_filters': 12, 'slowest': 0.022150628564983305, 'input_scaling': 0.3786189199484331, 'bias_dist': 'foldnorm', 'bias_scaling': 0.029687121836807887, 'lr': 0.7474064946212267, 'weight_increment': 0.0011133132425291139, 'min_window': 19, 'max_window': 43, 'use_full_instance': True, 'max_partners': 20, 'homeostasis': 'mean', 'target': 0.75, 'spread': 0.375, 'learning_rate': 0.0003}",ppo,300,64,0.0003,,,,,,
LunarLander-v3,filterbank+hag,9,300,5.016666666666667,-821.656555,424.3928555526998,-746.3084766855186,-868.8946466015938,1588,"{'decomposition': 'ema', 'n_filters': 12, 'slowest': 0.022150628564983305, 'input_scaling': 0.3786189199484331, 'bias_dist': 'foldnorm', 'bias_scaling': 0.029687121836807887, 'lr': 0.7474064946212267, 'weight_increment': 0.0011133132425291139, 'min_window': 19, 'max_window': 43, 'use_full_instance': True, 'max_partners': 20, 'homeostasis': 'mean', 'target': 0.75, 'spread': 0.375, 'learning_rate': 0.01}",ppo,300,64,0.01,,,,,,
LunarLander-v3,filterbank+proj,3,300,0.0,221.28605814,93.1951204386404,209.95314660400803,221.88429056550805,1571,"{'decomposition': 'ema', 'n_filters': 12, 'slowest': 0.022150628564983305, 'input_scaling': 0.3786189199484331, 'bias_dist': 'foldnorm', 'bias_scaling': 0.029687121836807887, 'lr': 0.7474064946212267, 'weight_increment': 0.0011133132425291139, 'min_window': 19, 'max_window': 43, 'use_full_instance': True, 'max_partners': 20, 'homeostasis': 'mean', 'target': 0.75, 'spread': 0.375, 'learning_rate': 0.0003}",ppo,300,64,0.0003,,,,,,
LunarLander-v3,filterbank+proj,2,300,0.0,251.21367150000003,71.29349232750258,181.14396123146327,245.3588363136289,1576,"{'decomposition': 'ema', 'n_filters': 12, 'slowest': 0.022150628564983305, 'input_scaling': 0.3786189199484331, 'bias_dist': 'foldnorm', 'bias_scaling': 0.029687121836807887, 'lr': 0.7474064946212267, 'weight_increment': 0.0011133132425291139, 'min_window': 19, 'max_window': 43, 'use_full_instance': True, 'max_partners': 20, 'homeostasis': 'mean', 'target': 0.75, 'spread': 0.375, 'learning_rate': 0.0003}",ppo,300,64,0.0003,,,,,,
LunarLander-v3,filterbank+proj,6,300,0.0,106.30024744,143.99562274290838,219.9335195621053,248.10745244342107,1551,"{'decomposition': 'ema', 'n_filters': 12, 'slowest': 0.022150628564983305, 'input_scaling': 0.3786189199484331, 'bias_dist': 'foldnorm', 'bias_scaling': 0.029687121836807887, 'lr': 0.7474064946212267, 'weight_increment': 0.0011133132425291139, 'min_window': 19, 'max_window': 43, 'use_full_instance': True, 'max_partners': 20, 'homeostasis': 'mean', 'target': 0.75, 'spread': 0.375, 'learning_rate': 0.0003}",ppo,300,64,0.0003,,,,,,
LunarLander-v3,filterbank+proj,7,300,0.0,242.23093586000002,75.28494022989018,214.48315560799657,243.21217088461535,1570,"{'decomposition': 'ema', 'n_filters': 12, 'slowest': 0.022150628564983305, 'input_scaling': 0.3786189199484331, 'bias_dist': 'foldnorm', 'bias_scaling': 0.029687121836807887, 'lr': 0.7474064946212267, 'weight_increment': 0.0011133132425291139, 'min_window': 19, 'max_window': 43, 'use_full_instance': True, 'max_partners': 20, 'homeostasis': 'mean', 'target': 0.75, 'spread': 0.375, 'learning_rate': 0.0003}",ppo,300,64,0.0003,,,,,,
LunarLander-v3,filterbank+proj,2,300,0.0,-216.82263718000002,70.73541963926488,-27.340572682154168,-38.80739175,1554,"{'decomposition': 'ema', 'n_filters': 12, 'slowest': 0.022150628564983305, 'input_scaling': 0.3786189199484331, 'bias_dist': 'foldnorm', 'bias_scaling': 0.029687121836807887, 'lr': 0.7474064946212267, 'weight_increment': 0.0011133132425291139, 'min_window': 19, 'max_window': 43, 'use_full_instance': True, 'max_partners': 20, 'homeostasis': 'mean', 'target': 0.75, 'spread': 0.375, 'learning_rate': 0.001}",ppo,300,64,0.001,,,,,,
LunarLander-v3,filterbank+proj,9,300,0.0,246.76017805999996,65.70089298158985,215.19828154897877,254.1774592892907,1578,"{'decomposition': 'ema', 'n_filters': 12, 'slowest': 0.022150628564983305, 'input_scaling': 0.3786189199484331, 'bias_dist': 'foldnorm', 'bias_scaling': 0.029687121836807887, 'lr': 0.7474064946212267, 'weight_increment': 0.0011133132425291139, 'min_window': 19, 'max_window': 43, 'use_full_instance': True, 'max_partners': 20, 'homeostasis': 'mean', 'target': 0.75, 'spread': 0.375, 'learning_rate': 0.0003}",ppo,300,64,0.0003,,,,,,
LunarLander-v3,filterbank+proj,5,300,0.0,206.66252227999996,93.22739607911768,198.88585946565433,238.01755434008678,1597,"{'decomposition': 'ema', 'n_filters': 12, 'slowest': 0.022150628564983305, 'input_scaling': 0.3786189199484331, 'bias_dist': 'foldnorm', 'bias_scaling': 0.029687121836807887, 'lr': 0.7474064946212267, 'weight_increment': 0.0011133132425291139, 'min_window': 19, 'max_window': 43, 'use_full_instance': True, 'max_partners': 20, 'homeostasis': 'mean', 'target': 0.75, 'spread': 0.375, 'learning_rate': 0.0003}",ppo,300,64,0.0003,,,,,,
LunarLander-v3,filterbank+proj,4,300,0.0,-103.214666,51.12420808003675,55.31290291696428,-39.798196005952384,1549,"{'decomposition': 'ema', 'n_filters': 12, 'slowest': 0.022150628564983305, 'input_scaling': 0.3786189199484331, 'bias_dist': 'foldnorm', 'bias_scaling': 0.029687121836807887, 'lr': 0.7474064946212267, 'weight_increment': 0.0011133132425291139, 'min_window': 19, 'max_window': 43, 'use_full_instance': True, 'max_partners': 20, 'homeostasis': 'mean', 'target': 0.75, 'spread': 0.375, 'learning_rate': 0.001}",ppo,300,64,0.001,,,,,,
LunarLander-v3,filterbank+proj,6,300,0.0,-21.329184759999997,38.15436334462852,190.6057650736286,214.64243354562043,1548,"{'decomposition': 'ema', 'n_filters': 12, 'slowest': 0.022150628564983305, 'input_scaling': 0.3786189199484331, 'bias_dist': 'foldnorm', 'bias_scaling': 0.029687121836807887, 'lr': 0.7474064946212267, 'weight_increment': 0.0011133132425291139, 'min_window': 19, 'max_window': 43, 'use_full_instance': True, 'max_partners': 20, 'homeostasis': 'mean', 'target': 0.75, 'spread': 0.375, 'learning_rate': 0.001}",ppo,300,64,0.001,,,,,,
LunarLander-v3,filterbank+proj,8,300,0.0,-143.76376388,120.5434808327014,-177.22300524365644,-110.0911941237785,1592,"{'decomposition': 'ema', 'n_filters': 12, 'slowest': 0.022150628564983305, 'input_scaling': 0.3786189199484331, 'bias_dist': 'foldnorm', 'bias_scaling': 0.029687121836807887, 'lr': 0.7474064946212267, 'weight_increment': 0.0011133132425291139, 'min_window': 19, 'max_window': 43, 'use_full_instance': True, 'max_partners': 20, 'homeostasis': 'mean', 'target': 0.75, 'spread': 0.375, 'learning_rate': 0.0003}",ppo,300,64,0.0003,,,,,,
LunarLander-v3,filterbank+proj,1,300,0.0,172.77836591999997,99.6888703055493,207.1637220436778,209.49401054591837,1587,"{'decomposition': 'ema', 'n_filters': 12, 'slowest': 0.022150628564983305, 'input_scaling': 0.3786189199484331, 'bias_dist': 'foldnorm', 'bias_scaling': 0.029687121836807887, 'lr': 0.7474064946212267, 'weight_increment': 0.0011133132425291139, 'min_window': 19, 'max_window': 43, 'use_full_instance': True, 'max_partners': 20, 'homeostasis': 'mean', 'target': 0.75, 'spread': 0.375, 'learning_rate': 0.001}",ppo,300,64,0.001,,,,,,
LunarLander-v3,filterbank+proj,0,300,0.0,259.29244156,39.872865031762444,210.662134130053,245.55893395757576,1607,"{'decomposition': 'ema', 'n_filters': 12, 'slowest': 0.022150628564983305, 'input_scaling': 0.3786189199484331, 'bias_dist': 'foldnorm', 'bias_scaling': 0.029687121836807887, 'lr': 0.7474064946212267, 'weight_increment': 0.0011133132425291139, 'min_window': 19, 'max_window': 43, 'use_full_instance': True, 'max_partners': 20, 'homeostasis': 'mean', 'target': 0.75, 'spread': 0.375, 'learning_rate': 0.001}",ppo,300,64,0.001,,,,,,
LunarLander-v3,filterbank+proj,9,300,0.0,-6.459244340000001,43.50998715136446,152.74445336408502,-41.10856765209126,1558,"{'decomposition': 'ema', 'n_filters': 12, 'slowest': 0.022150628564983305, 'input_scaling': 0.3786189199484331, 'bias_dist': 'foldnorm', 'bias_scaling': 0.029687121836807887, 'lr': 0.7474064946212267, 'weight_increment': 0.0011133132425291139, 'min_window': 19, 'max_window': 43, 'use_full_instance': True, 'max_partners': 20, 'homeostasis': 'mean', 'target': 0.75, 'spread': 0.375, 'learning_rate': 0.001}",ppo,300,64,0.001,,,,,,
LunarLander-v3,filterbank+proj,5,300,0.0,157.31385504,114.45488754414802,142.17076712603722,-42.72942042921346,1576,"{'decomposition': 'ema', 'n_filters': 12, 'slowest': 0.022150628564983305, 'input_scaling': 0.3786189199484331, 'bias_dist': 'foldnorm', 'bias_scaling': 0.029687121836807887, 'lr': 0.7474064946212267, 'weight_increment': 0.0011133132425291139, 'min_window': 19, 'max_window': 43, 'use_full_instance': True, 'max_partners': 20, 'homeostasis': 'mean', 'target': 0.75, 'spread': 0.375, 'learning_rate': 0.001}",ppo,300,64,0.001,,,,,,
LunarLander-v3,filterbank+proj,8,300,0.0,20.6782141,120.25922593832415,174.24257112208227,169.47386375695734,1576,"{'decomposition': 'ema', 'n_filters': 12, 'slowest': 0.022150628564983305, 'input_scaling': 0.3786189199484331, 'bias_dist': 'foldnorm', 'bias_scaling': 0.029687121836807887, 'lr': 0.7474064946212267, 'weight_increment': 0.0011133132425291139, 'min_window': 19, 'max_window': 43, 'use_full_instance': True, 'max_partners': 20, 'homeostasis': 'mean', 'target': 0.75, 'spread': 0.375, 'learning_rate': 0.001}",ppo,300,64,0.001,,,,,,
LunarLander-v3,filterbank+proj,3,300,0.0,124.08980014000001,132.88068172928186,184.40856617741937,186.98223848958332,1597,"{'decomposition': 'ema', 'n_filters': 12, 'slowest': 0.022150628564983305, 'input_scaling': 0.3786189199484331, 'bias_dist': 'foldnorm', 'bias_scaling': 0.029687121836807887, 'lr': 0.7474064946212267, 'weight_increment': 0.0011133132425291139, 'min_window': 19, 'max_window': 43, 'use_full_instance': True, 'max_partners': 20, 'homeostasis': 'mean', 'target': 0.75, 'spread': 0.375, 'learning_rate': 0.001}",ppo,300,64,0.001,,,,,,
LunarLander-v3,filterbank+proj,1,300,0.0,-170.3051285,95.23446139817798,13.259508858425622,-4.415401092814373,1568,"{'decomposition': 'ema', 'n_filters': 12, 'slowest': 0.022150628564983305, 'input_scaling': 0.3786189199484331, 'bias_dist': 'foldnorm', 'bias_scaling': 0.029687121836807887, 'lr': 0.7474064946212267, 'weight_increment': 0.0011133132425291139, 'min_window': 19, 'max_window': 43, 'use_full_instance': True, 'max_partners': 20, 'homeostasis': 'mean', 'target': 0.75, 'spread': 0.375, 'learning_rate': 0.003}",ppo,300,64,0.003,,,,,,
LunarLander-v3,filterbank+proj,7,300,0.0,134.77923192,142.2220700531836,176.4054794858704,223.44099492641507,1595,"{'decomposition': 'ema', 'n_filters': 12, 'slowest': 0.022150628564983305, 'input_scaling': 0.3786189199484331, 'bias_dist': 'foldnorm', 'bias_scaling': 0.029687121836807887, 'lr': 0.7474064946212267, 'weight_increment': 0.0011133132425291139, 'min_window': 19, 'max_window': 43, 'use_full_instance': True, 'max_partners': 20, 'homeostasis': 'mean', 'target': 0.75, 'spread': 0.375, 'learning_rate': 0.001}",ppo,300,64,0.001,,,,,,
LunarLander-v3,filterbank+proj,0,300,0.0,-5080.46859108,2662.0628474849896,78.70252122019781,16.88939681770832,1588,"{'decomposition': 'ema', 'n_filters': 12, 'slowest': 0.022150628564983305, 'input_scaling': 0.3786189199484331, 'bias_dist': 'foldnorm', 'bias_scaling': 0.029687121836807887, 'lr': 0.7474064946212267, 'weight_increment': 0.0011133132425291139, 'min_window': 19, 'max_window': 43, 'use_full_instance': True, 'max_partners': 20, 'homeostasis': 'mean', 'target': 0.75, 'spread': 0.375, 'learning_rate': 0.003}",ppo,300,64,0.003,,,,,,
LunarLander-v3,filterbank+proj,5,300,0.0,219.51072428,83.965709049537,99.94617788268744,184.47040593459917,1548,"{'decomposition': 'ema', 'n_filters': 12, 'slowest': 0.022150628564983305, 'input_scaling': 0.3786189199484331, 'bias_dist': 'foldnorm', 'bias_scaling': 0.029687121836807887, 'lr': 0.7474064946212267, 'weight_increment': 0.0011133132425291139, 'min_window': 19, 'max_window': 43, 'use_full_instance': True, 'max_partners': 20, 'homeostasis': 'mean', 'target': 0.75, 'spread': 0.375, 'learning_rate': 0.003}",ppo,300,64,0.003,,,,,,
LunarLander-v3,filterbank+proj,2,300,0.0,129.30944866,104.82861855361543,100.01067162686567,127.68397829310345,1581,"{'decomposition': 'ema', 'n_filters': 12, 'slowest': 0.022150628564983305, 'input_scaling': 0.3786189199484331, 'bias_dist': 'foldnorm', 'bias_scaling': 0.029687121836807887, 'lr': 0.7474064946212267, 'weight_increment': 0.0011133132425291139, 'min_window': 19, 'max_window': 43, 'use_full_instance': True, 'max_partners': 20, 'homeostasis': 'mean', 'target': 0.75, 'spread': 0.375, 'learning_rate': 0.003}",ppo,300,64,0.003,,,,,,
LunarLander-v3,filterbank+proj,4,300,0.0,-143.48180657999998,94.04214808128539,-11.681317223545424,-40.99549701023891,1574,"{'decomposition': 'ema', 'n_filters': 12, 'slowest': 0.022150628564983305, 'input_scaling': 0.3786189199484331, 'bias_dist': 'foldnorm', 'bias_scaling': 0.029687121836807887, 'lr': 0.7474064946212267, 'weight_increment': 0.0011133132425291139, 'min_window': 19, 'max_window': 43, 'use_full_instance': True, 'max_partners': 20, 'homeostasis': 'mean', 'target': 0.75, 'spread': 0.375, 'learning_rate': 0.003}",ppo,300,64,0.003,,,,,,
LunarLander-v3,filterbank+proj,6,300,0.0,85.38810538000001,158.18628259455747,68.25196231720132,60.13536889750692,1584,"{'decomposition': 'ema', 'n_filters': 12, 'slowest': 0.022150628564983305, 'input_scaling': 0.3786189199484331, 'bias_dist': 'foldnorm', 'bias_scaling': 0.029687121836807887, 'lr': 0.7474064946212267, 'weight_increment': 0.0011133132425291139, 'min_window': 19, 'max_window': 43, 'use_full_instance': True, 'max_partners': 20, 'homeostasis': 'mean', 'target': 0.75, 'spread': 0.375, 'learning_rate': 0.003}",ppo,300,64,0.003,,,,,,
LunarLander-v3,filterbank+proj,8,300,0.0,102.79755236000001,145.29113284124813,-61.4041749972015,62.56880583177569,1572,"{'decomposition': 'ema', 'n_filters': 12, 'slowest': 0.022150628564983305, 'input_scaling': 0.3786189199484331, 'bias_dist': 'foldnorm', 'bias_scaling': 0.029687121836807887, 'lr': 0.7474064946212267, 'weight_increment': 0.0011133132425291139, 'min_window': 19, 'max_window': 43, 'use_full_instance': True, 'max_partners': 20, 'homeostasis': 'mean', 'target': 0.75, 'spread': 0.375, 'learning_rate': 0.003}",ppo,300,64,0.003,,,,,,
LunarLander-v3,filterbank+proj,9,300,0.0,59.0183738,176.56741020780527,117.99281541088739,44.43803106716418,1587,"{'decomposition': 'ema', 'n_filters': 12, 'slowest': 0.022150628564983305, 'input_scaling': 0.3786189199484331, 'bias_dist': 'foldnorm', 'bias_scaling': 0.029687121836807887, 'lr': 0.7474064946212267, 'weight_increment': 0.0011133132425291139, 'min_window': 19, 'max_window': 43, 'use_full_instance': True, 'max_partners': 20, 'homeostasis': 'mean', 'target': 0.75, 'spread': 0.375, 'learning_rate': 0.003}",ppo,300,64,0.003,,,,,,
LunarLander-v3,filterbank+proj,3,300,0.0,-109.55596578000001,101.50086332822171,100.11783135295737,5.877363944903584,1620,"{'decomposition': 'ema', 'n_filters': 12, 'slowest': 0.022150628564983305, 'input_scaling': 0.3786189199484331, 'bias_dist': 'foldnorm', 'bias_scaling': 0.029687121836807887, 'lr': 0.7474064946212267, 'weight_increment': 0.0011133132425291139, 'min_window': 19, 'max_window': 43, 'use_full_instance': True, 'max_partners': 20, 'homeostasis': 'mean', 'target': 0.75, 'spread': 0.375, 'learning_rate': 0.003}",ppo,300,64,0.003,,,,,,
LunarLander-v3,filterbank+proj,0,300,0.0,-183.27852812,124.84835424819073,-156.50876528347482,-195.55116273493152,1588,"{'decomposition': 'ema', 'n_filters': 12, 'slowest': 0.022150628564983305, 'input_scaling': 0.3786189199484331, 'bias_dist': 'foldnorm', 'bias_scaling': 0.029687121836807887, 'lr': 0.7474064946212267, 'weight_increment': 0.0011133132425291139, 'min_window': 19, 'max_window': 43, 'use_full_instance': True, 'max_partners': 20, 'homeostasis': 'mean', 'target': 0.75, 'spread': 0.375, 'learning_rate': 0.01}",ppo,300,64,0.01,,,,,,
LunarLander-v3,filterbank+proj,7,300,0.0,-35.046846800000004,33.90133414452156,102.51563694435035,63.062276515738496,1608,"{'decomposition': 'ema', 'n_filters': 12, 'slowest': 0.022150628564983305, 'input_scaling': 0.3786189199484331, 'bias_dist': 'foldnorm', 'bias_scaling': 0.029687121836807887, 'lr': 0.7474064946212267, 'weight_increment': 0.0011133132425291139, 'min_window': 19, 'max_window': 43, 'use_full_instance': True, 'max_partners': 20, 'homeostasis': 'mean', 'target': 0.75, 'spread': 0.375, 'learning_rate': 0.003}",ppo,300,64,0.003,,,,,,
LunarLander-v3,filterbank+proj,1,300,0.0,-114.22928300000001,104.13926655719058,-157.66879934554026,-109.25733200393081,1608,"{'decomposition': 'ema', 'n_filters': 12, 'slowest': 0.022150628564983305, 'input_scaling': 0.3786189199484331, 'bias_dist': 'foldnorm', 'bias_scaling': 0.029687121836807887, 'lr': 0.7474064946212267, 'weight_increment': 0.0011133132425291139, 'min_window': 19, 'max_window': 43, 'use_full_instance': True, 'max_partners': 20, 'homeostasis': 'mean', 'target': 0.75, 'spread': 0.375, 'learning_rate': 0.01}",ppo,300,64,0.01,,,,,,
LunarLander-v3,filterbank+proj,4,300,0.0,-115.98988346,88.72945034060514,-143.1440323596098,-115.8613274238629,1599,"{'decomposition': 'ema', 'n_filters': 12, 'slowest': 0.022150628564983305, 'input_scaling': 0.3786189199484331, 'bias_dist': 'foldnorm', 'bias_scaling': 0.029687121836807887, 'lr': 0.7474064946212267, 'weight_increment': 0.0011133132425291139, 'min_window': 19, 'max_window': 43, 'use_full_instance': True, 'max_partners': 20, 'homeostasis': 'mean', 'target': 0.75, 'spread': 0.375, 'learning_rate': 0.01}",ppo,300,64,0.01,,,,,,
LunarLander-v3,filterbank+proj,3,300,0.0,-763.0812430599998,349.99566545576414,-789.4990513360876,-857.2991379892183,1625,"{'decomposition': 'ema', 'n_filters': 12, 'slowest': 0.022150628564983305, 'input_scaling': 0.3786189199484331, 'bias_dist': 'foldnorm', 'bias_scaling': 0.029687121836807887, 'lr': 0.7474064946212267, 'weight_increment': 0.0011133132425291139, 'min_window': 19, 'max_window': 43, 'use_full_instance': True, 'max_partners': 20, 'homeostasis': 'mean', 'target': 0.75, 'spread': 0.375, 'learning_rate': 0.01}",ppo,300,64,0.01,,,,,,
LunarLander-v3,filterbank+proj,2,300,0.0,-64.43648596,22.727913746962248,-224.9397991607053,-181.89192566218486,1642,"{'decomposition': 'ema', 'n_filters': 12, 'slowest': 0.022150628564983305, 'input_scaling': 0.3786189199484331, 'bias_dist': 'foldnorm', 'bias_scaling': 0.029687121836807887, 'lr': 0.7474064946212267, 'weight_increment': 0.0011133132425291139, 'min_window': 19, 'max_window': 43, 'use_full_instance': True, 'max_partners': 20, 'homeostasis': 'mean', 'target': 0.75, 'spread': 0.375, 'learning_rate': 0.01}",ppo,300,64,0.01,,,,,,
LunarLander-v3,filterbank+proj,8,300,0.0,-175.30742924000003,106.46977489128881,-132.05249952064446,-103.88303088780171,1595,"{'decomposition': 'ema', 'n_filters': 12, 'slowest': 0.022150628564983305, 'input_scaling': 0.3786189199484331, 'bias_dist': 'foldnorm', 'bias_scaling': 0.029687121836807887, 'lr': 0.7474064946212267, 'weight_increment': 0.0011133132425291139, 'min_window': 19, 'max_window': 43, 'use_full_instance': True, 'max_partners': 20, 'homeostasis': 'mean', 'target': 0.75, 'spread': 0.375, 'learning_rate': 0.01}",ppo,300,64,0.01,,,,,,
LunarLander-v3,filterbank+proj,6,300,0.0,-125.1312514,80.08145111677682,-139.7222076765852,-121.34776771215076,1611,"{'decomposition': 'ema', 'n_filters': 12, 'slowest': 0.022150628564983305, 'input_scaling': 0.3786189199484331, 'bias_dist': 'foldnorm', 'bias_scaling': 0.029687121836807887, 'lr': 0.7474064946212267, 'weight_increment': 0.0011133132425291139, 'min_window': 19, 'max_window': 43, 'use_full_instance': True, 'max_partners': 20, 'homeostasis': 'mean', 'target': 0.75, 'spread': 0.375, 'learning_rate': 0.01}",ppo,300,64,0.01,,,,,,
LunarLander-v3,filterbank+proj,5,300,0.0,-139.8070557,30.57222116028849,-192.25363930085334,-123.0105246998012,1640,"{'decomposition': 'ema', 'n_filters': 12, 'slowest': 0.022150628564983305, 'input_scaling': 0.3786189199484331, 'bias_dist': 'foldnorm', 'bias_scaling': 0.029687121836807887, 'lr': 0.7474064946212267, 'weight_increment': 0.0011133132425291139, 'min_window': 19, 'max_window': 43, 'use_full_instance': True, 'max_partners': 20, 'homeostasis': 'mean', 'target': 0.75, 'spread': 0.375, 'learning_rate': 0.01}",ppo,300,64,0.01,,,,,,
LunarLander-v3,filterbank+proj,7,300,0.0,-56.99553898,40.11652177890727,-358.97478344580054,-132.79491032298137,1626,"{'decomposition': 'ema', 'n_filters': 12, 'slowest': 0.022150628564983305, 'input_scaling': 0.3786189199484331, 'bias_dist': 'foldnorm', 'bias_scaling': 0.029687121836807887, 'lr': 0.7474064946212267, 'weight_increment': 0.0011133132425291139, 'min_window': 19, 'max_window': 43, 'use_full_instance': True, 'max_partners': 20, 'homeostasis': 'mean', 'target': 0.75, 'spread': 0.375, 'learning_rate': 0.01}",ppo,300,64,0.01,,,,,,
LunarLander-v3,filterbank+proj,9,300,0.0,-151.31325266000002,103.67852983972094,-150.40827124649726,-151.28821242857146,1540,"{'decomposition': 'ema', 'n_filters': 12, 'slowest': 0.022150628564983305, 'input_scaling': 0.3786189199484331, 'bias_dist': 'foldnorm', 'bias_scaling': 0.029687121836807887, 'lr': 0.7474064946212267, 'weight_increment': 0.0011133132425291139, 'min_window': 19, 'max_window': 43, 'use_full_instance': True, 'max_partners': 20, 'homeostasis': 'mean', 'target': 0.75, 'spread': 0.375, 'learning_rate': 0.01}",ppo,300,64,0.01,,,,,,
LunarLander-v3,filterbank+esn,0,300,3.9966666666666666,-71.07827269999999,51.59837329315844,122.70315300121044,157.864969133218,1310,"{'decomposition': 'ema', 'n_filters': 12, 'slowest': 0.007278775282470501, 'input_scaling': 0.4150388723567341, 'bias_dist': 'foldnorm', 'bias_scaling': 0.04616118346075944, 'lr': 0.9174645206815777, 'sr': 0.7122598989576099, 'rc_connectivity': 0.013316681518519325, 'learning_rate': 0.0003}",ppo,300,linear,0.0003,,,,,,
LunarLander-v3,filterbank+esn,2,300,3.9966666666666666,-118.33066342000001,120.1977468532174,107.56458537025061,130.2104574708738,1323,"{'decomposition': 'ema', 'n_filters': 12, 'slowest': 0.007278775282470501, 'input_scaling': 0.4150388723567341, 'bias_dist': 'foldnorm', 'bias_scaling': 0.04616118346075944, 'lr': 0.9174645206815777, 'sr': 0.7122598989576099, 'rc_connectivity': 0.013316681518519325, 'learning_rate': 0.0003}",ppo,300,linear,0.0003,,,,,,
LunarLander-v3,filterbank+esn,1,300,3.9966666666666666,130.14580374,122.42410314096055,77.22836541448297,204.5918435423729,1349,"{'decomposition': 'ema', 'n_filters': 12, 'slowest': 0.007278775282470501, 'input_scaling': 0.4150388723567341, 'bias_dist': 'foldnorm', 'bias_scaling': 0.04616118346075944, 'lr': 0.9174645206815777, 'sr': 0.7122598989576099, 'rc_connectivity': 0.013316681518519325, 'learning_rate': 0.0003}",ppo,300,linear,0.0003,,,,,,
LunarLander-v3,filterbank+esn,3,300,3.9966666666666666,32.26139622,160.27008644111152,111.4748566048197,180.94411788203266,1327,"{'decomposition': 'ema', 'n_filters': 12, 'slowest': 0.007278775282470501, 'input_scaling': 0.4150388723567341, 'bias_dist': 'foldnorm', 'bias_scaling': 0.04616118346075944, 'lr': 0.9174645206815777, 'sr': 0.7122598989576099, 'rc_connectivity': 0.013316681518519325, 'learning_rate': 0.0003}",ppo,300,linear,0.0003,,,,,,
LunarLander-v3,filterbank+esn,4,300,3.9966666666666666,142.60733466,102.88619063776801,92.30531579987512,181.494853040625,1330,"{'decomposition': 'ema', 'n_filters': 12, 'slowest': 0.007278775282470501, 'input_scaling': 0.4150388723567341, 'bias_dist': 'foldnorm', 'bias_scaling': 0.04616118346075944, 'lr': 0.9174645206815777, 'sr': 0.7122598989576099, 'rc_connectivity': 0.013316681518519325, 'learning_rate': 0.0003}",ppo,300,linear,0.0003,,,,,,
LunarLander-v3,filterbank+esn,5,300,3.9966666666666666,-152.35403642,85.32594752621819,121.22560287067051,188.43177433276452,1347,"{'decomposition': 'ema', 'n_filters': 12, 'slowest': 0.007278775282470501, 'input_scaling': 0.4150388723567341, 'bias_dist': 'foldnorm', 'bias_scaling': 0.04616118346075944, 'lr': 0.9174645206815777, 'sr': 0.7122598989576099, 'rc_connectivity': 0.013316681518519325, 'learning_rate': 0.0003}",ppo,300,linear,0.0003,,,,,,
LunarLander-v3,filterbank+esn,6,300,3.9966666666666666,108.14042332,101.56062254461035,56.420032033893044,126.83372499688473,1346,"{'decomposition': 'ema', 'n_filters': 12, 'slowest': 0.007278775282470501, 'input_scaling': 0.4150388723567341, 'bias_dist': 'foldnorm', 'bias_scaling': 0.04616118346075944, 'lr': 0.9174645206815777, 'sr': 0.7122598989576099, 'rc_connectivity': 0.013316681518519325, 'learning_rate': 0.0003}",ppo,300,linear,0.0003,,,,,,
LunarLander-v3,filterbank+esn,1,300,3.9966666666666666,-134.93619808000003,81.3396978554464,92.6149458463469,81.94198553910616,1311,"{'decomposition': 'ema', 'n_filters': 12, 'slowest': 0.007278775282470501, 'input_scaling': 0.4150388723567341, 'bias_dist': 'foldnorm', 'bias_scaling': 0.04616118346075944, 'lr': 0.9174645206815777, 'sr': 0.7122598989576099, 'rc_connectivity': 0.013316681518519325, 'learning_rate': 0.001}",ppo,300,linear,0.001,,,,,,
LunarLander-v3,filterbank+esn,7,300,3.9966666666666666,153.34262855999998,123.2998691751189,118.5823370313427,210.76794441001854,1336,"{'decomposition': 'ema', 'n_filters': 12, 'slowest': 0.007278775282470501, 'input_scaling': 0.4150388723567341, 'bias_dist': 'foldnorm', 'bias_scaling': 0.04616118346075944, 'lr': 0.9174645206815777, 'sr': 0.7122598989576099, 'rc_connectivity': 0.013316681518519325, 'learning_rate': 0.0003}",ppo,300,linear,0.0003,,,,,,
LunarLander-v3,filterbank+esn,0,300,3.9966666666666666,96.88632369999999,120.525606265412,149.4754706142646,150.21512508033828,1325,"{'decomposition': 'ema', 'n_filters': 12, 'slowest': 0.007278775282470501, 'input_scaling': 0.4150388723567341, 'bias_dist': 'foldnorm', 'bias_scaling': 0.04616118346075944, 'lr': 0.9174645206815777, 'sr': 0.7122598989576099, 'rc_connectivity': 0.013316681518519325, 'learning_rate': 0.001}",ppo,300,linear,0.001,,,,,,
LunarLander-v3,filterbank+esn,3,300,3.9966666666666666,-100.86258733999999,25.452049214752016,88.60830250287277,84.53983655890411,1320,"{'decomposition': 'ema', 'n_filters': 12, 'slowest': 0.007278775282470501, 'input_scaling': 0.4150388723567341, 'bias_dist': 'foldnorm', 'bias_scaling': 0.04616118346075944, 'lr': 0.9174645206815777, 'sr': 0.7122598989576099, 'rc_connectivity': 0.013316681518519325, 'learning_rate': 0.001}",ppo,300,linear,0.001,,,,,,
LunarLander-v3,filterbank+esn,8,300,3.9966666666666666,-186.26248772000002,28.997299687082258,109.28358280686238,144.48158002477876,1349,"{'decomposition': 'ema', 'n_filters': 12, 'slowest': 0.007278775282470501, 'input_scaling': 0.4150388723567341, 'bias_dist': 'foldnorm', 'bias_scaling': 0.04616118346075944, 'lr': 0.9174645206815777, 'sr': 0.7122598989576099, 'rc_connectivity': 0.013316681518519325, 'learning_rate': 0.0003}",ppo,300,linear,0.0003,,,,,,
LunarLander-v3,filterbank+esn,2,300,3.9966666666666666,134.4758131,91.31965530100838,128.01083832480924,120.7423734090909,1333,"{'decomposition': 'ema', 'n_filters': 12, 'slowest': 0.007278775282470501, 'input_scaling': 0.4150388723567341, 'bias_dist': 'foldnorm', 'bias_scaling': 0.04616118346075944, 'lr': 0.9174645206815777, 'sr': 0.7122598989576099, 'rc_connectivity': 0.013316681518519325, 'learning_rate': 0.001}",ppo,300,linear,0.001,,,,,,
LunarLander-v3,filterbank+esn,9,300,3.9966666666666666,140.51198746,151.40744219149107,86.79925391079166,217.09487387573964,1351,"{'decomposition': 'ema', 'n_filters': 12, 'slowest': 0.007278775282470501, 'input_scaling': 0.4150388723567341, 'bias_dist': 'foldnorm', 'bias_scaling': 0.04616118346075944, 'lr': 0.9174645206815777, 'sr': 0.7122598989576099, 'rc_connectivity': 0.013316681518519325, 'learning_rate': 0.0003}",ppo,300,linear,0.0003,,,,,,
LunarLander-v3,filterbank+esn,4,300,3.9966666666666666,-105.88417772000001,31.896860714103912,93.30837716017588,94.27063507547172,1331,"{'decomposition': 'ema', 'n_filters': 12, 'slowest': 0.007278775282470501, 'input_scaling': 0.4150388723567341, 'bias_dist': 'foldnorm', 'bias_scaling': 0.04616118346075944, 'lr': 0.9174645206815777, 'sr': 0.7122598989576099, 'rc_connectivity': 0.013316681518519325, 'learning_rate': 0.001}",ppo,300,linear,0.001,,,,,,
LunarLander-v3,filterbank+esn,8,300,3.9966666666666666,-92.39432753999999,47.70920194575708,116.57176320715382,171.29107368571425,1310,"{'decomposition': 'ema', 'n_filters': 12, 'slowest': 0.007278775282470501, 'input_scaling': 0.4150388723567341, 'bias_dist': 'foldnorm', 'bias_scaling': 0.04616118346075944, 'lr': 0.9174645206815777, 'sr': 0.7122598989576099, 'rc_connectivity': 0.013316681518519325, 'learning_rate': 0.001}",ppo,300,linear,0.001,,,,,,
LunarLander-v3,filterbank+esn,5,300,3.9966666666666666,3.6171487200000003,126.06181586119169,132.748465962963,163.80659831696428,1340,"{'decomposition': 'ema', 'n_filters': 12, 'slowest': 0.007278775282470501, 'input_scaling': 0.4150388723567341, 'bias_dist': 'foldnorm', 'bias_scaling': 0.04616118346075944, 'lr': 0.9174645206815777, 'sr': 0.7122598989576099, 'rc_connectivity': 0.013316681518519325, 'learning_rate': 0.001}",ppo,300,linear,0.001,,,,,,
LunarLander-v3,filterbank+esn,9,300,3.9966666666666666,-160.76306008,67.18162422732706,111.82955366809975,141.43034583655913,1329,"{'decomposition': 'ema', 'n_filters': 12, 'slowest': 0.007278775282470501, 'input_scaling': 0.4150388723567341, 'bias_dist': 'foldnorm', 'bias_scaling': 0.04616118346075944, 'lr': 0.9174645206815777, 'sr': 0.7122598989576099, 'rc_connectivity': 0.013316681518519325, 'learning_rate': 0.001}",ppo,300,linear,0.001,,,,,,
LunarLander-v3,filterbank+esn,0,300,3.9966666666666666,-14.751897520000002,121.37716394596609,106.13967615901248,73.87132451861703,1328,"{'decomposition': 'ema', 'n_filters': 12, 'slowest': 0.007278775282470501, 'input_scaling': 0.4150388723567341, 'bias_dist': 'foldnorm', 'bias_scaling': 0.04616118346075944, 'lr': 0.9174645206815777, 'sr': 0.7122598989576099, 'rc_connectivity': 0.013316681518519325, 'learning_rate': 0.003}",ppo,300,linear,0.003,,,,,,
LunarLander-v3,filterbank+esn,1,300,3.9966666666666666,-101.16063388,18.85843169085571,40.91297183295783,-25.762555367741935,1327,"{'decomposition': 'ema', 'n_filters': 12, 'slowest': 0.007278775282470501, 'input_scaling': 0.4150388723567341, 'bias_dist': 'foldnorm', 'bias_scaling': 0.04616118346075944, 'lr': 0.9174645206815777, 'sr': 0.7122598989576099, 'rc_connectivity': 0.013316681518519325, 'learning_rate': 0.003}",ppo,300,linear,0.003,,,,,,
LunarLander-v3,filterbank+esn,3,300,3.9966666666666666,-74.61977902000001,17.974214173426176,2.2798800955457326,-49.00364015986395,1314,"{'decomposition': 'ema', 'n_filters': 12, 'slowest': 0.007278775282470501, 'input_scaling': 0.4150388723567341, 'bias_dist': 'foldnorm', 'bias_scaling': 0.04616118346075944, 'lr': 0.9174645206815777, 'sr': 0.7122598989576099, 'rc_connectivity': 0.013316681518519325, 'learning_rate': 0.003}",ppo,300,linear,0.003,,,,,,
LunarLander-v3,filterbank+esn,6,300,3.9966666666666666,-134.5922833,40.000648296992125,128.69017121343597,61.02844215186915,1353,"{'decomposition': 'ema', 'n_filters': 12, 'slowest': 0.007278775282470501, 'input_scaling': 0.4150388723567341, 'bias_dist': 'foldnorm', 'bias_scaling': 0.04616118346075944, 'lr': 0.9174645206815777, 'sr': 0.7122598989576099, 'rc_connectivity': 0.013316681518519325, 'learning_rate': 0.001}",ppo,300,linear,0.001,,,,,,
LunarLander-v3,filterbank+esn,7,300,3.9966666666666666,-75.16224867999999,118.38254447155008,117.59685273172462,126.26108453791468,1359,"{'decomposition': 'ema', 'n_filters': 12, 'slowest': 0.007278775282470501, 'input_scaling': 0.4150388723567341, 'bias_dist': 'foldnorm', 'bias_scaling': 0.04616118346075944, 'lr': 0.9174645206815777, 'sr': 0.7122598989576099, 'rc_connectivity': 0.013316681518519325, 'learning_rate': 0.001}",ppo,300,linear,0.001,,,,,,
LunarLander-v3,filterbank+esn,5,300,3.9966666666666666,-160.40863176000002,66.35755903072335,96.7790944114771,-1.1958591623711323,1321,"{'decomposition': 'ema', 'n_filters': 12, 'slowest': 0.007278775282470501, 'input_scaling': 0.4150388723567341, 'bias_dist': 'foldnorm', 'bias_scaling': 0.04616118346075944, 'lr': 0.9174645206815777, 'sr': 0.7122598989576099, 'rc_connectivity': 0.013316681518519325, 'learning_rate': 0.003}",ppo,300,linear,0.003,,,,,,
LunarLander-v3,filterbank+esn,7,300,3.9966666666666666,-65.76488036,29.82374605048705,49.48649573933103,35.271133820809254,1313,"{'decomposition': 'ema', 'n_filters': 12, 'slowest': 0.007278775282470501, 'input_scaling': 0.4150388723567341, 'bias_dist': 'foldnorm', 'bias_scaling': 0.04616118346075944, 'lr': 0.9174645206815777, 'sr': 0.7122598989576099, 'rc_connectivity': 0.013316681518519325, 'learning_rate': 0.003}",ppo,300,linear,0.003,,,,,,
LunarLander-v3,filterbank+esn,2,300,3.9966666666666666,-91.30847969999999,50.528738956831944,103.8062728792258,39.14286142377261,1352,"{'decomposition': 'ema', 'n_filters': 12, 'slowest': 0.007278775282470501, 'input_scaling': 0.4150388723567341, 'bias_dist': 'foldnorm', 'bias_scaling': 0.04616118346075944, 'lr': 0.9174645206815777, 'sr': 0.7122598989576099, 'rc_connectivity': 0.013316681518519325, 'learning_rate': 0.003}",ppo,300,linear,0.003,,,,,,
LunarLander-v3,filterbank+esn,9,300,3.9966666666666666,-127.06078272000002,54.524096972342896,10.948006372290283,-73.75251583962263,1308,"{'decomposition': 'ema', 'n_filters': 12, 'slowest': 0.007278775282470501, 'input_scaling': 0.4150388723567341, 'bias_dist': 'foldnorm', 'bias_scaling': 0.04616118346075944, 'lr': 0.9174645206815777, 'sr': 0.7122598989576099, 'rc_connectivity': 0.013316681518519325, 'learning_rate': 0.003}",ppo,300,linear,0.003,,,,,,
LunarLander-v3,filterbank+esn,4,300,3.9966666666666666,-132.62064288,85.66586328713319,90.39173165542489,-3.8186565644444435,1352,"{'decomposition': 'ema', 'n_filters': 12, 'slowest': 0.007278775282470501, 'input_scaling': 0.4150388723567341, 'bias_dist': 'foldnorm', 'bias_scaling': 0.04616118346075944, 'lr': 0.9174645206815777, 'sr': 0.7122598989576099, 'rc_connectivity': 0.013316681518519325, 'learning_rate': 0.003}",ppo,300,linear,0.003,,,,,,
LunarLander-v3,filterbank+esn,0,300,3.9966666666666666,-117.01907736,28.79372383740178,-59.980602237181856,-76.74042092619925,1316,"{'decomposition': 'ema', 'n_filters': 12, 'slowest': 0.007278775282470501, 'input_scaling': 0.4150388723567341, 'bias_dist': 'foldnorm', 'bias_scaling': 0.04616118346075944, 'lr': 0.9174645206815777, 'sr': 0.7122598989576099, 'rc_connectivity': 0.013316681518519325, 'learning_rate': 0.01}",ppo,300,linear,0.01,,,,,,
LunarLander-v3,filterbank+esn,6,300,3.9966666666666666,-40.888869760000006,38.55511998161161,81.29384328739347,63.62812927058824,1346,"{'decomposition': 'ema', 'n_filters': 12, 'slowest': 0.007278775282470501, 'input_scaling': 0.4150388723567341, 'bias_dist': 'foldnorm', 'bias_scaling': 0.04616118346075944, 'lr': 0.9174645206815777, 'sr': 0.7122598989576099, 'rc_connectivity': 0.013316681518519325, 'learning_rate': 0.003}",ppo,300,linear,0.003,,,,,,
LunarLander-v3,filterbank+esn,1,300,3.9966666666666666,-144.10141345999997,88.46241534964352,-86.90132739705355,-85.88590036330936,1319,"{'decomposition': 'ema', 'n_filters': 12, 'slowest': 0.007278775282470501, 'input_scaling': 0.4150388723567341, 'bias_dist': 'foldnorm', 'bias_scaling': 0.04616118346075944, 'lr': 0.9174645206815777, 'sr': 0.7122598989576099, 'rc_connectivity': 0.013316681518519325, 'learning_rate': 0.01}",ppo,300,linear,0.01,,,,,,
LunarLander-v3,filterbank+esn,4,300,3.9966666666666666,-904.84704328,1046.90469709752,-409.78046885327694,-890.258548243129,1300,"{'decomposition': 'ema', 'n_filters': 12, 'slowest': 0.007278775282470501, 'input_scaling': 0.4150388723567341, 'bias_dist': 'foldnorm', 'bias_scaling': 0.04616118346075944, 'lr': 0.9174645206815777, 'sr': 0.7122598989576099, 'rc_connectivity': 0.013316681518519325, 'learning_rate': 0.01}",ppo,300,linear,0.01,,,,,,
LunarLander-v3,filterbank+esn,8,300,3.9966666666666666,-88.17382288,66.19036179616838,88.27008198037612,74.5407662704918,1353,"{'decomposition': 'ema', 'n_filters': 12, 'slowest': 0.007278775282470501, 'input_scaling': 0.4150388723567341, 'bias_dist': 'foldnorm', 'bias_scaling': 0.04616118346075944, 'lr': 0.9174645206815777, 'sr': 0.7122598989576099, 'rc_connectivity': 0.013316681518519325, 'learning_rate': 0.003}",ppo,300,linear,0.003,,,,,,
LunarLander-v3,filterbank+esn,2,300,3.9966666666666666,-1067.04600014,768.3771133339566,-408.84768202274364,-1808.7609701510792,1319,"{'decomposition': 'ema', 'n_filters': 12, 'slowest': 0.007278775282470501, 'input_scaling': 0.4150388723567341, 'bias_dist': 'foldnorm', 'bias_scaling': 0.04616118346075944, 'lr': 0.9174645206815777, 'sr': 0.7122598989576099, 'rc_connectivity': 0.013316681518519325, 'learning_rate': 0.01}",ppo,300,linear,0.01,,,,,,
LunarLander-v3,filterbank+esn,3,300,3.9966666666666666,-274.0667811,182.74701047704733,-53.46196869738058,-554.9614940185185,1329,"{'decomposition': 'ema', 'n_filters': 12, 'slowest': 0.007278775282470501, 'input_scaling': 0.4150388723567341, 'bias_dist': 'foldnorm', 'bias_scaling': 0.04616118346075944, 'lr': 0.9174645206815777, 'sr': 0.7122598989576099, 'rc_connectivity': 0.013316681518519325, 'learning_rate': 0.01}",ppo,300,linear,0.01,,,,,,
LunarLander-v3,filterbank+esn,6,300,3.9966666666666666,-146.80039472,42.231252035079926,-366.47380309526176,-145.20383079652606,1343,"{'decomposition': 'ema', 'n_filters': 12, 'slowest': 0.007278775282470501, 'input_scaling': 0.4150388723567341, 'bias_dist': 'foldnorm', 'bias_scaling': 0.04616118346075944, 'lr': 0.9174645206815777, 'sr': 0.7122598989576099, 'rc_connectivity': 0.013316681518519325, 'learning_rate': 0.01}",ppo,300,linear,0.01,,,,,,
LunarLander-v3,filterbank+esn,5,300,3.9966666666666666,200.47205567999998,74.7589402978235,78.58177419811113,205.04433756703295,1352,"{'decomposition': 'ema', 'n_filters': 12, 'slowest': 0.007278775282470501, 'input_scaling': 0.4150388723567341, 'bias_dist': 'foldnorm', 'bias_scaling': 0.04616118346075944, 'lr': 0.9174645206815777, 'sr': 0.7122598989576099, 'rc_connectivity': 0.013316681518519325, 'learning_rate': 0.01}",ppo,300,linear,0.01,,,,,,
LunarLander-v3,filterbank+esn,7,300,3.9966666666666666,-113.05646726,34.65870419779638,-32.40479096340652,-99.28227392666668,1359,"{'decomposition': 'ema', 'n_filters': 12, 'slowest': 0.007278775282470501, 'input_scaling': 0.4150388723567341, 'bias_dist': 'foldnorm', 'bias_scaling': 0.04616118346075944, 'lr': 0.9174645206815777, 'sr': 0.7122598989576099, 'rc_connectivity': 0.013316681518519325, 'learning_rate': 0.01}",ppo,300,linear,0.01,,,,,,
LunarLander-v3,filterbank+esn,8,300,3.9966666666666666,-96.52711288,62.09360999879111,-445.5685825546973,-141.88835049999997,1352,"{'decomposition': 'ema', 'n_filters': 12, 'slowest': 0.007278775282470501, 'input_scaling': 0.4150388723567341, 'bias_dist': 'foldnorm', 'bias_scaling': 0.04616118346075944, 'lr': 0.9174645206815777, 'sr': 0.7122598989576099, 'rc_connectivity': 0.013316681518519325, 'learning_rate': 0.01}",ppo,300,linear,0.01,,,,,,
LunarLander-v3,filterbank+esn,9,300,3.9966666666666666,-93.60888376000001,23.792130163836948,-106.34686495923651,-173.0994713171521,1351,"{'decomposition': 'ema', 'n_filters': 12, 'slowest': 0.007278775282470501, 'input_scaling': 0.4150388723567341, 'bias_dist': 'foldnorm', 'bias_scaling': 0.04616118346075944, 'lr': 0.9174645206815777, 'sr': 0.7122598989576099, 'rc_connectivity': 0.013316681518519325, 'learning_rate': 0.01}",ppo,300,linear,0.01,,,,,,
LunarLander-v3,filterbank+hag,0,300,4.416666666666667,127.83889778000001,114.39051791440151,122.8963489074632,196.75930032998326,1348,"{'decomposition': 'ema', 'n_filters': 12, 'slowest': 0.022150628564983305, 'input_scaling': 0.3786189199484331, 'bias_dist': 'foldnorm', 'bias_scaling': 0.029687121836807887, 'lr': 0.7474064946212267, 'weight_increment': 0.0011133132425291139, 'min_window': 19, 'max_window': 43, 'use_full_instance': True, 'max_partners': 20, 'homeostasis': 'mean', 'target': 0.75, 'spread': 0.375, 'learning_rate': 0.0003}",ppo,300,linear,0.0003,,,,,,
LunarLander-v3,filterbank+hag,1,300,3.9366666666666665,-111.02965356,119.88262323820487,125.1300973881515,189.70959439222042,1352,"{'decomposition': 'ema', 'n_filters': 12, 'slowest': 0.022150628564983305, 'input_scaling': 0.3786189199484331, 'bias_dist': 'foldnorm', 'bias_scaling': 0.029687121836807887, 'lr': 0.7474064946212267, 'weight_increment': 0.0011133132425291139, 'min_window': 19, 'max_window': 43, 'use_full_instance': True, 'max_partners': 20, 'homeostasis': 'mean', 'target': 0.75, 'spread': 0.375, 'learning_rate': 0.0003}",ppo,300,linear,0.0003,,,,,,
LunarLander-v3,filterbank+hag,3,300,3.8266666666666667,-4.4114415000000005,160.9233738426305,115.93911957374542,179.25146144104136,1355,"{'decomposition': 'ema', 'n_filters': 12, 'slowest': 0.022150628564983305, 'input_scaling': 0.3786189199484331, 'bias_dist': 'foldnorm', 'bias_scaling': 0.029687121836807887, 'lr': 0.7474064946212267, 'weight_increment': 0.0011133132425291139, 'min_window': 19, 'max_window': 43, 'use_full_instance': True, 'max_partners': 20, 'homeostasis': 'mean', 'target': 0.75, 'spread': 0.375, 'learning_rate': 0.0003}",ppo,300,linear,0.0003,,,,,,
LunarLander-v3,filterbank+hag,5,300,4.093333333333334,-86.36091946,113.58343851363719,126.64707003351533,196.13398608345977,1354,"{'decomposition': 'ema', 'n_filters': 12, 'slowest': 0.022150628564983305, 'input_scaling': 0.3786189199484331, 'bias_dist': 'foldnorm', 'bias_scaling': 0.029687121836807887, 'lr': 0.7474064946212267, 'weight_increment': 0.0011133132425291139, 'min_window': 19, 'max_window': 43, 'use_full_instance': True, 'max_partners': 20, 'homeostasis': 'mean', 'target': 0.75, 'spread': 0.375, 'learning_rate': 0.0003}",ppo,300,linear,0.0003,,,,,,
LunarLander-v3,filterbank+hag,6,300,4.223333333333334,-123.8395337,105.69561684609532,141.32187890279897,202.59955938879457,1358,"{'decomposition': 'ema', 'n_filters': 12, 'slowest': 0.022150628564983305, 'input_scaling': 0.3786189199484331, 'bias_dist': 'foldnorm', 'bias_scaling': 0.029687121836807887, 'lr': 0.7474064946212267, 'weight_increment': 0.0011133132425291139, 'min_window': 19, 'max_window': 43, 'use_full_instance': True, 'max_partners': 20, 'homeostasis': 'mean', 'target': 0.75, 'spread': 0.375, 'learning_rate': 0.0003}",ppo,300,linear,0.0003,,,,,,
LunarLander-v3,filterbank+hag,2,300,4.21,10.256153900000001,91.4983841523961,-2.620661676611618,79.70623060533333,1401,"{'decomposition': 'ema', 'n_filters': 12, 'slowest': 0.022150628564983305, 'input_scaling': 0.3786189199484331, 'bias_dist': 'foldnorm', 'bias_scaling': 0.029687121836807887, 'lr': 0.7474064946212267, 'weight_increment': 0.0011133132425291139, 'min_window': 19, 'max_window': 43, 'use_full_instance': True, 'max_partners': 20, 'homeostasis': 'mean', 'target': 0.75, 'spread': 0.375, 'learning_rate': 0.0003}",ppo,300,linear,0.0003,,,,,,
LunarLander-v3,filterbank+hag,4,300,3.98,-93.87896788,79.09341878652754,-14.382502130389332,89.50097839267016,1409,"{'decomposition': 'ema', 'n_filters': 12, 'slowest': 0.022150628564983305, 'input_scaling': 0.3786189199484331, 'bias_dist': 'foldnorm', 'bias_scaling': 0.029687121836807887, 'lr': 0.7474064946212267, 'weight_increment': 0.0011133132425291139, 'min_window': 19, 'max_window': 43, 'use_full_instance': True, 'max_partners': 20, 'homeostasis': 'mean', 'target': 0.75, 'spread': 0.375, 'learning_rate': 0.0003}",ppo,300,linear,0.0003,,,,,,
LunarLander-v3,filterbank+hag,7,300,4.906666666666666,91.3155191,136.1085769401213,34.35662141469595,202.37429401126764,1363,"{'decomposition': 'ema', 'n_filters': 12, 'slowest': 0.022150628564983305, 'input_scaling': 0.3786189199484331, 'bias_dist': 'foldnorm', 'bias_scaling': 0.029687121836807887, 'lr': 0.7474064946212267, 'weight_increment': 0.0011133132425291139, 'min_window': 19, 'max_window': 43, 'use_full_instance': True, 'max_partners': 20, 'homeostasis': 'mean', 'target': 0.75, 'spread': 0.375, 'learning_rate': 0.0003}",ppo,300,linear,0.0003,,,,,,
LunarLander-v3,filterbank+hag,8,300,5.98,31.41495544,130.5280767095309,3.145911531284305,86.8541238956044,1349,"{'decomposition': 'ema', 'n_filters': 12, 'slowest': 0.022150628564983305, 'input_scaling': 0.3786189199484331, 'bias_dist': 'foldnorm', 'bias_scaling': 0.029687121836807887, 'lr': 0.7474064946212267, 'weight_increment': 0.0011133132425291139, 'min_window': 19, 'max_window': 43, 'use_full_instance': True, 'max_partners': 20, 'homeostasis': 'mean', 'target': 0.75, 'spread': 0.375, 'learning_rate': 0.0003}",ppo,300,linear,0.0003,,,,,,
LunarLander-v3,filterbank+hag,9,300,5.016666666666667,25.45230490000001,147.28731273358068,70.38506983654166,204.54117671096344,1339,"{'decomposition': 'ema', 'n_filters': 12, 'slowest': 0.022150628564983305, 'input_scaling': 0.3786189199484331, 'bias_dist': 'foldnorm', 'bias_scaling': 0.029687121836807887, 'lr': 0.7474064946212267, 'weight_increment': 0.0011133132425291139, 'min_window': 19, 'max_window': 43, 'use_full_instance': True, 'max_partners': 20, 'homeostasis': 'mean', 'target': 0.75, 'spread': 0.375, 'learning_rate': 0.0003}",ppo,300,linear,0.0003,,,,,,
LunarLander-v3,filterbank+hag,0,300,4.416666666666667,-135.72420196,42.43284583209741,137.63352473700238,124.713274459695,1325,"{'decomposition': 'ema', 'n_filters': 12, 'slowest': 0.022150628564983305, 'input_scaling': 0.3786189199484331, 'bias_dist': 'foldnorm', 'bias_scaling': 0.029687121836807887, 'lr': 0.7474064946212267, 'weight_increment': 0.0011133132425291139, 'min_window': 19, 'max_window': 43, 'use_full_instance': True, 'max_partners': 20, 'homeostasis': 'mean', 'target': 0.75, 'spread': 0.375, 'learning_rate': 0.001}",ppo,300,linear,0.001,,,,,,
LunarLander-v3,filterbank+hag,1,300,3.9366666666666665,-137.95547152,41.18434761591504,103.76945296634356,56.77202115363882,1321,"{'decomposition': 'ema', 'n_filters': 12, 'slowest': 0.022150628564983305, 'input_scaling': 0.3786189199484331, 'bias_dist': 'foldnorm', 'bias_scaling': 0.029687121836807887, 'lr': 0.7474064946212267, 'weight_increment': 0.0011133132425291139, 'min_window': 19, 'max_window': 43, 'use_full_instance': True, 'max_partners': 20, 'homeostasis': 'mean', 'target': 0.75, 'spread': 0.375, 'learning_rate': 0.001}",ppo,300,linear,0.001,,,,,,
LunarLander-v3,filterbank+hag,2,300,4.21,-728.45153556,1406.2609260279214,128.39676268015856,146.68967409603343,1345,"{'decomposition': 'ema', 'n_filters': 12, 'slowest': 0.022150628564983305, 'input_scaling': 0.3786189199484331, 'bias_dist': 'foldnorm', 'bias_scaling': 0.029687121836807887, 'lr': 0.7474064946212267, 'weight_increment': 0.0011133132425291139, 'min_window': 19, 'max_window': 43, 'use_full_instance': True, 'max_partners': 20, 'homeostasis': 'mean', 'target': 0.75, 'spread': 0.375, 'learning_rate': 0.001}",ppo,300,linear,0.001,,,,,,
LunarLander-v3,filterbank+hag,4,300,3.98,-105.48224443999999,22.731367065899207,109.21124671459313,124.97803502348337,1314,"{'decomposition': 'ema', 'n_filters': 12, 'slowest': 0.022150628564983305, 'input_scaling': 0.3786189199484331, 'bias_dist': 'foldnorm', 'bias_scaling': 0.029687121836807887, 'lr': 0.7474064946212267, 'weight_increment': 0.0011133132425291139, 'min_window': 19, 'max_window': 43, 'use_full_instance': True, 'max_partners': 20, 'homeostasis': 'mean', 'target': 0.75, 'spread': 0.375, 'learning_rate': 0.001}",ppo,300,linear,0.001,,,,,,
LunarLander-v3,filterbank+hag,3,300,3.8266666666666667,-119.38166629999999,19.997199244854844,114.49022555129069,18.528730442696627,1324,"{'decomposition': 'ema', 'n_filters': 12, 'slowest': 0.022150628564983305, 'input_scaling': 0.3786189199484331, 'bias_dist': 'foldnorm', 'bias_scaling': 0.029687121836807887, 'lr': 0.7474064946212267, 'weight_increment': 0.0011133132425291139, 'min_window': 19, 'max_window': 43, 'use_full_instance': True, 'max_partners': 20, 'homeostasis': 'mean', 'target': 0.75, 'spread': 0.375, 'learning_rate': 0.001}",ppo,300,linear,0.001,,,,,,
LunarLander-v3,filterbank+hag,6,300,4.223333333333334,-77.51471015999999,22.932561311632725,144.65329330403426,130.6699642731377,1311,"{'decomposition': 'ema', 'n_filters': 12, 'slowest': 0.022150628564983305, 'input_scaling': 0.3786189199484331, 'bias_dist': 'foldnorm', 'bias_scaling': 0.029687121836807887, 'lr': 0.7474064946212267, 'weight_increment': 0.0011133132425291139, 'min_window': 19, 'max_window': 43, 'use_full_instance': True, 'max_partners': 20, 'homeostasis': 'mean', 'target': 0.75, 'spread': 0.375, 'learning_rate': 0.001}",ppo,300,linear,0.001,,,,,,
LunarLander-v3,filterbank+hag,5,300,4.093333333333334,-42.48344358,45.96306080554977,129.7078238943662,124.04164685897433,1329,"{'decomposition': 'ema', 'n_filters': 12, 'slowest': 0.022150628564983305, 'input_scaling': 0.3786189199484331, 'bias_dist': 'foldnorm', 'bias_scaling': 0.029687121836807887, 'lr': 0.7474064946212267, 'weight_increment': 0.0011133132425291139, 'min_window': 19, 'max_window': 43, 'use_full_instance': True, 'max_partners': 20, 'homeostasis': 'mean', 'target': 0.75, 'spread': 0.375, 'learning_rate': 0.001}",ppo,300,linear,0.001,,,,,,
LunarLander-v3,filterbank+hag,0,300,4.416666666666667,-96.01566508,25.541528195196936,97.10296275546305,41.191286848958335,1320,"{'decomposition': 'ema', 'n_filters': 12, 'slowest': 0.022150628564983305, 'input_scaling': 0.3786189199484331, 'bias_dist': 'foldnorm', 'bias_scaling': 0.029687121836807887, 'lr': 0.7474064946212267, 'weight_increment': 0.0011133132425291139, 'min_window': 19, 'max_window': 43, 'use_full_instance': True, 'max_partners': 20, 'homeostasis': 'mean', 'target': 0.75, 'spread': 0.375, 'learning_rate': 0.003}",ppo,300,linear,0.003,,,,,,
LunarLander-v3,filterbank+hag,8,300,5.98,-90.11871772000002,28.498444967047355,104.25586196030163,76.7553118688889,1331,"{'decomposition': 'ema', 'n_filters': 12, 'slowest': 0.022150628564983305, 'input_scaling': 0.3786189199484331, 'bias_dist': 'foldnorm', 'bias_scaling': 0.029687121836807887, 'lr': 0.7474064946212267, 'weight_increment': 0.0011133132425291139, 'min_window': 19, 'max_window': 43, 'use_full_instance': True, 'max_partners': 20, 'homeostasis': 'mean', 'target': 0.75, 'spread': 0.375, 'learning_rate': 0.001}",ppo,300,linear,0.001,,,,,,
LunarLander-v3,filterbank+hag,7,300,4.906666666666666,-83.44048182,40.06528437147499,144.68831852281482,143.31316656997973,1333,"{'decomposition': 'ema', 'n_filters': 12, 'slowest': 0.022150628564983305, 'input_scaling': 0.3786189199484331, 'bias_dist': 'foldnorm', 'bias_scaling': 0.029687121836807887, 'lr': 0.7474064946212267, 'weight_increment': 0.0011133132425291139, 'min_window': 19, 'max_window': 43, 'use_full_instance': True, 'max_partners': 20, 'homeostasis': 'mean', 'target': 0.75, 'spread': 0.375, 'learning_rate': 0.001}",ppo,300,linear,0.001,,,,,,
LunarLander-v3,filterbank+hag,1,300,3.9366666666666665,-90.92126027999998,55.703681702590366,29.463474015225135,-33.24239389285715,1317,"{'decomposition': 'ema', 'n_filters': 12, 'slowest': 0.022150628564983305, 'input_scaling': 0.3786189199484331, 'bias_dist': 'foldnorm', 'bias_scaling': 0.029687121836807887, 'lr': 0.7474064946212267, 'weight_increment': 0.0011133132425291139, 'min_window': 19, 'max_window': 43, 'use_full_instance': True, 'max_partners': 20, 'homeostasis': 'mean', 'target': 0.75, 'spread': 0.375, 'learning_rate': 0.003}",ppo,300,linear,0.003,,,,,,
LunarLander-v3,filterbank+hag,2,300,4.21,-96.10480472,24.388526374225155,75.76188710814249,-28.34782452671756,1312,"{'decomposition': 'ema', 'n_filters': 12, 'slowest': 0.022150628564983305, 'input_scaling': 0.3786189199484331, 'bias_dist': 'foldnorm', 'bias_scaling': 0.029687121836807887, 'lr': 0.7474064946212267, 'weight_increment': 0.0011133132425291139, 'min_window': 19, 'max_window': 43, 'use_full_instance': True, 'max_partners': 20, 'homeostasis': 'mean', 'target': 0.75, 'spread': 0.375, 'learning_rate': 0.003}",ppo,300,linear,0.003,,,,,,
LunarLander-v3,filterbank+hag,9,300,5.016666666666667,-116.4923313,132.34243954740185,122.97239314457349,161.52065404408816,1339,"{'decomposition': 'ema', 'n_filters': 12, 'slowest': 0.022150628564983305, 'input_scaling': 0.3786189199484331, 'bias_dist': 'foldnorm', 'bias_scaling': 0.029687121836807887, 'lr': 0.7474064946212267, 'weight_increment': 0.0011133132425291139, 'min_window': 19, 'max_window': 43, 'use_full_instance': True, 'max_partners': 20, 'homeostasis': 'mean', 'target': 0.75, 'spread': 0.375, 'learning_rate': 0.001}",ppo,300,linear,0.001,,,,,,
LunarLander-v3,filterbank+hag,3,300,3.8266666666666667,-108.33076114,34.7269042502839,120.34278635405079,35.09749957384988,1310,"{'decomposition': 'ema', 'n_filters': 12, 'slowest': 0.022150628564983305, 'input_scaling': 0.3786189199484331, 'bias_dist': 'foldnorm', 'bias_scaling': 0.029687121836807887, 'lr': 0.7474064946212267, 'weight_increment': 0.0011133132425291139, 'min_window': 19, 'max_window': 43, 'use_full_instance': True, 'max_partners': 20, 'homeostasis': 'mean', 'target': 0.75, 'spread': 0.375, 'learning_rate': 0.003}",ppo,300,linear,0.003,,,,,,
LunarLander-v3,filterbank+hag,4,300,3.98,-220.40035840000002,55.892767070216884,48.91841517520661,-12.076506385674934,1311,"{'decomposition': 'ema', 'n_filters': 12, 'slowest': 0.022150628564983305, 'input_scaling': 0.3786189199484331, 'bias_dist': 'foldnorm', 'bias_scaling': 0.029687121836807887, 'lr': 0.7474064946212267, 'weight_increment': 0.0011133132425291139, 'min_window': 19, 'max_window': 43, 'use_full_instance': True, 'max_partners': 20, 'homeostasis': 'mean', 'target': 0.75, 'spread': 0.375, 'learning_rate': 0.003}",ppo,300,linear,0.003,,,,,,
LunarLander-v3,filterbank+hag,5,300,4.093333333333334,-133.32888925999998,31.92297499175117,79.64098532758116,4.44638628152493,1316,"{'decomposition': 'ema', 'n_filters': 12, 'slowest': 0.022150628564983305, 'input_scaling': 0.3786189199484331, 'bias_dist': 'foldnorm', 'bias_scaling': 0.029687121836807887, 'lr': 0.7474064946212267, 'weight_increment': 0.0011133132425291139, 'min_window': 19, 'max_window': 43, 'use_full_instance': True, 'max_partners': 20, 'homeostasis': 'mean', 'target': 0.75, 'spread': 0.375, 'learning_rate': 0.003}",ppo,300,linear,0.003,,,,,,
LunarLander-v3,filterbank+hag,7,300,4.906666666666666,-93.15684358,31.211808354682738,-1.758607491063315,-61.254786418181816,1314,"{'decomposition': 'ema', 'n_filters': 12, 'slowest': 0.022150628564983305, 'input_scaling': 0.3786189199484331, 'bias_dist': 'foldnorm', 'bias_scaling': 0.029687121836807887, 'lr': 0.7474064946212267, 'weight_increment': 0.0011133132425291139, 'min_window': 19, 'max_window': 43, 'use_full_instance': True, 'max_partners': 20, 'homeostasis': 'mean', 'target': 0.75, 'spread': 0.375, 'learning_rate': 0.003}",ppo,300,linear,0.003,,,,,,
LunarLander-v3,filterbank+hag,1,300,3.9366666666666665,-53.05204138,31.969348958091473,-106.91165459969028,-288.32902517829456,1304,"{'decomposition': 'ema', 'n_filters': 12, 'slowest': 0.022150628564983305, 'input_scaling': 0.3786189199484331, 'bias_dist': 'foldnorm', 'bias_scaling': 0.029687121836807887, 'lr': 0.7474064946212267, 'weight_increment': 0.0011133132425291139, 'min_window': 19, 'max_window': 43, 'use_full_instance': True, 'max_partners': 20, 'homeostasis': 'mean', 'target': 0.75, 'spread': 0.375, 'learning_rate': 0.01}",ppo,300,linear,0.01,,,,,,
LunarLander-v3,filterbank+hag,6,300,4.223333333333334,-112.33385956000001,20.603413258405674,54.83008905407775,-41.71366904678363,1332,"{'decomposition': 'ema', 'n_filters': 12, 'slowest': 0.022150628564983305, 'input_scaling': 0.3786189199484331, 'bias_dist': 'foldnorm', 'bias_scaling': 0.029687121836807887, 'lr': 0.7474064946212267, 'weight_increment': 0.0011133132425291139, 'min_window': 19, 'max_window': 43, 'use_full_instance': True, 'max_partners': 20, 'homeostasis': 'mean', 'target': 0.75, 'spread': 0.375, 'learning_rate': 0.003}",ppo,300,linear,0.003,,,,,,
LunarLander-v3,filterbank+hag,8,300,5.98,-36.53895254,49.83215906747631,95.0668871267857,117.60304368367348,1323,"{'decomposition': 'ema', 'n_filters': 12, 'slowest': 0.022150628564983305, 'input_scaling': 0.3786189199484331, 'bias_dist': 'foldnorm', 'bias_scaling': 0.029687121836807887, 'lr': 0.7474064946212267, 'weight_increment': 0.0011133132425291139, 'min_window': 19, 'max_window': 43, 'use_full_instance': True, 'max_partners': 20, 'homeostasis': 'mean', 'target': 0.75, 'spread': 0.375, 'learning_rate': 0.003}",ppo,300,linear,0.003,,,,,,
LunarLander-v3,filterbank+hag,9,300,5.016666666666667,-66.43233522,23.598363808136835,65.27689605948059,11.09376305865922,1337,"{'decomposition': 'ema', 'n_filters': 12, 'slowest': 0.022150628564983305, 'input_scaling': 0.3786189199484331, 'bias_dist': 'foldnorm', 'bias_scaling': 0.029687121836807887, 'lr': 0.7474064946212267, 'weight_increment': 0.0011133132425291139, 'min_window': 19, 'max_window': 43, 'use_full_instance': True, 'max_partners': 20, 'homeostasis': 'mean', 'target': 0.75, 'spread': 0.375, 'learning_rate': 0.003}",ppo,300,linear,0.003,,,,,,
LunarLander-v3,filterbank+hag,0,300,4.416666666666667,-111.20944498,23.88584745008797,-27.08212774346979,-84.84188035546876,1333,"{'decomposition': 'ema', 'n_filters': 12, 'slowest': 0.022150628564983305, 'input_scaling': 0.3786189199484331, 'bias_dist': 'foldnorm', 'bias_scaling': 0.029687121836807887, 'lr': 0.7474064946212267, 'weight_increment': 0.0011133132425291139, 'min_window': 19, 'max_window': 43, 'use_full_instance': True, 'max_partners': 20, 'homeostasis': 'mean', 'target': 0.75, 'spread': 0.375, 'learning_rate': 0.01}",ppo,300,linear,0.01,,,,,,
LunarLander-v3,filterbank+hag,6,300,4.223333333333334,-88.80318236,23.116029614466996,-565.4885412132132,-159.15941542942943,1304,"{'decomposition': 'ema', 'n_filters': 12, 'slowest': 0.022150628564983305, 'input_scaling': 0.3786189199484331, 'bias_dist': 'foldnorm', 'bias_scaling': 0.029687121836807887, 'lr': 0.7474064946212267, 'weight_increment': 0.0011133132425291139, 'min_window': 19, 'max_window': 43, 'use_full_instance': True, 'max_partners': 20, 'homeostasis': 'mean', 'target': 0.75, 'spread': 0.375, 'learning_rate': 0.01}",ppo,300,linear,0.01,,,,,,
LunarLander-v3,filterbank+hag,3,300,3.8266666666666667,-157.18463491999998,55.36989336894995,-64.99871147742664,-85.35139969433962,1317,"{'decomposition': 'ema', 'n_filters': 12, 'slowest': 0.022150628564983305, 'input_scaling': 0.3786189199484331, 'bias_dist': 'foldnorm', 'bias_scaling': 0.029687121836807887, 'lr': 0.7474064946212267, 'weight_increment': 0.0011133132425291139, 'min_window': 19, 'max_window': 43, 'use_full_instance': True, 'max_partners': 20, 'homeostasis': 'mean', 'target': 0.75, 'spread': 0.375, 'learning_rate': 0.01}",ppo,300,linear,0.01,,,,,,
LunarLander-v3,filterbank+hag,2,300,4.21,10.816837859999998,57.29592642554653,-1.0835947212495696,101.71575700343642,1344,"{'decomposition': 'ema', 'n_filters': 12, 'slowest': 0.022150628564983305, 'input_scaling': 0.3786189199484331, 'bias_dist': 'foldnorm', 'bias_scaling': 0.029687121836807887, 'lr': 0.7474064946212267, 'weight_increment': 0.0011133132425291139, 'min_window': 19, 'max_window': 43, 'use_full_instance': True, 'max_partners': 20, 'homeostasis': 'mean', 'target': 0.75, 'spread': 0.375, 'learning_rate': 0.01}",ppo,300,linear,0.01,,,,,,
LunarLander-v3,filterbank+hag,4,300,3.98,-128.64798684,31.442343698672268,-50.5209997399131,-55.346066801242245,1335,"{'decomposition': 'ema', 'n_filters': 12, 'slowest': 0.022150628564983305, 'input_scaling': 0.3786189199484331, 'bias_dist': 'foldnorm', 'bias_scaling': 0.029687121836807887, 'lr': 0.7474064946212267, 'weight_increment': 0.0011133132425291139, 'min_window': 19, 'max_window': 43, 'use_full_instance': True, 'max_partners': 20, 'homeostasis': 'mean', 'target': 0.75, 'spread': 0.375, 'learning_rate': 0.01}",ppo,300,linear,0.01,,,,,,
LunarLander-v3,filterbank+hag,8,300,5.98,-3849.62396662,3762.7450034808826,-319.3215879846968,-3006.110097740413,1313,"{'decomposition': 'ema', 'n_filters': 12, 'slowest': 0.022150628564983305, 'input_scaling': 0.3786189199484331, 'bias_dist': 'foldnorm', 'bias_scaling': 0.029687121836807887, 'lr': 0.7474064946212267, 'weight_increment': 0.0011133132425291139, 'min_window': 19, 'max_window': 43, 'use_full_instance': True, 'max_partners': 20, 'homeostasis': 'mean', 'target': 0.75, 'spread': 0.375, 'learning_rate': 0.01}",ppo,300,linear,0.01,,,,,,
LunarLander-v3,filterbank+hag,5,300,4.093333333333334,144.70966312000002,107.46066708897754,-581.3203342377049,95.62505417910447,1335,"{'decomposition': 'ema', 'n_filters': 12, 'slowest': 0.022150628564983305, 'input_scaling': 0.3786189199484331, 'bias_dist': 'foldnorm', 'bias_scaling': 0.029687121836807887, 'lr': 0.7474064946212267, 'weight_increment': 0.0011133132425291139, 'min_window': 19, 'max_window': 43, 'use_full_instance': True, 'max_partners': 20, 'homeostasis': 'mean', 'target': 0.75, 'spread': 0.375, 'learning_rate': 0.01}",ppo,300,linear,0.01,,,,,,
LunarLander-v3,filterbank+hag,9,300,5.016666666666667,-411.14223364,155.76657041685974,-714.3147916902434,-521.298073875,1318,"{'decomposition': 'ema', 'n_filters': 12, 'slowest': 0.022150628564983305, 'input_scaling': 0.3786189199484331, 'bias_dist': 'foldnorm', 'bias_scaling': 0.029687121836807887, 'lr': 0.7474064946212267, 'weight_increment': 0.0011133132425291139, 'min_window': 19, 'max_window': 43, 'use_full_instance': True, 'max_partners': 20, 'homeostasis': 'mean', 'target': 0.75, 'spread': 0.375, 'learning_rate': 0.01}",ppo,300,linear,0.01,,,,,,
LunarLander-v3,filterbank+hag,7,300,4.906666666666666,-155.86532332000002,63.532831361591136,78.56381698505396,2.2078442354570615,1360,"{'decomposition': 'ema', 'n_filters': 12, 'slowest': 0.022150628564983305, 'input_scaling': 0.3786189199484331, 'bias_dist': 'foldnorm', 'bias_scaling': 0.029687121836807887, 'lr': 0.7474064946212267, 'weight_increment': 0.0011133132425291139, 'min_window': 19, 'max_window': 43, 'use_full_instance': True, 'max_partners': 20, 'homeostasis': 'mean', 'target': 0.75, 'spread': 0.375, 'learning_rate': 0.01}",ppo,300,linear,0.01,,,,,,
LunarLander-v3,filterbank+proj,0,300,0.0,131.75950355999998,111.40805961050191,112.98812878626445,200.82005404173353,1366,"{'decomposition': 'ema', 'n_filters': 12, 'slowest': 0.022150628564983305, 'input_scaling': 0.3786189199484331, 'bias_dist': 'foldnorm', 'bias_scaling': 0.029687121836807887, 'lr': 0.7474064946212267, 'weight_increment': 0.0011133132425291139, 'min_window': 19, 'max_window': 43, 'use_full_instance': True, 'max_partners': 20, 'homeostasis': 'mean', 'target': 0.75, 'spread': 0.375, 'learning_rate': 0.0003}",ppo,300,linear,0.0003,,,,,,
LunarLander-v3,filterbank+proj,2,300,0.0,-184.81352636,24.600013278252,50.951079581442876,197.94163400817996,1339,"{'decomposition': 'ema', 'n_filters': 12, 'slowest': 0.022150628564983305, 'input_scaling': 0.3786189199484331, 'bias_dist': 'foldnorm', 'bias_scaling': 0.029687121836807887, 'lr': 0.7474064946212267, 'weight_increment': 0.0011133132425291139, 'min_window': 19, 'max_window': 43, 'use_full_instance': True, 'max_partners': 20, 'homeostasis': 'mean', 'target': 0.75, 'spread': 0.375, 'learning_rate': 0.0003}",ppo,300,linear,0.0003,,,,,,
LunarLander-v3,filterbank+proj,1,300,0.0,55.79776624,72.92115980537504,17.97557376987319,103.84964677399381,1372,"{'decomposition': 'ema', 'n_filters': 12, 'slowest': 0.022150628564983305, 'input_scaling': 0.3786189199484331, 'bias_dist': 'foldnorm', 'bias_scaling': 0.029687121836807887, 'lr': 0.7474064946212267, 'weight_increment': 0.0011133132425291139, 'min_window': 19, 'max_window': 43, 'use_full_instance': True, 'max_partners': 20, 'homeostasis': 'mean', 'target': 0.75, 'spread': 0.375, 'learning_rate': 0.0003}",ppo,300,linear,0.0003,,,,,,
LunarLander-v3,filterbank+proj,4,300,0.0,32.53040512,144.66269546288316,36.3985378910933,211.4155889640592,1366,"{'decomposition': 'ema', 'n_filters': 12, 'slowest': 0.022150628564983305, 'input_scaling': 0.3786189199484331, 'bias_dist': 'foldnorm', 'bias_scaling': 0.029687121836807887, 'lr': 0.7474064946212267, 'weight_increment': 0.0011133132425291139, 'min_window': 19, 'max_window': 43, 'use_full_instance': True, 'max_partners': 20, 'homeostasis': 'mean', 'target': 0.75, 'spread': 0.375, 'learning_rate': 0.0003}",ppo,300,linear,0.0003,,,,,,
LunarLander-v3,filterbank+proj,3,300,0.0,-89.35357918000001,72.53800839503968,4.689680472926265,92.26740834870316,1391,"{'decomposition': 'ema', 'n_filters': 12, 'slowest': 0.022150628564983305, 'input_scaling': 0.3786189199484331, 'bias_dist': 'foldnorm', 'bias_scaling': 0.029687121836807887, 'lr': 0.7474064946212267, 'weight_increment': 0.0011133132425291139, 'min_window': 19, 'max_window': 43, 'use_full_instance': True, 'max_partners': 20, 'homeostasis': 'mean', 'target': 0.75, 'spread': 0.375, 'learning_rate': 0.0003}",ppo,300,linear,0.0003,,,,,,
LunarLander-v3,filterbank+proj,5,300,0.0,-7.116570580000001,125.08671933497929,40.40592274501279,204.6300805242967,1376,"{'decomposition': 'ema', 'n_filters': 12, 'slowest': 0.022150628564983305, 'input_scaling': 0.3786189199484331, 'bias_dist': 'foldnorm', 'bias_scaling': 0.029687121836807887, 'lr': 0.7474064946212267, 'weight_increment': 0.0011133132425291139, 'min_window': 19, 'max_window': 43, 'use_full_instance': True, 'max_partners': 20, 'homeostasis': 'mean', 'target': 0.75, 'spread': 0.375, 'learning_rate': 0.0003}",ppo,300,linear,0.0003,,,,,,
LunarLander-v3,filterbank+proj,7,300,0.0,53.07437216,149.59727645450508,122.92964697595369,197.75198465230312,1349,"{'decomposition': 'ema', 'n_filters': 12, 'slowest': 0.022150628564983305, 'input_scaling': 0.3786189199484331, 'bias_dist': 'foldnorm', 'bias_scaling': 0.029687121836807887, 'lr': 0.7474064946212267, 'weight_increment': 0.0011133132425291139, 'min_window': 19, 'max_window': 43, 'use_full_instance': True, 'max_partners': 20, 'homeostasis': 'mean', 'target': 0.75, 'spread': 0.375, 'learning_rate': 0.0003}",ppo,300,linear,0.0003,,,,,,
LunarLander-v3,filterbank+proj,8,300,0.0,-137.00433988,79.97058688722643,76.7002136369649,198.4930541727941,1339,"{'decomposition': 'ema', 'n_filters': 12, 'slowest': 0.022150628564983305, 'input_scaling': 0.3786189199484331, 'bias_dist': 'foldnorm', 'bias_scaling': 0.029687121836807887, 'lr': 0.7474064946212267, 'weight_increment': 0.0011133132425291139, 'min_window': 19, 'max_window': 43, 'use_full_instance': True, 'max_partners': 20, 'homeostasis': 'mean', 'target': 0.75, 'spread': 0.375, 'learning_rate': 0.0003}",ppo,300,linear,0.0003,,,,,,
LunarLander-v3,filterbank+proj,6,300,0.0,116.44505389999999,78.63429768633648,16.576904977386924,100.11468754716981,1383,"{'decomposition': 'ema', 'n_filters': 12, 'slowest': 0.022150628564983305, 'input_scaling': 0.3786189199484331, 'bias_dist': 'foldnorm', 'bias_scaling': 0.029687121836807887, 'lr': 0.7474064946212267, 'weight_increment': 0.0011133132425291139, 'min_window': 19, 'max_window': 43, 'use_full_instance': True, 'max_partners': 20, 'homeostasis': 'mean', 'target': 0.75, 'spread': 0.375, 'learning_rate': 0.0003}",ppo,300,linear,0.0003,,,,,,
LunarLander-v3,filterbank+proj,0,300,0.0,162.544559,111.59863434024587,130.46651414189483,210.64546749347824,1343,"{'decomposition': 'ema', 'n_filters': 12, 'slowest': 0.022150628564983305, 'input_scaling': 0.3786189199484331, 'bias_dist': 'foldnorm', 'bias_scaling': 0.029687121836807887, 'lr': 0.7474064946212267, 'weight_increment': 0.0011133132425291139, 'min_window': 19, 'max_window': 43, 'use_full_instance': True, 'max_partners': 20, 'homeostasis': 'mean', 'target': 0.75, 'spread': 0.375, 'learning_rate': 0.001}",ppo,300,linear,0.001,,,,,,
LunarLander-v3,filterbank+proj,1,300,0.0,-104.47767117999997,23.901519131325948,115.8242741379845,81.95705712403101,1334,"{'decomposition': 'ema', 'n_filters': 12, 'slowest': 0.022150628564983305, 'input_scaling': 0.3786189199484331, 'bias_dist': 'foldnorm', 'bias_scaling': 0.029687121836807887, 'lr': 0.7474064946212267, 'weight_increment': 0.0011133132425291139, 'min_window': 19, 'max_window': 43, 'use_full_instance': True, 'max_partners': 20, 'homeostasis': 'mean', 'target': 0.75, 'spread': 0.375, 'learning_rate': 0.001}",ppo,300,linear,0.001,,,,,,
LunarLander-v3,filterbank+proj,9,300,0.0,-153.60552386,118.07092362406885,19.1214121903544,181.75228612797073,1379,"{'decomposition': 'ema', 'n_filters': 12, 'slowest': 0.022150628564983305, 'input_scaling': 0.3786189199484331, 'bias_dist': 'foldnorm', 'bias_scaling': 0.029687121836807887, 'lr': 0.7474064946212267, 'weight_increment': 0.0011133132425291139, 'min_window': 19, 'max_window': 43, 'use_full_instance': True, 'max_partners': 20, 'homeostasis': 'mean', 'target': 0.75, 'spread': 0.375, 'learning_rate': 0.0003}",ppo,300,linear,0.0003,,,,,,
LunarLander-v3,filterbank+proj,2,300,0.0,-4316.05184086,2748.2877782777136,114.77561094052778,70.87675376725839,1361,"{'decomposition': 'ema', 'n_filters': 12, 'slowest': 0.022150628564983305, 'input_scaling': 0.3786189199484331, 'bias_dist': 'foldnorm', 'bias_scaling': 0.029687121836807887, 'lr': 0.7474064946212267, 'weight_increment': 0.0011133132425291139, 'min_window': 19, 'max_window': 43, 'use_full_instance': True, 'max_partners': 20, 'homeostasis': 'mean', 'target': 0.75, 'spread': 0.375, 'learning_rate': 0.001}",ppo,300,linear,0.001,,,,,,
LunarLander-v3,filterbank+proj,5,300,0.0,-116.76297538,85.3392356870647,128.239251130008,98.78561659118236,1337,"{'decomposition': 'ema', 'n_filters': 12, 'slowest': 0.022150628564983305, 'input_scaling': 0.3786189199484331, 'bias_dist': 'foldnorm', 'bias_scaling': 0.029687121836807887, 'lr': 0.7474064946212267, 'weight_increment': 0.0011133132425291139, 'min_window': 19, 'max_window': 43, 'use_full_instance': True, 'max_partners': 20, 'homeostasis': 'mean', 'target': 0.75, 'spread': 0.375, 'learning_rate': 0.001}",ppo,300,linear,0.001,,,,,,
LunarLander-v3,filterbank+proj,3,300,0.0,147.65826968,78.62264820006668,55.12089560300704,120.59153832692307,1390,"{'decomposition': 'ema', 'n_filters': 12, 'slowest': 0.022150628564983305, 'input_scaling': 0.3786189199484331, 'bias_dist': 'foldnorm', 'bias_scaling': 0.029687121836807887, 'lr': 0.7474064946212267, 'weight_increment': 0.0011133132425291139, 'min_window': 19, 'max_window': 43, 'use_full_instance': True, 'max_partners': 20, 'homeostasis': 'mean', 'target': 0.75, 'spread': 0.375, 'learning_rate': 0.001}",ppo,300,linear,0.001,,,,,,
LunarLander-v3,filterbank+proj,4,300,0.0,-103.72198614000001,44.2355621017839,102.06714480374666,107.63551521651786,1376,"{'decomposition': 'ema', 'n_filters': 12, 'slowest': 0.022150628564983305, 'input_scaling': 0.3786189199484331, 'bias_dist': 'foldnorm', 'bias_scaling': 0.029687121836807887, 'lr': 0.7474064946212267, 'weight_increment': 0.0011133132425291139, 'min_window': 19, 'max_window': 43, 'use_full_instance': True, 'max_partners': 20, 'homeostasis': 'mean', 'target': 0.75, 'spread': 0.375, 'learning_rate': 0.001}",ppo,300,linear,0.001,,,,,,
LunarLander-v3,filterbank+proj,6,300,0.0,-188.60400584,66.44898900978485,116.31956124226924,76.30793910232558,1303,"{'decomposition': 'ema', 'n_filters': 12, 'slowest': 0.022150628564983305, 'input_scaling': 0.3786189199484331, 'bias_dist': 'foldnorm', 'bias_scaling': 0.029687121836807887, 'lr': 0.7474064946212267, 'weight_increment': 0.0011133132425291139, 'min_window': 19, 'max_window': 43, 'use_full_instance': True, 'max_partners': 20, 'homeostasis': 'mean', 'target': 0.75, 'spread': 0.375, 'learning_rate': 0.001}",ppo,300,linear,0.001,,,,,,
LunarLander-v3,filterbank+esn,0,300,3.9966666666666666,-161.81245442,77.52215711338866,-210.71904019752807,-196.11437058632478,1037,"{'decomposition': 'ema', 'n_filters': 12, 'slowest': 0.007278775282470501, 'input_scaling': 0.4150388723567341, 'bias_dist': 'foldnorm', 'bias_scaling': 0.04616118346075944, 'lr': 0.9174645206815777, 'sr': 0.7122598989576099, 'rc_connectivity': 0.013316681518519325, 'learning_rate': 0.0001}",dqn,300,linear,0.0001,,,,,,
LunarLander-v3,filterbank+esn,4,300,3.9966666666666666,-215.96943478,148.0361311297144,-216.92775142814145,-185.16810810885931,1049,"{'decomposition': 'ema', 'n_filters': 12, 'slowest': 0.007278775282470501, 'input_scaling': 0.4150388723567341, 'bias_dist': 'foldnorm', 'bias_scaling': 0.04616118346075944, 'lr': 0.9174645206815777, 'sr': 0.7122598989576099, 'rc_connectivity': 0.013316681518519325, 'learning_rate': 0.0001}",dqn,300,linear,0.0001,,,,,,
LunarLander-v3,filterbank+esn,1,300,3.9966666666666666,-211.55058336000002,121.66837653335357,-247.6169830839954,-224.13255352184467,1075,"{'decomposition': 'ema', 'n_filters': 12, 'slowest': 0.007278775282470501, 'input_scaling': 0.4150388723567341, 'bias_dist': 'foldnorm', 'bias_scaling': 0.04616118346075944, 'lr': 0.9174645206815777, 'sr': 0.7122598989576099, 'rc_connectivity': 0.013316681518519325, 'learning_rate': 0.0001}",dqn,300,linear,0.0001,,,,,,
LunarLander-v3,filterbank+esn,2,300,3.9966666666666666,-145.16989046000003,67.76874439086626,-208.28335396290777,-187.6377942374379,1075,"{'decomposition': 'ema', 'n_filters': 12, 'slowest': 0.007278775282470501, 'input_scaling': 0.4150388723567341, 'bias_dist': 'foldnorm', 'bias_scaling': 0.04616118346075944, 'lr': 0.9174645206815777, 'sr': 0.7122598989576099, 'rc_connectivity': 0.013316681518519325, 'learning_rate': 0.0001}",dqn,300,linear,0.0001,,,,,,
LunarLander-v3,filterbank+esn,3,300,3.9966666666666666,-188.61495256,81.1973177130528,-250.07083465689783,-234.47966469506463,1079,"{'decomposition': 'ema', 'n_filters': 12, 'slowest': 0.007278775282470501, 'input_scaling': 0.4150388723567341, 'bias_dist': 'foldnorm', 'bias_scaling': 0.04616118346075944, 'lr': 0.9174645206815777, 'sr': 0.7122598989576099, 'rc_connectivity': 0.013316681518519325, 'learning_rate': 0.0001}",dqn,300,linear,0.0001,,,,,,
LunarLander-v3,filterbank+esn,5,300,3.9966666666666666,-216.65976042,138.713863931567,-233.70935801268107,-208.11414707649254,1081,"{'decomposition': 'ema', 'n_filters': 12, 'slowest': 0.007278775282470501, 'input_scaling': 0.4150388723567341, 'bias_dist': 'foldnorm', 'bias_scaling': 0.04616118346075944, 'lr': 0.9174645206815777, 'sr': 0.7122598989576099, 'rc_connectivity': 0.013316681518519325, 'learning_rate': 0.0001}",dqn,300,linear,0.0001,,,,,,
LunarLander-v3,filterbank+proj,8,300,0.0,-768.55187606,2084.8659733967042,123.90334991589155,112.77147476237623,1314,"{'decomposition': 'ema', 'n_filters': 12, 'slowest': 0.022150628564983305, 'input_scaling': 0.3786189199484331, 'bias_dist': 'foldnorm', 'bias_scaling': 0.029687121836807887, 'lr': 0.7474064946212267, 'weight_increment': 0.0011133132425291139, 'min_window': 19, 'max_window': 43, 'use_full_instance': True, 'max_partners': 20, 'homeostasis': 'mean', 'target': 0.75, 'spread': 0.375, 'learning_rate': 0.001}",ppo,300,linear,0.001,,,,,,
LunarLander-v3,filterbank+esn,6,300,3.9966666666666666,-151.6396141,72.8369019024914,-196.03599420645264,-148.8828596836574,1093,"{'decomposition': 'ema', 'n_filters': 12, 'slowest': 0.007278775282470501, 'input_scaling': 0.4150388723567341, 'bias_dist': 'foldnorm', 'bias_scaling': 0.04616118346075944, 'lr': 0.9174645206815777, 'sr': 0.7122598989576099, 'rc_connectivity': 0.013316681518519325, 'learning_rate': 0.0001}",dqn,300,linear,0.0001,,,,,,
LunarLander-v3,filterbank+proj,7,300,0.0,-70.15162116,72.39269788767844,138.19389276330895,168.2349980792079,1326,"{'decomposition': 'ema', 'n_filters': 12, 'slowest': 0.022150628564983305, 'input_scaling': 0.3786189199484331, 'bias_dist': 'foldnorm', 'bias_scaling': 0.029687121836807887, 'lr': 0.7474064946212267, 'weight_increment': 0.0011133132425291139, 'min_window': 19, 'max_window': 43, 'use_full_instance': True, 'max_partners': 20, 'homeostasis': 'mean', 'target': 0.75, 'spread': 0.375, 'learning_rate': 0.001}",ppo,300,linear,0.001,,,,,,
LunarLander-v3,filterbank+esn,7,300,3.9966666666666666,-176.53091106,85.77845565616896,-183.51467654823674,-176.5169187262754,1075,"{'decomposition': 'ema', 'n_filters': 12, 'slowest': 0.007278775282470501, 'input_scaling': 0.4150388723567341, 'bias_dist': 'foldnorm', 'bias_scaling': 0.04616118346075944, 'lr': 0.9174645206815777, 'sr': 0.7122598989576099, 'rc_connectivity': 0.013316681518519325, 'learning_rate': 0.0001}",dqn,300,linear,0.0001,,,,,,
LunarLander-v3,filterbank+proj,9,300,0.0,-748.8242372000001,950.8747767795886,103.65519003087303,79.67023302453987,1325,"{'decomposition': 'ema', 'n_filters': 12, 'slowest': 0.022150628564983305, 'input_scaling': 0.3786189199484331, 'bias_dist': 'foldnorm', 'bias_scaling': 0.029687121836807887, 'lr': 0.7474064946212267, 'weight_increment': 0.0011133132425291139, 'min_window': 19, 'max_window': 43, 'use_full_instance': True, 'max_partners': 20, 'homeostasis': 'mean', 'target': 0.75, 'spread': 0.375, 'learning_rate': 0.001}",ppo,300,linear,0.001,,,,,,
LunarLander-v3,filterbank+esn,9,300,3.9966666666666666,-231.95681273999998,77.01900147833575,-221.61987865269876,-224.22356687074466,1081,"{'decomposition': 'ema', 'n_filters': 12, 'slowest': 0.007278775282470501, 'input_scaling': 0.4150388723567341, 'bias_dist': 'foldnorm', 'bias_scaling': 0.04616118346075944, 'lr': 0.9174645206815777, 'sr': 0.7122598989576099, 'rc_connectivity': 0.013316681518519325, 'learning_rate': 0.0001}",dqn,300,linear,0.0001,,,,,,
LunarLander-v3,filterbank+proj,1,300,0.0,-123.52252544000001,26.94679140466281,83.44160473814314,-24.324799242074928,1301,"{'decomposition': 'ema', 'n_filters': 12, 'slowest': 0.022150628564983305, 'input_scaling': 0.3786189199484331, 'bias_dist': 'foldnorm', 'bias_scaling': 0.029687121836807887, 'lr': 0.7474064946212267, 'weight_increment': 0.0011133132425291139, 'min_window': 19, 'max_window': 43, 'use_full_instance': True, 'max_partners': 20, 'homeostasis': 'mean', 'target': 0.75, 'spread': 0.375, 'learning_rate': 0.003}",ppo,300,linear,0.003,,,,,,
LunarLander-v3,filterbank+esn,8,300,3.9966666666666666,-164.54456491999997,72.03940011117456,-204.92157086308083,-189.6762326079295,1095,"{'decomposition': 'ema', 'n_filters': 12, 'slowest': 0.007278775282470501, 'input_scaling': 0.4150388723567341, 'bias_dist': 'foldnorm', 'bias_scaling': 0.04616118346075944, 'lr': 0.9174645206815777, 'sr': 0.7122598989576099, 'rc_connectivity': 0.013316681518519325, 'learning_rate': 0.0001}",dqn,300,linear,0.0001,,,,,,
LunarLander-v3,filterbank+esn,0,300,3.9966666666666666,-115.83297683999999,63.814860882453644,-185.49770359495787,-141.27372836401673,1085,"{'decomposition': 'ema', 'n_filters': 12, 'slowest': 0.007278775282470501, 'input_scaling': 0.4150388723567341, 'bias_dist': 'foldnorm', 'bias_scaling': 0.04616118346075944, 'lr': 0.9174645206815777, 'sr': 0.7122598989576099, 'rc_connectivity': 0.013316681518519325, 'learning_rate': 0.0003}",dqn,300,linear,0.0003,,,,,,
LunarLander-v3,filterbank+proj,0,300,0.0,-134.15263488,38.18504693495222,96.6764849802139,83.40619465240641,1321,"{'decomposition': 'ema', 'n_filters': 12, 'slowest': 0.022150628564983305, 'input_scaling': 0.3786189199484331, 'bias_dist': 'foldnorm', 'bias_scaling': 0.029687121836807887, 'lr': 0.7474064946212267, 'weight_increment': 0.0011133132425291139, 'min_window': 19, 'max_window': 43, 'use_full_instance': True, 'max_partners': 20, 'homeostasis': 'mean', 'target': 0.75, 'spread': 0.375, 'learning_rate': 0.003}",ppo,300,linear,0.003,,,,,,
LunarLander-v3,filterbank+proj,3,300,0.0,-91.07638352,46.71612421479994,84.34138884500415,-3.8814712991689726,1312,"{'decomposition': 'ema', 'n_filters': 12, 'slowest': 0.022150628564983305, 'input_scaling': 0.3786189199484331, 'bias_dist': 'foldnorm', 'bias_scaling': 0.029687121836807887, 'lr': 0.7474064946212267, 'weight_increment': 0.0011133132425291139, 'min_window': 19, 'max_window': 43, 'use_full_instance': True, 'max_partners': 20, 'homeostasis': 'mean', 'target': 0.75, 'spread': 0.375, 'learning_rate': 0.003}",ppo,300,linear,0.003,,,,,,
LunarLander-v3,filterbank+proj,2,300,0.0,-169.65267071999997,66.40493450387912,90.83258684018023,32.06722319098143,1329,"{'decomposition': 'ema', 'n_filters': 12, 'slowest': 0.022150628564983305, 'input_scaling': 0.3786189199484331, 'bias_dist': 'foldnorm', 'bias_scaling': 0.029687121836807887, 'lr': 0.7474064946212267, 'weight_increment': 0.0011133132425291139, 'min_window': 19, 'max_window': 43, 'use_full_instance': True, 'max_partners': 20, 'homeostasis': 'mean', 'target': 0.75, 'spread': 0.375, 'learning_rate': 0.003}",ppo,300,linear,0.003,,,,,,
LunarLander-v3,filterbank+esn,2,300,3.9966666666666666,-150.71428498,60.80728395809198,-167.2908047603954,-127.00471846685083,1053,"{'decomposition': 'ema', 'n_filters': 12, 'slowest': 0.007278775282470501, 'input_scaling': 0.4150388723567341, 'bias_dist': 'foldnorm', 'bias_scaling': 0.04616118346075944, 'lr': 0.9174645206815777, 'sr': 0.7122598989576099, 'rc_connectivity': 0.013316681518519325, 'learning_rate': 0.0003}",dqn,300,linear,0.0003,,,,,,
LunarLander-v3,filterbank+proj,1,300,0.0,-2632.83564204,2596.068945772491,-269.67739082114656,-1653.4449357869416,1292,"{'decomposition': 'ema', 'n_filters': 12, 'slowest': 0.022150628564983305, 'input_scaling': 0.3786189199484331, 'bias_dist': 'foldnorm', 'bias_scaling': 0.029687121836807887, 'lr': 0.7474064946212267, 'weight_increment': 0.0011133132425291139, 'min_window': 19, 'max_window': 43, 'use_full_instance': True, 'max_partners': 20, 'homeostasis': 'mean', 'target': 0.75, 'spread': 0.375, 'learning_rate': 0.01}",ppo,300,linear,0.01,,,,,,
LunarLander-v3,filterbank+esn,5,300,3.9966666666666666,-269.43743642000004,195.1360906692466,-222.13370237758394,-222.55616180265653,1053,"{'decomposition': 'ema', 'n_filters': 12, 'slowest': 0.007278775282470501, 'input_scaling': 0.4150388723567341, 'bias_dist': 'foldnorm', 'bias_scaling': 0.04616118346075944, 'lr': 0.9174645206815777, 'sr': 0.7122598989576099, 'rc_connectivity': 0.013316681518519325, 'learning_rate': 0.0003}",dqn,300,linear,0.0003,,,,,,
LunarLander-v3,filterbank+esn,3,300,3.9966666666666666,-301.74595678000003,328.7218837062739,-230.38743278454075,-190.64816743784112,1056,"{'decomposition': 'ema', 'n_filters': 12, 'slowest': 0.007278775282470501, 'input_scaling': 0.4150388723567341, 'bias_dist': 'foldnorm', 'bias_scaling': 0.04616118346075944, 'lr': 0.9174645206815777, 'sr': 0.7122598989576099, 'rc_connectivity': 0.013316681518519325, 'learning_rate': 0.0003}",dqn,300,linear,0.0003,,,,,,
LunarLander-v3,filterbank+proj,8,300,0.0,-102.92978002,27.214764494109037,61.0389327502112,-56.72936541971831,1308,"{'decomposition': 'ema', 'n_filters': 12, 'slowest': 0.022150628564983305, 'input_scaling': 0.3786189199484331, 'bias_dist': 'foldnorm', 'bias_scaling': 0.029687121836807887, 'lr': 0.7474064946212267, 'weight_increment': 0.0011133132425291139, 'min_window': 19, 'max_window': 43, 'use_full_instance': True, 'max_partners': 20, 'homeostasis': 'mean', 'target': 0.75, 'spread': 0.375, 'learning_rate': 0.003}",ppo,300,linear,0.003,,,,,,
LunarLander-v3,filterbank+proj,6,300,0.0,-64.74541894,38.11313679602663,108.32520464596274,115.4516618361582,1319,"{'decomposition': 'ema', 'n_filters': 12, 'slowest': 0.022150628564983305, 'input_scaling': 0.3786189199484331, 'bias_dist': 'foldnorm', 'bias_scaling': 0.029687121836807887, 'lr': 0.7474064946212267, 'weight_increment': 0.0011133132425291139, 'min_window': 19, 'max_window': 43, 'use_full_instance': True, 'max_partners': 20, 'homeostasis': 'mean', 'target': 0.75, 'spread': 0.375, 'learning_rate': 0.003}",ppo,300,linear,0.003,,,,,,
LunarLander-v3,filterbank+proj,4,300,0.0,-139.73120779999996,55.120551094055664,94.54496720940051,10.408798104225351,1334,"{'decomposition': 'ema', 'n_filters': 12, 'slowest': 0.022150628564983305, 'input_scaling': 0.3786189199484331, 'bias_dist': 'foldnorm', 'bias_scaling': 0.029687121836807887, 'lr': 0.7474064946212267, 'weight_increment': 0.0011133132425291139, 'min_window': 19, 'max_window': 43, 'use_full_instance': True, 'max_partners': 20, 'homeostasis': 'mean', 'target': 0.75, 'spread': 0.375, 'learning_rate': 0.003}",ppo,300,linear,0.003,,,,,,
LunarLander-v3,filterbank+proj,7,300,0.0,-81.46589305999998,23.937858338630246,81.41231262701612,15.787779757925074,1323,"{'decomposition': 'ema', 'n_filters': 12, 'slowest': 0.022150628564983305, 'input_scaling': 0.3786189199484331, 'bias_dist': 'foldnorm', 'bias_scaling': 0.029687121836807887, 'lr': 0.7474064946212267, 'weight_increment': 0.0011133132425291139, 'min_window': 19, 'max_window': 43, 'use_full_instance': True, 'max_partners': 20, 'homeostasis': 'mean', 'target': 0.75, 'spread': 0.375, 'learning_rate': 0.003}",ppo,300,linear,0.003,,,,,,
LunarLander-v3,filterbank+esn,6,300,3.9966666666666666,-108.78420380000001,78.80744123705833,-166.0243407689687,-99.13541346187128,1060,"{'decomposition': 'ema', 'n_filters': 12, 'slowest': 0.007278775282470501, 'input_scaling': 0.4150388723567341, 'bias_dist': 'foldnorm', 'bias_scaling': 0.04616118346075944, 'lr': 0.9174645206815777, 'sr': 0.7122598989576099, 'rc_connectivity': 0.013316681518519325, 'learning_rate': 0.0003}",dqn,300,linear,0.0003,,,,,,
LunarLander-v3,filterbank+esn,4,300,3.9966666666666666,-158.10413671999999,64.84955892836089,-208.6156788521396,-169.1348202188572,1072,"{'decomposition': 'ema', 'n_filters': 12, 'slowest': 0.007278775282470501, 'input_scaling': 0.4150388723567341, 'bias_dist': 'foldnorm', 'bias_scaling': 0.04616118346075944, 'lr': 0.9174645206815777, 'sr': 0.7122598989576099, 'rc_connectivity': 0.013316681518519325, 'learning_rate': 0.0003}",dqn,300,linear,0.0003,,,,,,
LunarLander-v3,filterbank+proj,5,300,0.0,-129.62840932,34.18875165993649,80.71743936147828,27.88252722432432,1333,"{'decomposition': 'ema', 'n_filters': 12, 'slowest': 0.022150628564983305, 'input_scaling': 0.3786189199484331, 'bias_dist': 'foldnorm', 'bias_scaling': 0.029687121836807887, 'lr': 0.7474064946212267, 'weight_increment': 0.0011133132425291139, 'min_window': 19, 'max_window': 43, 'use_full_instance': True, 'max_partners': 20, 'homeostasis': 'mean', 'target': 0.75, 'spread': 0.375, 'learning_rate': 0.003}",ppo,300,linear,0.003,,,,,,
LunarLander-v3,filterbank+esn,1,300,3.9966666666666666,-174.9211386,77.48306482407071,-216.02189648428526,-192.7135469697344,1110,"{'decomposition': 'ema', 'n_filters': 12, 'slowest': 0.007278775282470501, 'input_scaling': 0.4150388723567341, 'bias_dist': 'foldnorm', 'bias_scaling': 0.04616118346075944, 'lr': 0.9174645206815777, 'sr': 0.7122598989576099, 'rc_connectivity': 0.013316681518519325, 'learning_rate': 0.0003}",dqn,300,linear,0.0003,,,,,,
LunarLander-v3,filterbank+proj,9,300,0.0,-57.00574192,110.4514579456637,98.40039723097114,127.77033310023866,1341,"{'decomposition': 'ema', 'n_filters': 12, 'slowest': 0.022150628564983305, 'input_scaling': 0.3786189199484331, 'bias_dist': 'foldnorm', 'bias_scaling': 0.029687121836807887, 'lr': 0.7474064946212267, 'weight_increment': 0.0011133132425291139, 'min_window': 19, 'max_window': 43, 'use_full_instance': True, 'max_partners': 20, 'homeostasis': 'mean', 'target': 0.75, 'spread': 0.375, 'learning_rate': 0.003}",ppo,300,linear,0.003,,,,,,
LunarLander-v3,filterbank+proj,2,300,0.0,-99.55595732000002,30.12795968043909,-34.85264649355933,-63.49900600338982,1333,"{'decomposition': 'ema', 'n_filters': 12, 'slowest': 0.022150628564983305, 'input_scaling': 0.3786189199484331, 'bias_dist': 'foldnorm', 'bias_scaling': 0.029687121836807887, 'lr': 0.7474064946212267, 'weight_increment': 0.0011133132425291139, 'min_window': 19, 'max_window': 43, 'use_full_instance': True, 'max_partners': 20, 'homeostasis': 'mean', 'target': 0.75, 'spread': 0.375, 'learning_rate': 0.01}",ppo,300,linear,0.01,,,,,,
LunarLander-v3,filterbank+proj,0,300,0.0,182.02952646000003,71.50791225499378,74.26900497759472,174.8142981320132,1348,"{'decomposition': 'ema', 'n_filters': 12, 'slowest': 0.022150628564983305, 'input_scaling': 0.3786189199484331, 'bias_dist': 'foldnorm', 'bias_scaling': 0.029687121836807887, 'lr': 0.7474064946212267, 'weight_increment': 0.0011133132425291139, 'min_window': 19, 'max_window': 43, 'use_full_instance': True, 'max_partners': 20, 'homeostasis': 'mean', 'target': 0.75, 'spread': 0.375, 'learning_rate': 0.01}",ppo,300,linear,0.01,,,,,,
LunarLander-v3,filterbank+proj,7,300,0.0,-99.79887365999998,30.761369383641973,-43.5897602158528,-112.83373631560285,1310,"{'decomposition': 'ema', 'n_filters': 12, 'slowest': 0.022150628564983305, 'input_scaling': 0.3786189199484331, 'bias_dist': 'foldnorm', 'bias_scaling': 0.029687121836807887, 'lr': 0.7474064946212267, 'weight_increment': 0.0011133132425291139, 'min_window': 19, 'max_window': 43, 'use_full_instance': True, 'max_partners': 20, 'homeostasis': 'mean', 'target': 0.75, 'spread': 0.375, 'learning_rate': 0.01}",ppo,300,linear,0.01,,,,,,
LunarLander-v3,filterbank+proj,3,300,0.0,-129.50561575999998,20.151554289270834,-76.52560347531573,-88.8774830651341,1339,"{'decomposition': 'ema', 'n_filters': 12, 'slowest': 0.022150628564983305, 'input_scaling': 0.3786189199484331, 'bias_dist': 'foldnorm', 'bias_scaling': 0.029687121836807887, 'lr': 0.7474064946212267, 'weight_increment': 0.0011133132425291139, 'min_window': 19, 'max_window': 43, 'use_full_instance': True, 'max_partners': 20, 'homeostasis': 'mean', 'target': 0.75, 'spread': 0.375, 'learning_rate': 0.01}",ppo,300,linear,0.01,,,,,,
LunarLander-v3,filterbank+esn,8,300,3.9966666666666666,-159.98593010000002,77.79454806581796,-193.4187156128292,-162.57084222295083,1077,"{'decomposition': 'ema', 'n_filters': 12, 'slowest': 0.007278775282470501, 'input_scaling': 0.4150388723567341, 'bias_dist': 'foldnorm', 'bias_scaling': 0.04616118346075944, 'lr': 0.9174645206815777, 'sr': 0.7122598989576099, 'rc_connectivity': 0.013316681518519325, 'learning_rate': 0.0003}",dqn,300,linear,0.0003,,,,,,
LunarLander-v3,filterbank+proj,4,300,0.0,-117.19746936000001,32.71968040835272,-28.49693378036723,-160.27653069611307,1346,"{'decomposition': 'ema', 'n_filters': 12, 'slowest': 0.022150628564983305, 'input_scaling': 0.3786189199484331, 'bias_dist': 'foldnorm', 'bias_scaling': 0.029687121836807887, 'lr': 0.7474064946212267, 'weight_increment': 0.0011133132425291139, 'min_window': 19, 'max_window': 43, 'use_full_instance': True, 'max_partners': 20, 'homeostasis': 'mean', 'target': 0.75, 'spread': 0.375, 'learning_rate': 0.01}",ppo,300,linear,0.01,,,,,,
LunarLander-v3,filterbank+proj,6,300,0.0,-112.90422358000002,37.16871927583504,-52.17021323911541,-34.14689070588235,1338,"{'decomposition': 'ema', 'n_filters': 12, 'slowest': 0.022150628564983305, 'input_scaling': 0.3786189199484331, 'bias_dist': 'foldnorm', 'bias_scaling': 0.029687121836807887, 'lr': 0.7474064946212267, 'weight_increment': 0.0011133132425291139, 'min_window': 19, 'max_window': 43, 'use_full_instance': True, 'max_partners': 20, 'homeostasis': 'mean', 'target': 0.75, 'spread': 0.375, 'learning_rate': 0.01}",ppo,300,linear,0.01,,,,,,
LunarLander-v3,filterbank+proj,8,300,0.0,-708.51855724,409.56665831357014,-631.4816572405595,-649.1554529545455,1323,"{'decomposition': 'ema', 'n_filters': 12, 'slowest': 0.022150628564983305, 'input_scaling': 0.3786189199484331, 'bias_dist': 'foldnorm', 'bias_scaling': 0.029687121836807887, 'lr': 0.7474064946212267, 'weight_increment': 0.0011133132425291139, 'min_window': 19, 'max_window': 43, 'use_full_instance': True, 'max_partners': 20, 'homeostasis': 'mean', 'target': 0.75, 'spread': 0.375, 'learning_rate': 0.01}",ppo,300,linear,0.01,,,,,,
LunarLander-v3,filterbank+proj,5,300,0.0,68.12084902,73.7294165368783,43.49376019909344,84.93022966433567,1353,"{'decomposition': 'ema', 'n_filters': 12, 'slowest': 0.022150628564983305, 'input_scaling': 0.3786189199484331, 'bias_dist': 'foldnorm', 'bias_scaling': 0.029687121836807887, 'lr': 0.7474064946212267, 'weight_increment': 0.0011133132425291139, 'min_window': 19, 'max_window': 43, 'use_full_instance': True, 'max_partners': 20, 'homeostasis': 'mean', 'target': 0.75, 'spread': 0.375, 'learning_rate': 0.01}",ppo,300,linear,0.01,,,,,,
LunarLander-v3,filterbank+proj,9,300,0.0,-205.78479340000004,59.62176600138059,-102.08192921023226,-192.32696582058827,1343,"{'decomposition': 'ema', 'n_filters': 12, 'slowest': 0.022150628564983305, 'input_scaling': 0.3786189199484331, 'bias_dist': 'foldnorm', 'bias_scaling': 0.029687121836807887, 'lr': 0.7474064946212267, 'weight_increment': 0.0011133132425291139, 'min_window': 19, 'max_window': 43, 'use_full_instance': True, 'max_partners': 20, 'homeostasis': 'mean', 'target': 0.75, 'spread': 0.375, 'learning_rate': 0.01}",ppo,300,linear,0.01,,,,,,
LunarLander-v3,filterbank+esn,9,300,3.9966666666666666,-190.97811407999998,76.88490471889888,-206.0861267852258,-178.0321955958225,1100,"{'decomposition': 'ema', 'n_filters': 12, 'slowest': 0.007278775282470501, 'input_scaling': 0.4150388723567341, 'bias_dist': 'foldnorm', 'bias_scaling': 0.04616118346075944, 'lr': 0.9174645206815777, 'sr': 0.7122598989576099, 'rc_connectivity': 0.013316681518519325, 'learning_rate': 0.0003}",dqn,300,linear,0.0003,,,,,,
LunarLander-v3,filterbank+esn,7,300,3.9966666666666666,1.6808820400000013,160.64577405326818,-170.1804729717925,-96.78631324211165,1124,"{'decomposition': 'ema', 'n_filters': 12, 'slowest': 0.007278775282470501, 'input_scaling': 0.4150388723567341, 'bias_dist': 'foldnorm', 'bias_scaling': 0.04616118346075944, 'lr': 0.9174645206815777, 'sr': 0.7122598989576099, 'rc_connectivity': 0.013316681518519325, 'learning_rate': 0.0003}",dqn,300,linear,0.0003,,,,,,
LunarLander-v3,filterbank+esn,1,300,3.9966666666666666,-161.93564874,68.77141511431226,-200.2860986761368,-184.35760544214284,1080,"{'decomposition': 'ema', 'n_filters': 12, 'slowest': 0.007278775282470501, 'input_scaling': 0.4150388723567341, 'bias_dist': 'foldnorm', 'bias_scaling': 0.04616118346075944, 'lr': 0.9174645206815777, 'sr': 0.7122598989576099, 'rc_connectivity': 0.013316681518519325, 'learning_rate': 0.001}",dqn,300,linear,0.001,,,,,,
LunarLander-v3,filterbank+esn,0,300,3.9966666666666666,-109.36811326000002,67.26420732013824,-176.11939531590338,-127.37372058585859,1100,"{'decomposition': 'ema', 'n_filters': 12, 'slowest': 0.007278775282470501, 'input_scaling': 0.4150388723567341, 'bias_dist': 'foldnorm', 'bias_scaling': 0.04616118346075944, 'lr': 0.9174645206815777, 'sr': 0.7122598989576099, 'rc_connectivity': 0.013316681518519325, 'learning_rate': 0.001}",dqn,300,linear,0.001,,,,,,
LunarLander-v3,filterbank+esn,2,300,3.9966666666666666,-126.16289345999999,86.09969688584457,-183.01036510972978,-149.06734306916243,1067,"{'decomposition': 'ema', 'n_filters': 12, 'slowest': 0.007278775282470501, 'input_scaling': 0.4150388723567341, 'bias_dist': 'foldnorm', 'bias_scaling': 0.04616118346075944, 'lr': 0.9174645206815777, 'sr': 0.7122598989576099, 'rc_connectivity': 0.013316681518519325, 'learning_rate': 0.001}",dqn,300,linear,0.001,,,,,,
LunarLander-v3,filterbank+esn,3,300,3.9966666666666666,-156.37069048,105.39308116010594,-184.17573633158884,-132.22009001208053,1068,"{'decomposition': 'ema', 'n_filters': 12, 'slowest': 0.007278775282470501, 'input_scaling': 0.4150388723567341, 'bias_dist': 'foldnorm', 'bias_scaling': 0.04616118346075944, 'lr': 0.9174645206815777, 'sr': 0.7122598989576099, 'rc_connectivity': 0.013316681518519325, 'learning_rate': 0.001}",dqn,300,linear,0.001,,,,,,
LunarLander-v3,filterbank+esn,4,300,3.9966666666666666,-177.16856482,87.85805300498758,-191.4038618160069,-163.98600142630534,1024,"{'decomposition': 'ema', 'n_filters': 12, 'slowest': 0.007278775282470501, 'input_scaling': 0.4150388723567341, 'bias_dist': 'foldnorm', 'bias_scaling': 0.04616118346075944, 'lr': 0.9174645206815777, 'sr': 0.7122598989576099, 'rc_connectivity': 0.013316681518519325, 'learning_rate': 0.001}",dqn,300,linear,0.001,,,,,,
LunarLander-v3,filterbank+esn,5,300,3.9966666666666666,-186.79236208000003,415.428451640667,-181.01134622829255,-139.73180034329445,1028,"{'decomposition': 'ema', 'n_filters': 12, 'slowest': 0.007278775282470501, 'input_scaling': 0.4150388723567341, 'bias_dist': 'foldnorm', 'bias_scaling': 0.04616118346075944, 'lr': 0.9174645206815777, 'sr': 0.7122598989576099, 'rc_connectivity': 0.013316681518519325, 'learning_rate': 0.001}",dqn,300,linear,0.001,,,,,,
LunarLander-v3,filterbank+esn,6,300,3.9966666666666666,-145.46616584,87.31384387368354,-152.2483485314761,-109.4666725925926,1059,"{'decomposition': 'ema', 'n_filters': 12, 'slowest': 0.007278775282470501, 'input_scaling': 0.4150388723567341, 'bias_dist': 'foldnorm', 'bias_scaling': 0.04616118346075944, 'lr': 0.9174645206815777, 'sr': 0.7122598989576099, 'rc_connectivity': 0.013316681518519325, 'learning_rate': 0.001}",dqn,300,linear,0.001,,,,,,
LunarLander-v3,filterbank+esn,8,300,3.9966666666666666,-139.41167775999998,66.29739527604958,-167.1021308665849,-134.29209306008585,1049,"{'decomposition': 'ema', 'n_filters': 12, 'slowest': 0.007278775282470501, 'input_scaling': 0.4150388723567341, 'bias_dist': 'foldnorm', 'bias_scaling': 0.04616118346075944, 'lr': 0.9174645206815777, 'sr': 0.7122598989576099, 'rc_connectivity': 0.013316681518519325, 'learning_rate': 0.001}",dqn,300,linear,0.001,,,,,,
LunarLander-v3,filterbank+esn,7,300,3.9966666666666666,-148.09708991999997,106.11216544639699,-174.92214379292616,-154.94322230669144,1069,"{'decomposition': 'ema', 'n_filters': 12, 'slowest': 0.007278775282470501, 'input_scaling': 0.4150388723567341, 'bias_dist': 'foldnorm', 'bias_scaling': 0.04616118346075944, 'lr': 0.9174645206815777, 'sr': 0.7122598989576099, 'rc_connectivity': 0.013316681518519325, 'learning_rate': 0.001}",dqn,300,linear,0.001,,,,,,
LunarLander-v3,filterbank+esn,3,300,3.9966666666666666,-60.27887224000001,99.0011795843521,-162.12692135618883,-56.20069558857143,1023,"{'decomposition': 'ema', 'n_filters': 12, 'slowest': 0.007278775282470501, 'input_scaling': 0.4150388723567341, 'bias_dist': 'foldnorm', 'bias_scaling': 0.04616118346075944, 'lr': 0.9174645206815777, 'sr': 0.7122598989576099, 'rc_connectivity': 0.013316681518519325, 'learning_rate': 0.003}",dqn,300,linear,0.003,,,,,,
LunarLander-v3,filterbank+esn,9,300,3.9966666666666666,-158.65635468,104.57755422254884,-176.3622423843822,-139.47065089812006,1068,"{'decomposition': 'ema', 'n_filters': 12, 'slowest': 0.007278775282470501, 'input_scaling': 0.4150388723567341, 'bias_dist': 'foldnorm', 'bias_scaling': 0.04616118346075944, 'lr': 0.9174645206815777, 'sr': 0.7122598989576099, 'rc_connectivity': 0.013316681518519325, 'learning_rate': 0.001}",dqn,300,linear,0.001,,,,,,
LunarLander-v3,filterbank+esn,5,300,3.9966666666666666,-130.4254311,77.43750677337655,-159.31210915034185,-130.28800060594799,1015,"{'decomposition': 'ema', 'n_filters': 12, 'slowest': 0.007278775282470501, 'input_scaling': 0.4150388723567341, 'bias_dist': 'foldnorm', 'bias_scaling': 0.04616118346075944, 'lr': 0.9174645206815777, 'sr': 0.7122598989576099, 'rc_connectivity': 0.013316681518519325, 'learning_rate': 0.003}",dqn,300,linear,0.003,,,,,,
LunarLander-v3,filterbank+esn,1,300,3.9966666666666666,-44.25981264,71.34655764373869,-162.07424910187044,-55.64575893654617,1057,"{'decomposition': 'ema', 'n_filters': 12, 'slowest': 0.007278775282470501, 'input_scaling': 0.4150388723567341, 'bias_dist': 'foldnorm', 'bias_scaling': 0.04616118346075944, 'lr': 0.9174645206815777, 'sr': 0.7122598989576099, 'rc_connectivity': 0.013316681518519325, 'learning_rate': 0.003}",dqn,300,linear,0.003,,,,,,
LunarLander-v3,filterbank+esn,0,300,3.9966666666666666,-66.11083554000001,70.74811970459339,-153.63349465965405,-60.95323529929852,1080,"{'decomposition': 'ema', 'n_filters': 12, 'slowest': 0.007278775282470501, 'input_scaling': 0.4150388723567341, 'bias_dist': 'foldnorm', 'bias_scaling': 0.04616118346075944, 'lr': 0.9174645206815777, 'sr': 0.7122598989576099, 'rc_connectivity': 0.013316681518519325, 'learning_rate': 0.003}",dqn,300,linear,0.003,,,,,,
LunarLander-v3,filterbank+esn,7,300,3.9966666666666666,-133.42505377999998,97.38124958457857,-170.81299705946572,-118.87649642525174,1018,"{'decomposition': 'ema', 'n_filters': 12, 'slowest': 0.007278775282470501, 'input_scaling': 0.4150388723567341, 'bias_dist': 'foldnorm', 'bias_scaling': 0.04616118346075944, 'lr': 0.9174645206815777, 'sr': 0.7122598989576099, 'rc_connectivity': 0.013316681518519325, 'learning_rate': 0.003}",dqn,300,linear,0.003,,,,,,
LunarLander-v3,filterbank+esn,2,300,3.9966666666666666,-47.111643799999996,137.61360063175718,-184.8369747682114,-105.80439979037037,1069,"{'decomposition': 'ema', 'n_filters': 12, 'slowest': 0.007278775282470501, 'input_scaling': 0.4150388723567341, 'bias_dist': 'foldnorm', 'bias_scaling': 0.04616118346075944, 'lr': 0.9174645206815777, 'sr': 0.7122598989576099, 'rc_connectivity': 0.013316681518519325, 'learning_rate': 0.003}",dqn,300,linear,0.003,,,,,,
LunarLander-v3,filterbank+esn,4,300,3.9966666666666666,-35.21120678,60.78124399045819,-152.23685332564568,-61.4893207481805,1063,"{'decomposition': 'ema', 'n_filters': 12, 'slowest': 0.007278775282470501, 'input_scaling': 0.4150388723567341, 'bias_dist': 'foldnorm', 'bias_scaling': 0.04616118346075944, 'lr': 0.9174645206815777, 'sr': 0.7122598989576099, 'rc_connectivity': 0.013316681518519325, 'learning_rate': 0.003}",dqn,300,linear,0.003,,,,,,
LunarLander-v3,filterbank+esn,6,300,3.9966666666666666,-130.75813704,77.42441375106533,-160.73504297432135,-101.16042323550991,1045,"{'decomposition': 'ema', 'n_filters': 12, 'slowest': 0.007278775282470501, 'input_scaling': 0.4150388723567341, 'bias_dist': 'foldnorm', 'bias_scaling': 0.04616118346075944, 'lr': 0.9174645206815777, 'sr': 0.7122598989576099, 'rc_connectivity': 0.013316681518519325, 'learning_rate': 0.003}",dqn,300,linear,0.003,,,,,,
LunarLander-v3,filterbank+hag,0,300,4.416666666666667,-225.17815889999997,123.83274688851006,-239.8992643075718,-218.66115839033944,1037,"{'decomposition': 'ema', 'n_filters': 12, 'slowest': 0.022150628564983305, 'input_scaling': 0.3786189199484331, 'bias_dist': 'foldnorm', 'bias_scaling': 0.029687121836807887, 'lr': 0.7474064946212267, 'weight_increment': 0.0011133132425291139, 'min_window': 19, 'max_window': 43, 'use_full_instance': True, 'max_partners': 20, 'homeostasis': 'mean', 'target': 0.75, 'spread': 0.375, 'learning_rate': 0.0001}",dqn,300,linear,0.0001,,,,,,
LunarLander-v3,filterbank+hag,1,300,3.9366666666666665,-213.67609678,125.21762144853096,-223.21241129870208,-202.1545166051221,1036,"{'decomposition': 'ema', 'n_filters': 12, 'slowest': 0.022150628564983305, 'input_scaling': 0.3786189199484331, 'bias_dist': 'foldnorm', 'bias_scaling': 0.029687121836807887, 'lr': 0.7474064946212267, 'weight_increment': 0.0011133132425291139, 'min_window': 19, 'max_window': 43, 'use_full_instance': True, 'max_partners': 20, 'homeostasis': 'mean', 'target': 0.75, 'spread': 0.375, 'learning_rate': 0.0001}",dqn,300,linear,0.0001,,,,,,
LunarLander-v3,filterbank+esn,9,300,3.9966666666666666,-190.84293106,128.58326285222086,-181.1374712413698,-170.75142607029636,1058,"{'decomposition': 'ema', 'n_filters': 12, 'slowest': 0.007278775282470501, 'input_scaling': 0.4150388723567341, 'bias_dist': 'foldnorm', 'bias_scaling': 0.04616118346075944, 'lr': 0.9174645206815777, 'sr': 0.7122598989576099, 'rc_connectivity': 0.013316681518519325, 'learning_rate': 0.003}",dqn,300,linear,0.003,,,,,,
LunarLander-v3,filterbank+esn,8,300,3.9966666666666666,-70.41661306,99.43794206034356,-167.28078438272243,-83.91682375453368,1067,"{'decomposition': 'ema', 'n_filters': 12, 'slowest': 0.007278775282470501, 'input_scaling': 0.4150388723567341, 'bias_dist': 'foldnorm', 'bias_scaling': 0.04616118346075944, 'lr': 0.9174645206815777, 'sr': 0.7122598989576099, 'rc_connectivity': 0.013316681518519325, 'learning_rate': 0.003}",dqn,300,linear,0.003,,,,,,
LunarLander-v3,filterbank+hag,2,300,4.21,-236.65377137999997,101.72725483469938,-248.49058985850968,-217.1876178149733,1034,"{'decomposition': 'ema', 'n_filters': 12, 'slowest': 0.022150628564983305, 'input_scaling': 0.3786189199484331, 'bias_dist': 'foldnorm', 'bias_scaling': 0.029687121836807887, 'lr': 0.7474064946212267, 'weight_increment': 0.0011133132425291139, 'min_window': 19, 'max_window': 43, 'use_full_instance': True, 'max_partners': 20, 'homeostasis': 'mean', 'target': 0.75, 'spread': 0.375, 'learning_rate': 0.0001}",dqn,300,linear,0.0001,,,,,,
LunarLander-v3,filterbank+hag,4,300,3.98,-213.04246948,100.92995447204811,-236.57751797734113,-211.69694418857495,1033,"{'decomposition': 'ema', 'n_filters': 12, 'slowest': 0.022150628564983305, 'input_scaling': 0.3786189199484331, 'bias_dist': 'foldnorm', 'bias_scaling': 0.029687121836807887, 'lr': 0.7474064946212267, 'weight_increment': 0.0011133132425291139, 'min_window': 19, 'max_window': 43, 'use_full_instance': True, 'max_partners': 20, 'homeostasis': 'mean', 'target': 0.75, 'spread': 0.375, 'learning_rate': 0.0001}",dqn,300,linear,0.0001,,,,,,
LunarLander-v3,filterbank+hag,3,300,3.8266666666666667,-219.39877386000003,125.20801599956002,-234.5657162381918,-224.14454300213563,1059,"{'decomposition': 'ema', 'n_filters': 12, 'slowest': 0.022150628564983305, 'input_scaling': 0.3786189199484331, 'bias_dist': 'foldnorm', 'bias_scaling': 0.029687121836807887, 'lr': 0.7474064946212267, 'weight_increment': 0.0011133132425291139, 'min_window': 19, 'max_window': 43, 'use_full_instance': True, 'max_partners': 20, 'homeostasis': 'mean', 'target': 0.75, 'spread': 0.375, 'learning_rate': 0.0001}",dqn,300,linear,0.0001,,,,,,
LunarLander-v3,filterbank+hag,9,300,5.016666666666667,-250.32728812000002,91.91390465914256,-246.8834259357406,-205.6845162553419,1053,"{'decomposition': 'ema', 'n_filters': 12, 'slowest': 0.022150628564983305, 'input_scaling': 0.3786189199484331, 'bias_dist': 'foldnorm', 'bias_scaling': 0.029687121836807887, 'lr': 0.7474064946212267, 'weight_increment': 0.0011133132425291139, 'min_window': 19, 'max_window': 43, 'use_full_instance': True, 'max_partners': 20, 'homeostasis': 'mean', 'target': 0.75, 'spread': 0.375, 'learning_rate': 0.0001}",dqn,300,linear,0.0001,,,,,,
LunarLander-v3,filterbank+hag,7,300,4.906666666666666,-171.51825471999996,113.7024228121788,-212.41292962706757,-204.9764406353428,1068,"{'decomposition': 'ema', 'n_filters': 12, 'slowest': 0.022150628564983305, 'input_scaling': 0.3786189199484331, 'bias_dist': 'foldnorm', 'bias_scaling': 0.029687121836807887, 'lr': 0.7474064946212267, 'weight_increment': 0.0011133132425291139, 'min_window': 19, 'max_window': 43, 'use_full_instance': True, 'max_partners': 20, 'homeostasis': 'mean', 'target': 0.75, 'spread': 0.375, 'learning_rate': 0.0001}",dqn,300,linear,0.0001,,,,,,
LunarLander-v3,filterbank+hag,5,300,4.093333333333334,-270.84678896,98.86193734081908,-230.71471441310774,-250.87852956579707,1075,"{'decomposition': 'ema', 'n_filters': 12, 'slowest': 0.022150628564983305, 'input_scaling': 0.3786189199484331, 'bias_dist': 'foldnorm', 'bias_scaling': 0.029687121836807887, 'lr': 0.7474064946212267, 'weight_increment': 0.0011133132425291139, 'min_window': 19, 'max_window': 43, 'use_full_instance': True, 'max_partners': 20, 'homeostasis': 'mean', 'target': 0.75, 'spread': 0.375, 'learning_rate': 0.0001}",dqn,300,linear,0.0001,,,,,,
LunarLander-v3,filterbank+hag,8,300,5.98,-229.05694684,117.51154211520041,-218.1498666895634,-212.79004828299838,1071,"{'decomposition': 'ema', 'n_filters': 12, 'slowest': 0.022150628564983305, 'input_scaling': 0.3786189199484331, 'bias_dist': 'foldnorm', 'bias_scaling': 0.029687121836807887, 'lr': 0.7474064946212267, 'weight_increment': 0.0011133132425291139, 'min_window': 19, 'max_window': 43, 'use_full_instance': True, 'max_partners': 20, 'homeostasis': 'mean', 'target': 0.75, 'spread': 0.375, 'learning_rate': 0.0001}",dqn,300,linear,0.0001,,,,,,
LunarLander-v3,filterbank+hag,2,300,4.21,-200.56988394,78.02416843947519,-227.70504049109445,-182.76838831879607,1062,"{'decomposition': 'ema', 'n_filters': 12, 'slowest': 0.022150628564983305, 'input_scaling': 0.3786189199484331, 'bias_dist': 'foldnorm', 'bias_scaling': 0.029687121836807887, 'lr': 0.7474064946212267, 'weight_increment': 0.0011133132425291139, 'min_window': 19, 'max_window': 43, 'use_full_instance': True, 'max_partners': 20, 'homeostasis': 'mean', 'target': 0.75, 'spread': 0.375, 'learning_rate': 0.0003}",dqn,300,linear,0.0003,,,,,,
LunarLander-v3,filterbank+hag,0,300,4.416666666666667,-233.55887083999997,121.5293334937112,-227.12587202727158,-226.44495250253166,1068,"{'decomposition': 'ema', 'n_filters': 12, 'slowest': 0.022150628564983305, 'input_scaling': 0.3786189199484331, 'bias_dist': 'foldnorm', 'bias_scaling': 0.029687121836807887, 'lr': 0.7474064946212267, 'weight_increment': 0.0011133132425291139, 'min_window': 19, 'max_window': 43, 'use_full_instance': True, 'max_partners': 20, 'homeostasis': 'mean', 'target': 0.75, 'spread': 0.375, 'learning_rate': 0.0003}",dqn,300,linear,0.0003,,,,,,
LunarLander-v3,filterbank+hag,6,300,4.223333333333334,-224.85486546,92.88576837789937,-247.7260855283041,-279.3794519424419,1080,"{'decomposition': 'ema', 'n_filters': 12, 'slowest': 0.022150628564983305, 'input_scaling': 0.3786189199484331, 'bias_dist': 'foldnorm', 'bias_scaling': 0.029687121836807887, 'lr': 0.7474064946212267, 'weight_increment': 0.0011133132425291139, 'min_window': 19, 'max_window': 43, 'use_full_instance': True, 'max_partners': 20, 'homeostasis': 'mean', 'target': 0.75, 'spread': 0.375, 'learning_rate': 0.0001}",dqn,300,linear,0.0001,,,,,,
LunarLander-v3,filterbank+hag,1,300,3.9366666666666665,-243.85806036000002,196.3152924071962,-209.75636594407874,-214.3843752877743,1066,"{'decomposition': 'ema', 'n_filters': 12, 'slowest': 0.022150628564983305, 'input_scaling': 0.3786189199484331, 'bias_dist': 'foldnorm', 'bias_scaling': 0.029687121836807887, 'lr': 0.7474064946212267, 'weight_increment': 0.0011133132425291139, 'min_window': 19, 'max_window': 43, 'use_full_instance': True, 'max_partners': 20, 'homeostasis': 'mean', 'target': 0.75, 'spread': 0.375, 'learning_rate': 0.0003}",dqn,300,linear,0.0003,,,,,,
LunarLander-v3,filterbank+hag,6,300,4.223333333333334,-178.78216087999996,95.8260023985807,-222.75200765418788,-220.86002835485783,1053,"{'decomposition': 'ema', 'n_filters': 12, 'slowest': 0.022150628564983305, 'input_scaling': 0.3786189199484331, 'bias_dist': 'foldnorm', 'bias_scaling': 0.029687121836807887, 'lr': 0.7474064946212267, 'weight_increment': 0.0011133132425291139, 'min_window': 19, 'max_window': 43, 'use_full_instance': True, 'max_partners': 20, 'homeostasis': 'mean', 'target': 0.75, 'spread': 0.375, 'learning_rate': 0.0003}",dqn,300,linear,0.0003,,,,,,
LunarLander-v3,filterbank+hag,4,300,3.98,-150.41792913999998,69.71688960587589,-197.48746541919192,-173.37889252435357,1015,"{'decomposition': 'ema', 'n_filters': 12, 'slowest': 0.022150628564983305, 'input_scaling': 0.3786189199484331, 'bias_dist': 'foldnorm', 'bias_scaling': 0.029687121836807887, 'lr': 0.7474064946212267, 'weight_increment': 0.0011133132425291139, 'min_window': 19, 'max_window': 43, 'use_full_instance': True, 'max_partners': 20, 'homeostasis': 'mean', 'target': 0.75, 'spread': 0.375, 'learning_rate': 0.001}",dqn,300,linear,0.001,,,,,,
LunarLander-v3,filterbank+hag,8,300,5.98,-259.6763135,153.27770258357077,-236.55805722986887,-234.1911660292628,1056,"{'decomposition': 'ema', 'n_filters': 12, 'slowest': 0.022150628564983305, 'input_scaling': 0.3786189199484331, 'bias_dist': 'foldnorm', 'bias_scaling': 0.029687121836807887, 'lr': 0.7474064946212267, 'weight_increment': 0.0011133132425291139, 'min_window': 19, 'max_window': 43, 'use_full_instance': True, 'max_partners': 20, 'homeostasis': 'mean', 'target': 0.75, 'spread': 0.375, 'learning_rate': 0.0003}",dqn,300,linear,0.0003,,,,,,
LunarLander-v3,filterbank+hag,3,300,3.8266666666666667,-290.26308115999996,142.11917844855475,-245.1942350101551,-228.04696195145087,1093,"{'decomposition': 'ema', 'n_filters': 12, 'slowest': 0.022150628564983305, 'input_scaling': 0.3786189199484331, 'bias_dist': 'foldnorm', 'bias_scaling': 0.029687121836807887, 'lr': 0.7474064946212267, 'weight_increment': 0.0011133132425291139, 'min_window': 19, 'max_window': 43, 'use_full_instance': True, 'max_partners': 20, 'homeostasis': 'mean', 'target': 0.75, 'spread': 0.375, 'learning_rate': 0.0003}",dqn,300,linear,0.0003,,,,,,
LunarLander-v3,filterbank+hag,7,300,4.906666666666666,-166.4444904,72.13262702670079,-212.62413088881942,-201.08240206424102,1064,"{'decomposition': 'ema', 'n_filters': 12, 'slowest': 0.022150628564983305, 'input_scaling': 0.3786189199484331, 'bias_dist': 'foldnorm', 'bias_scaling': 0.029687121836807887, 'lr': 0.7474064946212267, 'weight_increment': 0.0011133132425291139, 'min_window': 19, 'max_window': 43, 'use_full_instance': True, 'max_partners': 20, 'homeostasis': 'mean', 'target': 0.75, 'spread': 0.375, 'learning_rate': 0.0003}",dqn,300,linear,0.0003,,,,,,
LunarLander-v3,filterbank+hag,4,300,3.98,-266.00381202,120.18218265616196,-218.89332615739102,-205.21809635731705,1086,"{'decomposition': 'ema', 'n_filters': 12, 'slowest': 0.022150628564983305, 'input_scaling': 0.3786189199484331, 'bias_dist': 'foldnorm', 'bias_scaling': 0.029687121836807887, 'lr': 0.7474064946212267, 'weight_increment': 0.0011133132425291139, 'min_window': 19, 'max_window': 43, 'use_full_instance': True, 'max_partners': 20, 'homeostasis': 'mean', 'target': 0.75, 'spread': 0.375, 'learning_rate': 0.0003}",dqn,300,linear,0.0003,,,,,,
LunarLander-v3,filterbank+hag,9,300,5.016666666666667,-145.52522638,70.56885437377984,-187.6113730787447,-155.45751517767295,1052,"{'decomposition': 'ema', 'n_filters': 12, 'slowest': 0.022150628564983305, 'input_scaling': 0.3786189199484331, 'bias_dist': 'foldnorm', 'bias_scaling': 0.029687121836807887, 'lr': 0.7474064946212267, 'weight_increment': 0.0011133132425291139, 'min_window': 19, 'max_window': 43, 'use_full_instance': True, 'max_partners': 20, 'homeostasis': 'mean', 'target': 0.75, 'spread': 0.375, 'learning_rate': 0.0003}",dqn,300,linear,0.0003,,,,,,
LunarLander-v3,filterbank+hag,5,300,4.093333333333334,-220.5503325,134.46290819455942,-201.14754582522238,-184.30991828155905,1079,"{'decomposition': 'ema', 'n_filters': 12, 'slowest': 0.022150628564983305, 'input_scaling': 0.3786189199484331, 'bias_dist': 'foldnorm', 'bias_scaling': 0.029687121836807887, 'lr': 0.7474064946212267, 'weight_increment': 0.0011133132425291139, 'min_window': 19, 'max_window': 43, 'use_full_instance': True, 'max_partners': 20, 'homeostasis': 'mean', 'target': 0.75, 'spread': 0.375, 'learning_rate': 0.0003}",dqn,300,linear,0.0003,,,,,,
LunarLander-v3,filterbank+hag,3,300,3.8266666666666667,-125.34438767999998,157.08062255806223,-183.12832956365156,-75.42037935244845,1040,"{'decomposition': 'ema', 'n_filters': 12, 'slowest': 0.022150628564983305, 'input_scaling': 0.3786189199484331, 'bias_dist': 'foldnorm', 'bias_scaling': 0.029687121836807887, 'lr': 0.7474064946212267, 'weight_increment': 0.0011133132425291139, 'min_window': 19, 'max_window': 43, 'use_full_instance': True, 'max_partners': 20, 'homeostasis': 'mean', 'target': 0.75, 'spread': 0.375, 'learning_rate': 0.001}",dqn,300,linear,0.001,,,,,,
LunarLander-v3,filterbank+hag,0,300,4.416666666666667,-137.06657064,64.08492402195189,-179.30360542007688,-143.3311034019851,1074,"{'decomposition': 'ema', 'n_filters': 12, 'slowest': 0.022150628564983305, 'input_scaling': 0.3786189199484331, 'bias_dist': 'foldnorm', 'bias_scaling': 0.029687121836807887, 'lr': 0.7474064946212267, 'weight_increment': 0.0011133132425291139, 'min_window': 19, 'max_window': 43, 'use_full_instance': True, 'max_partners': 20, 'homeostasis': 'mean', 'target': 0.75, 'spread': 0.375, 'learning_rate': 0.001}",dqn,300,linear,0.001,,,,,,
LunarLander-v3,filterbank+hag,1,300,3.9366666666666665,-158.42005767999999,131.53407791549532,-180.98350431224628,-138.78654991255465,1073,"{'decomposition': 'ema', 'n_filters': 12, 'slowest': 0.022150628564983305, 'input_scaling': 0.3786189199484331, 'bias_dist': 'foldnorm', 'bias_scaling': 0.029687121836807887, 'lr': 0.7474064946212267, 'weight_increment': 0.0011133132425291139, 'min_window': 19, 'max_window': 43, 'use_full_instance': True, 'max_partners': 20, 'homeostasis': 'mean', 'target': 0.75, 'spread': 0.375, 'learning_rate': 0.001}",dqn,300,linear,0.001,,,,,,
LunarLander-v3,filterbank+hag,2,300,4.21,-164.55331764,81.64180556979137,-188.70705634057538,-167.08698943343285,1082,"{'decomposition': 'ema', 'n_filters': 12, 'slowest': 0.022150628564983305, 'input_scaling': 0.3786189199484331, 'bias_dist': 'foldnorm', 'bias_scaling': 0.029687121836807887, 'lr': 0.7474064946212267, 'weight_increment': 0.0011133132425291139, 'min_window': 19, 'max_window': 43, 'use_full_instance': True, 'max_partners': 20, 'homeostasis': 'mean', 'target': 0.75, 'spread': 0.375, 'learning_rate': 0.001}",dqn,300,linear,0.001,,,,,,
LunarLander-v3,filterbank+hag,5,300,4.093333333333334,-177.59965020000004,76.09323843444884,-170.60076934715937,-171.50086196239718,1067,"{'decomposition': 'ema', 'n_filters': 12, 'slowest': 0.022150628564983305, 'input_scaling': 0.3786189199484331, 'bias_dist': 'foldnorm', 'bias_scaling': 0.029687121836807887, 'lr': 0.7474064946212267, 'weight_increment': 0.0011133132425291139, 'min_window': 19, 'max_window': 43, 'use_full_instance': True, 'max_partners': 20, 'homeostasis': 'mean', 'target': 0.75, 'spread': 0.375, 'learning_rate': 0.001}",dqn,300,linear,0.001,,,,,,
LunarLander-v3,filterbank+hag,6,300,4.223333333333334,-174.87825679999997,81.47747749731701,-172.78602161085914,-134.55588230670926,1078,"{'decomposition': 'ema', 'n_filters': 12, 'slowest': 0.022150628564983305, 'input_scaling': 0.3786189199484331, 'bias_dist': 'foldnorm', 'bias_scaling': 0.029687121836807887, 'lr': 0.7474064946212267, 'weight_increment': 0.0011133132425291139, 'min_window': 19, 'max_window': 43, 'use_full_instance': True, 'max_partners': 20, 'homeostasis': 'mean', 'target': 0.75, 'spread': 0.375, 'learning_rate': 0.001}",dqn,300,linear,0.001,,,,,,
LunarLander-v3,filterbank+hag,9,300,5.016666666666667,-101.47822184,77.25786559077568,-169.85746054570342,-110.57404944226191,1066,"{'decomposition': 'ema', 'n_filters': 12, 'slowest': 0.022150628564983305, 'input_scaling': 0.3786189199484331, 'bias_dist': 'foldnorm', 'bias_scaling': 0.029687121836807887, 'lr': 0.7474064946212267, 'weight_increment': 0.0011133132425291139, 'min_window': 19, 'max_window': 43, 'use_full_instance': True, 'max_partners': 20, 'homeostasis': 'mean', 'target': 0.75, 'spread': 0.375, 'learning_rate': 0.001}",dqn,300,linear,0.001,,,,,,
LunarLander-v3,filterbank+hag,7,300,4.906666666666666,-119.22163903999999,137.96458015882433,-181.34819486272616,-117.82355199484867,1091,"{'decomposition': 'ema', 'n_filters': 12, 'slowest': 0.022150628564983305, 'input_scaling': 0.3786189199484331, 'bias_dist': 'foldnorm', 'bias_scaling': 0.029687121836807887, 'lr': 0.7474064946212267, 'weight_increment': 0.0011133132425291139, 'min_window': 19, 'max_window': 43, 'use_full_instance': True, 'max_partners': 20, 'homeostasis': 'mean', 'target': 0.75, 'spread': 0.375, 'learning_rate': 0.001}",dqn,300,linear,0.001,,,,,,
LunarLander-v3,filterbank+hag,8,300,5.98,-187.45660776,82.64862253507142,-210.30699637306446,-194.3249155552221,1078,"{'decomposition': 'ema', 'n_filters': 12, 'slowest': 0.022150628564983305, 'input_scaling': 0.3786189199484331, 'bias_dist': 'foldnorm', 'bias_scaling': 0.029687121836807887, 'lr': 0.7474064946212267, 'weight_increment': 0.0011133132425291139, 'min_window': 19, 'max_window': 43, 'use_full_instance': True, 'max_partners': 20, 'homeostasis': 'mean', 'target': 0.75, 'spread': 0.375, 'learning_rate': 0.001}",dqn,300,linear,0.001,,,,,,
LunarLander-v3,filterbank+hag,0,300,4.416666666666667,-131.35582398,110.362541174642,-168.67840898559575,-139.5789077652711,1072,"{'decomposition': 'ema', 'n_filters': 12, 'slowest': 0.022150628564983305, 'input_scaling': 0.3786189199484331, 'bias_dist': 'foldnorm', 'bias_scaling': 0.029687121836807887, 'lr': 0.7474064946212267, 'weight_increment': 0.0011133132425291139, 'min_window': 19, 'max_window': 43, 'use_full_instance': True, 'max_partners': 20, 'homeostasis': 'mean', 'target': 0.75, 'spread': 0.375, 'learning_rate': 0.003}",dqn,300,linear,0.003,,,,,,
LunarLander-v3,filterbank+hag,1,300,3.9366666666666665,-97.65090964,57.62744757047733,-172.40347460427515,-128.34568515147362,1070,"{'decomposition': 'ema', 'n_filters': 12, 'slowest': 0.022150628564983305, 'input_scaling': 0.3786189199484331, 'bias_dist': 'foldnorm', 'bias_scaling': 0.029687121836807887, 'lr': 0.7474064946212267, 'weight_increment': 0.0011133132425291139, 'min_window': 19, 'max_window': 43, 'use_full_instance': True, 'max_partners': 20, 'homeostasis': 'mean', 'target': 0.75, 'spread': 0.375, 'learning_rate': 0.003}",dqn,300,linear,0.003,,,,,,
LunarLander-v3,filterbank+hag,2,300,4.21,-113.12662118,90.7123211040977,-160.80955775779114,-123.63050368226003,1036,"{'decomposition': 'ema', 'n_filters': 12, 'slowest': 0.022150628564983305, 'input_scaling': 0.3786189199484331, 'bias_dist': 'foldnorm', 'bias_scaling': 0.029687121836807887, 'lr': 0.7474064946212267, 'weight_increment': 0.0011133132425291139, 'min_window': 19, 'max_window': 43, 'use_full_instance': True, 'max_partners': 20, 'homeostasis': 'mean', 'target': 0.75, 'spread': 0.375, 'learning_rate': 0.003}",dqn,300,linear,0.003,,,,,,
LunarLander-v3,filterbank+hag,3,300,3.8266666666666667,-123.2739559,67.75972857757156,-164.70007435799897,-124.51524352429023,1006,"{'decomposition': 'ema', 'n_filters': 12, 'slowest': 0.022150628564983305, 'input_scaling': 0.3786189199484331, 'bias_dist': 'foldnorm', 'bias_scaling': 0.029687121836807887, 'lr': 0.7474064946212267, 'weight_increment': 0.0011133132425291139, 'min_window': 19, 'max_window': 43, 'use_full_instance': True, 'max_partners': 20, 'homeostasis': 'mean', 'target': 0.75, 'spread': 0.375, 'learning_rate': 0.003}",dqn,300,linear,0.003,,,,,,
LunarLander-v3,filterbank+esn,0,315,23.085714285714285,-59.58157508697481,127.3605662925645,-111.58774810520515,-67.23405664561227,98,"{'decomposition': 'legendre', 'n_filters': 8, 'slowest': 0.03209274857178588, 'input_scaling': 0.7632024675298855, 'bias_dist': 'foldnorm', 'bias_scaling': 0.4964265298181534, 'lr': 0.8679470826261966, 'sr': 0.1312185345194985, 'rc_connectivity': 0.07328368087866646, 'ridge': 2.542170698533713e-05, 'gamma': 0.9581640450668604}",lspi,300,linear,,-115.64634227082794,16.0,"[-359.09581185933473, -283.81480848032146, -132.98861073133193, -147.09323971351122, -134.59975440318772, -129.5282024086424, -125.00637746049097, -30.568535605656358, -120.9810818187149, -165.56384995517405, -90.4406364614312, -65.5205484018916, -101.13677372041433, -66.72080888861169, -94.5434973055072, 5.2680019102528615, 18.447101425014644, -106.04873298390169, -73.71876978109191, -109.27190877261155]",,,
LunarLander-v3,filterbank+esn,1,315,23.085714285714285,-54.7163358814315,103.55521767208923,-95.71702361170752,-63.94584692027401,97,"{'decomposition': 'legendre', 'n_filters': 8, 'slowest': 0.03209274857178588, 'input_scaling': 0.7632024675298855, 'bias_dist': 'foldnorm', 'bias_scaling': 0.4964265298181534, 'lr': 0.8679470826261966, 'sr': 0.1312185345194985, 'rc_connectivity': 0.07328368087866646, 'ridge': 2.542170698533713e-05, 'gamma': 0.9581640450668604}",lspi,300,linear,,-88.85751278806814,14.0,"[-217.9586591821178, -97.44344446615861, -118.88454140090803, -178.60313998256876, -55.36405566475719, -113.78723588151854, -116.33041776425164, -67.99501543797473, -29.16358421764726, -111.33211111376491, -125.29196417783089, -103.77674858912451, -41.261553560130906, -63.88055834724548, -28.02711349445844, -56.30267846826263, -76.56089592589977, -49.988235932523764, -81.64651199225742, -43.5517901619615]",,,
LunarLander-v3,filterbank+hag,4,300,3.98,-113.6168745,66.86959804489123,-169.84833725908277,-128.349110464593,1036,"{'decomposition': 'ema', 'n_filters': 12, 'slowest': 0.022150628564983305, 'input_scaling': 0.3786189199484331, 'bias_dist': 'foldnorm', 'bias_scaling': 0.029687121836807887, 'lr': 0.7474064946212267, 'weight_increment': 0.0011133132425291139, 'min_window': 19, 'max_window': 43, 'use_full_instance': True, 'max_partners': 20, 'homeostasis': 'mean', 'target': 0.75, 'spread': 0.375, 'learning_rate': 0.003}",dqn,300,linear,0.003,,,,,,
LunarLander-v3,filterbank+hag,7,300,4.906666666666666,-84.15377392,39.865371752883576,-174.031945621767,-132.39662687646654,1016,"{'decomposition': 'ema', 'n_filters': 12, 'slowest': 0.022150628564983305, 'input_scaling': 0.3786189199484331, 'bias_dist': 'foldnorm', 'bias_scaling': 0.029687121836807887, 'lr': 0.7474064946212267, 'weight_increment': 0.0011133132425291139, 'min_window': 19, 'max_window': 43, 'use_full_instance': True, 'max_partners': 20, 'homeostasis': 'mean', 'target': 0.75, 'spread': 0.375, 'learning_rate': 0.003}",dqn,300,linear,0.003,,,,,,
LunarLander-v3,filterbank+hag,5,300,4.093333333333334,-172.72489352,72.14878749388117,-188.2140460813245,-199.33490144069995,1057,"{'decomposition': 'ema', 'n_filters': 12, 'slowest': 0.022150628564983305, 'input_scaling': 0.3786189199484331, 'bias_dist': 'foldnorm', 'bias_scaling': 0.029687121836807887, 'lr': 0.7474064946212267, 'weight_increment': 0.0011133132425291139, 'min_window': 19, 'max_window': 43, 'use_full_instance': True, 'max_partners': 20, 'homeostasis': 'mean', 'target': 0.75, 'spread': 0.375, 'learning_rate': 0.003}",dqn,300,linear,0.003,,,,,,
LunarLander-v3,filterbank+proj,2,300,0.0,-197.16071562000002,134.91258302496973,-253.93956346044263,-226.46789505783386,1010,"{'decomposition': 'ema', 'n_filters': 12, 'slowest': 0.022150628564983305, 'input_scaling': 0.3786189199484331, 'bias_dist': 'foldnorm', 'bias_scaling': 0.029687121836807887, 'lr': 0.7474064946212267, 'weight_increment': 0.0011133132425291139, 'min_window': 19, 'max_window': 43, 'use_full_instance': True, 'max_partners': 20, 'homeostasis': 'mean', 'target': 0.75, 'spread': 0.375, 'learning_rate': 0.0001}",dqn,300,linear,0.0001,,,,,,
LunarLander-v3,filterbank+hag,6,300,4.223333333333334,-120.5183489,73.76889719327866,-165.02440700431174,-123.4876201604312,1063,"{'decomposition': 'ema', 'n_filters': 12, 'slowest': 0.022150628564983305, 'input_scaling': 0.3786189199484331, 'bias_dist': 'foldnorm', 'bias_scaling': 0.029687121836807887, 'lr': 0.7474064946212267, 'weight_increment': 0.0011133132425291139, 'min_window': 19, 'max_window': 43, 'use_full_instance': True, 'max_partners': 20, 'homeostasis': 'mean', 'target': 0.75, 'spread': 0.375, 'learning_rate': 0.003}",dqn,300,linear,0.003,,,,,,
LunarLander-v3,filterbank+esn,2,315,23.085714285714285,-44.15148832419416,80.07183408499358,-78.00912095311995,16.38239436330587,97,"{'decomposition': 'legendre', 'n_filters': 8, 'slowest': 0.03209274857178588, 'input_scaling': 0.7632024675298855, 'bias_dist': 'foldnorm', 'bias_scaling': 0.4964265298181534, 'lr': 0.8679470826261966, 'sr': 0.1312185345194985, 'rc_connectivity': 0.07328368087866646, 'ridge': 2.542170698533713e-05, 'gamma': 0.9581640450668604}",lspi,300,linear,,-61.610254512573604,13.0,"[-210.47492624916464, -70.65781476640014, -152.59417409023123, -229.9911653820779, -119.59592916711635, -151.98699176186616, -118.98908622919271, -114.9123653542666, -34.60886586489545, 8.934749972729236, -5.370003372000873, -97.33916759745718, 24.604377976388694, 47.5893807072453, -33.623333630250364, -32.03503468993032, -9.475341461137464, 24.258580128784175, 4.830649380534844, 39.231371198833074]",,,
LunarLander-v3,filterbank+hag,9,300,5.016666666666667,-87.12412688000002,102.57280496564496,-163.25984613068073,-106.81431248569652,1041,"{'decomposition': 'ema', 'n_filters': 12, 'slowest': 0.022150628564983305, 'input_scaling': 0.3786189199484331, 'bias_dist': 'foldnorm', 'bias_scaling': 0.029687121836807887, 'lr': 0.7474064946212267, 'weight_increment': 0.0011133132425291139, 'min_window': 19, 'max_window': 43, 'use_full_instance': True, 'max_partners': 20, 'homeostasis': 'mean', 'target': 0.75, 'spread': 0.375, 'learning_rate': 0.003}",dqn,300,linear,0.003,,,,,,
LunarLander-v3,filterbank+hag,8,300,5.98,-121.64159194,57.050594123666905,-162.13911160970196,-139.41089701585287,1061,"{'decomposition': 'ema', 'n_filters': 12, 'slowest': 0.022150628564983305, 'input_scaling': 0.3786189199484331, 'bias_dist': 'foldnorm', 'bias_scaling': 0.029687121836807887, 'lr': 0.7474064946212267, 'weight_increment': 0.0011133132425291139, 'min_window': 19, 'max_window': 43, 'use_full_instance': True, 'max_partners': 20, 'homeostasis': 'mean', 'target': 0.75, 'spread': 0.375, 'learning_rate': 0.003}",dqn,300,linear,0.003,,,,,,
LunarLander-v3,filterbank+proj,0,300,0.0,-176.80930433999998,106.0044630900376,-225.48125362096408,-201.48462255469255,1060,"{'decomposition': 'ema', 'n_filters': 12, 'slowest': 0.022150628564983305, 'input_scaling': 0.3786189199484331, 'bias_dist': 'foldnorm', 'bias_scaling': 0.029687121836807887, 'lr': 0.7474064946212267, 'weight_increment': 0.0011133132425291139, 'min_window': 19, 'max_window': 43, 'use_full_instance': True, 'max_partners': 20, 'homeostasis': 'mean', 'target': 0.75, 'spread': 0.375, 'learning_rate': 0.0001}",dqn,300,linear,0.0001,,,,,,
LunarLander-v3,filterbank+proj,1,300,0.0,-264.20833362,128.47949156392352,-228.0490234355904,-262.42390594938274,1073,"{'decomposition': 'ema', 'n_filters': 12, 'slowest': 0.022150628564983305, 'input_scaling': 0.3786189199484331, 'bias_dist': 'foldnorm', 'bias_scaling': 0.029687121836807887, 'lr': 0.7474064946212267, 'weight_increment': 0.0011133132425291139, 'min_window': 19, 'max_window': 43, 'use_full_instance': True, 'max_partners': 20, 'homeostasis': 'mean', 'target': 0.75, 'spread': 0.375, 'learning_rate': 0.0001}",dqn,300,linear,0.0001,,,,,,
LunarLander-v3,filterbank+proj,6,300,0.0,-188.12830679999996,95.62704344492049,-240.61350297929528,-212.19410372278335,1035,"{'decomposition': 'ema', 'n_filters': 12, 'slowest': 0.022150628564983305, 'input_scaling': 0.3786189199484331, 'bias_dist': 'foldnorm', 'bias_scaling': 0.029687121836807887, 'lr': 0.7474064946212267, 'weight_increment': 0.0011133132425291139, 'min_window': 19, 'max_window': 43, 'use_full_instance': True, 'max_partners': 20, 'homeostasis': 'mean', 'target': 0.75, 'spread': 0.375, 'learning_rate': 0.0001}",dqn,300,linear,0.0001,,,,,,
LunarLander-v3,filterbank+esn,3,315,23.085714285714285,-108.45760043135401,101.27176593278406,-114.01642996840614,-140.12928566285382,99,"{'decomposition': 'legendre', 'n_filters': 8, 'slowest': 0.03209274857178588, 'input_scaling': 0.7632024675298855, 'bias_dist': 'foldnorm', 'bias_scaling': 0.4964265298181534, 'lr': 0.8679470826261966, 'sr': 0.1312185345194985, 'rc_connectivity': 0.07328368087866646, 'ridge': 2.542170698533713e-05, 'gamma': 0.9581640450668604}",lspi,300,linear,,-130.3589643034805,2.0,"[-215.37874137670855, -186.37372260756337, -20.65948089919335, -328.2979707192844, -160.01627680522986, -67.93686838921978, -84.15934013105633, -92.74070743650907, -50.01058258030258, -85.70944516028263, -46.80111121136603, -102.8340988718649, -105.61902704954586, -128.13042093598497, -104.58892453928615, -92.54960163021094, -234.39242320234808, -96.94654396094772, -218.06953686058873, -185.96446170211618]",,,
LunarLander-v3,filterbank+esn,4,315,23.085714285714285,-17.177061864864417,120.70202220095476,-93.0603123026548,38.908263169312,103,"{'decomposition': 'legendre', 'n_filters': 8, 'slowest': 0.03209274857178588, 'input_scaling': 0.7632024675298855, 'bias_dist': 'foldnorm', 'bias_scaling': 0.4964265298181534, 'lr': 0.8679470826261966, 'sr': 0.1312185345194985, 'rc_connectivity': 0.07328368087866646, 'ridge': 2.542170698533713e-05, 'gamma': 0.9581640450668604}",lspi,300,linear,,-88.25593975922249,19.0,"[-296.0314022895823, -212.37308045234627, -195.5681500378514, -200.04525908741775, -152.00977129149965, -104.0672691629566, -40.0204577740714, -98.32266036204875, -176.71599073965996, -6.069264523955974, -40.60073253394434, 23.116366512692775, -85.47494021711302, -63.53203156635423, -150.92614632851024, -29.690300114181355, -53.145409933519225, 49.93142653183189, -21.539758147653323, 87.9660363336914]",,,
LunarLander-v3,filterbank+proj,4,300,0.0,-300.10790746,141.12156289740184,-258.1377815753735,-250.0867756086957,1074,"{'decomposition': 'ema', 'n_filters': 12, 'slowest': 0.022150628564983305, 'input_scaling': 0.3786189199484331, 'bias_dist': 'foldnorm', 'bias_scaling': 0.029687121836807887, 'lr': 0.7474064946212267, 'weight_increment': 0.0011133132425291139, 'min_window': 19, 'max_window': 43, 'use_full_instance': True, 'max_partners': 20, 'homeostasis': 'mean', 'target': 0.75, 'spread': 0.375, 'learning_rate': 0.0001}",dqn,300,linear,0.0001,,,,,,
LunarLander-v3,filterbank+esn,5,315,23.085714285714285,-27.901779192500758,149.59886315781273,-102.05661802922522,-57.46183031724225,99,"{'decomposition': 'legendre', 'n_filters': 8, 'slowest': 0.03209274857178588, 'input_scaling': 0.7632024675298855, 'bias_dist': 'foldnorm', 'bias_scaling': 0.4964265298181534, 'lr': 0.8679470826261966, 'sr': 0.1312185345194985, 'rc_connectivity': 0.07328368087866646, 'ridge': 2.542170698533713e-05, 'gamma': 0.9581640450668604}",lspi,300,linear,,-125.1266045046448,14.0,"[-148.62048616118398, -247.7801674045376, -209.12923112376546, -234.64001628933178, -199.6390602494067, -274.7953951982335, -85.10241621503909, -110.44837074158355, -87.83086481800537, -139.96458231690605, -48.98459537899909, -64.52296825384232, -129.98217520252288, -124.37703346363112, -34.88115788399638, -48.723933501490436, -53.10146313130866, -97.21092040165097, -56.84742036286965, -105.94983199459116]",,,
LunarLander-v3,filterbank+proj,5,300,0.0,-232.01441551999997,102.98312163253551,-214.91670785892472,-218.5072512973118,1065,"{'decomposition': 'ema', 'n_filters': 12, 'slowest': 0.022150628564983305, 'input_scaling': 0.3786189199484331, 'bias_dist': 'foldnorm', 'bias_scaling': 0.029687121836807887, 'lr': 0.7474064946212267, 'weight_increment': 0.0011133132425291139, 'min_window': 19, 'max_window': 43, 'use_full_instance': True, 'max_partners': 20, 'homeostasis': 'mean', 'target': 0.75, 'spread': 0.375, 'learning_rate': 0.0001}",dqn,300,linear,0.0001,,,,,,
LunarLander-v3,filterbank+proj,7,300,0.0,-226.11029045999996,108.62391037885774,-227.92855523544114,-217.66991950581397,1044,"{'decomposition': 'ema', 'n_filters': 12, 'slowest': 0.022150628564983305, 'input_scaling': 0.3786189199484331, 'bias_dist': 'foldnorm', 'bias_scaling': 0.029687121836807887, 'lr': 0.7474064946212267, 'weight_increment': 0.0011133132425291139, 'min_window': 19, 'max_window': 43, 'use_full_instance': True, 'max_partners': 20, 'homeostasis': 'mean', 'target': 0.75, 'spread': 0.375, 'learning_rate': 0.0001}",dqn,300,linear,0.0001,,,,,,
LunarLander-v3,filterbank+esn,6,315,23.085714285714285,-87.97857646562952,131.08259729611643,-122.09653627344368,-107.80996098880276,102,"{'decomposition': 'legendre', 'n_filters': 8, 'slowest': 0.03209274857178588, 'input_scaling': 0.7632024675298855, 'bias_dist': 'foldnorm', 'bias_scaling': 0.4964265298181534, 'lr': 0.8679470826261966, 'sr': 0.1312185345194985, 'rc_connectivity': 0.07328368087866646, 'ridge': 2.542170698533713e-05, 'gamma': 0.9581640450668604}",lspi,300,linear,,-118.897290545801,15.0,"[-201.27388882529849, -428.54807870305467, -159.9804406539839, -280.3231521204936, -135.33779562754984, -100.57881045599376, -25.811025455575823, -44.74703273991131, -33.0110322363217, -54.27971950989662, -85.50353447112659, -87.16137489875813, -101.74117856066282, -151.3231960043361, -125.83874680494557, 3.8846028008763698, -74.45867309206419, -144.1312025109014, -54.57453241780502, -93.20699862821697]",,,
LunarLander-v3,filterbank+proj,3,300,0.0,-216.65426722,83.18357184315067,-252.26961846561264,-277.6155077730096,1108,"{'decomposition': 'ema', 'n_filters': 12, 'slowest': 0.022150628564983305, 'input_scaling': 0.3786189199484331, 'bias_dist': 'foldnorm', 'bias_scaling': 0.029687121836807887, 'lr': 0.7474064946212267, 'weight_increment': 0.0011133132425291139, 'min_window': 19, 'max_window': 43, 'use_full_instance': True, 'max_partners': 20, 'homeostasis': 'mean', 'target': 0.75, 'spread': 0.375, 'learning_rate': 0.0001}",dqn,300,linear,0.0001,,,,,,
LunarLander-v3,filterbank+esn,7,315,23.085714285714285,-5.132640336513277,149.8585964346066,-97.84244099126069,-25.096627031396842,101,"{'decomposition': 'legendre', 'n_filters': 8, 'slowest': 0.03209274857178588, 'input_scaling': 0.7632024675298855, 'bias_dist': 'foldnorm', 'bias_scaling': 0.4964265298181534, 'lr': 0.8679470826261966, 'sr': 0.1312185345194985, 'rc_connectivity': 0.07328368087866646, 'ridge': 2.542170698533713e-05, 'gamma': 0.9581640450668604}",lspi,300,linear,,-84.35483602929276,17.0,"[-301.4195824139057, -242.14738186268886, -175.6164723434922, -185.74504616702768, -145.06051283817575, -33.32810630667386, -16.410332178451323, -107.0229137422594, -18.1563413796252, -92.76201273135287, -64.17925839620932, -18.420337065643917, 1.1124514697064, -95.81247322926215, -109.62084904564185, -94.78306780688845, 27.097936144453957, 48.091104753829406, -37.08441531250075, -25.829110134045568]",,,
LunarLander-v3,filterbank+esn,9,315,23.085714285714285,26.91018097470214,92.01243615046454,-85.00086750689367,5.982578460901561,99,"{'decomposition': 'legendre', 'n_filters': 8, 'slowest': 0.03209274857178588, 'input_scaling': 0.7632024675298855, 'bias_dist': 'foldnorm', 'bias_scaling': 0.4964265298181534, 'lr': 0.8679470826261966, 'sr': 0.1312185345194985, 'rc_connectivity': 0.07328368087866646, 'ridge': 2.542170698533713e-05, 'gamma': 0.9581640450668604}",lspi,300,linear,,-40.94094100402077,17.0,"[-199.98475194862428, -277.3089153881437, -76.06192023482863, -90.82052375933864, -104.13769684295076, -76.15439720574633, -60.729382858772325, -31.71348855570502, 28.92100515113237, -25.89098945541972, 34.69880429933279, 2.4304468737501024, -35.49442610857807, 41.118862675559654, 13.368922461753746, -37.946346607284674, -21.349876097341706, 74.01324598624574, 38.07450301182315, -13.851895477279092]",,,
LunarLander-v3,filterbank+esn,8,315,23.085714285714285,-57.50189189104931,152.0472718276547,-87.41019171156512,-66.02614610832987,103,"{'decomposition': 'legendre', 'n_filters': 8, 'slowest': 0.03209274857178588, 'input_scaling': 0.7632024675298855, 'bias_dist': 'foldnorm', 'bias_scaling': 0.4964265298181534, 'lr': 0.8679470826261966, 'sr': 0.1312185345194985, 'rc_connectivity': 0.07328368087866646, 'ridge': 2.542170698533713e-05, 'gamma': 0.9581640450668604}",lspi,300,linear,,-103.67686540910998,10.0,"[-318.8246807210425, -191.98329725993966, -203.17830715334162, -78.90345497222935, -191.1984859399442, -235.46276466765306, -83.79405841392182, -108.84118706379518, -122.98510531638374, -56.01388395410845, 54.880774412410666, 23.999646381907404, -17.130568971888458, 41.12131940465186, -24.0011432761325, -111.91994003045563, -123.87423622986418, -116.54795247918082, -60.97643152535677, -147.9035504059312]",,,
LunarLander-v3,filterbank+proj,0,300,0.0,-285.24606738,157.5721845233967,-225.39829296188756,-241.99182501927862,1069,"{'decomposition': 'ema', 'n_filters': 12, 'slowest': 0.022150628564983305, 'input_scaling': 0.3786189199484331, 'bias_dist': 'foldnorm', 'bias_scaling': 0.029687121836807887, 'lr': 0.7474064946212267, 'weight_increment': 0.0011133132425291139, 'min_window': 19, 'max_window': 43, 'use_full_instance': True, 'max_partners': 20, 'homeostasis': 'mean', 'target': 0.75, 'spread': 0.375, 'learning_rate': 0.0003}",dqn,300,linear,0.0003,,,,,,
LunarLander-v3,filterbank+hag,0,315,4.479365079365079,-106.16843611882398,112.2474947023943,-139.93955642926932,-121.71311039058338,101,"{'decomposition': 'legendre', 'n_filters': 8, 'slowest': 0.04011657681493965, 'input_scaling': 0.5837943135636782, 'bias_dist': 'foldnorm', 'bias_scaling': 0.412902076619634, 'lr': 0.8728211492696717, 'weight_increment': 0.0013740872217070856, 'min_window': 7, 'max_window': 14, 'use_full_instance': True, 'max_partners': inf, 'homeostasis': 'mean', 'target': 0.78, 'spread': 0.05, 'ridge': 2.6462791154807095e-06, 'gamma': 0.9512668628784811}",lspi,300,linear,,-143.9132238754888,18.0,"[-226.71426596794134, -171.69060582611405, -234.24715760793978, -66.37609739209326, -181.3123017184454, -176.42826423943774, -180.1020336483404, -91.2309541947055, -153.07411220716423, -169.9289110882012, -140.74272263259414, -114.90303332807169, -147.07270163978816, -89.43061061493218, -132.43269789315178, -130.22995114070764, -149.52837092117414, -116.12722057562102, -34.86144251563119, -171.83102235772168]",,,
LunarLander-v3,filterbank+proj,8,300,0.0,-181.49437337999998,109.19405009482101,-247.43947251549855,-237.62019038803416,1082,"{'decomposition': 'ema', 'n_filters': 12, 'slowest': 0.022150628564983305, 'input_scaling': 0.3786189199484331, 'bias_dist': 'foldnorm', 'bias_scaling': 0.029687121836807887, 'lr': 0.7474064946212267, 'weight_increment': 0.0011133132425291139, 'min_window': 19, 'max_window': 43, 'use_full_instance': True, 'max_partners': 20, 'homeostasis': 'mean', 'target': 0.75, 'spread': 0.375, 'learning_rate': 0.0001}",dqn,300,linear,0.0001,,,,,,
LunarLander-v3,filterbank+proj,9,300,0.0,-255.98242488,115.21170124410617,-253.58616515651113,-245.66755437626398,1079,"{'decomposition': 'ema', 'n_filters': 12, 'slowest': 0.022150628564983305, 'input_scaling': 0.3786189199484331, 'bias_dist': 'foldnorm', 'bias_scaling': 0.029687121836807887, 'lr': 0.7474064946212267, 'weight_increment': 0.0011133132425291139, 'min_window': 19, 'max_window': 43, 'use_full_instance': True, 'max_partners': 20, 'homeostasis': 'mean', 'target': 0.75, 'spread': 0.375, 'learning_rate': 0.0001}",dqn,300,linear,0.0001,,,,,,
LunarLander-v3,filterbank+proj,2,300,0.0,-153.30716407999998,66.39818999309158,-237.25601433978497,-208.66702250594227,1041,"{'decomposition': 'ema', 'n_filters': 12, 'slowest': 0.022150628564983305, 'input_scaling': 0.3786189199484331, 'bias_dist': 'foldnorm', 'bias_scaling': 0.029687121836807887, 'lr': 0.7474064946212267, 'weight_increment': 0.0011133132425291139, 'min_window': 19, 'max_window': 43, 'use_full_instance': True, 'max_partners': 20, 'homeostasis': 'mean', 'target': 0.75, 'spread': 0.375, 'learning_rate': 0.0003}",dqn,300,linear,0.0003,,,,,,
LunarLander-v3,filterbank+proj,1,300,0.0,-166.6267651,81.66374578589729,-208.02589951534853,-193.4749850553883,1070,"{'decomposition': 'ema', 'n_filters': 12, 'slowest': 0.022150628564983305, 'input_scaling': 0.3786189199484331, 'bias_dist': 'foldnorm', 'bias_scaling': 0.029687121836807887, 'lr': 0.7474064946212267, 'weight_increment': 0.0011133132425291139, 'min_window': 19, 'max_window': 43, 'use_full_instance': True, 'max_partners': 20, 'homeostasis': 'mean', 'target': 0.75, 'spread': 0.375, 'learning_rate': 0.0003}",dqn,300,linear,0.0003,,,,,,
LunarLander-v3,filterbank+hag,1,315,4.241269841269841,-81.08756215457316,105.22346869879398,-134.10537387388263,-107.22297134722379,103,"{'decomposition': 'legendre', 'n_filters': 8, 'slowest': 0.04011657681493965, 'input_scaling': 0.5837943135636782, 'bias_dist': 'foldnorm', 'bias_scaling': 0.412902076619634, 'lr': 0.8728211492696717, 'weight_increment': 0.0013740872217070856, 'min_window': 7, 'max_window': 14, 'use_full_instance': True, 'max_partners': inf, 'homeostasis': 'mean', 'target': 0.78, 'spread': 0.05, 'ridge': 2.6462791154807095e-06, 'gamma': 0.9512668628784811}",lspi,300,linear,,-137.47604407661214,10.0,"[-255.78179749652435, -241.09661475993965, -152.69060115700103, -221.3873098796643, -143.76214905479776, -116.79493509978504, -232.41630355592451, -204.34885946066476, -100.10439542162274, -80.65975778897491, -28.927601912397648, -104.97488647123927, -117.74309943737606, -148.3718946912979, -75.10870726263076, -64.86674764550675, -153.4468748483909, -78.96227369493013, -157.96517872266944, -70.11089317090462]",,,
LunarLander-v3,filterbank+hag,2,315,4.390476190476191,41.551978428494884,130.35187853005047,-103.49325037531226,19.125496683245963,108,"{'decomposition': 'legendre', 'n_filters': 8, 'slowest': 0.04011657681493965, 'input_scaling': 0.5837943135636782, 'bias_dist': 'foldnorm', 'bias_scaling': 0.412902076619634, 'lr': 0.8728211492696717, 'weight_increment': 0.0013740872217070856, 'min_window': 7, 'max_window': 14, 'use_full_instance': True, 'max_partners': inf, 'homeostasis': 'mean', 'target': 0.78, 'spread': 0.05, 'ridge': 2.6462791154807095e-06, 'gamma': 0.9512668628784811}",lspi,300,linear,,-92.48817574222464,17.0,"[-201.87476709408145, -241.98729755373088, -204.4733438166915, -300.66643013104664, -82.18758515704167, -111.3993877120175, -153.94283203679498, -225.17668907870376, -97.40591748501679, -31.71437551446268, -108.3486507693564, -52.060894026947565, -108.79665440897097, -74.9518643280223, -17.58488787397904, -25.348374610864617, 50.948719497440074, 81.25985961567666, 26.32542708161036, 29.622430558508484]",,,
LunarLander-v3,filterbank+proj,5,300,0.0,-252.63213318,187.7096775693334,-223.07590423483754,-221.0129475,1041,"{'decomposition': 'ema', 'n_filters': 12, 'slowest': 0.022150628564983305, 'input_scaling': 0.3786189199484331, 'bias_dist': 'foldnorm', 'bias_scaling': 0.029687121836807887, 'lr': 0.7474064946212267, 'weight_increment': 0.0011133132425291139, 'min_window': 19, 'max_window': 43, 'use_full_instance': True, 'max_partners': 20, 'homeostasis': 'mean', 'target': 0.75, 'spread': 0.375, 'learning_rate': 0.0003}",dqn,300,linear,0.0003,,,,,,
LunarLander-v3,filterbank+proj,6,300,0.0,-189.45296272,59.55314138582612,-206.4515503962504,-182.99624099944688,1043,"{'decomposition': 'ema', 'n_filters': 12, 'slowest': 0.022150628564983305, 'input_scaling': 0.3786189199484331, 'bias_dist': 'foldnorm', 'bias_scaling': 0.029687121836807887, 'lr': 0.7474064946212267, 'weight_increment': 0.0011133132425291139, 'min_window': 19, 'max_window': 43, 'use_full_instance': True, 'max_partners': 20, 'homeostasis': 'mean', 'target': 0.75, 'spread': 0.375, 'learning_rate': 0.0003}",dqn,300,linear,0.0003,,,,,,
LunarLander-v3,filterbank+proj,9,300,0.0,-176.19604508,93.04385458069727,-217.00847437497907,-177.1908514127161,1044,"{'decomposition': 'ema', 'n_filters': 12, 'slowest': 0.022150628564983305, 'input_scaling': 0.3786189199484331, 'bias_dist': 'foldnorm', 'bias_scaling': 0.029687121836807887, 'lr': 0.7474064946212267, 'weight_increment': 0.0011133132425291139, 'min_window': 19, 'max_window': 43, 'use_full_instance': True, 'max_partners': 20, 'homeostasis': 'mean', 'target': 0.75, 'spread': 0.375, 'learning_rate': 0.0003}",dqn,300,linear,0.0003,,,,,,
LunarLander-v3,filterbank+proj,3,300,0.0,-250.82793432,116.93903636984236,-239.2389959775421,-217.97034717583665,1072,"{'decomposition': 'ema', 'n_filters': 12, 'slowest': 0.022150628564983305, 'input_scaling': 0.3786189199484331, 'bias_dist': 'foldnorm', 'bias_scaling': 0.029687121836807887, 'lr': 0.7474064946212267, 'weight_increment': 0.0011133132425291139, 'min_window': 19, 'max_window': 43, 'use_full_instance': True, 'max_partners': 20, 'homeostasis': 'mean', 'target': 0.75, 'spread': 0.375, 'learning_rate': 0.0003}",dqn,300,linear,0.0003,,,,,,
LunarLander-v3,filterbank+hag,3,315,3.914285714285714,-52.36836992006739,154.54797886474273,-100.66204821995778,-57.61784548780561,104,"{'decomposition': 'legendre', 'n_filters': 8, 'slowest': 0.04011657681493965, 'input_scaling': 0.5837943135636782, 'bias_dist': 'foldnorm', 'bias_scaling': 0.412902076619634, 'lr': 0.8728211492696717, 'weight_increment': 0.0013740872217070856, 'min_window': 7, 'max_window': 14, 'use_full_instance': True, 'max_partners': inf, 'homeostasis': 'mean', 'target': 0.78, 'spread': 0.05, 'ridge': 2.6462791154807095e-06, 'gamma': 0.9512668628784811}",lspi,300,linear,,-138.98815403786818,17.0,"[-117.02292683515368, -298.1157681450878, -224.65244796428343, -247.32738560731786, -272.8802801605183, -350.3765253760633, -204.786323663844, -223.8541897864856, -66.66879589556451, -100.88447964280853, -82.0598304233871, -179.83401606594015, -30.434501568359728, -74.06537617966416, -26.255840169805868, -82.08602832314929, -68.13375315531762, -15.403475505751029, -52.00233786442707, -62.91879842443484]",,,
LunarLander-v3,filterbank+hag,4,315,4.088888888888889,15.97877740033388,114.20370567687735,-87.03626221824662,7.5047369858342385,104,"{'decomposition': 'legendre', 'n_filters': 8, 'slowest': 0.04011657681493965, 'input_scaling': 0.5837943135636782, 'bias_dist': 'foldnorm', 'bias_scaling': 0.412902076619634, 'lr': 0.8728211492696717, 'weight_increment': 0.0013740872217070856, 'min_window': 7, 'max_window': 14, 'use_full_instance': True, 'max_partners': inf, 'homeostasis': 'mean', 'target': 0.78, 'spread': 0.05, 'ridge': 2.6462791154807095e-06, 'gamma': 0.9512668628784811}",lspi,300,linear,,-94.43953103892792,19.0,"[-416.6179656124441, -192.50723052036082, -299.54248660458836, -269.8295564233757, -175.89840875412602, -125.87650164538528, -149.30948802619523, -84.2904452353003, 10.878170889534761, -74.08457610929605, -38.24000295522624, -26.557693232734685, -80.17282211008107, -7.173221423793836, -5.768569165340341, 24.459808482992855, 32.14864041660399, -6.081843404610417, -40.66555617331532, 36.3391268284837]",,,
LunarLander-v3,filterbank+hag,5,315,4.031746031746032,-216.78133165373515,182.8711816320669,-133.56938012643676,-112.27125472664842,106,"{'decomposition': 'legendre', 'n_filters': 8, 'slowest': 0.04011657681493965, 'input_scaling': 0.5837943135636782, 'bias_dist': 'foldnorm', 'bias_scaling': 0.412902076619634, 'lr': 0.8728211492696717, 'weight_increment': 0.0013740872217070856, 'min_window': 7, 'max_window': 14, 'use_full_instance': True, 'max_partners': inf, 'homeostasis': 'mean', 'target': 0.78, 'spread': 0.05, 'ridge': 2.6462791154807095e-06, 'gamma': 0.9512668628784811}",lspi,300,linear,,-167.20488182057585,9.0,"[-311.2599549179571, -242.619957890954, -163.70316502156044, -156.1632410158938, -235.83628127649618, -210.70055448975978, -195.96693223761184, -190.50272060906872, -77.34303519080062, -67.88531675679494, -167.07798126280855, -176.96370266907897, -164.7286658706786, -111.48435215640234, -169.80307012457175, -223.45828891121178, -117.82830166698454, -135.66659409365576, -108.49002652648797, -116.61549372273889]",,,
LunarLander-v3,filterbank+hag,7,315,4.7365079365079366,-48.25775931848722,136.57443582276198,-111.72616920470443,-31.614762874503402,105,"{'decomposition': 'legendre', 'n_filters': 8, 'slowest': 0.04011657681493965, 'input_scaling': 0.5837943135636782, 'bias_dist': 'foldnorm', 'bias_scaling': 0.412902076619634, 'lr': 0.8728211492696717, 'weight_increment': 0.0013740872217070856, 'min_window': 7, 'max_window': 14, 'use_full_instance': True, 'max_partners': inf, 'homeostasis': 'mean', 'target': 0.78, 'spread': 0.05, 'ridge': 2.6462791154807095e-06, 'gamma': 0.9512668628784811}",lspi,300,linear,,-130.98949188164602,13.0,"[-402.0986592945644, -105.42673426920696, -204.96156496325702, -250.0053003223395, -208.14978790935476, -304.67376239205777, -57.324580821532244, -198.57282286012065, -139.76072648259927, -78.64880706959383, -119.96645324420908, -39.64829694396979, -73.55030458316511, 1.8840754342155293, -114.79378614109812, -56.19908543162997, -54.58685665373785, -61.17878585995702, -119.3240377029504, -32.80356012179224]",,,
LunarLander-v3,filterbank+hag,8,315,5.847619047619047,14.258114083565168,116.38028684158317,-102.15074614149647,-33.59890142953092,107,"{'decomposition': 'legendre', 'n_filters': 8, 'slowest': 0.04011657681493965, 'input_scaling': 0.5837943135636782, 'bias_dist': 'foldnorm', 'bias_scaling': 0.412902076619634, 'lr': 0.8728211492696717, 'weight_increment': 0.0013740872217070856, 'min_window': 7, 'max_window': 14, 'use_full_instance': True, 'max_partners': inf, 'homeostasis': 'mean', 'target': 0.78, 'spread': 0.05, 'ridge': 2.6462791154807095e-06, 'gamma': 0.9512668628784811}",lspi,300,linear,,-110.54084955071403,16.0,"[-145.52863619667002, -523.2974759340916, -132.7540301200059, -350.42356783373435, -94.27548881155425, -246.68440661088772, -186.76200381420156, -112.57734648834601, -207.9447574707714, -169.47044131025913, -80.44498192366311, -41.33022637996047, -88.4089549162799, 47.153768951022336, 21.528314613812757, 67.75279264755439, 128.92470587714095, -23.411927108987587, -6.905882142168506, -65.95644604222949]",,,
LunarLander-v3,filterbank+hag,6,315,4.196825396825397,-6.436030424855794,156.05843226285364,-105.94196679685994,-49.99205697379662,109,"{'decomposition': 'legendre', 'n_filters': 8, 'slowest': 0.04011657681493965, 'input_scaling': 0.5837943135636782, 'bias_dist': 'foldnorm', 'bias_scaling': 0.412902076619634, 'lr': 0.8728211492696717, 'weight_increment': 0.0013740872217070856, 'min_window': 7, 'max_window': 14, 'use_full_instance': True, 'max_partners': inf, 'homeostasis': 'mean', 'target': 0.78, 'spread': 0.05, 'ridge': 2.6462791154807095e-06, 'gamma': 0.9512668628784811}",lspi,300,linear,,-122.4507431110386,18.0,"[-141.80261705110436, -266.0050179276181, -277.8131011748371, -128.75709978787637, -120.49794734516988, -206.8000990627291, -170.3484698818386, -176.55933437985001, -142.39014244927256, -100.56379027746164, -130.9401891974979, -145.98371875567372, -170.7027309659066, -81.18110218211984, -87.84017128644732, 9.800126051033647, -121.73703850517984, -63.31586459200501, 39.83976010916083, 34.58368644162097]",,,
LunarLander-v3,filterbank+proj,0,315,0.0,-9.912429251068982,148.06005444270556,-104.63229008316031,-42.28172820026973,101,"{'decomposition': 'legendre', 'n_filters': 8, 'slowest': 0.04011657681493965, 'input_scaling': 0.5837943135636782, 'bias_dist': 'foldnorm', 'bias_scaling': 0.412902076619634, 'lr': 0.8728211492696717, 'weight_increment': 0.0013740872217070856, 'min_window': 7, 'max_window': 14, 'use_full_instance': True, 'max_partners': inf, 'homeostasis': 'mean', 'target': 0.78, 'spread': 0.05, 'ridge': 2.6462791154807095e-06, 'gamma': 0.9512668628784811}",lspi,300,linear,,-118.92765444718937,19.0,"[-199.02163053294362, -328.3236368416641, -181.25262464705764, -55.49416192524401, -135.2395247787258, -211.0355966016976, -117.4953031773409, -113.25919533162482, -63.204638397290566, -123.09306918893685, -99.09742144941704, -128.96207983666224, -74.6603590001746, -89.05512120514155, 1.3834814337724637, -162.0300830535311, -151.1247746144302, -87.4989862344376, -70.76558262604438, 10.677219064805161]",,,
LunarLander-v3,filterbank+hag,9,315,5.085714285714285,-6.718915130561275,147.21981376410227,-93.95334998644773,-20.57875660648191,106,"{'decomposition': 'legendre', 'n_filters': 8, 'slowest': 0.04011657681493965, 'input_scaling': 0.5837943135636782, 'bias_dist': 'foldnorm', 'bias_scaling': 0.412902076619634, 'lr': 0.8728211492696717, 'weight_increment': 0.0013740872217070856, 'min_window': 7, 'max_window': 14, 'use_full_instance': True, 'max_partners': inf, 'homeostasis': 'mean', 'target': 0.78, 'spread': 0.05, 'ridge': 2.6462791154807095e-06, 'gamma': 0.9512668628784811}",lspi,300,linear,,-62.18503967301566,9.0,"[-219.57894799475903, -362.09667607578086, -79.48443311684562, -213.94465764403944, -103.59647838463793, -39.629424558510586, -135.59990975560842, -4.817265556607174, 10.217008699999019, 64.14581712818404, -16.77603531685107, -22.129469531489086, 44.75754907074933, -65.24855460457675, -9.313190011751624, 26.992223155004375, 13.534489663394078, -14.893763330246452, -24.325836399026183, -91.91323889691355]",,,
LunarLander-v3,filterbank+esn,0,300,3.9966666666666666,237.08816470045986,92.92549977917393,238.38727017305627,,61,"{'decomposition': 'ema', 'n_filters': 12, 'slowest': 0.007278775282470501, 'input_scaling': 0.4150388723567341, 'bias_dist': 'foldnorm', 'bias_scaling': 0.04616118346075944, 'lr': 0.9174645206815777, 'sr': 0.7122598989576099, 'rc_connectivity': 0.013316681518519325}",bc,300,linear,,231.92940733229557,,"[260.272106931657, 216.89487003163504, 199.999955263824, 239.0005518217481, 243.47955261261373]",260.272106931657,0.0,236.52247079999998
LunarLander-v3,filterbank+proj,0,300,0.0,-136.05968438,68.39874506825252,-184.86243041750578,-170.94816814745147,1074,"{'decomposition': 'ema', 'n_filters': 12, 'slowest': 0.022150628564983305, 'input_scaling': 0.3786189199484331, 'bias_dist': 'foldnorm', 'bias_scaling': 0.029687121836807887, 'lr': 0.7474064946212267, 'weight_increment': 0.0011133132425291139, 'min_window': 19, 'max_window': 43, 'use_full_instance': True, 'max_partners': 20, 'homeostasis': 'mean', 'target': 0.75, 'spread': 0.375, 'learning_rate': 0.001}",dqn,300,linear,0.001,,,,,,
LunarLander-v3,filterbank+esn,1,300,3.9966666666666666,265.50312124225604,43.77500469263975,243.97815625132696,,60,"{'decomposition': 'ema', 'n_filters': 12, 'slowest': 0.007278775282470501, 'input_scaling': 0.4150388723567341, 'bias_dist': 'foldnorm', 'bias_scaling': 0.04616118346075944, 'lr': 0.9174645206815777, 'sr': 0.7122598989576099, 'rc_connectivity': 0.013316681518519325}",bc,300,linear,,236.7723829327947,,"[124.72941550035928, 275.30169842922686, 265.9422514353362, 266.1333198155666, 251.75522948348447]",124.72941550035928,1.0,267.57216003999997
LunarLander-v3,filterbank+proj,8,300,0.0,-218.15725030000002,95.50879775572788,-249.05164756486832,-213.0967465176399,1078,"{'decomposition': 'ema', 'n_filters': 12, 'slowest': 0.022150628564983305, 'input_scaling': 0.3786189199484331, 'bias_dist': 'foldnorm', 'bias_scaling': 0.029687121836807887, 'lr': 0.7474064946212267, 'weight_increment': 0.0011133132425291139, 'min_window': 19, 'max_window': 43, 'use_full_instance': True, 'max_partners': 20, 'homeostasis': 'mean', 'target': 0.75, 'spread': 0.375, 'learning_rate': 0.0003}",dqn,300,linear,0.0003,,,,,,
LunarLander-v3,filterbank+esn,2,300,3.9966666666666666,284.04078047940607,17.845196430077653,230.5542263812547,,60,"{'decomposition': 'ema', 'n_filters': 12, 'slowest': 0.007278775282470501, 'input_scaling': 0.4150388723567341, 'bias_dist': 'foldnorm', 'bias_scaling': 0.04616118346075944, 'lr': 0.9174645206815777, 'sr': 0.7122598989576099, 'rc_connectivity': 0.013316681518519325}",bc,300,linear,,215.05300275822054,,"[27.773080711508765, 274.50469451930786, 241.994086149551, 274.6603155345321, 256.332836876203]",27.773080711508765,3.0,272.63419894000003
LunarLander-v3,filterbank+proj,4,300,0.0,-255.70919243999998,134.97498635145635,-212.22547743438173,-206.89997881377698,1089,"{'decomposition': 'ema', 'n_filters': 12, 'slowest': 0.022150628564983305, 'input_scaling': 0.3786189199484331, 'bias_dist': 'foldnorm', 'bias_scaling': 0.029687121836807887, 'lr': 0.7474064946212267, 'weight_increment': 0.0011133132425291139, 'min_window': 19, 'max_window': 43, 'use_full_instance': True, 'max_partners': 20, 'homeostasis': 'mean', 'target': 0.75, 'spread': 0.375, 'learning_rate': 0.0003}",dqn,300,linear,0.0003,,,,,,
LunarLander-v3,filterbank+proj,2,300,0.0,-151.79089648,92.6502802667273,-175.41304184526658,-141.84083174094536,1055,"{'decomposition': 'ema', 'n_filters': 12, 'slowest': 0.022150628564983305, 'input_scaling': 0.3786189199484331, 'bias_dist': 'foldnorm', 'bias_scaling': 0.029687121836807887, 'lr': 0.7474064946212267, 'weight_increment': 0.0011133132425291139, 'min_window': 19, 'max_window': 43, 'use_full_instance': True, 'max_partners': 20, 'homeostasis': 'mean', 'target': 0.75, 'spread': 0.375, 'learning_rate': 0.001}",dqn,300,linear,0.001,,,,,,
LunarLander-v3,filterbank+proj,7,300,0.0,-350.24474518000005,271.6427557279328,-234.28732626081347,-243.3490753181818,1089,"{'decomposition': 'ema', 'n_filters': 12, 'slowest': 0.022150628564983305, 'input_scaling': 0.3786189199484331, 'bias_dist': 'foldnorm', 'bias_scaling': 0.029687121836807887, 'lr': 0.7474064946212267, 'weight_increment': 0.0011133132425291139, 'min_window': 19, 'max_window': 43, 'use_full_instance': True, 'max_partners': 20, 'homeostasis': 'mean', 'target': 0.75, 'spread': 0.375, 'learning_rate': 0.0003}",dqn,300,linear,0.0003,,,,,,
LunarLander-v3,filterbank+proj,1,300,0.0,-194.22379006000003,117.06561171902567,-196.37371454869134,-177.70300580437498,1073,"{'decomposition': 'ema', 'n_filters': 12, 'slowest': 0.022150628564983305, 'input_scaling': 0.3786189199484331, 'bias_dist': 'foldnorm', 'bias_scaling': 0.029687121836807887, 'lr': 0.7474064946212267, 'weight_increment': 0.0011133132425291139, 'min_window': 19, 'max_window': 43, 'use_full_instance': True, 'max_partners': 20, 'homeostasis': 'mean', 'target': 0.75, 'spread': 0.375, 'learning_rate': 0.001}",dqn,300,linear,0.001,,,,,,
LunarLander-v3,filterbank+proj,2,315,0.0,-53.65329587128045,166.60946634917326,-123.67439179926248,-34.24160287407151,101,"{'decomposition': 'legendre', 'n_filters': 8, 'slowest': 0.04011657681493965, 'input_scaling': 0.5837943135636782, 'bias_dist': 'foldnorm', 'bias_scaling': 0.412902076619634, 'lr': 0.8728211492696717, 'weight_increment': 0.0013740872217070856, 'min_window': 7, 'max_window': 14, 'use_full_instance': True, 'max_partners': inf, 'homeostasis': 'mean', 'target': 0.78, 'spread': 0.05, 'ridge': 2.6462791154807095e-06, 'gamma': 0.9512668628784811}",lspi,300,linear,,-137.14155391004346,15.0,"[-139.25415304335243, -236.6095104357908, -184.95244701588877, -404.7528537929313, -158.7497324274264, -166.85850908014157, -171.63094096008356, -180.12384361242715, -157.95386328389003, -109.76414147423152, -132.7672425698488, -160.808073861509, -154.3553301470344, -126.1907069208676, -105.58957885258765, 21.884948668872077, -47.025464177428134, -40.587250111960394, -26.12018847890777, -60.622196623434455]",,,
LunarLander-v3,filterbank+esn,3,300,3.9966666666666666,250.97081651987747,68.8091293933899,136.15783026288355,,61,"{'decomposition': 'ema', 'n_filters': 12, 'slowest': 0.007278775282470501, 'input_scaling': 0.4150388723567341, 'bias_dist': 'foldnorm', 'bias_scaling': 0.04616118346075944, 'lr': 0.9174645206815777, 'sr': 0.7122598989576099, 'rc_connectivity': 0.013316681518519325}",bc,300,linear,,71.73021383567064,,"[-392.12534786021916, 68.59771858414645, 178.13105103709918, 267.51912903281163, 236.52851838451505]",-392.12534786021916,3.0,269.27283955999997
LunarLander-v3,filterbank+proj,1,315,0.0,-62.67892673405391,154.60234214344388,-114.16726876520963,-51.32797850057015,107,"{'decomposition': 'legendre', 'n_filters': 8, 'slowest': 0.04011657681493965, 'input_scaling': 0.5837943135636782, 'bias_dist': 'foldnorm', 'bias_scaling': 0.412902076619634, 'lr': 0.8728211492696717, 'weight_increment': 0.0013740872217070856, 'min_window': 7, 'max_window': 14, 'use_full_instance': True, 'max_partners': inf, 'homeostasis': 'mean', 'target': 0.78, 'spread': 0.05, 'ridge': 2.6462791154807095e-06, 'gamma': 0.9512668628784811}",lspi,300,linear,,-117.0923182674898,14.0,"[-342.49762000962914, -63.357943507260316, -132.37578526622798, -156.22413172520618, -205.23252676972317, -192.97717923908155, -227.4605450123735, -223.6748613450637, -131.27662728462246, -129.9580846619819, -145.15469847591567, -82.13704670505012, -46.87701759672747, -15.101238336674498, 5.406745601432396, -50.380785599902616, -53.32987784952837, -43.41990979511813, -75.03013928341753, -30.787092487724294]",,,
LunarLander-v3,filterbank+esn,5,300,3.9966666666666666,262.7775144385279,58.37882913428751,247.2889378984436,,59,"{'decomposition': 'ema', 'n_filters': 12, 'slowest': 0.007278775282470501, 'input_scaling': 0.4150388723567341, 'bias_dist': 'foldnorm', 'bias_scaling': 0.04616118346075944, 'lr': 0.9174645206815777, 'sr': 0.7122598989576099, 'rc_connectivity': 0.013316681518519325}",bc,300,linear,,216.00385126537967,,"[171.93532960984027, 231.46126272837856, 284.5674706335138, 120.69231967930841, 271.3628736758575]",171.93532960984027,2.0,257.20863082
LunarLander-v3,filterbank+proj,3,315,0.0,-30.170663867780334,125.29927606055544,-100.88610297625603,-39.37533727827421,104,"{'decomposition': 'legendre', 'n_filters': 8, 'slowest': 0.04011657681493965, 'input_scaling': 0.5837943135636782, 'bias_dist': 'foldnorm', 'bias_scaling': 0.412902076619634, 'lr': 0.8728211492696717, 'weight_increment': 0.0013740872217070856, 'min_window': 7, 'max_window': 14, 'use_full_instance': True, 'max_partners': inf, 'homeostasis': 'mean', 'target': 0.78, 'spread': 0.05, 'ridge': 2.6462791154807095e-06, 'gamma': 0.9512668628784811}",lspi,300,linear,,-93.39893952294048,19.0,"[-256.9432660521676, -324.3441932840152, -173.03592053812224, -147.43704407966555, -148.77449258394807, -216.31833782347977, -128.34706252635328, -134.39630633483046, -79.71334883296848, -62.647929901503915, 2.995878112332373, -57.11209443714436, -50.20842158026884, 6.906544102664481, -86.14881019156792, 0.9192813316970373, -21.83879159878841, -24.67348715526352, -25.161555260437037, 58.30056817502132]",,,
LunarLander-v3,filterbank+esn,4,300,3.9966666666666666,227.73582265187605,86.14260836132081,220.21288602431346,,62,"{'decomposition': 'ema', 'n_filters': 12, 'slowest': 0.007278775282470501, 'input_scaling': 0.4150388723567341, 'bias_dist': 'foldnorm', 'bias_scaling': 0.04616118346075944, 'lr': 0.9174645206815777, 'sr': 0.7122598989576099, 'rc_connectivity': 0.013316681518519325}",bc,300,linear,,158.74965425429434,,"[-131.9078838659837, 200.75985103960318, 212.04873072554543, 258.47630517728726, 254.37126819501955]",-131.9078838659837,3.0,231.07235808
LunarLander-v3,filterbank+proj,9,300,0.0,-148.79674803999998,112.76644816190218,-188.0731005029165,-151.97588415258357,1056,"{'decomposition': 'ema', 'n_filters': 12, 'slowest': 0.022150628564983305, 'input_scaling': 0.3786189199484331, 'bias_dist': 'foldnorm', 'bias_scaling': 0.029687121836807887, 'lr': 0.7474064946212267, 'weight_increment': 0.0011133132425291139, 'min_window': 19, 'max_window': 43, 'use_full_instance': True, 'max_partners': 20, 'homeostasis': 'mean', 'target': 0.75, 'spread': 0.375, 'learning_rate': 0.001}",dqn,300,linear,0.001,,,,,,
LunarLander-v3,filterbank+proj,4,315,0.0,26.604134519836435,122.45805885790587,-86.68516366118426,29.448015983075262,101,"{'decomposition': 'legendre', 'n_filters': 8, 'slowest': 0.04011657681493965, 'input_scaling': 0.5837943135636782, 'bias_dist': 'foldnorm', 'bias_scaling': 0.412902076619634, 'lr': 0.8728211492696717, 'weight_increment': 0.0013740872217070856, 'min_window': 7, 'max_window': 14, 'use_full_instance': True, 'max_partners': inf, 'homeostasis': 'mean', 'target': 0.78, 'spread': 0.05, 'ridge': 2.6462791154807095e-06, 'gamma': 0.9512668628784811}",lspi,300,linear,,-90.56323961841267,19.0,"[-305.1213177787404, -130.81538605512037, -211.78973214585972, -212.11785627368081, -119.0499101281135, -199.937555858363, -189.0685551250189, -170.24191358670652, -169.62430673992958, -33.68069957369867, 35.05479191914335, -67.59937898735053, -87.39012057012681, -76.3686595715966, -5.328853941220467, 8.198572156797733, 23.846073820155386, 13.497733236592769, -1.4433549090575226, 87.71563774364085]",,,
LunarLander-v3,filterbank+proj,8,300,0.0,-132.66516544,79.41449415202254,-183.84925078846825,-140.65888138269455,1063,"{'decomposition': 'ema', 'n_filters': 12, 'slowest': 0.022150628564983305, 'input_scaling': 0.3786189199484331, 'bias_dist': 'foldnorm', 'bias_scaling': 0.029687121836807887, 'lr': 0.7474064946212267, 'weight_increment': 0.0011133132425291139, 'min_window': 19, 'max_window': 43, 'use_full_instance': True, 'max_partners': 20, 'homeostasis': 'mean', 'target': 0.75, 'spread': 0.375, 'learning_rate': 0.001}",dqn,300,linear,0.001,,,,,,
LunarLander-v3,filterbank+proj,5,315,0.0,-46.359416929799536,131.85179608889507,-100.98865761957708,-27.616220473804287,104,"{'decomposition': 'legendre', 'n_filters': 8, 'slowest': 0.04011657681493965, 'input_scaling': 0.5837943135636782, 'bias_dist': 'foldnorm', 'bias_scaling': 0.412902076619634, 'lr': 0.8728211492696717, 'weight_increment': 0.0013740872217070856, 'min_window': 7, 'max_window': 14, 'use_full_instance': True, 'max_partners': inf, 'homeostasis': 'mean', 'target': 0.78, 'spread': 0.05, 'ridge': 2.6462791154807095e-06, 'gamma': 0.9512668628784811}",lspi,300,linear,,-107.8486234897147,16.0,"[-239.65938659971343, -284.6407813570077, -67.34897977070666, -81.98828228973035, -145.867178976803, -164.10138242742997, -111.61486844550731, -90.73399783158858, -94.78091720189406, -105.8082972115598, -100.62191188055156, -173.167648739263, -120.74292362623358, -123.73224105948002, -133.8513973794451, -93.71380384431937, 20.267533839729452, 18.398438064412126, -6.348172709687409, -56.91627034751444]",,,
LunarLander-v3,filterbank+proj,7,300,0.0,-149.65328608000002,70.88868612837331,-198.77317015699558,-193.27891863609113,1067,"{'decomposition': 'ema', 'n_filters': 12, 'slowest': 0.022150628564983305, 'input_scaling': 0.3786189199484331, 'bias_dist': 'foldnorm', 'bias_scaling': 0.029687121836807887, 'lr': 0.7474064946212267, 'weight_increment': 0.0011133132425291139, 'min_window': 19, 'max_window': 43, 'use_full_instance': True, 'max_partners': 20, 'homeostasis': 'mean', 'target': 0.75, 'spread': 0.375, 'learning_rate': 0.001}",dqn,300,linear,0.001,,,,,,
LunarLander-v3,filterbank+proj,6,315,0.0,-73.94304599728763,130.7723069524477,-136.29461134018948,-98.61162464927627,100,"{'decomposition': 'legendre', 'n_filters': 8, 'slowest': 0.04011657681493965, 'input_scaling': 0.5837943135636782, 'bias_dist': 'foldnorm', 'bias_scaling': 0.412902076619634, 'lr': 0.8728211492696717, 'weight_increment': 0.0013740872217070856, 'min_window': 7, 'max_window': 14, 'use_full_instance': True, 'max_partners': inf, 'homeostasis': 'mean', 'target': 0.78, 'spread': 0.05, 'ridge': 2.6462791154807095e-06, 'gamma': 0.9512668628784811}",lspi,300,linear,,-165.37571926122047,15.0,"[-269.4719775122737, -146.04666665063377, -271.48399471086975, -130.82411407193763, -298.50564680991204, -207.28845749910965, -206.47758061235223, -192.38002763939585, -184.1886110644131, -247.85760564763558, -119.29835770507839, -150.39584019258703, -75.61506559957326, -111.07979555103968, -189.6486890707459, -24.056273269637046, -88.95720557653992, -118.924262076479, -153.1437195900541, -121.87049437414207]",,,
LunarLander-v3,filterbank+esn,6,300,3.9966666666666666,273.3185113502426,29.229425533461303,224.1758912345498,,63,"{'decomposition': 'ema', 'n_filters': 12, 'slowest': 0.007278775282470501, 'input_scaling': 0.4150388723567341, 'bias_dist': 'foldnorm', 'bias_scaling': 0.04616118346075944, 'lr': 0.9174645206815777, 'sr': 0.7122598989576099, 'rc_connectivity': 0.013316681518519325}",bc,300,linear,,235.71507600250843,,"[98.5631739169039, 251.23014263568126, 281.66968568901495, 270.08475350720425, 277.0276242637377]",98.5631739169039,2.0,253.22411392
LunarLander-v3,filterbank+proj,5,300,0.0,-183.97568081999998,212.31482749290961,-175.04684438111843,-156.5875519259486,1075,"{'decomposition': 'ema', 'n_filters': 12, 'slowest': 0.022150628564983305, 'input_scaling': 0.3786189199484331, 'bias_dist': 'foldnorm', 'bias_scaling': 0.029687121836807887, 'lr': 0.7474064946212267, 'weight_increment': 0.0011133132425291139, 'min_window': 19, 'max_window': 43, 'use_full_instance': True, 'max_partners': 20, 'homeostasis': 'mean', 'target': 0.75, 'spread': 0.375, 'learning_rate': 0.001}",dqn,300,linear,0.001,,,,,,
LunarLander-v3,filterbank+proj,7,315,0.0,-12.647206676126194,159.95766039181197,-112.64934101828214,-32.88613525869592,102,"{'decomposition': 'legendre', 'n_filters': 8, 'slowest': 0.04011657681493965, 'input_scaling': 0.5837943135636782, 'bias_dist': 'foldnorm', 'bias_scaling': 0.412902076619634, 'lr': 0.8728211492696717, 'weight_increment': 0.0013740872217070856, 'min_window': 7, 'max_window': 14, 'use_full_instance': True, 'max_partners': inf, 'homeostasis': 'mean', 'target': 0.78, 'spread': 0.05, 'ridge': 2.6462791154807095e-06, 'gamma': 0.9512668628784811}",lspi,300,linear,,-112.97304131039746,16.0,"[-144.71881627114269, -201.8790581379214, -267.07082882622893, -245.98781810668342, -301.8208066610394, -199.29004840472393, -208.14728080517702, -188.7640205304305, -169.91259220227718, -90.03040387372016, 3.7984301883144793, -78.94167868482762, -6.212746247044855, -79.02827626394549, -70.6332664181802, 20.23312133997004, 108.15404515763866, -83.80371973711542, -6.126473702253563, -49.278588021161035]",,,
LunarLander-v3,filterbank+esn,7,300,3.9966666666666666,265.19678826213953,66.4874612885701,258.0513815058499,,60,"{'decomposition': 'ema', 'n_filters': 12, 'slowest': 0.007278775282470501, 'input_scaling': 0.4150388723567341, 'bias_dist': 'foldnorm', 'bias_scaling': 0.04616118346075944, 'lr': 0.9174645206815777, 'sr': 0.7122598989576099, 'rc_connectivity': 0.013316681518519325}",bc,300,linear,,262.065123406864,,"[234.2388404328969, 281.68764696747604, 233.612244898661, 278.8813851750518, 281.90549956023466]",234.2388404328969,4.0,271.10853438000004
LunarLander-v3,filterbank+proj,8,315,0.0,-18.399930904203543,162.5578797942083,-108.52180766016497,-35.56173040596993,104,"{'decomposition': 'legendre', 'n_filters': 8, 'slowest': 0.04011657681493965, 'input_scaling': 0.5837943135636782, 'bias_dist': 'foldnorm', 'bias_scaling': 0.412902076619634, 'lr': 0.8728211492696717, 'weight_increment': 0.0013740872217070856, 'min_window': 7, 'max_window': 14, 'use_full_instance': True, 'max_partners': inf, 'homeostasis': 'mean', 'target': 0.78, 'spread': 0.05, 'ridge': 2.6462791154807095e-06, 'gamma': 0.9512668628784811}",lspi,300,linear,,-144.9782379503726,10.0,"[-338.4876655330503, -318.1241867476422, -254.83694220869998, -277.0339541557831, -30.39105410220286, -346.75237721020335, -128.67166149645792, -174.6229609391224, -110.39554337359553, 0.1478001850423766, 57.24527507550023, -84.20736790387271, -107.8405689092868, -140.70266853825953, -73.53682566325965, -151.57212366947758, -97.28461225780534, -47.83510450278303, -86.87702442511946, -187.78519263137326]",,,
LunarLander-v3,filterbank+esn,8,300,3.9966666666666666,239.92938967622078,96.97860140557714,178.78463687132495,,61,"{'decomposition': 'ema', 'n_filters': 12, 'slowest': 0.007278775282470501, 'input_scaling': 0.4150388723567341, 'bias_dist': 'foldnorm', 'bias_scaling': 0.04616118346075944, 'lr': 0.9174645206815777, 'sr': 0.7122598989576099, 'rc_connectivity': 0.013316681518519325}",bc,300,linear,,136.04088256556506,,"[-166.2613681228052, 170.52927747609652, 181.02779336903714, 221.72648459281726, 273.18222551267957]",-166.2613681228052,4.0,275.90440995999995
LunarLander-v3,filterbank+proj,9,315,0.0,8.10168934504928,143.15055657005416,-88.8860372496112,26.58940527798939,103,"{'decomposition': 'legendre', 'n_filters': 8, 'slowest': 0.04011657681493965, 'input_scaling': 0.5837943135636782, 'bias_dist': 'foldnorm', 'bias_scaling': 0.412902076619634, 'lr': 0.8728211492696717, 'weight_increment': 0.0013740872217070856, 'min_window': 7, 'max_window': 14, 'use_full_instance': True, 'max_partners': inf, 'homeostasis': 'mean', 'target': 0.78, 'spread': 0.05, 'ridge': 2.6462791154807095e-06, 'gamma': 0.9512668628784811}",lspi,300,linear,,-62.667972066191545,6.0,"[-179.3824363671451, -192.97958274469104, -389.81844448656824, -175.0962765704128, -57.326369876299296, -31.17659915741661, 89.06157351434328, 23.197432355480043, -74.70359420346239, -139.8413785800327, 9.809549731204832, 24.947785166752404, -49.63560231499704, -71.37945352973928, -8.77703502508098, -40.88397948837177, 37.59680269643371, -1.6012593965661863, -6.409931599437878, -18.960641447823985]",,,
LunarLander-v3,filterbank+esn,9,300,3.9966666666666666,284.661032610008,18.393809499326895,247.74194179456416,,60,"{'decomposition': 'ema', 'n_filters': 12, 'slowest': 0.007278775282470501, 'input_scaling': 0.4150388723567341, 'bias_dist': 'foldnorm', 'bias_scaling': 0.04616118346075944, 'lr': 0.9174645206815777, 'sr': 0.7122598989576099, 'rc_connectivity': 0.013316681518519325}",bc,300,linear,,221.10583591671065,,"[64.16276242534339, 280.7738480238562, 201.42570246458612, 275.8021468800084, 283.3647197897592]",64.16276242534339,4.0,282.50863168
LunarLander-v3,filterbank+proj,3,300,0.0,-82.12928848,52.151676397634425,-192.63750092215994,-111.42511140490006,1090,"{'decomposition': 'ema', 'n_filters': 12, 'slowest': 0.022150628564983305, 'input_scaling': 0.3786189199484331, 'bias_dist': 'foldnorm', 'bias_scaling': 0.029687121836807887, 'lr': 0.7474064946212267, 'weight_increment': 0.0011133132425291139, 'min_window': 19, 'max_window': 43, 'use_full_instance': True, 'max_partners': 20, 'homeostasis': 'mean', 'target': 0.75, 'spread': 0.375, 'learning_rate': 0.001}",dqn,300,linear,0.001,,,,,,
LunarLander-v3,filterbank+hag,0,300,4.416666666666667,238.18310618612742,100.94044012163027,217.40094165621704,,64,"{'decomposition': 'ema', 'n_filters': 12, 'slowest': 0.022150628564983305, 'input_scaling': 0.3786189199484331, 'bias_dist': 'foldnorm', 'bias_scaling': 0.029687121836807887, 'lr': 0.7474064946212267, 'weight_increment': 0.0011133132425291139, 'min_window': 19, 'max_window': 43, 'use_full_instance': True, 'max_partners': 20, 'homeostasis': 'mean', 'target': 0.75, 'spread': 0.375}",bc,300,linear,,205.36445366860886,,"[236.02731600732733, 158.21739191801117, 177.2617384667645, 238.8149970983005, 216.50082485264073]",236.02731600732733,3.0,236.52247079999998
LunarLander-v3,filterbank+hag,1,300,3.9366666666666665,266.1228219345083,40.37298447943242,231.4813651055498,,63,"{'decomposition': 'ema', 'n_filters': 12, 'slowest': 0.022150628564983305, 'input_scaling': 0.3786189199484331, 'bias_dist': 'foldnorm', 'bias_scaling': 0.029687121836807887, 'lr': 0.7474064946212267, 'weight_increment': 0.0011133132425291139, 'min_window': 19, 'max_window': 43, 'use_full_instance': True, 'max_partners': 20, 'homeostasis': 'mean', 'target': 0.75, 'spread': 0.375}",bc,300,linear,,192.52709839043965,,"[77.83532403401969, 132.68209718014515, 234.7945346609368, 269.558475697405, 247.76506037969156]",77.83532403401969,3.0,267.57216003999997
LunarLander-v3,filterbank+hag,2,300,4.21,170.91816225299945,158.16919860962727,179.6639688234785,,62,"{'decomposition': 'ema', 'n_filters': 12, 'slowest': 0.022150628564983305, 'input_scaling': 0.3786189199484331, 'bias_dist': 'foldnorm', 'bias_scaling': 0.029687121836807887, 'lr': 0.7474064946212267, 'weight_increment': 0.0011133132425291139, 'min_window': 19, 'max_window': 43, 'use_full_instance': True, 'max_partners': 20, 'homeostasis': 'mean', 'target': 0.75, 'spread': 0.375}",bc,300,linear,,193.9529219148312,,"[129.74560363209451, 267.89097493929614, 151.0573369315424, 240.7985836434434, 180.2721104277795]",129.74560363209451,1.0,272.63419894000003
LunarLander-v3,filterbank+hag,4,300,3.98,191.41851885866487,170.65612149756274,218.38870920862843,,63,"{'decomposition': 'ema', 'n_filters': 12, 'slowest': 0.022150628564983305, 'input_scaling': 0.3786189199484331, 'bias_dist': 'foldnorm', 'bias_scaling': 0.029687121836807887, 'lr': 0.7474064946212267, 'weight_increment': 0.0011133132425291139, 'min_window': 19, 'max_window': 43, 'use_full_instance': True, 'max_partners': 20, 'homeostasis': 'mean', 'target': 0.75, 'spread': 0.375}",bc,300,linear,,211.55625185581547,,"[252.00182098381114, 159.52356926945882, 186.0166768654688, 254.91352398719147, 205.32566817314722]",252.00182098381114,3.0,231.07235808
LunarLander-v3,filterbank+hag,3,300,3.8266666666666667,225.2397448183708,94.63459853298356,192.17242988326825,,64,"{'decomposition': 'ema', 'n_filters': 12, 'slowest': 0.022150628564983305, 'input_scaling': 0.3786189199484331, 'bias_dist': 'foldnorm', 'bias_scaling': 0.029687121836807887, 'lr': 0.7474064946212267, 'weight_increment': 0.0011133132425291139, 'min_window': 19, 'max_window': 43, 'use_full_instance': True, 'max_partners': 20, 'homeostasis': 'mean', 'target': 0.75, 'spread': 0.375}",bc,300,linear,,137.59775707188402,,"[-169.3075928104883, 193.9597069900447, 219.50309455414245, 209.56900297951424, 234.2645736462069]",-169.3075928104883,4.0,269.27283955999997
LunarLander-v3,filterbank+hag,5,300,4.093333333333334,252.5055400899625,67.833821090081,233.942324148497,,63,"{'decomposition': 'ema', 'n_filters': 12, 'slowest': 0.022150628564983305, 'input_scaling': 0.3786189199484331, 'bias_dist': 'foldnorm', 'bias_scaling': 0.029687121836807887, 'lr': 0.7474064946212267, 'weight_increment': 0.0011133132425291139, 'min_window': 19, 'max_window': 43, 'use_full_instance': True, 'max_partners': 20, 'homeostasis': 'mean', 'target': 0.75, 'spread': 0.375}",bc,300,linear,,226.2935405378559,,"[244.7393623859503, 213.96343731501065, 270.06392166854636, 207.37453969729086, 195.32644162248147]",244.7393623859503,2.0,257.20863082
LunarLander-v3,filterbank+hag,6,300,4.223333333333334,276.51072193723735,31.94772986354402,138.31873053712272,,63,"{'decomposition': 'ema', 'n_filters': 12, 'slowest': 0.022150628564983305, 'input_scaling': 0.3786189199484331, 'bias_dist': 'foldnorm', 'bias_scaling': 0.029687121836807887, 'lr': 0.7474064946212267, 'weight_increment': 0.0011133132425291139, 'min_window': 19, 'max_window': 43, 'use_full_instance': True, 'max_partners': 20, 'homeostasis': 'mean', 'target': 0.75, 'spread': 0.375}",bc,300,linear,,118.79749918110592,,"[-153.44637803606952, 34.35595066556906, 243.4843366840567, 195.51763345894142, 274.07595313303193]",-153.44637803606952,4.0,253.22411392
LunarLander-v3,filterbank+hag,8,300,5.98,224.61896428483206,120.8655495680245,141.44530215478426,,63,"{'decomposition': 'ema', 'n_filters': 12, 'slowest': 0.022150628564983305, 'input_scaling': 0.3786189199484331, 'bias_dist': 'foldnorm', 'bias_scaling': 0.029687121836807887, 'lr': 0.7474064946212267, 'weight_increment': 0.0011133132425291139, 'min_window': 19, 'max_window': 43, 'use_full_instance': True, 'max_partners': 20, 'homeostasis': 'mean', 'target': 0.75, 'spread': 0.375}",bc,300,linear,,72.77269952334929,,"[-175.5453207656487, 64.59581017960564, 84.6435625577459, 211.3330104340912, 178.8364352109524]",-175.5453207656487,3.0,275.90440995999995
LunarLander-v3,filterbank+proj,0,300,0.0,217.23537227787384,139.35966037943476,224.57377758660746,,60,"{'decomposition': 'ema', 'n_filters': 12, 'slowest': 0.022150628564983305, 'input_scaling': 0.3786189199484331, 'bias_dist': 'foldnorm', 'bias_scaling': 0.029687121836807887, 'lr': 0.7474064946212267, 'weight_increment': 0.0011133132425291139, 'min_window': 19, 'max_window': 43, 'use_full_instance': True, 'max_partners': 20, 'homeostasis': 'mean', 'target': 0.75, 'spread': 0.375}",bc,300,linear,,221.43203136839165,,"[206.70513989618598, 252.20579566161706, 190.3719543286554, 241.64207033352068, 216.23519662197924]",206.70513989618598,1.0,236.52247079999998
LunarLander-v3,filterbank+proj,1,300,0.0,267.71245171232437,47.36949966122247,218.4535402336583,,59,"{'decomposition': 'ema', 'n_filters': 12, 'slowest': 0.022150628564983305, 'input_scaling': 0.3786189199484331, 'bias_dist': 'foldnorm', 'bias_scaling': 0.029687121836807887, 'lr': 0.7474064946212267, 'weight_increment': 0.0011133132425291139, 'min_window': 19, 'max_window': 43, 'use_full_instance': True, 'max_partners': 20, 'homeostasis': 'mean', 'target': 0.75, 'spread': 0.375}",bc,300,linear,,191.96381848755377,,"[123.1728256517304, 125.91622022074708, 224.53121800351042, 237.92261410562878, 248.27621445615213]",123.1728256517304,4.0,267.57216003999997
LunarLander-v3,filterbank+hag,7,300,4.906666666666666,280.65618823297666,34.93374853571133,264.2528724982477,,64,"{'decomposition': 'ema', 'n_filters': 12, 'slowest': 0.022150628564983305, 'input_scaling': 0.3786189199484331, 'bias_dist': 'foldnorm', 'bias_scaling': 0.029687121836807887, 'lr': 0.7474064946212267, 'weight_increment': 0.0011133132425291139, 'min_window': 19, 'max_window': 43, 'use_full_instance': True, 'max_partners': 20, 'homeostasis': 'mean', 'target': 0.75, 'spread': 0.375}",bc,300,linear,,253.90057038374297,,"[241.3223887539853, 279.1128650465424, 234.7559169332917, 232.4080817394328, 281.90359944546265]",241.3223887539853,4.0,271.10853438000004
LunarLander-v3,filterbank+hag,9,300,5.016666666666667,271.374571101787,67.0470571893267,177.6337723243042,,63,"{'decomposition': 'ema', 'n_filters': 12, 'slowest': 0.022150628564983305, 'input_scaling': 0.3786189199484331, 'bias_dist': 'foldnorm', 'bias_scaling': 0.029687121836807887, 'lr': 0.7474064946212267, 'weight_increment': 0.0011133132425291139, 'min_window': 19, 'max_window': 43, 'use_full_instance': True, 'max_partners': 20, 'homeostasis': 'mean', 'target': 0.75, 'spread': 0.375}",bc,300,linear,,170.72402256146,,"[44.4026908710105, 48.09946993244306, 215.91547359326486, 275.23013276153904, 269.9723456490425]",44.4026908710105,3.0,282.50863168
LunarLander-v3,filterbank+proj,6,300,0.0,-133.27636694,80.55220392765692,-197.20461841910978,-147.52213212818992,1106,"{'decomposition': 'ema', 'n_filters': 12, 'slowest': 0.022150628564983305, 'input_scaling': 0.3786189199484331, 'bias_dist': 'foldnorm', 'bias_scaling': 0.029687121836807887, 'lr': 0.7474064946212267, 'weight_increment': 0.0011133132425291139, 'min_window': 19, 'max_window': 43, 'use_full_instance': True, 'max_partners': 20, 'homeostasis': 'mean', 'target': 0.75, 'spread': 0.375, 'learning_rate': 0.001}",dqn,300,linear,0.001,,,,,,
LunarLander-v3,filterbank+proj,2,300,0.0,218.06441929466772,111.14835263514858,169.78918268027263,,62,"{'decomposition': 'ema', 'n_filters': 12, 'slowest': 0.022150628564983305, 'input_scaling': 0.3786189199484331, 'bias_dist': 'foldnorm', 'bias_scaling': 0.029687121836807887, 'lr': 0.7474064946212267, 'weight_increment': 0.0011133132425291139, 'min_window': 19, 'max_window': 43, 'use_full_instance': True, 'max_partners': 20, 'homeostasis': 'mean', 'target': 0.75, 'spread': 0.375}",bc,300,linear,,135.3950471681224,,"[-8.633777484485284, 83.62173995871123, 159.63314474179757, 256.3148484670477, 186.03928015754082]",-8.633777484485284,3.0,272.63419894000003
LunarLander-v3,filterbank+proj,3,300,0.0,173.32477441634924,108.69512486121711,164.110820693717,,61,"{'decomposition': 'ema', 'n_filters': 12, 'slowest': 0.022150628564983305, 'input_scaling': 0.3786189199484331, 'bias_dist': 'foldnorm', 'bias_scaling': 0.029687121836807887, 'lr': 0.7474064946212267, 'weight_increment': 0.0011133132425291139, 'min_window': 19, 'max_window': 43, 'use_full_instance': True, 'max_partners': 20, 'homeostasis': 'mean', 'target': 0.75, 'spread': 0.375}",bc,300,linear,,120.39500503791132,,"[-174.03806192779558, 200.2561602012991, 165.57631704724207, 225.4683837833481, 184.71222608546296]",-174.03806192779558,3.0,269.27283955999997
LunarLander-v3,filterbank+proj,5,300,0.0,251.71197194798398,70.8404276637589,224.32569675149412,,60,"{'decomposition': 'ema', 'n_filters': 12, 'slowest': 0.022150628564983305, 'input_scaling': 0.3786189199484331, 'bias_dist': 'foldnorm', 'bias_scaling': 0.029687121836807887, 'lr': 0.7474064946212267, 'weight_increment': 0.0011133132425291139, 'min_window': 19, 'max_window': 43, 'use_full_instance': True, 'max_partners': 20, 'homeostasis': 'mean', 'target': 0.75, 'spread': 0.375}",bc,300,linear,,199.41071069439636,,"[178.3757790472094, 180.4581716660677, 213.91782543294934, 181.95905537890536, 242.34272194684985]",178.3757790472094,4.0,257.20863082
LunarLander-v3,filterbank+proj,4,300,0.0,202.56990520411307,105.83286284619379,212.53271642765455,,61,"{'decomposition': 'ema', 'n_filters': 12, 'slowest': 0.022150628564983305, 'input_scaling': 0.3786189199484331, 'bias_dist': 'foldnorm', 'bias_scaling': 0.029687121836807887, 'lr': 0.7474064946212267, 'weight_increment': 0.0011133132425291139, 'min_window': 19, 'max_window': 43, 'use_full_instance': True, 'max_partners': 20, 'homeostasis': 'mean', 'target': 0.75, 'spread': 0.375}",bc,300,linear,,192.10054032639738,,"[243.7570133828943, 114.7824552775406, 141.67513157156176, 252.3474962055348, 207.9406051944555]",243.7570133828943,3.0,231.07235808
LunarLander-v3,filterbank+proj,4,300,0.0,-166.11968276,79.77738950335609,-193.28058151289278,-182.50629167666466,1122,"{'decomposition': 'ema', 'n_filters': 12, 'slowest': 0.022150628564983305, 'input_scaling': 0.3786189199484331, 'bias_dist': 'foldnorm', 'bias_scaling': 0.029687121836807887, 'lr': 0.7474064946212267, 'weight_increment': 0.0011133132425291139, 'min_window': 19, 'max_window': 43, 'use_full_instance': True, 'max_partners': 20, 'homeostasis': 'mean', 'target': 0.75, 'spread': 0.375, 'learning_rate': 0.001}",dqn,300,linear,0.001,,,,,,
LunarLander-v3,filterbank+proj,6,300,0.0,255.60294033463012,66.91939334196029,139.11463906067127,,61,"{'decomposition': 'ema', 'n_filters': 12, 'slowest': 0.022150628564983305, 'input_scaling': 0.3786189199484331, 'bias_dist': 'foldnorm', 'bias_scaling': 0.029687121836807887, 'lr': 0.7474064946212267, 'weight_increment': 0.0011133132425291139, 'min_window': 19, 'max_window': 43, 'use_full_instance': True, 'max_partners': 20, 'homeostasis': 'mean', 'target': 0.75, 'spread': 0.375}",bc,300,linear,,123.81048856971783,,"[-106.36354874198688, 77.12721881546871, 203.06390073762893, 195.59913531427915, 249.62573672319922]",-106.36354874198688,4.0,253.22411392
LunarLander-v3,filterbank+proj,7,300,0.0,273.50086210302374,38.4585856653294,263.38835971283123,,59,"{'decomposition': 'ema', 'n_filters': 12, 'slowest': 0.022150628564983305, 'input_scaling': 0.3786189199484331, 'bias_dist': 'foldnorm', 'bias_scaling': 0.029687121836807887, 'lr': 0.7474064946212267, 'weight_increment': 0.0011133132425291139, 'min_window': 19, 'max_window': 43, 'use_full_instance': True, 'max_partners': 20, 'homeostasis': 'mean', 'target': 0.75, 'spread': 0.375}",bc,300,linear,,257.2631307361993,,"[268.4604979895622, 280.84417708634885, 208.96090385287943, 271.5763877044401, 256.4736870477659]",268.4604979895622,1.0,271.10853438000004
LunarLander-v3,filterbank+proj,8,300,0.0,233.3305859902957,97.7903861806037,42.744817864901236,,58,"{'decomposition': 'ema', 'n_filters': 12, 'slowest': 0.022150628564983305, 'input_scaling': 0.3786189199484331, 'bias_dist': 'foldnorm', 'bias_scaling': 0.029687121836807887, 'lr': 0.7474064946212267, 'weight_increment': 0.0011133132425291139, 'min_window': 19, 'max_window': 43, 'use_full_instance': True, 'max_partners': 20, 'homeostasis': 'mean', 'target': 0.75, 'spread': 0.375}",bc,300,linear,,-0.7126921961619758,,"[-300.9573868431135, -129.04165021361194, 109.33374489267399, 131.97814251850485, 185.12368866473676]",-300.9573868431135,4.0,275.90440995999995
LunarLander-v3,filterbank+proj,9,300,0.0,260.1457574434148,60.84980886724976,163.39960931589002,,59,"{'decomposition': 'ema', 'n_filters': 12, 'slowest': 0.022150628564983305, 'input_scaling': 0.3786189199484331, 'bias_dist': 'foldnorm', 'bias_scaling': 0.029687121836807887, 'lr': 0.7474064946212267, 'weight_increment': 0.0011133132425291139, 'min_window': 19, 'max_window': 43, 'use_full_instance': True, 'max_partners': 20, 'homeostasis': 'mean', 'target': 0.75, 'spread': 0.375}",bc,300,linear,,136.33490464097935,,"[-62.68407043231711, 98.31846529385595, 166.3506137657516, 206.77809993336922, 272.91141464423697]",-62.68407043231711,4.0,282.50863168
LunarLander-v3,filterbank+proj,0,300,0.0,-174.05994431999997,65.17029355857615,-185.5639805867629,-195.7941150143043,1097,"{'decomposition': 'ema', 'n_filters': 12, 'slowest': 0.022150628564983305, 'input_scaling': 0.3786189199484331, 'bias_dist': 'foldnorm', 'bias_scaling': 0.029687121836807887, 'lr': 0.7474064946212267, 'weight_increment': 0.0011133132425291139, 'min_window': 19, 'max_window': 43, 'use_full_instance': True, 'max_partners': 20, 'homeostasis': 'mean', 'target': 0.75, 'spread': 0.375, 'learning_rate': 0.003}",dqn,300,linear,0.003,,,,,,
LunarLander-v3,filterbank+proj,1,300,0.0,-118.81819401999999,84.73734589893354,-175.2173828660284,-130.25628069361412,1107,"{'decomposition': 'ema', 'n_filters': 12, 'slowest': 0.022150628564983305, 'input_scaling': 0.3786189199484331, 'bias_dist': 'foldnorm', 'bias_scaling': 0.029687121836807887, 'lr': 0.7474064946212267, 'weight_increment': 0.0011133132425291139, 'min_window': 19, 'max_window': 43, 'use_full_instance': True, 'max_partners': 20, 'homeostasis': 'mean', 'target': 0.75, 'spread': 0.375, 'learning_rate': 0.003}",dqn,300,linear,0.003,,,,,,
LunarLander-v3,filterbank+proj,2,300,0.0,-142.55490831999998,102.10659972474228,-177.83207429490852,-153.67200219473685,1102,"{'decomposition': 'ema', 'n_filters': 12, 'slowest': 0.022150628564983305, 'input_scaling': 0.3786189199484331, 'bias_dist': 'foldnorm', 'bias_scaling': 0.029687121836807887, 'lr': 0.7474064946212267, 'weight_increment': 0.0011133132425291139, 'min_window': 19, 'max_window': 43, 'use_full_instance': True, 'max_partners': 20, 'homeostasis': 'mean', 'target': 0.75, 'spread': 0.375, 'learning_rate': 0.003}",dqn,300,linear,0.003,,,,,,
LunarLander-v3,filterbank+proj,5,300,0.0,-72.91364522,75.1662564687081,-170.74837190233458,-128.12907763856256,1068,"{'decomposition': 'ema', 'n_filters': 12, 'slowest': 0.022150628564983305, 'input_scaling': 0.3786189199484331, 'bias_dist': 'foldnorm', 'bias_scaling': 0.029687121836807887, 'lr': 0.7474064946212267, 'weight_increment': 0.0011133132425291139, 'min_window': 19, 'max_window': 43, 'use_full_instance': True, 'max_partners': 20, 'homeostasis': 'mean', 'target': 0.75, 'spread': 0.375, 'learning_rate': 0.003}",dqn,300,linear,0.003,,,,,,
LunarLander-v3,filterbank+proj,4,300,0.0,-253.27250484,122.90451125995837,-196.7405055626464,-202.58902012817177,1088,"{'decomposition': 'ema', 'n_filters': 12, 'slowest': 0.022150628564983305, 'input_scaling': 0.3786189199484331, 'bias_dist': 'foldnorm', 'bias_scaling': 0.029687121836807887, 'lr': 0.7474064946212267, 'weight_increment': 0.0011133132425291139, 'min_window': 19, 'max_window': 43, 'use_full_instance': True, 'max_partners': 20, 'homeostasis': 'mean', 'target': 0.75, 'spread': 0.375, 'learning_rate': 0.003}",dqn,300,linear,0.003,,,,,,
LunarLander-v3,filterbank+proj,3,300,0.0,-93.20582584,41.773790321451884,-163.02132133148123,-105.01652284712571,1101,"{'decomposition': 'ema', 'n_filters': 12, 'slowest': 0.022150628564983305, 'input_scaling': 0.3786189199484331, 'bias_dist': 'foldnorm', 'bias_scaling': 0.029687121836807887, 'lr': 0.7474064946212267, 'weight_increment': 0.0011133132425291139, 'min_window': 19, 'max_window': 43, 'use_full_instance': True, 'max_partners': 20, 'homeostasis': 'mean', 'target': 0.75, 'spread': 0.375, 'learning_rate': 0.003}",dqn,300,linear,0.003,,,,,,
LunarLander-v3,filterbank+proj,6,300,0.0,-116.80960874000002,74.18321264796187,-162.44389148493255,-115.40492088250484,1101,"{'decomposition': 'ema', 'n_filters': 12, 'slowest': 0.022150628564983305, 'input_scaling': 0.3786189199484331, 'bias_dist': 'foldnorm', 'bias_scaling': 0.029687121836807887, 'lr': 0.7474064946212267, 'weight_increment': 0.0011133132425291139, 'min_window': 19, 'max_window': 43, 'use_full_instance': True, 'max_partners': 20, 'homeostasis': 'mean', 'target': 0.75, 'spread': 0.375, 'learning_rate': 0.003}",dqn,300,linear,0.003,,,,,,
LunarLander-v3,filterbank+proj,8,300,0.0,-147.56322914,75.5634972029325,-176.3158556094972,-178.22913999554993,1093,"{'decomposition': 'ema', 'n_filters': 12, 'slowest': 0.022150628564983305, 'input_scaling': 0.3786189199484331, 'bias_dist': 'foldnorm', 'bias_scaling': 0.029687121836807887, 'lr': 0.7474064946212267, 'weight_increment': 0.0011133132425291139, 'min_window': 19, 'max_window': 43, 'use_full_instance': True, 'max_partners': 20, 'homeostasis': 'mean', 'target': 0.75, 'spread': 0.375, 'learning_rate': 0.003}",dqn,300,linear,0.003,,,,,,
LunarLander-v3,filterbank+proj,7,300,0.0,-203.08686404,88.81078841357356,-207.76443149639357,-218.17341900068072,1105,"{'decomposition': 'ema', 'n_filters': 12, 'slowest': 0.022150628564983305, 'input_scaling': 0.3786189199484331, 'bias_dist': 'foldnorm', 'bias_scaling': 0.029687121836807887, 'lr': 0.7474064946212267, 'weight_increment': 0.0011133132425291139, 'min_window': 19, 'max_window': 43, 'use_full_instance': True, 'max_partners': 20, 'homeostasis': 'mean', 'target': 0.75, 'spread': 0.375, 'learning_rate': 0.003}",dqn,300,linear,0.003,,,,,,
LunarLander-v3,filterbank+proj,9,300,0.0,-82.51222555999999,63.304917983902854,-176.3119963955646,-128.14334474443737,1103,"{'decomposition': 'ema', 'n_filters': 12, 'slowest': 0.022150628564983305, 'input_scaling': 0.3786189199484331, 'bias_dist': 'foldnorm', 'bias_scaling': 0.029687121836807887, 'lr': 0.7474064946212267, 'weight_increment': 0.0011133132425291139, 'min_window': 19, 'max_window': 43, 'use_full_instance': True, 'max_partners': 20, 'homeostasis': 'mean', 'target': 0.75, 'spread': 0.375, 'learning_rate': 0.003}",dqn,300,linear,0.003,,,,,,
LunarLander-v3,filterbank+esn,2,240,3.1958333333333333,172.48628650000003,65.75154388494703,50.756125476607075,73.34415080152671,1557,"{'decomposition': 'ema', 'n_filters': 12, 'slowest': 0.007278775282470501, 'input_scaling': 0.4150388723567341, 'bias_dist': 'foldnorm', 'bias_scaling': 0.04616118346075944, 'lr': 0.9174645206815777, 'sr': 0.7122598989576099, 'rc_connectivity': 0.013316681518519325, 'learning_rate': 0.0003}",ppo,100,64x64,0.0003,,,,,,
LunarLander-v3,filterbank+esn,5,240,3.1958333333333333,260.29849717999997,35.08747679268943,223.3618408560144,253.22921869348124,1581,"{'decomposition': 'ema', 'n_filters': 12, 'slowest': 0.007278775282470501, 'input_scaling': 0.4150388723567341, 'bias_dist': 'foldnorm', 'bias_scaling': 0.04616118346075944, 'lr': 0.9174645206815777, 'sr': 0.7122598989576099, 'rc_connectivity': 0.013316681518519325, 'learning_rate': 0.0003}",ppo,100,64x64,0.0003,,,,,,
LunarLander-v3,filterbank+esn,6,240,3.1958333333333333,256.74089142,59.357538557402236,228.0915643648032,241.1913488259629,1587,"{'decomposition': 'ema', 'n_filters': 12, 'slowest': 0.007278775282470501, 'input_scaling': 0.4150388723567341, 'bias_dist': 'foldnorm', 'bias_scaling': 0.04616118346075944, 'lr': 0.9174645206815777, 'sr': 0.7122598989576099, 'rc_connectivity': 0.013316681518519325, 'learning_rate': 0.0003}",ppo,100,64x64,0.0003,,,,,,
LunarLander-v3,filterbank+esn,9,240,3.1958333333333333,230.11890214,79.36210800203864,216.10740478771044,245.4701620671031,1589,"{'decomposition': 'ema', 'n_filters': 12, 'slowest': 0.007278775282470501, 'input_scaling': 0.4150388723567341, 'bias_dist': 'foldnorm', 'bias_scaling': 0.04616118346075944, 'lr': 0.9174645206815777, 'sr': 0.7122598989576099, 'rc_connectivity': 0.013316681518519325, 'learning_rate': 0.0003}",ppo,100,64x64,0.0003,,,,,,
LunarLander-v3,filterbank+esn,0,240,3.1958333333333333,262.41024362,58.968787224133166,218.3802592149393,246.356125765391,1616,"{'decomposition': 'ema', 'n_filters': 12, 'slowest': 0.007278775282470501, 'input_scaling': 0.4150388723567341, 'bias_dist': 'foldnorm', 'bias_scaling': 0.04616118346075944, 'lr': 0.9174645206815777, 'sr': 0.7122598989576099, 'rc_connectivity': 0.013316681518519325, 'learning_rate': 0.0003}",ppo,100,64x64,0.0003,,,,,,
LunarLander-v3,filterbank+esn,4,240,3.1958333333333333,259.49984923999995,68.42058101170456,219.84588127451266,256.4698929398827,1618,"{'decomposition': 'ema', 'n_filters': 12, 'slowest': 0.007278775282470501, 'input_scaling': 0.4150388723567341, 'bias_dist': 'foldnorm', 'bias_scaling': 0.04616118346075944, 'lr': 0.9174645206815777, 'sr': 0.7122598989576099, 'rc_connectivity': 0.013316681518519325, 'learning_rate': 0.0003}",ppo,100,64x64,0.0003,,,,,,
LunarLander-v3,filterbank+esn,8,240,3.1958333333333333,199.33553176,106.38874824795643,142.55838341574554,148.7991573544018,1599,"{'decomposition': 'ema', 'n_filters': 12, 'slowest': 0.007278775282470501, 'input_scaling': 0.4150388723567341, 'bias_dist': 'foldnorm', 'bias_scaling': 0.04616118346075944, 'lr': 0.9174645206815777, 'sr': 0.7122598989576099, 'rc_connectivity': 0.013316681518519325, 'learning_rate': 0.001}",ppo,100,64x64,0.001,,,,,,
LunarLander-v3,filterbank+esn,6,240,3.1958333333333333,183.55839551999998,95.29748353939216,112.3710710512996,139.05574005936074,1606,"{'decomposition': 'ema', 'n_filters': 12, 'slowest': 0.007278775282470501, 'input_scaling': 0.4150388723567341, 'bias_dist': 'foldnorm', 'bias_scaling': 0.04616118346075944, 'lr': 0.9174645206815777, 'sr': 0.7122598989576099, 'rc_connectivity': 0.013316681518519325, 'learning_rate': 0.001}",ppo,100,64x64,0.001,,,,,,
LunarLander-v3,filterbank+esn,0,240,3.1958333333333333,190.37158362,151.2686952899582,156.4990191886463,166.15444417248906,1621,"{'decomposition': 'ema', 'n_filters': 12, 'slowest': 0.007278775282470501, 'input_scaling': 0.4150388723567341, 'bias_dist': 'foldnorm', 'bias_scaling': 0.04616118346075944, 'lr': 0.9174645206815777, 'sr': 0.7122598989576099, 'rc_connectivity': 0.013316681518519325, 'learning_rate': 0.001}",ppo,100,64x64,0.001,,,,,,
LunarLander-v3,filterbank+esn,1,240,3.1958333333333333,184.48322401999997,103.46993916615988,136.69752800577,193.15615213745022,1625,"{'decomposition': 'ema', 'n_filters': 12, 'slowest': 0.007278775282470501, 'input_scaling': 0.4150388723567341, 'bias_dist': 'foldnorm', 'bias_scaling': 0.04616118346075944, 'lr': 0.9174645206815777, 'sr': 0.7122598989576099, 'rc_connectivity': 0.013316681518519325, 'learning_rate': 0.001}",ppo,100,64x64,0.001,,,,,,
LunarLander-v3,filterbank+esn,4,240,3.1958333333333333,172.85875477999997,125.14999702983795,75.76736713221155,138.05399946686745,1621,"{'decomposition': 'ema', 'n_filters': 12, 'slowest': 0.007278775282470501, 'input_scaling': 0.4150388723567341, 'bias_dist': 'foldnorm', 'bias_scaling': 0.04616118346075944, 'lr': 0.9174645206815777, 'sr': 0.7122598989576099, 'rc_connectivity': 0.013316681518519325, 'learning_rate': 0.001}",ppo,100,64x64,0.001,,,,,,
LunarLander-v3,filterbank+esn,3,240,3.1958333333333333,-15.450641500000001,73.57492367477592,-43.437560386398765,-94.52820247058823,1602,"{'decomposition': 'ema', 'n_filters': 12, 'slowest': 0.007278775282470501, 'input_scaling': 0.4150388723567341, 'bias_dist': 'foldnorm', 'bias_scaling': 0.04616118346075944, 'lr': 0.9174645206815777, 'sr': 0.7122598989576099, 'rc_connectivity': 0.013316681518519325, 'learning_rate': 0.003}",ppo,100,64x64,0.003,,,,,,
LunarLander-v3,filterbank+esn,3,240,3.1958333333333333,226.5421238,90.45191568330928,167.0761377852812,246.69766618828453,1640,"{'decomposition': 'ema', 'n_filters': 12, 'slowest': 0.007278775282470501, 'input_scaling': 0.4150388723567341, 'bias_dist': 'foldnorm', 'bias_scaling': 0.04616118346075944, 'lr': 0.9174645206815777, 'sr': 0.7122598989576099, 'rc_connectivity': 0.013316681518519325, 'learning_rate': 0.0003}",ppo,100,64x64,0.0003,,,,,,
LunarLander-v3,filterbank+esn,5,240,3.1958333333333333,-88.28121426,35.83224700897422,-3.0102658165212173,-133.8787086890244,1604,"{'decomposition': 'ema', 'n_filters': 12, 'slowest': 0.007278775282470501, 'input_scaling': 0.4150388723567341, 'bias_dist': 'foldnorm', 'bias_scaling': 0.04616118346075944, 'lr': 0.9174645206815777, 'sr': 0.7122598989576099, 'rc_connectivity': 0.013316681518519325, 'learning_rate': 0.003}",ppo,100,64x64,0.003,,,,,,
LunarLander-v3,filterbank+esn,1,240,3.1958333333333333,267.77000224000005,38.58374936977551,212.2184102078989,243.80247966034756,1650,"{'decomposition': 'ema', 'n_filters': 12, 'slowest': 0.007278775282470501, 'input_scaling': 0.4150388723567341, 'bias_dist': 'foldnorm', 'bias_scaling': 0.04616118346075944, 'lr': 0.9174645206815777, 'sr': 0.7122598989576099, 'rc_connectivity': 0.013316681518519325, 'learning_rate': 0.0003}",ppo,100,64x64,0.0003,,,,,,
LunarLander-v3,filterbank+esn,0,240,3.1958333333333333,81.73077041999998,140.91356400803133,55.11723760732414,82.53054100544465,1622,"{'decomposition': 'ema', 'n_filters': 12, 'slowest': 0.007278775282470501, 'input_scaling': 0.4150388723567341, 'bias_dist': 'foldnorm', 'bias_scaling': 0.04616118346075944, 'lr': 0.9174645206815777, 'sr': 0.7122598989576099, 'rc_connectivity': 0.013316681518519325, 'learning_rate': 0.003}",ppo,100,64x64,0.003,,,,,,
LunarLander-v3,filterbank+esn,9,240,3.1958333333333333,-191.76376976000003,82.84154297921347,96.44217487635977,66.93182561170212,1623,"{'decomposition': 'ema', 'n_filters': 12, 'slowest': 0.007278775282470501, 'input_scaling': 0.4150388723567341, 'bias_dist': 'foldnorm', 'bias_scaling': 0.04616118346075944, 'lr': 0.9174645206815777, 'sr': 0.7122598989576099, 'rc_connectivity': 0.013316681518519325, 'learning_rate': 0.001}",ppo,100,64x64,0.001,,,,,,
LunarLander-v3,filterbank+esn,7,240,3.1958333333333333,264.95430211999997,23.24204427709237,215.05601872906328,238.32594590802918,1648,"{'decomposition': 'ema', 'n_filters': 12, 'slowest': 0.007278775282470501, 'input_scaling': 0.4150388723567341, 'bias_dist': 'foldnorm', 'bias_scaling': 0.04616118346075944, 'lr': 0.9174645206815777, 'sr': 0.7122598989576099, 'rc_connectivity': 0.013316681518519325, 'learning_rate': 0.0003}",ppo,100,64x64,0.0003,,,,,,
LunarLander-v3,filterbank+esn,5,240,3.1958333333333333,125.00927728,134.59984176012907,140.45406854791665,164.41752986041666,1635,"{'decomposition': 'ema', 'n_filters': 12, 'slowest': 0.007278775282470501, 'input_scaling': 0.4150388723567341, 'bias_dist': 'foldnorm', 'bias_scaling': 0.04616118346075944, 'lr': 0.9174645206815777, 'sr': 0.7122598989576099, 'rc_connectivity': 0.013316681518519325, 'learning_rate': 0.001}",ppo,100,64x64,0.001,,,,,,
LunarLander-v3,filterbank+esn,2,240,3.1958333333333333,252.64599280000002,53.80726011917836,151.5460827123905,230.97020351127819,1646,"{'decomposition': 'ema', 'n_filters': 12, 'slowest': 0.007278775282470501, 'input_scaling': 0.4150388723567341, 'bias_dist': 'foldnorm', 'bias_scaling': 0.04616118346075944, 'lr': 0.9174645206815777, 'sr': 0.7122598989576099, 'rc_connectivity': 0.013316681518519325, 'learning_rate': 0.001}",ppo,100,64x64,0.001,,,,,,
LunarLander-v3,filterbank+esn,8,240,3.1958333333333333,246.13979785999996,51.92762549741176,206.11285880677906,225.2952492105263,1657,"{'decomposition': 'ema', 'n_filters': 12, 'slowest': 0.007278775282470501, 'input_scaling': 0.4150388723567341, 'bias_dist': 'foldnorm', 'bias_scaling': 0.04616118346075944, 'lr': 0.9174645206815777, 'sr': 0.7122598989576099, 'rc_connectivity': 0.013316681518519325, 'learning_rate': 0.0003}",ppo,100,64x64,0.0003,,,,,,
LunarLander-v3,filterbank+esn,7,240,3.1958333333333333,5.511596100000002,116.37964260731596,-28.25764408099174,-85.24068358953168,1628,"{'decomposition': 'ema', 'n_filters': 12, 'slowest': 0.007278775282470501, 'input_scaling': 0.4150388723567341, 'bias_dist': 'foldnorm', 'bias_scaling': 0.04616118346075944, 'lr': 0.9174645206815777, 'sr': 0.7122598989576099, 'rc_connectivity': 0.013316681518519325, 'learning_rate': 0.003}",ppo,100,64x64,0.003,,,,,,
LunarLander-v3,filterbank+esn,9,240,3.1958333333333333,-130.30376688,132.6224648764625,-13.321013531196892,7.111824871046229,1621,"{'decomposition': 'ema', 'n_filters': 12, 'slowest': 0.007278775282470501, 'input_scaling': 0.4150388723567341, 'bias_dist': 'foldnorm', 'bias_scaling': 0.04616118346075944, 'lr': 0.9174645206815777, 'sr': 0.7122598989576099, 'rc_connectivity': 0.013316681518519325, 'learning_rate': 0.003}",ppo,100,64x64,0.003,,,,,,
LunarLander-v3,filterbank+esn,1,240,3.1958333333333333,140.64321574000002,133.38906298668138,57.54261236540691,176.1522134895592,1643,"{'decomposition': 'ema', 'n_filters': 12, 'slowest': 0.007278775282470501, 'input_scaling': 0.4150388723567341, 'bias_dist': 'foldnorm', 'bias_scaling': 0.04616118346075944, 'lr': 0.9174645206815777, 'sr': 0.7122598989576099, 'rc_connectivity': 0.013316681518519325, 'learning_rate': 0.003}",ppo,100,64x64,0.003,,,,,,
LunarLander-v3,filterbank+esn,4,240,3.1958333333333333,-95.02091009999998,37.33122122485075,-59.74479649365414,-13.965641100529103,1639,"{'decomposition': 'ema', 'n_filters': 12, 'slowest': 0.007278775282470501, 'input_scaling': 0.4150388723567341, 'bias_dist': 'foldnorm', 'bias_scaling': 0.04616118346075944, 'lr': 0.9174645206815777, 'sr': 0.7122598989576099, 'rc_connectivity': 0.013316681518519325, 'learning_rate': 0.003}",ppo,100,64x64,0.003,,,,,,
LunarLander-v3,filterbank+esn,2,240,3.1958333333333333,-540.4822531799999,156.43880902365487,-41.82303347854276,-139.42720431888546,1647,"{'decomposition': 'ema', 'n_filters': 12, 'slowest': 0.007278775282470501, 'input_scaling': 0.4150388723567341, 'bias_dist': 'foldnorm', 'bias_scaling': 0.04616118346075944, 'lr': 0.9174645206815777, 'sr': 0.7122598989576099, 'rc_connectivity': 0.013316681518519325, 'learning_rate': 0.003}",ppo,100,64x64,0.003,,,,,,
LunarLander-v3,filterbank+esn,7,240,3.1958333333333333,22.218005199999997,128.32681715005347,78.37845731075187,138.74900875835476,1659,"{'decomposition': 'ema', 'n_filters': 12, 'slowest': 0.007278775282470501, 'input_scaling': 0.4150388723567341, 'bias_dist': 'foldnorm', 'bias_scaling': 0.04616118346075944, 'lr': 0.9174645206815777, 'sr': 0.7122598989576099, 'rc_connectivity': 0.013316681518519325, 'learning_rate': 0.001}",ppo,100,64x64,0.001,,,,,,
LunarLander-v3,filterbank+esn,3,240,3.1958333333333333,140.91575308,132.25153368163143,146.82386007135776,188.33520224565757,1670,"{'decomposition': 'ema', 'n_filters': 12, 'slowest': 0.007278775282470501, 'input_scaling': 0.4150388723567341, 'bias_dist': 'foldnorm', 'bias_scaling': 0.04616118346075944, 'lr': 0.9174645206815777, 'sr': 0.7122598989576099, 'rc_connectivity': 0.013316681518519325, 'learning_rate': 0.001}",ppo,100,64x64,0.001,,,,,,
LunarLander-v3,filterbank+esn,6,240,3.1958333333333333,-126.41344102,54.352848178463304,-132.64863208700908,-131.2195113764664,1642,"{'decomposition': 'ema', 'n_filters': 12, 'slowest': 0.007278775282470501, 'input_scaling': 0.4150388723567341, 'bias_dist': 'foldnorm', 'bias_scaling': 0.04616118346075944, 'lr': 0.9174645206815777, 'sr': 0.7122598989576099, 'rc_connectivity': 0.013316681518519325, 'learning_rate': 0.01}",ppo,100,64x64,0.01,,,,,,
LunarLander-v3,filterbank+hag,0,240,3.4458333333333333,227.18743390000003,88.7074826870135,199.12976171408323,218.0523702464539,1619,"{'decomposition': 'ema', 'n_filters': 12, 'slowest': 0.022150628564983305, 'input_scaling': 0.3786189199484331, 'bias_dist': 'foldnorm', 'bias_scaling': 0.029687121836807887, 'lr': 0.7474064946212267, 'weight_increment': 0.0011133132425291139, 'min_window': 19, 'max_window': 43, 'use_full_instance': True, 'max_partners': 20, 'homeostasis': 'mean', 'target': 0.75, 'spread': 0.375, 'learning_rate': 0.0003}",ppo,100,64x64,0.0003,,,,,,
LunarLander-v3,filterbank+esn,5,240,3.1958333333333333,-558.67610176,150.9727554774535,-340.4062661543754,-575.7716898791408,1655,"{'decomposition': 'ema', 'n_filters': 12, 'slowest': 0.007278775282470501, 'input_scaling': 0.4150388723567341, 'bias_dist': 'foldnorm', 'bias_scaling': 0.04616118346075944, 'lr': 0.9174645206815777, 'sr': 0.7122598989576099, 'rc_connectivity': 0.013316681518519325, 'learning_rate': 0.01}",ppo,100,64x64,0.01,,,,,,
LunarLander-v3,filterbank+esn,9,240,3.1958333333333333,-557.27927824,159.39333722618213,-229.6865048248793,-230.88332524632608,1632,"{'decomposition': 'ema', 'n_filters': 12, 'slowest': 0.007278775282470501, 'input_scaling': 0.4150388723567341, 'bias_dist': 'foldnorm', 'bias_scaling': 0.04616118346075944, 'lr': 0.9174645206815777, 'sr': 0.7122598989576099, 'rc_connectivity': 0.013316681518519325, 'learning_rate': 0.01}",ppo,100,64x64,0.01,,,,,,
LunarLander-v3,filterbank+esn,7,240,3.1958333333333333,-126.94602436,54.729251625930324,-136.1943461063647,-131.02780110411447,1655,"{'decomposition': 'ema', 'n_filters': 12, 'slowest': 0.007278775282470501, 'input_scaling': 0.4150388723567341, 'bias_dist': 'foldnorm', 'bias_scaling': 0.04616118346075944, 'lr': 0.9174645206815777, 'sr': 0.7122598989576099, 'rc_connectivity': 0.013316681518519325, 'learning_rate': 0.01}",ppo,100,64x64,0.01,,,,,,
LunarLander-v3,filterbank+esn,4,240,3.1958333333333333,-563.8284352000001,161.65513005102244,-519.9074566319839,-572.2345515100034,1658,"{'decomposition': 'ema', 'n_filters': 12, 'slowest': 0.007278775282470501, 'input_scaling': 0.4150388723567341, 'bias_dist': 'foldnorm', 'bias_scaling': 0.04616118346075944, 'lr': 0.9174645206815777, 'sr': 0.7122598989576099, 'rc_connectivity': 0.013316681518519325, 'learning_rate': 0.01}",ppo,100,64x64,0.01,,,,,,
LunarLander-v3,filterbank+esn,2,240,3.1958333333333333,-769.83427178,337.2249264057657,-804.3624211325105,-848.7247906989764,1664,"{'decomposition': 'ema', 'n_filters': 12, 'slowest': 0.007278775282470501, 'input_scaling': 0.4150388723567341, 'bias_dist': 'foldnorm', 'bias_scaling': 0.04616118346075944, 'lr': 0.9174645206815777, 'sr': 0.7122598989576099, 'rc_connectivity': 0.013316681518519325, 'learning_rate': 0.01}",ppo,100,64x64,0.01,,,,,,
LunarLander-v3,filterbank+hag,1,240,3.3041666666666667,211.09067624000002,87.11932800073016,194.49626819786772,220.92983520976492,1631,"{'decomposition': 'ema', 'n_filters': 12, 'slowest': 0.022150628564983305, 'input_scaling': 0.3786189199484331, 'bias_dist': 'foldnorm', 'bias_scaling': 0.029687121836807887, 'lr': 0.7474064946212267, 'weight_increment': 0.0011133132425291139, 'min_window': 19, 'max_window': 43, 'use_full_instance': True, 'max_partners': 20, 'homeostasis': 'mean', 'target': 0.75, 'spread': 0.375, 'learning_rate': 0.0003}",ppo,100,64x64,0.0003,,,,,,
LunarLander-v3,filterbank+esn,8,240,3.1958333333333333,54.59058094000001,129.632566766565,31.172073850732385,-18.708092223255814,1679,"{'decomposition': 'ema', 'n_filters': 12, 'slowest': 0.007278775282470501, 'input_scaling': 0.4150388723567341, 'bias_dist': 'foldnorm', 'bias_scaling': 0.04616118346075944, 'lr': 0.9174645206815777, 'sr': 0.7122598989576099, 'rc_connectivity': 0.013316681518519325, 'learning_rate': 0.003}",ppo,100,64x64,0.003,,,,,,
LunarLander-v3,filterbank+esn,6,240,3.1958333333333333,165.31805654,46.84056891822236,-9.616151487268516,-23.433422069565214,1684,"{'decomposition': 'ema', 'n_filters': 12, 'slowest': 0.007278775282470501, 'input_scaling': 0.4150388723567341, 'bias_dist': 'foldnorm', 'bias_scaling': 0.04616118346075944, 'lr': 0.9174645206815777, 'sr': 0.7122598989576099, 'rc_connectivity': 0.013316681518519325, 'learning_rate': 0.003}",ppo,100,64x64,0.003,,,,,,
LunarLander-v3,filterbank+esn,0,240,3.1958333333333333,-133.38020256,44.68533763694481,-136.99373530751498,-130.67475345618755,1690,"{'decomposition': 'ema', 'n_filters': 12, 'slowest': 0.007278775282470501, 'input_scaling': 0.4150388723567341, 'bias_dist': 'foldnorm', 'bias_scaling': 0.04616118346075944, 'lr': 0.9174645206815777, 'sr': 0.7122598989576099, 'rc_connectivity': 0.013316681518519325, 'learning_rate': 0.01}",ppo,100,64x64,0.01,,,,,,
LunarLander-v3,filterbank+hag,3,240,3.0791666666666666,268.10181762,37.06768344971241,217.3698943852498,236.43630429682537,1649,"{'decomposition': 'ema', 'n_filters': 12, 'slowest': 0.022150628564983305, 'input_scaling': 0.3786189199484331, 'bias_dist': 'foldnorm', 'bias_scaling': 0.029687121836807887, 'lr': 0.7474064946212267, 'weight_increment': 0.0011133132425291139, 'min_window': 19, 'max_window': 43, 'use_full_instance': True, 'max_partners': 20, 'homeostasis': 'mean', 'target': 0.75, 'spread': 0.375, 'learning_rate': 0.0003}",ppo,100,64x64,0.0003,,,,,,
LunarLander-v3,filterbank+hag,2,240,3.45,252.85492148000006,31.870484283157666,205.4118486615657,234.00255504516133,1657,"{'decomposition': 'ema', 'n_filters': 12, 'slowest': 0.022150628564983305, 'input_scaling': 0.3786189199484331, 'bias_dist': 'foldnorm', 'bias_scaling': 0.029687121836807887, 'lr': 0.7474064946212267, 'weight_increment': 0.0011133132425291139, 'min_window': 19, 'max_window': 43, 'use_full_instance': True, 'max_partners': 20, 'homeostasis': 'mean', 'target': 0.75, 'spread': 0.375, 'learning_rate': 0.0003}",ppo,100,64x64,0.0003,,,,,,
LunarLander-v3,filterbank+esn,1,240,3.1958333333333333,-551.7638253800001,147.58040739147515,-306.1957389103515,-575.0216301664266,1700,"{'decomposition': 'ema', 'n_filters': 12, 'slowest': 0.007278775282470501, 'input_scaling': 0.4150388723567341, 'bias_dist': 'foldnorm', 'bias_scaling': 0.04616118346075944, 'lr': 0.9174645206815777, 'sr': 0.7122598989576099, 'rc_connectivity': 0.013316681518519325, 'learning_rate': 0.01}",ppo,100,64x64,0.01,,,,,,
LunarLander-v3,filterbank+esn,3,240,3.1958333333333333,-125.86476884,51.3778095279418,-139.18894242260887,-131.53214091985157,1703,"{'decomposition': 'ema', 'n_filters': 12, 'slowest': 0.007278775282470501, 'input_scaling': 0.4150388723567341, 'bias_dist': 'foldnorm', 'bias_scaling': 0.04616118346075944, 'lr': 0.9174645206815777, 'sr': 0.7122598989576099, 'rc_connectivity': 0.013316681518519325, 'learning_rate': 0.01}",ppo,100,64x64,0.01,,,,,,
LunarLander-v3,filterbank+esn,8,240,3.1958333333333333,-126.35847503999999,57.33025397602555,-132.19355058381907,-132.76479634632946,1705,"{'decomposition': 'ema', 'n_filters': 12, 'slowest': 0.007278775282470501, 'input_scaling': 0.4150388723567341, 'bias_dist': 'foldnorm', 'bias_scaling': 0.04616118346075944, 'lr': 0.9174645206815777, 'sr': 0.7122598989576099, 'rc_connectivity': 0.013316681518519325, 'learning_rate': 0.01}",ppo,100,64x64,0.01,,,,,,
LunarLander-v3,filterbank+hag,5,240,3.175,225.86695021999995,92.08098964113823,199.37221336633345,238.22068707258066,1657,"{'decomposition': 'ema', 'n_filters': 12, 'slowest': 0.022150628564983305, 'input_scaling': 0.3786189199484331, 'bias_dist': 'foldnorm', 'bias_scaling': 0.029687121836807887, 'lr': 0.7474064946212267, 'weight_increment': 0.0011133132425291139, 'min_window': 19, 'max_window': 43, 'use_full_instance': True, 'max_partners': 20, 'homeostasis': 'mean', 'target': 0.75, 'spread': 0.375, 'learning_rate': 0.0003}",ppo,100,64x64,0.0003,,,,,,
LunarLander-v3,filterbank+hag,4,240,3.0875,258.70484306,42.122335964908714,215.63662505250596,245.05245750796175,1659,"{'decomposition': 'ema', 'n_filters': 12, 'slowest': 0.022150628564983305, 'input_scaling': 0.3786189199484331, 'bias_dist': 'foldnorm', 'bias_scaling': 0.029687121836807887, 'lr': 0.7474064946212267, 'weight_increment': 0.0011133132425291139, 'min_window': 19, 'max_window': 43, 'use_full_instance': True, 'max_partners': 20, 'homeostasis': 'mean', 'target': 0.75, 'spread': 0.375, 'learning_rate': 0.0003}",ppo,100,64x64,0.0003,,,,,,
LunarLander-v3,filterbank+hag,6,240,3.654166666666667,226.47277103999997,112.8366272403427,204.96265115775918,250.312897863124,1660,"{'decomposition': 'ema', 'n_filters': 12, 'slowest': 0.022150628564983305, 'input_scaling': 0.3786189199484331, 'bias_dist': 'foldnorm', 'bias_scaling': 0.029687121836807887, 'lr': 0.7474064946212267, 'weight_increment': 0.0011133132425291139, 'min_window': 19, 'max_window': 43, 'use_full_instance': True, 'max_partners': 20, 'homeostasis': 'mean', 'target': 0.75, 'spread': 0.375, 'learning_rate': 0.0003}",ppo,100,64x64,0.0003,,,,,,
LunarLander-v3,filterbank+hag,7,240,3.8958333333333335,-6.554509659999997,143.6652434664799,72.52393169941253,137.61616024509806,1657,"{'decomposition': 'ema', 'n_filters': 12, 'slowest': 0.022150628564983305, 'input_scaling': 0.3786189199484331, 'bias_dist': 'foldnorm', 'bias_scaling': 0.029687121836807887, 'lr': 0.7474064946212267, 'weight_increment': 0.0011133132425291139, 'min_window': 19, 'max_window': 43, 'use_full_instance': True, 'max_partners': 20, 'homeostasis': 'mean', 'target': 0.75, 'spread': 0.375, 'learning_rate': 0.0003}",ppo,100,64x64,0.0003,,,,,,
LunarLander-v3,filterbank+hag,8,240,5.108333333333333,-23.700218399999997,75.2311063761122,188.78341831945735,127.6338970260223,1576,"{'decomposition': 'ema', 'n_filters': 12, 'slowest': 0.022150628564983305, 'input_scaling': 0.3786189199484331, 'bias_dist': 'foldnorm', 'bias_scaling': 0.029687121836807887, 'lr': 0.7474064946212267, 'weight_increment': 0.0011133132425291139, 'min_window': 19, 'max_window': 43, 'use_full_instance': True, 'max_partners': 20, 'homeostasis': 'mean', 'target': 0.75, 'spread': 0.375, 'learning_rate': 0.0003}",ppo,100,64x64,0.0003,,,,,,
LunarLander-v3,filterbank+hag,0,240,3.4458333333333333,165.80556188000003,124.39638363230365,138.94588419979294,189.23083883937826,1578,"{'decomposition': 'ema', 'n_filters': 12, 'slowest': 0.022150628564983305, 'input_scaling': 0.3786189199484331, 'bias_dist': 'foldnorm', 'bias_scaling': 0.029687121836807887, 'lr': 0.7474064946212267, 'weight_increment': 0.0011133132425291139, 'min_window': 19, 'max_window': 43, 'use_full_instance': True, 'max_partners': 20, 'homeostasis': 'mean', 'target': 0.75, 'spread': 0.375, 'learning_rate': 0.001}",ppo,100,64x64,0.001,,,,,,
LunarLander-v3,filterbank+hag,9,240,4.220833333333333,229.99158187999998,110.69812070860776,205.27308411155138,252.76873923018294,1597,"{'decomposition': 'ema', 'n_filters': 12, 'slowest': 0.022150628564983305, 'input_scaling': 0.3786189199484331, 'bias_dist': 'foldnorm', 'bias_scaling': 0.029687121836807887, 'lr': 0.7474064946212267, 'weight_increment': 0.0011133132425291139, 'min_window': 19, 'max_window': 43, 'use_full_instance': True, 'max_partners': 20, 'homeostasis': 'mean', 'target': 0.75, 'spread': 0.375, 'learning_rate': 0.0003}",ppo,100,64x64,0.0003,,,,,,
LunarLander-v3,filterbank+hag,1,240,3.3041666666666667,118.11599299999997,208.29365047101143,153.06124964405527,185.66445779999998,1590,"{'decomposition': 'ema', 'n_filters': 12, 'slowest': 0.022150628564983305, 'input_scaling': 0.3786189199484331, 'bias_dist': 'foldnorm', 'bias_scaling': 0.029687121836807887, 'lr': 0.7474064946212267, 'weight_increment': 0.0011133132425291139, 'min_window': 19, 'max_window': 43, 'use_full_instance': True, 'max_partners': 20, 'homeostasis': 'mean', 'target': 0.75, 'spread': 0.375, 'learning_rate': 0.001}",ppo,100,64x64,0.001,,,,,,
LunarLander-v3,filterbank+hag,5,240,3.175,174.87585342000003,137.53129874508357,102.51180253227541,216.81325417520213,1575,"{'decomposition': 'ema', 'n_filters': 12, 'slowest': 0.022150628564983305, 'input_scaling': 0.3786189199484331, 'bias_dist': 'foldnorm', 'bias_scaling': 0.029687121836807887, 'lr': 0.7474064946212267, 'weight_increment': 0.0011133132425291139, 'min_window': 19, 'max_window': 43, 'use_full_instance': True, 'max_partners': 20, 'homeostasis': 'mean', 'target': 0.75, 'spread': 0.375, 'learning_rate': 0.001}",ppo,100,64x64,0.001,,,,,,
LunarLander-v3,filterbank+hag,2,240,3.45,124.94977296,70.99741314251699,110.30785984817477,138.9214908698061,1615,"{'decomposition': 'ema', 'n_filters': 12, 'slowest': 0.022150628564983305, 'input_scaling': 0.3786189199484331, 'bias_dist': 'foldnorm', 'bias_scaling': 0.029687121836807887, 'lr': 0.7474064946212267, 'weight_increment': 0.0011133132425291139, 'min_window': 19, 'max_window': 43, 'use_full_instance': True, 'max_partners': 20, 'homeostasis': 'mean', 'target': 0.75, 'spread': 0.375, 'learning_rate': 0.001}",ppo,100,64x64,0.001,,,,,,
LunarLander-v3,filterbank+hag,4,240,3.0875,18.87225372,177.19361830272464,133.9844006913781,157.346307427907,1603,"{'decomposition': 'ema', 'n_filters': 12, 'slowest': 0.022150628564983305, 'input_scaling': 0.3786189199484331, 'bias_dist': 'foldnorm', 'bias_scaling': 0.029687121836807887, 'lr': 0.7474064946212267, 'weight_increment': 0.0011133132425291139, 'min_window': 19, 'max_window': 43, 'use_full_instance': True, 'max_partners': 20, 'homeostasis': 'mean', 'target': 0.75, 'spread': 0.375, 'learning_rate': 0.001}",ppo,100,64x64,0.001,,,,,,
LunarLander-v3,filterbank+hag,6,240,3.654166666666667,196.5285495,80.95704420775476,121.20277462303385,190.04055467733338,1601,"{'decomposition': 'ema', 'n_filters': 12, 'slowest': 0.022150628564983305, 'input_scaling': 0.3786189199484331, 'bias_dist': 'foldnorm', 'bias_scaling': 0.029687121836807887, 'lr': 0.7474064946212267, 'weight_increment': 0.0011133132425291139, 'min_window': 19, 'max_window': 43, 'use_full_instance': True, 'max_partners': 20, 'homeostasis': 'mean', 'target': 0.75, 'spread': 0.375, 'learning_rate': 0.001}",ppo,100,64x64,0.001,,,,,,
LunarLander-v3,filterbank+hag,1,240,3.3041666666666667,-168.59540542000002,47.06831788351427,36.96679865812189,148.36647124869108,1590,"{'decomposition': 'ema', 'n_filters': 12, 'slowest': 0.022150628564983305, 'input_scaling': 0.3786189199484331, 'bias_dist': 'foldnorm', 'bias_scaling': 0.029687121836807887, 'lr': 0.7474064946212267, 'weight_increment': 0.0011133132425291139, 'min_window': 19, 'max_window': 43, 'use_full_instance': True, 'max_partners': 20, 'homeostasis': 'mean', 'target': 0.75, 'spread': 0.375, 'learning_rate': 0.003}",ppo,100,64x64,0.003,,,,,,
LunarLander-v3,filterbank+hag,4,240,3.0875,-311.60540009999994,48.53609390065517,-56.76700155340104,-105.74560183641977,1580,"{'decomposition': 'ema', 'n_filters': 12, 'slowest': 0.022150628564983305, 'input_scaling': 0.3786189199484331, 'bias_dist': 'foldnorm', 'bias_scaling': 0.029687121836807887, 'lr': 0.7474064946212267, 'weight_increment': 0.0011133132425291139, 'min_window': 19, 'max_window': 43, 'use_full_instance': True, 'max_partners': 20, 'homeostasis': 'mean', 'target': 0.75, 'spread': 0.375, 'learning_rate': 0.003}",ppo,100,64x64,0.003,,,,,,
LunarLander-v3,filterbank+hag,7,240,3.8958333333333335,146.08391401999998,98.45715876695967,77.54417585748361,40.314620486567165,1609,"{'decomposition': 'ema', 'n_filters': 12, 'slowest': 0.022150628564983305, 'input_scaling': 0.3786189199484331, 'bias_dist': 'foldnorm', 'bias_scaling': 0.029687121836807887, 'lr': 0.7474064946212267, 'weight_increment': 0.0011133132425291139, 'min_window': 19, 'max_window': 43, 'use_full_instance': True, 'max_partners': 20, 'homeostasis': 'mean', 'target': 0.75, 'spread': 0.375, 'learning_rate': 0.001}",ppo,100,64x64,0.001,,,,,,
LunarLander-v3,filterbank+hag,8,240,5.108333333333333,59.42623922000001,152.83208690040865,113.6737171420174,129.65197872470588,1606,"{'decomposition': 'ema', 'n_filters': 12, 'slowest': 0.022150628564983305, 'input_scaling': 0.3786189199484331, 'bias_dist': 'foldnorm', 'bias_scaling': 0.029687121836807887, 'lr': 0.7474064946212267, 'weight_increment': 0.0011133132425291139, 'min_window': 19, 'max_window': 43, 'use_full_instance': True, 'max_partners': 20, 'homeostasis': 'mean', 'target': 0.75, 'spread': 0.375, 'learning_rate': 0.001}",ppo,100,64x64,0.001,,,,,,
LunarLander-v3,filterbank+hag,9,240,4.220833333333333,143.67839806,162.11383055879074,124.51584688750896,176.97880399760766,1605,"{'decomposition': 'ema', 'n_filters': 12, 'slowest': 0.022150628564983305, 'input_scaling': 0.3786189199484331, 'bias_dist': 'foldnorm', 'bias_scaling': 0.029687121836807887, 'lr': 0.7474064946212267, 'weight_increment': 0.0011133132425291139, 'min_window': 19, 'max_window': 43, 'use_full_instance': True, 'max_partners': 20, 'homeostasis': 'mean', 'target': 0.75, 'spread': 0.375, 'learning_rate': 0.001}",ppo,100,64x64,0.001,,,,,,
LunarLander-v3,filterbank+hag,0,240,3.4458333333333333,-120.70844040000001,42.003392560222835,-14.567173064106033,-17.15545759620596,1609,"{'decomposition': 'ema', 'n_filters': 12, 'slowest': 0.022150628564983305, 'input_scaling': 0.3786189199484331, 'bias_dist': 'foldnorm', 'bias_scaling': 0.029687121836807887, 'lr': 0.7474064946212267, 'weight_increment': 0.0011133132425291139, 'min_window': 19, 'max_window': 43, 'use_full_instance': True, 'max_partners': 20, 'homeostasis': 'mean', 'target': 0.75, 'spread': 0.375, 'learning_rate': 0.003}",ppo,100,64x64,0.003,,,,,,
LunarLander-v3,filterbank+hag,6,240,3.654166666666667,-83.01647919999999,134.99649045346953,-9.91252057107438,-9.438118121212124,1600,"{'decomposition': 'ema', 'n_filters': 12, 'slowest': 0.022150628564983305, 'input_scaling': 0.3786189199484331, 'bias_dist': 'foldnorm', 'bias_scaling': 0.029687121836807887, 'lr': 0.7474064946212267, 'weight_increment': 0.0011133132425291139, 'min_window': 19, 'max_window': 43, 'use_full_instance': True, 'max_partners': 20, 'homeostasis': 'mean', 'target': 0.75, 'spread': 0.375, 'learning_rate': 0.003}",ppo,100,64x64,0.003,,,,,,
LunarLander-v3,filterbank+hag,3,240,3.0791666666666666,201.61658946,92.422028433422,146.23514865915618,185.17445509955752,1641,"{'decomposition': 'ema', 'n_filters': 12, 'slowest': 0.022150628564983305, 'input_scaling': 0.3786189199484331, 'bias_dist': 'foldnorm', 'bias_scaling': 0.029687121836807887, 'lr': 0.7474064946212267, 'weight_increment': 0.0011133132425291139, 'min_window': 19, 'max_window': 43, 'use_full_instance': True, 'max_partners': 20, 'homeostasis': 'mean', 'target': 0.75, 'spread': 0.375, 'learning_rate': 0.001}",ppo,100,64x64,0.001,,,,,,
LunarLander-v3,filterbank+hag,3,240,3.0791666666666666,-100.87279941999999,23.370288390755956,-266.13625194396013,-64.58644169158879,1613,"{'decomposition': 'ema', 'n_filters': 12, 'slowest': 0.022150628564983305, 'input_scaling': 0.3786189199484331, 'bias_dist': 'foldnorm', 'bias_scaling': 0.029687121836807887, 'lr': 0.7474064946212267, 'weight_increment': 0.0011133132425291139, 'min_window': 19, 'max_window': 43, 'use_full_instance': True, 'max_partners': 20, 'homeostasis': 'mean', 'target': 0.75, 'spread': 0.375, 'learning_rate': 0.003}",ppo,100,64x64,0.003,,,,,,
LunarLander-v3,filterbank+hag,2,240,3.45,124.06015668,73.4076240176354,-3.2427363773644426,-66.24876635962144,1618,"{'decomposition': 'ema', 'n_filters': 12, 'slowest': 0.022150628564983305, 'input_scaling': 0.3786189199484331, 'bias_dist': 'foldnorm', 'bias_scaling': 0.029687121836807887, 'lr': 0.7474064946212267, 'weight_increment': 0.0011133132425291139, 'min_window': 19, 'max_window': 43, 'use_full_instance': True, 'max_partners': 20, 'homeostasis': 'mean', 'target': 0.75, 'spread': 0.375, 'learning_rate': 0.003}",ppo,100,64x64,0.003,,,,,,
LunarLander-v3,filterbank+hag,9,240,4.220833333333333,-133.13083414,76.59822100425089,-30.225094006571428,-92.69924062857143,1605,"{'decomposition': 'ema', 'n_filters': 12, 'slowest': 0.022150628564983305, 'input_scaling': 0.3786189199484331, 'bias_dist': 'foldnorm', 'bias_scaling': 0.029687121836807887, 'lr': 0.7474064946212267, 'weight_increment': 0.0011133132425291139, 'min_window': 19, 'max_window': 43, 'use_full_instance': True, 'max_partners': 20, 'homeostasis': 'mean', 'target': 0.75, 'spread': 0.375, 'learning_rate': 0.003}",ppo,100,64x64,0.003,,,,,,
LunarLander-v3,filterbank+hag,5,240,3.175,104.61919637999999,120.51236157700724,-45.856687730746955,-65.2592074057971,1624,"{'decomposition': 'ema', 'n_filters': 12, 'slowest': 0.022150628564983305, 'input_scaling': 0.3786189199484331, 'bias_dist': 'foldnorm', 'bias_scaling': 0.029687121836807887, 'lr': 0.7474064946212267, 'weight_increment': 0.0011133132425291139, 'min_window': 19, 'max_window': 43, 'use_full_instance': True, 'max_partners': 20, 'homeostasis': 'mean', 'target': 0.75, 'spread': 0.375, 'learning_rate': 0.003}",ppo,100,64x64,0.003,,,,,,
LunarLander-v3,filterbank+hag,7,240,3.8958333333333335,-237.1643319,88.28712279332903,-41.40617263043478,-48.82073136428571,1620,"{'decomposition': 'ema', 'n_filters': 12, 'slowest': 0.022150628564983305, 'input_scaling': 0.3786189199484331, 'bias_dist': 'foldnorm', 'bias_scaling': 0.029687121836807887, 'lr': 0.7474064946212267, 'weight_increment': 0.0011133132425291139, 'min_window': 19, 'max_window': 43, 'use_full_instance': True, 'max_partners': 20, 'homeostasis': 'mean', 'target': 0.75, 'spread': 0.375, 'learning_rate': 0.003}",ppo,100,64x64,0.003,,,,,,
LunarLander-v3,filterbank+hag,0,240,3.4458333333333333,-586.06751274,165.3589386579754,-235.6725688112647,-218.84440057270774,1614,"{'decomposition': 'ema', 'n_filters': 12, 'slowest': 0.022150628564983305, 'input_scaling': 0.3786189199484331, 'bias_dist': 'foldnorm', 'bias_scaling': 0.029687121836807887, 'lr': 0.7474064946212267, 'weight_increment': 0.0011133132425291139, 'min_window': 19, 'max_window': 43, 'use_full_instance': True, 'max_partners': 20, 'homeostasis': 'mean', 'target': 0.75, 'spread': 0.375, 'learning_rate': 0.01}",ppo,100,64x64,0.01,,,,,,
LunarLander-v3,filterbank+hag,8,240,5.108333333333333,-152.65408657999998,66.85137278557207,-33.061454934934936,-27.098206127090297,1641,"{'decomposition': 'ema', 'n_filters': 12, 'slowest': 0.022150628564983305, 'input_scaling': 0.3786189199484331, 'bias_dist': 'foldnorm', 'bias_scaling': 0.029687121836807887, 'lr': 0.7474064946212267, 'weight_increment': 0.0011133132425291139, 'min_window': 19, 'max_window': 43, 'use_full_instance': True, 'max_partners': 20, 'homeostasis': 'mean', 'target': 0.75, 'spread': 0.375, 'learning_rate': 0.003}",ppo,100,64x64,0.003,,,,,,
LunarLander-v3,filterbank+proj,0,240,0.0,248.84659088,27.727178054837665,150.14430731904102,242.7508803256351,1598,"{'decomposition': 'ema', 'n_filters': 12, 'slowest': 0.022150628564983305, 'input_scaling': 0.3786189199484331, 'bias_dist': 'foldnorm', 'bias_scaling': 0.029687121836807887, 'lr': 0.7474064946212267, 'weight_increment': 0.0011133132425291139, 'min_window': 19, 'max_window': 43, 'use_full_instance': True, 'max_partners': 20, 'homeostasis': 'mean', 'target': 0.75, 'spread': 0.375, 'learning_rate': 0.0003}",ppo,100,64x64,0.0003,,,,,,
LunarLander-v3,filterbank+proj,1,240,0.0,155.45381764,90.87835183860147,185.3368347695367,150.26285230876493,1603,"{'decomposition': 'ema', 'n_filters': 12, 'slowest': 0.022150628564983305, 'input_scaling': 0.3786189199484331, 'bias_dist': 'foldnorm', 'bias_scaling': 0.029687121836807887, 'lr': 0.7474064946212267, 'weight_increment': 0.0011133132425291139, 'min_window': 19, 'max_window': 43, 'use_full_instance': True, 'max_partners': 20, 'homeostasis': 'mean', 'target': 0.75, 'spread': 0.375, 'learning_rate': 0.0003}",ppo,100,64x64,0.0003,,,,,,
LunarLander-v3,filterbank+proj,2,240,0.0,253.55226358,73.62061531667007,193.31011626657576,263.77781266211605,1602,"{'decomposition': 'ema', 'n_filters': 12, 'slowest': 0.022150628564983305, 'input_scaling': 0.3786189199484331, 'bias_dist': 'foldnorm', 'bias_scaling': 0.029687121836807887, 'lr': 0.7474064946212267, 'weight_increment': 0.0011133132425291139, 'min_window': 19, 'max_window': 43, 'use_full_instance': True, 'max_partners': 20, 'homeostasis': 'mean', 'target': 0.75, 'spread': 0.375, 'learning_rate': 0.0003}",ppo,100,64x64,0.0003,,,,,,
LunarLander-v3,filterbank+hag,1,240,3.3041666666666667,-551.7638253800001,147.58040739147515,-232.12601879355077,-241.44042766480237,1647,"{'decomposition': 'ema', 'n_filters': 12, 'slowest': 0.022150628564983305, 'input_scaling': 0.3786189199484331, 'bias_dist': 'foldnorm', 'bias_scaling': 0.029687121836807887, 'lr': 0.7474064946212267, 'weight_increment': 0.0011133132425291139, 'min_window': 19, 'max_window': 43, 'use_full_instance': True, 'max_partners': 20, 'homeostasis': 'mean', 'target': 0.75, 'spread': 0.375, 'learning_rate': 0.01}",ppo,100,64x64,0.01,,,,,,
LunarLander-v3,filterbank+hag,4,240,3.0875,-122.3086974,53.716587910812486,-138.75773656322832,-132.16873301474823,1638,"{'decomposition': 'ema', 'n_filters': 12, 'slowest': 0.022150628564983305, 'input_scaling': 0.3786189199484331, 'bias_dist': 'foldnorm', 'bias_scaling': 0.029687121836807887, 'lr': 0.7474064946212267, 'weight_increment': 0.0011133132425291139, 'min_window': 19, 'max_window': 43, 'use_full_instance': True, 'max_partners': 20, 'homeostasis': 'mean', 'target': 0.75, 'spread': 0.375, 'learning_rate': 0.01}",ppo,100,64x64,0.01,,,,,,
LunarLander-v3,filterbank+proj,3,240,0.0,244.12536000000003,76.20179260241574,207.89575680046792,232.6779194548495,1611,"{'decomposition': 'ema', 'n_filters': 12, 'slowest': 0.022150628564983305, 'input_scaling': 0.3786189199484331, 'bias_dist': 'foldnorm', 'bias_scaling': 0.029687121836807887, 'lr': 0.7474064946212267, 'weight_increment': 0.0011133132425291139, 'min_window': 19, 'max_window': 43, 'use_full_instance': True, 'max_partners': 20, 'homeostasis': 'mean', 'target': 0.75, 'spread': 0.375, 'learning_rate': 0.0003}",ppo,100,64x64,0.0003,,,,,,
LunarLander-v3,filterbank+hag,5,240,3.175,-126.93929941999997,51.89552868775965,-135.25298156115903,-131.87059531051693,1657,"{'decomposition': 'ema', 'n_filters': 12, 'slowest': 0.022150628564983305, 'input_scaling': 0.3786189199484331, 'bias_dist': 'foldnorm', 'bias_scaling': 0.029687121836807887, 'lr': 0.7474064946212267, 'weight_increment': 0.0011133132425291139, 'min_window': 19, 'max_window': 43, 'use_full_instance': True, 'max_partners': 20, 'homeostasis': 'mean', 'target': 0.75, 'spread': 0.375, 'learning_rate': 0.01}",ppo,100,64x64,0.01,,,,,,
LunarLander-v3,filterbank+hag,6,240,3.654166666666667,-126.41344102,54.352848178463304,-133.48567148867338,-131.2050294541593,1652,"{'decomposition': 'ema', 'n_filters': 12, 'slowest': 0.022150628564983305, 'input_scaling': 0.3786189199484331, 'bias_dist': 'foldnorm', 'bias_scaling': 0.029687121836807887, 'lr': 0.7474064946212267, 'weight_increment': 0.0011133132425291139, 'min_window': 19, 'max_window': 43, 'use_full_instance': True, 'max_partners': 20, 'homeostasis': 'mean', 'target': 0.75, 'spread': 0.375, 'learning_rate': 0.01}",ppo,100,64x64,0.01,,,,,,
LunarLander-v3,filterbank+proj,8,240,0.0,88.02353702,151.29417742637906,0.37175137406576725,16.862133846441942,1603,"{'decomposition': 'ema', 'n_filters': 12, 'slowest': 0.022150628564983305, 'input_scaling': 0.3786189199484331, 'bias_dist': 'foldnorm', 'bias_scaling': 0.029687121836807887, 'lr': 0.7474064946212267, 'weight_increment': 0.0011133132425291139, 'min_window': 19, 'max_window': 43, 'use_full_instance': True, 'max_partners': 20, 'homeostasis': 'mean', 'target': 0.75, 'spread': 0.375, 'learning_rate': 0.0003}",ppo,100,64x64,0.0003,,,,,,
LunarLander-v3,filterbank+hag,3,240,3.0791666666666666,-548.80837012,137.5329502136411,-229.91130033938506,-236.25322545607614,1671,"{'decomposition': 'ema', 'n_filters': 12, 'slowest': 0.022150628564983305, 'input_scaling': 0.3786189199484331, 'bias_dist': 'foldnorm', 'bias_scaling': 0.029687121836807887, 'lr': 0.7474064946212267, 'weight_increment': 0.0011133132425291139, 'min_window': 19, 'max_window': 43, 'use_full_instance': True, 'max_partners': 20, 'homeostasis': 'mean', 'target': 0.75, 'spread': 0.375, 'learning_rate': 0.01}",ppo,100,64x64,0.01,,,,,,
LunarLander-v3,filterbank+proj,4,240,0.0,231.04302651999998,32.072424896630956,164.64272963953752,233.18422885714287,1636,"{'decomposition': 'ema', 'n_filters': 12, 'slowest': 0.022150628564983305, 'input_scaling': 0.3786189199484331, 'bias_dist': 'foldnorm', 'bias_scaling': 0.029687121836807887, 'lr': 0.7474064946212267, 'weight_increment': 0.0011133132425291139, 'min_window': 19, 'max_window': 43, 'use_full_instance': True, 'max_partners': 20, 'homeostasis': 'mean', 'target': 0.75, 'spread': 0.375, 'learning_rate': 0.0003}",ppo,100,64x64,0.0003,,,,,,
LunarLander-v3,filterbank+proj,6,240,0.0,229.12942143999996,76.23015795961747,193.0683645560591,224.88749230571992,1619,"{'decomposition': 'ema', 'n_filters': 12, 'slowest': 0.022150628564983305, 'input_scaling': 0.3786189199484331, 'bias_dist': 'foldnorm', 'bias_scaling': 0.029687121836807887, 'lr': 0.7474064946212267, 'weight_increment': 0.0011133132425291139, 'min_window': 19, 'max_window': 43, 'use_full_instance': True, 'max_partners': 20, 'homeostasis': 'mean', 'target': 0.75, 'spread': 0.375, 'learning_rate': 0.0003}",ppo,100,64x64,0.0003,,,,,,
LunarLander-v3,filterbank+hag,7,240,3.8958333333333335,-126.94602436,54.729251625930324,-135.77952305533285,-130.94999138041905,1657,"{'decomposition': 'ema', 'n_filters': 12, 'slowest': 0.022150628564983305, 'input_scaling': 0.3786189199484331, 'bias_dist': 'foldnorm', 'bias_scaling': 0.029687121836807887, 'lr': 0.7474064946212267, 'weight_increment': 0.0011133132425291139, 'min_window': 19, 'max_window': 43, 'use_full_instance': True, 'max_partners': 20, 'homeostasis': 'mean', 'target': 0.75, 'spread': 0.375, 'learning_rate': 0.01}",ppo,100,64x64,0.01,,,,,,
LunarLander-v3,filterbank+proj,0,240,0.0,25.020861720000003,77.64861580017879,133.03294748768965,78.1269633482587,1610,"{'decomposition': 'ema', 'n_filters': 12, 'slowest': 0.022150628564983305, 'input_scaling': 0.3786189199484331, 'bias_dist': 'foldnorm', 'bias_scaling': 0.029687121836807887, 'lr': 0.7474064946212267, 'weight_increment': 0.0011133132425291139, 'min_window': 19, 'max_window': 43, 'use_full_instance': True, 'max_partners': 20, 'homeostasis': 'mean', 'target': 0.75, 'spread': 0.375, 'learning_rate': 0.001}",ppo,100,64x64,0.001,,,,,,
LunarLander-v3,filterbank+proj,5,240,0.0,262.8389978,38.078704175167495,177.98821459406793,250.32271377892917,1644,"{'decomposition': 'ema', 'n_filters': 12, 'slowest': 0.022150628564983305, 'input_scaling': 0.3786189199484331, 'bias_dist': 'foldnorm', 'bias_scaling': 0.029687121836807887, 'lr': 0.7474064946212267, 'weight_increment': 0.0011133132425291139, 'min_window': 19, 'max_window': 43, 'use_full_instance': True, 'max_partners': 20, 'homeostasis': 'mean', 'target': 0.75, 'spread': 0.375, 'learning_rate': 0.0003}",ppo,100,64x64,0.0003,,,,,,
LunarLander-v3,filterbank+proj,7,240,0.0,63.82113501999999,98.77334701951901,130.04910642310696,96.183977484375,1632,"{'decomposition': 'ema', 'n_filters': 12, 'slowest': 0.022150628564983305, 'input_scaling': 0.3786189199484331, 'bias_dist': 'foldnorm', 'bias_scaling': 0.029687121836807887, 'lr': 0.7474064946212267, 'weight_increment': 0.0011133132425291139, 'min_window': 19, 'max_window': 43, 'use_full_instance': True, 'max_partners': 20, 'homeostasis': 'mean', 'target': 0.75, 'spread': 0.375, 'learning_rate': 0.0003}",ppo,100,64x64,0.0003,,,,,,
LunarLander-v3,filterbank+proj,9,240,0.0,154.60312532,140.96435011107332,199.10468884645542,218.4785074624183,1637,"{'decomposition': 'ema', 'n_filters': 12, 'slowest': 0.022150628564983305, 'input_scaling': 0.3786189199484331, 'bias_dist': 'foldnorm', 'bias_scaling': 0.029687121836807887, 'lr': 0.7474064946212267, 'weight_increment': 0.0011133132425291139, 'min_window': 19, 'max_window': 43, 'use_full_instance': True, 'max_partners': 20, 'homeostasis': 'mean', 'target': 0.75, 'spread': 0.375, 'learning_rate': 0.0003}",ppo,100,64x64,0.0003,,,,,,
LunarLander-v3,filterbank+hag,2,240,3.45,-132.18103352,55.78995772993341,-135.21165101360987,-133.2299397731365,1713,"{'decomposition': 'ema', 'n_filters': 12, 'slowest': 0.022150628564983305, 'input_scaling': 0.3786189199484331, 'bias_dist': 'foldnorm', 'bias_scaling': 0.029687121836807887, 'lr': 0.7474064946212267, 'weight_increment': 0.0011133132425291139, 'min_window': 19, 'max_window': 43, 'use_full_instance': True, 'max_partners': 20, 'homeostasis': 'mean', 'target': 0.75, 'spread': 0.375, 'learning_rate': 0.01}",ppo,100,64x64,0.01,,,,,,
LunarLander-v3,filterbank+hag,8,240,5.108333333333333,-126.35847503999999,57.33025397602555,-132.96022928690698,-132.7692953698925,1684,"{'decomposition': 'ema', 'n_filters': 12, 'slowest': 0.022150628564983305, 'input_scaling': 0.3786189199484331, 'bias_dist': 'foldnorm', 'bias_scaling': 0.029687121836807887, 'lr': 0.7474064946212267, 'weight_increment': 0.0011133132425291139, 'min_window': 19, 'max_window': 43, 'use_full_instance': True, 'max_partners': 20, 'homeostasis': 'mean', 'target': 0.75, 'spread': 0.375, 'learning_rate': 0.01}",ppo,100,64x64,0.01,,,,,,
LunarLander-v3,filterbank+hag,9,240,4.220833333333333,-123.19656441999997,54.28370201564657,-136.7489810879333,-130.78850955863072,1698,"{'decomposition': 'ema', 'n_filters': 12, 'slowest': 0.022150628564983305, 'input_scaling': 0.3786189199484331, 'bias_dist': 'foldnorm', 'bias_scaling': 0.029687121836807887, 'lr': 0.7474064946212267, 'weight_increment': 0.0011133132425291139, 'min_window': 19, 'max_window': 43, 'use_full_instance': True, 'max_partners': 20, 'homeostasis': 'mean', 'target': 0.75, 'spread': 0.375, 'learning_rate': 0.01}",ppo,100,64x64,0.01,,,,,,
LunarLander-v3,filterbank+proj,1,240,0.0,177.77197682000002,100.69879372167394,130.14808011488674,41.71588974074074,1644,"{'decomposition': 'ema', 'n_filters': 12, 'slowest': 0.022150628564983305, 'input_scaling': 0.3786189199484331, 'bias_dist': 'foldnorm', 'bias_scaling': 0.029687121836807887, 'lr': 0.7474064946212267, 'weight_increment': 0.0011133132425291139, 'min_window': 19, 'max_window': 43, 'use_full_instance': True, 'max_partners': 20, 'homeostasis': 'mean', 'target': 0.75, 'spread': 0.375, 'learning_rate': 0.001}",ppo,100,64x64,0.001,,,,,,
LunarLander-v3,filterbank+proj,2,240,0.0,206.42433046000002,93.68317736705673,154.81422680891174,193.12188343133047,1634,"{'decomposition': 'ema', 'n_filters': 12, 'slowest': 0.022150628564983305, 'input_scaling': 0.3786189199484331, 'bias_dist': 'foldnorm', 'bias_scaling': 0.029687121836807887, 'lr': 0.7474064946212267, 'weight_increment': 0.0011133132425291139, 'min_window': 19, 'max_window': 43, 'use_full_instance': True, 'max_partners': 20, 'homeostasis': 'mean', 'target': 0.75, 'spread': 0.375, 'learning_rate': 0.001}",ppo,100,64x64,0.001,,,,,,
LunarLander-v3,filterbank+proj,3,240,0.0,189.37204992,112.80966807536885,113.03914230453502,126.52151110344826,1653,"{'decomposition': 'ema', 'n_filters': 12, 'slowest': 0.022150628564983305, 'input_scaling': 0.3786189199484331, 'bias_dist': 'foldnorm', 'bias_scaling': 0.029687121836807887, 'lr': 0.7474064946212267, 'weight_increment': 0.0011133132425291139, 'min_window': 19, 'max_window': 43, 'use_full_instance': True, 'max_partners': 20, 'homeostasis': 'mean', 'target': 0.75, 'spread': 0.375, 'learning_rate': 0.001}",ppo,100,64x64,0.001,,,,,,
LunarLander-v3,filterbank+proj,4,240,0.0,169.47885594,96.13616650257707,132.48772405274488,103.1250872425876,1647,"{'decomposition': 'ema', 'n_filters': 12, 'slowest': 0.022150628564983305, 'input_scaling': 0.3786189199484331, 'bias_dist': 'foldnorm', 'bias_scaling': 0.029687121836807887, 'lr': 0.7474064946212267, 'weight_increment': 0.0011133132425291139, 'min_window': 19, 'max_window': 43, 'use_full_instance': True, 'max_partners': 20, 'homeostasis': 'mean', 'target': 0.75, 'spread': 0.375, 'learning_rate': 0.001}",ppo,100,64x64,0.001,,,,,,
LunarLander-v3,filterbank+proj,5,240,0.0,185.24196156,158.80842436948257,161.37835757046568,227.6791693169734,1652,"{'decomposition': 'ema', 'n_filters': 12, 'slowest': 0.022150628564983305, 'input_scaling': 0.3786189199484331, 'bias_dist': 'foldnorm', 'bias_scaling': 0.029687121836807887, 'lr': 0.7474064946212267, 'weight_increment': 0.0011133132425291139, 'min_window': 19, 'max_window': 43, 'use_full_instance': True, 'max_partners': 20, 'homeostasis': 'mean', 'target': 0.75, 'spread': 0.375, 'learning_rate': 0.001}",ppo,100,64x64,0.001,,,,,,
LunarLander-v3,filterbank+proj,6,240,0.0,157.75437185999996,167.6266407585985,126.402446731444,194.99126997027025,1571,"{'decomposition': 'ema', 'n_filters': 12, 'slowest': 0.022150628564983305, 'input_scaling': 0.3786189199484331, 'bias_dist': 'foldnorm', 'bias_scaling': 0.029687121836807887, 'lr': 0.7474064946212267, 'weight_increment': 0.0011133132425291139, 'min_window': 19, 'max_window': 43, 'use_full_instance': True, 'max_partners': 20, 'homeostasis': 'mean', 'target': 0.75, 'spread': 0.375, 'learning_rate': 0.001}",ppo,100,64x64,0.001,,,,,,
LunarLander-v3,filterbank+esn,0,240,3.1958333333333333,236.56252206000002,67.78337685273448,214.06851702159204,220.73757965645157,1457,"{'decomposition': 'ema', 'n_filters': 12, 'slowest': 0.007278775282470501, 'input_scaling': 0.4150388723567341, 'bias_dist': 'foldnorm', 'bias_scaling': 0.04616118346075944, 'lr': 0.9174645206815777, 'sr': 0.7122598989576099, 'rc_connectivity': 0.013316681518519325, 'learning_rate': 0.0003}",ppo,100,64,0.0003,,,,,,
LunarLander-v3,filterbank+proj,7,240,0.0,227.27449088,70.80613702844893,125.59178882650536,186.82184259228654,1605,"{'decomposition': 'ema', 'n_filters': 12, 'slowest': 0.022150628564983305, 'input_scaling': 0.3786189199484331, 'bias_dist': 'foldnorm', 'bias_scaling': 0.029687121836807887, 'lr': 0.7474064946212267, 'weight_increment': 0.0011133132425291139, 'min_window': 19, 'max_window': 43, 'use_full_instance': True, 'max_partners': 20, 'homeostasis': 'mean', 'target': 0.75, 'spread': 0.375, 'learning_rate': 0.001}",ppo,100,64x64,0.001,,,,,,
LunarLander-v3,filterbank+proj,0,240,0.0,-406.55954908,148.3830209533724,-15.230405278347574,-7.20172393162393,1569,"{'decomposition': 'ema', 'n_filters': 12, 'slowest': 0.022150628564983305, 'input_scaling': 0.3786189199484331, 'bias_dist': 'foldnorm', 'bias_scaling': 0.029687121836807887, 'lr': 0.7474064946212267, 'weight_increment': 0.0011133132425291139, 'min_window': 19, 'max_window': 43, 'use_full_instance': True, 'max_partners': 20, 'homeostasis': 'mean', 'target': 0.75, 'spread': 0.375, 'learning_rate': 0.003}",ppo,100,64x64,0.003,,,,,,
LunarLander-v3,filterbank+esn,3,240,3.1958333333333333,230.63888500000004,83.96244251072193,220.7627056558979,243.5040280054348,1457,"{'decomposition': 'ema', 'n_filters': 12, 'slowest': 0.007278775282470501, 'input_scaling': 0.4150388723567341, 'bias_dist': 'foldnorm', 'bias_scaling': 0.04616118346075944, 'lr': 0.9174645206815777, 'sr': 0.7122598989576099, 'rc_connectivity': 0.013316681518519325, 'learning_rate': 0.0003}",ppo,100,64,0.0003,,,,,,
LunarLander-v3,filterbank+proj,9,240,0.0,137.16287502,121.46052085455042,132.30100741188664,203.87366138709677,1601,"{'decomposition': 'ema', 'n_filters': 12, 'slowest': 0.022150628564983305, 'input_scaling': 0.3786189199484331, 'bias_dist': 'foldnorm', 'bias_scaling': 0.029687121836807887, 'lr': 0.7474064946212267, 'weight_increment': 0.0011133132425291139, 'min_window': 19, 'max_window': 43, 'use_full_instance': True, 'max_partners': 20, 'homeostasis': 'mean', 'target': 0.75, 'spread': 0.375, 'learning_rate': 0.001}",ppo,100,64x64,0.001,,,,,,
LunarLander-v3,filterbank+proj,8,240,0.0,100.28442482,161.77961014344874,111.66889149909584,182.34706911886306,1607,"{'decomposition': 'ema', 'n_filters': 12, 'slowest': 0.022150628564983305, 'input_scaling': 0.3786189199484331, 'bias_dist': 'foldnorm', 'bias_scaling': 0.029687121836807887, 'lr': 0.7474064946212267, 'weight_increment': 0.0011133132425291139, 'min_window': 19, 'max_window': 43, 'use_full_instance': True, 'max_partners': 20, 'homeostasis': 'mean', 'target': 0.75, 'spread': 0.375, 'learning_rate': 0.001}",ppo,100,64x64,0.001,,,,,,
LunarLander-v3,filterbank+esn,1,240,3.1958333333333333,266.72008392,37.92478232263689,233.97648284014565,263.5671936016451,1477,"{'decomposition': 'ema', 'n_filters': 12, 'slowest': 0.007278775282470501, 'input_scaling': 0.4150388723567341, 'bias_dist': 'foldnorm', 'bias_scaling': 0.04616118346075944, 'lr': 0.9174645206815777, 'sr': 0.7122598989576099, 'rc_connectivity': 0.013316681518519325, 'learning_rate': 0.0003}",ppo,100,64,0.0003,,,,,,
LunarLander-v3,filterbank+esn,4,240,3.1958333333333333,268.04837241999996,26.966342505114422,226.9167682761194,259.19055733488915,1470,"{'decomposition': 'ema', 'n_filters': 12, 'slowest': 0.007278775282470501, 'input_scaling': 0.4150388723567341, 'bias_dist': 'foldnorm', 'bias_scaling': 0.04616118346075944, 'lr': 0.9174645206815777, 'sr': 0.7122598989576099, 'rc_connectivity': 0.013316681518519325, 'learning_rate': 0.0003}",ppo,100,64,0.0003,,,,,,
LunarLander-v3,filterbank+proj,8,240,0.0,-272.23586764,107.10366536966175,-99.90851094129495,-215.6157050778098,1563,"{'decomposition': 'ema', 'n_filters': 12, 'slowest': 0.022150628564983305, 'input_scaling': 0.3786189199484331, 'bias_dist': 'foldnorm', 'bias_scaling': 0.029687121836807887, 'lr': 0.7474064946212267, 'weight_increment': 0.0011133132425291139, 'min_window': 19, 'max_window': 43, 'use_full_instance': True, 'max_partners': 20, 'homeostasis': 'mean', 'target': 0.75, 'spread': 0.375, 'learning_rate': 0.003}",ppo,100,64x64,0.003,,,,,,
LunarLander-v3,filterbank+proj,7,240,0.0,63.09670602,151.40930796095304,4.796633445513818,29.400994559006207,1565,"{'decomposition': 'ema', 'n_filters': 12, 'slowest': 0.022150628564983305, 'input_scaling': 0.3786189199484331, 'bias_dist': 'foldnorm', 'bias_scaling': 0.029687121836807887, 'lr': 0.7474064946212267, 'weight_increment': 0.0011133132425291139, 'min_window': 19, 'max_window': 43, 'use_full_instance': True, 'max_partners': 20, 'homeostasis': 'mean', 'target': 0.75, 'spread': 0.375, 'learning_rate': 0.003}",ppo,100,64x64,0.003,,,,,,
LunarLander-v3,filterbank+proj,4,240,0.0,-701.8566103999999,1607.5468245401769,-73.40798049294388,-90.73452339802631,1583,"{'decomposition': 'ema', 'n_filters': 12, 'slowest': 0.022150628564983305, 'input_scaling': 0.3786189199484331, 'bias_dist': 'foldnorm', 'bias_scaling': 0.029687121836807887, 'lr': 0.7474064946212267, 'weight_increment': 0.0011133132425291139, 'min_window': 19, 'max_window': 43, 'use_full_instance': True, 'max_partners': 20, 'homeostasis': 'mean', 'target': 0.75, 'spread': 0.375, 'learning_rate': 0.003}",ppo,100,64x64,0.003,,,,,,
LunarLander-v3,filterbank+proj,2,240,0.0,-4.437905680000001,39.5880658891616,-60.63179596856978,-239.98913721098268,1586,"{'decomposition': 'ema', 'n_filters': 12, 'slowest': 0.022150628564983305, 'input_scaling': 0.3786189199484331, 'bias_dist': 'foldnorm', 'bias_scaling': 0.029687121836807887, 'lr': 0.7474064946212267, 'weight_increment': 0.0011133132425291139, 'min_window': 19, 'max_window': 43, 'use_full_instance': True, 'max_partners': 20, 'homeostasis': 'mean', 'target': 0.75, 'spread': 0.375, 'learning_rate': 0.003}",ppo,100,64x64,0.003,,,,,,
LunarLander-v3,filterbank+proj,1,240,0.0,-50.76134457999999,23.07842857331369,-45.6350326034995,-137.6742002682119,1588,"{'decomposition': 'ema', 'n_filters': 12, 'slowest': 0.022150628564983305, 'input_scaling': 0.3786189199484331, 'bias_dist': 'foldnorm', 'bias_scaling': 0.029687121836807887, 'lr': 0.7474064946212267, 'weight_increment': 0.0011133132425291139, 'min_window': 19, 'max_window': 43, 'use_full_instance': True, 'max_partners': 20, 'homeostasis': 'mean', 'target': 0.75, 'spread': 0.375, 'learning_rate': 0.003}",ppo,100,64x64,0.003,,,,,,
LunarLander-v3,filterbank+esn,6,240,3.1958333333333333,246.19126314000002,72.88702573417552,226.0285279216134,265.6610774111675,1468,"{'decomposition': 'ema', 'n_filters': 12, 'slowest': 0.007278775282470501, 'input_scaling': 0.4150388723567341, 'bias_dist': 'foldnorm', 'bias_scaling': 0.04616118346075944, 'lr': 0.9174645206815777, 'sr': 0.7122598989576099, 'rc_connectivity': 0.013316681518519325, 'learning_rate': 0.0003}",ppo,100,64,0.0003,,,,,,
LunarLander-v3,filterbank+proj,3,240,0.0,-78.71204386000001,40.46478792101527,-67.87955066550157,-59.097920447552454,1586,"{'decomposition': 'ema', 'n_filters': 12, 'slowest': 0.022150628564983305, 'input_scaling': 0.3786189199484331, 'bias_dist': 'foldnorm', 'bias_scaling': 0.029687121836807887, 'lr': 0.7474064946212267, 'weight_increment': 0.0011133132425291139, 'min_window': 19, 'max_window': 43, 'use_full_instance': True, 'max_partners': 20, 'homeostasis': 'mean', 'target': 0.75, 'spread': 0.375, 'learning_rate': 0.003}",ppo,100,64x64,0.003,,,,,,
LunarLander-v3,filterbank+esn,2,240,3.1958333333333333,276.50532047999997,18.342453603147153,229.5405330555128,268.1168339576923,1498,"{'decomposition': 'ema', 'n_filters': 12, 'slowest': 0.007278775282470501, 'input_scaling': 0.4150388723567341, 'bias_dist': 'foldnorm', 'bias_scaling': 0.04616118346075944, 'lr': 0.9174645206815777, 'sr': 0.7122598989576099, 'rc_connectivity': 0.013316681518519325, 'learning_rate': 0.0003}",ppo,100,64,0.0003,,,,,,
LunarLander-v3,filterbank+proj,9,240,0.0,-95.05141336000001,108.48789311717869,-70.98802707797452,-116.96100937383177,1582,"{'decomposition': 'ema', 'n_filters': 12, 'slowest': 0.022150628564983305, 'input_scaling': 0.3786189199484331, 'bias_dist': 'foldnorm', 'bias_scaling': 0.029687121836807887, 'lr': 0.7474064946212267, 'weight_increment': 0.0011133132425291139, 'min_window': 19, 'max_window': 43, 'use_full_instance': True, 'max_partners': 20, 'homeostasis': 'mean', 'target': 0.75, 'spread': 0.375, 'learning_rate': 0.003}",ppo,100,64x64,0.003,,,,,,
LunarLander-v3,filterbank+proj,5,240,0.0,-4228.77152448,4149.192823384506,14.735716073044427,-14.37219181420765,1600,"{'decomposition': 'ema', 'n_filters': 12, 'slowest': 0.022150628564983305, 'input_scaling': 0.3786189199484331, 'bias_dist': 'foldnorm', 'bias_scaling': 0.029687121836807887, 'lr': 0.7474064946212267, 'weight_increment': 0.0011133132425291139, 'min_window': 19, 'max_window': 43, 'use_full_instance': True, 'max_partners': 20, 'homeostasis': 'mean', 'target': 0.75, 'spread': 0.375, 'learning_rate': 0.003}",ppo,100,64x64,0.003,,,,,,
LunarLander-v3,filterbank+esn,1,240,3.1958333333333333,207.36737933999996,107.25731340961273,200.16076966756077,222.1283419932886,1479,"{'decomposition': 'ema', 'n_filters': 12, 'slowest': 0.007278775282470501, 'input_scaling': 0.4150388723567341, 'bias_dist': 'foldnorm', 'bias_scaling': 0.04616118346075944, 'lr': 0.9174645206815777, 'sr': 0.7122598989576099, 'rc_connectivity': 0.013316681518519325, 'learning_rate': 0.001}",ppo,100,64,0.001,,,,,,
LunarLander-v3,filterbank+proj,6,240,0.0,126.19648218,96.33871828102839,-4.542816512363995,105.23116408910892,1598,"{'decomposition': 'ema', 'n_filters': 12, 'slowest': 0.022150628564983305, 'input_scaling': 0.3786189199484331, 'bias_dist': 'foldnorm', 'bias_scaling': 0.029687121836807887, 'lr': 0.7474064946212267, 'weight_increment': 0.0011133132425291139, 'min_window': 19, 'max_window': 43, 'use_full_instance': True, 'max_partners': 20, 'homeostasis': 'mean', 'target': 0.75, 'spread': 0.375, 'learning_rate': 0.003}",ppo,100,64x64,0.003,,,,,,
LunarLander-v3,filterbank+esn,5,240,3.1958333333333333,246.31802288000003,58.96272732634113,226.4542909915205,264.9119659,1506,"{'decomposition': 'ema', 'n_filters': 12, 'slowest': 0.007278775282470501, 'input_scaling': 0.4150388723567341, 'bias_dist': 'foldnorm', 'bias_scaling': 0.04616118346075944, 'lr': 0.9174645206815777, 'sr': 0.7122598989576099, 'rc_connectivity': 0.013316681518519325, 'learning_rate': 0.0003}",ppo,100,64,0.0003,,,,,,
LunarLander-v3,filterbank+esn,0,240,3.1958333333333333,187.53966742,166.06004533830253,191.11592169724773,195.93371919120457,1493,"{'decomposition': 'ema', 'n_filters': 12, 'slowest': 0.007278775282470501, 'input_scaling': 0.4150388723567341, 'bias_dist': 'foldnorm', 'bias_scaling': 0.04616118346075944, 'lr': 0.9174645206815777, 'sr': 0.7122598989576099, 'rc_connectivity': 0.013316681518519325, 'learning_rate': 0.001}",ppo,100,64,0.001,,,,,,
LunarLander-v3,filterbank+esn,9,240,3.1958333333333333,251.86998528,44.20770227943131,229.35189420368826,258.0012735852982,1504,"{'decomposition': 'ema', 'n_filters': 12, 'slowest': 0.007278775282470501, 'input_scaling': 0.4150388723567341, 'bias_dist': 'foldnorm', 'bias_scaling': 0.04616118346075944, 'lr': 0.9174645206815777, 'sr': 0.7122598989576099, 'rc_connectivity': 0.013316681518519325, 'learning_rate': 0.0003}",ppo,100,64,0.0003,,,,,,
LunarLander-v3,filterbank+proj,0,240,0.0,-133.38020256,44.68533763694481,-136.01334618094282,-130.84464508962438,1611,"{'decomposition': 'ema', 'n_filters': 12, 'slowest': 0.022150628564983305, 'input_scaling': 0.3786189199484331, 'bias_dist': 'foldnorm', 'bias_scaling': 0.029687121836807887, 'lr': 0.7474064946212267, 'weight_increment': 0.0011133132425291139, 'min_window': 19, 'max_window': 43, 'use_full_instance': True, 'max_partners': 20, 'homeostasis': 'mean', 'target': 0.75, 'spread': 0.375, 'learning_rate': 0.01}",ppo,100,64x64,0.01,,,,,,
LunarLander-v3,filterbank+esn,7,240,3.1958333333333333,256.33582140000004,33.6112275348526,231.49011864502847,268.6681424860606,1513,"{'decomposition': 'ema', 'n_filters': 12, 'slowest': 0.007278775282470501, 'input_scaling': 0.4150388723567341, 'bias_dist': 'foldnorm', 'bias_scaling': 0.04616118346075944, 'lr': 0.9174645206815777, 'sr': 0.7122598989576099, 'rc_connectivity': 0.013316681518519325, 'learning_rate': 0.0003}",ppo,100,64,0.0003,,,,,,
LunarLander-v3,filterbank+esn,2,240,3.1958333333333333,262.2612883,28.454026590398673,204.6930519506546,233.13828558151263,1504,"{'decomposition': 'ema', 'n_filters': 12, 'slowest': 0.007278775282470501, 'input_scaling': 0.4150388723567341, 'bias_dist': 'foldnorm', 'bias_scaling': 0.04616118346075944, 'lr': 0.9174645206815777, 'sr': 0.7122598989576099, 'rc_connectivity': 0.013316681518519325, 'learning_rate': 0.001}",ppo,100,64,0.001,,,,,,
LunarLander-v3,filterbank+esn,6,240,3.1958333333333333,243.54276480000001,77.84150690403574,205.0735786689473,241.80642553499226,1486,"{'decomposition': 'ema', 'n_filters': 12, 'slowest': 0.007278775282470501, 'input_scaling': 0.4150388723567341, 'bias_dist': 'foldnorm', 'bias_scaling': 0.04616118346075944, 'lr': 0.9174645206815777, 'sr': 0.7122598989576099, 'rc_connectivity': 0.013316681518519325, 'learning_rate': 0.001}",ppo,100,64,0.001,,,,,,
LunarLander-v3,filterbank+esn,4,240,3.1958333333333333,256.74988240000005,30.928906675605457,193.40080351412817,211.8181499758621,1505,"{'decomposition': 'ema', 'n_filters': 12, 'slowest': 0.007278775282470501, 'input_scaling': 0.4150388723567341, 'bias_dist': 'foldnorm', 'bias_scaling': 0.04616118346075944, 'lr': 0.9174645206815777, 'sr': 0.7122598989576099, 'rc_connectivity': 0.013316681518519325, 'learning_rate': 0.001}",ppo,100,64,0.001,,,,,,
LunarLander-v3,filterbank+esn,8,240,3.1958333333333333,249.12943688,77.72970765242034,223.94927392356396,251.0483051981567,1531,"{'decomposition': 'ema', 'n_filters': 12, 'slowest': 0.007278775282470501, 'input_scaling': 0.4150388723567341, 'bias_dist': 'foldnorm', 'bias_scaling': 0.04616118346075944, 'lr': 0.9174645206815777, 'sr': 0.7122598989576099, 'rc_connectivity': 0.013316681518519325, 'learning_rate': 0.0003}",ppo,100,64,0.0003,,,,,,
LunarLander-v3,filterbank+esn,3,240,3.1958333333333333,225.49199294,43.33878301918237,193.00860456497978,194.99409830161943,1518,"{'decomposition': 'ema', 'n_filters': 12, 'slowest': 0.007278775282470501, 'input_scaling': 0.4150388723567341, 'bias_dist': 'foldnorm', 'bias_scaling': 0.04616118346075944, 'lr': 0.9174645206815777, 'sr': 0.7122598989576099, 'rc_connectivity': 0.013316681518519325, 'learning_rate': 0.001}",ppo,100,64,0.001,,,,,,
LunarLander-v3,filterbank+proj,4,240,0.0,-122.3086974,53.716587910812486,-134.03199373294686,-132.18626777588048,1615,"{'decomposition': 'ema', 'n_filters': 12, 'slowest': 0.022150628564983305, 'input_scaling': 0.3786189199484331, 'bias_dist': 'foldnorm', 'bias_scaling': 0.029687121836807887, 'lr': 0.7474064946212267, 'weight_increment': 0.0011133132425291139, 'min_window': 19, 'max_window': 43, 'use_full_instance': True, 'max_partners': 20, 'homeostasis': 'mean', 'target': 0.75, 'spread': 0.375, 'learning_rate': 0.01}",ppo,100,64x64,0.01,,,,,,
LunarLander-v3,filterbank+esn,5,240,3.1958333333333333,262.94617503999996,17.519088294482472,184.45058500742888,216.44056976406532,1506,"{'decomposition': 'ema', 'n_filters': 12, 'slowest': 0.007278775282470501, 'input_scaling': 0.4150388723567341, 'bias_dist': 'foldnorm', 'bias_scaling': 0.04616118346075944, 'lr': 0.9174645206815777, 'sr': 0.7122598989576099, 'rc_connectivity': 0.013316681518519325, 'learning_rate': 0.001}",ppo,100,64,0.001,,,,,,
LunarLander-v3,filterbank+esn,8,240,3.1958333333333333,72.70892132,107.3036389252195,214.7008740591541,222.34990892603548,1491,"{'decomposition': 'ema', 'n_filters': 12, 'slowest': 0.007278775282470501, 'input_scaling': 0.4150388723567341, 'bias_dist': 'foldnorm', 'bias_scaling': 0.04616118346075944, 'lr': 0.9174645206815777, 'sr': 0.7122598989576099, 'rc_connectivity': 0.013316681518519325, 'learning_rate': 0.001}",ppo,100,64,0.001,,,,,,
LunarLander-v3,filterbank+esn,7,240,3.1958333333333333,156.1885483,128.63989159455983,205.32143670269505,238.40285391384182,1506,"{'decomposition': 'ema', 'n_filters': 12, 'slowest': 0.007278775282470501, 'input_scaling': 0.4150388723567341, 'bias_dist': 'foldnorm', 'bias_scaling': 0.04616118346075944, 'lr': 0.9174645206815777, 'sr': 0.7122598989576099, 'rc_connectivity': 0.013316681518519325, 'learning_rate': 0.001}",ppo,100,64,0.001,,,,,,
LunarLander-v3,filterbank+esn,0,240,3.1958333333333333,171.5832771,78.38447343770518,148.6129854463947,158.68241748456055,1490,"{'decomposition': 'ema', 'n_filters': 12, 'slowest': 0.007278775282470501, 'input_scaling': 0.4150388723567341, 'bias_dist': 'foldnorm', 'bias_scaling': 0.04616118346075944, 'lr': 0.9174645206815777, 'sr': 0.7122598989576099, 'rc_connectivity': 0.013316681518519325, 'learning_rate': 0.003}",ppo,100,64,0.003,,,,,,
LunarLander-v3,filterbank+proj,9,240,0.0,-123.19656441999997,54.28370201564657,-131.82220600178027,-130.84140776417152,1601,"{'decomposition': 'ema', 'n_filters': 12, 'slowest': 0.022150628564983305, 'input_scaling': 0.3786189199484331, 'bias_dist': 'foldnorm', 'bias_scaling': 0.029687121836807887, 'lr': 0.7474064946212267, 'weight_increment': 0.0011133132425291139, 'min_window': 19, 'max_window': 43, 'use_full_instance': True, 'max_partners': 20, 'homeostasis': 'mean', 'target': 0.75, 'spread': 0.375, 'learning_rate': 0.01}",ppo,100,64x64,0.01,,,,,,
LunarLander-v3,filterbank+proj,6,240,0.0,-126.41344102,54.352848178463304,-140.79532280838592,-131.56995364825255,1642,"{'decomposition': 'ema', 'n_filters': 12, 'slowest': 0.022150628564983305, 'input_scaling': 0.3786189199484331, 'bias_dist': 'foldnorm', 'bias_scaling': 0.029687121836807887, 'lr': 0.7474064946212267, 'weight_increment': 0.0011133132425291139, 'min_window': 19, 'max_window': 43, 'use_full_instance': True, 'max_partners': 20, 'homeostasis': 'mean', 'target': 0.75, 'spread': 0.375, 'learning_rate': 0.01}",ppo,100,64x64,0.01,,,,,,
LunarLander-v3,filterbank+proj,7,240,0.0,-126.94602436,54.729251625930324,-133.98253441581642,-131.00774563326073,1644,"{'decomposition': 'ema', 'n_filters': 12, 'slowest': 0.022150628564983305, 'input_scaling': 0.3786189199484331, 'bias_dist': 'foldnorm', 'bias_scaling': 0.029687121836807887, 'lr': 0.7474064946212267, 'weight_increment': 0.0011133132425291139, 'min_window': 19, 'max_window': 43, 'use_full_instance': True, 'max_partners': 20, 'homeostasis': 'mean', 'target': 0.75, 'spread': 0.375, 'learning_rate': 0.01}",ppo,100,64x64,0.01,,,,,,
LunarLander-v3,filterbank+esn,9,240,3.1958333333333333,150.3916715,99.84719316244707,188.4416321979786,190.90691078571427,1520,"{'decomposition': 'ema', 'n_filters': 12, 'slowest': 0.007278775282470501, 'input_scaling': 0.4150388723567341, 'bias_dist': 'foldnorm', 'bias_scaling': 0.04616118346075944, 'lr': 0.9174645206815777, 'sr': 0.7122598989576099, 'rc_connectivity': 0.013316681518519325, 'learning_rate': 0.001}",ppo,100,64,0.001,,,,,,
LunarLander-v3,filterbank+proj,5,240,0.0,-126.93929941999997,51.89552868775965,-132.75960486760764,-131.80845409174313,1656,"{'decomposition': 'ema', 'n_filters': 12, 'slowest': 0.022150628564983305, 'input_scaling': 0.3786189199484331, 'bias_dist': 'foldnorm', 'bias_scaling': 0.029687121836807887, 'lr': 0.7474064946212267, 'weight_increment': 0.0011133132425291139, 'min_window': 19, 'max_window': 43, 'use_full_instance': True, 'max_partners': 20, 'homeostasis': 'mean', 'target': 0.75, 'spread': 0.375, 'learning_rate': 0.01}",ppo,100,64x64,0.01,,,,,,
LunarLander-v3,filterbank+proj,1,240,0.0,-772.3904195800001,337.72088256597476,-722.4698350390591,-875.1607903464419,1675,"{'decomposition': 'ema', 'n_filters': 12, 'slowest': 0.022150628564983305, 'input_scaling': 0.3786189199484331, 'bias_dist': 'foldnorm', 'bias_scaling': 0.029687121836807887, 'lr': 0.7474064946212267, 'weight_increment': 0.0011133132425291139, 'min_window': 19, 'max_window': 43, 'use_full_instance': True, 'max_partners': 20, 'homeostasis': 'mean', 'target': 0.75, 'spread': 0.375, 'learning_rate': 0.01}",ppo,100,64x64,0.01,,,,,,
LunarLander-v3,filterbank+proj,3,240,0.0,-548.80837012,137.5329502136411,-219.6147953422144,-227.71665466823163,1670,"{'decomposition': 'ema', 'n_filters': 12, 'slowest': 0.022150628564983305, 'input_scaling': 0.3786189199484331, 'bias_dist': 'foldnorm', 'bias_scaling': 0.029687121836807887, 'lr': 0.7474064946212267, 'weight_increment': 0.0011133132425291139, 'min_window': 19, 'max_window': 43, 'use_full_instance': True, 'max_partners': 20, 'homeostasis': 'mean', 'target': 0.75, 'spread': 0.375, 'learning_rate': 0.01}",ppo,100,64x64,0.01,,,,,,
LunarLander-v3,filterbank+esn,2,240,3.1958333333333333,143.60267328,70.8165781628627,40.155354219357,12.639506261744963,1511,"{'decomposition': 'ema', 'n_filters': 12, 'slowest': 0.007278775282470501, 'input_scaling': 0.4150388723567341, 'bias_dist': 'foldnorm', 'bias_scaling': 0.04616118346075944, 'lr': 0.9174645206815777, 'sr': 0.7122598989576099, 'rc_connectivity': 0.013316681518519325, 'learning_rate': 0.003}",ppo,100,64,0.003,,,,,,
LunarLander-v3,filterbank+proj,2,240,0.0,-562.98674874,155.53699472177772,-523.9134396865886,-581.1911600305709,1689,"{'decomposition': 'ema', 'n_filters': 12, 'slowest': 0.022150628564983305, 'input_scaling': 0.3786189199484331, 'bias_dist': 'foldnorm', 'bias_scaling': 0.029687121836807887, 'lr': 0.7474064946212267, 'weight_increment': 0.0011133132425291139, 'min_window': 19, 'max_window': 43, 'use_full_instance': True, 'max_partners': 20, 'homeostasis': 'mean', 'target': 0.75, 'spread': 0.375, 'learning_rate': 0.01}",ppo,100,64x64,0.01,,,,,,
LunarLander-v3,filterbank+proj,8,240,0.0,-126.35847503999999,57.33025397602555,-133.33793429061956,-132.77586589584072,1650,"{'decomposition': 'ema', 'n_filters': 12, 'slowest': 0.022150628564983305, 'input_scaling': 0.3786189199484331, 'bias_dist': 'foldnorm', 'bias_scaling': 0.029687121836807887, 'lr': 0.7474064946212267, 'weight_increment': 0.0011133132425291139, 'min_window': 19, 'max_window': 43, 'use_full_instance': True, 'max_partners': 20, 'homeostasis': 'mean', 'target': 0.75, 'spread': 0.375, 'learning_rate': 0.01}",ppo,100,64x64,0.01,,,,,,
LunarLander-v3,filterbank+esn,1,240,3.1958333333333333,149.2059827,120.96723351548998,124.56751724662985,190.11962824336283,1520,"{'decomposition': 'ema', 'n_filters': 12, 'slowest': 0.007278775282470501, 'input_scaling': 0.4150388723567341, 'bias_dist': 'foldnorm', 'bias_scaling': 0.04616118346075944, 'lr': 0.9174645206815777, 'sr': 0.7122598989576099, 'rc_connectivity': 0.013316681518519325, 'learning_rate': 0.003}",ppo,100,64,0.003,,,,,,
LunarLander-v3,filterbank+esn,3,240,3.1958333333333333,182.74508932000003,144.39461420237186,159.88028973258156,172.9749326733871,1520,"{'decomposition': 'ema', 'n_filters': 12, 'slowest': 0.007278775282470501, 'input_scaling': 0.4150388723567341, 'bias_dist': 'foldnorm', 'bias_scaling': 0.04616118346075944, 'lr': 0.9174645206815777, 'sr': 0.7122598989576099, 'rc_connectivity': 0.013316681518519325, 'learning_rate': 0.003}",ppo,100,64,0.003,,,,,,
LunarLander-v3,filterbank+esn,4,240,3.1958333333333333,127.36093865999999,93.30597193731604,45.99754615112444,87.53978263063063,1448,"{'decomposition': 'ema', 'n_filters': 12, 'slowest': 0.007278775282470501, 'input_scaling': 0.4150388723567341, 'bias_dist': 'foldnorm', 'bias_scaling': 0.04616118346075944, 'lr': 0.9174645206815777, 'sr': 0.7122598989576099, 'rc_connectivity': 0.013316681518519325, 'learning_rate': 0.003}",ppo,100,64,0.003,,,,,,
LunarLander-v3,filterbank+esn,5,240,3.1958333333333333,87.24789618000001,114.31745639725021,71.56292593054437,68.23368231720428,1465,"{'decomposition': 'ema', 'n_filters': 12, 'slowest': 0.007278775282470501, 'input_scaling': 0.4150388723567341, 'bias_dist': 'foldnorm', 'bias_scaling': 0.04616118346075944, 'lr': 0.9174645206815777, 'sr': 0.7122598989576099, 'rc_connectivity': 0.013316681518519325, 'learning_rate': 0.003}",ppo,100,64,0.003,,,,,,
LunarLander-v3,filterbank+esn,7,240,3.1958333333333333,-299.61111666,171.0699271402475,89.4178189524666,-10.217257239074549,1466,"{'decomposition': 'ema', 'n_filters': 12, 'slowest': 0.007278775282470501, 'input_scaling': 0.4150388723567341, 'bias_dist': 'foldnorm', 'bias_scaling': 0.04616118346075944, 'lr': 0.9174645206815777, 'sr': 0.7122598989576099, 'rc_connectivity': 0.013316681518519325, 'learning_rate': 0.003}",ppo,100,64,0.003,,,,,,
LunarLander-v3,filterbank+esn,6,240,3.1958333333333333,88.23069835999999,256.01376396614756,153.29975983350568,241.6276304720497,1475,"{'decomposition': 'ema', 'n_filters': 12, 'slowest': 0.007278775282470501, 'input_scaling': 0.4150388723567341, 'bias_dist': 'foldnorm', 'bias_scaling': 0.04616118346075944, 'lr': 0.9174645206815777, 'sr': 0.7122598989576099, 'rc_connectivity': 0.013316681518519325, 'learning_rate': 0.003}",ppo,100,64,0.003,,,,,,
LunarLander-v3,filterbank+esn,9,240,3.1958333333333333,-89.80805302,32.56539489583996,105.4450151801826,69.08709487903225,1467,"{'decomposition': 'ema', 'n_filters': 12, 'slowest': 0.007278775282470501, 'input_scaling': 0.4150388723567341, 'bias_dist': 'foldnorm', 'bias_scaling': 0.04616118346075944, 'lr': 0.9174645206815777, 'sr': 0.7122598989576099, 'rc_connectivity': 0.013316681518519325, 'learning_rate': 0.003}",ppo,100,64,0.003,,,,,,
LunarLander-v3,filterbank+esn,8,240,3.1958333333333333,-293.26600476000004,156.2723795796126,126.08806870876403,107.07369483595507,1478,"{'decomposition': 'ema', 'n_filters': 12, 'slowest': 0.007278775282470501, 'input_scaling': 0.4150388723567341, 'bias_dist': 'foldnorm', 'bias_scaling': 0.04616118346075944, 'lr': 0.9174645206815777, 'sr': 0.7122598989576099, 'rc_connectivity': 0.013316681518519325, 'learning_rate': 0.003}",ppo,100,64,0.003,,,,,,
LunarLander-v3,filterbank+esn,4,240,3.1958333333333333,-81.32245338,64.69567696095801,-128.8791022471082,-106.16800082898106,1451,"{'decomposition': 'ema', 'n_filters': 12, 'slowest': 0.007278775282470501, 'input_scaling': 0.4150388723567341, 'bias_dist': 'foldnorm', 'bias_scaling': 0.04616118346075944, 'lr': 0.9174645206815777, 'sr': 0.7122598989576099, 'rc_connectivity': 0.013316681518519325, 'learning_rate': 0.01}",ppo,100,64,0.01,,,,,,
LunarLander-v3,filterbank+esn,2,240,3.1958333333333333,-1226.61828826,2252.0398150604847,-344.0029111223248,-798.9254285609244,1467,"{'decomposition': 'ema', 'n_filters': 12, 'slowest': 0.007278775282470501, 'input_scaling': 0.4150388723567341, 'bias_dist': 'foldnorm', 'bias_scaling': 0.04616118346075944, 'lr': 0.9174645206815777, 'sr': 0.7122598989576099, 'rc_connectivity': 0.013316681518519325, 'learning_rate': 0.01}",ppo,100,64,0.01,,,,,,
LunarLander-v3,filterbank+esn,0,240,3.1958333333333333,-144.51058565999998,53.38822837861293,-50.83921555081792,-52.6129044,1490,"{'decomposition': 'ema', 'n_filters': 12, 'slowest': 0.007278775282470501, 'input_scaling': 0.4150388723567341, 'bias_dist': 'foldnorm', 'bias_scaling': 0.04616118346075944, 'lr': 0.9174645206815777, 'sr': 0.7122598989576099, 'rc_connectivity': 0.013316681518519325, 'learning_rate': 0.01}",ppo,100,64,0.01,,,,,,
LunarLander-v3,filterbank+esn,6,240,3.1958333333333333,-10.18525214,136.00348933371848,-221.00353921448863,-300.4483806018958,1473,"{'decomposition': 'ema', 'n_filters': 12, 'slowest': 0.007278775282470501, 'input_scaling': 0.4150388723567341, 'bias_dist': 'foldnorm', 'bias_scaling': 0.04616118346075944, 'lr': 0.9174645206815777, 'sr': 0.7122598989576099, 'rc_connectivity': 0.013316681518519325, 'learning_rate': 0.01}",ppo,100,64,0.01,,,,,,
LunarLander-v3,filterbank+esn,5,240,3.1958333333333333,16.42085488,170.44134870518675,-80.55546471394003,-13.688430632631574,1475,"{'decomposition': 'ema', 'n_filters': 12, 'slowest': 0.007278775282470501, 'input_scaling': 0.4150388723567341, 'bias_dist': 'foldnorm', 'bias_scaling': 0.04616118346075944, 'lr': 0.9174645206815777, 'sr': 0.7122598989576099, 'rc_connectivity': 0.013316681518519325, 'learning_rate': 0.01}",ppo,100,64,0.01,,,,,,
LunarLander-v3,filterbank+esn,1,240,3.1958333333333333,-119.49581785999999,159.36342045994283,-102.93375949357072,-122.62850410042432,1496,"{'decomposition': 'ema', 'n_filters': 12, 'slowest': 0.007278775282470501, 'input_scaling': 0.4150388723567341, 'bias_dist': 'foldnorm', 'bias_scaling': 0.04616118346075944, 'lr': 0.9174645206815777, 'sr': 0.7122598989576099, 'rc_connectivity': 0.013316681518519325, 'learning_rate': 0.01}",ppo,100,64,0.01,,,,,,
LunarLander-v3,filterbank+esn,8,240,3.1958333333333333,55.302228639999996,142.48628632644892,-302.03954227893763,-6.573491382275132,1479,"{'decomposition': 'ema', 'n_filters': 12, 'slowest': 0.007278775282470501, 'input_scaling': 0.4150388723567341, 'bias_dist': 'foldnorm', 'bias_scaling': 0.04616118346075944, 'lr': 0.9174645206815777, 'sr': 0.7122598989576099, 'rc_connectivity': 0.013316681518519325, 'learning_rate': 0.01}",ppo,100,64,0.01,,,,,,
LunarLander-v3,filterbank+esn,9,240,3.1958333333333333,-97.67184386000001,145.08144609813232,-124.97866643587545,-92.23576744422444,1486,"{'decomposition': 'ema', 'n_filters': 12, 'slowest': 0.007278775282470501, 'input_scaling': 0.4150388723567341, 'bias_dist': 'foldnorm', 'bias_scaling': 0.04616118346075944, 'lr': 0.9174645206815777, 'sr': 0.7122598989576099, 'rc_connectivity': 0.013316681518519325, 'learning_rate': 0.01}",ppo,100,64,0.01,,,,,,
LunarLander-v3,filterbank+hag,1,240,3.3041666666666667,-83.59242782,23.853804690879382,110.45985998101126,-45.3007345619469,1474,"{'decomposition': 'ema', 'n_filters': 12, 'slowest': 0.022150628564983305, 'input_scaling': 0.3786189199484331, 'bias_dist': 'foldnorm', 'bias_scaling': 0.029687121836807887, 'lr': 0.7474064946212267, 'weight_increment': 0.0011133132425291139, 'min_window': 19, 'max_window': 43, 'use_full_instance': True, 'max_partners': 20, 'homeostasis': 'mean', 'target': 0.75, 'spread': 0.375, 'learning_rate': 0.0003}",ppo,100,64,0.0003,,,,,,
LunarLander-v3,filterbank+hag,0,240,3.4458333333333333,261.82485078,25.00366404418449,180.7181387765941,232.7177335673981,1494,"{'decomposition': 'ema', 'n_filters': 12, 'slowest': 0.022150628564983305, 'input_scaling': 0.3786189199484331, 'bias_dist': 'foldnorm', 'bias_scaling': 0.029687121836807887, 'lr': 0.7474064946212267, 'weight_increment': 0.0011133132425291139, 'min_window': 19, 'max_window': 43, 'use_full_instance': True, 'max_partners': 20, 'homeostasis': 'mean', 'target': 0.75, 'spread': 0.375, 'learning_rate': 0.0003}",ppo,100,64,0.0003,,,,,,
LunarLander-v3,filterbank+hag,3,240,3.0791666666666666,217.73813228,80.37183024656638,216.58042036641706,235.68569156162644,1475,"{'decomposition': 'ema', 'n_filters': 12, 'slowest': 0.022150628564983305, 'input_scaling': 0.3786189199484331, 'bias_dist': 'foldnorm', 'bias_scaling': 0.029687121836807887, 'lr': 0.7474064946212267, 'weight_increment': 0.0011133132425291139, 'min_window': 19, 'max_window': 43, 'use_full_instance': True, 'max_partners': 20, 'homeostasis': 'mean', 'target': 0.75, 'spread': 0.375, 'learning_rate': 0.0003}",ppo,100,64,0.0003,,,,,,
LunarLander-v3,filterbank+hag,2,240,3.45,255.30788288000002,52.89708917230431,220.00780125208897,261.4832491055341,1484,"{'decomposition': 'ema', 'n_filters': 12, 'slowest': 0.022150628564983305, 'input_scaling': 0.3786189199484331, 'bias_dist': 'foldnorm', 'bias_scaling': 0.029687121836807887, 'lr': 0.7474064946212267, 'weight_increment': 0.0011133132425291139, 'min_window': 19, 'max_window': 43, 'use_full_instance': True, 'max_partners': 20, 'homeostasis': 'mean', 'target': 0.75, 'spread': 0.375, 'learning_rate': 0.0003}",ppo,100,64,0.0003,,,,,,
LunarLander-v3,filterbank+esn,3,240,3.1958333333333333,-170.63890735999996,45.12837873588512,-99.05726211218416,65.76068656853933,1515,"{'decomposition': 'ema', 'n_filters': 12, 'slowest': 0.007278775282470501, 'input_scaling': 0.4150388723567341, 'bias_dist': 'foldnorm', 'bias_scaling': 0.04616118346075944, 'lr': 0.9174645206815777, 'sr': 0.7122598989576099, 'rc_connectivity': 0.013316681518519325, 'learning_rate': 0.01}",ppo,100,64,0.01,,,,,,
LunarLander-v3,filterbank+esn,7,240,3.1958333333333333,-576.6505521,154.17949676766938,-572.743233124388,-581.9786271212272,1508,"{'decomposition': 'ema', 'n_filters': 12, 'slowest': 0.007278775282470501, 'input_scaling': 0.4150388723567341, 'bias_dist': 'foldnorm', 'bias_scaling': 0.04616118346075944, 'lr': 0.9174645206815777, 'sr': 0.7122598989576099, 'rc_connectivity': 0.013316681518519325, 'learning_rate': 0.01}",ppo,100,64,0.01,,,,,,
LunarLander-v3,filterbank+hag,4,240,3.0875,0.02882395999999927,105.9754986755427,97.86194273553717,81.0673091627219,1483,"{'decomposition': 'ema', 'n_filters': 12, 'slowest': 0.022150628564983305, 'input_scaling': 0.3786189199484331, 'bias_dist': 'foldnorm', 'bias_scaling': 0.029687121836807887, 'lr': 0.7474064946212267, 'weight_increment': 0.0011133132425291139, 'min_window': 19, 'max_window': 43, 'use_full_instance': True, 'max_partners': 20, 'homeostasis': 'mean', 'target': 0.75, 'spread': 0.375, 'learning_rate': 0.0003}",ppo,100,64,0.0003,,,,,,
LunarLander-v3,filterbank+hag,6,240,3.654166666666667,-61.15554913999999,62.43930378704725,-93.17441143655371,-66.69513877617328,1476,"{'decomposition': 'ema', 'n_filters': 12, 'slowest': 0.022150628564983305, 'input_scaling': 0.3786189199484331, 'bias_dist': 'foldnorm', 'bias_scaling': 0.029687121836807887, 'lr': 0.7474064946212267, 'weight_increment': 0.0011133132425291139, 'min_window': 19, 'max_window': 43, 'use_full_instance': True, 'max_partners': 20, 'homeostasis': 'mean', 'target': 0.75, 'spread': 0.375, 'learning_rate': 0.0003}",ppo,100,64,0.0003,,,,,,
LunarLander-v3,filterbank+hag,8,240,5.108333333333333,59.62690868,185.52211467408767,202.2474711087651,225.27909988317109,1479,"{'decomposition': 'ema', 'n_filters': 12, 'slowest': 0.022150628564983305, 'input_scaling': 0.3786189199484331, 'bias_dist': 'foldnorm', 'bias_scaling': 0.029687121836807887, 'lr': 0.7474064946212267, 'weight_increment': 0.0011133132425291139, 'min_window': 19, 'max_window': 43, 'use_full_instance': True, 'max_partners': 20, 'homeostasis': 'mean', 'target': 0.75, 'spread': 0.375, 'learning_rate': 0.0003}",ppo,100,64,0.0003,,,,,,
LunarLander-v3,filterbank+hag,7,240,3.8958333333333335,-68.11894047999999,35.091058946274025,-34.404834419986024,-70.14855295104894,1493,"{'decomposition': 'ema', 'n_filters': 12, 'slowest': 0.022150628564983305, 'input_scaling': 0.3786189199484331, 'bias_dist': 'foldnorm', 'bias_scaling': 0.029687121836807887, 'lr': 0.7474064946212267, 'weight_increment': 0.0011133132425291139, 'min_window': 19, 'max_window': 43, 'use_full_instance': True, 'max_partners': 20, 'homeostasis': 'mean', 'target': 0.75, 'spread': 0.375, 'learning_rate': 0.0003}",ppo,100,64,0.0003,,,,,,
LunarLander-v3,filterbank+hag,5,240,3.175,-24.97521508,166.57453989455018,219.3796332652281,240.93491896054255,1507,"{'decomposition': 'ema', 'n_filters': 12, 'slowest': 0.022150628564983305, 'input_scaling': 0.3786189199484331, 'bias_dist': 'foldnorm', 'bias_scaling': 0.029687121836807887, 'lr': 0.7474064946212267, 'weight_increment': 0.0011133132425291139, 'min_window': 19, 'max_window': 43, 'use_full_instance': True, 'max_partners': 20, 'homeostasis': 'mean', 'target': 0.75, 'spread': 0.375, 'learning_rate': 0.0003}",ppo,100,64,0.0003,,,,,,
LunarLander-v3,filterbank+hag,0,240,3.4458333333333333,-66.61623960000001,81.00130324967722,2.0342323114035104,45.67015531868132,1449,"{'decomposition': 'ema', 'n_filters': 12, 'slowest': 0.022150628564983305, 'input_scaling': 0.3786189199484331, 'bias_dist': 'foldnorm', 'bias_scaling': 0.029687121836807887, 'lr': 0.7474064946212267, 'weight_increment': 0.0011133132425291139, 'min_window': 19, 'max_window': 43, 'use_full_instance': True, 'max_partners': 20, 'homeostasis': 'mean', 'target': 0.75, 'spread': 0.375, 'learning_rate': 0.003}",ppo,100,64,0.003,,,,,,
LunarLander-v3,filterbank+hag,0,240,3.4458333333333333,-15.694841839999997,77.67755549669202,176.23803366482505,134.61778842008198,1488,"{'decomposition': 'ema', 'n_filters': 12, 'slowest': 0.022150628564983305, 'input_scaling': 0.3786189199484331, 'bias_dist': 'foldnorm', 'bias_scaling': 0.029687121836807887, 'lr': 0.7474064946212267, 'weight_increment': 0.0011133132425291139, 'min_window': 19, 'max_window': 43, 'use_full_instance': True, 'max_partners': 20, 'homeostasis': 'mean', 'target': 0.75, 'spread': 0.375, 'learning_rate': 0.001}",ppo,100,64,0.001,,,,,,
LunarLander-v3,filterbank+hag,2,240,3.45,-52.14719982,19.927153336282615,25.126853548806285,-93.64814717878788,1438,"{'decomposition': 'ema', 'n_filters': 12, 'slowest': 0.022150628564983305, 'input_scaling': 0.3786189199484331, 'bias_dist': 'foldnorm', 'bias_scaling': 0.029687121836807887, 'lr': 0.7474064946212267, 'weight_increment': 0.0011133132425291139, 'min_window': 19, 'max_window': 43, 'use_full_instance': True, 'max_partners': 20, 'homeostasis': 'mean', 'target': 0.75, 'spread': 0.375, 'learning_rate': 0.003}",ppo,100,64,0.003,,,,,,
LunarLander-v3,filterbank+hag,9,240,4.220833333333333,-33.603972899999995,73.35238041626157,12.729420329942354,95.23250921088436,1504,"{'decomposition': 'ema', 'n_filters': 12, 'slowest': 0.022150628564983305, 'input_scaling': 0.3786189199484331, 'bias_dist': 'foldnorm', 'bias_scaling': 0.029687121836807887, 'lr': 0.7474064946212267, 'weight_increment': 0.0011133132425291139, 'min_window': 19, 'max_window': 43, 'use_full_instance': True, 'max_partners': 20, 'homeostasis': 'mean', 'target': 0.75, 'spread': 0.375, 'learning_rate': 0.0003}",ppo,100,64,0.0003,,,,,,
LunarLander-v3,filterbank+hag,1,240,3.3041666666666667,252.62960171999998,52.51357300226796,159.11031481862554,229.63566982421875,1493,"{'decomposition': 'ema', 'n_filters': 12, 'slowest': 0.022150628564983305, 'input_scaling': 0.3786189199484331, 'bias_dist': 'foldnorm', 'bias_scaling': 0.029687121836807887, 'lr': 0.7474064946212267, 'weight_increment': 0.0011133132425291139, 'min_window': 19, 'max_window': 43, 'use_full_instance': True, 'max_partners': 20, 'homeostasis': 'mean', 'target': 0.75, 'spread': 0.375, 'learning_rate': 0.001}",ppo,100,64,0.001,,,,,,
LunarLander-v3,filterbank+hag,5,240,3.175,-31.78872018,49.01782261485263,124.37504149739526,-9.826247716553288,1487,"{'decomposition': 'ema', 'n_filters': 12, 'slowest': 0.022150628564983305, 'input_scaling': 0.3786189199484331, 'bias_dist': 'foldnorm', 'bias_scaling': 0.029687121836807887, 'lr': 0.7474064946212267, 'weight_increment': 0.0011133132425291139, 'min_window': 19, 'max_window': 43, 'use_full_instance': True, 'max_partners': 20, 'homeostasis': 'mean', 'target': 0.75, 'spread': 0.375, 'learning_rate': 0.001}",ppo,100,64,0.001,,,,,,
LunarLander-v3,filterbank+hag,6,240,3.654166666666667,122.57341174,107.8198710817778,201.0109456497241,243.69695658862872,1481,"{'decomposition': 'ema', 'n_filters': 12, 'slowest': 0.022150628564983305, 'input_scaling': 0.3786189199484331, 'bias_dist': 'foldnorm', 'bias_scaling': 0.029687121836807887, 'lr': 0.7474064946212267, 'weight_increment': 0.0011133132425291139, 'min_window': 19, 'max_window': 43, 'use_full_instance': True, 'max_partners': 20, 'homeostasis': 'mean', 'target': 0.75, 'spread': 0.375, 'learning_rate': 0.001}",ppo,100,64,0.001,,,,,,
LunarLander-v3,filterbank+hag,2,240,3.45,248.07154956,47.88231357065926,190.77955722985376,233.23580569217688,1504,"{'decomposition': 'ema', 'n_filters': 12, 'slowest': 0.022150628564983305, 'input_scaling': 0.3786189199484331, 'bias_dist': 'foldnorm', 'bias_scaling': 0.029687121836807887, 'lr': 0.7474064946212267, 'weight_increment': 0.0011133132425291139, 'min_window': 19, 'max_window': 43, 'use_full_instance': True, 'max_partners': 20, 'homeostasis': 'mean', 'target': 0.75, 'spread': 0.375, 'learning_rate': 0.001}",ppo,100,64,0.001,,,,,,
LunarLander-v3,filterbank+hag,8,240,5.108333333333333,214.58358064000004,92.6984996281171,147.42352217075867,240.63994290265487,1490,"{'decomposition': 'ema', 'n_filters': 12, 'slowest': 0.022150628564983305, 'input_scaling': 0.3786189199484331, 'bias_dist': 'foldnorm', 'bias_scaling': 0.029687121836807887, 'lr': 0.7474064946212267, 'weight_increment': 0.0011133132425291139, 'min_window': 19, 'max_window': 43, 'use_full_instance': True, 'max_partners': 20, 'homeostasis': 'mean', 'target': 0.75, 'spread': 0.375, 'learning_rate': 0.001}",ppo,100,64,0.001,,,,,,
LunarLander-v3,filterbank+hag,7,240,3.8958333333333335,208.23846160000005,81.75593781940867,111.90021901179863,139.85109694225721,1494,"{'decomposition': 'ema', 'n_filters': 12, 'slowest': 0.022150628564983305, 'input_scaling': 0.3786189199484331, 'bias_dist': 'foldnorm', 'bias_scaling': 0.029687121836807887, 'lr': 0.7474064946212267, 'weight_increment': 0.0011133132425291139, 'min_window': 19, 'max_window': 43, 'use_full_instance': True, 'max_partners': 20, 'homeostasis': 'mean', 'target': 0.75, 'spread': 0.375, 'learning_rate': 0.001}",ppo,100,64,0.001,,,,,,
LunarLander-v3,filterbank+hag,3,240,3.0791666666666666,250.01608317999998,71.406668846673,177.11322144206093,249.76329353012048,1514,"{'decomposition': 'ema', 'n_filters': 12, 'slowest': 0.022150628564983305, 'input_scaling': 0.3786189199484331, 'bias_dist': 'foldnorm', 'bias_scaling': 0.029687121836807887, 'lr': 0.7474064946212267, 'weight_increment': 0.0011133132425291139, 'min_window': 19, 'max_window': 43, 'use_full_instance': True, 'max_partners': 20, 'homeostasis': 'mean', 'target': 0.75, 'spread': 0.375, 'learning_rate': 0.001}",ppo,100,64,0.001,,,,,,
LunarLander-v3,filterbank+hag,4,240,3.0875,238.19284348000002,64.14849118127778,221.09144931414153,255.06878216968911,1514,"{'decomposition': 'ema', 'n_filters': 12, 'slowest': 0.022150628564983305, 'input_scaling': 0.3786189199484331, 'bias_dist': 'foldnorm', 'bias_scaling': 0.029687121836807887, 'lr': 0.7474064946212267, 'weight_increment': 0.0011133132425291139, 'min_window': 19, 'max_window': 43, 'use_full_instance': True, 'max_partners': 20, 'homeostasis': 'mean', 'target': 0.75, 'spread': 0.375, 'learning_rate': 0.001}",ppo,100,64,0.001,,,,,,
LunarLander-v3,filterbank+hag,5,240,3.175,-125.31350268,43.168814044133676,2.6798241126686095,-120.49811737301587,1476,"{'decomposition': 'ema', 'n_filters': 12, 'slowest': 0.022150628564983305, 'input_scaling': 0.3786189199484331, 'bias_dist': 'foldnorm', 'bias_scaling': 0.029687121836807887, 'lr': 0.7474064946212267, 'weight_increment': 0.0011133132425291139, 'min_window': 19, 'max_window': 43, 'use_full_instance': True, 'max_partners': 20, 'homeostasis': 'mean', 'target': 0.75, 'spread': 0.375, 'learning_rate': 0.003}",ppo,100,64,0.003,,,,,,
LunarLander-v3,filterbank+hag,1,240,3.3041666666666667,-8.630610339999999,43.60111807124038,69.23928478130003,38.64322473076923,1497,"{'decomposition': 'ema', 'n_filters': 12, 'slowest': 0.022150628564983305, 'input_scaling': 0.3786189199484331, 'bias_dist': 'foldnorm', 'bias_scaling': 0.029687121836807887, 'lr': 0.7474064946212267, 'weight_increment': 0.0011133132425291139, 'min_window': 19, 'max_window': 43, 'use_full_instance': True, 'max_partners': 20, 'homeostasis': 'mean', 'target': 0.75, 'spread': 0.375, 'learning_rate': 0.003}",ppo,100,64,0.003,,,,,,
LunarLander-v3,filterbank+hag,9,240,4.220833333333333,176.47432555999995,89.23361312787846,176.93414350969664,203.18619407462685,1517,"{'decomposition': 'ema', 'n_filters': 12, 'slowest': 0.022150628564983305, 'input_scaling': 0.3786189199484331, 'bias_dist': 'foldnorm', 'bias_scaling': 0.029687121836807887, 'lr': 0.7474064946212267, 'weight_increment': 0.0011133132425291139, 'min_window': 19, 'max_window': 43, 'use_full_instance': True, 'max_partners': 20, 'homeostasis': 'mean', 'target': 0.75, 'spread': 0.375, 'learning_rate': 0.001}",ppo,100,64,0.001,,,,,,
LunarLander-v3,filterbank+hag,6,240,3.654166666666667,206.32004185999998,85.08909608212011,109.36531078789382,183.4967484094293,1490,"{'decomposition': 'ema', 'n_filters': 12, 'slowest': 0.022150628564983305, 'input_scaling': 0.3786189199484331, 'bias_dist': 'foldnorm', 'bias_scaling': 0.029687121836807887, 'lr': 0.7474064946212267, 'weight_increment': 0.0011133132425291139, 'min_window': 19, 'max_window': 43, 'use_full_instance': True, 'max_partners': 20, 'homeostasis': 'mean', 'target': 0.75, 'spread': 0.375, 'learning_rate': 0.003}",ppo,100,64,0.003,,,,,,
LunarLander-v3,filterbank+hag,4,240,3.0875,-155.91618601999997,75.80108800915177,17.698124782647316,-3.1640911602373865,1501,"{'decomposition': 'ema', 'n_filters': 12, 'slowest': 0.022150628564983305, 'input_scaling': 0.3786189199484331, 'bias_dist': 'foldnorm', 'bias_scaling': 0.029687121836807887, 'lr': 0.7474064946212267, 'weight_increment': 0.0011133132425291139, 'min_window': 19, 'max_window': 43, 'use_full_instance': True, 'max_partners': 20, 'homeostasis': 'mean', 'target': 0.75, 'spread': 0.375, 'learning_rate': 0.003}",ppo,100,64,0.003,,,,,,
LunarLander-v3,filterbank+hag,9,240,4.220833333333333,138.51320274000003,148.98941449765405,79.33668863157894,161.65011010818714,1487,"{'decomposition': 'ema', 'n_filters': 12, 'slowest': 0.022150628564983305, 'input_scaling': 0.3786189199484331, 'bias_dist': 'foldnorm', 'bias_scaling': 0.029687121836807887, 'lr': 0.7474064946212267, 'weight_increment': 0.0011133132425291139, 'min_window': 19, 'max_window': 43, 'use_full_instance': True, 'max_partners': 20, 'homeostasis': 'mean', 'target': 0.75, 'spread': 0.375, 'learning_rate': 0.003}",ppo,100,64,0.003,,,,,,
LunarLander-v3,filterbank+hag,7,240,3.8958333333333335,183.12365429999997,85.41323968941988,98.64017289452735,123.97417544776121,1495,"{'decomposition': 'ema', 'n_filters': 12, 'slowest': 0.022150628564983305, 'input_scaling': 0.3786189199484331, 'bias_dist': 'foldnorm', 'bias_scaling': 0.029687121836807887, 'lr': 0.7474064946212267, 'weight_increment': 0.0011133132425291139, 'min_window': 19, 'max_window': 43, 'use_full_instance': True, 'max_partners': 20, 'homeostasis': 'mean', 'target': 0.75, 'spread': 0.375, 'learning_rate': 0.003}",ppo,100,64,0.003,,,,,,
LunarLander-v3,filterbank+hag,3,240,3.0791666666666666,-83.85171641999999,50.44504383647825,60.46871670513544,-4.516352757062143,1513,"{'decomposition': 'ema', 'n_filters': 12, 'slowest': 0.022150628564983305, 'input_scaling': 0.3786189199484331, 'bias_dist': 'foldnorm', 'bias_scaling': 0.029687121836807887, 'lr': 0.7474064946212267, 'weight_increment': 0.0011133132425291139, 'min_window': 19, 'max_window': 43, 'use_full_instance': True, 'max_partners': 20, 'homeostasis': 'mean', 'target': 0.75, 'spread': 0.375, 'learning_rate': 0.003}",ppo,100,64,0.003,,,,,,
LunarLander-v3,filterbank+hag,8,240,5.108333333333333,-7634.68103396,5244.292140412938,86.37576672820641,33.442173701754385,1491,"{'decomposition': 'ema', 'n_filters': 12, 'slowest': 0.022150628564983305, 'input_scaling': 0.3786189199484331, 'bias_dist': 'foldnorm', 'bias_scaling': 0.029687121836807887, 'lr': 0.7474064946212267, 'weight_increment': 0.0011133132425291139, 'min_window': 19, 'max_window': 43, 'use_full_instance': True, 'max_partners': 20, 'homeostasis': 'mean', 'target': 0.75, 'spread': 0.375, 'learning_rate': 0.003}",ppo,100,64,0.003,,,,,,
LunarLander-v3,filterbank+hag,0,240,3.4458333333333333,-765.5183195,341.61835033512057,-814.7353084342348,-845.3973419907652,1518,"{'decomposition': 'ema', 'n_filters': 12, 'slowest': 0.022150628564983305, 'input_scaling': 0.3786189199484331, 'bias_dist': 'foldnorm', 'bias_scaling': 0.029687121836807887, 'lr': 0.7474064946212267, 'weight_increment': 0.0011133132425291139, 'min_window': 19, 'max_window': 43, 'use_full_instance': True, 'max_partners': 20, 'homeostasis': 'mean', 'target': 0.75, 'spread': 0.375, 'learning_rate': 0.01}",ppo,100,64,0.01,,,,,,
LunarLander-v3,filterbank+hag,1,240,3.3041666666666667,-164.67748636,206.35306847206198,-144.82925524585048,-36.271314191454394,1506,"{'decomposition': 'ema', 'n_filters': 12, 'slowest': 0.022150628564983305, 'input_scaling': 0.3786189199484331, 'bias_dist': 'foldnorm', 'bias_scaling': 0.029687121836807887, 'lr': 0.7474064946212267, 'weight_increment': 0.0011133132425291139, 'min_window': 19, 'max_window': 43, 'use_full_instance': True, 'max_partners': 20, 'homeostasis': 'mean', 'target': 0.75, 'spread': 0.375, 'learning_rate': 0.01}",ppo,100,64,0.01,,,,,,
LunarLander-v3,filterbank+hag,2,240,3.45,-140.21713203999997,88.13902554747243,-126.16157954860246,-110.67465548231192,1441,"{'decomposition': 'ema', 'n_filters': 12, 'slowest': 0.022150628564983305, 'input_scaling': 0.3786189199484331, 'bias_dist': 'foldnorm', 'bias_scaling': 0.029687121836807887, 'lr': 0.7474064946212267, 'weight_increment': 0.0011133132425291139, 'min_window': 19, 'max_window': 43, 'use_full_instance': True, 'max_partners': 20, 'homeostasis': 'mean', 'target': 0.75, 'spread': 0.375, 'learning_rate': 0.01}",ppo,100,64,0.01,,,,,,
LunarLander-v3,filterbank+hag,7,240,3.8958333333333335,-111.3206704,106.24100579114585,-135.35641978225675,-104.66218863315217,1441,"{'decomposition': 'ema', 'n_filters': 12, 'slowest': 0.022150628564983305, 'input_scaling': 0.3786189199484331, 'bias_dist': 'foldnorm', 'bias_scaling': 0.029687121836807887, 'lr': 0.7474064946212267, 'weight_increment': 0.0011133132425291139, 'min_window': 19, 'max_window': 43, 'use_full_instance': True, 'max_partners': 20, 'homeostasis': 'mean', 'target': 0.75, 'spread': 0.375, 'learning_rate': 0.01}",ppo,100,64,0.01,,,,,,
LunarLander-v3,filterbank+hag,4,240,3.0875,-222.51875232000006,57.3863349941107,-142.22049340050327,-188.00674295850342,1460,"{'decomposition': 'ema', 'n_filters': 12, 'slowest': 0.022150628564983305, 'input_scaling': 0.3786189199484331, 'bias_dist': 'foldnorm', 'bias_scaling': 0.029687121836807887, 'lr': 0.7474064946212267, 'weight_increment': 0.0011133132425291139, 'min_window': 19, 'max_window': 43, 'use_full_instance': True, 'max_partners': 20, 'homeostasis': 'mean', 'target': 0.75, 'spread': 0.375, 'learning_rate': 0.01}",ppo,100,64,0.01,,,,,,
LunarLander-v3,filterbank+hag,5,240,3.175,-116.30646856000001,62.16136595868841,-157.2541263711218,-104.49019502859136,1455,"{'decomposition': 'ema', 'n_filters': 12, 'slowest': 0.022150628564983305, 'input_scaling': 0.3786189199484331, 'bias_dist': 'foldnorm', 'bias_scaling': 0.029687121836807887, 'lr': 0.7474064946212267, 'weight_increment': 0.0011133132425291139, 'min_window': 19, 'max_window': 43, 'use_full_instance': True, 'max_partners': 20, 'homeostasis': 'mean', 'target': 0.75, 'spread': 0.375, 'learning_rate': 0.01}",ppo,100,64,0.01,,,,,,
LunarLander-v3,filterbank+hag,6,240,3.654166666666667,-149.79651918,142.38625916967226,-137.47766723435583,-141.88562430274695,1457,"{'decomposition': 'ema', 'n_filters': 12, 'slowest': 0.022150628564983305, 'input_scaling': 0.3786189199484331, 'bias_dist': 'foldnorm', 'bias_scaling': 0.029687121836807887, 'lr': 0.7474064946212267, 'weight_increment': 0.0011133132425291139, 'min_window': 19, 'max_window': 43, 'use_full_instance': True, 'max_partners': 20, 'homeostasis': 'mean', 'target': 0.75, 'spread': 0.375, 'learning_rate': 0.01}",ppo,100,64,0.01,,,,,,
LunarLander-v3,filterbank+hag,8,240,5.108333333333333,-403.01265706,1445.9230116765991,-341.1443266664518,-887.240009539785,1455,"{'decomposition': 'ema', 'n_filters': 12, 'slowest': 0.022150628564983305, 'input_scaling': 0.3786189199484331, 'bias_dist': 'foldnorm', 'bias_scaling': 0.029687121836807887, 'lr': 0.7474064946212267, 'weight_increment': 0.0011133132425291139, 'min_window': 19, 'max_window': 43, 'use_full_instance': True, 'max_partners': 20, 'homeostasis': 'mean', 'target': 0.75, 'spread': 0.375, 'learning_rate': 0.01}",ppo,100,64,0.01,,,,,,
LunarLander-v3,filterbank+hag,3,240,3.0791666666666666,-64.96212878,39.81025478069666,-218.12660127316735,-86.27100865588915,1482,"{'decomposition': 'ema', 'n_filters': 12, 'slowest': 0.022150628564983305, 'input_scaling': 0.3786189199484331, 'bias_dist': 'foldnorm', 'bias_scaling': 0.029687121836807887, 'lr': 0.7474064946212267, 'weight_increment': 0.0011133132425291139, 'min_window': 19, 'max_window': 43, 'use_full_instance': True, 'max_partners': 20, 'homeostasis': 'mean', 'target': 0.75, 'spread': 0.375, 'learning_rate': 0.01}",ppo,100,64,0.01,,,,,,
LunarLander-v3,filterbank+proj,0,240,0.0,127.08207187999999,138.51557217837458,161.14100834271494,200.50730361855668,1454,"{'decomposition': 'ema', 'n_filters': 12, 'slowest': 0.022150628564983305, 'input_scaling': 0.3786189199484331, 'bias_dist': 'foldnorm', 'bias_scaling': 0.029687121836807887, 'lr': 0.7474064946212267, 'weight_increment': 0.0011133132425291139, 'min_window': 19, 'max_window': 43, 'use_full_instance': True, 'max_partners': 20, 'homeostasis': 'mean', 'target': 0.75, 'spread': 0.375, 'learning_rate': 0.0003}",ppo,100,64,0.0003,,,,,,
LunarLander-v3,filterbank+hag,9,240,4.220833333333333,-835.5359090200001,705.9350352994385,-152.95639954108367,-189.60452901712586,1469,"{'decomposition': 'ema', 'n_filters': 12, 'slowest': 0.022150628564983305, 'input_scaling': 0.3786189199484331, 'bias_dist': 'foldnorm', 'bias_scaling': 0.029687121836807887, 'lr': 0.7474064946212267, 'weight_increment': 0.0011133132425291139, 'min_window': 19, 'max_window': 43, 'use_full_instance': True, 'max_partners': 20, 'homeostasis': 'mean', 'target': 0.75, 'spread': 0.375, 'learning_rate': 0.01}",ppo,100,64,0.01,,,,,,
LunarLander-v3,filterbank+proj,1,240,0.0,-91.13945866,60.478734487652716,25.33368803702456,-38.50780937710437,1452,"{'decomposition': 'ema', 'n_filters': 12, 'slowest': 0.022150628564983305, 'input_scaling': 0.3786189199484331, 'bias_dist': 'foldnorm', 'bias_scaling': 0.029687121836807887, 'lr': 0.7474064946212267, 'weight_increment': 0.0011133132425291139, 'min_window': 19, 'max_window': 43, 'use_full_instance': True, 'max_partners': 20, 'homeostasis': 'mean', 'target': 0.75, 'spread': 0.375, 'learning_rate': 0.0003}",ppo,100,64,0.0003,,,,,,
LunarLander-v3,filterbank+proj,5,240,0.0,-117.44532417999999,125.33956073014379,65.5787127975123,-13.8635345942029,1453,"{'decomposition': 'ema', 'n_filters': 12, 'slowest': 0.022150628564983305, 'input_scaling': 0.3786189199484331, 'bias_dist': 'foldnorm', 'bias_scaling': 0.029687121836807887, 'lr': 0.7474064946212267, 'weight_increment': 0.0011133132425291139, 'min_window': 19, 'max_window': 43, 'use_full_instance': True, 'max_partners': 20, 'homeostasis': 'mean', 'target': 0.75, 'spread': 0.375, 'learning_rate': 0.0003}",ppo,100,64,0.0003,,,,,,
LunarLander-v3,filterbank+proj,2,240,0.0,242.96628979999997,95.37209218854946,204.80957686067094,245.93690758142853,1468,"{'decomposition': 'ema', 'n_filters': 12, 'slowest': 0.022150628564983305, 'input_scaling': 0.3786189199484331, 'bias_dist': 'foldnorm', 'bias_scaling': 0.029687121836807887, 'lr': 0.7474064946212267, 'weight_increment': 0.0011133132425291139, 'min_window': 19, 'max_window': 43, 'use_full_instance': True, 'max_partners': 20, 'homeostasis': 'mean', 'target': 0.75, 'spread': 0.375, 'learning_rate': 0.0003}",ppo,100,64,0.0003,,,,,,
LunarLander-v3,filterbank+proj,0,240,0.0,-89.53373146,25.09366784748788,28.293674152852525,-33.83634337050359,1450,"{'decomposition': 'ema', 'n_filters': 12, 'slowest': 0.022150628564983305, 'input_scaling': 0.3786189199484331, 'bias_dist': 'foldnorm', 'bias_scaling': 0.029687121836807887, 'lr': 0.7474064946212267, 'weight_increment': 0.0011133132425291139, 'min_window': 19, 'max_window': 43, 'use_full_instance': True, 'max_partners': 20, 'homeostasis': 'mean', 'target': 0.75, 'spread': 0.375, 'learning_rate': 0.001}",ppo,100,64,0.001,,,,,,
LunarLander-v3,filterbank+proj,6,240,0.0,-77.05389851999999,28.671314563667124,-13.966316639740356,-118.87347709025272,1471,"{'decomposition': 'ema', 'n_filters': 12, 'slowest': 0.022150628564983305, 'input_scaling': 0.3786189199484331, 'bias_dist': 'foldnorm', 'bias_scaling': 0.029687121836807887, 'lr': 0.7474064946212267, 'weight_increment': 0.0011133132425291139, 'min_window': 19, 'max_window': 43, 'use_full_instance': True, 'max_partners': 20, 'homeostasis': 'mean', 'target': 0.75, 'spread': 0.375, 'learning_rate': 0.0003}",ppo,100,64,0.0003,,,,,,
LunarLander-v3,filterbank+proj,4,240,0.0,268.68797351999996,28.25631036991222,214.46928340888945,245.4716172420786,1487,"{'decomposition': 'ema', 'n_filters': 12, 'slowest': 0.022150628564983305, 'input_scaling': 0.3786189199484331, 'bias_dist': 'foldnorm', 'bias_scaling': 0.029687121836807887, 'lr': 0.7474064946212267, 'weight_increment': 0.0011133132425291139, 'min_window': 19, 'max_window': 43, 'use_full_instance': True, 'max_partners': 20, 'homeostasis': 'mean', 'target': 0.75, 'spread': 0.375, 'learning_rate': 0.0003}",ppo,100,64,0.0003,,,,,,
LunarLander-v3,filterbank+proj,3,240,0.0,260.12204858000007,51.56558348495861,213.7801160507833,255.2863238159269,1493,"{'decomposition': 'ema', 'n_filters': 12, 'slowest': 0.022150628564983305, 'input_scaling': 0.3786189199484331, 'bias_dist': 'foldnorm', 'bias_scaling': 0.029687121836807887, 'lr': 0.7474064946212267, 'weight_increment': 0.0011133132425291139, 'min_window': 19, 'max_window': 43, 'use_full_instance': True, 'max_partners': 20, 'homeostasis': 'mean', 'target': 0.75, 'spread': 0.375, 'learning_rate': 0.0003}",ppo,100,64,0.0003,,,,,,
LunarLander-v3,filterbank+proj,1,240,0.0,-185.60874342,54.92403797601014,13.757894630450068,165.35327008098594,1462,"{'decomposition': 'ema', 'n_filters': 12, 'slowest': 0.022150628564983305, 'input_scaling': 0.3786189199484331, 'bias_dist': 'foldnorm', 'bias_scaling': 0.029687121836807887, 'lr': 0.7474064946212267, 'weight_increment': 0.0011133132425291139, 'min_window': 19, 'max_window': 43, 'use_full_instance': True, 'max_partners': 20, 'homeostasis': 'mean', 'target': 0.75, 'spread': 0.375, 'learning_rate': 0.001}",ppo,100,64,0.001,,,,,,
LunarLander-v3,filterbank+proj,3,240,0.0,-316.91793409999997,474.713267835458,-90.15807411840647,-651.884111505535,1465,"{'decomposition': 'ema', 'n_filters': 12, 'slowest': 0.022150628564983305, 'input_scaling': 0.3786189199484331, 'bias_dist': 'foldnorm', 'bias_scaling': 0.029687121836807887, 'lr': 0.7474064946212267, 'weight_increment': 0.0011133132425291139, 'min_window': 19, 'max_window': 43, 'use_full_instance': True, 'max_partners': 20, 'homeostasis': 'mean', 'target': 0.75, 'spread': 0.375, 'learning_rate': 0.001}",ppo,100,64,0.001,,,,,,
LunarLander-v3,filterbank+proj,9,240,0.0,179.87605130000003,108.3303459145541,204.88480712918795,242.45202273011364,1480,"{'decomposition': 'ema', 'n_filters': 12, 'slowest': 0.022150628564983305, 'input_scaling': 0.3786189199484331, 'bias_dist': 'foldnorm', 'bias_scaling': 0.029687121836807887, 'lr': 0.7474064946212267, 'weight_increment': 0.0011133132425291139, 'min_window': 19, 'max_window': 43, 'use_full_instance': True, 'max_partners': 20, 'homeostasis': 'mean', 'target': 0.75, 'spread': 0.375, 'learning_rate': 0.0003}",ppo,100,64,0.0003,,,,,,
LunarLander-v3,filterbank+proj,9,240,0.0,-65.39962109999999,53.26131793727616,-56.08833506604324,15.252568222222225,1442,"{'decomposition': 'ema', 'n_filters': 12, 'slowest': 0.022150628564983305, 'input_scaling': 0.3786189199484331, 'bias_dist': 'foldnorm', 'bias_scaling': 0.029687121836807887, 'lr': 0.7474064946212267, 'weight_increment': 0.0011133132425291139, 'min_window': 19, 'max_window': 43, 'use_full_instance': True, 'max_partners': 20, 'homeostasis': 'mean', 'target': 0.75, 'spread': 0.375, 'learning_rate': 0.001}",ppo,100,64,0.001,,,,,,
LunarLander-v3,filterbank+proj,7,240,0.0,187.58837646000003,118.10066762286024,222.97324009778177,257.67017135586735,1493,"{'decomposition': 'ema', 'n_filters': 12, 'slowest': 0.022150628564983305, 'input_scaling': 0.3786189199484331, 'bias_dist': 'foldnorm', 'bias_scaling': 0.029687121836807887, 'lr': 0.7474064946212267, 'weight_increment': 0.0011133132425291139, 'min_window': 19, 'max_window': 43, 'use_full_instance': True, 'max_partners': 20, 'homeostasis': 'mean', 'target': 0.75, 'spread': 0.375, 'learning_rate': 0.0003}",ppo,100,64,0.0003,,,,,,
LunarLander-v3,filterbank+proj,8,240,0.0,-73.6922917,87.3460817083168,117.28390655188679,34.199546049868765,1496,"{'decomposition': 'ema', 'n_filters': 12, 'slowest': 0.022150628564983305, 'input_scaling': 0.3786189199484331, 'bias_dist': 'foldnorm', 'bias_scaling': 0.029687121836807887, 'lr': 0.7474064946212267, 'weight_increment': 0.0011133132425291139, 'min_window': 19, 'max_window': 43, 'use_full_instance': True, 'max_partners': 20, 'homeostasis': 'mean', 'target': 0.75, 'spread': 0.375, 'learning_rate': 0.0003}",ppo,100,64,0.0003,,,,,,
LunarLander-v3,filterbank+proj,7,240,0.0,249.00652972000003,57.20017527821088,205.4604106305649,210.3813900145986,1452,"{'decomposition': 'ema', 'n_filters': 12, 'slowest': 0.022150628564983305, 'input_scaling': 0.3786189199484331, 'bias_dist': 'foldnorm', 'bias_scaling': 0.029687121836807887, 'lr': 0.7474064946212267, 'weight_increment': 0.0011133132425291139, 'min_window': 19, 'max_window': 43, 'use_full_instance': True, 'max_partners': 20, 'homeostasis': 'mean', 'target': 0.75, 'spread': 0.375, 'learning_rate': 0.001}",ppo,100,64,0.001,,,,,,
LunarLander-v3,filterbank+proj,2,240,0.0,150.99317564000003,72.14713965207845,186.8428341748693,183.46496916967507,1489,"{'decomposition': 'ema', 'n_filters': 12, 'slowest': 0.022150628564983305, 'input_scaling': 0.3786189199484331, 'bias_dist': 'foldnorm', 'bias_scaling': 0.029687121836807887, 'lr': 0.7474064946212267, 'weight_increment': 0.0011133132425291139, 'min_window': 19, 'max_window': 43, 'use_full_instance': True, 'max_partners': 20, 'homeostasis': 'mean', 'target': 0.75, 'spread': 0.375, 'learning_rate': 0.001}",ppo,100,64,0.001,,,,,,
LunarLander-v3,filterbank+proj,4,240,0.0,265.91902862,34.699313690048335,203.96512058715916,247.04139961619717,1475,"{'decomposition': 'ema', 'n_filters': 12, 'slowest': 0.022150628564983305, 'input_scaling': 0.3786189199484331, 'bias_dist': 'foldnorm', 'bias_scaling': 0.029687121836807887, 'lr': 0.7474064946212267, 'weight_increment': 0.0011133132425291139, 'min_window': 19, 'max_window': 43, 'use_full_instance': True, 'max_partners': 20, 'homeostasis': 'mean', 'target': 0.75, 'spread': 0.375, 'learning_rate': 0.001}",ppo,100,64,0.001,,,,,,
LunarLander-v3,filterbank+proj,8,240,0.0,121.40387241999998,70.8084118427928,143.86853984439057,81.93172094481235,1486,"{'decomposition': 'ema', 'n_filters': 12, 'slowest': 0.022150628564983305, 'input_scaling': 0.3786189199484331, 'bias_dist': 'foldnorm', 'bias_scaling': 0.029687121836807887, 'lr': 0.7474064946212267, 'weight_increment': 0.0011133132425291139, 'min_window': 19, 'max_window': 43, 'use_full_instance': True, 'max_partners': 20, 'homeostasis': 'mean', 'target': 0.75, 'spread': 0.375, 'learning_rate': 0.001}",ppo,100,64,0.001,,,,,,
LunarLander-v3,filterbank+proj,6,240,0.0,-3.3725835399999973,61.15640955913389,81.69648530015797,-20.341089569620248,1462,"{'decomposition': 'ema', 'n_filters': 12, 'slowest': 0.022150628564983305, 'input_scaling': 0.3786189199484331, 'bias_dist': 'foldnorm', 'bias_scaling': 0.029687121836807887, 'lr': 0.7474064946212267, 'weight_increment': 0.0011133132425291139, 'min_window': 19, 'max_window': 43, 'use_full_instance': True, 'max_partners': 20, 'homeostasis': 'mean', 'target': 0.75, 'spread': 0.375, 'learning_rate': 0.003}",ppo,100,64,0.003,,,,,,
LunarLander-v3,filterbank+proj,2,240,0.0,8.657387720000001,46.41506026701858,56.432127484615386,-41.82826136182335,1483,"{'decomposition': 'ema', 'n_filters': 12, 'slowest': 0.022150628564983305, 'input_scaling': 0.3786189199484331, 'bias_dist': 'foldnorm', 'bias_scaling': 0.029687121836807887, 'lr': 0.7474064946212267, 'weight_increment': 0.0011133132425291139, 'min_window': 19, 'max_window': 43, 'use_full_instance': True, 'max_partners': 20, 'homeostasis': 'mean', 'target': 0.75, 'spread': 0.375, 'learning_rate': 0.003}",ppo,100,64,0.003,,,,,,
LunarLander-v3,filterbank+proj,6,240,0.0,266.52642966,21.575154444380857,207.8977047517774,233.9628159551778,1503,"{'decomposition': 'ema', 'n_filters': 12, 'slowest': 0.022150628564983305, 'input_scaling': 0.3786189199484331, 'bias_dist': 'foldnorm', 'bias_scaling': 0.029687121836807887, 'lr': 0.7474064946212267, 'weight_increment': 0.0011133132425291139, 'min_window': 19, 'max_window': 43, 'use_full_instance': True, 'max_partners': 20, 'homeostasis': 'mean', 'target': 0.75, 'spread': 0.375, 'learning_rate': 0.001}",ppo,100,64,0.001,,,,,,
LunarLander-v3,filterbank+proj,1,240,0.0,-50.1346562,17.164817097023132,-112.7245563537736,-1090.6161594611112,1491,"{'decomposition': 'ema', 'n_filters': 12, 'slowest': 0.022150628564983305, 'input_scaling': 0.3786189199484331, 'bias_dist': 'foldnorm', 'bias_scaling': 0.029687121836807887, 'lr': 0.7474064946212267, 'weight_increment': 0.0011133132425291139, 'min_window': 19, 'max_window': 43, 'use_full_instance': True, 'max_partners': 20, 'homeostasis': 'mean', 'target': 0.75, 'spread': 0.375, 'learning_rate': 0.003}",ppo,100,64,0.003,,,,,,
LunarLander-v3,filterbank+proj,3,240,0.0,47.17569786,113.90026896833679,45.58961981083713,-19.22738264935065,1484,"{'decomposition': 'ema', 'n_filters': 12, 'slowest': 0.022150628564983305, 'input_scaling': 0.3786189199484331, 'bias_dist': 'foldnorm', 'bias_scaling': 0.029687121836807887, 'lr': 0.7474064946212267, 'weight_increment': 0.0011133132425291139, 'min_window': 19, 'max_window': 43, 'use_full_instance': True, 'max_partners': 20, 'homeostasis': 'mean', 'target': 0.75, 'spread': 0.375, 'learning_rate': 0.003}",ppo,100,64,0.003,,,,,,
LunarLander-v3,filterbank+proj,5,240,0.0,-65.97237292,71.08627438365109,141.6260700964826,150.32952300393703,1472,"{'decomposition': 'ema', 'n_filters': 12, 'slowest': 0.022150628564983305, 'input_scaling': 0.3786189199484331, 'bias_dist': 'foldnorm', 'bias_scaling': 0.029687121836807887, 'lr': 0.7474064946212267, 'weight_increment': 0.0011133132425291139, 'min_window': 19, 'max_window': 43, 'use_full_instance': True, 'max_partners': 20, 'homeostasis': 'mean', 'target': 0.75, 'spread': 0.375, 'learning_rate': 0.003}",ppo,100,64,0.003,,,,,,
LunarLander-v3,filterbank+proj,5,240,0.0,259.5075002,33.129223211091826,196.2163708042862,233.84101577659573,1509,"{'decomposition': 'ema', 'n_filters': 12, 'slowest': 0.022150628564983305, 'input_scaling': 0.3786189199484331, 'bias_dist': 'foldnorm', 'bias_scaling': 0.029687121836807887, 'lr': 0.7474064946212267, 'weight_increment': 0.0011133132425291139, 'min_window': 19, 'max_window': 43, 'use_full_instance': True, 'max_partners': 20, 'homeostasis': 'mean', 'target': 0.75, 'spread': 0.375, 'learning_rate': 0.001}",ppo,100,64,0.001,,,,,,
LunarLander-v3,filterbank+proj,0,240,0.0,-81.19918471999999,35.7456840391394,18.764564204190222,75.70836582333332,1505,"{'decomposition': 'ema', 'n_filters': 12, 'slowest': 0.022150628564983305, 'input_scaling': 0.3786189199484331, 'bias_dist': 'foldnorm', 'bias_scaling': 0.029687121836807887, 'lr': 0.7474064946212267, 'weight_increment': 0.0011133132425291139, 'min_window': 19, 'max_window': 43, 'use_full_instance': True, 'max_partners': 20, 'homeostasis': 'mean', 'target': 0.75, 'spread': 0.375, 'learning_rate': 0.003}",ppo,100,64,0.003,,,,,,
LunarLander-v3,filterbank+proj,7,240,0.0,-40.822178640000004,101.73945669836586,48.054477270436394,23.052485913846155,1478,"{'decomposition': 'ema', 'n_filters': 12, 'slowest': 0.022150628564983305, 'input_scaling': 0.3786189199484331, 'bias_dist': 'foldnorm', 'bias_scaling': 0.029687121836807887, 'lr': 0.7474064946212267, 'weight_increment': 0.0011133132425291139, 'min_window': 19, 'max_window': 43, 'use_full_instance': True, 'max_partners': 20, 'homeostasis': 'mean', 'target': 0.75, 'spread': 0.375, 'learning_rate': 0.003}",ppo,100,64,0.003,,,,,,
LunarLander-v3,filterbank+proj,4,240,0.0,-85.16059379999999,34.69188269678225,23.739512163034252,-107.18235273371106,1497,"{'decomposition': 'ema', 'n_filters': 12, 'slowest': 0.022150628564983305, 'input_scaling': 0.3786189199484331, 'bias_dist': 'foldnorm', 'bias_scaling': 0.029687121836807887, 'lr': 0.7474064946212267, 'weight_increment': 0.0011133132425291139, 'min_window': 19, 'max_window': 43, 'use_full_instance': True, 'max_partners': 20, 'homeostasis': 'mean', 'target': 0.75, 'spread': 0.375, 'learning_rate': 0.003}",ppo,100,64,0.003,,,,,,
LunarLander-v3,filterbank+proj,9,240,0.0,102.00067309999999,76.95078263072253,29.874283611585362,-181.48689882317075,1477,"{'decomposition': 'ema', 'n_filters': 12, 'slowest': 0.022150628564983305, 'input_scaling': 0.3786189199484331, 'bias_dist': 'foldnorm', 'bias_scaling': 0.029687121836807887, 'lr': 0.7474064946212267, 'weight_increment': 0.0011133132425291139, 'min_window': 19, 'max_window': 43, 'use_full_instance': True, 'max_partners': 20, 'homeostasis': 'mean', 'target': 0.75, 'spread': 0.375, 'learning_rate': 0.003}",ppo,100,64,0.003,,,,,,
LunarLander-v3,filterbank+proj,1,240,0.0,-772.3904195800001,337.72088256597476,-817.208610192809,-874.3486041256006,1478,"{'decomposition': 'ema', 'n_filters': 12, 'slowest': 0.022150628564983305, 'input_scaling': 0.3786189199484331, 'bias_dist': 'foldnorm', 'bias_scaling': 0.029687121836807887, 'lr': 0.7474064946212267, 'weight_increment': 0.0011133132425291139, 'min_window': 19, 'max_window': 43, 'use_full_instance': True, 'max_partners': 20, 'homeostasis': 'mean', 'target': 0.75, 'spread': 0.375, 'learning_rate': 0.01}",ppo,100,64,0.01,,,,,,
LunarLander-v3,filterbank+proj,7,240,0.0,-918.48530024,824.0300585698147,-265.39091327403673,-246.50593601261264,1462,"{'decomposition': 'ema', 'n_filters': 12, 'slowest': 0.022150628564983305, 'input_scaling': 0.3786189199484331, 'bias_dist': 'foldnorm', 'bias_scaling': 0.029687121836807887, 'lr': 0.7474064946212267, 'weight_increment': 0.0011133132425291139, 'min_window': 19, 'max_window': 43, 'use_full_instance': True, 'max_partners': 20, 'homeostasis': 'mean', 'target': 0.75, 'spread': 0.375, 'learning_rate': 0.01}",ppo,100,64,0.01,,,,,,
LunarLander-v3,filterbank+proj,8,240,0.0,-160.23671027999998,128.16643614916464,124.95866915338794,52.42100455472636,1510,"{'decomposition': 'ema', 'n_filters': 12, 'slowest': 0.022150628564983305, 'input_scaling': 0.3786189199484331, 'bias_dist': 'foldnorm', 'bias_scaling': 0.029687121836807887, 'lr': 0.7474064946212267, 'weight_increment': 0.0011133132425291139, 'min_window': 19, 'max_window': 43, 'use_full_instance': True, 'max_partners': 20, 'homeostasis': 'mean', 'target': 0.75, 'spread': 0.375, 'learning_rate': 0.003}",ppo,100,64,0.003,,,,,,
LunarLander-v3,filterbank+proj,6,240,0.0,-279.9232938,75.9299957542024,-193.8331658449322,-245.69433399870803,1470,"{'decomposition': 'ema', 'n_filters': 12, 'slowest': 0.022150628564983305, 'input_scaling': 0.3786189199484331, 'bias_dist': 'foldnorm', 'bias_scaling': 0.029687121836807887, 'lr': 0.7474064946212267, 'weight_increment': 0.0011133132425291139, 'min_window': 19, 'max_window': 43, 'use_full_instance': True, 'max_partners': 20, 'homeostasis': 'mean', 'target': 0.75, 'spread': 0.375, 'learning_rate': 0.01}",ppo,100,64,0.01,,,,,,
LunarLander-v3,filterbank+proj,0,240,0.0,-765.5183195,341.61835033512057,-490.8710160119963,-849.7831738938461,1505,"{'decomposition': 'ema', 'n_filters': 12, 'slowest': 0.022150628564983305, 'input_scaling': 0.3786189199484331, 'bias_dist': 'foldnorm', 'bias_scaling': 0.029687121836807887, 'lr': 0.7474064946212267, 'weight_increment': 0.0011133132425291139, 'min_window': 19, 'max_window': 43, 'use_full_instance': True, 'max_partners': 20, 'homeostasis': 'mean', 'target': 0.75, 'spread': 0.375, 'learning_rate': 0.01}",ppo,100,64,0.01,,,,,,
LunarLander-v3,filterbank+proj,4,240,0.0,-122.3086974,53.716587910812486,-145.2283323742762,-132.00772128554712,1487,"{'decomposition': 'ema', 'n_filters': 12, 'slowest': 0.022150628564983305, 'input_scaling': 0.3786189199484331, 'bias_dist': 'foldnorm', 'bias_scaling': 0.029687121836807887, 'lr': 0.7474064946212267, 'weight_increment': 0.0011133132425291139, 'min_window': 19, 'max_window': 43, 'use_full_instance': True, 'max_partners': 20, 'homeostasis': 'mean', 'target': 0.75, 'spread': 0.375, 'learning_rate': 0.01}",ppo,100,64,0.01,,,,,,
LunarLander-v3,filterbank+proj,2,240,0.0,-51.862111240000004,62.39437854085781,-209.76439657292818,-106.79875265469614,1503,"{'decomposition': 'ema', 'n_filters': 12, 'slowest': 0.022150628564983305, 'input_scaling': 0.3786189199484331, 'bias_dist': 'foldnorm', 'bias_scaling': 0.029687121836807887, 'lr': 0.7474064946212267, 'weight_increment': 0.0011133132425291139, 'min_window': 19, 'max_window': 43, 'use_full_instance': True, 'max_partners': 20, 'homeostasis': 'mean', 'target': 0.75, 'spread': 0.375, 'learning_rate': 0.01}",ppo,100,64,0.01,,,,,,
LunarLander-v3,filterbank+proj,5,240,0.0,-252.1619633,97.40576267865771,-163.39689753818297,-232.23300437480316,1496,"{'decomposition': 'ema', 'n_filters': 12, 'slowest': 0.022150628564983305, 'input_scaling': 0.3786189199484331, 'bias_dist': 'foldnorm', 'bias_scaling': 0.029687121836807887, 'lr': 0.7474064946212267, 'weight_increment': 0.0011133132425291139, 'min_window': 19, 'max_window': 43, 'use_full_instance': True, 'max_partners': 20, 'homeostasis': 'mean', 'target': 0.75, 'spread': 0.375, 'learning_rate': 0.01}",ppo,100,64,0.01,,,,,,
LunarLander-v3,filterbank+proj,3,240,0.0,-763.0812430599998,349.99566545576414,-759.817784706861,-861.5653618645295,1505,"{'decomposition': 'ema', 'n_filters': 12, 'slowest': 0.022150628564983305, 'input_scaling': 0.3786189199484331, 'bias_dist': 'foldnorm', 'bias_scaling': 0.029687121836807887, 'lr': 0.7474064946212267, 'weight_increment': 0.0011133132425291139, 'min_window': 19, 'max_window': 43, 'use_full_instance': True, 'max_partners': 20, 'homeostasis': 'mean', 'target': 0.75, 'spread': 0.375, 'learning_rate': 0.01}",ppo,100,64,0.01,,,,,,
LunarLander-v3,filterbank+proj,8,240,0.0,-199.70157472,118.34181778008005,-148.82891448749703,-166.7795424121501,1484,"{'decomposition': 'ema', 'n_filters': 12, 'slowest': 0.022150628564983305, 'input_scaling': 0.3786189199484331, 'bias_dist': 'foldnorm', 'bias_scaling': 0.029687121836807887, 'lr': 0.7474064946212267, 'weight_increment': 0.0011133132425291139, 'min_window': 19, 'max_window': 43, 'use_full_instance': True, 'max_partners': 20, 'homeostasis': 'mean', 'target': 0.75, 'spread': 0.375, 'learning_rate': 0.01}",ppo,100,64,0.01,,,,,,
LunarLander-v3,filterbank+proj,9,240,0.0,-172.88211410000002,100.64497600361695,-204.1949279099115,-155.56453109380527,1508,"{'decomposition': 'ema', 'n_filters': 12, 'slowest': 0.022150628564983305, 'input_scaling': 0.3786189199484331, 'bias_dist': 'foldnorm', 'bias_scaling': 0.029687121836807887, 'lr': 0.7474064946212267, 'weight_increment': 0.0011133132425291139, 'min_window': 19, 'max_window': 43, 'use_full_instance': True, 'max_partners': 20, 'homeostasis': 'mean', 'target': 0.75, 'spread': 0.375, 'learning_rate': 0.01}",ppo,100,64,0.01,,,,,,
LunarLander-v3,filterbank+esn,0,240,3.1958333333333333,100.11333201999997,134.98659386527305,147.70052937406444,196.15427645114008,1281,"{'decomposition': 'ema', 'n_filters': 12, 'slowest': 0.007278775282470501, 'input_scaling': 0.4150388723567341, 'bias_dist': 'foldnorm', 'bias_scaling': 0.04616118346075944, 'lr': 0.9174645206815777, 'sr': 0.7122598989576099, 'rc_connectivity': 0.013316681518519325, 'learning_rate': 0.0003}",ppo,100,linear,0.0003,,,,,,
LunarLander-v3,filterbank+esn,2,240,3.1958333333333333,8.802312420000002,105.20812125477819,103.2525775793312,174.2004653469751,1276,"{'decomposition': 'ema', 'n_filters': 12, 'slowest': 0.007278775282470501, 'input_scaling': 0.4150388723567341, 'bias_dist': 'foldnorm', 'bias_scaling': 0.04616118346075944, 'lr': 0.9174645206815777, 'sr': 0.7122598989576099, 'rc_connectivity': 0.013316681518519325, 'learning_rate': 0.0003}",ppo,100,linear,0.0003,,,,,,
LunarLander-v3,filterbank+esn,1,240,3.1958333333333333,87.66568786000002,149.658562180719,140.23770774163322,204.51202330654763,1287,"{'decomposition': 'ema', 'n_filters': 12, 'slowest': 0.007278775282470501, 'input_scaling': 0.4150388723567341, 'bias_dist': 'foldnorm', 'bias_scaling': 0.04616118346075944, 'lr': 0.9174645206815777, 'sr': 0.7122598989576099, 'rc_connectivity': 0.013316681518519325, 'learning_rate': 0.0003}",ppo,100,linear,0.0003,,,,,,
LunarLander-v3,filterbank+esn,5,240,3.1958333333333333,132.14966596,148.99322668611057,123.57599993230296,197.48028339258116,1279,"{'decomposition': 'ema', 'n_filters': 12, 'slowest': 0.007278775282470501, 'input_scaling': 0.4150388723567341, 'bias_dist': 'foldnorm', 'bias_scaling': 0.04616118346075944, 'lr': 0.9174645206815777, 'sr': 0.7122598989576099, 'rc_connectivity': 0.013316681518519325, 'learning_rate': 0.0003}",ppo,100,linear,0.0003,,,,,,
LunarLander-v3,filterbank+esn,6,240,3.1958333333333333,54.53536976,152.86273110420808,108.59307614436403,189.74580844306416,1275,"{'decomposition': 'ema', 'n_filters': 12, 'slowest': 0.007278775282470501, 'input_scaling': 0.4150388723567341, 'bias_dist': 'foldnorm', 'bias_scaling': 0.04616118346075944, 'lr': 0.9174645206815777, 'sr': 0.7122598989576099, 'rc_connectivity': 0.013316681518519325, 'learning_rate': 0.0003}",ppo,100,linear,0.0003,,,,,,
LunarLander-v3,filterbank+esn,4,240,3.1958333333333333,163.50077858,129.40594798194982,77.27157291492172,204.69682848867927,1286,"{'decomposition': 'ema', 'n_filters': 12, 'slowest': 0.007278775282470501, 'input_scaling': 0.4150388723567341, 'bias_dist': 'foldnorm', 'bias_scaling': 0.04616118346075944, 'lr': 0.9174645206815777, 'sr': 0.7122598989576099, 'rc_connectivity': 0.013316681518519325, 'learning_rate': 0.0003}",ppo,100,linear,0.0003,,,,,,
LunarLander-v3,filterbank+esn,3,240,3.1958333333333333,16.789072059999995,143.64564712979137,118.9077513938039,196.67315040095846,1295,"{'decomposition': 'ema', 'n_filters': 12, 'slowest': 0.007278775282470501, 'input_scaling': 0.4150388723567341, 'bias_dist': 'foldnorm', 'bias_scaling': 0.04616118346075944, 'lr': 0.9174645206815777, 'sr': 0.7122598989576099, 'rc_connectivity': 0.013316681518519325, 'learning_rate': 0.0003}",ppo,100,linear,0.0003,,,,,,
LunarLander-v3,filterbank+esn,9,240,3.1958333333333333,-62.38682744,137.0354317880354,104.13746027829802,208.40401553782894,1276,"{'decomposition': 'ema', 'n_filters': 12, 'slowest': 0.007278775282470501, 'input_scaling': 0.4150388723567341, 'bias_dist': 'foldnorm', 'bias_scaling': 0.04616118346075944, 'lr': 0.9174645206815777, 'sr': 0.7122598989576099, 'rc_connectivity': 0.013316681518519325, 'learning_rate': 0.0003}",ppo,100,linear,0.0003,,,,,,
LunarLander-v3,filterbank+esn,8,240,3.1958333333333333,-148.80274049999997,77.35461068797935,133.4688980104055,176.59809346094946,1281,"{'decomposition': 'ema', 'n_filters': 12, 'slowest': 0.007278775282470501, 'input_scaling': 0.4150388723567341, 'bias_dist': 'foldnorm', 'bias_scaling': 0.04616118346075944, 'lr': 0.9174645206815777, 'sr': 0.7122598989576099, 'rc_connectivity': 0.013316681518519325, 'learning_rate': 0.0003}",ppo,100,linear,0.0003,,,,,,
LunarLander-v3,filterbank+esn,1,240,3.1958333333333333,124.36112696,118.35317221738835,161.11314641861742,156.04630447619047,1267,"{'decomposition': 'ema', 'n_filters': 12, 'slowest': 0.007278775282470501, 'input_scaling': 0.4150388723567341, 'bias_dist': 'foldnorm', 'bias_scaling': 0.04616118346075944, 'lr': 0.9174645206815777, 'sr': 0.7122598989576099, 'rc_connectivity': 0.013316681518519325, 'learning_rate': 0.001}",ppo,100,linear,0.001,,,,,,
LunarLander-v3,filterbank+esn,7,240,3.1958333333333333,60.43768150000001,125.33773783516513,94.56720063768888,190.51948403380783,1298,"{'decomposition': 'ema', 'n_filters': 12, 'slowest': 0.007278775282470501, 'input_scaling': 0.4150388723567341, 'bias_dist': 'foldnorm', 'bias_scaling': 0.04616118346075944, 'lr': 0.9174645206815777, 'sr': 0.7122598989576099, 'rc_connectivity': 0.013316681518519325, 'learning_rate': 0.0003}",ppo,100,linear,0.0003,,,,,,
LunarLander-v3,filterbank+esn,2,240,3.1958333333333333,-118.71777947999999,69.14400435037311,142.01460143737734,127.06158591552064,1270,"{'decomposition': 'ema', 'n_filters': 12, 'slowest': 0.007278775282470501, 'input_scaling': 0.4150388723567341, 'bias_dist': 'foldnorm', 'bias_scaling': 0.04616118346075944, 'lr': 0.9174645206815777, 'sr': 0.7122598989576099, 'rc_connectivity': 0.013316681518519325, 'learning_rate': 0.001}",ppo,100,linear,0.001,,,,,,
LunarLander-v3,filterbank+esn,0,240,3.1958333333333333,-42.652017619999995,85.50206054878036,153.62857304117406,178.7894538265306,1292,"{'decomposition': 'ema', 'n_filters': 12, 'slowest': 0.007278775282470501, 'input_scaling': 0.4150388723567341, 'bias_dist': 'foldnorm', 'bias_scaling': 0.04616118346075944, 'lr': 0.9174645206815777, 'sr': 0.7122598989576099, 'rc_connectivity': 0.013316681518519325, 'learning_rate': 0.001}",ppo,100,linear,0.001,,,,,,
LunarLander-v3,filterbank+esn,3,240,3.1958333333333333,-124.08296393999998,34.76262594491037,100.5202522347707,116.58113997031963,1273,"{'decomposition': 'ema', 'n_filters': 12, 'slowest': 0.007278775282470501, 'input_scaling': 0.4150388723567341, 'bias_dist': 'foldnorm', 'bias_scaling': 0.04616118346075944, 'lr': 0.9174645206815777, 'sr': 0.7122598989576099, 'rc_connectivity': 0.013316681518519325, 'learning_rate': 0.001}",ppo,100,linear,0.001,,,,,,
LunarLander-v3,filterbank+esn,5,240,3.1958333333333333,-192.43694691999997,64.46384095301102,148.8323201925853,197.5175343415435,1276,"{'decomposition': 'ema', 'n_filters': 12, 'slowest': 0.007278775282470501, 'input_scaling': 0.4150388723567341, 'bias_dist': 'foldnorm', 'bias_scaling': 0.04616118346075944, 'lr': 0.9174645206815777, 'sr': 0.7122598989576099, 'rc_connectivity': 0.013316681518519325, 'learning_rate': 0.001}",ppo,100,linear,0.001,,,,,,
LunarLander-v3,filterbank+esn,4,240,3.1958333333333333,-123.25005612,64.52275858518243,140.1883472154242,163.85126792109773,1277,"{'decomposition': 'ema', 'n_filters': 12, 'slowest': 0.007278775282470501, 'input_scaling': 0.4150388723567341, 'bias_dist': 'foldnorm', 'bias_scaling': 0.04616118346075944, 'lr': 0.9174645206815777, 'sr': 0.7122598989576099, 'rc_connectivity': 0.013316681518519325, 'learning_rate': 0.001}",ppo,100,linear,0.001,,,,,,
LunarLander-v3,filterbank+esn,8,240,3.1958333333333333,-123.75369864,118.4040550666383,130.457209324345,118.43790599616858,1264,"{'decomposition': 'ema', 'n_filters': 12, 'slowest': 0.007278775282470501, 'input_scaling': 0.4150388723567341, 'bias_dist': 'foldnorm', 'bias_scaling': 0.04616118346075944, 'lr': 0.9174645206815777, 'sr': 0.7122598989576099, 'rc_connectivity': 0.013316681518519325, 'learning_rate': 0.001}",ppo,100,linear,0.001,,,,,,
LunarLander-v3,filterbank+esn,2,240,3.1958333333333333,-62.943991100000005,27.454762063679887,123.56911552734655,62.324778418660294,1257,"{'decomposition': 'ema', 'n_filters': 12, 'slowest': 0.007278775282470501, 'input_scaling': 0.4150388723567341, 'bias_dist': 'foldnorm', 'bias_scaling': 0.04616118346075944, 'lr': 0.9174645206815777, 'sr': 0.7122598989576099, 'rc_connectivity': 0.013316681518519325, 'learning_rate': 0.003}",ppo,100,linear,0.003,,,,,,
LunarLander-v3,filterbank+esn,7,240,3.1958333333333333,-66.69285136,110.10617596866625,139.17031830570937,183.89544215487572,1283,"{'decomposition': 'ema', 'n_filters': 12, 'slowest': 0.007278775282470501, 'input_scaling': 0.4150388723567341, 'bias_dist': 'foldnorm', 'bias_scaling': 0.04616118346075944, 'lr': 0.9174645206815777, 'sr': 0.7122598989576099, 'rc_connectivity': 0.013316681518519325, 'learning_rate': 0.001}",ppo,100,linear,0.001,,,,,,
LunarLander-v3,filterbank+esn,1,240,3.1958333333333333,-102.57527705999999,122.43476573517496,151.6017603361582,160.84305651919195,1273,"{'decomposition': 'ema', 'n_filters': 12, 'slowest': 0.007278775282470501, 'input_scaling': 0.4150388723567341, 'bias_dist': 'foldnorm', 'bias_scaling': 0.04616118346075944, 'lr': 0.9174645206815777, 'sr': 0.7122598989576099, 'rc_connectivity': 0.013316681518519325, 'learning_rate': 0.003}",ppo,100,linear,0.003,,,,,,
LunarLander-v3,filterbank+esn,0,240,3.1958333333333333,-25.422215539999996,70.79720527401834,142.52739213546204,126.50748648426149,1277,"{'decomposition': 'ema', 'n_filters': 12, 'slowest': 0.007278775282470501, 'input_scaling': 0.4150388723567341, 'bias_dist': 'foldnorm', 'bias_scaling': 0.04616118346075944, 'lr': 0.9174645206815777, 'sr': 0.7122598989576099, 'rc_connectivity': 0.013316681518519325, 'learning_rate': 0.003}",ppo,100,linear,0.003,,,,,,
LunarLander-v3,filterbank+esn,3,240,3.1958333333333333,-76.03522252,29.728511575846408,105.52703940203743,40.86001586966825,1273,"{'decomposition': 'ema', 'n_filters': 12, 'slowest': 0.007278775282470501, 'input_scaling': 0.4150388723567341, 'bias_dist': 'foldnorm', 'bias_scaling': 0.04616118346075944, 'lr': 0.9174645206815777, 'sr': 0.7122598989576099, 'rc_connectivity': 0.013316681518519325, 'learning_rate': 0.003}",ppo,100,linear,0.003,,,,,,
LunarLander-v3,filterbank+esn,4,240,3.1958333333333333,-85.99627064,27.438207467647345,147.609864537196,135.59446450268337,1269,"{'decomposition': 'ema', 'n_filters': 12, 'slowest': 0.007278775282470501, 'input_scaling': 0.4150388723567341, 'bias_dist': 'foldnorm', 'bias_scaling': 0.04616118346075944, 'lr': 0.9174645206815777, 'sr': 0.7122598989576099, 'rc_connectivity': 0.013316681518519325, 'learning_rate': 0.003}",ppo,100,linear,0.003,,,,,,
LunarLander-v3,filterbank+esn,6,240,3.1958333333333333,-79.67614886,69.094931538956,138.88661958025733,149.1735679177215,1306,"{'decomposition': 'ema', 'n_filters': 12, 'slowest': 0.007278775282470501, 'input_scaling': 0.4150388723567341, 'bias_dist': 'foldnorm', 'bias_scaling': 0.04616118346075944, 'lr': 0.9174645206815777, 'sr': 0.7122598989576099, 'rc_connectivity': 0.013316681518519325, 'learning_rate': 0.001}",ppo,100,linear,0.001,,,,,,
LunarLander-v3,filterbank+esn,9,240,3.1958333333333333,153.30658526000002,75.27264181486056,58.479577399605745,128.86358535774647,1295,"{'decomposition': 'ema', 'n_filters': 12, 'slowest': 0.007278775282470501, 'input_scaling': 0.4150388723567341, 'bias_dist': 'foldnorm', 'bias_scaling': 0.04616118346075944, 'lr': 0.9174645206815777, 'sr': 0.7122598989576099, 'rc_connectivity': 0.013316681518519325, 'learning_rate': 0.001}",ppo,100,linear,0.001,,,,,,
LunarLander-v3,filterbank+esn,6,240,3.1958333333333333,-76.08038826,25.559439528116066,128.8032583773585,132.22242247319346,1266,"{'decomposition': 'ema', 'n_filters': 12, 'slowest': 0.007278775282470501, 'input_scaling': 0.4150388723567341, 'bias_dist': 'foldnorm', 'bias_scaling': 0.04616118346075944, 'lr': 0.9174645206815777, 'sr': 0.7122598989576099, 'rc_connectivity': 0.013316681518519325, 'learning_rate': 0.003}",ppo,100,linear,0.003,,,,,,
LunarLander-v3,filterbank+esn,5,240,3.1958333333333333,43.17928145999999,122.94181904567081,135.83831821626907,172.07035260469667,1282,"{'decomposition': 'ema', 'n_filters': 12, 'slowest': 0.007278775282470501, 'input_scaling': 0.4150388723567341, 'bias_dist': 'foldnorm', 'bias_scaling': 0.04616118346075944, 'lr': 0.9174645206815777, 'sr': 0.7122598989576099, 'rc_connectivity': 0.013316681518519325, 'learning_rate': 0.003}",ppo,100,linear,0.003,,,,,,
LunarLander-v3,filterbank+esn,9,240,3.1958333333333333,-15.0604863,56.916146993127974,90.31258359405447,-6.666545222500002,1268,"{'decomposition': 'ema', 'n_filters': 12, 'slowest': 0.007278775282470501, 'input_scaling': 0.4150388723567341, 'bias_dist': 'foldnorm', 'bias_scaling': 0.04616118346075944, 'lr': 0.9174645206815777, 'sr': 0.7122598989576099, 'rc_connectivity': 0.013316681518519325, 'learning_rate': 0.003}",ppo,100,linear,0.003,,,,,,
LunarLander-v3,filterbank+esn,1,240,3.1958333333333333,-201.61588121999998,47.469695653753206,-267.23176230813505,-89.05714813089006,1268,"{'decomposition': 'ema', 'n_filters': 12, 'slowest': 0.007278775282470501, 'input_scaling': 0.4150388723567341, 'bias_dist': 'foldnorm', 'bias_scaling': 0.04616118346075944, 'lr': 0.9174645206815777, 'sr': 0.7122598989576099, 'rc_connectivity': 0.013316681518519325, 'learning_rate': 0.01}",ppo,100,linear,0.01,,,,,,
LunarLander-v3,filterbank+esn,2,240,3.1958333333333333,-33.5826984,29.824591645281174,33.905158149193554,-5.9708151613832845,1272,"{'decomposition': 'ema', 'n_filters': 12, 'slowest': 0.007278775282470501, 'input_scaling': 0.4150388723567341, 'bias_dist': 'foldnorm', 'bias_scaling': 0.04616118346075944, 'lr': 0.9174645206815777, 'sr': 0.7122598989576099, 'rc_connectivity': 0.013316681518519325, 'learning_rate': 0.01}",ppo,100,linear,0.01,,,,,,
LunarLander-v3,filterbank+esn,7,240,3.1958333333333333,-116.60197859999998,68.96113245085631,113.91846550400366,35.28826855606408,1278,"{'decomposition': 'ema', 'n_filters': 12, 'slowest': 0.007278775282470501, 'input_scaling': 0.4150388723567341, 'bias_dist': 'foldnorm', 'bias_scaling': 0.04616118346075944, 'lr': 0.9174645206815777, 'sr': 0.7122598989576099, 'rc_connectivity': 0.013316681518519325, 'learning_rate': 0.003}",ppo,100,linear,0.003,,,,,,
LunarLander-v3,filterbank+esn,0,240,3.1958333333333333,-68.71205904,20.308704148169028,25.84693861456908,-117.77237312328765,1275,"{'decomposition': 'ema', 'n_filters': 12, 'slowest': 0.007278775282470501, 'input_scaling': 0.4150388723567341, 'bias_dist': 'foldnorm', 'bias_scaling': 0.04616118346075944, 'lr': 0.9174645206815777, 'sr': 0.7122598989576099, 'rc_connectivity': 0.013316681518519325, 'learning_rate': 0.01}",ppo,100,linear,0.01,,,,,,
LunarLander-v3,filterbank+esn,4,240,3.1958333333333333,-52.32677830000001,27.55394354026269,49.72497908490809,-49.87584608549222,1263,"{'decomposition': 'ema', 'n_filters': 12, 'slowest': 0.007278775282470501, 'input_scaling': 0.4150388723567341, 'bias_dist': 'foldnorm', 'bias_scaling': 0.04616118346075944, 'lr': 0.9174645206815777, 'sr': 0.7122598989576099, 'rc_connectivity': 0.013316681518519325, 'learning_rate': 0.01}",ppo,100,linear,0.01,,,,,,
LunarLander-v3,filterbank+esn,3,240,3.1958333333333333,-88.78329599999999,23.781970654957387,12.92183141826169,-94.34769896226415,1280,"{'decomposition': 'ema', 'n_filters': 12, 'slowest': 0.007278775282470501, 'input_scaling': 0.4150388723567341, 'bias_dist': 'foldnorm', 'bias_scaling': 0.04616118346075944, 'lr': 0.9174645206815777, 'sr': 0.7122598989576099, 'rc_connectivity': 0.013316681518519325, 'learning_rate': 0.01}",ppo,100,linear,0.01,,,,,,
LunarLander-v3,filterbank+esn,8,240,3.1958333333333333,174.94445376,116.22004594660343,129.2537899748514,187.10259417391302,1296,"{'decomposition': 'ema', 'n_filters': 12, 'slowest': 0.007278775282470501, 'input_scaling': 0.4150388723567341, 'bias_dist': 'foldnorm', 'bias_scaling': 0.04616118346075944, 'lr': 0.9174645206815777, 'sr': 0.7122598989576099, 'rc_connectivity': 0.013316681518519325, 'learning_rate': 0.003}",ppo,100,linear,0.003,,,,,,
LunarLander-v3,filterbank+esn,6,240,3.1958333333333333,-407.08836086,1149.9585243215138,-94.78263946186831,-260.6758760245399,1268,"{'decomposition': 'ema', 'n_filters': 12, 'slowest': 0.007278775282470501, 'input_scaling': 0.4150388723567341, 'bias_dist': 'foldnorm', 'bias_scaling': 0.04616118346075944, 'lr': 0.9174645206815777, 'sr': 0.7122598989576099, 'rc_connectivity': 0.013316681518519325, 'learning_rate': 0.01}",ppo,100,linear,0.01,,,,,,
LunarLander-v3,filterbank+esn,8,240,3.1958333333333333,-133.54957330000002,26.941372168323028,-31.587260057477387,-139.4792515386667,1256,"{'decomposition': 'ema', 'n_filters': 12, 'slowest': 0.007278775282470501, 'input_scaling': 0.4150388723567341, 'bias_dist': 'foldnorm', 'bias_scaling': 0.04616118346075944, 'lr': 0.9174645206815777, 'sr': 0.7122598989576099, 'rc_connectivity': 0.013316681518519325, 'learning_rate': 0.01}",ppo,100,linear,0.01,,,,,,
LunarLander-v3,filterbank+esn,5,240,3.1958333333333333,-162.83859296,50.99897431172266,-52.00261702586732,-132.27570538414636,1289,"{'decomposition': 'ema', 'n_filters': 12, 'slowest': 0.007278775282470501, 'input_scaling': 0.4150388723567341, 'bias_dist': 'foldnorm', 'bias_scaling': 0.04616118346075944, 'lr': 0.9174645206815777, 'sr': 0.7122598989576099, 'rc_connectivity': 0.013316681518519325, 'learning_rate': 0.01}",ppo,100,linear,0.01,,,,,,
LunarLander-v3,filterbank+esn,7,240,3.1958333333333333,-654.2258438800001,593.7573401813283,-612.0668139094688,-701.0248585069337,1271,"{'decomposition': 'ema', 'n_filters': 12, 'slowest': 0.007278775282470501, 'input_scaling': 0.4150388723567341, 'bias_dist': 'foldnorm', 'bias_scaling': 0.04616118346075944, 'lr': 0.9174645206815777, 'sr': 0.7122598989576099, 'rc_connectivity': 0.013316681518519325, 'learning_rate': 0.01}",ppo,100,linear,0.01,,,,,,
LunarLander-v3,filterbank+esn,9,240,3.1958333333333333,-114.06390388,27.494539521752365,5.201627708517699,-190.1417674376731,1293,"{'decomposition': 'ema', 'n_filters': 12, 'slowest': 0.007278775282470501, 'input_scaling': 0.4150388723567341, 'bias_dist': 'foldnorm', 'bias_scaling': 0.04616118346075944, 'lr': 0.9174645206815777, 'sr': 0.7122598989576099, 'rc_connectivity': 0.013316681518519325, 'learning_rate': 0.01}",ppo,100,linear,0.01,,,,,,
LunarLander-v3,filterbank+hag,0,240,3.4458333333333333,65.9494512,126.67177612317938,7.476780710153152,94.78139474715908,1317,"{'decomposition': 'ema', 'n_filters': 12, 'slowest': 0.022150628564983305, 'input_scaling': 0.3786189199484331, 'bias_dist': 'foldnorm', 'bias_scaling': 0.029687121836807887, 'lr': 0.7474064946212267, 'weight_increment': 0.0011133132425291139, 'min_window': 19, 'max_window': 43, 'use_full_instance': True, 'max_partners': 20, 'homeostasis': 'mean', 'target': 0.75, 'spread': 0.375, 'learning_rate': 0.0003}",ppo,100,linear,0.0003,,,,,,
LunarLander-v3,filterbank+hag,3,240,3.0791666666666666,61.40207288,145.703398132178,100.2877686418407,196.12226141959337,1304,"{'decomposition': 'ema', 'n_filters': 12, 'slowest': 0.022150628564983305, 'input_scaling': 0.3786189199484331, 'bias_dist': 'foldnorm', 'bias_scaling': 0.029687121836807887, 'lr': 0.7474064946212267, 'weight_increment': 0.0011133132425291139, 'min_window': 19, 'max_window': 43, 'use_full_instance': True, 'max_partners': 20, 'homeostasis': 'mean', 'target': 0.75, 'spread': 0.375, 'learning_rate': 0.0003}",ppo,100,linear,0.0003,,,,,,
LunarLander-v3,filterbank+hag,1,240,3.3041666666666667,-193.63728541999998,50.06289362031165,18.311952512588405,160.22420530878188,1325,"{'decomposition': 'ema', 'n_filters': 12, 'slowest': 0.022150628564983305, 'input_scaling': 0.3786189199484331, 'bias_dist': 'foldnorm', 'bias_scaling': 0.029687121836807887, 'lr': 0.7474064946212267, 'weight_increment': 0.0011133132425291139, 'min_window': 19, 'max_window': 43, 'use_full_instance': True, 'max_partners': 20, 'homeostasis': 'mean', 'target': 0.75, 'spread': 0.375, 'learning_rate': 0.0003}",ppo,100,linear,0.0003,,,,,,
LunarLander-v3,filterbank+hag,2,240,3.45,-226.55850094000002,40.44183181056884,-4.672576464411922,141.91660516414143,1320,"{'decomposition': 'ema', 'n_filters': 12, 'slowest': 0.022150628564983305, 'input_scaling': 0.3786189199484331, 'bias_dist': 'foldnorm', 'bias_scaling': 0.029687121836807887, 'lr': 0.7474064946212267, 'weight_increment': 0.0011133132425291139, 'min_window': 19, 'max_window': 43, 'use_full_instance': True, 'max_partners': 20, 'homeostasis': 'mean', 'target': 0.75, 'spread': 0.375, 'learning_rate': 0.0003}",ppo,100,linear,0.0003,,,,,,
LunarLander-v3,filterbank+hag,5,240,3.175,26.94463402,87.97643345219991,2.2495136649156757,92.5764324930748,1322,"{'decomposition': 'ema', 'n_filters': 12, 'slowest': 0.022150628564983305, 'input_scaling': 0.3786189199484331, 'bias_dist': 'foldnorm', 'bias_scaling': 0.029687121836807887, 'lr': 0.7474064946212267, 'weight_increment': 0.0011133132425291139, 'min_window': 19, 'max_window': 43, 'use_full_instance': True, 'max_partners': 20, 'homeostasis': 'mean', 'target': 0.75, 'spread': 0.375, 'learning_rate': 0.0003}",ppo,100,linear,0.0003,,,,,,
LunarLander-v3,filterbank+hag,6,240,3.654166666666667,52.41844577999999,156.30541693316385,109.96736148617948,211.0838752840909,1318,"{'decomposition': 'ema', 'n_filters': 12, 'slowest': 0.022150628564983305, 'input_scaling': 0.3786189199484331, 'bias_dist': 'foldnorm', 'bias_scaling': 0.029687121836807887, 'lr': 0.7474064946212267, 'weight_increment': 0.0011133132425291139, 'min_window': 19, 'max_window': 43, 'use_full_instance': True, 'max_partners': 20, 'homeostasis': 'mean', 'target': 0.75, 'spread': 0.375, 'learning_rate': 0.0003}",ppo,100,linear,0.0003,,,,,,
LunarLander-v3,filterbank+hag,4,240,3.0875,-61.28586108,36.12307472993008,3.4505812796092803,142.10875445232273,1338,"{'decomposition': 'ema', 'n_filters': 12, 'slowest': 0.022150628564983305, 'input_scaling': 0.3786189199484331, 'bias_dist': 'foldnorm', 'bias_scaling': 0.029687121836807887, 'lr': 0.7474064946212267, 'weight_increment': 0.0011133132425291139, 'min_window': 19, 'max_window': 43, 'use_full_instance': True, 'max_partners': 20, 'homeostasis': 'mean', 'target': 0.75, 'spread': 0.375, 'learning_rate': 0.0003}",ppo,100,linear,0.0003,,,,,,
LunarLander-v3,filterbank+hag,7,240,3.8958333333333335,100.06420336,107.46149767794299,-4.733619557580353,97.26014516962024,1323,"{'decomposition': 'ema', 'n_filters': 12, 'slowest': 0.022150628564983305, 'input_scaling': 0.3786189199484331, 'bias_dist': 'foldnorm', 'bias_scaling': 0.029687121836807887, 'lr': 0.7474064946212267, 'weight_increment': 0.0011133132425291139, 'min_window': 19, 'max_window': 43, 'use_full_instance': True, 'max_partners': 20, 'homeostasis': 'mean', 'target': 0.75, 'spread': 0.375, 'learning_rate': 0.0003}",ppo,100,linear,0.0003,,,,,,
LunarLander-v3,filterbank+hag,8,240,5.108333333333333,-144.7584595,111.37016461854633,-10.01087423046671,88.69613183989502,1296,"{'decomposition': 'ema', 'n_filters': 12, 'slowest': 0.022150628564983305, 'input_scaling': 0.3786189199484331, 'bias_dist': 'foldnorm', 'bias_scaling': 0.029687121836807887, 'lr': 0.7474064946212267, 'weight_increment': 0.0011133132425291139, 'min_window': 19, 'max_window': 43, 'use_full_instance': True, 'max_partners': 20, 'homeostasis': 'mean', 'target': 0.75, 'spread': 0.375, 'learning_rate': 0.0003}",ppo,100,linear,0.0003,,,,,,
LunarLander-v3,filterbank+hag,2,240,3.45,-189.48846538,69.70198378942015,132.26926304928853,134.5455221219008,1271,"{'decomposition': 'ema', 'n_filters': 12, 'slowest': 0.022150628564983305, 'input_scaling': 0.3786189199484331, 'bias_dist': 'foldnorm', 'bias_scaling': 0.029687121836807887, 'lr': 0.7474064946212267, 'weight_increment': 0.0011133132425291139, 'min_window': 19, 'max_window': 43, 'use_full_instance': True, 'max_partners': 20, 'homeostasis': 'mean', 'target': 0.75, 'spread': 0.375, 'learning_rate': 0.001}",ppo,100,linear,0.001,,,,,,
LunarLander-v3,filterbank+hag,1,240,3.3041666666666667,-9134.246664679999,4827.823761945634,129.76883652186837,120.16988880891721,1276,"{'decomposition': 'ema', 'n_filters': 12, 'slowest': 0.022150628564983305, 'input_scaling': 0.3786189199484331, 'bias_dist': 'foldnorm', 'bias_scaling': 0.029687121836807887, 'lr': 0.7474064946212267, 'weight_increment': 0.0011133132425291139, 'min_window': 19, 'max_window': 43, 'use_full_instance': True, 'max_partners': 20, 'homeostasis': 'mean', 'target': 0.75, 'spread': 0.375, 'learning_rate': 0.001}",ppo,100,linear,0.001,,,,,,
LunarLander-v3,filterbank+hag,4,240,3.0875,-81.99978742000002,121.86231509887631,115.68765757354926,128.16458763127412,1272,"{'decomposition': 'ema', 'n_filters': 12, 'slowest': 0.022150628564983305, 'input_scaling': 0.3786189199484331, 'bias_dist': 'foldnorm', 'bias_scaling': 0.029687121836807887, 'lr': 0.7474064946212267, 'weight_increment': 0.0011133132425291139, 'min_window': 19, 'max_window': 43, 'use_full_instance': True, 'max_partners': 20, 'homeostasis': 'mean', 'target': 0.75, 'spread': 0.375, 'learning_rate': 0.001}",ppo,100,linear,0.001,,,,,,
LunarLander-v3,filterbank+hag,3,240,3.0791666666666666,-126.43206255999998,39.84552114878216,116.35828479005167,93.50964770689654,1277,"{'decomposition': 'ema', 'n_filters': 12, 'slowest': 0.022150628564983305, 'input_scaling': 0.3786189199484331, 'bias_dist': 'foldnorm', 'bias_scaling': 0.029687121836807887, 'lr': 0.7474064946212267, 'weight_increment': 0.0011133132425291139, 'min_window': 19, 'max_window': 43, 'use_full_instance': True, 'max_partners': 20, 'homeostasis': 'mean', 'target': 0.75, 'spread': 0.375, 'learning_rate': 0.001}",ppo,100,linear,0.001,,,,,,
LunarLander-v3,filterbank+hag,0,240,3.4458333333333333,-131.0556383,29.62499418835146,141.91479004266668,130.8129332053388,1290,"{'decomposition': 'ema', 'n_filters': 12, 'slowest': 0.022150628564983305, 'input_scaling': 0.3786189199484331, 'bias_dist': 'foldnorm', 'bias_scaling': 0.029687121836807887, 'lr': 0.7474064946212267, 'weight_increment': 0.0011133132425291139, 'min_window': 19, 'max_window': 43, 'use_full_instance': True, 'max_partners': 20, 'homeostasis': 'mean', 'target': 0.75, 'spread': 0.375, 'learning_rate': 0.001}",ppo,100,linear,0.001,,,,,,
LunarLander-v3,filterbank+hag,9,240,4.220833333333333,34.078778559999996,127.93568506066488,-6.965540758889427,85.33498191707316,1309,"{'decomposition': 'ema', 'n_filters': 12, 'slowest': 0.022150628564983305, 'input_scaling': 0.3786189199484331, 'bias_dist': 'foldnorm', 'bias_scaling': 0.029687121836807887, 'lr': 0.7474064946212267, 'weight_increment': 0.0011133132425291139, 'min_window': 19, 'max_window': 43, 'use_full_instance': True, 'max_partners': 20, 'homeostasis': 'mean', 'target': 0.75, 'spread': 0.375, 'learning_rate': 0.0003}",ppo,100,linear,0.0003,,,,,,
LunarLander-v3,filterbank+hag,5,240,3.175,-204.78387524,54.04326668918389,141.68626860278124,141.6018815982143,1276,"{'decomposition': 'ema', 'n_filters': 12, 'slowest': 0.022150628564983305, 'input_scaling': 0.3786189199484331, 'bias_dist': 'foldnorm', 'bias_scaling': 0.029687121836807887, 'lr': 0.7474064946212267, 'weight_increment': 0.0011133132425291139, 'min_window': 19, 'max_window': 43, 'use_full_instance': True, 'max_partners': 20, 'homeostasis': 'mean', 'target': 0.75, 'spread': 0.375, 'learning_rate': 0.001}",ppo,100,linear,0.001,,,,,,
LunarLander-v3,filterbank+hag,7,240,3.8958333333333335,-1379.2061879799999,1951.0532382167273,117.60428632796032,135.43563114078674,1268,"{'decomposition': 'ema', 'n_filters': 12, 'slowest': 0.022150628564983305, 'input_scaling': 0.3786189199484331, 'bias_dist': 'foldnorm', 'bias_scaling': 0.029687121836807887, 'lr': 0.7474064946212267, 'weight_increment': 0.0011133132425291139, 'min_window': 19, 'max_window': 43, 'use_full_instance': True, 'max_partners': 20, 'homeostasis': 'mean', 'target': 0.75, 'spread': 0.375, 'learning_rate': 0.001}",ppo,100,linear,0.001,,,,,,
LunarLander-v3,filterbank+hag,6,240,3.654166666666667,153.98419719999998,140.14715855616436,120.92936160142153,215.2462262410959,1286,"{'decomposition': 'ema', 'n_filters': 12, 'slowest': 0.022150628564983305, 'input_scaling': 0.3786189199484331, 'bias_dist': 'foldnorm', 'bias_scaling': 0.029687121836807887, 'lr': 0.7474064946212267, 'weight_increment': 0.0011133132425291139, 'min_window': 19, 'max_window': 43, 'use_full_instance': True, 'max_partners': 20, 'homeostasis': 'mean', 'target': 0.75, 'spread': 0.375, 'learning_rate': 0.001}",ppo,100,linear,0.001,,,,,,
LunarLander-v3,filterbank+hag,1,240,3.3041666666666667,-122.71451477999999,23.978453726695427,78.95347308160365,-12.631652584045584,1261,"{'decomposition': 'ema', 'n_filters': 12, 'slowest': 0.022150628564983305, 'input_scaling': 0.3786189199484331, 'bias_dist': 'foldnorm', 'bias_scaling': 0.029687121836807887, 'lr': 0.7474064946212267, 'weight_increment': 0.0011133132425291139, 'min_window': 19, 'max_window': 43, 'use_full_instance': True, 'max_partners': 20, 'homeostasis': 'mean', 'target': 0.75, 'spread': 0.375, 'learning_rate': 0.003}",ppo,100,linear,0.003,,,,,,
LunarLander-v3,filterbank+hag,9,240,4.220833333333333,-124.16374603999999,85.20112367418754,142.17700947299684,158.85772717314487,1273,"{'decomposition': 'ema', 'n_filters': 12, 'slowest': 0.022150628564983305, 'input_scaling': 0.3786189199484331, 'bias_dist': 'foldnorm', 'bias_scaling': 0.029687121836807887, 'lr': 0.7474064946212267, 'weight_increment': 0.0011133132425291139, 'min_window': 19, 'max_window': 43, 'use_full_instance': True, 'max_partners': 20, 'homeostasis': 'mean', 'target': 0.75, 'spread': 0.375, 'learning_rate': 0.001}",ppo,100,linear,0.001,,,,,,
LunarLander-v3,filterbank+hag,4,240,3.0875,-112.86640441999998,27.44473466862541,70.62844655799535,2.636858421188625,1258,"{'decomposition': 'ema', 'n_filters': 12, 'slowest': 0.022150628564983305, 'input_scaling': 0.3786189199484331, 'bias_dist': 'foldnorm', 'bias_scaling': 0.029687121836807887, 'lr': 0.7474064946212267, 'weight_increment': 0.0011133132425291139, 'min_window': 19, 'max_window': 43, 'use_full_instance': True, 'max_partners': 20, 'homeostasis': 'mean', 'target': 0.75, 'spread': 0.375, 'learning_rate': 0.003}",ppo,100,linear,0.003,,,,,,
LunarLander-v3,filterbank+hag,0,240,3.4458333333333333,-127.6545737,21.997307194304806,58.436116519008266,-2.4110427615894046,1273,"{'decomposition': 'ema', 'n_filters': 12, 'slowest': 0.022150628564983305, 'input_scaling': 0.3786189199484331, 'bias_dist': 'foldnorm', 'bias_scaling': 0.029687121836807887, 'lr': 0.7474064946212267, 'weight_increment': 0.0011133132425291139, 'min_window': 19, 'max_window': 43, 'use_full_instance': True, 'max_partners': 20, 'homeostasis': 'mean', 'target': 0.75, 'spread': 0.375, 'learning_rate': 0.003}",ppo,100,linear,0.003,,,,,,
LunarLander-v3,filterbank+hag,5,240,3.175,-60.0531144,30.33754374326547,148.96497461515602,127.18265034819532,1256,"{'decomposition': 'ema', 'n_filters': 12, 'slowest': 0.022150628564983305, 'input_scaling': 0.3786189199484331, 'bias_dist': 'foldnorm', 'bias_scaling': 0.029687121836807887, 'lr': 0.7474064946212267, 'weight_increment': 0.0011133132425291139, 'min_window': 19, 'max_window': 43, 'use_full_instance': True, 'max_partners': 20, 'homeostasis': 'mean', 'target': 0.75, 'spread': 0.375, 'learning_rate': 0.003}",ppo,100,linear,0.003,,,,,,
LunarLander-v3,filterbank+hag,3,240,3.0791666666666666,-5814.95337626,5220.82091220555,104.09604508461732,61.2769614,1273,"{'decomposition': 'ema', 'n_filters': 12, 'slowest': 0.022150628564983305, 'input_scaling': 0.3786189199484331, 'bias_dist': 'foldnorm', 'bias_scaling': 0.029687121836807887, 'lr': 0.7474064946212267, 'weight_increment': 0.0011133132425291139, 'min_window': 19, 'max_window': 43, 'use_full_instance': True, 'max_partners': 20, 'homeostasis': 'mean', 'target': 0.75, 'spread': 0.375, 'learning_rate': 0.003}",ppo,100,linear,0.003,,,,,,
LunarLander-v3,filterbank+hag,2,240,3.45,-113.90140696,73.67197631945814,96.20150148882016,27.107125971428566,1274,"{'decomposition': 'ema', 'n_filters': 12, 'slowest': 0.022150628564983305, 'input_scaling': 0.3786189199484331, 'bias_dist': 'foldnorm', 'bias_scaling': 0.029687121836807887, 'lr': 0.7474064946212267, 'weight_increment': 0.0011133132425291139, 'min_window': 19, 'max_window': 43, 'use_full_instance': True, 'max_partners': 20, 'homeostasis': 'mean', 'target': 0.75, 'spread': 0.375, 'learning_rate': 0.003}",ppo,100,linear,0.003,,,,,,
LunarLander-v3,filterbank+hag,2,240,3.45,-50.19276714000001,28.17695296302994,-7.901491370218976,9.475604090643271,1240,"{'decomposition': 'ema', 'n_filters': 12, 'slowest': 0.022150628564983305, 'input_scaling': 0.3786189199484331, 'bias_dist': 'foldnorm', 'bias_scaling': 0.029687121836807887, 'lr': 0.7474064946212267, 'weight_increment': 0.0011133132425291139, 'min_window': 19, 'max_window': 43, 'use_full_instance': True, 'max_partners': 20, 'homeostasis': 'mean', 'target': 0.75, 'spread': 0.375, 'learning_rate': 0.01}",ppo,100,linear,0.01,,,,,,
LunarLander-v3,filterbank+hag,7,240,3.8958333333333335,-90.7533043,19.988934733000058,48.70488077500692,18.688983797222225,1263,"{'decomposition': 'ema', 'n_filters': 12, 'slowest': 0.022150628564983305, 'input_scaling': 0.3786189199484331, 'bias_dist': 'foldnorm', 'bias_scaling': 0.029687121836807887, 'lr': 0.7474064946212267, 'weight_increment': 0.0011133132425291139, 'min_window': 19, 'max_window': 43, 'use_full_instance': True, 'max_partners': 20, 'homeostasis': 'mean', 'target': 0.75, 'spread': 0.375, 'learning_rate': 0.003}",ppo,100,linear,0.003,,,,,,
LunarLander-v3,filterbank+hag,8,240,5.108333333333333,121.42329670000001,69.7402272519998,53.30058047824654,113.92686837953796,1320,"{'decomposition': 'ema', 'n_filters': 12, 'slowest': 0.022150628564983305, 'input_scaling': 0.3786189199484331, 'bias_dist': 'foldnorm', 'bias_scaling': 0.029687121836807887, 'lr': 0.7474064946212267, 'weight_increment': 0.0011133132425291139, 'min_window': 19, 'max_window': 43, 'use_full_instance': True, 'max_partners': 20, 'homeostasis': 'mean', 'target': 0.75, 'spread': 0.375, 'learning_rate': 0.001}",ppo,100,linear,0.001,,,,,,
LunarLander-v3,filterbank+hag,0,240,3.4458333333333333,-115.71437726,25.14351297994285,-11.450056595422417,-59.683683417508426,1264,"{'decomposition': 'ema', 'n_filters': 12, 'slowest': 0.022150628564983305, 'input_scaling': 0.3786189199484331, 'bias_dist': 'foldnorm', 'bias_scaling': 0.029687121836807887, 'lr': 0.7474064946212267, 'weight_increment': 0.0011133132425291139, 'min_window': 19, 'max_window': 43, 'use_full_instance': True, 'max_partners': 20, 'homeostasis': 'mean', 'target': 0.75, 'spread': 0.375, 'learning_rate': 0.01}",ppo,100,linear,0.01,,,,,,
LunarLander-v3,filterbank+hag,6,240,3.654166666666667,-35.290994659999996,40.85954389389935,87.04399669275628,77.4334780923077,1279,"{'decomposition': 'ema', 'n_filters': 12, 'slowest': 0.022150628564983305, 'input_scaling': 0.3786189199484331, 'bias_dist': 'foldnorm', 'bias_scaling': 0.029687121836807887, 'lr': 0.7474064946212267, 'weight_increment': 0.0011133132425291139, 'min_window': 19, 'max_window': 43, 'use_full_instance': True, 'max_partners': 20, 'homeostasis': 'mean', 'target': 0.75, 'spread': 0.375, 'learning_rate': 0.003}",ppo,100,linear,0.003,,,,,,
LunarLander-v3,filterbank+hag,9,240,4.220833333333333,-144.50416148,56.8770479130361,103.93424730078223,48.41159855555555,1271,"{'decomposition': 'ema', 'n_filters': 12, 'slowest': 0.022150628564983305, 'input_scaling': 0.3786189199484331, 'bias_dist': 'foldnorm', 'bias_scaling': 0.029687121836807887, 'lr': 0.7474064946212267, 'weight_increment': 0.0011133132425291139, 'min_window': 19, 'max_window': 43, 'use_full_instance': True, 'max_partners': 20, 'homeostasis': 'mean', 'target': 0.75, 'spread': 0.375, 'learning_rate': 0.003}",ppo,100,linear,0.003,,,,,,
LunarLander-v3,filterbank+hag,1,240,3.3041666666666667,-140.14377648,32.94332243188491,-76.41497220494018,-65.6411841930502,1277,"{'decomposition': 'ema', 'n_filters': 12, 'slowest': 0.022150628564983305, 'input_scaling': 0.3786189199484331, 'bias_dist': 'foldnorm', 'bias_scaling': 0.029687121836807887, 'lr': 0.7474064946212267, 'weight_increment': 0.0011133132425291139, 'min_window': 19, 'max_window': 43, 'use_full_instance': True, 'max_partners': 20, 'homeostasis': 'mean', 'target': 0.75, 'spread': 0.375, 'learning_rate': 0.01}",ppo,100,linear,0.01,,,,,,
LunarLander-v3,filterbank+hag,4,240,3.0875,-38.559004560000005,46.73624370377573,6.147513509385935,-62.46987815605096,1259,"{'decomposition': 'ema', 'n_filters': 12, 'slowest': 0.022150628564983305, 'input_scaling': 0.3786189199484331, 'bias_dist': 'foldnorm', 'bias_scaling': 0.029687121836807887, 'lr': 0.7474064946212267, 'weight_increment': 0.0011133132425291139, 'min_window': 19, 'max_window': 43, 'use_full_instance': True, 'max_partners': 20, 'homeostasis': 'mean', 'target': 0.75, 'spread': 0.375, 'learning_rate': 0.01}",ppo,100,linear,0.01,,,,,,
LunarLander-v3,filterbank+hag,3,240,3.0791666666666666,-69.45836818,23.325372987324844,44.0862985871497,-68.50032822260275,1269,"{'decomposition': 'ema', 'n_filters': 12, 'slowest': 0.022150628564983305, 'input_scaling': 0.3786189199484331, 'bias_dist': 'foldnorm', 'bias_scaling': 0.029687121836807887, 'lr': 0.7474064946212267, 'weight_increment': 0.0011133132425291139, 'min_window': 19, 'max_window': 43, 'use_full_instance': True, 'max_partners': 20, 'homeostasis': 'mean', 'target': 0.75, 'spread': 0.375, 'learning_rate': 0.01}",ppo,100,linear,0.01,,,,,,
LunarLander-v3,filterbank+hag,8,240,5.108333333333333,19.157839639999995,136.44182729557178,73.25012371277718,93.97629682042255,1311,"{'decomposition': 'ema', 'n_filters': 12, 'slowest': 0.022150628564983305, 'input_scaling': 0.3786189199484331, 'bias_dist': 'foldnorm', 'bias_scaling': 0.029687121836807887, 'lr': 0.7474064946212267, 'weight_increment': 0.0011133132425291139, 'min_window': 19, 'max_window': 43, 'use_full_instance': True, 'max_partners': 20, 'homeostasis': 'mean', 'target': 0.75, 'spread': 0.375, 'learning_rate': 0.003}",ppo,100,linear,0.003,,,,,,
LunarLander-v3,filterbank+hag,5,240,3.175,-232.16644516,34.71532462451003,6.081975507875043,-79.01647194573644,1271,"{'decomposition': 'ema', 'n_filters': 12, 'slowest': 0.022150628564983305, 'input_scaling': 0.3786189199484331, 'bias_dist': 'foldnorm', 'bias_scaling': 0.029687121836807887, 'lr': 0.7474064946212267, 'weight_increment': 0.0011133132425291139, 'min_window': 19, 'max_window': 43, 'use_full_instance': True, 'max_partners': 20, 'homeostasis': 'mean', 'target': 0.75, 'spread': 0.375, 'learning_rate': 0.01}",ppo,100,linear,0.01,,,,,,
LunarLander-v3,filterbank+hag,8,240,5.108333333333333,-123.11136396,50.3777693135743,-56.433516777511144,-106.4050904467354,1265,"{'decomposition': 'ema', 'n_filters': 12, 'slowest': 0.022150628564983305, 'input_scaling': 0.3786189199484331, 'bias_dist': 'foldnorm', 'bias_scaling': 0.029687121836807887, 'lr': 0.7474064946212267, 'weight_increment': 0.0011133132425291139, 'min_window': 19, 'max_window': 43, 'use_full_instance': True, 'max_partners': 20, 'homeostasis': 'mean', 'target': 0.75, 'spread': 0.375, 'learning_rate': 0.01}",ppo,100,linear,0.01,,,,,,
LunarLander-v3,filterbank+hag,9,240,4.220833333333333,178.09575523999996,59.227288931084686,92.0808201658744,195.89681030075187,1268,"{'decomposition': 'ema', 'n_filters': 12, 'slowest': 0.022150628564983305, 'input_scaling': 0.3786189199484331, 'bias_dist': 'foldnorm', 'bias_scaling': 0.029687121836807887, 'lr': 0.7474064946212267, 'weight_increment': 0.0011133132425291139, 'min_window': 19, 'max_window': 43, 'use_full_instance': True, 'max_partners': 20, 'homeostasis': 'mean', 'target': 0.75, 'spread': 0.375, 'learning_rate': 0.01}",ppo,100,linear,0.01,,,,,,
LunarLander-v3,filterbank+hag,6,240,3.654166666666667,-70.76556594,30.640109783808413,-32.78544565264958,-38.894458339041094,1275,"{'decomposition': 'ema', 'n_filters': 12, 'slowest': 0.022150628564983305, 'input_scaling': 0.3786189199484331, 'bias_dist': 'foldnorm', 'bias_scaling': 0.029687121836807887, 'lr': 0.7474064946212267, 'weight_increment': 0.0011133132425291139, 'min_window': 19, 'max_window': 43, 'use_full_instance': True, 'max_partners': 20, 'homeostasis': 'mean', 'target': 0.75, 'spread': 0.375, 'learning_rate': 0.01}",ppo,100,linear,0.01,,,,,,
LunarLander-v3,filterbank+hag,7,240,3.8958333333333335,-316.80146898,132.56224511845292,-595.5542091177114,-326.21528722319476,1269,"{'decomposition': 'ema', 'n_filters': 12, 'slowest': 0.022150628564983305, 'input_scaling': 0.3786189199484331, 'bias_dist': 'foldnorm', 'bias_scaling': 0.029687121836807887, 'lr': 0.7474064946212267, 'weight_increment': 0.0011133132425291139, 'min_window': 19, 'max_window': 43, 'use_full_instance': True, 'max_partners': 20, 'homeostasis': 'mean', 'target': 0.75, 'spread': 0.375, 'learning_rate': 0.01}",ppo,100,linear,0.01,,,,,,
LunarLander-v3,filterbank+proj,0,240,0.0,80.87674931999999,148.9859949649079,98.39025507263962,198.45501111526477,1271,"{'decomposition': 'ema', 'n_filters': 12, 'slowest': 0.022150628564983305, 'input_scaling': 0.3786189199484331, 'bias_dist': 'foldnorm', 'bias_scaling': 0.029687121836807887, 'lr': 0.7474064946212267, 'weight_increment': 0.0011133132425291139, 'min_window': 19, 'max_window': 43, 'use_full_instance': True, 'max_partners': 20, 'homeostasis': 'mean', 'target': 0.75, 'spread': 0.375, 'learning_rate': 0.0003}",ppo,100,linear,0.0003,,,,,,
LunarLander-v3,filterbank+proj,1,240,0.0,180.47534833999998,108.4463057408484,81.76605782297551,208.7917976016772,1303,"{'decomposition': 'ema', 'n_filters': 12, 'slowest': 0.022150628564983305, 'input_scaling': 0.3786189199484331, 'bias_dist': 'foldnorm', 'bias_scaling': 0.029687121836807887, 'lr': 0.7474064946212267, 'weight_increment': 0.0011133132425291139, 'min_window': 19, 'max_window': 43, 'use_full_instance': True, 'max_partners': 20, 'homeostasis': 'mean', 'target': 0.75, 'spread': 0.375, 'learning_rate': 0.0003}",ppo,100,linear,0.0003,,,,,,
LunarLander-v3,filterbank+proj,4,240,0.0,43.367396799999995,116.62035162145445,-16.85988573016702,77.30055058746736,1295,"{'decomposition': 'ema', 'n_filters': 12, 'slowest': 0.022150628564983305, 'input_scaling': 0.3786189199484331, 'bias_dist': 'foldnorm', 'bias_scaling': 0.029687121836807887, 'lr': 0.7474064946212267, 'weight_increment': 0.0011133132425291139, 'min_window': 19, 'max_window': 43, 'use_full_instance': True, 'max_partners': 20, 'homeostasis': 'mean', 'target': 0.75, 'spread': 0.375, 'learning_rate': 0.0003}",ppo,100,linear,0.0003,,,,,,
LunarLander-v3,filterbank+proj,2,240,0.0,-162.80747599999998,63.11875379905663,-21.84350000232979,59.23565869948187,1307,"{'decomposition': 'ema', 'n_filters': 12, 'slowest': 0.022150628564983305, 'input_scaling': 0.3786189199484331, 'bias_dist': 'foldnorm', 'bias_scaling': 0.029687121836807887, 'lr': 0.7474064946212267, 'weight_increment': 0.0011133132425291139, 'min_window': 19, 'max_window': 43, 'use_full_instance': True, 'max_partners': 20, 'homeostasis': 'mean', 'target': 0.75, 'spread': 0.375, 'learning_rate': 0.0003}",ppo,100,linear,0.0003,,,,,,
LunarLander-v3,filterbank+proj,3,240,0.0,-97.23696246000002,109.1904202427728,3.319161187234041,86.76898446010638,1305,"{'decomposition': 'ema', 'n_filters': 12, 'slowest': 0.022150628564983305, 'input_scaling': 0.3786189199484331, 'bias_dist': 'foldnorm', 'bias_scaling': 0.029687121836807887, 'lr': 0.7474064946212267, 'weight_increment': 0.0011133132425291139, 'min_window': 19, 'max_window': 43, 'use_full_instance': True, 'max_partners': 20, 'homeostasis': 'mean', 'target': 0.75, 'spread': 0.375, 'learning_rate': 0.0003}",ppo,100,linear,0.0003,,,,,,
LunarLander-v3,filterbank+proj,6,240,0.0,83.35214760000001,90.65661728334872,22.87955793442127,93.59308902121212,1314,"{'decomposition': 'ema', 'n_filters': 12, 'slowest': 0.022150628564983305, 'input_scaling': 0.3786189199484331, 'bias_dist': 'foldnorm', 'bias_scaling': 0.029687121836807887, 'lr': 0.7474064946212267, 'weight_increment': 0.0011133132425291139, 'min_window': 19, 'max_window': 43, 'use_full_instance': True, 'max_partners': 20, 'homeostasis': 'mean', 'target': 0.75, 'spread': 0.375, 'learning_rate': 0.0003}",ppo,100,linear,0.0003,,,,,,
LunarLander-v3,filterbank+proj,5,240,0.0,42.56825593999999,140.1880633201531,29.129527029370628,200.29563244988344,1324,"{'decomposition': 'ema', 'n_filters': 12, 'slowest': 0.022150628564983305, 'input_scaling': 0.3786189199484331, 'bias_dist': 'foldnorm', 'bias_scaling': 0.029687121836807887, 'lr': 0.7474064946212267, 'weight_increment': 0.0011133132425291139, 'min_window': 19, 'max_window': 43, 'use_full_instance': True, 'max_partners': 20, 'homeostasis': 'mean', 'target': 0.75, 'spread': 0.375, 'learning_rate': 0.0003}",ppo,100,linear,0.0003,,,,,,
LunarLander-v3,filterbank+proj,7,240,0.0,35.10841497999999,116.5807651314227,-12.7954651135639,102.11081164373464,1336,"{'decomposition': 'ema', 'n_filters': 12, 'slowest': 0.022150628564983305, 'input_scaling': 0.3786189199484331, 'bias_dist': 'foldnorm', 'bias_scaling': 0.029687121836807887, 'lr': 0.7474064946212267, 'weight_increment': 0.0011133132425291139, 'min_window': 19, 'max_window': 43, 'use_full_instance': True, 'max_partners': 20, 'homeostasis': 'mean', 'target': 0.75, 'spread': 0.375, 'learning_rate': 0.0003}",ppo,100,linear,0.0003,,,,,,
LunarLander-v3,filterbank+proj,1,240,0.0,45.646935019999994,134.0248440617941,126.11358144173731,129.86756343008474,1290,"{'decomposition': 'ema', 'n_filters': 12, 'slowest': 0.022150628564983305, 'input_scaling': 0.3786189199484331, 'bias_dist': 'foldnorm', 'bias_scaling': 0.029687121836807887, 'lr': 0.7474064946212267, 'weight_increment': 0.0011133132425291139, 'min_window': 19, 'max_window': 43, 'use_full_instance': True, 'max_partners': 20, 'homeostasis': 'mean', 'target': 0.75, 'spread': 0.375, 'learning_rate': 0.001}",ppo,100,linear,0.001,,,,,,
LunarLander-v3,filterbank+proj,9,240,0.0,-160.90755016,51.25571811836058,-22.671220392615837,78.94549466666666,1312,"{'decomposition': 'ema', 'n_filters': 12, 'slowest': 0.022150628564983305, 'input_scaling': 0.3786189199484331, 'bias_dist': 'foldnorm', 'bias_scaling': 0.029687121836807887, 'lr': 0.7474064946212267, 'weight_increment': 0.0011133132425291139, 'min_window': 19, 'max_window': 43, 'use_full_instance': True, 'max_partners': 20, 'homeostasis': 'mean', 'target': 0.75, 'spread': 0.375, 'learning_rate': 0.0003}",ppo,100,linear,0.0003,,,,,,
LunarLander-v3,filterbank+proj,8,240,0.0,51.50622576000001,81.70140300571202,1.7235532622867316,84.61163201275511,1323,"{'decomposition': 'ema', 'n_filters': 12, 'slowest': 0.022150628564983305, 'input_scaling': 0.3786189199484331, 'bias_dist': 'foldnorm', 'bias_scaling': 0.029687121836807887, 'lr': 0.7474064946212267, 'weight_increment': 0.0011133132425291139, 'min_window': 19, 'max_window': 43, 'use_full_instance': True, 'max_partners': 20, 'homeostasis': 'mean', 'target': 0.75, 'spread': 0.375, 'learning_rate': 0.0003}",ppo,100,linear,0.0003,,,,,,
LunarLander-v3,filterbank+proj,2,240,0.0,-832.64585876,1430.7107377926295,97.82680424869926,154.54624643333335,1296,"{'decomposition': 'ema', 'n_filters': 12, 'slowest': 0.022150628564983305, 'input_scaling': 0.3786189199484331, 'bias_dist': 'foldnorm', 'bias_scaling': 0.029687121836807887, 'lr': 0.7474064946212267, 'weight_increment': 0.0011133132425291139, 'min_window': 19, 'max_window': 43, 'use_full_instance': True, 'max_partners': 20, 'homeostasis': 'mean', 'target': 0.75, 'spread': 0.375, 'learning_rate': 0.001}",ppo,100,linear,0.001,,,,,,
LunarLander-v3,filterbank+proj,0,240,0.0,219.9088267,74.76887911740421,116.55157584466019,226.93321481889768,1317,"{'decomposition': 'ema', 'n_filters': 12, 'slowest': 0.022150628564983305, 'input_scaling': 0.3786189199484331, 'bias_dist': 'foldnorm', 'bias_scaling': 0.029687121836807887, 'lr': 0.7474064946212267, 'weight_increment': 0.0011133132425291139, 'min_window': 19, 'max_window': 43, 'use_full_instance': True, 'max_partners': 20, 'homeostasis': 'mean', 'target': 0.75, 'spread': 0.375, 'learning_rate': 0.001}",ppo,100,linear,0.001,,,,,,
LunarLander-v3,filterbank+proj,3,240,0.0,-182.00581744,61.01022714994898,129.26568524475667,152.78990349490834,1302,"{'decomposition': 'ema', 'n_filters': 12, 'slowest': 0.022150628564983305, 'input_scaling': 0.3786189199484331, 'bias_dist': 'foldnorm', 'bias_scaling': 0.029687121836807887, 'lr': 0.7474064946212267, 'weight_increment': 0.0011133132425291139, 'min_window': 19, 'max_window': 43, 'use_full_instance': True, 'max_partners': 20, 'homeostasis': 'mean', 'target': 0.75, 'spread': 0.375, 'learning_rate': 0.001}",ppo,100,linear,0.001,,,,,,
LunarLander-v3,filterbank+proj,4,240,0.0,65.06377532,147.01964766346276,105.92970447353825,180.46306119675924,1316,"{'decomposition': 'ema', 'n_filters': 12, 'slowest': 0.022150628564983305, 'input_scaling': 0.3786189199484331, 'bias_dist': 'foldnorm', 'bias_scaling': 0.029687121836807887, 'lr': 0.7474064946212267, 'weight_increment': 0.0011133132425291139, 'min_window': 19, 'max_window': 43, 'use_full_instance': True, 'max_partners': 20, 'homeostasis': 'mean', 'target': 0.75, 'spread': 0.375, 'learning_rate': 0.001}",ppo,100,linear,0.001,,,,,,
LunarLander-v3,filterbank+proj,5,240,0.0,-130.91687038,88.0401523504163,125.68456085266396,144.025105522158,1292,"{'decomposition': 'ema', 'n_filters': 12, 'slowest': 0.022150628564983305, 'input_scaling': 0.3786189199484331, 'bias_dist': 'foldnorm', 'bias_scaling': 0.029687121836807887, 'lr': 0.7474064946212267, 'weight_increment': 0.0011133132425291139, 'min_window': 19, 'max_window': 43, 'use_full_instance': True, 'max_partners': 20, 'homeostasis': 'mean', 'target': 0.75, 'spread': 0.375, 'learning_rate': 0.001}",ppo,100,linear,0.001,,,,,,
LunarLander-v3,filterbank+esn,8,240,3.1958333333333333,-185.99779525999998,80.54589766772426,-230.83530136042245,-183.22920670261257,976,"{'decomposition': 'ema', 'n_filters': 12, 'slowest': 0.007278775282470501, 'input_scaling': 0.4150388723567341, 'bias_dist': 'foldnorm', 'bias_scaling': 0.04616118346075944, 'lr': 0.9174645206815777, 'sr': 0.7122598989576099, 'rc_connectivity': 0.013316681518519325, 'learning_rate': 0.0001}",dqn,100,linear,0.0001,,,,,,
LunarLander-v3,filterbank+esn,0,240,3.1958333333333333,-146.35048537999998,63.792004834410605,-191.66004845532316,-180.4207181503268,1010,"{'decomposition': 'ema', 'n_filters': 12, 'slowest': 0.007278775282470501, 'input_scaling': 0.4150388723567341, 'bias_dist': 'foldnorm', 'bias_scaling': 0.04616118346075944, 'lr': 0.9174645206815777, 'sr': 0.7122598989576099, 'rc_connectivity': 0.013316681518519325, 'learning_rate': 0.0001}",dqn,100,linear,0.0001,,,,,,
LunarLander-v3,filterbank+esn,4,240,3.1958333333333333,-213.79607558,128.02140214384133,-228.12939545646964,-215.72064147894736,997,"{'decomposition': 'ema', 'n_filters': 12, 'slowest': 0.007278775282470501, 'input_scaling': 0.4150388723567341, 'bias_dist': 'foldnorm', 'bias_scaling': 0.04616118346075944, 'lr': 0.9174645206815777, 'sr': 0.7122598989576099, 'rc_connectivity': 0.013316681518519325, 'learning_rate': 0.0001}",dqn,100,linear,0.0001,,,,,,
LunarLander-v3,filterbank+esn,3,240,3.1958333333333333,-333.98071554,117.32239337360262,-276.05021029978803,-248.72831082567726,1000,"{'decomposition': 'ema', 'n_filters': 12, 'slowest': 0.007278775282470501, 'input_scaling': 0.4150388723567341, 'bias_dist': 'foldnorm', 'bias_scaling': 0.04616118346075944, 'lr': 0.9174645206815777, 'sr': 0.7122598989576099, 'rc_connectivity': 0.013316681518519325, 'learning_rate': 0.0001}",dqn,100,linear,0.0001,,,,,,
LunarLander-v3,filterbank+esn,1,240,3.1958333333333333,-190.03793131999998,75.50084825144484,-211.28309718989414,-199.81662060269164,1009,"{'decomposition': 'ema', 'n_filters': 12, 'slowest': 0.007278775282470501, 'input_scaling': 0.4150388723567341, 'bias_dist': 'foldnorm', 'bias_scaling': 0.04616118346075944, 'lr': 0.9174645206815777, 'sr': 0.7122598989576099, 'rc_connectivity': 0.013316681518519325, 'learning_rate': 0.0001}",dqn,100,linear,0.0001,,,,,,
LunarLander-v3,filterbank+esn,5,240,3.1958333333333333,-173.6879118,91.9731137270806,-203.69678663079242,-166.30632862688364,999,"{'decomposition': 'ema', 'n_filters': 12, 'slowest': 0.007278775282470501, 'input_scaling': 0.4150388723567341, 'bias_dist': 'foldnorm', 'bias_scaling': 0.04616118346075944, 'lr': 0.9174645206815777, 'sr': 0.7122598989576099, 'rc_connectivity': 0.013316681518519325, 'learning_rate': 0.0001}",dqn,100,linear,0.0001,,,,,,
LunarLander-v3,filterbank+esn,2,240,3.1958333333333333,-252.50736107999998,112.34226187499023,-213.47038428952442,-190.3057659553473,1011,"{'decomposition': 'ema', 'n_filters': 12, 'slowest': 0.007278775282470501, 'input_scaling': 0.4150388723567341, 'bias_dist': 'foldnorm', 'bias_scaling': 0.04616118346075944, 'lr': 0.9174645206815777, 'sr': 0.7122598989576099, 'rc_connectivity': 0.013316681518519325, 'learning_rate': 0.0001}",dqn,100,linear,0.0001,,,,,,
LunarLander-v3,filterbank+esn,6,240,3.1958333333333333,-165.34277203999997,55.88626572572267,-205.84626952734442,-164.0437818983898,1009,"{'decomposition': 'ema', 'n_filters': 12, 'slowest': 0.007278775282470501, 'input_scaling': 0.4150388723567341, 'bias_dist': 'foldnorm', 'bias_scaling': 0.04616118346075944, 'lr': 0.9174645206815777, 'sr': 0.7122598989576099, 'rc_connectivity': 0.013316681518519325, 'learning_rate': 0.0001}",dqn,100,linear,0.0001,,,,,,
LunarLander-v3,filterbank+esn,7,240,3.1958333333333333,-165.92139998,62.26637650431342,-185.23585793890948,-163.99159138945006,1012,"{'decomposition': 'ema', 'n_filters': 12, 'slowest': 0.007278775282470501, 'input_scaling': 0.4150388723567341, 'bias_dist': 'foldnorm', 'bias_scaling': 0.04616118346075944, 'lr': 0.9174645206815777, 'sr': 0.7122598989576099, 'rc_connectivity': 0.013316681518519325, 'learning_rate': 0.0001}",dqn,100,linear,0.0001,,,,,,
LunarLander-v3,filterbank+proj,6,240,0.0,-8583.57551098,5064.652506414912,123.80609106786704,84.15430626558891,1273,"{'decomposition': 'ema', 'n_filters': 12, 'slowest': 0.022150628564983305, 'input_scaling': 0.3786189199484331, 'bias_dist': 'foldnorm', 'bias_scaling': 0.029687121836807887, 'lr': 0.7474064946212267, 'weight_increment': 0.0011133132425291139, 'min_window': 19, 'max_window': 43, 'use_full_instance': True, 'max_partners': 20, 'homeostasis': 'mean', 'target': 0.75, 'spread': 0.375, 'learning_rate': 0.001}",ppo,100,linear,0.001,,,,,,
LunarLander-v3,filterbank+esn,0,240,3.1958333333333333,-176.94000166,51.45979475426686,-178.79920845985575,-168.19903347272725,999,"{'decomposition': 'ema', 'n_filters': 12, 'slowest': 0.007278775282470501, 'input_scaling': 0.4150388723567341, 'bias_dist': 'foldnorm', 'bias_scaling': 0.04616118346075944, 'lr': 0.9174645206815777, 'sr': 0.7122598989576099, 'rc_connectivity': 0.013316681518519325, 'learning_rate': 0.0003}",dqn,100,linear,0.0003,,,,,,
LunarLander-v3,filterbank+esn,2,240,3.1958333333333333,-150.94303879999998,87.04929070071944,-194.84613930898382,-160.45341600110135,997,"{'decomposition': 'ema', 'n_filters': 12, 'slowest': 0.007278775282470501, 'input_scaling': 0.4150388723567341, 'bias_dist': 'foldnorm', 'bias_scaling': 0.04616118346075944, 'lr': 0.9174645206815777, 'sr': 0.7122598989576099, 'rc_connectivity': 0.013316681518519325, 'learning_rate': 0.0003}",dqn,100,linear,0.0003,,,,,,
LunarLander-v3,filterbank+esn,9,240,3.1958333333333333,-232.08041762000002,133.15153183232874,-236.87216475819403,-238.75564544516828,1011,"{'decomposition': 'ema', 'n_filters': 12, 'slowest': 0.007278775282470501, 'input_scaling': 0.4150388723567341, 'bias_dist': 'foldnorm', 'bias_scaling': 0.04616118346075944, 'lr': 0.9174645206815777, 'sr': 0.7122598989576099, 'rc_connectivity': 0.013316681518519325, 'learning_rate': 0.0001}",dqn,100,linear,0.0001,,,,,,
LunarLander-v3,filterbank+esn,1,240,3.1958333333333333,-208.29008474,89.68787414418325,-194.6529575139248,-188.78576465511162,1015,"{'decomposition': 'ema', 'n_filters': 12, 'slowest': 0.007278775282470501, 'input_scaling': 0.4150388723567341, 'bias_dist': 'foldnorm', 'bias_scaling': 0.04616118346075944, 'lr': 0.9174645206815777, 'sr': 0.7122598989576099, 'rc_connectivity': 0.013316681518519325, 'learning_rate': 0.0003}",dqn,100,linear,0.0003,,,,,,
LunarLander-v3,filterbank+esn,3,240,3.1958333333333333,-176.3125162,69.8339126661722,-212.63481143987576,-166.74503134810126,1003,"{'decomposition': 'ema', 'n_filters': 12, 'slowest': 0.007278775282470501, 'input_scaling': 0.4150388723567341, 'bias_dist': 'foldnorm', 'bias_scaling': 0.04616118346075944, 'lr': 0.9174645206815777, 'sr': 0.7122598989576099, 'rc_connectivity': 0.013316681518519325, 'learning_rate': 0.0003}",dqn,100,linear,0.0003,,,,,,
LunarLander-v3,filterbank+esn,4,240,3.1958333333333333,-216.84533206000003,115.435626826334,-222.0230987321931,-195.82583840872562,1015,"{'decomposition': 'ema', 'n_filters': 12, 'slowest': 0.007278775282470501, 'input_scaling': 0.4150388723567341, 'bias_dist': 'foldnorm', 'bias_scaling': 0.04616118346075944, 'lr': 0.9174645206815777, 'sr': 0.7122598989576099, 'rc_connectivity': 0.013316681518519325, 'learning_rate': 0.0003}",dqn,100,linear,0.0003,,,,,,
LunarLander-v3,filterbank+proj,7,240,0.0,-7696.4363258799995,4599.58903602696,116.13028093766715,122.36674457201644,1259,"{'decomposition': 'ema', 'n_filters': 12, 'slowest': 0.022150628564983305, 'input_scaling': 0.3786189199484331, 'bias_dist': 'foldnorm', 'bias_scaling': 0.029687121836807887, 'lr': 0.7474064946212267, 'weight_increment': 0.0011133132425291139, 'min_window': 19, 'max_window': 43, 'use_full_instance': True, 'max_partners': 20, 'homeostasis': 'mean', 'target': 0.75, 'spread': 0.375, 'learning_rate': 0.001}",ppo,100,linear,0.001,,,,,,
LunarLander-v3,filterbank+esn,6,240,3.1958333333333333,-128.46464830000002,55.170680407067564,-190.4112078420146,-148.1974165203906,1003,"{'decomposition': 'ema', 'n_filters': 12, 'slowest': 0.007278775282470501, 'input_scaling': 0.4150388723567341, 'bias_dist': 'foldnorm', 'bias_scaling': 0.04616118346075944, 'lr': 0.9174645206815777, 'sr': 0.7122598989576099, 'rc_connectivity': 0.013316681518519325, 'learning_rate': 0.0003}",dqn,100,linear,0.0003,,,,,,
LunarLander-v3,filterbank+proj,0,240,0.0,-190.96255589999998,55.897326102287735,89.66832003023188,-12.663191785294119,1271,"{'decomposition': 'ema', 'n_filters': 12, 'slowest': 0.022150628564983305, 'input_scaling': 0.3786189199484331, 'bias_dist': 'foldnorm', 'bias_scaling': 0.029687121836807887, 'lr': 0.7474064946212267, 'weight_increment': 0.0011133132425291139, 'min_window': 19, 'max_window': 43, 'use_full_instance': True, 'max_partners': 20, 'homeostasis': 'mean', 'target': 0.75, 'spread': 0.375, 'learning_rate': 0.003}",ppo,100,linear,0.003,,,,,,
LunarLander-v3,filterbank+proj,9,240,0.0,-200.2924182,68.52809512367938,130.26189073792068,159.2144139366667,1279,"{'decomposition': 'ema', 'n_filters': 12, 'slowest': 0.022150628564983305, 'input_scaling': 0.3786189199484331, 'bias_dist': 'foldnorm', 'bias_scaling': 0.029687121836807887, 'lr': 0.7474064946212267, 'weight_increment': 0.0011133132425291139, 'min_window': 19, 'max_window': 43, 'use_full_instance': True, 'max_partners': 20, 'homeostasis': 'mean', 'target': 0.75, 'spread': 0.375, 'learning_rate': 0.001}",ppo,100,linear,0.001,,,,,,
LunarLander-v3,filterbank+proj,8,240,0.0,29.566265220000002,161.78001959797024,127.90278436607143,193.19459378455284,1282,"{'decomposition': 'ema', 'n_filters': 12, 'slowest': 0.022150628564983305, 'input_scaling': 0.3786189199484331, 'bias_dist': 'foldnorm', 'bias_scaling': 0.029687121836807887, 'lr': 0.7474064946212267, 'weight_increment': 0.0011133132425291139, 'min_window': 19, 'max_window': 43, 'use_full_instance': True, 'max_partners': 20, 'homeostasis': 'mean', 'target': 0.75, 'spread': 0.375, 'learning_rate': 0.001}",ppo,100,linear,0.001,,,,,,
LunarLander-v3,filterbank+esn,5,240,3.1958333333333333,-197.77144629999998,106.012516573774,-194.5994457534907,-179.68146903381376,1017,"{'decomposition': 'ema', 'n_filters': 12, 'slowest': 0.007278775282470501, 'input_scaling': 0.4150388723567341, 'bias_dist': 'foldnorm', 'bias_scaling': 0.04616118346075944, 'lr': 0.9174645206815777, 'sr': 0.7122598989576099, 'rc_connectivity': 0.013316681518519325, 'learning_rate': 0.0003}",dqn,100,linear,0.0003,,,,,,
LunarLander-v3,filterbank+proj,1,240,0.0,-84.23892128,23.10238509550907,64.10603945052704,31.39462343197279,1282,"{'decomposition': 'ema', 'n_filters': 12, 'slowest': 0.022150628564983305, 'input_scaling': 0.3786189199484331, 'bias_dist': 'foldnorm', 'bias_scaling': 0.029687121836807887, 'lr': 0.7474064946212267, 'weight_increment': 0.0011133132425291139, 'min_window': 19, 'max_window': 43, 'use_full_instance': True, 'max_partners': 20, 'homeostasis': 'mean', 'target': 0.75, 'spread': 0.375, 'learning_rate': 0.003}",ppo,100,linear,0.003,,,,,,
LunarLander-v3,filterbank+proj,4,240,0.0,-111.70494632,21.82704614537572,87.66068400828938,108.9491479673367,1266,"{'decomposition': 'ema', 'n_filters': 12, 'slowest': 0.022150628564983305, 'input_scaling': 0.3786189199484331, 'bias_dist': 'foldnorm', 'bias_scaling': 0.029687121836807887, 'lr': 0.7474064946212267, 'weight_increment': 0.0011133132425291139, 'min_window': 19, 'max_window': 43, 'use_full_instance': True, 'max_partners': 20, 'homeostasis': 'mean', 'target': 0.75, 'spread': 0.375, 'learning_rate': 0.003}",ppo,100,linear,0.003,,,,,,
LunarLander-v3,filterbank+esn,7,240,3.1958333333333333,-137.37482446,55.19258819423655,-169.0188973632773,-140.83570453748735,1015,"{'decomposition': 'ema', 'n_filters': 12, 'slowest': 0.007278775282470501, 'input_scaling': 0.4150388723567341, 'bias_dist': 'foldnorm', 'bias_scaling': 0.04616118346075944, 'lr': 0.9174645206815777, 'sr': 0.7122598989576099, 'rc_connectivity': 0.013316681518519325, 'learning_rate': 0.0003}",dqn,100,linear,0.0003,,,,,,
LunarLander-v3,filterbank+esn,9,240,3.1958333333333333,-202.61841786000002,111.71268595615531,-212.88320753932328,-197.4811032954023,1007,"{'decomposition': 'ema', 'n_filters': 12, 'slowest': 0.007278775282470501, 'input_scaling': 0.4150388723567341, 'bias_dist': 'foldnorm', 'bias_scaling': 0.04616118346075944, 'lr': 0.9174645206815777, 'sr': 0.7122598989576099, 'rc_connectivity': 0.013316681518519325, 'learning_rate': 0.0003}",dqn,100,linear,0.0003,,,,,,
LunarLander-v3,filterbank+proj,2,240,0.0,-139.33330432,40.79383021024816,89.34538596519309,58.24865744020357,1278,"{'decomposition': 'ema', 'n_filters': 12, 'slowest': 0.022150628564983305, 'input_scaling': 0.3786189199484331, 'bias_dist': 'foldnorm', 'bias_scaling': 0.029687121836807887, 'lr': 0.7474064946212267, 'weight_increment': 0.0011133132425291139, 'min_window': 19, 'max_window': 43, 'use_full_instance': True, 'max_partners': 20, 'homeostasis': 'mean', 'target': 0.75, 'spread': 0.375, 'learning_rate': 0.003}",ppo,100,linear,0.003,,,,,,
LunarLander-v3,filterbank+proj,0,240,0.0,-114.22373123999999,23.92153546726964,17.494908298417727,-75.67728030696203,1245,"{'decomposition': 'ema', 'n_filters': 12, 'slowest': 0.022150628564983305, 'input_scaling': 0.3786189199484331, 'bias_dist': 'foldnorm', 'bias_scaling': 0.029687121836807887, 'lr': 0.7474064946212267, 'weight_increment': 0.0011133132425291139, 'min_window': 19, 'max_window': 43, 'use_full_instance': True, 'max_partners': 20, 'homeostasis': 'mean', 'target': 0.75, 'spread': 0.375, 'learning_rate': 0.01}",ppo,100,linear,0.01,,,,,,
LunarLander-v3,filterbank+proj,5,240,0.0,-8494.20523232,5334.609364090114,117.51852256198346,46.87660184340045,1267,"{'decomposition': 'ema', 'n_filters': 12, 'slowest': 0.022150628564983305, 'input_scaling': 0.3786189199484331, 'bias_dist': 'foldnorm', 'bias_scaling': 0.029687121836807887, 'lr': 0.7474064946212267, 'weight_increment': 0.0011133132425291139, 'min_window': 19, 'max_window': 43, 'use_full_instance': True, 'max_partners': 20, 'homeostasis': 'mean', 'target': 0.75, 'spread': 0.375, 'learning_rate': 0.003}",ppo,100,linear,0.003,,,,,,
LunarLander-v3,filterbank+proj,3,240,0.0,-92.5422315,22.732112384428717,73.75526552782298,-6.899867374592833,1279,"{'decomposition': 'ema', 'n_filters': 12, 'slowest': 0.022150628564983305, 'input_scaling': 0.3786189199484331, 'bias_dist': 'foldnorm', 'bias_scaling': 0.029687121836807887, 'lr': 0.7474064946212267, 'weight_increment': 0.0011133132425291139, 'min_window': 19, 'max_window': 43, 'use_full_instance': True, 'max_partners': 20, 'homeostasis': 'mean', 'target': 0.75, 'spread': 0.375, 'learning_rate': 0.003}",ppo,100,linear,0.003,,,,,,
LunarLander-v3,filterbank+esn,0,240,3.1958333333333333,-173.45483964,58.8651485543748,-196.84003373923176,-204.63756699717513,1009,"{'decomposition': 'ema', 'n_filters': 12, 'slowest': 0.007278775282470501, 'input_scaling': 0.4150388723567341, 'bias_dist': 'foldnorm', 'bias_scaling': 0.04616118346075944, 'lr': 0.9174645206815777, 'sr': 0.7122598989576099, 'rc_connectivity': 0.013316681518519325, 'learning_rate': 0.001}",dqn,100,linear,0.001,,,,,,
LunarLander-v3,filterbank+proj,6,240,0.0,-104.00588948,50.465544173946796,88.7574208736452,68.98149340571428,1271,"{'decomposition': 'ema', 'n_filters': 12, 'slowest': 0.022150628564983305, 'input_scaling': 0.3786189199484331, 'bias_dist': 'foldnorm', 'bias_scaling': 0.029687121836807887, 'lr': 0.7474064946212267, 'weight_increment': 0.0011133132425291139, 'min_window': 19, 'max_window': 43, 'use_full_instance': True, 'max_partners': 20, 'homeostasis': 'mean', 'target': 0.75, 'spread': 0.375, 'learning_rate': 0.003}",ppo,100,linear,0.003,,,,,,
LunarLander-v3,filterbank+proj,3,240,0.0,-85.65528583999999,35.54346487052453,-25.739278185745942,-69.6960389,1242,"{'decomposition': 'ema', 'n_filters': 12, 'slowest': 0.022150628564983305, 'input_scaling': 0.3786189199484331, 'bias_dist': 'foldnorm', 'bias_scaling': 0.029687121836807887, 'lr': 0.7474064946212267, 'weight_increment': 0.0011133132425291139, 'min_window': 19, 'max_window': 43, 'use_full_instance': True, 'max_partners': 20, 'homeostasis': 'mean', 'target': 0.75, 'spread': 0.375, 'learning_rate': 0.01}",ppo,100,linear,0.01,,,,,,
LunarLander-v3,filterbank+esn,8,240,3.1958333333333333,-130.85683024,52.001422672421306,-198.0464074960077,-152.554538501983,1032,"{'decomposition': 'ema', 'n_filters': 12, 'slowest': 0.007278775282470501, 'input_scaling': 0.4150388723567341, 'bias_dist': 'foldnorm', 'bias_scaling': 0.04616118346075944, 'lr': 0.9174645206815777, 'sr': 0.7122598989576099, 'rc_connectivity': 0.013316681518519325, 'learning_rate': 0.0003}",dqn,100,linear,0.0003,,,,,,
LunarLander-v3,filterbank+proj,7,240,0.0,-79.49193546000001,47.794290228312526,77.41686685033113,-1.3189126949602152,1271,"{'decomposition': 'ema', 'n_filters': 12, 'slowest': 0.022150628564983305, 'input_scaling': 0.3786189199484331, 'bias_dist': 'foldnorm', 'bias_scaling': 0.029687121836807887, 'lr': 0.7474064946212267, 'weight_increment': 0.0011133132425291139, 'min_window': 19, 'max_window': 43, 'use_full_instance': True, 'max_partners': 20, 'homeostasis': 'mean', 'target': 0.75, 'spread': 0.375, 'learning_rate': 0.003}",ppo,100,linear,0.003,,,,,,
LunarLander-v3,filterbank+proj,8,240,0.0,-68.878506,29.547948792856737,80.86631531602966,18.110396168571423,1274,"{'decomposition': 'ema', 'n_filters': 12, 'slowest': 0.022150628564983305, 'input_scaling': 0.3786189199484331, 'bias_dist': 'foldnorm', 'bias_scaling': 0.029687121836807887, 'lr': 0.7474064946212267, 'weight_increment': 0.0011133132425291139, 'min_window': 19, 'max_window': 43, 'use_full_instance': True, 'max_partners': 20, 'homeostasis': 'mean', 'target': 0.75, 'spread': 0.375, 'learning_rate': 0.003}",ppo,100,linear,0.003,,,,,,
LunarLander-v3,filterbank+proj,1,240,0.0,-128.61836042,27.698219216604404,-35.83652880561883,-90.86003880988594,1263,"{'decomposition': 'ema', 'n_filters': 12, 'slowest': 0.022150628564983305, 'input_scaling': 0.3786189199484331, 'bias_dist': 'foldnorm', 'bias_scaling': 0.029687121836807887, 'lr': 0.7474064946212267, 'weight_increment': 0.0011133132425291139, 'min_window': 19, 'max_window': 43, 'use_full_instance': True, 'max_partners': 20, 'homeostasis': 'mean', 'target': 0.75, 'spread': 0.375, 'learning_rate': 0.01}",ppo,100,linear,0.01,,,,,,
LunarLander-v3,filterbank+esn,2,240,3.1958333333333333,-127.7285487,125.35596340972594,-172.73877040038113,-121.28625427481921,1010,"{'decomposition': 'ema', 'n_filters': 12, 'slowest': 0.007278775282470501, 'input_scaling': 0.4150388723567341, 'bias_dist': 'foldnorm', 'bias_scaling': 0.04616118346075944, 'lr': 0.9174645206815777, 'sr': 0.7122598989576099, 'rc_connectivity': 0.013316681518519325, 'learning_rate': 0.001}",dqn,100,linear,0.001,,,,,,
LunarLander-v3,filterbank+proj,4,240,0.0,-190.06055519999998,70.46027647718992,-15.196574113175675,-43.04504077027027,1259,"{'decomposition': 'ema', 'n_filters': 12, 'slowest': 0.022150628564983305, 'input_scaling': 0.3786189199484331, 'bias_dist': 'foldnorm', 'bias_scaling': 0.029687121836807887, 'lr': 0.7474064946212267, 'weight_increment': 0.0011133132425291139, 'min_window': 19, 'max_window': 43, 'use_full_instance': True, 'max_partners': 20, 'homeostasis': 'mean', 'target': 0.75, 'spread': 0.375, 'learning_rate': 0.01}",ppo,100,linear,0.01,,,,,,
LunarLander-v3,filterbank+proj,9,240,0.0,-203.19696838,47.588872020257405,103.84823604665269,123.35107684345793,1283,"{'decomposition': 'ema', 'n_filters': 12, 'slowest': 0.022150628564983305, 'input_scaling': 0.3786189199484331, 'bias_dist': 'foldnorm', 'bias_scaling': 0.029687121836807887, 'lr': 0.7474064946212267, 'weight_increment': 0.0011133132425291139, 'min_window': 19, 'max_window': 43, 'use_full_instance': True, 'max_partners': 20, 'homeostasis': 'mean', 'target': 0.75, 'spread': 0.375, 'learning_rate': 0.003}",ppo,100,linear,0.003,,,,,,
LunarLander-v3,filterbank+proj,2,240,0.0,-167.35865822000002,68.84717933089424,-10.647889197456278,20.81933231847134,1274,"{'decomposition': 'ema', 'n_filters': 12, 'slowest': 0.022150628564983305, 'input_scaling': 0.3786189199484331, 'bias_dist': 'foldnorm', 'bias_scaling': 0.029687121836807887, 'lr': 0.7474064946212267, 'weight_increment': 0.0011133132425291139, 'min_window': 19, 'max_window': 43, 'use_full_instance': True, 'max_partners': 20, 'homeostasis': 'mean', 'target': 0.75, 'spread': 0.375, 'learning_rate': 0.01}",ppo,100,linear,0.01,,,,,,
LunarLander-v3,filterbank+esn,1,240,3.1958333333333333,-126.81562598,78.67071951663544,-167.76062856186363,-132.70366900451322,1032,"{'decomposition': 'ema', 'n_filters': 12, 'slowest': 0.007278775282470501, 'input_scaling': 0.4150388723567341, 'bias_dist': 'foldnorm', 'bias_scaling': 0.04616118346075944, 'lr': 0.9174645206815777, 'sr': 0.7122598989576099, 'rc_connectivity': 0.013316681518519325, 'learning_rate': 0.001}",dqn,100,linear,0.001,,,,,,
LunarLander-v3,filterbank+esn,3,240,3.1958333333333333,-141.28737458,97.51481710667245,-176.6632449107435,-134.04334724460432,1012,"{'decomposition': 'ema', 'n_filters': 12, 'slowest': 0.007278775282470501, 'input_scaling': 0.4150388723567341, 'bias_dist': 'foldnorm', 'bias_scaling': 0.04616118346075944, 'lr': 0.9174645206815777, 'sr': 0.7122598989576099, 'rc_connectivity': 0.013316681518519325, 'learning_rate': 0.001}",dqn,100,linear,0.001,,,,,,
LunarLander-v3,filterbank+proj,7,240,0.0,-11212.41078078,6429.287899482642,-634.6837629197925,-1458.9185045086704,1273,"{'decomposition': 'ema', 'n_filters': 12, 'slowest': 0.022150628564983305, 'input_scaling': 0.3786189199484331, 'bias_dist': 'foldnorm', 'bias_scaling': 0.029687121836807887, 'lr': 0.7474064946212267, 'weight_increment': 0.0011133132425291139, 'min_window': 19, 'max_window': 43, 'use_full_instance': True, 'max_partners': 20, 'homeostasis': 'mean', 'target': 0.75, 'spread': 0.375, 'learning_rate': 0.01}",ppo,100,linear,0.01,,,,,,
LunarLander-v3,filterbank+proj,6,240,0.0,-149.38896126,39.95146546926018,13.953286551104458,-71.36704038951311,1284,"{'decomposition': 'ema', 'n_filters': 12, 'slowest': 0.022150628564983305, 'input_scaling': 0.3786189199484331, 'bias_dist': 'foldnorm', 'bias_scaling': 0.029687121836807887, 'lr': 0.7474064946212267, 'weight_increment': 0.0011133132425291139, 'min_window': 19, 'max_window': 43, 'use_full_instance': True, 'max_partners': 20, 'homeostasis': 'mean', 'target': 0.75, 'spread': 0.375, 'learning_rate': 0.01}",ppo,100,linear,0.01,,,,,,
LunarLander-v3,filterbank+proj,8,240,0.0,-40.49273704,35.18672055060539,-10.834116761663287,-68.34573743389831,1281,"{'decomposition': 'ema', 'n_filters': 12, 'slowest': 0.022150628564983305, 'input_scaling': 0.3786189199484331, 'bias_dist': 'foldnorm', 'bias_scaling': 0.029687121836807887, 'lr': 0.7474064946212267, 'weight_increment': 0.0011133132425291139, 'min_window': 19, 'max_window': 43, 'use_full_instance': True, 'max_partners': 20, 'homeostasis': 'mean', 'target': 0.75, 'spread': 0.375, 'learning_rate': 0.01}",ppo,100,linear,0.01,,,,,,
LunarLander-v3,filterbank+proj,9,240,0.0,-103.24741750000001,24.074971105323932,30.86563856864837,-1.8452406426666663,1278,"{'decomposition': 'ema', 'n_filters': 12, 'slowest': 0.022150628564983305, 'input_scaling': 0.3786189199484331, 'bias_dist': 'foldnorm', 'bias_scaling': 0.029687121836807887, 'lr': 0.7474064946212267, 'weight_increment': 0.0011133132425291139, 'min_window': 19, 'max_window': 43, 'use_full_instance': True, 'max_partners': 20, 'homeostasis': 'mean', 'target': 0.75, 'spread': 0.375, 'learning_rate': 0.01}",ppo,100,linear,0.01,,,,,,
LunarLander-v3,filterbank+proj,5,240,0.0,-46.580885699999996,33.64787057033487,47.654410741728924,49.219496039145916,1312,"{'decomposition': 'ema', 'n_filters': 12, 'slowest': 0.022150628564983305, 'input_scaling': 0.3786189199484331, 'bias_dist': 'foldnorm', 'bias_scaling': 0.029687121836807887, 'lr': 0.7474064946212267, 'weight_increment': 0.0011133132425291139, 'min_window': 19, 'max_window': 43, 'use_full_instance': True, 'max_partners': 20, 'homeostasis': 'mean', 'target': 0.75, 'spread': 0.375, 'learning_rate': 0.01}",ppo,100,linear,0.01,,,,,,
LunarLander-v3,filterbank+esn,4,240,3.1958333333333333,-208.25494196,139.14304661486955,-199.72794660871486,-179.2648501238155,970,"{'decomposition': 'ema', 'n_filters': 12, 'slowest': 0.007278775282470501, 'input_scaling': 0.4150388723567341, 'bias_dist': 'foldnorm', 'bias_scaling': 0.04616118346075944, 'lr': 0.9174645206815777, 'sr': 0.7122598989576099, 'rc_connectivity': 0.013316681518519325, 'learning_rate': 0.001}",dqn,100,linear,0.001,,,,,,
LunarLander-v3,filterbank+esn,6,240,3.1958333333333333,-83.4607915,59.24379698962806,-161.37955599379765,-118.72873880025857,984,"{'decomposition': 'ema', 'n_filters': 12, 'slowest': 0.007278775282470501, 'input_scaling': 0.4150388723567341, 'bias_dist': 'foldnorm', 'bias_scaling': 0.04616118346075944, 'lr': 0.9174645206815777, 'sr': 0.7122598989576099, 'rc_connectivity': 0.013316681518519325, 'learning_rate': 0.001}",dqn,100,linear,0.001,,,,,,
LunarLander-v3,filterbank+esn,7,240,3.1958333333333333,-132.46503102000003,76.4512441250655,-166.22486967954148,-135.07857419190032,989,"{'decomposition': 'ema', 'n_filters': 12, 'slowest': 0.007278775282470501, 'input_scaling': 0.4150388723567341, 'bias_dist': 'foldnorm', 'bias_scaling': 0.04616118346075944, 'lr': 0.9174645206815777, 'sr': 0.7122598989576099, 'rc_connectivity': 0.013316681518519325, 'learning_rate': 0.001}",dqn,100,linear,0.001,,,,,,
LunarLander-v3,filterbank+esn,0,240,3.1958333333333333,-157.22275814,74.30281853617434,-168.302552299455,-134.09588283179724,987,"{'decomposition': 'ema', 'n_filters': 12, 'slowest': 0.007278775282470501, 'input_scaling': 0.4150388723567341, 'bias_dist': 'foldnorm', 'bias_scaling': 0.04616118346075944, 'lr': 0.9174645206815777, 'sr': 0.7122598989576099, 'rc_connectivity': 0.013316681518519325, 'learning_rate': 0.003}",dqn,100,linear,0.003,,,,,,
LunarLander-v3,filterbank+esn,1,240,3.1958333333333333,-94.1583096,109.65441842616093,-169.62194100814952,-96.78852904263277,992,"{'decomposition': 'ema', 'n_filters': 12, 'slowest': 0.007278775282470501, 'input_scaling': 0.4150388723567341, 'bias_dist': 'foldnorm', 'bias_scaling': 0.04616118346075944, 'lr': 0.9174645206815777, 'sr': 0.7122598989576099, 'rc_connectivity': 0.013316681518519325, 'learning_rate': 0.003}",dqn,100,linear,0.003,,,,,,
LunarLander-v3,filterbank+esn,9,240,3.1958333333333333,-144.79797488,144.87202553458812,-199.02752012029308,-150.59882739898026,1003,"{'decomposition': 'ema', 'n_filters': 12, 'slowest': 0.007278775282470501, 'input_scaling': 0.4150388723567341, 'bias_dist': 'foldnorm', 'bias_scaling': 0.04616118346075944, 'lr': 0.9174645206815777, 'sr': 0.7122598989576099, 'rc_connectivity': 0.013316681518519325, 'learning_rate': 0.001}",dqn,100,linear,0.001,,,,,,
LunarLander-v3,filterbank+esn,8,240,3.1958333333333333,-161.71998658,85.11394820665312,-187.9608393658403,-158.6739218020548,1009,"{'decomposition': 'ema', 'n_filters': 12, 'slowest': 0.007278775282470501, 'input_scaling': 0.4150388723567341, 'bias_dist': 'foldnorm', 'bias_scaling': 0.04616118346075944, 'lr': 0.9174645206815777, 'sr': 0.7122598989576099, 'rc_connectivity': 0.013316681518519325, 'learning_rate': 0.001}",dqn,100,linear,0.001,,,,,,
LunarLander-v3,filterbank+esn,5,240,3.1958333333333333,-134.49584194,85.57944387598332,-182.00514058057482,-164.55306807799076,1014,"{'decomposition': 'ema', 'n_filters': 12, 'slowest': 0.007278775282470501, 'input_scaling': 0.4150388723567341, 'bias_dist': 'foldnorm', 'bias_scaling': 0.04616118346075944, 'lr': 0.9174645206815777, 'sr': 0.7122598989576099, 'rc_connectivity': 0.013316681518519325, 'learning_rate': 0.001}",dqn,100,linear,0.001,,,,,,
LunarLander-v3,filterbank+esn,3,240,3.1958333333333333,-96.52261324,86.37995819826685,-155.41205590398263,-91.30475393700216,972,"{'decomposition': 'ema', 'n_filters': 12, 'slowest': 0.007278775282470501, 'input_scaling': 0.4150388723567341, 'bias_dist': 'foldnorm', 'bias_scaling': 0.04616118346075944, 'lr': 0.9174645206815777, 'sr': 0.7122598989576099, 'rc_connectivity': 0.013316681518519325, 'learning_rate': 0.003}",dqn,100,linear,0.003,,,,,,
LunarLander-v3,filterbank+esn,2,240,3.1958333333333333,-109.74953436,90.35041331010534,-183.3604239758288,-126.16690826646708,1002,"{'decomposition': 'ema', 'n_filters': 12, 'slowest': 0.007278775282470501, 'input_scaling': 0.4150388723567341, 'bias_dist': 'foldnorm', 'bias_scaling': 0.04616118346075944, 'lr': 0.9174645206815777, 'sr': 0.7122598989576099, 'rc_connectivity': 0.013316681518519325, 'learning_rate': 0.003}",dqn,100,linear,0.003,,,,,,
LunarLander-v3,filterbank+esn,4,240,3.1958333333333333,-94.73775654,111.92957364172655,-202.11755271208438,-157.4317998838269,979,"{'decomposition': 'ema', 'n_filters': 12, 'slowest': 0.007278775282470501, 'input_scaling': 0.4150388723567341, 'bias_dist': 'foldnorm', 'bias_scaling': 0.04616118346075944, 'lr': 0.9174645206815777, 'sr': 0.7122598989576099, 'rc_connectivity': 0.013316681518519325, 'learning_rate': 0.003}",dqn,100,linear,0.003,,,,,,
LunarLander-v3,filterbank+esn,5,240,3.1958333333333333,-110.10604492,113.56949502161322,-170.97406105273012,-100.43665507176287,985,"{'decomposition': 'ema', 'n_filters': 12, 'slowest': 0.007278775282470501, 'input_scaling': 0.4150388723567341, 'bias_dist': 'foldnorm', 'bias_scaling': 0.04616118346075944, 'lr': 0.9174645206815777, 'sr': 0.7122598989576099, 'rc_connectivity': 0.013316681518519325, 'learning_rate': 0.003}",dqn,100,linear,0.003,,,,,,
LunarLander-v3,filterbank+esn,6,240,3.1958333333333333,-14.765713080000003,80.70120658540827,-123.38863794788494,-20.217402251861884,1001,"{'decomposition': 'ema', 'n_filters': 12, 'slowest': 0.007278775282470501, 'input_scaling': 0.4150388723567341, 'bias_dist': 'foldnorm', 'bias_scaling': 0.04616118346075944, 'lr': 0.9174645206815777, 'sr': 0.7122598989576099, 'rc_connectivity': 0.013316681518519325, 'learning_rate': 0.003}",dqn,100,linear,0.003,,,,,,
LunarLander-v3,filterbank+esn,8,240,3.1958333333333333,-123.90909509999997,78.08424182542912,-176.36643632156984,-117.30513841552511,989,"{'decomposition': 'ema', 'n_filters': 12, 'slowest': 0.007278775282470501, 'input_scaling': 0.4150388723567341, 'bias_dist': 'foldnorm', 'bias_scaling': 0.04616118346075944, 'lr': 0.9174645206815777, 'sr': 0.7122598989576099, 'rc_connectivity': 0.013316681518519325, 'learning_rate': 0.003}",dqn,100,linear,0.003,,,,,,
LunarLander-v3,filterbank+esn,7,240,3.1958333333333333,-146.45841376,116.10448845915289,-170.06637574148968,-132.37328783437502,1009,"{'decomposition': 'ema', 'n_filters': 12, 'slowest': 0.007278775282470501, 'input_scaling': 0.4150388723567341, 'bias_dist': 'foldnorm', 'bias_scaling': 0.04616118346075944, 'lr': 0.9174645206815777, 'sr': 0.7122598989576099, 'rc_connectivity': 0.013316681518519325, 'learning_rate': 0.003}",dqn,100,linear,0.003,,,,,,
LunarLander-v3,filterbank+hag,0,240,3.4458333333333333,-229.89934742000003,100.65092795748131,-232.1533583022998,-194.362228452412,986,"{'decomposition': 'ema', 'n_filters': 12, 'slowest': 0.022150628564983305, 'input_scaling': 0.3786189199484331, 'bias_dist': 'foldnorm', 'bias_scaling': 0.029687121836807887, 'lr': 0.7474064946212267, 'weight_increment': 0.0011133132425291139, 'min_window': 19, 'max_window': 43, 'use_full_instance': True, 'max_partners': 20, 'homeostasis': 'mean', 'target': 0.75, 'spread': 0.375, 'learning_rate': 0.0001}",dqn,100,linear,0.0001,,,,,,
LunarLander-v3,filterbank+hag,2,240,3.45,-171.56316528,100.54316124516085,-229.74296500989234,-207.43081011908646,967,"{'decomposition': 'ema', 'n_filters': 12, 'slowest': 0.022150628564983305, 'input_scaling': 0.3786189199484331, 'bias_dist': 'foldnorm', 'bias_scaling': 0.029687121836807887, 'lr': 0.7474064946212267, 'weight_increment': 0.0011133132425291139, 'min_window': 19, 'max_window': 43, 'use_full_instance': True, 'max_partners': 20, 'homeostasis': 'mean', 'target': 0.75, 'spread': 0.375, 'learning_rate': 0.0001}",dqn,100,linear,0.0001,,,,,,
LunarLander-v3,filterbank+esn,9,240,3.1958333333333333,-127.13809149999999,99.00342154704586,-178.77157488157707,-131.41884907179116,1007,"{'decomposition': 'ema', 'n_filters': 12, 'slowest': 0.007278775282470501, 'input_scaling': 0.4150388723567341, 'bias_dist': 'foldnorm', 'bias_scaling': 0.04616118346075944, 'lr': 0.9174645206815777, 'sr': 0.7122598989576099, 'rc_connectivity': 0.013316681518519325, 'learning_rate': 0.003}",dqn,100,linear,0.003,,,,,,
LunarLander-v3,filterbank+hag,4,240,3.0875,-172.17946176,92.10994635488248,-240.10324384439082,-209.18223034412696,967,"{'decomposition': 'ema', 'n_filters': 12, 'slowest': 0.022150628564983305, 'input_scaling': 0.3786189199484331, 'bias_dist': 'foldnorm', 'bias_scaling': 0.029687121836807887, 'lr': 0.7474064946212267, 'weight_increment': 0.0011133132425291139, 'min_window': 19, 'max_window': 43, 'use_full_instance': True, 'max_partners': 20, 'homeostasis': 'mean', 'target': 0.75, 'spread': 0.375, 'learning_rate': 0.0001}",dqn,100,linear,0.0001,,,,,,
LunarLander-v3,filterbank+hag,3,240,3.0791666666666666,-251.33454454000002,93.88920863480465,-257.77881830134214,-232.00598371244635,959,"{'decomposition': 'ema', 'n_filters': 12, 'slowest': 0.022150628564983305, 'input_scaling': 0.3786189199484331, 'bias_dist': 'foldnorm', 'bias_scaling': 0.029687121836807887, 'lr': 0.7474064946212267, 'weight_increment': 0.0011133132425291139, 'min_window': 19, 'max_window': 43, 'use_full_instance': True, 'max_partners': 20, 'homeostasis': 'mean', 'target': 0.75, 'spread': 0.375, 'learning_rate': 0.0003}",dqn,100,linear,0.0003,,,,,,
LunarLander-v3,filterbank+hag,0,240,3.4458333333333333,-156.51993234,78.2848010706185,-203.18952059474876,-181.06742402883432,966,"{'decomposition': 'ema', 'n_filters': 12, 'slowest': 0.022150628564983305, 'input_scaling': 0.3786189199484331, 'bias_dist': 'foldnorm', 'bias_scaling': 0.029687121836807887, 'lr': 0.7474064946212267, 'weight_increment': 0.0011133132425291139, 'min_window': 19, 'max_window': 43, 'use_full_instance': True, 'max_partners': 20, 'homeostasis': 'mean', 'target': 0.75, 'spread': 0.375, 'learning_rate': 0.0003}",dqn,100,linear,0.0003,,,,,,
LunarLander-v3,filterbank+hag,9,240,4.220833333333333,-271.53710223999997,121.7444740901358,-240.9354447834804,-269.5005593203438,969,"{'decomposition': 'ema', 'n_filters': 12, 'slowest': 0.022150628564983305, 'input_scaling': 0.3786189199484331, 'bias_dist': 'foldnorm', 'bias_scaling': 0.029687121836807887, 'lr': 0.7474064946212267, 'weight_increment': 0.0011133132425291139, 'min_window': 19, 'max_window': 43, 'use_full_instance': True, 'max_partners': 20, 'homeostasis': 'mean', 'target': 0.75, 'spread': 0.375, 'learning_rate': 0.0001}",dqn,100,linear,0.0001,,,,,,
LunarLander-v3,filterbank+hag,1,240,3.3041666666666667,-234.35215418000004,123.92548440288421,-246.59556077193096,-224.37621586775245,996,"{'decomposition': 'ema', 'n_filters': 12, 'slowest': 0.022150628564983305, 'input_scaling': 0.3786189199484331, 'bias_dist': 'foldnorm', 'bias_scaling': 0.029687121836807887, 'lr': 0.7474064946212267, 'weight_increment': 0.0011133132425291139, 'min_window': 19, 'max_window': 43, 'use_full_instance': True, 'max_partners': 20, 'homeostasis': 'mean', 'target': 0.75, 'spread': 0.375, 'learning_rate': 0.0001}",dqn,100,linear,0.0001,,,,,,
LunarLander-v3,filterbank+hag,1,240,3.3041666666666667,-280.63829122,126.21329007117359,-235.9686240748274,-251.90409879962664,973,"{'decomposition': 'ema', 'n_filters': 12, 'slowest': 0.022150628564983305, 'input_scaling': 0.3786189199484331, 'bias_dist': 'foldnorm', 'bias_scaling': 0.029687121836807887, 'lr': 0.7474064946212267, 'weight_increment': 0.0011133132425291139, 'min_window': 19, 'max_window': 43, 'use_full_instance': True, 'max_partners': 20, 'homeostasis': 'mean', 'target': 0.75, 'spread': 0.375, 'learning_rate': 0.0003}",dqn,100,linear,0.0003,,,,,,
LunarLander-v3,filterbank+hag,3,240,3.0791666666666666,-300.28177764,124.2459529415192,-258.30800895078437,-219.95077659323078,994,"{'decomposition': 'ema', 'n_filters': 12, 'slowest': 0.022150628564983305, 'input_scaling': 0.3786189199484331, 'bias_dist': 'foldnorm', 'bias_scaling': 0.029687121836807887, 'lr': 0.7474064946212267, 'weight_increment': 0.0011133132425291139, 'min_window': 19, 'max_window': 43, 'use_full_instance': True, 'max_partners': 20, 'homeostasis': 'mean', 'target': 0.75, 'spread': 0.375, 'learning_rate': 0.0001}",dqn,100,linear,0.0001,,,,,,
LunarLander-v3,filterbank+hag,6,240,3.654166666666667,-206.86151508000006,130.90035765176725,-230.37344718892777,-177.8267210481137,987,"{'decomposition': 'ema', 'n_filters': 12, 'slowest': 0.022150628564983305, 'input_scaling': 0.3786189199484331, 'bias_dist': 'foldnorm', 'bias_scaling': 0.029687121836807887, 'lr': 0.7474064946212267, 'weight_increment': 0.0011133132425291139, 'min_window': 19, 'max_window': 43, 'use_full_instance': True, 'max_partners': 20, 'homeostasis': 'mean', 'target': 0.75, 'spread': 0.375, 'learning_rate': 0.0001}",dqn,100,linear,0.0001,,,,,,
LunarLander-v3,filterbank+hag,2,240,3.45,-167.75075658000003,77.97092735457487,-215.216897018477,-183.93944215575758,987,"{'decomposition': 'ema', 'n_filters': 12, 'slowest': 0.022150628564983305, 'input_scaling': 0.3786189199484331, 'bias_dist': 'foldnorm', 'bias_scaling': 0.029687121836807887, 'lr': 0.7474064946212267, 'weight_increment': 0.0011133132425291139, 'min_window': 19, 'max_window': 43, 'use_full_instance': True, 'max_partners': 20, 'homeostasis': 'mean', 'target': 0.75, 'spread': 0.375, 'learning_rate': 0.0003}",dqn,100,linear,0.0003,,,,,,
LunarLander-v3,filterbank+hag,6,240,3.654166666666667,-162.74955549999999,53.742618177160345,-194.67858158402203,-150.71376548087738,974,"{'decomposition': 'ema', 'n_filters': 12, 'slowest': 0.022150628564983305, 'input_scaling': 0.3786189199484331, 'bias_dist': 'foldnorm', 'bias_scaling': 0.029687121836807887, 'lr': 0.7474064946212267, 'weight_increment': 0.0011133132425291139, 'min_window': 19, 'max_window': 43, 'use_full_instance': True, 'max_partners': 20, 'homeostasis': 'mean', 'target': 0.75, 'spread': 0.375, 'learning_rate': 0.0003}",dqn,100,linear,0.0003,,,,,,
LunarLander-v3,filterbank+hag,5,240,3.175,-337.05330885999996,86.78427906864745,-242.4127413960877,-255.83522983613705,1003,"{'decomposition': 'ema', 'n_filters': 12, 'slowest': 0.022150628564983305, 'input_scaling': 0.3786189199484331, 'bias_dist': 'foldnorm', 'bias_scaling': 0.029687121836807887, 'lr': 0.7474064946212267, 'weight_increment': 0.0011133132425291139, 'min_window': 19, 'max_window': 43, 'use_full_instance': True, 'max_partners': 20, 'homeostasis': 'mean', 'target': 0.75, 'spread': 0.375, 'learning_rate': 0.0001}",dqn,100,linear,0.0001,,,,,,
LunarLander-v3,filterbank+hag,9,240,4.220833333333333,-223.23018264,107.24825119590045,-224.29768904823442,-203.3969834920635,974,"{'decomposition': 'ema', 'n_filters': 12, 'slowest': 0.022150628564983305, 'input_scaling': 0.3786189199484331, 'bias_dist': 'foldnorm', 'bias_scaling': 0.029687121836807887, 'lr': 0.7474064946212267, 'weight_increment': 0.0011133132425291139, 'min_window': 19, 'max_window': 43, 'use_full_instance': True, 'max_partners': 20, 'homeostasis': 'mean', 'target': 0.75, 'spread': 0.375, 'learning_rate': 0.0003}",dqn,100,linear,0.0003,,,,,,
LunarLander-v3,filterbank+hag,7,240,3.8958333333333335,-159.07764036,80.67289362546121,-209.23644688316227,-187.18696540496333,1009,"{'decomposition': 'ema', 'n_filters': 12, 'slowest': 0.022150628564983305, 'input_scaling': 0.3786189199484331, 'bias_dist': 'foldnorm', 'bias_scaling': 0.029687121836807887, 'lr': 0.7474064946212267, 'weight_increment': 0.0011133132425291139, 'min_window': 19, 'max_window': 43, 'use_full_instance': True, 'max_partners': 20, 'homeostasis': 'mean', 'target': 0.75, 'spread': 0.375, 'learning_rate': 0.0001}",dqn,100,linear,0.0001,,,,,,
LunarLander-v3,filterbank+hag,8,240,5.108333333333333,-214.77416240000002,88.04059366914112,-231.01447844490912,-202.45812112939205,989,"{'decomposition': 'ema', 'n_filters': 12, 'slowest': 0.022150628564983305, 'input_scaling': 0.3786189199484331, 'bias_dist': 'foldnorm', 'bias_scaling': 0.029687121836807887, 'lr': 0.7474064946212267, 'weight_increment': 0.0011133132425291139, 'min_window': 19, 'max_window': 43, 'use_full_instance': True, 'max_partners': 20, 'homeostasis': 'mean', 'target': 0.75, 'spread': 0.375, 'learning_rate': 0.0003}",dqn,100,linear,0.0003,,,,,,
LunarLander-v3,filterbank+hag,2,240,3.45,-142.72013498,84.54214180916763,-178.71945158733394,-125.10252653708281,975,"{'decomposition': 'ema', 'n_filters': 12, 'slowest': 0.022150628564983305, 'input_scaling': 0.3786189199484331, 'bias_dist': 'foldnorm', 'bias_scaling': 0.029687121836807887, 'lr': 0.7474064946212267, 'weight_increment': 0.0011133132425291139, 'min_window': 19, 'max_window': 43, 'use_full_instance': True, 'max_partners': 20, 'homeostasis': 'mean', 'target': 0.75, 'spread': 0.375, 'learning_rate': 0.001}",dqn,100,linear,0.001,,,,,,
LunarLander-v3,filterbank+hag,3,240,3.0791666666666666,-138.27202197999998,51.6047424379895,-213.5246762487677,-172.06745849103712,977,"{'decomposition': 'ema', 'n_filters': 12, 'slowest': 0.022150628564983305, 'input_scaling': 0.3786189199484331, 'bias_dist': 'foldnorm', 'bias_scaling': 0.029687121836807887, 'lr': 0.7474064946212267, 'weight_increment': 0.0011133132425291139, 'min_window': 19, 'max_window': 43, 'use_full_instance': True, 'max_partners': 20, 'homeostasis': 'mean', 'target': 0.75, 'spread': 0.375, 'learning_rate': 0.001}",dqn,100,linear,0.001,,,,,,
LunarLander-v3,filterbank+hag,4,240,3.0875,-171.11988321999996,82.11707319984652,-234.60375058470237,-232.14001752002352,1009,"{'decomposition': 'ema', 'n_filters': 12, 'slowest': 0.022150628564983305, 'input_scaling': 0.3786189199484331, 'bias_dist': 'foldnorm', 'bias_scaling': 0.029687121836807887, 'lr': 0.7474064946212267, 'weight_increment': 0.0011133132425291139, 'min_window': 19, 'max_window': 43, 'use_full_instance': True, 'max_partners': 20, 'homeostasis': 'mean', 'target': 0.75, 'spread': 0.375, 'learning_rate': 0.0003}",dqn,100,linear,0.0003,,,,,,
LunarLander-v3,filterbank+hag,0,240,3.4458333333333333,-155.54386032,78.89183807349465,-183.69512140746167,-151.80162146976176,987,"{'decomposition': 'ema', 'n_filters': 12, 'slowest': 0.022150628564983305, 'input_scaling': 0.3786189199484331, 'bias_dist': 'foldnorm', 'bias_scaling': 0.029687121836807887, 'lr': 0.7474064946212267, 'weight_increment': 0.0011133132425291139, 'min_window': 19, 'max_window': 43, 'use_full_instance': True, 'max_partners': 20, 'homeostasis': 'mean', 'target': 0.75, 'spread': 0.375, 'learning_rate': 0.001}",dqn,100,linear,0.001,,,,,,
LunarLander-v3,filterbank+hag,5,240,3.175,-265.26150458000006,120.63950915285398,-226.10580572002937,-219.80009918971845,1003,"{'decomposition': 'ema', 'n_filters': 12, 'slowest': 0.022150628564983305, 'input_scaling': 0.3786189199484331, 'bias_dist': 'foldnorm', 'bias_scaling': 0.029687121836807887, 'lr': 0.7474064946212267, 'weight_increment': 0.0011133132425291139, 'min_window': 19, 'max_window': 43, 'use_full_instance': True, 'max_partners': 20, 'homeostasis': 'mean', 'target': 0.75, 'spread': 0.375, 'learning_rate': 0.0003}",dqn,100,linear,0.0003,,,,,,
LunarLander-v3,filterbank+hag,8,240,5.108333333333333,-232.29605511999998,164.56691042049158,-211.57912552842942,-201.6410357547486,1027,"{'decomposition': 'ema', 'n_filters': 12, 'slowest': 0.022150628564983305, 'input_scaling': 0.3786189199484331, 'bias_dist': 'foldnorm', 'bias_scaling': 0.029687121836807887, 'lr': 0.7474064946212267, 'weight_increment': 0.0011133132425291139, 'min_window': 19, 'max_window': 43, 'use_full_instance': True, 'max_partners': 20, 'homeostasis': 'mean', 'target': 0.75, 'spread': 0.375, 'learning_rate': 0.0001}",dqn,100,linear,0.0001,,,,,,
LunarLander-v3,filterbank+hag,7,240,3.8958333333333335,-169.34690188000002,70.9534043719127,-192.1106834940365,-170.77257961695904,1017,"{'decomposition': 'ema', 'n_filters': 12, 'slowest': 0.022150628564983305, 'input_scaling': 0.3786189199484331, 'bias_dist': 'foldnorm', 'bias_scaling': 0.029687121836807887, 'lr': 0.7474064946212267, 'weight_increment': 0.0011133132425291139, 'min_window': 19, 'max_window': 43, 'use_full_instance': True, 'max_partners': 20, 'homeostasis': 'mean', 'target': 0.75, 'spread': 0.375, 'learning_rate': 0.0003}",dqn,100,linear,0.0003,,,,,,
LunarLander-v3,filterbank+hag,4,240,3.0875,-190.28469753999997,146.16122052788924,-209.63350530102315,-202.2834329228007,1005,"{'decomposition': 'ema', 'n_filters': 12, 'slowest': 0.022150628564983305, 'input_scaling': 0.3786189199484331, 'bias_dist': 'foldnorm', 'bias_scaling': 0.029687121836807887, 'lr': 0.7474064946212267, 'weight_increment': 0.0011133132425291139, 'min_window': 19, 'max_window': 43, 'use_full_instance': True, 'max_partners': 20, 'homeostasis': 'mean', 'target': 0.75, 'spread': 0.375, 'learning_rate': 0.001}",dqn,100,linear,0.001,,,,,,
LunarLander-v3,filterbank+hag,1,240,3.3041666666666667,-274.44055836,210.16623902215147,-206.97990964630125,-202.96116971890862,1013,"{'decomposition': 'ema', 'n_filters': 12, 'slowest': 0.022150628564983305, 'input_scaling': 0.3786189199484331, 'bias_dist': 'foldnorm', 'bias_scaling': 0.029687121836807887, 'lr': 0.7474064946212267, 'weight_increment': 0.0011133132425291139, 'min_window': 19, 'max_window': 43, 'use_full_instance': True, 'max_partners': 20, 'homeostasis': 'mean', 'target': 0.75, 'spread': 0.375, 'learning_rate': 0.001}",dqn,100,linear,0.001,,,,,,
LunarLander-v3,filterbank+hag,5,240,3.175,-143.58521944,113.15944852368152,-183.4846202422905,-150.9295759468974,1011,"{'decomposition': 'ema', 'n_filters': 12, 'slowest': 0.022150628564983305, 'input_scaling': 0.3786189199484331, 'bias_dist': 'foldnorm', 'bias_scaling': 0.029687121836807887, 'lr': 0.7474064946212267, 'weight_increment': 0.0011133132425291139, 'min_window': 19, 'max_window': 43, 'use_full_instance': True, 'max_partners': 20, 'homeostasis': 'mean', 'target': 0.75, 'spread': 0.375, 'learning_rate': 0.001}",dqn,100,linear,0.001,,,,,,
LunarLander-v3,filterbank+hag,8,240,5.108333333333333,-111.14008384000003,60.89874292929105,-199.90919267938224,-154.00960735965415,989,"{'decomposition': 'ema', 'n_filters': 12, 'slowest': 0.022150628564983305, 'input_scaling': 0.3786189199484331, 'bias_dist': 'foldnorm', 'bias_scaling': 0.029687121836807887, 'lr': 0.7474064946212267, 'weight_increment': 0.0011133132425291139, 'min_window': 19, 'max_window': 43, 'use_full_instance': True, 'max_partners': 20, 'homeostasis': 'mean', 'target': 0.75, 'spread': 0.375, 'learning_rate': 0.001}",dqn,100,linear,0.001,,,,,,
LunarLander-v3,filterbank+hag,7,240,3.8958333333333335,-85.40173055999999,97.14536606893978,-175.68454827073083,-114.65803369353846,1001,"{'decomposition': 'ema', 'n_filters': 12, 'slowest': 0.022150628564983305, 'input_scaling': 0.3786189199484331, 'bias_dist': 'foldnorm', 'bias_scaling': 0.029687121836807887, 'lr': 0.7474064946212267, 'weight_increment': 0.0011133132425291139, 'min_window': 19, 'max_window': 43, 'use_full_instance': True, 'max_partners': 20, 'homeostasis': 'mean', 'target': 0.75, 'spread': 0.375, 'learning_rate': 0.001}",dqn,100,linear,0.001,,,,,,
LunarLander-v3,filterbank+hag,6,240,3.654166666666667,-123.40509876000002,114.60404704073741,-187.15923254740574,-76.79186166795616,1015,"{'decomposition': 'ema', 'n_filters': 12, 'slowest': 0.022150628564983305, 'input_scaling': 0.3786189199484331, 'bias_dist': 'foldnorm', 'bias_scaling': 0.029687121836807887, 'lr': 0.7474064946212267, 'weight_increment': 0.0011133132425291139, 'min_window': 19, 'max_window': 43, 'use_full_instance': True, 'max_partners': 20, 'homeostasis': 'mean', 'target': 0.75, 'spread': 0.375, 'learning_rate': 0.001}",dqn,100,linear,0.001,,,,,,
LunarLander-v3,filterbank+hag,1,240,3.3041666666666667,-199.97743838,101.28619838356889,-186.4945478384217,-182.18217425494205,971,"{'decomposition': 'ema', 'n_filters': 12, 'slowest': 0.022150628564983305, 'input_scaling': 0.3786189199484331, 'bias_dist': 'foldnorm', 'bias_scaling': 0.029687121836807887, 'lr': 0.7474064946212267, 'weight_increment': 0.0011133132425291139, 'min_window': 19, 'max_window': 43, 'use_full_instance': True, 'max_partners': 20, 'homeostasis': 'mean', 'target': 0.75, 'spread': 0.375, 'learning_rate': 0.003}",dqn,100,linear,0.003,,,,,,
LunarLander-v3,filterbank+hag,9,240,4.220833333333333,-193.00847530000001,134.15306067303376,-201.71598841963507,-164.162328044375,995,"{'decomposition': 'ema', 'n_filters': 12, 'slowest': 0.022150628564983305, 'input_scaling': 0.3786189199484331, 'bias_dist': 'foldnorm', 'bias_scaling': 0.029687121836807887, 'lr': 0.7474064946212267, 'weight_increment': 0.0011133132425291139, 'min_window': 19, 'max_window': 43, 'use_full_instance': True, 'max_partners': 20, 'homeostasis': 'mean', 'target': 0.75, 'spread': 0.375, 'learning_rate': 0.001}",dqn,100,linear,0.001,,,,,,
LunarLander-v3,filterbank+hag,0,240,3.4458333333333333,-108.96685772,60.03795077510289,-172.7515696490603,-146.7969259056604,994,"{'decomposition': 'ema', 'n_filters': 12, 'slowest': 0.022150628564983305, 'input_scaling': 0.3786189199484331, 'bias_dist': 'foldnorm', 'bias_scaling': 0.029687121836807887, 'lr': 0.7474064946212267, 'weight_increment': 0.0011133132425291139, 'min_window': 19, 'max_window': 43, 'use_full_instance': True, 'max_partners': 20, 'homeostasis': 'mean', 'target': 0.75, 'spread': 0.375, 'learning_rate': 0.003}",dqn,100,linear,0.003,,,,,,
LunarLander-v3,filterbank+hag,2,240,3.45,-131.41473319999997,84.89212160196054,-182.38383113690716,-138.94039548106312,975,"{'decomposition': 'ema', 'n_filters': 12, 'slowest': 0.022150628564983305, 'input_scaling': 0.3786189199484331, 'bias_dist': 'foldnorm', 'bias_scaling': 0.029687121836807887, 'lr': 0.7474064946212267, 'weight_increment': 0.0011133132425291139, 'min_window': 19, 'max_window': 43, 'use_full_instance': True, 'max_partners': 20, 'homeostasis': 'mean', 'target': 0.75, 'spread': 0.375, 'learning_rate': 0.003}",dqn,100,linear,0.003,,,,,,
LunarLander-v3,filterbank+hag,3,240,3.0791666666666666,-115.31854982,93.68758708782075,-162.58395276962926,-88.4130241011236,990,"{'decomposition': 'ema', 'n_filters': 12, 'slowest': 0.022150628564983305, 'input_scaling': 0.3786189199484331, 'bias_dist': 'foldnorm', 'bias_scaling': 0.029687121836807887, 'lr': 0.7474064946212267, 'weight_increment': 0.0011133132425291139, 'min_window': 19, 'max_window': 43, 'use_full_instance': True, 'max_partners': 20, 'homeostasis': 'mean', 'target': 0.75, 'spread': 0.375, 'learning_rate': 0.003}",dqn,100,linear,0.003,,,,,,
LunarLander-v3,filterbank+hag,4,240,3.0875,-144.76895232,81.5219333464836,-187.06900603841623,-177.60809679842933,998,"{'decomposition': 'ema', 'n_filters': 12, 'slowest': 0.022150628564983305, 'input_scaling': 0.3786189199484331, 'bias_dist': 'foldnorm', 'bias_scaling': 0.029687121836807887, 'lr': 0.7474064946212267, 'weight_increment': 0.0011133132425291139, 'min_window': 19, 'max_window': 43, 'use_full_instance': True, 'max_partners': 20, 'homeostasis': 'mean', 'target': 0.75, 'spread': 0.375, 'learning_rate': 0.003}",dqn,100,linear,0.003,,,,,,
LunarLander-v3,filterbank+proj,0,240,0.0,-173.36943173999995,78.54372914564365,-254.99032320737012,-224.27406861768705,973,"{'decomposition': 'ema', 'n_filters': 12, 'slowest': 0.022150628564983305, 'input_scaling': 0.3786189199484331, 'bias_dist': 'foldnorm', 'bias_scaling': 0.029687121836807887, 'lr': 0.7474064946212267, 'weight_increment': 0.0011133132425291139, 'min_window': 19, 'max_window': 43, 'use_full_instance': True, 'max_partners': 20, 'homeostasis': 'mean', 'target': 0.75, 'spread': 0.375, 'learning_rate': 0.0001}",dqn,100,linear,0.0001,,,,,,
LunarLander-v3,filterbank+hag,5,240,3.175,-101.58306460000001,57.34072070404849,-174.66590014879796,-140.71462044005358,995,"{'decomposition': 'ema', 'n_filters': 12, 'slowest': 0.022150628564983305, 'input_scaling': 0.3786189199484331, 'bias_dist': 'foldnorm', 'bias_scaling': 0.029687121836807887, 'lr': 0.7474064946212267, 'weight_increment': 0.0011133132425291139, 'min_window': 19, 'max_window': 43, 'use_full_instance': True, 'max_partners': 20, 'homeostasis': 'mean', 'target': 0.75, 'spread': 0.375, 'learning_rate': 0.003}",dqn,100,linear,0.003,,,,,,
LunarLander-v3,filterbank+esn,0,180,13.188888888888888,30.335763092128623,151.56905623119258,-87.12491227920158,-36.01513074454278,60,"{'decomposition': 'legendre', 'n_filters': 8, 'slowest': 0.03209274857178588, 'input_scaling': 0.7632024675298855, 'bias_dist': 'foldnorm', 'bias_scaling': 0.4964265298181534, 'lr': 0.8679470826261966, 'sr': 0.1312185345194985, 'rc_connectivity': 0.07328368087866646, 'ridge': 2.542170698533713e-05, 'gamma': 0.9581640450668604}",lspi,100,linear,,-58.62838834967458,12.0,"[-277.1651928097381, -106.51610574308786, -137.5175808180464, -190.31219906043984, -94.29947717721936, -132.92140444153966, -111.86338036859505, -44.975016310278555, 69.65196538669352, -55.68812140520117, -95.64306074303292, -26.938459688108253, 103.19939994584686, 65.10066345710011, 58.42227692049945, 44.33151298966493, 15.521802532093863, -9.47252989500089, -85.14953801612305, -160.33332174897933]",,,
LunarLander-v3,filterbank+hag,6,240,3.654166666666667,-172.09516452,112.62288926155162,-165.71760022938466,-139.66055486978195,998,"{'decomposition': 'ema', 'n_filters': 12, 'slowest': 0.022150628564983305, 'input_scaling': 0.3786189199484331, 'bias_dist': 'foldnorm', 'bias_scaling': 0.029687121836807887, 'lr': 0.7474064946212267, 'weight_increment': 0.0011133132425291139, 'min_window': 19, 'max_window': 43, 'use_full_instance': True, 'max_partners': 20, 'homeostasis': 'mean', 'target': 0.75, 'spread': 0.375, 'learning_rate': 0.003}",dqn,100,linear,0.003,,,,,,
LunarLander-v3,filterbank+hag,7,240,3.8958333333333335,-107.95970385999999,56.17608632135022,-180.12255994462188,-139.6047013514616,1003,"{'decomposition': 'ema', 'n_filters': 12, 'slowest': 0.022150628564983305, 'input_scaling': 0.3786189199484331, 'bias_dist': 'foldnorm', 'bias_scaling': 0.029687121836807887, 'lr': 0.7474064946212267, 'weight_increment': 0.0011133132425291139, 'min_window': 19, 'max_window': 43, 'use_full_instance': True, 'max_partners': 20, 'homeostasis': 'mean', 'target': 0.75, 'spread': 0.375, 'learning_rate': 0.003}",dqn,100,linear,0.003,,,,,,
LunarLander-v3,filterbank+hag,8,240,5.108333333333333,-121.91276727999998,53.449544783168754,-165.89624437321865,-134.70359524727039,1007,"{'decomposition': 'ema', 'n_filters': 12, 'slowest': 0.022150628564983305, 'input_scaling': 0.3786189199484331, 'bias_dist': 'foldnorm', 'bias_scaling': 0.029687121836807887, 'lr': 0.7474064946212267, 'weight_increment': 0.0011133132425291139, 'min_window': 19, 'max_window': 43, 'use_full_instance': True, 'max_partners': 20, 'homeostasis': 'mean', 'target': 0.75, 'spread': 0.375, 'learning_rate': 0.003}",dqn,100,linear,0.003,,,,,,
LunarLander-v3,filterbank+proj,2,240,0.0,-436.0467657,117.67382456970651,-265.000738621398,-351.72433927363477,983,"{'decomposition': 'ema', 'n_filters': 12, 'slowest': 0.022150628564983305, 'input_scaling': 0.3786189199484331, 'bias_dist': 'foldnorm', 'bias_scaling': 0.029687121836807887, 'lr': 0.7474064946212267, 'weight_increment': 0.0011133132425291139, 'min_window': 19, 'max_window': 43, 'use_full_instance': True, 'max_partners': 20, 'homeostasis': 'mean', 'target': 0.75, 'spread': 0.375, 'learning_rate': 0.0001}",dqn,100,linear,0.0001,,,,,,
LunarLander-v3,filterbank+hag,9,240,4.220833333333333,-120.79169757999998,57.38503870844563,-184.27995771643285,-150.8054649122807,1015,"{'decomposition': 'ema', 'n_filters': 12, 'slowest': 0.022150628564983305, 'input_scaling': 0.3786189199484331, 'bias_dist': 'foldnorm', 'bias_scaling': 0.029687121836807887, 'lr': 0.7474064946212267, 'weight_increment': 0.0011133132425291139, 'min_window': 19, 'max_window': 43, 'use_full_instance': True, 'max_partners': 20, 'homeostasis': 'mean', 'target': 0.75, 'spread': 0.375, 'learning_rate': 0.003}",dqn,100,linear,0.003,,,,,,
LunarLander-v3,filterbank+proj,1,240,0.0,-178.91081582000004,98.9144098144753,-238.91331042282306,-232.71652491767213,1008,"{'decomposition': 'ema', 'n_filters': 12, 'slowest': 0.022150628564983305, 'input_scaling': 0.3786189199484331, 'bias_dist': 'foldnorm', 'bias_scaling': 0.029687121836807887, 'lr': 0.7474064946212267, 'weight_increment': 0.0011133132425291139, 'min_window': 19, 'max_window': 43, 'use_full_instance': True, 'max_partners': 20, 'homeostasis': 'mean', 'target': 0.75, 'spread': 0.375, 'learning_rate': 0.0001}",dqn,100,linear,0.0001,,,,,,
LunarLander-v3,filterbank+esn,1,180,13.188888888888888,11.741612587715183,143.26419013278135,-87.68841209049178,-50.96244948646381,60,"{'decomposition': 'legendre', 'n_filters': 8, 'slowest': 0.03209274857178588, 'input_scaling': 0.7632024675298855, 'bias_dist': 'foldnorm', 'bias_scaling': 0.4964265298181534, 'lr': 0.8679470826261966, 'sr': 0.1312185345194985, 'rc_connectivity': 0.07328368087866646, 'ridge': 2.542170698533713e-05, 'gamma': 0.9581640450668604}",lspi,100,linear,,-56.84144251339315,13.0,"[-297.3809326452623, -118.47162888864015, -114.28829265331942, -44.608643023874876, -111.78297582695643, -35.90273656679389, -1.8176503758443565, -138.41561750913073, -73.09329680127432, -45.07548276801233, 7.287518382276096, -86.54357323217135, 9.099799232187783, 40.78724332267974, 5.5972973338941285, -3.7147711311230807, -4.726041570957949, -107.92792216940877, -45.77848738219909, 29.927344006068335]",,,
LunarLander-v3,filterbank+proj,3,240,0.0,-254.03649461999998,116.60794551731519,-255.66580839174802,-215.38382288907374,994,"{'decomposition': 'ema', 'n_filters': 12, 'slowest': 0.022150628564983305, 'input_scaling': 0.3786189199484331, 'bias_dist': 'foldnorm', 'bias_scaling': 0.029687121836807887, 'lr': 0.7474064946212267, 'weight_increment': 0.0011133132425291139, 'min_window': 19, 'max_window': 43, 'use_full_instance': True, 'max_partners': 20, 'homeostasis': 'mean', 'target': 0.75, 'spread': 0.375, 'learning_rate': 0.0001}",dqn,100,linear,0.0001,,,,,,
LunarLander-v3,filterbank+esn,2,180,13.188888888888888,-42.154709921271476,75.18449606917336,-91.75743454277205,-40.25977279899943,58,"{'decomposition': 'legendre', 'n_filters': 8, 'slowest': 0.03209274857178588, 'input_scaling': 0.7632024675298855, 'bias_dist': 'foldnorm', 'bias_scaling': 0.4964265298181534, 'lr': 0.8679470826261966, 'sr': 0.1312185345194985, 'rc_connectivity': 0.07328368087866646, 'ridge': 2.542170698533713e-05, 'gamma': 0.9581640450668604}",lspi,100,linear,,-94.38219254199514,19.0,"[-145.74418986280142, -259.444730130914, -138.58634965603292, -310.858244264618, -165.38886607198805, -107.77298061371661, -107.95398088330492, -102.54362153875059, -96.06200733582367, -113.23206546334124, 8.965141653695682, -72.02082792908882, -70.79762258449853, -13.99317620876306, -90.63177375286877, -45.99749493139955, -26.28528649626794, -11.687935893832572, -51.29597882865225, 33.68813995306465]",,,
LunarLander-v3,filterbank+esn,3,180,13.188888888888888,-111.95583246876684,130.44809318209101,-118.67093495434746,-115.99488292208055,59,"{'decomposition': 'legendre', 'n_filters': 8, 'slowest': 0.03209274857178588, 'input_scaling': 0.7632024675298855, 'bias_dist': 'foldnorm', 'bias_scaling': 0.4964265298181534, 'lr': 0.8679470826261966, 'sr': 0.1312185345194985, 'rc_connectivity': 0.07328368087866646, 'ridge': 2.542170698533713e-05, 'gamma': 0.9581640450668604}",lspi,100,linear,,-174.83763827343296,9.0,"[-285.2976979116282, -128.8745543951174, -207.27922961190112, -368.20320417063823, -255.55829779876018, -154.12633237299397, -192.17697257200092, -184.93791196396515, -183.04575639444974, -53.678765945796556, -118.29968624838939, -160.8727292069409, -122.29233968192125, -124.7079182922766, -191.99733169099923, -177.20636131136297, -105.32956893097784, -165.12152207022262, -156.14866386958118, -161.59792102873575]",,,
LunarLander-v3,filterbank+esn,4,180,13.188888888888888,15.16212484667958,166.44029914437343,-91.39723083420486,13.16853414137149,60,"{'decomposition': 'legendre', 'n_filters': 8, 'slowest': 0.03209274857178588, 'input_scaling': 0.7632024675298855, 'bias_dist': 'foldnorm', 'bias_scaling': 0.4964265298181534, 'lr': 0.8679470826261966, 'sr': 0.1312185345194985, 'rc_connectivity': 0.07328368087866646, 'ridge': 2.542170698533713e-05, 'gamma': 0.9581640450668604}",lspi,100,linear,,-74.61468709866833,15.0,"[-251.18546118599903, -170.121361817564, -147.64541715169216, -145.5005430883898, -154.80424162007813, -75.8613033286912, -73.92583943375078, -29.02910247292839, -155.2514593289031, -111.61645762940734, 40.12771969282205, -78.19428213343156, -33.462188474554004, -90.86961704856516, -146.09902827612075, 80.40399578230125, 44.729097430401666, 79.27691749012067, 7.87496081048771, -81.14013018942453]",,,
LunarLander-v3,filterbank+esn,5,180,13.188888888888888,-64.17885488404544,162.07092054657008,-95.79670927573866,-84.86621767736409,62,"{'decomposition': 'legendre', 'n_filters': 8, 'slowest': 0.03209274857178588, 'input_scaling': 0.7632024675298855, 'bias_dist': 'foldnorm', 'bias_scaling': 0.4964265298181534, 'lr': 0.8679470826261966, 'sr': 0.1312185345194985, 'rc_connectivity': 0.07328368087866646, 'ridge': 2.542170698533713e-05, 'gamma': 0.9581640450668604}",lspi,100,linear,,-105.93563270472646,5.0,"[-219.18800886591345, -100.9965784247119, -76.95581229060943, -127.50093914868117, -53.9990849469069, 99.62914165070642, -111.41061669547057, -140.7023265512541, -122.34353140301883, -101.95468775839443, -121.44051223604887, -41.550646623161846, -54.758438560317884, -87.01967458923625, -96.3276018430195, -220.65379316665968, -164.99082542535385, -148.78095863493752, -88.96867322820306, -138.79908535333635]",,,
LunarLander-v3,filterbank+esn,6,180,13.188888888888888,-55.34617383938755,179.11162959890933,-136.99538389723077,-160.5925555481145,61,"{'decomposition': 'legendre', 'n_filters': 8, 'slowest': 0.03209274857178588, 'input_scaling': 0.7632024675298855, 'bias_dist': 'foldnorm', 'bias_scaling': 0.4964265298181534, 'lr': 0.8679470826261966, 'sr': 0.1312185345194985, 'rc_connectivity': 0.07328368087866646, 'ridge': 2.542170698533713e-05, 'gamma': 0.9581640450668604}",lspi,100,linear,,-159.53615928168935,10.0,"[-345.82042432555363, -288.55334013179873, -232.99384964843392, -273.0209754490771, -188.47636379879685, -337.1873736188926, -74.78779216505278, -19.771248621851928, -62.02996582847635, -187.71967314464962, -15.999365431161868, -139.17225295147546, -101.12677659877087, -109.07240920288514, -92.5236540909876, -97.07228731670187, -134.56765703243806, -199.9292339974092, -148.80693097303794, -142.091611306336]",,,
LunarLander-v3,filterbank+esn,7,180,13.188888888888888,-6.577471114930404,142.99224764348548,-108.9916860116559,-92.24933217870841,60,"{'decomposition': 'legendre', 'n_filters': 8, 'slowest': 0.03209274857178588, 'input_scaling': 0.7632024675298855, 'bias_dist': 'foldnorm', 'bias_scaling': 0.4964265298181534, 'lr': 0.8679470826261966, 'sr': 0.1312185345194985, 'rc_connectivity': 0.07328368087866646, 'ridge': 2.542170698533713e-05, 'gamma': 0.9581640450668604}",lspi,100,linear,,-107.93008798321898,9.0,"[-310.40405567791356, -184.26014002984155, -205.8042691371796, -107.68048861478492, -127.08281016415883, -108.11827705643948, -44.862198868874714, -49.510388596514886, -35.80515793822191, 0.3581404013432291, -71.91767094544069, -93.19025987652257, -106.44683253159151, -89.55064992298838, -166.70704819056732, -120.09940786546088, -52.9390195881946, -108.35719938616073, -65.95517027058932, -110.26885540427755]",,,
LunarLander-v3,filterbank+proj,4,240,0.0,-269.62438038,119.1290238624484,-245.54730125740275,-228.48475378293602,1000,"{'decomposition': 'ema', 'n_filters': 12, 'slowest': 0.022150628564983305, 'input_scaling': 0.3786189199484331, 'bias_dist': 'foldnorm', 'bias_scaling': 0.029687121836807887, 'lr': 0.7474064946212267, 'weight_increment': 0.0011133132425291139, 'min_window': 19, 'max_window': 43, 'use_full_instance': True, 'max_partners': 20, 'homeostasis': 'mean', 'target': 0.75, 'spread': 0.375, 'learning_rate': 0.0001}",dqn,100,linear,0.0001,,,,,,
LunarLander-v3,filterbank+proj,5,240,0.0,-263.78508201999995,125.23130125970496,-229.48383884248418,-215.23493191859737,996,"{'decomposition': 'ema', 'n_filters': 12, 'slowest': 0.022150628564983305, 'input_scaling': 0.3786189199484331, 'bias_dist': 'foldnorm', 'bias_scaling': 0.029687121836807887, 'lr': 0.7474064946212267, 'weight_increment': 0.0011133132425291139, 'min_window': 19, 'max_window': 43, 'use_full_instance': True, 'max_partners': 20, 'homeostasis': 'mean', 'target': 0.75, 'spread': 0.375, 'learning_rate': 0.0001}",dqn,100,linear,0.0001,,,,,,
LunarLander-v3,filterbank+esn,8,180,13.188888888888888,-43.450739839936105,147.98298604115132,-106.2297019465867,-85.87656995588121,59,"{'decomposition': 'legendre', 'n_filters': 8, 'slowest': 0.03209274857178588, 'input_scaling': 0.7632024675298855, 'bias_dist': 'foldnorm', 'bias_scaling': 0.4964265298181534, 'lr': 0.8679470826261966, 'sr': 0.1312185345194985, 'rc_connectivity': 0.07328368087866646, 'ridge': 2.542170698533713e-05, 'gamma': 0.9581640450668604}",lspi,100,linear,,-114.06528140458684,11.0,"[-147.67526575816186, -148.21686436725668, -205.3814024175355, -177.84420021005897, -156.67393227391943, -151.65636742774663, -70.57238644038736, -130.50746232096438, -118.84786786944343, -63.718949421168716, -94.97739310360839, -9.242385084066566, -147.67194482742565, -14.593127305066247, -158.12501678365982, -65.09895295500955, -88.79516864754072, -56.00898325475384, -120.18938634906695, -155.50857127489638]",,,
LunarLander-v3,filterbank+esn,9,180,13.188888888888888,-172.66474936233357,104.27837833239818,-115.25856035433436,-71.09741221878055,60,"{'decomposition': 'legendre', 'n_filters': 8, 'slowest': 0.03209274857178588, 'input_scaling': 0.7632024675298855, 'bias_dist': 'foldnorm', 'bias_scaling': 0.4964265298181534, 'lr': 0.8679470826261966, 'sr': 0.1312185345194985, 'rc_connectivity': 0.07328368087866646, 'ridge': 2.542170698533713e-05, 'gamma': 0.9581640450668604}",lspi,100,linear,,-134.39505303137793,5.0,"[-423.9948675844842, -179.12179875766046, -303.5889592422257, -199.05097472342885, -120.63015248143729, -40.506984419826395, -179.14066945028486, -120.65364653363542, -126.19804494044327, -97.75098089964256, -100.25376714307183, -106.76148171987685, -108.13368334558155, -67.30316845232774, -94.14238783670103, -59.082894642631686, -70.8089060379956, -86.61257437404562, -82.15503880428076, -122.01007923797621]",,,
LunarLander-v3,filterbank+proj,0,240,0.0,-181.44256489999995,91.39784005851472,-224.87285301735315,-221.82431287603305,960,"{'decomposition': 'ema', 'n_filters': 12, 'slowest': 0.022150628564983305, 'input_scaling': 0.3786189199484331, 'bias_dist': 'foldnorm', 'bias_scaling': 0.029687121836807887, 'lr': 0.7474064946212267, 'weight_increment': 0.0011133132425291139, 'min_window': 19, 'max_window': 43, 'use_full_instance': True, 'max_partners': 20, 'homeostasis': 'mean', 'target': 0.75, 'spread': 0.375, 'learning_rate': 0.0003}",dqn,100,linear,0.0003,,,,,,
LunarLander-v3,filterbank+proj,8,240,0.0,-201.07934676000002,127.3943443637456,-228.02297575409665,-206.59475023874347,972,"{'decomposition': 'ema', 'n_filters': 12, 'slowest': 0.022150628564983305, 'input_scaling': 0.3786189199484331, 'bias_dist': 'foldnorm', 'bias_scaling': 0.029687121836807887, 'lr': 0.7474064946212267, 'weight_increment': 0.0011133132425291139, 'min_window': 19, 'max_window': 43, 'use_full_instance': True, 'max_partners': 20, 'homeostasis': 'mean', 'target': 0.75, 'spread': 0.375, 'learning_rate': 0.0001}",dqn,100,linear,0.0001,,,,,,
LunarLander-v3,filterbank+hag,0,180,2.8,-130.88183003280912,141.44919908054794,-131.85876004031581,-129.631610107205,63,"{'decomposition': 'legendre', 'n_filters': 8, 'slowest': 0.04011657681493965, 'input_scaling': 0.5837943135636782, 'bias_dist': 'foldnorm', 'bias_scaling': 0.412902076619634, 'lr': 0.8728211492696717, 'weight_increment': 0.0013740872217070856, 'min_window': 7, 'max_window': 14, 'use_full_instance': True, 'max_partners': inf, 'homeostasis': 'mean', 'target': 0.78, 'spread': 0.05, 'ridge': 2.6462791154807095e-06, 'gamma': 0.9512668628784811}",lspi,100,linear,,-166.9400047860177,10.0,"[-367.3527762210941, -277.5014369348892, -254.64213326786293, -189.54182511046096, -109.57674753545072, -160.22126528447356, -156.58401866870014, -191.27712222670442, -108.47954049006216, -159.78755569771963, -59.59842672418863, -154.46661238531186, -194.90313460818209, -72.60697947774798, -131.5841033806741, -108.94961929926123, -122.38646516245929, -162.84467799998205, -215.13849495513264, -141.35716028999596]",,,
LunarLander-v3,filterbank+proj,6,240,0.0,-218.03582920000005,64.52009306829262,-226.8640437782241,-258.3923050729387,1004,"{'decomposition': 'ema', 'n_filters': 12, 'slowest': 0.022150628564983305, 'input_scaling': 0.3786189199484331, 'bias_dist': 'foldnorm', 'bias_scaling': 0.029687121836807887, 'lr': 0.7474064946212267, 'weight_increment': 0.0011133132425291139, 'min_window': 19, 'max_window': 43, 'use_full_instance': True, 'max_partners': 20, 'homeostasis': 'mean', 'target': 0.75, 'spread': 0.375, 'learning_rate': 0.0001}",dqn,100,linear,0.0001,,,,,,
LunarLander-v3,filterbank+hag,1,180,2.566666666666667,-25.358630961902037,173.6886816655218,-108.78631077790656,-96.52999138775802,65,"{'decomposition': 'legendre', 'n_filters': 8, 'slowest': 0.04011657681493965, 'input_scaling': 0.5837943135636782, 'bias_dist': 'foldnorm', 'bias_scaling': 0.412902076619634, 'lr': 0.8728211492696717, 'weight_increment': 0.0013740872217070856, 'min_window': 7, 'max_window': 14, 'use_full_instance': True, 'max_partners': inf, 'homeostasis': 'mean', 'target': 0.78, 'spread': 0.05, 'ridge': 2.6462791154807095e-06, 'gamma': 0.9512668628784811}",lspi,100,linear,,-96.7794906938466,15.0,"[-251.53902900221038, -353.0443680571058, -139.7007957590863, -215.65957939386936, -91.37803149430373, -16.885668510750943, -150.57733167547994, -74.8228771031766, -25.361656585526536, 35.45117867231089, -53.95652511133096, -110.97226370561211, -44.613646228276124, -77.05406887510004, -97.5473079355404, 62.98452118401093, -52.10213210122184, -77.17916156653578, -107.58640797678144, -94.04466265134546]",,,
LunarLander-v3,filterbank+hag,2,180,2.672222222222222,-5.029600024711765,140.91817812087396,-99.70534952032612,11.47168047845452,63,"{'decomposition': 'legendre', 'n_filters': 8, 'slowest': 0.04011657681493965, 'input_scaling': 0.5837943135636782, 'bias_dist': 'foldnorm', 'bias_scaling': 0.412902076619634, 'lr': 0.8728211492696717, 'weight_increment': 0.0013740872217070856, 'min_window': 7, 'max_window': 14, 'use_full_instance': True, 'max_partners': inf, 'homeostasis': 'mean', 'target': 0.78, 'spread': 0.05, 'ridge': 2.6462791154807095e-06, 'gamma': 0.9512668628784811}",lspi,100,linear,,-81.09008588431206,16.0,"[-219.2207614068599, -264.76943041200934, -141.36772661570444, -210.38334582810154, -194.6947102626047, -240.5685964756952, -103.07620678820271, -189.20608353434665, -140.45575773474184, -122.26634182504635, -71.93716852026188, -22.604048250028793, -4.0291419479697295, -5.130339173364538, 7.074576273577959, -0.6037521471873489, 108.24864741768957, 68.19967617583681, 52.23575665466687, 72.75303671411253]",,,
LunarLander-v3,filterbank+proj,5,240,0.0,-227.21176456,131.14460034187744,-219.97372472479947,-211.81945311810014,961,"{'decomposition': 'ema', 'n_filters': 12, 'slowest': 0.022150628564983305, 'input_scaling': 0.3786189199484331, 'bias_dist': 'foldnorm', 'bias_scaling': 0.029687121836807887, 'lr': 0.7474064946212267, 'weight_increment': 0.0011133132425291139, 'min_window': 19, 'max_window': 43, 'use_full_instance': True, 'max_partners': 20, 'homeostasis': 'mean', 'target': 0.75, 'spread': 0.375, 'learning_rate': 0.0003}",dqn,100,linear,0.0003,,,,,,
LunarLander-v3,filterbank+hag,3,180,2.411111111111111,-75.23824162079501,129.4688052759292,-98.53694017791369,-53.6404190363966,63,"{'decomposition': 'legendre', 'n_filters': 8, 'slowest': 0.04011657681493965, 'input_scaling': 0.5837943135636782, 'bias_dist': 'foldnorm', 'bias_scaling': 0.412902076619634, 'lr': 0.8728211492696717, 'weight_increment': 0.0013740872217070856, 'min_window': 7, 'max_window': 14, 'use_full_instance': True, 'max_partners': inf, 'homeostasis': 'mean', 'target': 0.78, 'spread': 0.05, 'ridge': 2.6462791154807095e-06, 'gamma': 0.9512668628784811}",lspi,100,linear,,-91.95099937868477,16.0,"[-231.72589878265813, -88.61739635079866, -193.08704385028304, -41.428123212174626, -69.18611155055218, -165.45353197777587, -165.6864854060705, -132.16383515957008, -99.89421664863376, -20.521499016652673, -93.05280119027556, -111.19272098401544, -84.8845888674643, -45.32022071429917, -63.18576461797519, -46.93906127468342, 8.663327563177834, -73.45475479880818, 3.61342294490222, -125.50268367908427]",,,
LunarLander-v3,filterbank+proj,1,240,0.0,-222.56703008,112.48737660686271,-218.44099425193704,-214.3631723619559,972,"{'decomposition': 'ema', 'n_filters': 12, 'slowest': 0.022150628564983305, 'input_scaling': 0.3786189199484331, 'bias_dist': 'foldnorm', 'bias_scaling': 0.029687121836807887, 'lr': 0.7474064946212267, 'weight_increment': 0.0011133132425291139, 'min_window': 19, 'max_window': 43, 'use_full_instance': True, 'max_partners': 20, 'homeostasis': 'mean', 'target': 0.75, 'spread': 0.375, 'learning_rate': 0.0003}",dqn,100,linear,0.0003,,,,,,
LunarLander-v3,filterbank+proj,7,240,0.0,-158.6845864,74.14244680149979,-229.36390836721233,-193.50829300179961,997,"{'decomposition': 'ema', 'n_filters': 12, 'slowest': 0.022150628564983305, 'input_scaling': 0.3786189199484331, 'bias_dist': 'foldnorm', 'bias_scaling': 0.029687121836807887, 'lr': 0.7474064946212267, 'weight_increment': 0.0011133132425291139, 'min_window': 19, 'max_window': 43, 'use_full_instance': True, 'max_partners': 20, 'homeostasis': 'mean', 'target': 0.75, 'spread': 0.375, 'learning_rate': 0.0001}",dqn,100,linear,0.0001,,,,,,
LunarLander-v3,filterbank+hag,4,180,2.4611111111111112,43.2294931312089,151.97110133340985,-95.8905888991518,-21.61718912921345,64,"{'decomposition': 'legendre', 'n_filters': 8, 'slowest': 0.04011657681493965, 'input_scaling': 0.5837943135636782, 'bias_dist': 'foldnorm', 'bias_scaling': 0.412902076619634, 'lr': 0.8728211492696717, 'weight_increment': 0.0013740872217070856, 'min_window': 7, 'max_window': 14, 'use_full_instance': True, 'max_partners': inf, 'homeostasis': 'mean', 'target': 0.78, 'spread': 0.05, 'ridge': 2.6462791154807095e-06, 'gamma': 0.9512668628784811}",lspi,100,linear,,-50.23441870716259,15.0,"[-329.81729419956076, -223.381271675667, -194.45499584632154, -217.14938452899372, -129.25716697770545, -89.21654735148901, 14.712681431293419, -12.563141097762417, -2.652001970640484, -60.526664710984676, 11.441298843071078, 76.25610912012692, -39.11702176038803, 57.46595664763938, -76.74567682451593, 148.59705112027797, 100.49148551046149, -6.270486536265918, -15.150115269272675, -17.351188066554382]",,,
LunarLander-v3,filterbank+proj,2,240,0.0,-191.54343638000003,117.55392774443567,-223.68172751852552,-194.25168565389447,977,"{'decomposition': 'ema', 'n_filters': 12, 'slowest': 0.022150628564983305, 'input_scaling': 0.3786189199484331, 'bias_dist': 'foldnorm', 'bias_scaling': 0.029687121836807887, 'lr': 0.7474064946212267, 'weight_increment': 0.0011133132425291139, 'min_window': 19, 'max_window': 43, 'use_full_instance': True, 'max_partners': 20, 'homeostasis': 'mean', 'target': 0.75, 'spread': 0.375, 'learning_rate': 0.0003}",dqn,100,linear,0.0003,,,,,,
LunarLander-v3,filterbank+hag,5,180,2.4722222222222223,29.23181081884678,156.11097423391257,-86.78156995544683,3.8805602156812364,64,"{'decomposition': 'legendre', 'n_filters': 8, 'slowest': 0.04011657681493965, 'input_scaling': 0.5837943135636782, 'bias_dist': 'foldnorm', 'bias_scaling': 0.412902076619634, 'lr': 0.8728211492696717, 'weight_increment': 0.0013740872217070856, 'min_window': 7, 'max_window': 14, 'use_full_instance': True, 'max_partners': inf, 'homeostasis': 'mean', 'target': 0.78, 'spread': 0.05, 'ridge': 2.6462791154807095e-06, 'gamma': 0.9512668628784811}",lspi,100,linear,,-53.81087050239442,17.0,"[-139.83601921691027, -223.05305394386613, -143.21263581746035, -61.428967581279025, 15.930844094058637, -41.84371221888229, 18.082587263034277, -120.34942760997815, -110.69613306394044, -112.37376685777852, 6.481125970607979, -60.98162347998325, -33.10124055568448, -107.07004816220505, -13.287648018111407, 17.10135435384252, 27.688743476213887, 47.917499416035945, -80.53569859557265, 38.3504104999705]",,,
LunarLander-v3,filterbank+hag,7,180,2.9166666666666665,-94.87206356483404,109.40666956616536,-112.22228351018461,-100.02963874274012,61,"{'decomposition': 'legendre', 'n_filters': 8, 'slowest': 0.04011657681493965, 'input_scaling': 0.5837943135636782, 'bias_dist': 'foldnorm', 'bias_scaling': 0.412902076619634, 'lr': 0.8728211492696717, 'weight_increment': 0.0013740872217070856, 'min_window': 7, 'max_window': 14, 'use_full_instance': True, 'max_partners': inf, 'homeostasis': 'mean', 'target': 0.78, 'spread': 0.05, 'ridge': 2.6462791154807095e-06, 'gamma': 0.9512668628784811}",lspi,100,linear,,-134.2048811223113,15.0,"[-199.9530538629978, -447.75348247660315, -72.41980776470174, -260.2504059674101, -92.77426302561007, -116.90896235281107, -92.31247484150546, -109.92850105874602, -187.99760367833647, -170.783687536486, -131.40733379632078, -120.83129015226027, -125.4381888858704, -115.99834822182402, -77.04445915223873, -5.693151795866368, -84.43914799594319, -106.68983439347576, -58.39758396886471, -107.07604151835407]",,,
LunarLander-v3,filterbank+hag,6,180,2.8,-24.772973676314365,164.22112462150196,-103.7028018169939,-85.08797327396674,67,"{'decomposition': 'legendre', 'n_filters': 8, 'slowest': 0.04011657681493965, 'input_scaling': 0.5837943135636782, 'bias_dist': 'foldnorm', 'bias_scaling': 0.412902076619634, 'lr': 0.8728211492696717, 'weight_increment': 0.0013740872217070856, 'min_window': 7, 'max_window': 14, 'use_full_instance': True, 'max_partners': inf, 'homeostasis': 'mean', 'target': 0.78, 'spread': 0.05, 'ridge': 2.6462791154807095e-06, 'gamma': 0.9512668628784811}",lspi,100,linear,,-114.40476874253534,14.0,"[-238.57328533548835, -130.2291948358636, -230.41747850965467, -250.21192797961584, -239.47681976319035, -190.50704655350415, -160.99883599270834, -190.20522789165773, -129.0937556679906, -126.5831095610921, -81.95510674847279, -52.88758856975937, -67.49175354482976, -68.68759307020204, 45.13892688056584, -14.247151186324839, -34.476459924734684, -84.57467030775115, -85.50748482165082, 42.890188533218335]",,,
LunarLander-v3,filterbank+proj,9,240,0.0,-351.04057869999997,156.88157126844956,-249.96266913738714,-337.74175223021183,1008,"{'decomposition': 'ema', 'n_filters': 12, 'slowest': 0.022150628564983305, 'input_scaling': 0.3786189199484331, 'bias_dist': 'foldnorm', 'bias_scaling': 0.029687121836807887, 'lr': 0.7474064946212267, 'weight_increment': 0.0011133132425291139, 'min_window': 19, 'max_window': 43, 'use_full_instance': True, 'max_partners': 20, 'homeostasis': 'mean', 'target': 0.75, 'spread': 0.375, 'learning_rate': 0.0001}",dqn,100,linear,0.0001,,,,,,
LunarLander-v3,filterbank+proj,4,240,0.0,-202.43999194,115.22829303552997,-239.61574108723696,-211.30219370238092,990,"{'decomposition': 'ema', 'n_filters': 12, 'slowest': 0.022150628564983305, 'input_scaling': 0.3786189199484331, 'bias_dist': 'foldnorm', 'bias_scaling': 0.029687121836807887, 'lr': 0.7474064946212267, 'weight_increment': 0.0011133132425291139, 'min_window': 19, 'max_window': 43, 'use_full_instance': True, 'max_partners': 20, 'homeostasis': 'mean', 'target': 0.75, 'spread': 0.375, 'learning_rate': 0.0003}",dqn,100,linear,0.0003,,,,,,
LunarLander-v3,filterbank+hag,8,180,4.311111111111111,-55.37980171935536,134.1046835568947,-101.8047688615226,-33.917900560737365,64,"{'decomposition': 'legendre', 'n_filters': 8, 'slowest': 0.04011657681493965, 'input_scaling': 0.5837943135636782, 'bias_dist': 'foldnorm', 'bias_scaling': 0.412902076619634, 'lr': 0.8728211492696717, 'weight_increment': 0.0013740872217070856, 'min_window': 7, 'max_window': 14, 'use_full_instance': True, 'max_partners': inf, 'homeostasis': 'mean', 'target': 0.78, 'spread': 0.05, 'ridge': 2.6462791154807095e-06, 'gamma': 0.9512668628784811}",lspi,100,linear,,-96.09244201687221,11.0,"[-385.39769817289755, -133.7969039708898, -119.42104619246962, -136.40243807787178, -152.17037490635903, -139.0320646568583, -139.8945987600538, -131.72085932094714, -83.98035299340167, 7.340238914618356, -23.473861687714052, 28.938140394641152, -13.793976518664323, -97.38438829156478, -80.24926334438712, -40.67984277556704, -14.753470699120536, -72.60413845412789, -121.00787624184952, -72.36406458195994]",,,
LunarLander-v3,filterbank+proj,0,180,0.0,-68.17639910478262,152.69151675295376,-118.4244852943762,-55.73061560025175,62,"{'decomposition': 'legendre', 'n_filters': 8, 'slowest': 0.04011657681493965, 'input_scaling': 0.5837943135636782, 'bias_dist': 'foldnorm', 'bias_scaling': 0.412902076619634, 'lr': 0.8728211492696717, 'weight_increment': 0.0013740872217070856, 'min_window': 7, 'max_window': 14, 'use_full_instance': True, 'max_partners': inf, 'homeostasis': 'mean', 'target': 0.78, 'spread': 0.05, 'ridge': 2.6462791154807095e-06, 'gamma': 0.9512668628784811}",lspi,100,linear,,-93.75322090048998,13.0,"[-248.31995811251994, -270.77538616843106, -178.58597385828722, -224.86717320408698, -200.4536987745438, -14.14313915502592, -148.44151083760875, -94.90048560858375, -47.92446793997531, -76.0454230739538, -80.52338061839657, -39.53999643621023, -86.8836444133561, 19.19586274041737, -67.74883974704869, -56.19889023411453, 12.711602315314682, -13.01478613969058, -33.301170719449786, -25.303958024248544]",,,
LunarLander-v3,filterbank+proj,7,240,0.0,-289.17449462,141.98739643615536,-234.72409007882973,-225.4518998147503,988,"{'decomposition': 'ema', 'n_filters': 12, 'slowest': 0.022150628564983305, 'input_scaling': 0.3786189199484331, 'bias_dist': 'foldnorm', 'bias_scaling': 0.029687121836807887, 'lr': 0.7474064946212267, 'weight_increment': 0.0011133132425291139, 'min_window': 19, 'max_window': 43, 'use_full_instance': True, 'max_partners': 20, 'homeostasis': 'mean', 'target': 0.75, 'spread': 0.375, 'learning_rate': 0.0003}",dqn,100,linear,0.0003,,,,,,
LunarLander-v3,filterbank+hag,9,180,3.5055555555555555,15.727260710328592,128.5382959174808,-96.86198701190976,10.283844159258503,64,"{'decomposition': 'legendre', 'n_filters': 8, 'slowest': 0.04011657681493965, 'input_scaling': 0.5837943135636782, 'bias_dist': 'foldnorm', 'bias_scaling': 0.412902076619634, 'lr': 0.8728211492696717, 'weight_increment': 0.0013740872217070856, 'min_window': 7, 'max_window': 14, 'use_full_instance': True, 'max_partners': inf, 'homeostasis': 'mean', 'target': 0.78, 'spread': 0.05, 'ridge': 2.6462791154807095e-06, 'gamma': 0.9512668628784811}",lspi,100,linear,,-11.8124718225426,15.0,"[-285.28704804587494, -144.82339682780287, -165.6462826907695, -135.62035989841104, -116.9361873809816, -92.25519078277271, -5.2382218636227, 100.34044434158136, 47.05174199199194, 72.87732259656192, 51.79390702950248, 38.5731698279939, 66.69548327051059, 23.938087181877513, 53.13699246420269, 105.24533585761617, 65.7930124212091, 33.636991473797295, 30.968536361856252, 19.506226220682198]",,,
LunarLander-v3,filterbank+proj,9,240,0.0,-205.91080913999997,95.66599275500893,-217.31817423560628,-182.59449334382717,977,"{'decomposition': 'ema', 'n_filters': 12, 'slowest': 0.022150628564983305, 'input_scaling': 0.3786189199484331, 'bias_dist': 'foldnorm', 'bias_scaling': 0.029687121836807887, 'lr': 0.7474064946212267, 'weight_increment': 0.0011133132425291139, 'min_window': 19, 'max_window': 43, 'use_full_instance': True, 'max_partners': 20, 'homeostasis': 'mean', 'target': 0.75, 'spread': 0.375, 'learning_rate': 0.0003}",dqn,100,linear,0.0003,,,,,,
LunarLander-v3,filterbank+proj,3,240,0.0,-217.39000316,108.02394411420063,-249.32396200081178,-252.29222584570766,1001,"{'decomposition': 'ema', 'n_filters': 12, 'slowest': 0.022150628564983305, 'input_scaling': 0.3786189199484331, 'bias_dist': 'foldnorm', 'bias_scaling': 0.029687121836807887, 'lr': 0.7474064946212267, 'weight_increment': 0.0011133132425291139, 'min_window': 19, 'max_window': 43, 'use_full_instance': True, 'max_partners': 20, 'homeostasis': 'mean', 'target': 0.75, 'spread': 0.375, 'learning_rate': 0.0003}",dqn,100,linear,0.0003,,,,,,
LunarLander-v3,filterbank+proj,1,180,0.0,-15.11858011751352,140.73811802799895,-92.15755784044622,-52.51373698814933,61,"{'decomposition': 'legendre', 'n_filters': 8, 'slowest': 0.04011657681493965, 'input_scaling': 0.5837943135636782, 'bias_dist': 'foldnorm', 'bias_scaling': 0.412902076619634, 'lr': 0.8728211492696717, 'weight_increment': 0.0013740872217070856, 'min_window': 7, 'max_window': 14, 'use_full_instance': True, 'max_partners': inf, 'homeostasis': 'mean', 'target': 0.78, 'spread': 0.05, 'ridge': 2.6462791154807095e-06, 'gamma': 0.9512668628784811}",lspi,100,linear,,-99.69676524223061,15.0,"[-161.91727160721737, -254.62841153243988, -115.8805921470143, -211.44543704186063, -148.647094592489, -194.3311466300826, -126.52052540987529, -120.64856994564143, -26.997523919474723, -134.16710999605624, -129.46445857766045, -151.17848325534305, -61.634604457278485, -48.418098429880686, -46.9352451301263, 34.87097265586749, -4.933187578985194, -15.616870078414319, -83.22290720998117, 7.781260039341207]",,,
LunarLander-v3,filterbank+proj,6,240,0.0,-197.38051063999998,86.86235586757542,-218.44703108189805,-205.56699795375724,994,"{'decomposition': 'ema', 'n_filters': 12, 'slowest': 0.022150628564983305, 'input_scaling': 0.3786189199484331, 'bias_dist': 'foldnorm', 'bias_scaling': 0.029687121836807887, 'lr': 0.7474064946212267, 'weight_increment': 0.0011133132425291139, 'min_window': 19, 'max_window': 43, 'use_full_instance': True, 'max_partners': 20, 'homeostasis': 'mean', 'target': 0.75, 'spread': 0.375, 'learning_rate': 0.0003}",dqn,100,linear,0.0003,,,,,,
LunarLander-v3,filterbank+proj,2,180,0.0,54.96240654726532,134.15069294624286,-90.87594555813466,45.65103048308436,64,"{'decomposition': 'legendre', 'n_filters': 8, 'slowest': 0.04011657681493965, 'input_scaling': 0.5837943135636782, 'bias_dist': 'foldnorm', 'bias_scaling': 0.412902076619634, 'lr': 0.8728211492696717, 'weight_increment': 0.0013740872217070856, 'min_window': 7, 'max_window': 14, 'use_full_instance': True, 'max_partners': inf, 'homeostasis': 'mean', 'target': 0.78, 'spread': 0.05, 'ridge': 2.6462791154807095e-06, 'gamma': 0.9512668628784811}",lspi,100,linear,,-79.3829864304206,15.0,"[-395.1687551710292, -153.0202653749435, -207.30863018613962, -208.12669934540492, -265.8917531137542, -130.90927461588666, -202.03376061123686, -77.96605520119849, -191.88065527415955, -77.00825463861871, -80.89590128561352, 20.140580723552205, 48.86367458916755, 19.789331269562638, 2.5504732950032207, 140.48037467876156, 35.65502616455657, 61.31188583294552, 70.23920051169931, 3.5197291443249044]",,,
LunarLander-v3,filterbank+proj,3,180,0.0,-128.6016502834861,151.7428242248706,-123.13229707764715,-74.42069351619708,64,"{'decomposition': 'legendre', 'n_filters': 8, 'slowest': 0.04011657681493965, 'input_scaling': 0.5837943135636782, 'bias_dist': 'foldnorm', 'bias_scaling': 0.412902076619634, 'lr': 0.8728211492696717, 'weight_increment': 0.0013740872217070856, 'min_window': 7, 'max_window': 14, 'use_full_instance': True, 'max_partners': inf, 'homeostasis': 'mean', 'target': 0.78, 'spread': 0.05, 'ridge': 2.6462791154807095e-06, 'gamma': 0.9512668628784811}",lspi,100,linear,,-139.60367869617056,9.0,"[-323.32398990680775, -308.5372440691114, -90.46125491741763, -94.88943553431463, -173.05795548899442, -260.27865730485627, -239.19449955033716, -205.4989545127873, -146.3021721550961, -12.083861136139307, -131.15021383209944, -113.48183569247242, -120.59963753260377, -175.61661318189314, -35.52051411881227, -82.36743586734842, -28.840982267042182, -79.4837646846283, -18.08135646829719, -153.3031957023516]",,,
LunarLander-v3,filterbank+proj,4,180,0.0,27.21243808306538,185.89329289177306,-93.20403303194419,-0.4279280039729412,65,"{'decomposition': 'legendre', 'n_filters': 8, 'slowest': 0.04011657681493965, 'input_scaling': 0.5837943135636782, 'bias_dist': 'foldnorm', 'bias_scaling': 0.412902076619634, 'lr': 0.8728211492696717, 'weight_increment': 0.0013740872217070856, 'min_window': 7, 'max_window': 14, 'use_full_instance': True, 'max_partners': inf, 'homeostasis': 'mean', 'target': 0.78, 'spread': 0.05, 'ridge': 2.6462791154807095e-06, 'gamma': 0.9512668628784811}",lspi,100,linear,,-56.22079866543005,7.0,"[-328.36387344064667, -339.0474388238152, -65.98362833229986, -150.69907082417365, -138.85191391092673, -142.4269074805996, 5.571316734923727, 83.50686252822615, 11.629049202968336, -37.59090879956397, -47.27336456579856, -30.320023488564857, 0.9861264734290544, -8.914467197590369, -60.9951151536997, 40.04465777880946, 45.84528634741648, 55.61389839074975, -22.03910961058188, 4.892650863137165]",,,
LunarLander-v3,filterbank+proj,8,240,0.0,-252.09301169999998,102.23861536483456,-246.68265107183674,-238.18985943510577,989,"{'decomposition': 'ema', 'n_filters': 12, 'slowest': 0.022150628564983305, 'input_scaling': 0.3786189199484331, 'bias_dist': 'foldnorm', 'bias_scaling': 0.029687121836807887, 'lr': 0.7474064946212267, 'weight_increment': 0.0011133132425291139, 'min_window': 19, 'max_window': 43, 'use_full_instance': True, 'max_partners': 20, 'homeostasis': 'mean', 'target': 0.75, 'spread': 0.375, 'learning_rate': 0.0003}",dqn,100,linear,0.0003,,,,,,
LunarLander-v3,filterbank+proj,5,180,0.0,-81.78550914254927,169.99488940379914,-115.83656964265975,-9.917750410896588,65,"{'decomposition': 'legendre', 'n_filters': 8, 'slowest': 0.04011657681493965, 'input_scaling': 0.5837943135636782, 'bias_dist': 'foldnorm', 'bias_scaling': 0.412902076619634, 'lr': 0.8728211492696717, 'weight_increment': 0.0013740872217070856, 'min_window': 7, 'max_window': 14, 'use_full_instance': True, 'max_partners': inf, 'homeostasis': 'mean', 'target': 0.78, 'spread': 0.05, 'ridge': 2.6462791154807095e-06, 'gamma': 0.9512668628784811}",lspi,100,linear,,-151.58976530874077,16.0,"[-277.1366100106728, -104.68077215160342, -229.2900470710028, -205.47015639630067, -158.12026985064443, -193.02538700140676, -176.9693247479459, -240.0924340397922, -237.3743457447922, -269.01303354352933, -202.76719835791087, -190.54502658316943, -188.3722535645882, -148.64386564989528, -38.70062856366842, -11.119170435654565, 6.879004998769256, -10.275671312002544, -18.155037309900315, -138.92307883910433]",,,
LunarLander-v3,filterbank+proj,6,180,0.0,-33.32438722562994,113.30933820606757,-100.35447247571787,-21.714201007476525,62,"{'decomposition': 'legendre', 'n_filters': 8, 'slowest': 0.04011657681493965, 'input_scaling': 0.5837943135636782, 'bias_dist': 'foldnorm', 'bias_scaling': 0.412902076619634, 'lr': 0.8728211492696717, 'weight_increment': 0.0013740872217070856, 'min_window': 7, 'max_window': 14, 'use_full_instance': True, 'max_partners': inf, 'homeostasis': 'mean', 'target': 0.78, 'spread': 0.05, 'ridge': 2.6462791154807095e-06, 'gamma': 0.9512668628784811}",lspi,100,linear,,-138.35944818049327,16.0,"[-312.3900044639591, -377.1561896892067, -137.88552305366275, -183.74525619212417, -235.62158646226402, -187.06491296882075, -173.68230723542734, -214.09846914713643, -150.43323289985383, -165.37120486195457, -76.90798684448734, -156.0270051889466, -129.5220648615627, 12.157629638550537, -59.935020285034625, -79.63508509451745, 12.26709147605555, -90.40738894625713, 4.628352160564566, -66.35879868982042]",,,
LunarLander-v3,filterbank+proj,8,180,0.0,-83.46033041291385,113.66687089313679,-147.54597450960043,-68.10807970917038,62,"{'decomposition': 'legendre', 'n_filters': 8, 'slowest': 0.04011657681493965, 'input_scaling': 0.5837943135636782, 'bias_dist': 'foldnorm', 'bias_scaling': 0.412902076619634, 'lr': 0.8728211492696717, 'weight_increment': 0.0013740872217070856, 'min_window': 7, 'max_window': 14, 'use_full_instance': True, 'max_partners': inf, 'homeostasis': 'mean', 'target': 0.78, 'spread': 0.05, 'ridge': 2.6462791154807095e-06, 'gamma': 0.9512668628784811}",lspi,100,linear,,-159.98354861170046,17.0,"[-187.80885148700042, -248.63700235231605, -175.59675836879006, -459.16696571647833, -217.42098790080826, -187.15019157047112, -62.278434814131046, -92.84679464513377, -193.59298251410578, -231.82057341337745, -159.74565718429284, -89.82101561445015, -138.42088354130112, -210.3476653748731, -98.92294569243849, -85.83688864843165, -131.78652605783532, -19.37793349602032, -112.51898601222506, -96.57292782952851]",,,
LunarLander-v3,filterbank+proj,7,180,0.0,5.380059565943334,115.99306966038145,-96.57050411317198,-8.868755700792976,66,"{'decomposition': 'legendre', 'n_filters': 8, 'slowest': 0.04011657681493965, 'input_scaling': 0.5837943135636782, 'bias_dist': 'foldnorm', 'bias_scaling': 0.412902076619634, 'lr': 0.8728211492696717, 'weight_increment': 0.0013740872217070856, 'min_window': 7, 'max_window': 14, 'use_full_instance': True, 'max_partners': inf, 'homeostasis': 'mean', 'target': 0.78, 'spread': 0.05, 'ridge': 2.6462791154807095e-06, 'gamma': 0.9512668628784811}",lspi,100,linear,,-60.12782803502959,14.0,"[-415.8689936175833, -252.11612570294807, -191.22324151233448, -56.12560205061751, -25.23331304489666, -143.01036602169714, -63.09996582299665, -115.64929907821832, 8.304083538432753, 45.58745730733989, 19.685595945943373, 9.569272868800903, -19.3390889726732, 50.46501003203515, 84.76194111042119, 36.98543973251758, 5.9504784048593695, -34.60646945008143, -63.101966330529514, -84.49140803636575]",,,
LunarLander-v3,filterbank+esn,0,240,3.1958333333333333,261.5997331477773,51.56159766410789,227.35086727668508,,54,"{'decomposition': 'ema', 'n_filters': 12, 'slowest': 0.007278775282470501, 'input_scaling': 0.4150388723567341, 'bias_dist': 'foldnorm', 'bias_scaling': 0.04616118346075944, 'lr': 0.9174645206815777, 'sr': 0.7122598989576099, 'rc_connectivity': 0.013316681518519325}",bc,100,linear,,223.3282492111231,,"[207.75778875727195, 277.6164867786598, 194.40659177042107, 239.84132223344596, 197.0190565158169]",207.75778875727195,1.0,236.52247079999998
LunarLander-v3,filterbank+esn,2,240,3.1958333333333333,266.49934284169126,60.32689389887409,184.99335108165764,,54,"{'decomposition': 'ema', 'n_filters': 12, 'slowest': 0.007278775282470501, 'input_scaling': 0.4150388723567341, 'bias_dist': 'foldnorm', 'bias_scaling': 0.04616118346075944, 'lr': 0.9174645206815777, 'sr': 0.7122598989576099, 'rc_connectivity': 0.013316681518519325}",bc,100,linear,,125.04092728469706,,"[-422.0125351095965, 243.38364141214743, 252.23365046749004, 273.5941622568119, 278.00571739663246]",-422.0125351095965,4.0,272.63419894000003
LunarLander-v3,filterbank+esn,1,240,3.1958333333333333,274.4878033542104,40.32483266186389,205.07974860852121,,55,"{'decomposition': 'ema', 'n_filters': 12, 'slowest': 0.007278775282470501, 'input_scaling': 0.4150388723567341, 'bias_dist': 'foldnorm', 'bias_scaling': 0.04616118346075944, 'lr': 0.9174645206815777, 'sr': 0.7122598989576099, 'rc_connectivity': 0.013316681518519325}",bc,100,linear,,150.9269181767187,,"[-320.23063415662745, 245.79952242132654, 274.15466698005923, 273.80861676276, 281.10241887607515]",-320.23063415662745,4.0,267.57216003999997
LunarLander-v3,filterbank+proj,9,180,0.0,-14.481900961472368,117.80082669277571,-92.74996823678359,-9.112922303386593,63,"{'decomposition': 'legendre', 'n_filters': 8, 'slowest': 0.04011657681493965, 'input_scaling': 0.5837943135636782, 'bias_dist': 'foldnorm', 'bias_scaling': 0.412902076619634, 'lr': 0.8728211492696717, 'weight_increment': 0.0013740872217070856, 'min_window': 7, 'max_window': 14, 'use_full_instance': True, 'max_partners': inf, 'homeostasis': 'mean', 'target': 0.78, 'spread': 0.05, 'ridge': 2.6462791154807095e-06, 'gamma': 0.9512668628784811}",lspi,100,linear,,-65.67597510652851,15.0,"[-273.2858539091821, -113.7843506772005, -202.81992051304647, -177.90046712763365, -148.65697085470794, -124.03947625043267, -280.789213538233, -67.06209784142519, 8.37061093841567, 15.063993384370011, -61.53585621580588, 9.388227460574331, -37.65598555321847, 25.55982220306767, 19.505251402115313, 103.52578527197454, -9.08457987022221, 82.6443408079001, -39.00535491709165, -41.957406330788515]",,,
LunarLander-v3,filterbank+esn,3,240,3.1958333333333333,229.83399336144248,151.67336911429535,223.38577947561126,,55,"{'decomposition': 'ema', 'n_filters': 12, 'slowest': 0.007278775282470501, 'input_scaling': 0.4150388723567341, 'bias_dist': 'foldnorm', 'bias_scaling': 0.04616118346075944, 'lr': 0.9174645206815777, 'sr': 0.7122598989576099, 'rc_connectivity': 0.013316681518519325}",bc,100,linear,,186.6948591820102,,"[153.33692770051567, 121.31116146160518, 142.18313240254383, 273.2443308704029, 243.39874347498335]",153.33692770051567,3.0,269.27283955999997
LunarLander-v3,filterbank+esn,6,240,3.1958333333333333,275.42830626275384,25.369760011041926,232.0455071891922,,54,"{'decomposition': 'ema', 'n_filters': 12, 'slowest': 0.007278775282470501, 'input_scaling': 0.4150388723567341, 'bias_dist': 'foldnorm', 'bias_scaling': 0.04616118346075944, 'lr': 0.9174645206815777, 'sr': 0.7122598989576099, 'rc_connectivity': 0.013316681518519325}",bc,100,linear,,230.10364241433936,,"[89.71042227146607, 273.26280707673527, 256.8416366687656, 256.56015064306246, 274.14319541166725]",89.71042227146607,4.0,253.22411392
LunarLander-v3,filterbank+esn,4,240,3.1958333333333333,232.5701850659891,80.8480435625738,222.84314527045524,,56,"{'decomposition': 'ema', 'n_filters': 12, 'slowest': 0.007278775282470501, 'input_scaling': 0.4150388723567341, 'bias_dist': 'foldnorm', 'bias_scaling': 0.04616118346075944, 'lr': 0.9174645206815777, 'sr': 0.7122598989576099, 'rc_connectivity': 0.013316681518519325}",bc,100,linear,,205.50522647609796,,"[134.24139686376344, 212.08455032149624, 186.30442048720917, 234.74569331124704, 260.150071396774]",134.24139686376344,4.0,231.07235808
LunarLander-v3,filterbank+esn,5,240,3.1958333333333333,252.8013763998019,70.83751578707982,231.40360713413287,,57,"{'decomposition': 'ema', 'n_filters': 12, 'slowest': 0.007278775282470501, 'input_scaling': 0.4150388723567341, 'bias_dist': 'foldnorm', 'bias_scaling': 0.04616118346075944, 'lr': 0.9174645206815777, 'sr': 0.7122598989576099, 'rc_connectivity': 0.013316681518519325}",bc,100,linear,,246.98633339975967,,"[211.83751807220648, 264.51093873859224, 280.6446823378874, 215.16565523832182, 262.7728726117904]",211.83751807220648,2.0,257.20863082
LunarLander-v3,filterbank+proj,0,240,0.0,-164.00871125999998,69.7498472508561,-195.33595056525658,-175.26264169735995,1008,"{'decomposition': 'ema', 'n_filters': 12, 'slowest': 0.022150628564983305, 'input_scaling': 0.3786189199484331, 'bias_dist': 'foldnorm', 'bias_scaling': 0.029687121836807887, 'lr': 0.7474064946212267, 'weight_increment': 0.0011133132425291139, 'min_window': 19, 'max_window': 43, 'use_full_instance': True, 'max_partners': 20, 'homeostasis': 'mean', 'target': 0.75, 'spread': 0.375, 'learning_rate': 0.001}",dqn,100,linear,0.001,,,,,,
LunarLander-v3,filterbank+esn,7,240,3.1958333333333333,280.739868672791,21.59831030741899,266.67716461566704,,53,"{'decomposition': 'ema', 'n_filters': 12, 'slowest': 0.007278775282470501, 'input_scaling': 0.4150388723567341, 'bias_dist': 'foldnorm', 'bias_scaling': 0.04616118346075944, 'lr': 0.9174645206815777, 'sr': 0.7122598989576099, 'rc_connectivity': 0.013316681518519325}",bc,100,linear,,263.1569012214037,,"[208.08789366979403, 283.02635837738137, 261.64938268078896, 282.07426553364826, 280.94660584540594]",208.08789366979403,1.0,271.10853438000004
LunarLander-v3,filterbank+esn,8,240,3.1958333333333333,227.03446664581668,131.6821365276734,212.46770594231145,,55,"{'decomposition': 'ema', 'n_filters': 12, 'slowest': 0.007278775282470501, 'input_scaling': 0.4150388723567341, 'bias_dist': 'foldnorm', 'bias_scaling': 0.04616118346075944, 'lr': 0.9174645206815777, 'sr': 0.7122598989576099, 'rc_connectivity': 0.013316681518519325}",bc,100,linear,,164.03846339820086,,"[47.83601275989248, 251.70664868130189, 116.80599635816448, 188.602593540701, 215.24106565094448]",47.83601275989248,1.0,275.90440995999995
LunarLander-v3,filterbank+proj,1,240,0.0,-221.43856322,152.51281109064138,-216.60955868378713,-218.22228794368814,1005,"{'decomposition': 'ema', 'n_filters': 12, 'slowest': 0.022150628564983305, 'input_scaling': 0.3786189199484331, 'bias_dist': 'foldnorm', 'bias_scaling': 0.029687121836807887, 'lr': 0.7474064946212267, 'weight_increment': 0.0011133132425291139, 'min_window': 19, 'max_window': 43, 'use_full_instance': True, 'max_partners': 20, 'homeostasis': 'mean', 'target': 0.75, 'spread': 0.375, 'learning_rate': 0.001}",dqn,100,linear,0.001,,,,,,
LunarLander-v3,filterbank+esn,9,240,3.1958333333333333,261.8613647785443,88.07617688498499,192.47226743808332,,55,"{'decomposition': 'ema', 'n_filters': 12, 'slowest': 0.007278775282470501, 'input_scaling': 0.4150388723567341, 'bias_dist': 'foldnorm', 'bias_scaling': 0.04616118346075944, 'lr': 0.9174645206815777, 'sr': 0.7122598989576099, 'rc_connectivity': 0.013316681518519325}",bc,100,linear,,173.5642168594183,,"[-112.55286283700181, 141.71345119885027, 283.6007628895942, 278.5003546837735, 276.55937836187553]",-112.55286283700181,2.0,282.50863168
LunarLander-v3,filterbank+proj,4,240,0.0,-189.73685056,84.82973244888487,-200.14306181630937,-183.6050074894895,1000,"{'decomposition': 'ema', 'n_filters': 12, 'slowest': 0.022150628564983305, 'input_scaling': 0.3786189199484331, 'bias_dist': 'foldnorm', 'bias_scaling': 0.029687121836807887, 'lr': 0.7474064946212267, 'weight_increment': 0.0011133132425291139, 'min_window': 19, 'max_window': 43, 'use_full_instance': True, 'max_partners': 20, 'homeostasis': 'mean', 'target': 0.75, 'spread': 0.375, 'learning_rate': 0.001}",dqn,100,linear,0.001,,,,,,
LunarLander-v3,filterbank+proj,3,240,0.0,-161.99067248,79.64234192996202,-218.3515626920389,-186.4482903028538,1004,"{'decomposition': 'ema', 'n_filters': 12, 'slowest': 0.022150628564983305, 'input_scaling': 0.3786189199484331, 'bias_dist': 'foldnorm', 'bias_scaling': 0.029687121836807887, 'lr': 0.7474064946212267, 'weight_increment': 0.0011133132425291139, 'min_window': 19, 'max_window': 43, 'use_full_instance': True, 'max_partners': 20, 'homeostasis': 'mean', 'target': 0.75, 'spread': 0.375, 'learning_rate': 0.001}",dqn,100,linear,0.001,,,,,,
LunarLander-v3,filterbank+proj,5,240,0.0,-163.17438067999998,111.71203786732747,-188.84966630937535,-163.34817368585132,1002,"{'decomposition': 'ema', 'n_filters': 12, 'slowest': 0.022150628564983305, 'input_scaling': 0.3786189199484331, 'bias_dist': 'foldnorm', 'bias_scaling': 0.029687121836807887, 'lr': 0.7474064946212267, 'weight_increment': 0.0011133132425291139, 'min_window': 19, 'max_window': 43, 'use_full_instance': True, 'max_partners': 20, 'homeostasis': 'mean', 'target': 0.75, 'spread': 0.375, 'learning_rate': 0.001}",dqn,100,linear,0.001,,,,,,
LunarLander-v3,filterbank+hag,0,240,3.4458333333333333,224.367635486651,99.56906742493857,220.34989318005728,,58,"{'decomposition': 'ema', 'n_filters': 12, 'slowest': 0.022150628564983305, 'input_scaling': 0.3786189199484331, 'bias_dist': 'foldnorm', 'bias_scaling': 0.029687121836807887, 'lr': 0.7474064946212267, 'weight_increment': 0.0011133132425291139, 'min_window': 19, 'max_window': 43, 'use_full_instance': True, 'max_partners': 20, 'homeostasis': 'mean', 'target': 0.75, 'spread': 0.375}",bc,100,linear,,217.72477989163264,,"[236.00905615344362, 186.28055930477393, 223.27869620946572, 244.26535913587094, 198.79022865460894]",236.00905615344362,3.0,236.52247079999998
LunarLander-v3,filterbank+proj,8,240,0.0,-108.4153526,94.1132198097963,-179.7382503189357,-126.86192175322392,1002,"{'decomposition': 'ema', 'n_filters': 12, 'slowest': 0.022150628564983305, 'input_scaling': 0.3786189199484331, 'bias_dist': 'foldnorm', 'bias_scaling': 0.029687121836807887, 'lr': 0.7474064946212267, 'weight_increment': 0.0011133132425291139, 'min_window': 19, 'max_window': 43, 'use_full_instance': True, 'max_partners': 20, 'homeostasis': 'mean', 'target': 0.75, 'spread': 0.375, 'learning_rate': 0.001}",dqn,100,linear,0.001,,,,,,
LunarLander-v3,filterbank+hag,1,240,3.3041666666666667,259.81834192206685,56.302317084821,234.92808572472197,,57,"{'decomposition': 'ema', 'n_filters': 12, 'slowest': 0.022150628564983305, 'input_scaling': 0.3786189199484331, 'bias_dist': 'foldnorm', 'bias_scaling': 0.029687121836807887, 'lr': 0.7474064946212267, 'weight_increment': 0.0011133132425291139, 'min_window': 19, 'max_window': 43, 'use_full_instance': True, 'max_partners': 20, 'homeostasis': 'mean', 'target': 0.75, 'spread': 0.375}",bc,100,linear,,176.70952535808712,,"[56.06831250356042, 97.39500928873443, 218.0445315026553, 263.12739139258514, 248.91238210290035]",56.06831250356042,3.0,267.57216003999997
LunarLander-v3,filterbank+proj,6,240,0.0,-56.60424773999999,47.43354949521369,-181.55231426168635,-100.02125955253165,1006,"{'decomposition': 'ema', 'n_filters': 12, 'slowest': 0.022150628564983305, 'input_scaling': 0.3786189199484331, 'bias_dist': 'foldnorm', 'bias_scaling': 0.029687121836807887, 'lr': 0.7474064946212267, 'weight_increment': 0.0011133132425291139, 'min_window': 19, 'max_window': 43, 'use_full_instance': True, 'max_partners': 20, 'homeostasis': 'mean', 'target': 0.75, 'spread': 0.375, 'learning_rate': 0.001}",dqn,100,linear,0.001,,,,,,
LunarLander-v3,filterbank+hag,3,240,3.0791666666666666,247.3583593102126,73.33784917392572,165.5274614289889,,57,"{'decomposition': 'ema', 'n_filters': 12, 'slowest': 0.022150628564983305, 'input_scaling': 0.3786189199484331, 'bias_dist': 'foldnorm', 'bias_scaling': 0.029687121836807887, 'lr': 0.7474064946212267, 'weight_increment': 0.0011133132425291139, 'min_window': 19, 'max_window': 43, 'use_full_instance': True, 'max_partners': 20, 'homeostasis': 'mean', 'target': 0.75, 'spread': 0.375}",bc,100,linear,,142.80730013260532,,"[-160.80218124718846, 182.74261294049114, 245.5175033089394, 239.99895185326005, 206.5796138075244]",-160.80218124718846,2.0,269.27283955999997
LunarLander-v3,filterbank+hag,5,240,3.175,259.5370865002436,61.960862271005176,219.73652457396742,,55,"{'decomposition': 'ema', 'n_filters': 12, 'slowest': 0.022150628564983305, 'input_scaling': 0.3786189199484331, 'bias_dist': 'foldnorm', 'bias_scaling': 0.029687121836807887, 'lr': 0.7474064946212267, 'weight_increment': 0.0011133132425291139, 'min_window': 19, 'max_window': 43, 'use_full_instance': True, 'max_partners': 20, 'homeostasis': 'mean', 'target': 0.75, 'spread': 0.375}",bc,100,linear,,201.56576353539327,,"[170.26121128602807, 188.9536323097136, 190.1863571236011, 193.77878514078975, 264.6488318168339]",170.26121128602807,4.0,257.20863082
LunarLander-v3,filterbank+hag,2,240,3.45,214.31352594607185,110.37246545124589,124.319546045484,,58,"{'decomposition': 'ema', 'n_filters': 12, 'slowest': 0.022150628564983305, 'input_scaling': 0.3786189199484331, 'bias_dist': 'foldnorm', 'bias_scaling': 0.029687121836807887, 'lr': 0.7474064946212267, 'weight_increment': 0.0011133132425291139, 'min_window': 19, 'max_window': 43, 'use_full_instance': True, 'max_partners': 20, 'homeostasis': 'mean', 'target': 0.75, 'spread': 0.375}",bc,100,linear,,107.05682572588285,,"[-34.30453092414249, -64.43054759502455, 160.94326237572585, 257.65821769333775, 215.41772707951776]",-34.30453092414249,3.0,272.63419894000003
LunarLander-v3,filterbank+proj,2,240,0.0,-152.58833266000002,59.790290754705275,-201.5751947971196,-155.10125133500313,1022,"{'decomposition': 'ema', 'n_filters': 12, 'slowest': 0.022150628564983305, 'input_scaling': 0.3786189199484331, 'bias_dist': 'foldnorm', 'bias_scaling': 0.029687121836807887, 'lr': 0.7474064946212267, 'weight_increment': 0.0011133132425291139, 'min_window': 19, 'max_window': 43, 'use_full_instance': True, 'max_partners': 20, 'homeostasis': 'mean', 'target': 0.75, 'spread': 0.375, 'learning_rate': 0.001}",dqn,100,linear,0.001,,,,,,
LunarLander-v3,filterbank+hag,4,240,3.0875,220.51293608210645,93.15762594169874,203.1932568621399,,58,"{'decomposition': 'ema', 'n_filters': 12, 'slowest': 0.022150628564983305, 'input_scaling': 0.3786189199484331, 'bias_dist': 'foldnorm', 'bias_scaling': 0.029687121836807887, 'lr': 0.7474064946212267, 'weight_increment': 0.0011133132425291139, 'min_window': 19, 'max_window': 43, 'use_full_instance': True, 'max_partners': 20, 'homeostasis': 'mean', 'target': 0.75, 'spread': 0.375}",bc,100,linear,,204.71300315535586,,"[147.90046267133584, 223.9978452946822, 209.01665610012114, 240.11668967211963, 202.5333620385205]",147.90046267133584,3.0,231.07235808
LunarLander-v3,filterbank+hag,6,240,3.654166666666667,280.2422954139563,21.156520525295406,127.70986377728326,,56,"{'decomposition': 'ema', 'n_filters': 12, 'slowest': 0.022150628564983305, 'input_scaling': 0.3786189199484331, 'bias_dist': 'foldnorm', 'bias_scaling': 0.029687121836807887, 'lr': 0.7474064946212267, 'weight_increment': 0.0011133132425291139, 'min_window': 19, 'max_window': 43, 'use_full_instance': True, 'max_partners': 20, 'homeostasis': 'mean', 'target': 0.75, 'spread': 0.375}",bc,100,linear,,112.2717685509652,,"[-163.9966637717294, 40.06373805905439, 204.94813634478868, 199.0334454662179, 281.31018665649447]",-163.9966637717294,4.0,253.22411392
LunarLander-v3,filterbank+hag,7,240,3.8958333333333335,277.6409835910051,36.70671143024475,262.55488184886724,,56,"{'decomposition': 'ema', 'n_filters': 12, 'slowest': 0.022150628564983305, 'input_scaling': 0.3786189199484331, 'bias_dist': 'foldnorm', 'bias_scaling': 0.029687121836807887, 'lr': 0.7474064946212267, 'weight_increment': 0.0011133132425291139, 'min_window': 19, 'max_window': 43, 'use_full_instance': True, 'max_partners': 20, 'homeostasis': 'mean', 'target': 0.75, 'spread': 0.375}",bc,100,linear,,266.2290047131681,,"[265.61058068690966, 278.6398457114475, 229.5770521176487, 274.7928718167009, 282.52467323313374]",265.61058068690966,4.0,271.10853438000004
LunarLander-v3,filterbank+proj,7,240,0.0,-159.47100682,59.31537982167445,-183.51094986791782,-167.90990353522795,1009,"{'decomposition': 'ema', 'n_filters': 12, 'slowest': 0.022150628564983305, 'input_scaling': 0.3786189199484331, 'bias_dist': 'foldnorm', 'bias_scaling': 0.029687121836807887, 'lr': 0.7474064946212267, 'weight_increment': 0.0011133132425291139, 'min_window': 19, 'max_window': 43, 'use_full_instance': True, 'max_partners': 20, 'homeostasis': 'mean', 'target': 0.75, 'spread': 0.375, 'learning_rate': 0.001}",dqn,100,linear,0.001,,,,,,
LunarLander-v3,filterbank+hag,8,240,5.108333333333333,243.57758895597365,86.69593808659353,142.1788036350931,,55,"{'decomposition': 'ema', 'n_filters': 12, 'slowest': 0.022150628564983305, 'input_scaling': 0.3786189199484331, 'bias_dist': 'foldnorm', 'bias_scaling': 0.029687121836807887, 'lr': 0.7474064946212267, 'weight_increment': 0.0011133132425291139, 'min_window': 19, 'max_window': 43, 'use_full_instance': True, 'max_partners': 20, 'homeostasis': 'mean', 'target': 0.75, 'spread': 0.375}",bc,100,linear,,103.68266117611874,,"[-185.59952903276388, 58.2993677155304, 215.93066117443814, 210.51390379866083, 219.26890222472827]",-185.59952903276388,4.0,275.90440995999995
LunarLander-v3,filterbank+proj,1,240,0.0,267.1478892144699,53.22067093928467,222.13341895382104,,54,"{'decomposition': 'ema', 'n_filters': 12, 'slowest': 0.022150628564983305, 'input_scaling': 0.3786189199484331, 'bias_dist': 'foldnorm', 'bias_scaling': 0.029687121836807887, 'lr': 0.7474064946212267, 'weight_increment': 0.0011133132425291139, 'min_window': 19, 'max_window': 43, 'use_full_instance': True, 'max_partners': 20, 'homeostasis': 'mean', 'target': 0.75, 'spread': 0.375}",bc,100,linear,,162.96464837827435,,"[69.46745056867742, 27.184658341904548, 228.96309496918948, 239.12820895186854, 250.0798290597317]",69.46745056867742,4.0,267.57216003999997
LunarLander-v3,filterbank+hag,9,240,4.220833333333333,271.53247143554654,35.850050417592215,136.8713468860356,,58,"{'decomposition': 'ema', 'n_filters': 12, 'slowest': 0.022150628564983305, 'input_scaling': 0.3786189199484331, 'bias_dist': 'foldnorm', 'bias_scaling': 0.029687121836807887, 'lr': 0.7474064946212267, 'weight_increment': 0.0011133132425291139, 'min_window': 19, 'max_window': 43, 'use_full_instance': True, 'max_partners': 20, 'homeostasis': 'mean', 'target': 0.75, 'spread': 0.375}",bc,100,linear,,76.50001219542153,,"[-48.43737146317917, -327.94219336539265, 239.2069720101744, 236.87940076648383, 282.79325302902123]",-48.43737146317917,4.0,282.50863168
LunarLander-v3,filterbank+proj,0,240,0.0,221.11582886735764,134.44724080225976,224.5092157756736,,56,"{'decomposition': 'ema', 'n_filters': 12, 'slowest': 0.022150628564983305, 'input_scaling': 0.3786189199484331, 'bias_dist': 'foldnorm', 'bias_scaling': 0.029687121836807887, 'lr': 0.7474064946212267, 'weight_increment': 0.0011133132425291139, 'min_window': 19, 'max_window': 43, 'use_full_instance': True, 'max_partners': 20, 'homeostasis': 'mean', 'target': 0.75, 'spread': 0.375}",bc,100,linear,,202.1028245951295,,"[204.14185506801934, 133.07109879028084, 216.76324436245483, 243.5682819460576, 212.96964280883498]",204.14185506801934,3.0,236.52247079999998
LunarLander-v3,filterbank+proj,2,240,0.0,238.40745905287974,89.90643375415368,132.48782826678504,,54,"{'decomposition': 'ema', 'n_filters': 12, 'slowest': 0.022150628564983305, 'input_scaling': 0.3786189199484331, 'bias_dist': 'foldnorm', 'bias_scaling': 0.029687121836807887, 'lr': 0.7474064946212267, 'weight_increment': 0.0011133132425291139, 'min_window': 19, 'max_window': 43, 'use_full_instance': True, 'max_partners': 20, 'homeostasis': 'mean', 'target': 0.75, 'spread': 0.375}",bc,100,linear,,93.20058423655294,,"[-35.38375895175733, -168.42910347378393, 185.57845795834746, 261.4471154177857, 222.7902102321728]",-35.38375895175733,3.0,272.63419894000003
LunarLander-v3,filterbank+proj,3,240,0.0,238.14728047499474,105.16566029737808,170.50299682750284,,55,"{'decomposition': 'ema', 'n_filters': 12, 'slowest': 0.022150628564983305, 'input_scaling': 0.3786189199484331, 'bias_dist': 'foldnorm', 'bias_scaling': 0.029687121836807887, 'lr': 0.7474064946212267, 'weight_increment': 0.0011133132425291139, 'min_window': 19, 'max_window': 43, 'use_full_instance': True, 'max_partners': 20, 'homeostasis': 'mean', 'target': 0.75, 'spread': 0.375}",bc,100,linear,,112.09043192230081,,"[-212.19062918499972, 171.84341938255398, 241.03881405949537, 137.27100600170013, 222.48954935275432]",-212.19062918499972,2.0,269.27283955999997
LunarLander-v3,filterbank+proj,4,240,0.0,193.37527174344797,110.3366813728888,220.2418964577795,,55,"{'decomposition': 'ema', 'n_filters': 12, 'slowest': 0.022150628564983305, 'input_scaling': 0.3786189199484331, 'bias_dist': 'foldnorm', 'bias_scaling': 0.029687121836807887, 'lr': 0.7474064946212267, 'weight_increment': 0.0011133132425291139, 'min_window': 19, 'max_window': 43, 'use_full_instance': True, 'max_partners': 20, 'homeostasis': 'mean', 'target': 0.75, 'spread': 0.375}",bc,100,linear,,204.52840220444995,,"[196.41501549653694, 179.98653763718275, 159.9343917039767, 255.1822146323646, 231.12385155218877]",196.41501549653694,3.0,231.07235808
LunarLander-v3,filterbank+proj,5,240,0.0,250.91123560176092,63.5152348904184,226.3452836452457,,57,"{'decomposition': 'ema', 'n_filters': 12, 'slowest': 0.022150628564983305, 'input_scaling': 0.3786189199484331, 'bias_dist': 'foldnorm', 'bias_scaling': 0.029687121836807887, 'lr': 0.7474064946212267, 'weight_increment': 0.0011133132425291139, 'min_window': 19, 'max_window': 43, 'use_full_instance': True, 'max_partners': 20, 'homeostasis': 'mean', 'target': 0.75, 'spread': 0.375}",bc,100,linear,,197.05707631032462,,"[172.1714713179076, 185.85604333690534, 250.38140966206532, 183.40214669472326, 193.4743105400216]",172.1714713179076,2.0,257.20863082
LunarLander-v3,filterbank+proj,7,240,0.0,274.0398318335525,40.11318850273524,265.086395567097,,53,"{'decomposition': 'ema', 'n_filters': 12, 'slowest': 0.022150628564983305, 'input_scaling': 0.3786189199484331, 'bias_dist': 'foldnorm', 'bias_scaling': 0.029687121836807887, 'lr': 0.7474064946212267, 'weight_increment': 0.0011133132425291139, 'min_window': 19, 'max_window': 43, 'use_full_instance': True, 'max_partners': 20, 'homeostasis': 'mean', 'target': 0.75, 'spread': 0.375}",bc,100,linear,,266.35641468290885,,"[267.82480686827614, 280.82206935203493, 232.50304696865814, 272.6154889030935, 278.01666132248164]",267.82480686827614,1.0,271.10853438000004
LunarLander-v3,filterbank+proj,8,240,0.0,226.34024299278153,98.63537068308597,110.76276201916853,,53,"{'decomposition': 'ema', 'n_filters': 12, 'slowest': 0.022150628564983305, 'input_scaling': 0.3786189199484331, 'bias_dist': 'foldnorm', 'bias_scaling': 0.029687121836807887, 'lr': 0.7474064946212267, 'weight_increment': 0.0011133132425291139, 'min_window': 19, 'max_window': 43, 'use_full_instance': True, 'max_partners': 20, 'homeostasis': 'mean', 'target': 0.75, 'spread': 0.375}",bc,100,linear,,28.08653425928358,,"[-277.6958917526527, -101.92792616813388, 146.6074153655458, 168.89505348165477, 204.5540203700039]",-277.6958917526527,4.0,275.90440995999995
LunarLander-v3,filterbank+proj,4,240,0.0,-251.13542497999998,133.49901507898596,-200.28891575647492,-212.1331758534424,985,"{'decomposition': 'ema', 'n_filters': 12, 'slowest': 0.022150628564983305, 'input_scaling': 0.3786189199484331, 'bias_dist': 'foldnorm', 'bias_scaling': 0.029687121836807887, 'lr': 0.7474064946212267, 'weight_increment': 0.0011133132425291139, 'min_window': 19, 'max_window': 43, 'use_full_instance': True, 'max_partners': 20, 'homeostasis': 'mean', 'target': 0.75, 'spread': 0.375, 'learning_rate': 0.003}",dqn,100,linear,0.003,,,,,,
LunarLander-v3,filterbank+proj,1,240,0.0,-144.32939041999998,82.92944869916693,-188.2192317156162,-181.77483810826772,997,"{'decomposition': 'ema', 'n_filters': 12, 'slowest': 0.022150628564983305, 'input_scaling': 0.3786189199484331, 'bias_dist': 'foldnorm', 'bias_scaling': 0.029687121836807887, 'lr': 0.7474064946212267, 'weight_increment': 0.0011133132425291139, 'min_window': 19, 'max_window': 43, 'use_full_instance': True, 'max_partners': 20, 'homeostasis': 'mean', 'target': 0.75, 'spread': 0.375, 'learning_rate': 0.003}",dqn,100,linear,0.003,,,,,,
LunarLander-v3,filterbank+proj,0,240,0.0,-166.20076716000003,84.84913283624701,-174.32225007412168,-160.88051371563984,1007,"{'decomposition': 'ema', 'n_filters': 12, 'slowest': 0.022150628564983305, 'input_scaling': 0.3786189199484331, 'bias_dist': 'foldnorm', 'bias_scaling': 0.029687121836807887, 'lr': 0.7474064946212267, 'weight_increment': 0.0011133132425291139, 'min_window': 19, 'max_window': 43, 'use_full_instance': True, 'max_partners': 20, 'homeostasis': 'mean', 'target': 0.75, 'spread': 0.375, 'learning_rate': 0.003}",dqn,100,linear,0.003,,,,,,
LunarLander-v3,filterbank+proj,9,240,0.0,266.7391569241888,48.31890549243386,141.1669990368384,,54,"{'decomposition': 'ema', 'n_filters': 12, 'slowest': 0.022150628564983305, 'input_scaling': 0.3786189199484331, 'bias_dist': 'foldnorm', 'bias_scaling': 0.029687121836807887, 'lr': 0.7474064946212267, 'weight_increment': 0.0011133132425291139, 'min_window': 19, 'max_window': 43, 'use_full_instance': True, 'max_partners': 20, 'homeostasis': 'mean', 'target': 0.75, 'spread': 0.375}",bc,100,linear,,160.11951493271582,,"[-9.147434205651004, 83.38315026215021, 202.20159265085368, 266.0702094804102, 258.09005647581597]",-9.147434205651004,3.0,282.50863168
LunarLander-v3,filterbank+proj,6,240,0.0,219.43081863293548,125.33199767064312,131.61314516837137,,57,"{'decomposition': 'ema', 'n_filters': 12, 'slowest': 0.022150628564983305, 'input_scaling': 0.3786189199484331, 'bias_dist': 'foldnorm', 'bias_scaling': 0.029687121836807887, 'lr': 0.7474064946212267, 'weight_increment': 0.0011133132425291139, 'min_window': 19, 'max_window': 43, 'use_full_instance': True, 'max_partners': 20, 'homeostasis': 'mean', 'target': 0.75, 'spread': 0.375}",bc,100,linear,,125.65485947359173,,"[-116.89336812868378, 65.90841157428095, 266.7950783725666, 165.87897085697313, 246.5852046928218]",-116.89336812868378,2.0,253.22411392
LunarLander-v3,filterbank+proj,7,240,0.0,-183.83931482,144.47812675990275,-177.82023017242307,-170.57169806060608,980,"{'decomposition': 'ema', 'n_filters': 12, 'slowest': 0.022150628564983305, 'input_scaling': 0.3786189199484331, 'bias_dist': 'foldnorm', 'bias_scaling': 0.029687121836807887, 'lr': 0.7474064946212267, 'weight_increment': 0.0011133132425291139, 'min_window': 19, 'max_window': 43, 'use_full_instance': True, 'max_partners': 20, 'homeostasis': 'mean', 'target': 0.75, 'spread': 0.375, 'learning_rate': 0.003}",dqn,100,linear,0.003,,,,,,
LunarLander-v3,filterbank+proj,2,240,0.0,-140.602982,113.03425822402647,-179.29377831674378,-146.36359960662915,1006,"{'decomposition': 'ema', 'n_filters': 12, 'slowest': 0.022150628564983305, 'input_scaling': 0.3786189199484331, 'bias_dist': 'foldnorm', 'bias_scaling': 0.029687121836807887, 'lr': 0.7474064946212267, 'weight_increment': 0.0011133132425291139, 'min_window': 19, 'max_window': 43, 'use_full_instance': True, 'max_partners': 20, 'homeostasis': 'mean', 'target': 0.75, 'spread': 0.375, 'learning_rate': 0.003}",dqn,100,linear,0.003,,,,,,
LunarLander-v3,filterbank+proj,9,240,0.0,-155.9083988,73.29265179216195,-204.84781303332545,-169.63139177087035,1036,"{'decomposition': 'ema', 'n_filters': 12, 'slowest': 0.022150628564983305, 'input_scaling': 0.3786189199484331, 'bias_dist': 'foldnorm', 'bias_scaling': 0.029687121836807887, 'lr': 0.7474064946212267, 'weight_increment': 0.0011133132425291139, 'min_window': 19, 'max_window': 43, 'use_full_instance': True, 'max_partners': 20, 'homeostasis': 'mean', 'target': 0.75, 'spread': 0.375, 'learning_rate': 0.001}",dqn,100,linear,0.001,,,,,,
LunarLander-v3,filterbank+proj,5,240,0.0,-176.53384542,82.1843991022113,-183.02644570878778,-191.45344485329153,1003,"{'decomposition': 'ema', 'n_filters': 12, 'slowest': 0.022150628564983305, 'input_scaling': 0.3786189199484331, 'bias_dist': 'foldnorm', 'bias_scaling': 0.029687121836807887, 'lr': 0.7474064946212267, 'weight_increment': 0.0011133132425291139, 'min_window': 19, 'max_window': 43, 'use_full_instance': True, 'max_partners': 20, 'homeostasis': 'mean', 'target': 0.75, 'spread': 0.375, 'learning_rate': 0.003}",dqn,100,linear,0.003,,,,,,
LunarLander-v3,filterbank+proj,8,240,0.0,-112.23476948,73.96621980455215,-165.8788761725427,-133.10992604513217,999,"{'decomposition': 'ema', 'n_filters': 12, 'slowest': 0.022150628564983305, 'input_scaling': 0.3786189199484331, 'bias_dist': 'foldnorm', 'bias_scaling': 0.029687121836807887, 'lr': 0.7474064946212267, 'weight_increment': 0.0011133132425291139, 'min_window': 19, 'max_window': 43, 'use_full_instance': True, 'max_partners': 20, 'homeostasis': 'mean', 'target': 0.75, 'spread': 0.375, 'learning_rate': 0.003}",dqn,100,linear,0.003,,,,,,
LunarLander-v3,filterbank+proj,3,240,0.0,-111.80556193999999,85.66013612815786,-183.19097178266426,-132.4227778849105,1028,"{'decomposition': 'ema', 'n_filters': 12, 'slowest': 0.022150628564983305, 'input_scaling': 0.3786189199484331, 'bias_dist': 'foldnorm', 'bias_scaling': 0.029687121836807887, 'lr': 0.7474064946212267, 'weight_increment': 0.0011133132425291139, 'min_window': 19, 'max_window': 43, 'use_full_instance': True, 'max_partners': 20, 'homeostasis': 'mean', 'target': 0.75, 'spread': 0.375, 'learning_rate': 0.003}",dqn,100,linear,0.003,,,,,,
LunarLander-v3,filterbank+proj,9,240,0.0,-142.15617482000002,84.27894080412894,-174.07358056334166,-152.34051681779403,1011,"{'decomposition': 'ema', 'n_filters': 12, 'slowest': 0.022150628564983305, 'input_scaling': 0.3786189199484331, 'bias_dist': 'foldnorm', 'bias_scaling': 0.029687121836807887, 'lr': 0.7474064946212267, 'weight_increment': 0.0011133132425291139, 'min_window': 19, 'max_window': 43, 'use_full_instance': True, 'max_partners': 20, 'homeostasis': 'mean', 'target': 0.75, 'spread': 0.375, 'learning_rate': 0.003}",dqn,100,linear,0.003,,,,,,
LunarLander-v3,filterbank+proj,6,240,0.0,-119.11667214,70.4557352858831,-158.0649248685162,-108.42378365351742,1031,"{'decomposition': 'ema', 'n_filters': 12, 'slowest': 0.022150628564983305, 'input_scaling': 0.3786189199484331, 'bias_dist': 'foldnorm', 'bias_scaling': 0.029687121836807887, 'lr': 0.7474064946212267, 'weight_increment': 0.0011133132425291139, 'min_window': 19, 'max_window': 43, 'use_full_instance': True, 'max_partners': 20, 'homeostasis': 'mean', 'target': 0.75, 'spread': 0.375, 'learning_rate': 0.003}",dqn,100,linear,0.003,,,,,,
LunarLander-v3,obs,0,5,,-200.66492426000005,103.00504719998881,-105.28313094330422,-103.3280742886179,1321,{'learning_rate': 0.0003},ppo,0,64x64,0.0003,,,,,,
LunarLander-v3,obs,2,5,,-259.75064684,144.02989412967776,-104.98221469850499,-109.46376246153847,1322,{'learning_rate': 0.0003},ppo,0,64x64,0.0003,,,,,,
LunarLander-v3,obs,6,5,,-176.34784463999998,69.53540916844248,-107.16427110651762,-102.70022602320675,1327,{'learning_rate': 0.0003},ppo,0,64x64,0.0003,,,,,,
LunarLander-v3,obs,1,5,,-153.82375192,107.7715193810252,-100.05267391242323,-91.32089382936506,1319,{'learning_rate': 0.001},ppo,0,64x64,0.001,,,,,,
LunarLander-v3,obs,3,5,,-205.20987294000003,128.09828387945083,-94.23706376934807,-79.89772732824427,1336,{'learning_rate': 0.0003},ppo,0,64x64,0.0003,,,,,,
LunarLander-v3,obs,1,5,,-171.13894141999998,64.18203365729235,-85.20813482478798,-81.12869904054054,1344,{'learning_rate': 0.0003},ppo,0,64x64,0.0003,,,,,,
LunarLander-v3,obs,7,5,,-171.60894187999997,112.519791460743,-107.36119378385861,-114.96043570362473,1345,{'learning_rate': 0.0003},ppo,0,64x64,0.0003,,,,,,
LunarLander-v3,obs,0,5,,-228.64505976,138.5435316555596,-102.96313510128104,-113.99299962124249,1336,{'learning_rate': 0.001},ppo,0,64x64,0.001,,,,,,
LunarLander-v3,obs,4,5,,-178.62253286000004,85.2472358110073,-101.64303173370027,-90.61798959322034,1351,{'learning_rate': 0.0003},ppo,0,64x64,0.0003,,,,,,
LunarLander-v3,obs,6,5,,-120.00124627999999,82.57950528837536,-91.91187587330383,-80.5092891076696,1320,{'learning_rate': 0.003},ppo,0,64x64,0.003,,,,,,
LunarLander-v3,obs,5,5,,-188.91038788000003,101.07561296486621,-101.26348774175199,-90.02201426944971,1331,{'learning_rate': 0.001},ppo,0,64x64,0.001,,,,,,
LunarLander-v3,obs,5,5,,-153.49915195999998,180.25386790599404,-98.52768968931888,-95.67057643498453,1325,{'learning_rate': 0.003},ppo,0,64x64,0.003,,,,,,
LunarLander-v3,obs,8,5,,-170.29253644,173.74284093270117,-103.1368671549043,-91.9014356506986,1329,{'learning_rate': 0.001},ppo,0,64x64,0.001,,,,,,
LunarLander-v3,obs,2,5,,-198.17801086,124.39893485129654,-107.1813356773119,-90.66531009019607,1335,{'learning_rate': 0.001},ppo,0,64x64,0.001,,,,,,
LunarLander-v3,obs,3,5,,-153.64331069999997,141.4161284941678,-115.0507772037037,-89.32527797023005,1312,{'learning_rate': 0.01},ppo,0,64x64,0.01,,,,,,
LunarLander-v3,obs,4,5,,-138.05024189999997,64.27839362721168,-105.43393164285713,-122.35690942941176,1315,{'learning_rate': 0.01},ppo,0,64x64,0.01,,,,,,
LunarLander-v3,obs,8,5,,-182.08620449999998,86.6528508264907,-90.58725101371981,-103.74864935009671,1352,{'learning_rate': 0.0003},ppo,0,64x64,0.0003,,,,,,
LunarLander-v3,obs,1,5,,-248.96602292000003,257.3574086004071,-98.89869344711015,-105.64216802652106,1339,{'learning_rate': 0.003},ppo,0,64x64,0.003,,,,,,
LunarLander-v3,obs,7,5,,-208.90172008000002,110.548775064164,-96.23456611177866,-95.54916374683545,1333,{'learning_rate': 0.003},ppo,0,64x64,0.003,,,,,,
LunarLander-v3,obs,0,5,,-149.98491357999998,189.65915431211113,-95.42268204603994,-74.81132859742351,1340,{'learning_rate': 0.003},ppo,0,64x64,0.003,,,,,,
LunarLander-v3,obs,7,5,,-179.24313984,102.85218603722717,-100.19116202346754,-77.3061212813765,1342,{'learning_rate': 0.001},ppo,0,64x64,0.001,,,,,,
LunarLander-v3,obs,3,5,,-113.25831846000001,66.62352236505507,-102.46662966724438,-87.69387028233439,1339,{'learning_rate': 0.003},ppo,0,64x64,0.003,,,,,,
LunarLander-v3,obs,9,5,,-137.43567862,79.81811196426492,-108.91206052191781,-81.6963192407045,1343,{'learning_rate': 0.001},ppo,0,64x64,0.001,,,,,,
LunarLander-v3,obs,9,5,,-111.00879760000002,110.04934755251479,-101.67669438288704,-75.64463578120184,1333,{'learning_rate': 0.003},ppo,0,64x64,0.003,,,,,,
LunarLander-v3,obs,4,5,,-142.03125934,92.45958271051106,-101.7582631444682,-101.19510869455253,1349,{'learning_rate': 0.001},ppo,0,64x64,0.001,,,,,,
LunarLander-v3,obs,4,5,,-166.52000486,139.25507364329158,-93.44691016442167,-82.48025449487557,1344,{'learning_rate': 0.003},ppo,0,64x64,0.003,,,,,,
LunarLander-v3,obs,5,5,,-205.04701862000002,72.07695322945581,-103.5680584497493,-90.75169682751091,1372,{'learning_rate': 0.0003},ppo,0,64x64,0.0003,,,,,,
LunarLander-v3,obs,5,5,,-381.04896113999996,640.9963415488819,-107.30128139684363,-120.5688612625538,1329,{'learning_rate': 0.01},ppo,0,64x64,0.01,,,,,,
LunarLander-v3,obs,2,5,,-119.7065912,103.48229866044285,-96.94900280009149,-73.1876919389313,1350,{'learning_rate': 0.003},ppo,0,64x64,0.003,,,,,,
LunarLander-v3,obs,8,5,,-126.27110982,123.50708272555782,-102.55370213176973,-78.26665301280228,1331,{'learning_rate': 0.01},ppo,0,64x64,0.01,,,,,,
LunarLander-v3,obs,1,5,,-242.08738874000005,164.5952752017686,-120.61206949205636,-101.1310557166417,1347,{'learning_rate': 0.01},ppo,0,64x64,0.01,,,,,,
LunarLander-v3,obs,9,5,,-218.61086408,78.07089251234694,-104.25399462976861,-96.08168013361168,1374,{'learning_rate': 0.0003},ppo,0,64x64,0.0003,,,,,,
LunarLander-v3,obs,6,5,,-179.67542787999994,87.24832962925727,-103.99349502773245,-103.44626995510204,1365,{'learning_rate': 0.001},ppo,0,64x64,0.001,,,,,,
LunarLander-v3,obs,3,5,,-128.530016,109.81291488980216,-105.08333718728487,-84.71838223326571,1371,{'learning_rate': 0.001},ppo,0,64x64,0.001,,,,,,
LunarLander-v3,obs,8,5,,-116.27867844000001,75.36159673334302,-95.5785329853614,-92.38120535419847,1359,{'learning_rate': 0.003},ppo,0,64x64,0.003,,,,,,
LunarLander-v3,obs,0,5,,-57.44663459999999,58.226676033502216,-105.93855711217657,-75.19334571385083,1354,{'learning_rate': 0.01},ppo,0,64x64,0.01,,,,,,
LunarLander-v3,obs,2,5,,-87.20948976,102.52117764787688,-112.99793273443174,-101.67997695974026,1352,{'learning_rate': 0.01},ppo,0,64x64,0.01,,,,,,
LunarLander-v3,obs,6,5,,-239.040334,155.7358550207074,-101.97871363470941,-90.47724344021739,1355,{'learning_rate': 0.01},ppo,0,64x64,0.01,,,,,,
LunarLander-v3,obs,9,5,,-258.35879804,521.5387823534975,-118.04563220232818,-105.26317105409156,1368,{'learning_rate': 0.01},ppo,0,64x64,0.01,,,,,,
LunarLander-v3,obs,7,5,,-193.10290958000002,181.5012603600119,-110.16320515301724,-148.25456462944163,1370,{'learning_rate': 0.01},ppo,0,64x64,0.01,,,,,,
LunarLander-v3,filterbank,0,60,,261.37189586,43.21370542727402,227.44783011139162,243.62266419589258,1420,"{'decomposition': 'ema', 'n_filters': 12, 'slowest': 0.012612281719055242, 'learning_rate': 0.0003}",ppo,0,64x64,0.0003,,,,,,
LunarLander-v3,filterbank,3,60,,219.96317894,125.53951059317698,215.82368613317792,259.2544172923795,1421,"{'decomposition': 'ema', 'n_filters': 12, 'slowest': 0.012612281719055242, 'learning_rate': 0.0003}",ppo,0,64x64,0.0003,,,,,,
LunarLander-v3,filterbank,4,60,,273.82436694,18.7504056139144,226.19686517766067,249.53865534950071,1430,"{'decomposition': 'ema', 'n_filters': 12, 'slowest': 0.012612281719055242, 'learning_rate': 0.0003}",ppo,0,64x64,0.0003,,,,,,
LunarLander-v3,filterbank,1,60,,219.61796626,99.93726721437847,230.52950500303396,246.9703091714719,1471,"{'decomposition': 'ema', 'n_filters': 12, 'slowest': 0.012612281719055242, 'learning_rate': 0.0003}",ppo,0,64x64,0.0003,,,,,,
LunarLander-v3,filterbank,6,60,,-41.275427099999995,55.173178352942436,233.91784523059266,247.16134296081083,1442,"{'decomposition': 'ema', 'n_filters': 12, 'slowest': 0.012612281719055242, 'learning_rate': 0.0003}",ppo,0,64x64,0.0003,,,,,,
LunarLander-v3,filterbank,5,60,,271.24715504000005,32.02293568784176,229.16345975076646,242.85653983631715,1447,"{'decomposition': 'ema', 'n_filters': 12, 'slowest': 0.012612281719055242, 'learning_rate': 0.0003}",ppo,0,64x64,0.0003,,,,,,
LunarLander-v3,filterbank,7,60,,264.44337188000003,41.05055079836329,173.16065756235184,242.1039686342043,1448,"{'decomposition': 'ema', 'n_filters': 12, 'slowest': 0.012612281719055242, 'learning_rate': 0.0003}",ppo,0,64x64,0.0003,,,,,,
LunarLander-v3,filterbank,2,60,,244.17916782,93.3507457911469,230.1614603159732,257.98656337117905,1495,"{'decomposition': 'ema', 'n_filters': 12, 'slowest': 0.012612281719055242, 'learning_rate': 0.0003}",ppo,0,64x64,0.0003,,,,,,
LunarLander-v3,obs,2,5,,-157.28956272,60.61645744908924,-97.40354116748846,-79.73912430732484,1215,{'learning_rate': 0.0003},ppo,0,64,0.0003,,,,,,
LunarLander-v3,obs,3,5,,-154.10663976,73.5673266176364,-91.59931509980746,-85.86462721508829,1216,{'learning_rate': 0.0003},ppo,0,64,0.0003,,,,,,
LunarLander-v3,obs,1,5,,-159.80337546,78.01223847175437,-92.76526012401855,-88.33582132678572,1224,{'learning_rate': 0.0003},ppo,0,64,0.0003,,,,,,
LunarLander-v3,obs,5,5,,-177.23940052,102.42791072061642,-95.97626050026619,-87.2186068277087,1219,{'learning_rate': 0.0003},ppo,0,64,0.0003,,,,,,
LunarLander-v3,obs,0,5,,-144.30677216,66.79343225235264,-94.82855175619909,-90.33459321014493,1230,{'learning_rate': 0.0003},ppo,0,64,0.0003,,,,,,
LunarLander-v3,obs,4,5,,-168.62918679999999,74.69618359781032,-97.09385590639005,-84.39360304817275,1226,{'learning_rate': 0.0003},ppo,0,64,0.0003,,,,,,
LunarLander-v3,obs,6,5,,-147.20192644,59.9737021753429,-96.9450858319174,-85.31487014666668,1223,{'learning_rate': 0.0003},ppo,0,64,0.0003,,,,,,
LunarLander-v3,obs,7,5,,-173.3297406,61.725151761222925,-96.08310769537366,-93.16647530071174,1229,{'learning_rate': 0.0003},ppo,0,64,0.0003,,,,,,
LunarLander-v3,obs,8,5,,-162.3398076,76.47631816770584,-94.48559122789518,-89.97977178680203,1207,{'learning_rate': 0.0003},ppo,0,64,0.0003,,,,,,
LunarLander-v3,obs,9,5,,-330.99665792,375.02574093217015,-95.95673843589742,-82.05014843387097,1208,{'learning_rate': 0.0003},ppo,0,64,0.0003,,,,,,
LunarLander-v3,filterbank,8,60,,263.89935892,38.06154705158463,233.75667055255022,258.0645664226804,1385,"{'decomposition': 'ema', 'n_filters': 12, 'slowest': 0.012612281719055242, 'learning_rate': 0.0003}",ppo,0,64x64,0.0003,,,,,,
LunarLander-v3,obs,0,5,,-376.0705763399999,533.7291024659891,-96.31711831660832,-97.70543999027235,1203,{'learning_rate': 0.001},ppo,0,64,0.001,,,,,,
LunarLander-v3,filterbank,9,60,,237.19821964,78.1153008670482,228.55186447941531,249.36306181744962,1400,"{'decomposition': 'ema', 'n_filters': 12, 'slowest': 0.012612281719055242, 'learning_rate': 0.0003}",ppo,0,64x64,0.0003,,,,,,
LunarLander-v3,filterbank,1,60,,124.94288243999999,105.88379784661336,133.10235355281398,109.76438749166665,1394,"{'decomposition': 'ema', 'n_filters': 12, 'slowest': 0.012612281719055242, 'learning_rate': 0.001}",ppo,0,64x64,0.001,,,,,,
LunarLander-v3,filterbank,0,60,,-260.04284572000006,78.14183800619068,-38.37736476670792,-66.53483117337461,1383,"{'decomposition': 'ema', 'n_filters': 12, 'slowest': 0.012612281719055242, 'learning_rate': 0.003}",ppo,0,64x64,0.003,,,,,,
LunarLander-v3,filterbank,2,60,,-62.322265300000005,51.565501563779584,-79.40807202552205,-86.08744746511628,1384,"{'decomposition': 'ema', 'n_filters': 12, 'slowest': 0.012612281719055242, 'learning_rate': 0.003}",ppo,0,64x64,0.003,,,,,,
LunarLander-v3,filterbank,0,60,,142.87499156,88.24914074134476,120.35859045888739,141.86944655163043,1414,"{'decomposition': 'ema', 'n_filters': 12, 'slowest': 0.012612281719055242, 'learning_rate': 0.001}",ppo,0,64x64,0.001,,,,,,
LunarLander-v3,filterbank,9,60,,56.81502064,155.56881510489336,126.33749852829746,177.8163266252927,1392,"{'decomposition': 'ema', 'n_filters': 12, 'slowest': 0.012612281719055242, 'learning_rate': 0.001}",ppo,0,64x64,0.001,,,,,,
LunarLander-v3,filterbank,1,60,,-1703.40793824,2811.347821092114,-171.02265261598694,-738.7729637647059,1391,"{'decomposition': 'ema', 'n_filters': 12, 'slowest': 0.012612281719055242, 'learning_rate': 0.003}",ppo,0,64x64,0.003,,,,,,
LunarLander-v3,filterbank,3,60,,207.04212139999996,102.9816788688117,134.86857647932428,210.82481894444444,1407,"{'decomposition': 'ema', 'n_filters': 12, 'slowest': 0.012612281719055242, 'learning_rate': 0.001}",ppo,0,64x64,0.001,,,,,,
LunarLander-v3,filterbank,7,60,,50.65593272,109.06951180153983,110.46465490225386,-25.75776066745843,1396,"{'decomposition': 'ema', 'n_filters': 12, 'slowest': 0.012612281719055242, 'learning_rate': 0.001}",ppo,0,64x64,0.001,,,,,,
LunarLander-v3,obs,2,5,,-171.45581284,105.27115858773047,-95.41021099857245,-82.23740413214286,1223,{'learning_rate': 0.001},ppo,0,64,0.001,,,,,,
LunarLander-v3,filterbank,8,60,,194.36923944000003,89.89249706448612,94.73414793155303,124.93636434285716,1401,"{'decomposition': 'ema', 'n_filters': 12, 'slowest': 0.012612281719055242, 'learning_rate': 0.001}",ppo,0,64x64,0.001,,,,,,
LunarLander-v3,filterbank,3,60,,-82.87981984,130.61351163142842,-40.85070570093458,-77.61621835416666,1394,"{'decomposition': 'ema', 'n_filters': 12, 'slowest': 0.012612281719055242, 'learning_rate': 0.003}",ppo,0,64x64,0.003,,,,,,
LunarLander-v3,filterbank,7,60,,-218.05475334000002,78.72480846028539,-108.56905198153034,-161.0984304516129,1390,"{'decomposition': 'ema', 'n_filters': 12, 'slowest': 0.012612281719055242, 'learning_rate': 0.003}",ppo,0,64x64,0.003,,,,,,
LunarLander-v3,obs,3,5,,-204.84360466,99.20031154521794,-85.6562222156935,-89.28272157749076,1227,{'learning_rate': 0.001},ppo,0,64,0.001,,,,,,
LunarLander-v3,filterbank,2,60,,128.40340577999999,114.63844102275584,139.7210129889318,126.89921354381443,1422,"{'decomposition': 'ema', 'n_filters': 12, 'slowest': 0.012612281719055242, 'learning_rate': 0.001}",ppo,0,64x64,0.001,,,,,,
LunarLander-v3,obs,1,5,,-179.53262801999998,79.31924657496079,-90.7509310319773,-82.82159733143939,1232,{'learning_rate': 0.001},ppo,0,64,0.001,,,,,,
LunarLander-v3,filterbank,5,60,,-382.5813046600001,128.66302733804315,-170.18464719332363,-58.953419223837216,1395,"{'decomposition': 'ema', 'n_filters': 12, 'slowest': 0.012612281719055242, 'learning_rate': 0.003}",ppo,0,64x64,0.003,,,,,,
LunarLander-v3,filterbank,5,60,,237.94451822000002,48.16737105383889,159.36143546345423,197.2187618628159,1412,"{'decomposition': 'ema', 'n_filters': 12, 'slowest': 0.012612281719055242, 'learning_rate': 0.001}",ppo,0,64x64,0.001,,,,,,
LunarLander-v3,filterbank,4,60,,-91.22691932,19.799757422612757,-84.60238042073578,-137.95370269899666,1403,"{'decomposition': 'ema', 'n_filters': 12, 'slowest': 0.012612281719055242, 'learning_rate': 0.003}",ppo,0,64x64,0.003,,,,,,
LunarLander-v3,filterbank,4,60,,102.16563492000002,115.66739095564542,97.11825395445979,155.26523572327045,1413,"{'decomposition': 'ema', 'n_filters': 12, 'slowest': 0.012612281719055242, 'learning_rate': 0.001}",ppo,0,64x64,0.001,,,,,,
LunarLander-v3,filterbank,3,60,,-763.0812430599998,349.99566545576414,-850.6470749852778,-856.9355485884901,1396,"{'decomposition': 'ema', 'n_filters': 12, 'slowest': 0.012612281719055242, 'learning_rate': 0.01}",ppo,0,64x64,0.01,,,,,,
LunarLander-v3,filterbank,6,60,,71.61666152,142.57824171906373,107.60892614019204,67.57012881318681,1419,"{'decomposition': 'ema', 'n_filters': 12, 'slowest': 0.012612281719055242, 'learning_rate': 0.001}",ppo,0,64x64,0.001,,,,,,
LunarLander-v3,filterbank,6,60,,-635.29568942,65.41475149890998,-50.92344227035726,-82.64647375806452,1405,"{'decomposition': 'ema', 'n_filters': 12, 'slowest': 0.012612281719055242, 'learning_rate': 0.003}",ppo,0,64x64,0.003,,,,,,
LunarLander-v3,obs,4,5,,-225.20740933999997,103.32878837169883,-103.96162447840597,-99.41527570137524,1229,{'learning_rate': 0.001},ppo,0,64,0.001,,,,,,
LunarLander-v3,filterbank,8,60,,-170.43317996000002,82.9735742761001,-22.831421285892635,-41.3181109875,1415,"{'decomposition': 'ema', 'n_filters': 12, 'slowest': 0.012612281719055242, 'learning_rate': 0.003}",ppo,0,64x64,0.003,,,,,,
LunarLander-v3,filterbank,9,60,,-145.17573688,121.27963324697103,-36.985734726145864,-124.97774645375723,1420,"{'decomposition': 'ema', 'n_filters': 12, 'slowest': 0.012612281719055242, 'learning_rate': 0.003}",ppo,0,64x64,0.003,,,,,,
LunarLander-v3,filterbank,1,60,,-137.84267382000002,52.87801736857831,-134.3550275874255,-132.40819886089423,1420,"{'decomposition': 'ema', 'n_filters': 12, 'slowest': 0.012612281719055242, 'learning_rate': 0.01}",ppo,0,64x64,0.01,,,,,,
LunarLander-v3,filterbank,2,60,,-132.18103352,55.78995772993341,-133.45817612387944,-133.17487566960818,1419,"{'decomposition': 'ema', 'n_filters': 12, 'slowest': 0.012612281719055242, 'learning_rate': 0.01}",ppo,0,64x64,0.01,,,,,,
LunarLander-v3,filterbank,6,60,,-126.41344102,54.352848178463304,-133.32052931092468,-131.21116764195298,1421,"{'decomposition': 'ema', 'n_filters': 12, 'slowest': 0.012612281719055242, 'learning_rate': 0.01}",ppo,0,64x64,0.01,,,,,,
LunarLander-v3,filterbank,0,60,,-133.38020256,44.68533763694481,-133.93780704105635,-130.72495333092746,1430,"{'decomposition': 'ema', 'n_filters': 12, 'slowest': 0.012612281719055242, 'learning_rate': 0.01}",ppo,0,64x64,0.01,,,,,,
LunarLander-v3,filterbank,5,60,,-558.67610176,150.9727554774535,-447.681067665579,-575.5761851099682,1431,"{'decomposition': 'ema', 'n_filters': 12, 'slowest': 0.012612281719055242, 'learning_rate': 0.01}",ppo,0,64x64,0.01,,,,,,
LunarLander-v3,obs,5,5,,-145.16434222,72.2241483346377,-92.56890745416024,-88.32113153949904,1251,{'learning_rate': 0.001},ppo,0,64,0.001,,,,,,
LunarLander-v3,filterbank,7,60,,-126.94602436,54.729251625930324,-132.40667481708172,-130.9393246759032,1427,"{'decomposition': 'ema', 'n_filters': 12, 'slowest': 0.012612281719055242, 'learning_rate': 0.01}",ppo,0,64x64,0.01,,,,,,
LunarLander-v3,filterbank,4,60,,-122.3086974,53.716587910812486,-135.38887681451527,-132.24586133683474,1443,"{'decomposition': 'ema', 'n_filters': 12, 'slowest': 0.012612281719055242, 'learning_rate': 0.01}",ppo,0,64x64,0.01,,,,,,
LunarLander-v3,filterbank,9,60,,-123.19656441999997,54.28370201564657,-135.8821862046668,-130.85374709193778,1431,"{'decomposition': 'ema', 'n_filters': 12, 'slowest': 0.012612281719055242, 'learning_rate': 0.01}",ppo,0,64x64,0.01,,,,,,
LunarLander-v3,filterbank,8,60,,-126.35847503999999,57.33025397602555,-140.87064743932933,-133.00728835380656,1433,"{'decomposition': 'ema', 'n_filters': 12, 'slowest': 0.012612281719055242, 'learning_rate': 0.01}",ppo,0,64x64,0.01,,,,,,
LunarLander-v3,obs,6,5,,-171.49840733999997,67.69850458594173,-83.13398562040582,-75.70273350766283,1204,{'learning_rate': 0.001},ppo,0,64,0.001,,,,,,
LunarLander-v3,obs,7,5,,-183.31638111999996,99.38128936091725,-101.61974955427893,-95.91615087103176,1206,{'learning_rate': 0.001},ppo,0,64,0.001,,,,,,
LunarLander-v3,obs,8,5,,-156.76105343999998,131.9991300916426,-81.41612586821564,-81.89813323454545,1211,{'learning_rate': 0.001},ppo,0,64,0.001,,,,,,
LunarLander-v3,obs,9,5,,-163.23686452,93.62376365140821,-96.08663512359347,-97.70990445372053,1213,{'learning_rate': 0.001},ppo,0,64,0.001,,,,,,
LunarLander-v3,obs,1,5,,-198.41856679999998,89.32646192475427,-105.15262853332018,-94.59128103747534,1212,{'learning_rate': 0.003},ppo,0,64,0.003,,,,,,
LunarLander-v3,obs,0,5,,-181.15690729999997,94.78521735447572,-110.91253424424552,-111.75803398507462,1223,{'learning_rate': 0.003},ppo,0,64,0.003,,,,,,
LunarLander-v3,obs,2,5,,-195.30303812000005,60.95338698406256,-101.82860233391507,-98.00957011844659,1214,{'learning_rate': 0.003},ppo,0,64,0.003,,,,,,
LunarLander-v3,obs,3,5,,-203.93586424,208.24529750833358,-100.572115488557,-95.52623880194174,1216,{'learning_rate': 0.003},ppo,0,64,0.003,,,,,,
LunarLander-v3,obs,4,5,,-183.70666388,97.96840959959209,-97.55135011102378,-105.97385336811023,1203,{'learning_rate': 0.003},ppo,0,64,0.003,,,,,,
LunarLander-v3,obs,6,5,,-188.64228767999998,64.73223484769993,-101.92361195490278,-88.14577805590062,1196,{'learning_rate': 0.003},ppo,0,64,0.003,,,,,,
LunarLander-v3,obs,7,5,,-168.53252657999997,79.11889289682607,-102.8754093424995,-89.01245350513346,1195,{'learning_rate': 0.003},ppo,0,64,0.003,,,,,,
LunarLander-v3,obs,5,5,,-148.30528157999998,86.83653510239544,-104.71406617678102,-96.48365149593495,1206,{'learning_rate': 0.003},ppo,0,64,0.003,,,,,,
LunarLander-v3,obs,9,5,,-269.16091648,119.3222719315187,-99.03718312452759,-94.0326169395085,1191,{'learning_rate': 0.003},ppo,0,64,0.003,,,,,,
LunarLander-v3,obs,8,5,,-203.52272412,76.0709010576548,-107.08516342996941,-98.72201553673469,1210,{'learning_rate': 0.003},ppo,0,64,0.003,,,,,,
LunarLander-v3,obs,0,5,,-177.53176708000004,77.73607195300275,-117.54624907606936,-139.8135872986111,1195,{'learning_rate': 0.01},ppo,0,64,0.01,,,,,,
LunarLander-v3,obs,1,5,,-156.2459472,161.4961962262765,-112.9552741968652,-91.58897468619247,1195,{'learning_rate': 0.01},ppo,0,64,0.01,,,,,,
LunarLander-v3,obs,3,5,,-188.83823080000002,152.3730810994148,-106.55049182965845,-108.22355145887445,1190,{'learning_rate': 0.01},ppo,0,64,0.01,,,,,,
LunarLander-v3,obs,5,5,,-101.47531026,112.54002723059837,-98.84072305510561,-76.55208973415492,1193,{'learning_rate': 0.01},ppo,0,64,0.01,,,,,,
LunarLander-v3,obs,9,5,,-189.7991455,92.45830150736685,-104.32712540264954,-86.5643289558233,1192,{'learning_rate': 0.01},ppo,0,64,0.01,,,,,,
LunarLander-v3,obs,4,5,,-190.22572418000004,110.97933752012105,-113.94038529443993,-102.96018650406505,1201,{'learning_rate': 0.01},ppo,0,64,0.01,,,,,,
LunarLander-v3,obs,6,5,,-179.80718908,86.20887223396252,-108.43758010527414,-97.30451359916492,1199,{'learning_rate': 0.01},ppo,0,64,0.01,,,,,,
LunarLander-v3,obs,8,5,,-146.90498968000003,86.8199013493356,-108.42841437427128,-111.98014035797665,1196,{'learning_rate': 0.01},ppo,0,64,0.01,,,,,,
LunarLander-v3,obs,2,5,,-200.85409515999999,142.79059941748443,-108.59010677873621,-94.33837588554216,1207,{'learning_rate': 0.01},ppo,0,64,0.01,,,,,,
LunarLander-v3,obs,7,5,,-263.03484666,165.26937379212393,-108.96233576716295,-105.52176278260869,1219,{'learning_rate': 0.01},ppo,0,64,0.01,,,,,,
LunarLander-v3,filterbank,0,60,,266.04002384,54.9556227577502,234.93232333650496,255.50301632439675,1281,"{'decomposition': 'ema', 'n_filters': 12, 'slowest': 0.012612281719055242, 'learning_rate': 0.0003}",ppo,0,64,0.0003,,,,,,
LunarLander-v3,filterbank,4,60,,269.82883704,19.95943828559448,235.26075732862907,265.95158388967974,1279,"{'decomposition': 'ema', 'n_filters': 12, 'slowest': 0.012612281719055242, 'learning_rate': 0.0003}",ppo,0,64,0.0003,,,,,,
LunarLander-v3,filterbank,2,60,,273.64138224000004,18.315866757583667,239.48077828381557,266.55234774,1293,"{'decomposition': 'ema', 'n_filters': 12, 'slowest': 0.012612281719055242, 'learning_rate': 0.0003}",ppo,0,64,0.0003,,,,,,
LunarLander-v3,filterbank,5,60,,257.7551657800001,50.22024064490548,242.73797802897346,261.77383091288783,1289,"{'decomposition': 'ema', 'n_filters': 12, 'slowest': 0.012612281719055242, 'learning_rate': 0.0003}",ppo,0,64,0.0003,,,,,,
LunarLander-v3,filterbank,0,60,,-270.36387070000006,425.7459741027928,-131.95467787663065,-119.29890932462686,1283,"{'decomposition': 'ema', 'n_filters': 12, 'slowest': 0.012612281719055242, 'learning_rate': 0.001}",ppo,0,64,0.001,,,,,,
LunarLander-v3,filterbank,9,60,,153.95679938,128.53863873633267,233.52550141602822,264.56564572019465,1287,"{'decomposition': 'ema', 'n_filters': 12, 'slowest': 0.012612281719055242, 'learning_rate': 0.0003}",ppo,0,64,0.0003,,,,,,
LunarLander-v3,filterbank,7,60,,264.28999244,25.373616296981634,236.14859103236438,260.87722806124856,1294,"{'decomposition': 'ema', 'n_filters': 12, 'slowest': 0.012612281719055242, 'learning_rate': 0.0003}",ppo,0,64,0.0003,,,,,,
LunarLander-v3,filterbank,6,60,,271.86558868,27.082428899922384,232.4606781525987,260.22551841356386,1295,"{'decomposition': 'ema', 'n_filters': 12, 'slowest': 0.012612281719055242, 'learning_rate': 0.0003}",ppo,0,64,0.0003,,,,,,
LunarLander-v3,filterbank,1,60,,208.57159907999997,73.51295832519176,237.36046669222983,258.77994341898733,1304,"{'decomposition': 'ema', 'n_filters': 12, 'slowest': 0.012612281719055242, 'learning_rate': 0.0003}",ppo,0,64,0.0003,,,,,,
LunarLander-v3,filterbank,8,60,,283.37709238,21.84748233749805,241.27335142411567,269.0100062332536,1296,"{'decomposition': 'ema', 'n_filters': 12, 'slowest': 0.012612281719055242, 'learning_rate': 0.0003}",ppo,0,64,0.0003,,,,,,
LunarLander-v3,filterbank,1,60,,-90.96263560000001,32.82083549295419,-17.40244177827382,71.68630020238095,1291,"{'decomposition': 'ema', 'n_filters': 12, 'slowest': 0.012612281719055242, 'learning_rate': 0.001}",ppo,0,64,0.001,,,,,,
LunarLander-v3,filterbank,7,60,,-345.17560174,326.40025330383116,-127.69916187387388,-134.09609381954894,1266,"{'decomposition': 'ema', 'n_filters': 12, 'slowest': 0.012612281719055242, 'learning_rate': 0.001}",ppo,0,64,0.001,,,,,,
LunarLander-v3,filterbank,3,60,,275.25718222,17.50896428401829,232.1690539537888,257.36380580993784,1310,"{'decomposition': 'ema', 'n_filters': 12, 'slowest': 0.012612281719055242, 'learning_rate': 0.0003}",ppo,0,64,0.0003,,,,,,
LunarLander-v3,filterbank,4,60,,240.19591088,59.43507447308389,165.12061051520612,242.57171603611738,1285,"{'decomposition': 'ema', 'n_filters': 12, 'slowest': 0.012612281719055242, 'learning_rate': 0.001}",ppo,0,64,0.001,,,,,,
LunarLander-v3,filterbank,5,60,,251.585604,63.52648673443625,223.57992632583247,247.58540028614922,1285,"{'decomposition': 'ema', 'n_filters': 12, 'slowest': 0.012612281719055242, 'learning_rate': 0.001}",ppo,0,64,0.001,,,,,,
LunarLander-v3,filterbank,2,60,,259.06051662000004,16.42246339799793,231.67362825529796,255.21366951066852,1298,"{'decomposition': 'ema', 'n_filters': 12, 'slowest': 0.012612281719055242, 'learning_rate': 0.001}",ppo,0,64,0.001,,,,,,
LunarLander-v3,filterbank,8,60,,-75.10346608,67.35407548461232,27.561430747724312,50.77282924429967,1280,"{'decomposition': 'ema', 'n_filters': 12, 'slowest': 0.012612281719055242, 'learning_rate': 0.001}",ppo,0,64,0.001,,,,,,
LunarLander-v3,filterbank,6,60,,241.93897280000002,44.23154057389988,206.40264122665425,241.65649414179106,1288,"{'decomposition': 'ema', 'n_filters': 12, 'slowest': 0.012612281719055242, 'learning_rate': 0.001}",ppo,0,64,0.001,,,,,,
LunarLander-v3,filterbank,3,60,,11.082814820000001,63.17780665331849,206.45403983279905,192.99726357094596,1302,"{'decomposition': 'ema', 'n_filters': 12, 'slowest': 0.012612281719055242, 'learning_rate': 0.001}",ppo,0,64,0.001,,,,,,
LunarLander-v3,filterbank,0,60,,-190.40571677999998,141.86464673685103,-2.7336919650286533,-704.9801079546827,1286,"{'decomposition': 'ema', 'n_filters': 12, 'slowest': 0.012612281719055242, 'learning_rate': 0.003}",ppo,0,64,0.003,,,,,,
LunarLander-v3,filterbank,2,60,,-133.06216918,39.95344167206946,-142.5310692459187,-79.96083124738678,1286,"{'decomposition': 'ema', 'n_filters': 12, 'slowest': 0.012612281719055242, 'learning_rate': 0.003}",ppo,0,64,0.003,,,,,,
LunarLander-v3,filterbank,1,60,,-64.12790310000001,22.634973478193466,-55.792722384320015,-72.40769790705129,1293,"{'decomposition': 'ema', 'n_filters': 12, 'slowest': 0.012612281719055242, 'learning_rate': 0.003}",ppo,0,64,0.003,,,,,,
LunarLander-v3,filterbank,3,60,,-303.90086916,375.299028214057,-170.74768024849294,-515.1143037751677,1293,"{'decomposition': 'ema', 'n_filters': 12, 'slowest': 0.012612281719055242, 'learning_rate': 0.003}",ppo,0,64,0.003,,,,,,
LunarLander-v3,filterbank,9,60,,-54.05248395999999,47.833621063114414,79.18384020289106,-34.51462646770025,1317,"{'decomposition': 'ema', 'n_filters': 12, 'slowest': 0.012612281719055242, 'learning_rate': 0.001}",ppo,0,64,0.001,,,,,,
LunarLander-v3,obs,0,5,,-8336.178720999998,6006.387998532767,-113.57265064863942,-95.87752945785877,1092,{'learning_rate': 0.0003},ppo,0,linear,0.0003,,,,,,
LunarLander-v3,obs,1,5,,-8810.385743199999,5658.892116199935,-117.92596275591863,-98.574971432703,1092,{'learning_rate': 0.0003},ppo,0,linear,0.0003,,,,,,
LunarLander-v3,obs,2,5,,-2120.37472906,2519.2645046377215,-141.49549409837954,-108.2627552296296,1090,{'learning_rate': 0.0003},ppo,0,linear,0.0003,,,,,,
LunarLander-v3,obs,5,5,,-8149.74843538,6764.731522827194,-115.07302134237288,-96.09352322372881,1093,{'learning_rate': 0.0003},ppo,0,linear,0.0003,,,,,,
LunarLander-v3,obs,3,5,,-6683.4616904800005,6019.558726205915,-121.1289209192758,-95.87659436636638,1098,{'learning_rate': 0.0003},ppo,0,linear,0.0003,,,,,,
LunarLander-v3,obs,4,5,,-9530.68411104,7028.7931767398195,-123.19961254272167,-96.96357281533805,1099,{'learning_rate': 0.0003},ppo,0,linear,0.0003,,,,,,
LunarLander-v3,obs,6,5,,-9421.9544936,6326.457387938598,-122.18870119001816,-101.74715665775402,1097,{'learning_rate': 0.0003},ppo,0,linear,0.0003,,,,,,
LunarLander-v3,filterbank,4,60,,-260.77422422,158.86750718464288,26.268392569333333,-112.21761343200001,1264,"{'decomposition': 'ema', 'n_filters': 12, 'slowest': 0.012612281719055242, 'learning_rate': 0.003}",ppo,0,64,0.003,,,,,,
LunarLander-v3,obs,7,5,,-7849.509656020001,6202.271497155342,-115.98362458033333,-93.31718232000001,1116,{'learning_rate': 0.0003},ppo,0,linear,0.0003,,,,,,
LunarLander-v3,filterbank,5,60,,-116.46506072000003,37.5194057542376,5.864959261095883,-29.758723312328762,1281,"{'decomposition': 'ema', 'n_filters': 12, 'slowest': 0.012612281719055242, 'learning_rate': 0.003}",ppo,0,64,0.003,,,,,,
LunarLander-v3,filterbank,6,60,,-186.35319737999998,76.40469505831075,12.849358972214173,-48.940693037681164,1293,"{'decomposition': 'ema', 'n_filters': 12, 'slowest': 0.012612281719055242, 'learning_rate': 0.003}",ppo,0,64,0.003,,,,,,
LunarLander-v3,filterbank,8,60,,145.0213128,132.85868812108578,88.35187551832844,106.93567691931541,1288,"{'decomposition': 'ema', 'n_filters': 12, 'slowest': 0.012612281719055242, 'learning_rate': 0.003}",ppo,0,64,0.003,,,,,,
LunarLander-v3,filterbank,7,60,,191.32343592000004,84.84115257411057,72.22968113004696,209.9202292934272,1296,"{'decomposition': 'ema', 'n_filters': 12, 'slowest': 0.012612281719055242, 'learning_rate': 0.003}",ppo,0,64,0.003,,,,,,
LunarLander-v3,obs,8,5,,-8076.311486859999,6814.223169179183,-118.8707022702132,-98.85068283526927,1092,{'learning_rate': 0.0003},ppo,0,linear,0.0003,,,,,,
LunarLander-v3,obs,9,5,,-5979.2226853600005,5538.74969971179,-135.25868823193173,-107.706785933274,1089,{'learning_rate': 0.0003},ppo,0,linear,0.0003,,,,,,
LunarLander-v3,filterbank,0,60,,-216.09836800000002,99.22886047885765,-136.91493986429583,-147.01508237640118,1285,"{'decomposition': 'ema', 'n_filters': 12, 'slowest': 0.012612281719055242, 'learning_rate': 0.01}",ppo,0,64,0.01,,,,,,
LunarLander-v3,filterbank,9,60,,111.91699145999999,131.54721019842026,94.39649125308797,195.97464850252524,1297,"{'decomposition': 'ema', 'n_filters': 12, 'slowest': 0.012612281719055242, 'learning_rate': 0.003}",ppo,0,64,0.003,,,,,,
LunarLander-v3,obs,0,5,,-2527.76154136,4105.371743323287,-102.12580473106797,-93.51942703051317,1094,{'learning_rate': 0.001},ppo,0,linear,0.001,,,,,,
LunarLander-v3,obs,1,5,,-4644.88106018,5611.137419570854,-108.6509327258682,-98.98792500683996,1095,{'learning_rate': 0.001},ppo,0,linear,0.001,,,,,,
LunarLander-v3,obs,2,5,,-5515.579010399999,6030.403632746014,-118.41077454554379,-94.61657384497816,1095,{'learning_rate': 0.001},ppo,0,linear,0.001,,,,,,
LunarLander-v3,filterbank,2,60,,-132.4412956,131.20303165338407,-154.53622477215274,-168.8723901495507,1273,"{'decomposition': 'ema', 'n_filters': 12, 'slowest': 0.012612281719055242, 'learning_rate': 0.01}",ppo,0,64,0.01,,,,,,
LunarLander-v3,obs,3,5,,-7101.54508546,7011.4134715275,-110.89803041640536,-101.65284242910916,1098,{'learning_rate': 0.001},ppo,0,linear,0.001,,,,,,
LunarLander-v3,obs,5,5,,-947.4224960200002,1482.2622207516783,-104.5027894930471,-89.83665725945946,1099,{'learning_rate': 0.001},ppo,0,linear,0.001,,,,,,
LunarLander-v3,filterbank,1,60,,-584.1836456,174.73059046641683,-546.7841468395518,-576.9304777746967,1298,"{'decomposition': 'ema', 'n_filters': 12, 'slowest': 0.012612281719055242, 'learning_rate': 0.01}",ppo,0,64,0.01,,,,,,
LunarLander-v3,obs,4,5,,-8720.963038020001,6562.561869546285,-112.09372928535947,-100.5503884130719,1103,{'learning_rate': 0.001},ppo,0,linear,0.001,,,,,,
LunarLander-v3,filterbank,3,60,,-125.86476884,51.3778095279418,-118.79307990769483,-131.38540460360852,1265,"{'decomposition': 'ema', 'n_filters': 12, 'slowest': 0.012612281719055242, 'learning_rate': 0.01}",ppo,0,64,0.01,,,,,,
LunarLander-v3,obs,9,5,,-7718.040639200001,6744.884602042593,-117.79106902549087,-100.84824387816091,1096,{'learning_rate': 0.001},ppo,0,linear,0.001,,,,,,
LunarLander-v3,obs,6,5,,-5285.4893623200005,5592.145504463223,-107.43886802547345,-98.57337227903872,1101,{'learning_rate': 0.001},ppo,0,linear,0.001,,,,,,
LunarLander-v3,obs,7,5,,-5087.6446701,5870.654433841765,-103.7938624375421,-95.60160188544474,1101,{'learning_rate': 0.001},ppo,0,linear,0.001,,,,,,
LunarLander-v3,filterbank,4,60,,-122.3086974,53.716587910812486,-133.5560600755758,-132.0443528873457,1268,"{'decomposition': 'ema', 'n_filters': 12, 'slowest': 0.012612281719055242, 'learning_rate': 0.01}",ppo,0,64,0.01,,,,,,
LunarLander-v3,obs,2,5,,-5870.2856722,6020.9181047752945,-110.62361148594816,-97.59361832060027,1091,{'learning_rate': 0.003},ppo,0,linear,0.003,,,,,,
LunarLander-v3,obs,1,5,,-395.53779520000006,426.29021402971546,-103.13757541408751,-102.31162959694656,1095,{'learning_rate': 0.003},ppo,0,linear,0.003,,,,,,
LunarLander-v3,obs,8,5,,-5350.364810619999,5871.715410985691,-106.16643749304524,-99.2998294027027,1108,{'learning_rate': 0.001},ppo,0,linear,0.001,,,,,,
LunarLander-v3,filterbank,6,60,,-129.72246348000002,167.41906949508885,-157.29870392177082,-76.27633983475562,1255,"{'decomposition': 'ema', 'n_filters': 12, 'slowest': 0.012612281719055242, 'learning_rate': 0.01}",ppo,0,64,0.01,,,,,,
LunarLander-v3,obs,3,5,,-2472.34747474,3428.2555518696618,-104.72477015817734,-96.54694187373005,1098,{'learning_rate': 0.003},ppo,0,linear,0.003,,,,,,
LunarLander-v3,filterbank,5,60,,-126.93929941999997,51.89552868775965,-153.05284879873815,-132.2670715652174,1276,"{'decomposition': 'ema', 'n_filters': 12, 'slowest': 0.012612281719055242, 'learning_rate': 0.01}",ppo,0,64,0.01,,,,,,
LunarLander-v3,obs,7,5,,-4068.8348594399995,5500.23868234902,-104.49824591519601,-101.73468609062499,1087,{'learning_rate': 0.003},ppo,0,linear,0.003,,,,,,
LunarLander-v3,obs,4,5,,-176.99944598000002,54.01751667403601,-105.02296442572676,-99.38046099273257,1101,{'learning_rate': 0.003},ppo,0,linear,0.003,,,,,,
LunarLander-v3,obs,0,5,,-5359.129851199999,6124.081209114365,-101.11998839581396,-93.80456418604652,1117,{'learning_rate': 0.003},ppo,0,linear,0.003,,,,,,
LunarLander-v3,obs,5,5,,-168.90478376,65.122292950297,-102.23915958189589,-97.86992029770994,1107,{'learning_rate': 0.003},ppo,0,linear,0.003,,,,,,
LunarLander-v3,obs,6,5,,-1363.4219141,2330.561698389544,-100.46131205618808,-97.13241517011834,1105,{'learning_rate': 0.003},ppo,0,linear,0.003,,,,,,
LunarLander-v3,filterbank,8,60,,-134.73770593999998,28.52482774991816,-274.2691429449457,-266.0257497611026,1267,"{'decomposition': 'ema', 'n_filters': 12, 'slowest': 0.012612281719055242, 'learning_rate': 0.01}",ppo,0,64,0.01,,,,,,
LunarLander-v3,filterbank,9,60,,-222.71641726,83.72844036327511,-136.70712170953468,-139.7133532905605,1264,"{'decomposition': 'ema', 'n_filters': 12, 'slowest': 0.012612281719055242, 'learning_rate': 0.01}",ppo,0,64,0.01,,,,,,
LunarLander-v3,filterbank,7,60,,-126.94602436,54.729251625930324,-149.7513536512812,-131.12622324972315,1271,"{'decomposition': 'ema', 'n_filters': 12, 'slowest': 0.012612281719055242, 'learning_rate': 0.01}",ppo,0,64,0.01,,,,,,
LunarLander-v3,obs,8,5,,-4027.1506598399997,4940.862139375294,-102.65314058952679,-93.80135104747775,1105,{'learning_rate': 0.003},ppo,0,linear,0.003,,,,,,
LunarLander-v3,obs,0,5,,-3011.3178770600002,3848.9851879870716,-93.42208131627449,-92.35599594233936,1100,{'learning_rate': 0.01},ppo,0,linear,0.01,,,,,,
LunarLander-v3,obs,9,5,,-491.54222766,605.2888758255447,-110.12982881545932,-93.73169410526314,1113,{'learning_rate': 0.003},ppo,0,linear,0.003,,,,,,
LunarLander-v3,obs,1,5,,-168.50432611999997,74.51761873292502,-102.44075437836077,-98.50825656117456,1117,{'learning_rate': 0.01},ppo,0,linear,0.01,,,,,,
LunarLander-v3,obs,2,5,,-193.29703917999998,106.29675120496519,-101.89308583278329,-101.41643992295597,1085,{'learning_rate': 0.01},ppo,0,linear,0.01,,,,,,
LunarLander-v3,obs,3,5,,-321.90241882,403.30299257354415,-102.52208127721957,-94.58496254695221,1090,{'learning_rate': 0.01},ppo,0,linear,0.01,,,,,,
LunarLander-v3,obs,4,5,,-592.76414256,918.5117469832596,-94.47765622041493,-88.07428975581396,1088,{'learning_rate': 0.01},ppo,0,linear,0.01,,,,,,
LunarLander-v3,obs,6,5,,-887.2477899999999,1498.7744285324006,-102.93978113222036,-98.41409931385643,1088,{'learning_rate': 0.01},ppo,0,linear,0.01,,,,,,
LunarLander-v3,obs,5,5,,-4380.8601871,5278.705782046134,-100.80918543272789,-105.50680045622894,1092,{'learning_rate': 0.01},ppo,0,linear,0.01,,,,,,
LunarLander-v3,obs,8,5,,-2886.2666366200006,4500.553503740212,-94.39102164257163,-100.70863762,1094,{'learning_rate': 0.01},ppo,0,linear,0.01,,,,,,
LunarLander-v3,obs,7,5,,-6936.71711274,6908.95546578341,-91.72221055842185,-86.1964746644182,1096,{'learning_rate': 0.01},ppo,0,linear,0.01,,,,,,
LunarLander-v3,obs,9,5,,-175.73494334,71.17177347186991,-104.92135000310752,-104.55466965163296,1086,{'learning_rate': 0.01},ppo,0,linear,0.01,,,,,,
LunarLander-v3,filterbank,0,60,,181.7938484,97.56389568486966,109.18612554487963,215.34270985510202,1198,"{'decomposition': 'ema', 'n_filters': 12, 'slowest': 0.012612281719055242, 'learning_rate': 0.0003}",ppo,0,linear,0.0003,,,,,,
LunarLander-v3,filterbank,5,60,,95.683617,138.80739873831223,106.79023120748487,216.44211545871562,1173,"{'decomposition': 'ema', 'n_filters': 12, 'slowest': 0.012612281719055242, 'learning_rate': 0.0003}",ppo,0,linear,0.0003,,,,,,
LunarLander-v3,filterbank,6,60,,65.7769148,134.43744003367286,109.50656610973084,224.2300653354037,1173,"{'decomposition': 'ema', 'n_filters': 12, 'slowest': 0.012612281719055242, 'learning_rate': 0.0003}",ppo,0,linear,0.0003,,,,,,
LunarLander-v3,filterbank,1,60,,79.53501435999999,92.50005680159856,24.884481461090065,108.52052671720116,1204,"{'decomposition': 'ema', 'n_filters': 12, 'slowest': 0.012612281719055242, 'learning_rate': 0.0003}",ppo,0,linear,0.0003,,,,,,
LunarLander-v3,filterbank,3,60,,-167.44807563999998,38.006023350120174,119.77650274910148,173.30487892979454,1182,"{'decomposition': 'ema', 'n_filters': 12, 'slowest': 0.012612281719055242, 'learning_rate': 0.0003}",ppo,0,linear,0.0003,,,,,,
LunarLander-v3,filterbank,1,60,,10.892866480000002,134.29185092224688,139.64886898144107,109.19318668995633,1164,"{'decomposition': 'ema', 'n_filters': 12, 'slowest': 0.012612281719055242, 'learning_rate': 0.001}",ppo,0,linear,0.001,,,,,,
LunarLander-v3,filterbank,2,60,,-201.74048736,75.16804086267389,86.94694268278617,54.93709641555555,1162,"{'decomposition': 'ema', 'n_filters': 12, 'slowest': 0.012612281719055242, 'learning_rate': 0.001}",ppo,0,linear,0.001,,,,,,
LunarLander-v3,filterbank,0,60,,105.02027204000002,109.68980179383999,150.31137055844155,158.98873552238803,1167,"{'decomposition': 'ema', 'n_filters': 12, 'slowest': 0.012612281719055242, 'learning_rate': 0.001}",ppo,0,linear,0.001,,,,,,
LunarLander-v3,filterbank,1,60,,-77.70996575999999,26.31863464280406,46.45232586075544,-68.11982245512822,1152,"{'decomposition': 'ema', 'n_filters': 12, 'slowest': 0.012612281719055242, 'learning_rate': 0.003}",ppo,0,linear,0.003,,,,,,
LunarLander-v3,filterbank,2,60,,140.7869431,103.42679376691673,20.620899603133903,110.20318663247862,1199,"{'decomposition': 'ema', 'n_filters': 12, 'slowest': 0.012612281719055242, 'learning_rate': 0.0003}",ppo,0,linear,0.0003,,,,,,
LunarLander-v3,filterbank,3,60,,-174.80670255999996,50.18622681938577,111.85869026104328,57.237596688888885,1167,"{'decomposition': 'ema', 'n_filters': 12, 'slowest': 0.012612281719055242, 'learning_rate': 0.001}",ppo,0,linear,0.001,,,,,,
LunarLander-v3,filterbank,2,60,,-76.66908878,32.71799030437313,93.11664871284768,14.98686326790451,1158,"{'decomposition': 'ema', 'n_filters': 12, 'slowest': 0.012612281719055242, 'learning_rate': 0.003}",ppo,0,linear,0.003,,,,,,
LunarLander-v3,filterbank,3,60,,-120.10343006000001,53.02735908554352,80.51289654466046,44.64421547457627,1154,"{'decomposition': 'ema', 'n_filters': 12, 'slowest': 0.012612281719055242, 'learning_rate': 0.003}",ppo,0,linear,0.003,,,,,,
LunarLander-v3,filterbank,9,60,,163.09493058,123.50125683884731,65.3513791665474,208.26699845796063,1179,"{'decomposition': 'ema', 'n_filters': 12, 'slowest': 0.012612281719055242, 'learning_rate': 0.0003}",ppo,0,linear,0.0003,,,,,,
LunarLander-v3,filterbank,7,60,,-4818.448997439999,4713.706890371338,110.90433986079294,90.98054957709249,1166,"{'decomposition': 'ema', 'n_filters': 12, 'slowest': 0.012612281719055242, 'learning_rate': 0.001}",ppo,0,linear,0.001,,,,,,
LunarLander-v3,filterbank,8,60,,-61.51751694000001,42.523598439301715,97.58427258164276,-13.000367148514853,1149,"{'decomposition': 'ema', 'n_filters': 12, 'slowest': 0.012612281719055242, 'learning_rate': 0.003}",ppo,0,linear,0.003,,,,,,
LunarLander-v3,filterbank,6,60,,-108.96738492,33.19774000489859,127.41397775854752,110.4126734221698,1169,"{'decomposition': 'ema', 'n_filters': 12, 'slowest': 0.012612281719055242, 'learning_rate': 0.001}",ppo,0,linear,0.001,,,,,,
LunarLander-v3,filterbank,0,60,,-112.57794028,23.011789423499675,82.86199320400837,-12.64249805988024,1165,"{'decomposition': 'ema', 'n_filters': 12, 'slowest': 0.012612281719055242, 'learning_rate': 0.003}",ppo,0,linear,0.003,,,,,,
LunarLander-v3,filterbank,8,60,,-53.22915156,151.51603846977247,143.3678571838824,179.6869904189944,1169,"{'decomposition': 'ema', 'n_filters': 12, 'slowest': 0.012612281719055242, 'learning_rate': 0.001}",ppo,0,linear,0.001,,,,,,
LunarLander-v3,filterbank,4,60,,-165.12693812,60.015602124925465,106.50883742762709,112.08907751598174,1175,"{'decomposition': 'ema', 'n_filters': 12, 'slowest': 0.012612281719055242, 'learning_rate': 0.001}",ppo,0,linear,0.001,,,,,,
LunarLander-v3,filterbank,5,60,,-115.37969976000001,22.614348806274585,114.20914263296754,68.78784783411216,1157,"{'decomposition': 'ema', 'n_filters': 12, 'slowest': 0.012612281719055242, 'learning_rate': 0.003}",ppo,0,linear,0.003,,,,,,
LunarLander-v3,filterbank,4,60,,122.28985354000001,85.74402761514729,16.17749773599386,101.71466702820513,1205,"{'decomposition': 'ema', 'n_filters': 12, 'slowest': 0.012612281719055242, 'learning_rate': 0.0003}",ppo,0,linear,0.0003,,,,,,
LunarLander-v3,filterbank,4,60,,-34.433070619999995,39.45328439214322,47.09036050638828,-32.456125775,1163,"{'decomposition': 'ema', 'n_filters': 12, 'slowest': 0.012612281719055242, 'learning_rate': 0.003}",ppo,0,linear,0.003,,,,,,
LunarLander-v3,filterbank,7,60,,-13.275654,136.8278684298577,85.2508031234372,193.2311187713718,1198,"{'decomposition': 'ema', 'n_filters': 12, 'slowest': 0.012612281719055242, 'learning_rate': 0.0003}",ppo,0,linear,0.0003,,,,,,
LunarLander-v3,filterbank,5,60,,-162.67027296000003,74.88355696304447,152.54699424285712,190.74812711196913,1179,"{'decomposition': 'ema', 'n_filters': 12, 'slowest': 0.012612281719055242, 'learning_rate': 0.001}",ppo,0,linear,0.001,,,,,,
LunarLander-v3,filterbank,8,60,,158.45900532000002,117.75436473003562,111.76963009364019,218.18840116168715,1199,"{'decomposition': 'ema', 'n_filters': 12, 'slowest': 0.012612281719055242, 'learning_rate': 0.0003}",ppo,0,linear,0.0003,,,,,,
LunarLander-v3,filterbank,9,60,,-162.55045394,70.09225353244403,123.96154890427384,127.9535758878143,1176,"{'decomposition': 'ema', 'n_filters': 12, 'slowest': 0.012612281719055242, 'learning_rate': 0.001}",ppo,0,linear,0.001,,,,,,
LunarLander-v3,filterbank,6,60,,-115.45641298000001,68.02380281895552,79.27895307605128,11.793166122388058,1162,"{'decomposition': 'ema', 'n_filters': 12, 'slowest': 0.012612281719055242, 'learning_rate': 0.003}",ppo,0,linear,0.003,,,,,,
LunarLander-v3,filterbank,7,60,,-256.72267973999993,238.85324540548658,97.44832101591155,29.9004921945946,1166,"{'decomposition': 'ema', 'n_filters': 12, 'slowest': 0.012612281719055242, 'learning_rate': 0.003}",ppo,0,linear,0.003,,,,,,
LunarLander-v3,filterbank,4,60,,-198.99003883999998,44.63131254289711,40.687646875549454,-75.18071518956044,1147,"{'decomposition': 'ema', 'n_filters': 12, 'slowest': 0.012612281719055242, 'learning_rate': 0.01}",ppo,0,linear,0.01,,,,,,
LunarLander-v3,filterbank,9,60,,-39.636815580000004,24.208053348394152,99.54387344820768,47.82279102722772,1162,"{'decomposition': 'ema', 'n_filters': 12, 'slowest': 0.012612281719055242, 'learning_rate': 0.003}",ppo,0,linear,0.003,,,,,,
LunarLander-v3,filterbank,3,60,,-127.61932198000001,48.501538268472764,48.21628023307827,-89.86633529203539,1152,"{'decomposition': 'ema', 'n_filters': 12, 'slowest': 0.012612281719055242, 'learning_rate': 0.01}",ppo,0,linear,0.01,,,,,,
LunarLander-v3,filterbank,2,60,,-104.52465819999999,21.928712668072645,-35.36928317181907,-64.04599078827363,1161,"{'decomposition': 'ema', 'n_filters': 12, 'slowest': 0.012612281719055242, 'learning_rate': 0.01}",ppo,0,linear,0.01,,,,,,
LunarLander-v3,filterbank,1,60,,-41.833167,62.47913746377686,12.255303050066312,-1.291207910299008,1163,"{'decomposition': 'ema', 'n_filters': 12, 'slowest': 0.012612281719055242, 'learning_rate': 0.01}",ppo,0,linear,0.01,,,,,,
LunarLander-v3,filterbank,5,60,,-54.117238560000004,33.472488931566,-13.895338091403698,84.38982992363636,1163,"{'decomposition': 'ema', 'n_filters': 12, 'slowest': 0.012612281719055242, 'learning_rate': 0.01}",ppo,0,linear,0.01,,,,,,
LunarLander-v3,filterbank,6,60,,-112.46492360000002,31.730367004449413,-47.08523236283475,-23.012907421568627,1158,"{'decomposition': 'ema', 'n_filters': 12, 'slowest': 0.012612281719055242, 'learning_rate': 0.01}",ppo,0,linear,0.01,,,,,,
LunarLander-v3,filterbank,7,60,,-13817.999243160002,5410.060674241343,-483.26670503309396,-378.221058421875,1159,"{'decomposition': 'ema', 'n_filters': 12, 'slowest': 0.012612281719055242, 'learning_rate': 0.01}",ppo,0,linear,0.01,,,,,,
LunarLander-v3,filterbank,0,60,,-44.766987240000006,22.74774224444482,84.3555928364177,109.072144602649,1188,"{'decomposition': 'ema', 'n_filters': 12, 'slowest': 0.012612281719055242, 'learning_rate': 0.01}",ppo,0,linear,0.01,,,,,,
LunarLander-v3,filterbank,8,60,,-3104.5585977799997,4966.92996679154,-550.6821167786778,-218.98677067539268,1165,"{'decomposition': 'ema', 'n_filters': 12, 'slowest': 0.012612281719055242, 'learning_rate': 0.01}",ppo,0,linear,0.01,,,,,,
LunarLander-v3,filterbank,9,60,,-2299.25991092,3576.4287035343177,-679.7722315553372,-420.5966653362445,1167,"{'decomposition': 'ema', 'n_filters': 12, 'slowest': 0.012612281719055242, 'learning_rate': 0.01}",ppo,0,linear,0.01,,,,,,
LunarLander-v3,obs,0,5,,-424.76391478000005,384.40941874352455,-181.17790982100018,-200.1424481588181,761,{'learning_rate': 0.0001},dqn,0,linear,0.0001,,,,,,
LunarLander-v3,obs,1,5,,-291.8879023,130.24619693520094,-202.63010411092478,-202.2213695738255,771,{'learning_rate': 0.0001},dqn,0,linear,0.0001,,,,,,
LunarLander-v3,obs,2,5,,-129.46737978,117.6592541368734,-215.06212843100872,-221.09411618092784,773,{'learning_rate': 0.0001},dqn,0,linear,0.0001,,,,,,
LunarLander-v3,obs,3,5,,-417.61398754000004,161.14890041499655,-230.36957888897413,-275.08130065722713,769,{'learning_rate': 0.0001},dqn,0,linear,0.0001,,,,,,
LunarLander-v3,obs,5,5,,-180.53506928000002,127.15293339714799,-190.55400861149514,-172.02527301126972,765,{'learning_rate': 0.0001},dqn,0,linear,0.0001,,,,,,
LunarLander-v3,obs,6,5,,-73.84959284,118.65165998295238,-221.29352534610703,-208.53178595672748,770,{'learning_rate': 0.0001},dqn,0,linear,0.0001,,,,,,
LunarLander-v3,obs,4,5,,-3109.64497102,4901.593149773061,-234.75322010827898,-229.59147890242258,781,{'learning_rate': 0.0001},dqn,0,linear,0.0001,,,,,,
LunarLander-v3,obs,7,5,,-41.602171119999994,87.41515989017891,-205.6262270991821,-195.84474513485628,766,{'learning_rate': 0.0001},dqn,0,linear,0.0001,,,,,,
LunarLander-v3,obs,0,5,,-290.91419692,188.42284482055774,-201.12691562014277,-181.74812363492063,763,{'learning_rate': 0.0003},dqn,0,linear,0.0003,,,,,,
LunarLander-v3,obs,8,5,,-334.25079619999997,145.97552875191388,-202.3716652611053,-227.20887884183009,782,{'learning_rate': 0.0001},dqn,0,linear,0.0001,,,,,,
LunarLander-v3,obs,2,5,,-158.46598352000004,114.22225101448369,-223.9160155916285,-224.85269167539263,765,{'learning_rate': 0.0003},dqn,0,linear,0.0003,,,,,,
LunarLander-v3,obs,1,5,,-389.9177067,610.6081112642789,-213.2226225446184,-197.6129396614481,770,{'learning_rate': 0.0003},dqn,0,linear,0.0003,,,,,,
LunarLander-v3,obs,9,5,,-184.31868558000002,136.46559385379814,-243.14665538405717,-299.9348475616974,773,{'learning_rate': 0.0001},dqn,0,linear,0.0001,,,,,,
LunarLander-v3,obs,5,5,,-209.67103688,126.65635982122211,-203.22674783258074,-164.466801,762,{'learning_rate': 0.0003},dqn,0,linear,0.0003,,,,,,
LunarLander-v3,obs,4,5,,-216.70725978,188.82285772220288,-191.33044864769101,-162.47947819159663,765,{'learning_rate': 0.0003},dqn,0,linear,0.0003,,,,,,
LunarLander-v3,obs,7,5,,-244.68877125999998,160.26501362821014,-207.10070133223167,-200.69187577480315,766,{'learning_rate': 0.0003},dqn,0,linear,0.0003,,,,,,
LunarLander-v3,obs,8,5,,-304.39353616000005,183.5026746471396,-203.6002476217586,-238.67038928763043,764,{'learning_rate': 0.0003},dqn,0,linear,0.0003,,,,,,
LunarLander-v3,obs,3,5,,-262.3776823,116.50392050154124,-217.45747373764257,-188.8877871374172,773,{'learning_rate': 0.0003},dqn,0,linear,0.0003,,,,,,
LunarLander-v3,obs,3,5,,-179.70807381999995,136.67531664052993,-189.47001084269314,-197.77199314596274,759,{'learning_rate': 0.001},dqn,0,linear,0.001,,,,,,
LunarLander-v3,obs,0,5,,-179.17862764000006,109.44347637304675,-195.4187010604839,-201.29542766788992,763,{'learning_rate': 0.001},dqn,0,linear,0.001,,,,,,
LunarLander-v3,obs,8,5,,-306.42931316000005,264.5651474721964,-193.2704714789712,-165.08157503652174,757,{'learning_rate': 0.001},dqn,0,linear,0.001,,,,,,
LunarLander-v3,obs,2,5,,-156.28816756,121.81093992890457,-208.1472436119156,-172.33757468965516,763,{'learning_rate': 0.001},dqn,0,linear,0.001,,,,,,
LunarLander-v3,obs,9,5,,-180.97456634000002,118.21144825456591,-260.9540444489529,-192.2913000141921,767,{'learning_rate': 0.0003},dqn,0,linear,0.0003,,,,,,
LunarLander-v3,obs,7,5,,-186.59357444,136.68186520216645,-184.09441729049058,-174.68898808235295,761,{'learning_rate': 0.001},dqn,0,linear,0.001,,,,,,
LunarLander-v3,obs,6,5,,-32.614863400000004,119.21973563609343,-216.30604208412393,-200.88825457120254,776,{'learning_rate': 0.0003},dqn,0,linear,0.0003,,,,,,
LunarLander-v3,obs,4,5,,-189.94131808000003,216.10166306123128,-188.79162773667488,-166.98326701943463,765,{'learning_rate': 0.001},dqn,0,linear,0.001,,,,,,
LunarLander-v3,obs,0,5,,-859.2054632400001,2604.737256131489,-209.4167395764344,-193.85395012090163,760,{'learning_rate': 0.003},dqn,0,linear,0.003,,,,,,
LunarLander-v3,obs,5,5,,-236.3948131,175.49265500952967,-184.76353320662182,-159.55957188297873,765,{'learning_rate': 0.001},dqn,0,linear,0.001,,,,,,
LunarLander-v3,obs,6,5,,-405.13910438000005,933.2389927793463,-200.55833806691516,-223.11050524333925,765,{'learning_rate': 0.001},dqn,0,linear,0.001,,,,,,
LunarLander-v3,obs,1,5,,-231.56119106000003,138.12035587451882,-197.7958798769974,-210.23550932527883,773,{'learning_rate': 0.001},dqn,0,linear,0.001,,,,,,
LunarLander-v3,obs,7,5,,-237.66871332,154.87340177000365,-193.22362363038278,-185.31886276447108,752,{'learning_rate': 0.003},dqn,0,linear,0.003,,,,,,
LunarLander-v3,obs,9,5,,-203.10960108000003,220.57582250529765,-200.95823744457653,-179.01956905200595,770,{'learning_rate': 0.001},dqn,0,linear,0.001,,,,,,
LunarLander-v3,obs,5,5,,-119.86431126000004,112.28164675839535,-183.4765819920849,-172.28377102702703,764,{'learning_rate': 0.003},dqn,0,linear,0.003,,,,,,
LunarLander-v3,obs,9,5,,-172.4277561,138.74279378189706,-194.8869712531359,-168.87376690418117,756,{'learning_rate': 0.003},dqn,0,linear,0.003,,,,,,
LunarLander-v3,obs,6,5,,-204.55331551999996,217.35569990673685,-191.27017246624155,-193.75672414821764,763,{'learning_rate': 0.003},dqn,0,linear,0.003,,,,,,
LunarLander-v3,obs,2,5,,-246.97465322,149.07807609067345,-198.07471676314867,-162.45162637719298,770,{'learning_rate': 0.003},dqn,0,linear,0.003,,,,,,
LunarLander-v3,obs,1,5,,-242.26107281999998,237.09220860074478,-202.56987729490615,-180.1320141528926,774,{'learning_rate': 0.003},dqn,0,linear,0.003,,,,,,
LunarLander-v3,obs,3,5,,-177.00910915999998,163.08258397048084,-188.8712895056543,-178.14112722800718,773,{'learning_rate': 0.003},dqn,0,linear,0.003,,,,,,
LunarLander-v3,obs,8,5,,-254.4480877,144.37270765232822,-187.25374152180154,-167.76663,764,{'learning_rate': 0.003},dqn,0,linear,0.003,,,,,,
LunarLander-v3,obs,4,5,,-3028.8840154200007,4337.5314441766395,-212.94984400684277,-167.34229854942967,774,{'learning_rate': 0.003},dqn,0,linear,0.003,,,,,,
LunarLander-v3,obs,0,5,,-98.6023185132675,82.94072695191764,-159.47311819650977,-99.83344561085562,21,"{'ridge': 0.4609127376196849, 'gamma': 0.9430417828088931}",lspi,0,linear,,-251.7561368335044,10.0,"[-1218.1606365279295, -195.58819735753076, -418.35672122378793, -140.20601051288364, -132.92618223581553, -755.6005610359065, -120.1903444929103, -123.43403271859054, -245.53638952072015, -134.0962963716253, -54.324928001748255, -163.3406007296217, -121.06436410953093, -57.90274623541287, -434.27609027704995, -290.1294520167485, -110.94062281598008, -118.64416553835159, -107.9418680089763, -92.46252693896739]",,,
LunarLander-v3,obs,1,5,,-69.03732175034366,62.75298610003519,-150.01916758678846,-112.00577668785692,21,"{'ridge': 0.4609127376196849, 'gamma': 0.9430417828088931}",lspi,0,linear,,-223.91948955829986,15.0,"[-568.7743125605155, -212.29332921073424, -307.33647371744433, -426.85153087404643, -404.02835708601725, -185.42872624594625, -185.95625342036098, -178.3296435795779, -129.517921534995, -672.1397978355712, -108.12357825291144, -104.35509768386316, -101.91614263774913, -81.97451113087561, -99.27329137607053, -61.38354241617992, -128.1462132044564, -120.85222536529488, -144.39043656700377, -257.318406466383]",,,
LunarLander-v3,obs,2,5,,-72.18416026151901,47.904368126780696,-163.86557890087002,-157.73091886552348,21,"{'ridge': 0.4609127376196849, 'gamma': 0.9430417828088931}",lspi,0,linear,,-210.11792854821192,10.0,"[-682.0949528095434, -287.6062021560094, -199.13401297643424, -100.14083237675375, -118.31570322529785, -96.1315307385854, -86.6875632877113, -324.39077990225076, -216.5259818079615, -454.6375486690207, -77.79632599269283, -454.04467439076916, -107.20292394134853, -189.83034548909814, -123.32051363766854, -124.34088499690915, -124.95467719378671, -133.98091983898826, -142.6077364641961, -158.61446106921295]",,,
LunarLander-v3,obs,3,5,,-112.41420044322714,16.396761459210246,-192.67200464033712,-116.80118370107334,21,"{'ridge': 0.4609127376196849, 'gamma': 0.9430417828088931}",lspi,0,linear,,-237.18402556197088,15.0,"[-602.7804567690059, -153.7987918950295, -165.77641660553297, -160.67791448762256, -320.40319624410984, -316.5891462404512, -246.05754747056685, -202.08073222734333, -119.37232405662512, -239.08814759243555, -240.97654419367376, -113.10406570484437, -503.3195154048208, -613.3603151928198, -111.40703661802499, -109.81170279711232, -115.54336462388247, -113.33946306946761, -133.08973215097882, -163.10409789506932]",,,
LunarLander-v3,obs,4,5,,-79.12300441377616,60.02505421774456,-176.1472925003694,-402.07187979321503,22,"{'ridge': 0.4609127376196849, 'gamma': 0.9430417828088931}",lspi,0,linear,,-288.3897688084372,2.0,"[-742.7048610496986, -106.1279503472053, -84.00908795404882, -93.3514869623718, -294.6848853744108, -425.16784090684695, -430.79029827748127, -1245.4113797306122, -126.32692172250358, -140.68367206453337, -129.5042498662682, -126.17728187831685, -125.7279429833502, -95.23341466996568, -153.12233152038525, -132.4445577537301, -104.78286619613372, -98.90654113829702, -586.9899719036418, -525.6478338689423]",,,
LunarLander-v3,obs,5,5,,-86.67362499766757,141.23706353259783,-194.85965849233207,-201.2078035152668,22,"{'ridge': 0.4609127376196849, 'gamma': 0.9430417828088931}",lspi,0,linear,,-286.73492828963225,10.0,"[-517.7706076788128, -195.31902199201303, -160.21781255822486, -129.44145503691195, -172.62000138103468, -1090.1864285384472, -143.59273969341317, -401.8086220526001, -320.1089302050233, -189.85149100774862, -53.06454529231174, -526.0314445470992, -113.43434784473668, -210.49501657406614, -127.6864866170938, -126.66682577585804, -561.35951993581, -451.44854434204916, -121.16755616889577, -122.42716855049522]",,,
LunarLander-v3,obs,6,5,,-86.24607718582767,108.42955467150132,-169.35137609636044,-117.43120866455031,21,"{'ridge': 0.4609127376196849, 'gamma': 0.9430417828088931}",lspi,0,linear,,-276.1750075589178,9.0,"[-582.9926737249829, -163.61499986612984, -124.60290703413918, -365.5442262726242, -190.32368655340764, -149.16570641452543, -359.6948231545172, -329.10293348249627, -1505.6967128593187, -85.95792380009294, -142.43078646346166, -92.37673292346469, -135.78433052038412, -590.6550188001002, -104.90884655674381, -125.59175743938147, -111.99558281428122, -117.53938501727198, -126.50352036903959, -119.0175971119921]",,,
LunarLander-v3,obs,7,5,,-42.806985030676536,31.19598319668606,-165.60389821688085,-151.2686819928895,26,"{'ridge': 0.4609127376196849, 'gamma': 0.9430417828088931}",lspi,0,linear,,-385.6577918479382,5.0,"[-911.2520317618817, -225.46047913990975, -192.8578902856052, -208.87803991068205, -106.9257084581626, -36.72405048469602, -1322.8721124632755, -157.88004516180476, -1868.4553989856825, -190.6199490037524, -839.2598795295335, -205.89275882051325, -209.92205178970343, -199.59384571437087, -176.22996722780618, -192.92774354754403, -142.976200083509, -136.91439161596196, -219.65049108373486, -167.86280189063498]",,,
LunarLander-v3,obs,8,5,,-90.80987492921055,49.31434637942355,-153.0432246932473,-120.76809998901035,21,"{'ridge': 0.4609127376196849, 'gamma': 0.9430417828088931}",lspi,0,linear,,-192.89091896453257,2.0,"[-959.324490065266, -179.27154752290016, -95.69285064210243, -116.00056827061891, -472.22593885724564, -102.40131305265113, -115.38245392690563, -115.9643365033204, -110.25165403493698, -340.73135987681275, -125.97801731626464, -115.05054117708441, -117.98877714326072, -117.02578797793986, -120.53743074430926, -117.94894495988851, -118.83145852402386, -118.04884647412254, -130.23676681447816, -168.92529540652]",,,
LunarLander-v3,obs,9,5,,-131.45832039691248,85.7937564258009,-163.15924307791866,-129.04668743517732,21,"{'ridge': 0.4609127376196849, 'gamma': 0.9430417828088931}",lspi,0,linear,,-200.91345055602895,1.0,"[-663.3737488620079, -108.5332458329156, -133.12239151122475, -157.8371040761511, -537.6664426842285, -624.084843397577, -118.96195244684597, -122.30595842453218, -123.50763263410143, -115.930782570687, -122.7537258907211, -120.47429152203435, -127.21910961085375, -126.10312318999343, -139.03705293061057, -149.49987285441654, -126.5245948898262, -145.7136239267981, -127.13092080863828, -128.48859305641543]",,,
LunarLander-v3,filterbank,0,65,,-170.90779478862257,126.76510427015684,-176.28829836241798,-159.50148007166388,32,"{'decomposition': 'legendre', 'n_filters': 12, 'slowest': 0.02492636949471811, 'ridge': 7.156420182828363e-06, 'gamma': 0.9960178124023258}",lspi,0,linear,,-217.14323864362055,10.0,"[-231.59695054914818, -172.6167894669697, -389.62886338488966, -196.41184141915537, -417.85622724806547, -345.51047283709534, -144.86702298852168, -166.8916046989698, -147.01801951192346, -442.6920440914878, -89.8466121123756, -257.18461432449686, -143.53656301440242, -243.04153766061464, -151.98309209541404, -135.39713011660558, -153.3974986414673, -156.1196663722773, -215.35165976548245, -141.9165625730486]",,,
LunarLander-v3,filterbank,1,65,,-114.58889171859703,47.469917093515456,-201.3353739044678,-392.80343942070255,32,"{'decomposition': 'legendre', 'n_filters': 12, 'slowest': 0.02492636949471811, 'ridge': 7.156420182828363e-06, 'gamma': 0.9960178124023258}",lspi,0,linear,,-223.92609571986446,13.0,"[-106.08649773338178, -544.2172260817109, -465.50061929018494, -187.9832184612124, -311.44936024076617, -125.77161372085871, -214.11262722083984, -128.24984768541748, -104.71070038176728, -102.02303683163998, -172.56213351879933, -136.59861310691306, -144.90096490042617, -91.63409501823857, -114.17090482120975, -129.14683814454852, -132.88095629869787, -259.11036207901554, -648.6767785958245, -358.7355202658363]",,,
LunarLander-v3,filterbank,2,65,,-127.48845127378738,111.80742483665466,-190.8500764242511,-315.9840282030772,32,"{'decomposition': 'legendre', 'n_filters': 12, 'slowest': 0.02492636949471811, 'ridge': 7.156420182828363e-06, 'gamma': 0.9960178124023258}",lspi,0,linear,,-219.63115387005328,19.0,"[-136.25389061095095, -341.2777710538403, -274.16608490819283, -138.33281036529638, -128.3007758210159, -93.57415564401445, -398.32178807220146, -256.8828672292683, -106.45336890349006, -76.3080840411332, -52.517184362040894, -128.67756819464546, -114.26594220706036, -124.06452756704536, -310.92438120000736, -149.34057539437106, -1036.419471582564, -229.4510723746111, -259.69277931340065, -37.39797855591499]",,,
LunarLander-v3,filterbank,4,65,,-81.38395146482608,104.2473806545941,-191.37883807364747,-169.98634963338532,32,"{'decomposition': 'legendre', 'n_filters': 12, 'slowest': 0.02492636949471811, 'ridge': 7.156420182828363e-06, 'gamma': 0.9960178124023258}",lspi,0,linear,,-246.52144936469,11.0,"[-521.1968265435893, -480.47343359058357, -134.1512372169939, -501.5222744181434, -101.9151305628857, -889.0508769587926, -820.2879216990826, -73.32542163796165, -96.40452272033312, -75.72114848191404, -74.0970480631648, -67.95770674388434, -98.71190505440343, -99.16535965877033, -182.93277789945856, -111.75595942434165, -105.85565333050093, -147.0261478227037, -251.40963421543248, -97.46800125085936]",,,
LunarLander-v3,filterbank,3,65,,-69.43276987466997,80.76096055487828,-182.93003157262459,-182.68204935661598,32,"{'decomposition': 'legendre', 'n_filters': 12, 'slowest': 0.02492636949471811, 'ridge': 7.156420182828363e-06, 'gamma': 0.9960178124023258}",lspi,0,linear,,-206.86369512495713,10.0,"[-346.2959076963356, -161.47204196378343, -512.2672465215702, -203.9131941371839, -424.7984492147287, -120.77105365728865, -105.18857305741953, -253.72123959703958, -217.76196295948898, -89.3622048497472, -74.68792140529169, -137.16933927497388, -83.54397703231275, -186.02488542162985, -201.35716872338148, -218.41203733117072, -224.51991899860528, -145.46032139345547, -251.2213766417843, -179.32508262195114]",,,
LunarLander-v3,filterbank,5,65,,-117.37689494552376,48.12741705561571,-188.26820414184743,-175.280768489929,31,"{'decomposition': 'legendre', 'n_filters': 12, 'slowest': 0.02492636949471811, 'ridge': 7.156420182828363e-06, 'gamma': 0.9960178124023258}",lspi,0,linear,,-221.10834526654503,5.0,"[-317.9684061362623, -495.6112824182663, -183.00213440742533, -308.2931421960711, -118.78284636123333, -80.60743247891631, -109.31593152832818, -167.28330426035834, -138.29084991202924, -219.0514462031997, -170.73966384609724, -182.67454401301416, -221.51027521983679, -228.54348394885696, -578.0289909730164, -102.71485164166957, -190.17759828837535, -133.79805152488711, -309.10331687048966, -166.66935310256628]",,,
LunarLander-v3,filterbank,6,65,,-104.43628559088728,124.35775714685884,-170.3623416575183,-193.46430777169215,32,"{'decomposition': 'legendre', 'n_filters': 12, 'slowest': 0.02492636949471811, 'ridge': 7.156420182828363e-06, 'gamma': 0.9960178124023258}",lspi,0,linear,,-235.01391197658376,1.0,"[-202.20850243446566, -121.72965361696038, -154.77356759014052, -429.3066884526277, -861.649571901439, -276.17642153236216, -171.51647699094858, -240.114164038334, -169.20599628675023, -174.31992081948314, -217.98656802986926, -160.25576764543226, -215.7898390629638, -179.77941316039474, -191.85531877742727, -148.55376627895666, -198.16269927074026, -153.65228704259704, -245.29609933837, -187.94551726141265]",,,
LunarLander-v3,filterbank,7,65,,-92.33273321793735,75.80518353794808,-186.4595167956335,-147.57495958063564,31,"{'decomposition': 'legendre', 'n_filters': 12, 'slowest': 0.02492636949471811, 'ridge': 7.156420182828363e-06, 'gamma': 0.9960178124023258}",lspi,0,linear,,-206.3844241985784,9.0,"[-259.0351436736375, -210.7546285767754, -355.3587606790297, -572.8057437750474, -207.42317544318183, -159.5403988428056, -186.3804224342993, -273.9726232739391, -178.73538027759747, -71.50465515951204, -159.90087069785181, -142.36388790373354, -156.06471030378754, -262.8725705219311, -133.53904605544557, -202.0432451264546, -162.42626559580123, -127.92331987732203, -123.46373856425512, -181.5798971891598]",,,
LunarLander-v3,filterbank,1,60,,-198.53843104,93.83289579924642,-221.32132425526135,-204.0126903342973,835,"{'decomposition': 'ema', 'n_filters': 12, 'slowest': 0.012612281719055242, 'learning_rate': 0.0001}",dqn,0,linear,0.0001,,,,,,
LunarLander-v3,filterbank,8,65,,-76.53238890025216,48.27600969319828,-180.4578056713744,-158.16096331970925,31,"{'decomposition': 'legendre', 'n_filters': 12, 'slowest': 0.02492636949471811, 'ridge': 7.156420182828363e-06, 'gamma': 0.9960178124023258}",lspi,0,linear,,-184.4794225690866,3.0,"[-251.52435117633166, -399.52638878100606, -196.2435320472872, -92.16060575776937, -259.66778720285157, -282.2597155409245, -154.5699172528429, -116.92258355417341, -119.350821627546, -191.36427257462952, -94.99319386280976, -176.1244938429968, -170.06882428200086, -193.03575395417488, -146.80655177288952, -201.63410310370352, -157.4308241630538, -167.2821813339182, -138.41425323348417, -180.20829631733898]",,,
LunarLander-v3,filterbank,9,65,,-98.20783339412316,102.34151001395443,-173.20388907294245,-177.75510659308307,32,"{'decomposition': 'legendre', 'n_filters': 12, 'slowest': 0.02492636949471811, 'ridge': 7.156420182828363e-06, 'gamma': 0.9960178124023258}",lspi,0,linear,,-175.04792764706718,6.0,"[-78.93523165723727, -533.2227299051141, -157.41874256137638, -183.83572823993717, -183.3799058683695, -125.56448788788586, -61.0191060871734, -235.91432510086952, -132.30597293763626, -90.70040408109132, -140.59068609006422, -234.8203867781114, -188.00274068557184, -155.77476476731746, -212.63643165567456, -146.68952385394618, -151.81913308381792, -154.35561783781117, -162.43896664431645, -171.5336672180211]",,,
LunarLander-v3,obs,1,5,,-40.05653701263875,24.52063275558625,-70.01761005746961,,32,{},bc,0,linear,,-123.68757304732694,,"[-287.9518446513588, -158.57336162474098, -67.7717728226062, -55.91509459165873, -48.22579154627003]",-287.9518446513588,4.0,267.57216003999997
LunarLander-v3,obs,0,5,,-61.25605830041922,24.955556804770826,-72.30111477630926,,34,{},bc,0,linear,,-179.37275631622376,,"[-358.8250378479402, -65.24210699943399, -198.55226328906116, -169.8546165624716, -104.38975688221183]",-358.8250378479402,1.0,236.52247079999998
LunarLander-v3,obs,2,5,,-64.49507484956865,68.58106127361877,-65.70418483411324,,33,{},bc,0,linear,,-126.14391054386665,,"[-251.66053600340237, -69.01608300915939, -142.6693600902076, -78.39709600531994, -88.97647761124396]",-251.66053600340237,1.0,272.63419894000003
LunarLander-v3,filterbank,0,60,,-197.07164958,98.69674913331357,-227.63672479057263,-194.38735553860758,845,"{'decomposition': 'ema', 'n_filters': 12, 'slowest': 0.012612281719055242, 'learning_rate': 0.0001}",dqn,0,linear,0.0001,,,,,,
LunarLander-v3,obs,3,5,,-16.54837824049595,83.83777664259172,-64.6957947228457,,33,{},bc,0,linear,,-134.92027498530405,,"[-385.89672637686556, -17.417617765959598, -146.63984611834317, -52.834193299469995, -71.81299136588173]",-385.89672637686556,1.0,269.27283955999997
LunarLander-v3,filterbank,2,60,,-187.16981916000003,100.12495536145121,-231.96159552579158,-216.12186347590688,843,"{'decomposition': 'ema', 'n_filters': 12, 'slowest': 0.012612281719055242, 'learning_rate': 0.0001}",dqn,0,linear,0.0001,,,,,,
LunarLander-v3,obs,4,5,,-90.80181270305943,40.3816200983346,-473.43356440850016,,33,{},bc,0,linear,,-457.6705311089237,,"[-1132.3329521712108, -85.00878645338176, -533.7789232384469, -239.00163280714324, -298.2303608744356]",-1132.3329521712108,1.0,231.07235808
LunarLander-v3,obs,5,5,,-20.553271732726007,59.72057649948981,-36.066623033983866,,33,{},bc,0,linear,,-82.94376650150653,,"[-263.8857772846185, -70.02989379910483, -29.566747984407264, -26.892195897416354, -24.344217541985735]",-263.8857772846185,4.0,257.20863082
LunarLander-v3,filterbank,3,60,,-284.4907666,104.67544506039008,-244.60400562199777,-254.80276669696968,847,"{'decomposition': 'ema', 'n_filters': 12, 'slowest': 0.012612281719055242, 'learning_rate': 0.0001}",dqn,0,linear,0.0001,,,,,,
LunarLander-v3,filterbank,4,60,,-330.27094078000005,302.29321592445615,-247.59554807192222,-277.52387982629966,851,"{'decomposition': 'ema', 'n_filters': 12, 'slowest': 0.012612281719055242, 'learning_rate': 0.0001}",dqn,0,linear,0.0001,,,,,,
LunarLander-v3,filterbank,5,60,,-236.41024216000005,124.11795275555923,-218.8257042588695,-240.46520055201444,848,"{'decomposition': 'ema', 'n_filters': 12, 'slowest': 0.012612281719055242, 'learning_rate': 0.0001}",dqn,0,linear,0.0001,,,,,,
LunarLander-v3,obs,7,5,,-41.14832139270168,38.39942913138996,-34.91128313780174,,33,{},bc,0,linear,,-123.11397669552146,,"[-362.2538425396491, -64.95219084421198, -52.771004304025816, -44.87721640276008, -90.71562938696026]",-362.2538425396491,3.0,271.10853438000004
LunarLander-v3,obs,6,5,,-31.199344029484834,48.50344818296274,-50.55721354113189,,33,{},bc,0,linear,,-154.32596898188856,,"[-544.0748741015162, -96.17293655389237, -10.023220172167331, -41.30617973950497, -80.05263434236188]",-544.0748741015162,2.0,253.22411392
LunarLander-v3,obs,8,5,,-41.78685254575884,25.230053563446766,-52.17375318788173,,33,{},bc,0,linear,,-77.1201628795805,,"[-219.22312930692715, -68.28509266739545, -42.35531035796902, -34.170258314087576, -21.567023751523315]",-219.22312930692715,4.0,275.90440995999995
LunarLander-v3,obs,9,5,,-41.443748289088646,73.29701633352364,-73.48758392017722,,32,{},bc,0,linear,,-130.68238248059274,,"[-411.8139244760064, -55.58335694997193, -100.97871908630367, -50.54260829747658, -34.49330359320521]",-411.8139244760064,4.0,282.50863168
LunarLander-v3,filterbank,6,60,,-167.7261602,112.65130805921405,-230.41531240958494,-217.67747332507042,848,"{'decomposition': 'ema', 'n_filters': 12, 'slowest': 0.012612281719055242, 'learning_rate': 0.0001}",dqn,0,linear,0.0001,,,,,,
LunarLander-v3,filterbank,2,60,,112.67466543885848,136.7305126602516,-16.950259982771417,,38,"{'decomposition': 'ema', 'n_filters': 12, 'slowest': 0.012612281719055242}",bc,0,linear,,-42.432731790431234,,"[-169.4358315542957, -362.8622994454477, 51.60092888081455, 116.13190757115781, 152.40163559561492]",-169.4358315542957,4.0,272.63419894000003
LunarLander-v3,filterbank,0,60,,219.7481362775189,103.2401461069593,204.4356539489007,,40,"{'decomposition': 'ema', 'n_filters': 12, 'slowest': 0.012612281719055242}",bc,0,linear,,176.95958510412,,"[210.93253305901334, 57.23483041492676, 171.06002082708284, 211.01530186414, 234.5552393554371]",210.93253305901334,4.0,236.52247079999998
LunarLander-v3,filterbank,1,60,,157.16258198924461,157.58202259089435,191.94218405889748,,41,"{'decomposition': 'ema', 'n_filters': 12, 'slowest': 0.012612281719055242}",bc,0,linear,,131.76539676983492,,"[-138.61920853680155, 224.25597721688155, 206.3666654726495, 175.23380802357627, 191.58974167286888]",-138.61920853680155,1.0,267.57216003999997
LunarLander-v3,filterbank,3,60,,224.0814962029672,85.50896461909758,144.18295557703755,,40,"{'decomposition': 'ema', 'n_filters': 12, 'slowest': 0.012612281719055242}",bc,0,linear,,94.86603165381767,,"[-177.8387094435651, 136.22635727568309, 188.08511285215667, 171.92374126074975, 155.93365632406397]",-177.8387094435651,2.0,269.27283955999997
LunarLander-v3,filterbank,5,60,,219.2786977765058,98.13696247964289,59.69038869598769,,39,"{'decomposition': 'ema', 'n_filters': 12, 'slowest': 0.012612281719055242}",bc,0,linear,,50.61950715991026,,"[34.97271178401358, -128.73112309859278, 40.58125515838351, 114.90327273449739, 191.3714192212496]",34.97271178401358,4.0,257.20863082
LunarLander-v3,filterbank,4,60,,201.82597603297287,103.36688539861669,199.96223947631105,,40,"{'decomposition': 'ema', 'n_filters': 12, 'slowest': 0.012612281719055242}",bc,0,linear,,160.2997625710754,,"[198.41344632035174, 106.51249690745226, 120.90204354673787, 200.5732645653286, 175.09756151550664]",198.41344632035174,3.0,231.07235808
LunarLander-v3,filterbank,7,60,,-255.76295421999998,84.2989695641244,-207.87214563690335,-184.18469679750592,844,"{'decomposition': 'ema', 'n_filters': 12, 'slowest': 0.012612281719055242, 'learning_rate': 0.0001}",dqn,0,linear,0.0001,,,,,,
LunarLander-v3,filterbank,6,60,,201.09007414807627,114.51507822759335,157.5823030187865,,39,"{'decomposition': 'ema', 'n_filters': 12, 'slowest': 0.012612281719055242}",bc,0,linear,,163.82748989668977,,"[-38.450281061070925, 212.9205193029481, 280.1742219844367, 181.57142333442926, 182.92156592270564]",-38.450281061070925,2.0,253.22411392
LunarLander-v3,filterbank,7,60,,235.5903627288214,89.92136885198298,213.781759810005,,39,"{'decomposition': 'ema', 'n_filters': 12, 'slowest': 0.012612281719055242}",bc,0,linear,,188.781723016404,,"[62.23926913690328, 151.80252135634356, 282.56533413629444, 194.0361242013618, 253.2653662511168]",62.23926913690328,2.0,271.10853438000004
LunarLander-v3,filterbank,8,60,,248.53183889414228,87.1134211886907,145.23807109895284,,38,"{'decomposition': 'ema', 'n_filters': 12, 'slowest': 0.012612281719055242}",bc,0,linear,,149.5006552621441,,"[-57.70831831921218, 145.04272205293358, 249.55808547167186, 159.44867921563113, 251.1621078896963]",-57.70831831921218,4.0,275.90440995999995
LunarLander-v3,filterbank,9,60,,133.38293818349132,124.22451961511746,-59.61683849663208,,40,"{'decomposition': 'ema', 'n_filters': 12, 'slowest': 0.012612281719055242}",bc,0,linear,,-96.50941597652347,,"[-145.16540407070877, -462.6011932383766, -71.81110330410326, 58.48999631019092, 138.54062442038034]",-145.16540407070877,4.0,282.50863168
LunarLander-v3,filterbank,8,60,,-173.52717537999996,108.79463339981696,-228.76538067744244,-223.22421369311297,825,"{'decomposition': 'ema', 'n_filters': 12, 'slowest': 0.012612281719055242, 'learning_rate': 0.0001}",dqn,0,linear,0.0001,,,,,,
LunarLander-v3,filterbank,0,60,,-192.67795608,106.69050115894056,-211.10601253697732,-192.37187070080697,821,"{'decomposition': 'ema', 'n_filters': 12, 'slowest': 0.012612281719055242, 'learning_rate': 0.0003}",dqn,0,linear,0.0003,,,,,,
LunarLander-v3,filterbank,9,60,,-294.71130078000004,121.76628390330664,-261.19128145132794,-284.0626574424441,828,"{'decomposition': 'ema', 'n_filters': 12, 'slowest': 0.012612281719055242, 'learning_rate': 0.0001}",dqn,0,linear,0.0001,,,,,,
LunarLander-v3,filterbank,2,60,,-196.92888276000002,117.66372541621455,-250.4320490074433,-221.489470212634,818,"{'decomposition': 'ema', 'n_filters': 12, 'slowest': 0.012612281719055242, 'learning_rate': 0.0003}",dqn,0,linear,0.0003,,,,,,
LunarLander-v3,filterbank,1,60,,-175.26647721999998,85.59576257800427,-206.2475814514911,-185.10383255947136,824,"{'decomposition': 'ema', 'n_filters': 12, 'slowest': 0.012612281719055242, 'learning_rate': 0.0003}",dqn,0,linear,0.0003,,,,,,
LunarLander-v3,filterbank,3,60,,-203.90333466000004,65.18758144259218,-240.29263567264323,-207.35614672625002,831,"{'decomposition': 'ema', 'n_filters': 12, 'slowest': 0.012612281719055242, 'learning_rate': 0.0003}",dqn,0,linear,0.0003,,,,,,
LunarLander-v3,filterbank,5,60,,-179.05004673999997,71.17698914861188,-197.04185050399235,-154.92300774493444,820,"{'decomposition': 'ema', 'n_filters': 12, 'slowest': 0.012612281719055242, 'learning_rate': 0.0003}",dqn,0,linear,0.0003,,,,,,
LunarLander-v3,filterbank,4,60,,-283.92434368,119.15134222612522,-239.0801610409006,-285.15833061729074,834,"{'decomposition': 'ema', 'n_filters': 12, 'slowest': 0.012612281719055242, 'learning_rate': 0.0003}",dqn,0,linear,0.0003,,,,,,
LunarLander-v3,filterbank,6,60,,-205.61313018,98.19757700094983,-210.37306615420096,-183.57758851109813,817,"{'decomposition': 'ema', 'n_filters': 12, 'slowest': 0.012612281719055242, 'learning_rate': 0.0003}",dqn,0,linear,0.0003,,,,,,
LunarLander-v3,filterbank,8,60,,-203.93859213999997,132.97808623121153,-215.59344972388274,-196.8018427431663,814,"{'decomposition': 'ema', 'n_filters': 12, 'slowest': 0.012612281719055242, 'learning_rate': 0.0003}",dqn,0,linear,0.0003,,,,,,
LunarLander-v3,filterbank,0,60,,-245.89206059999998,231.00270501403506,-199.70223151100413,-181.81027252370842,821,"{'decomposition': 'ema', 'n_filters': 12, 'slowest': 0.012612281719055242, 'learning_rate': 0.001}",dqn,0,linear,0.001,,,,,,
LunarLander-v3,filterbank,9,60,,-250.71832981999995,120.48941307254306,-220.26117468136763,-199.58468471555824,824,"{'decomposition': 'ema', 'n_filters': 12, 'slowest': 0.012612281719055242, 'learning_rate': 0.0003}",dqn,0,linear,0.0003,,,,,,
LunarLander-v3,filterbank,2,60,,-135.23780534,84.91752751086628,-180.07308777874866,-177.23651817804722,819,"{'decomposition': 'ema', 'n_filters': 12, 'slowest': 0.012612281719055242, 'learning_rate': 0.001}",dqn,0,linear,0.001,,,,,,
LunarLander-v3,filterbank,7,60,,-246.43929349999996,123.29629514604929,-225.30444732066326,-239.87206765029939,834,"{'decomposition': 'ema', 'n_filters': 12, 'slowest': 0.012612281719055242, 'learning_rate': 0.0003}",dqn,0,linear,0.0003,,,,,,
LunarLander-v3,filterbank,9,60,,-219.33394664,124.4229846922601,-219.55843140735436,-177.34489479231772,814,"{'decomposition': 'ema', 'n_filters': 12, 'slowest': 0.012612281719055242, 'learning_rate': 0.001}",dqn,0,linear,0.001,,,,,,
LunarLander-v3,filterbank,4,60,,-190.35358598000002,101.54710462500972,-215.0074803528285,-207.0428054168378,820,"{'decomposition': 'ema', 'n_filters': 12, 'slowest': 0.012612281719055242, 'learning_rate': 0.001}",dqn,0,linear,0.001,,,,,,
LunarLander-v3,filterbank,1,60,,-256.5232514,140.75507872969706,-192.0928691558151,-177.3631901140658,830,"{'decomposition': 'ema', 'n_filters': 12, 'slowest': 0.012612281719055242, 'learning_rate': 0.001}",dqn,0,linear,0.001,,,,,,
LunarLander-v3,filterbank,7,60,,-247.44125637999997,120.19237411834091,-237.05568508732955,-239.18569316766462,820,"{'decomposition': 'ema', 'n_filters': 12, 'slowest': 0.012612281719055242, 'learning_rate': 0.001}",dqn,0,linear,0.001,,,,,,
LunarLander-v3,filterbank,1,60,,-79.53277006,78.90971363546929,-175.8103761579919,-111.68622427252585,815,"{'decomposition': 'ema', 'n_filters': 12, 'slowest': 0.012612281719055242, 'learning_rate': 0.003}",dqn,0,linear,0.003,,,,,,
LunarLander-v3,filterbank,6,60,,-69.88000133999999,67.57526548823334,-164.3718585189143,-51.84697966426229,821,"{'decomposition': 'ema', 'n_filters': 12, 'slowest': 0.012612281719055242, 'learning_rate': 0.001}",dqn,0,linear,0.001,,,,,,
LunarLander-v3,filterbank,8,60,,-72.59056692000001,68.8491544585981,-174.6124596967659,-91.14379089237669,819,"{'decomposition': 'ema', 'n_filters': 12, 'slowest': 0.012612281719055242, 'learning_rate': 0.001}",dqn,0,linear,0.001,,,,,,
LunarLander-v3,filterbank,5,60,,-215.70704358000003,108.29414451552397,-188.4490330573026,-206.7559267198221,822,"{'decomposition': 'ema', 'n_filters': 12, 'slowest': 0.012612281719055242, 'learning_rate': 0.001}",dqn,0,linear,0.001,,,,,,
LunarLander-v3,filterbank,4,60,,-153.19509368,75.64238875834285,-190.63393232619836,-155.77441226404494,814,"{'decomposition': 'ema', 'n_filters': 12, 'slowest': 0.012612281719055242, 'learning_rate': 0.003}",dqn,0,linear,0.003,,,,,,
LunarLander-v3,filterbank,3,60,,-51.424744359999984,151.55779825850698,-195.29015861550695,-97.54038337905897,825,"{'decomposition': 'ema', 'n_filters': 12, 'slowest': 0.012612281719055242, 'learning_rate': 0.001}",dqn,0,linear,0.001,,,,,,
LunarLander-v3,filterbank,8,60,,-87.55184816,84.32293734392044,-164.3920903672879,-89.2449833001346,812,"{'decomposition': 'ema', 'n_filters': 12, 'slowest': 0.012612281719055242, 'learning_rate': 0.003}",dqn,0,linear,0.003,,,,,,
LunarLander-v3,filterbank,3,60,,-38.1338479,22.840292389985443,-156.5214913935466,-39.254805002789396,821,"{'decomposition': 'ema', 'n_filters': 12, 'slowest': 0.012612281719055242, 'learning_rate': 0.003}",dqn,0,linear,0.003,,,,,,
LunarLander-v3,filterbank,7,60,,-138.96393989999999,72.78356314417087,-193.1910749756167,-174.57047591560283,819,"{'decomposition': 'ema', 'n_filters': 12, 'slowest': 0.012612281719055242, 'learning_rate': 0.003}",dqn,0,linear,0.003,,,,,,
LunarLander-v3,filterbank,6,60,,-69.06798494,65.47442527037909,-156.568494756706,-50.73333422812703,821,"{'decomposition': 'ema', 'n_filters': 12, 'slowest': 0.012612281719055242, 'learning_rate': 0.003}",dqn,0,linear,0.003,,,,,,
LunarLander-v3,filterbank,0,60,,-131.7628532,85.64468744344882,-193.09255836432567,-147.84781668851252,827,"{'decomposition': 'ema', 'n_filters': 12, 'slowest': 0.012612281719055242, 'learning_rate': 0.003}",dqn,0,linear,0.003,,,,,,
LunarLander-v3,filterbank,5,60,,-189.77997029999997,362.2460052694277,-177.23680653206003,-128.22910957255746,825,"{'decomposition': 'ema', 'n_filters': 12, 'slowest': 0.012612281719055242, 'learning_rate': 0.003}",dqn,0,linear,0.003,,,,,,
LunarLander-v3,filterbank,2,60,,-188.30315956,68.83306643134675,-177.3213728750389,-149.70073785678704,829,"{'decomposition': 'ema', 'n_filters': 12, 'slowest': 0.012612281719055242, 'learning_rate': 0.003}",dqn,0,linear,0.003,,,,,,
LunarLander-v3,filterbank,9,60,,-164.43491632,88.35795571379033,-181.33887376695145,-160.0922255387879,820,"{'decomposition': 'ema', 'n_filters': 12, 'slowest': 0.012612281719055242, 'learning_rate': 0.003}",dqn,0,linear,0.003,,,,,,
