env,condition,seed,n_features,connections_per_neuron,eval_return_mean,eval_return_std,train_return_mean,train_return_last10%,time_s,params,method,units,arch,learning_rate,greedy_return_mean,best_iteration,selection_curve,bc_return,best_round,expert_return_mean
RepeatPrevious,filterbank+esn,0,1008,20.23611111111111,0.90916662,0.1268447645747967,0.6258890811774293,0.7309814630667346,2526,"{'decomposition': 'ema', 'n_filters': 12, 'slowest': 0.0068481211016550025, 'input_scaling': 0.929634188755156, 'bias_dist': 'foldnorm', 'bias_scaling': 0.0004530104948033912, 'lr': 0.9407030287660403, 'sr': 0.9778712320759426, 'rc_connectivity': 0.020075371100608825, 'learning_rate': 0.001}",ppo,1000,64x64,0.001,,,,,,
RepeatPrevious,filterbank+esn,2,1008,20.23611111111111,0.8508333599999999,0.16957663675574652,0.6655356515074353,0.633893681609781,2532,"{'decomposition': 'ema', 'n_filters': 12, 'slowest': 0.0068481211016550025, 'input_scaling': 0.929634188755156, 'bias_dist': 'foldnorm', 'bias_scaling': 0.0004530104948033912, 'lr': 0.9407030287660403, 'sr': 0.9778712320759426, 'rc_connectivity': 0.020075371100608825, 'learning_rate': 0.001}",ppo,1000,64x64,0.001,,,,,,
RepeatPrevious,filterbank+esn,8,1008,20.23611111111111,0.83416662,0.14941783535534034,0.6496358551130577,0.6467141971472237,2548,"{'decomposition': 'ema', 'n_filters': 12, 'slowest': 0.0068481211016550025, 'input_scaling': 0.929634188755156, 'bias_dist': 'foldnorm', 'bias_scaling': 0.0004530104948033912, 'lr': 0.9407030287660403, 'sr': 0.9778712320759426, 'rc_connectivity': 0.020075371100608825, 'learning_rate': 0.001}",ppo,1000,64x64,0.001,,,,,,
RepeatPrevious,filterbank+esn,6,1008,20.23611111111111,0.98916662,0.02174668787092876,0.6744754364432675,0.7805866586856852,2549,"{'decomposition': 'ema', 'n_filters': 12, 'slowest': 0.0068481211016550025, 'input_scaling': 0.929634188755156, 'bias_dist': 'foldnorm', 'bias_scaling': 0.0004530104948033912, 'lr': 0.9407030287660403, 'sr': 0.9778712320759426, 'rc_connectivity': 0.020075371100608825, 'learning_rate': 0.001}",ppo,1000,64x64,0.001,,,,,,
RepeatPrevious,filterbank+esn,2,1008,20.23611111111111,0.6241666,0.23474126986501545,0.7339007229578326,0.7435684961793173,2565,"{'decomposition': 'ema', 'n_filters': 12, 'slowest': 0.0068481211016550025, 'input_scaling': 0.929634188755156, 'bias_dist': 'foldnorm', 'bias_scaling': 0.0004530104948033912, 'lr': 0.9407030287660403, 'sr': 0.9778712320759426, 'rc_connectivity': 0.020075371100608825, 'learning_rate': 0.0003}",ppo,1000,64x64,0.0003,,,,,,
RepeatPrevious,filterbank+esn,5,1008,20.23611111111111,0.8724999199999999,0.13879691254993246,0.6852591976981055,0.7526532170147732,2572,"{'decomposition': 'ema', 'n_filters': 12, 'slowest': 0.0068481211016550025, 'input_scaling': 0.929634188755156, 'bias_dist': 'foldnorm', 'bias_scaling': 0.0004530104948033912, 'lr': 0.9407030287660403, 'sr': 0.9778712320759426, 'rc_connectivity': 0.020075371100608825, 'learning_rate': 0.001}",ppo,1000,64x64,0.001,,,,,,
RepeatPrevious,filterbank+esn,7,1008,20.23611111111111,0.8400000599999998,0.10319886562717828,0.7343102668058669,0.7444812109016811,2592,"{'decomposition': 'ema', 'n_filters': 12, 'slowest': 0.0068481211016550025, 'input_scaling': 0.929634188755156, 'bias_dist': 'foldnorm', 'bias_scaling': 0.0004530104948033912, 'lr': 0.9407030287660403, 'sr': 0.9778712320759426, 'rc_connectivity': 0.020075371100608825, 'learning_rate': 0.0003}",ppo,1000,64x64,0.0003,,,,,,
RepeatPrevious,filterbank+esn,4,1008,20.23611111111111,0.7975,0.20241762110399383,0.6521206666836423,0.6571361747325521,2610,"{'decomposition': 'ema', 'n_filters': 12, 'slowest': 0.0068481211016550025, 'input_scaling': 0.929634188755156, 'bias_dist': 'foldnorm', 'bias_scaling': 0.0004530104948033912, 'lr': 0.9407030287660403, 'sr': 0.9778712320759426, 'rc_connectivity': 0.020075371100608825, 'learning_rate': 0.001}",ppo,1000,64x64,0.001,,,,,,
RepeatPrevious,filterbank+esn,9,1008,20.23611111111111,0.9199999799999997,0.07986089378174777,0.7393138234365451,0.7723509566989302,2610,"{'decomposition': 'ema', 'n_filters': 12, 'slowest': 0.0068481211016550025, 'input_scaling': 0.929634188755156, 'bias_dist': 'foldnorm', 'bias_scaling': 0.0004530104948033912, 'lr': 0.9407030287660403, 'sr': 0.9778712320759426, 'rc_connectivity': 0.020075371100608825, 'learning_rate': 0.0003}",ppo,1000,64x64,0.0003,,,,,,
RepeatPrevious,filterbank+esn,3,1008,20.23611111111111,0.9449998999999998,0.09069179860036959,0.7470334892035038,0.7881218950585839,2624,"{'decomposition': 'ema', 'n_filters': 12, 'slowest': 0.0068481211016550025, 'input_scaling': 0.929634188755156, 'bias_dist': 'foldnorm', 'bias_scaling': 0.0004530104948033912, 'lr': 0.9407030287660403, 'sr': 0.9778712320759426, 'rc_connectivity': 0.020075371100608825, 'learning_rate': 0.0003}",ppo,1000,64x64,0.0003,,,,,,
RepeatPrevious,filterbank+esn,3,1008,20.23611111111111,0.9699999800000001,0.07121957767678491,0.6727460465471582,0.7977584977075904,2626,"{'decomposition': 'ema', 'n_filters': 12, 'slowest': 0.0068481211016550025, 'input_scaling': 0.929634188755156, 'bias_dist': 'foldnorm', 'bias_scaling': 0.0004530104948033912, 'lr': 0.9407030287660403, 'sr': 0.9778712320759426, 'rc_connectivity': 0.020075371100608825, 'learning_rate': 0.001}",ppo,1000,64x64,0.001,,,,,,
RepeatPrevious,filterbank+esn,0,1008,20.23611111111111,0.84833332,0.22757170996812764,0.7183107362497453,0.7463703295975548,2631,"{'decomposition': 'ema', 'n_filters': 12, 'slowest': 0.0068481211016550025, 'input_scaling': 0.929634188755156, 'bias_dist': 'foldnorm', 'bias_scaling': 0.0004530104948033912, 'lr': 0.9407030287660403, 'sr': 0.9778712320759426, 'rc_connectivity': 0.020075371100608825, 'learning_rate': 0.0003}",ppo,1000,64x64,0.0003,,,,,,
RepeatPrevious,filterbank+esn,1,1008,20.23611111111111,0.77833332,0.3552619842063848,0.6317647684355265,0.5703005440652064,2643,"{'decomposition': 'ema', 'n_filters': 12, 'slowest': 0.0068481211016550025, 'input_scaling': 0.929634188755156, 'bias_dist': 'foldnorm', 'bias_scaling': 0.0004530104948033912, 'lr': 0.9407030287660403, 'sr': 0.9778712320759426, 'rc_connectivity': 0.020075371100608825, 'learning_rate': 0.001}",ppo,1000,64x64,0.001,,,,,,
RepeatPrevious,filterbank+esn,7,1008,20.23611111111111,0.73749996,0.2855610327837438,0.6840666581788551,0.5944133092205807,2650,"{'decomposition': 'ema', 'n_filters': 12, 'slowest': 0.0068481211016550025, 'input_scaling': 0.929634188755156, 'bias_dist': 'foldnorm', 'bias_scaling': 0.0004530104948033912, 'lr': 0.9407030287660403, 'sr': 0.9778712320759426, 'rc_connectivity': 0.020075371100608825, 'learning_rate': 0.001}",ppo,1000,64x64,0.001,,,,,,
RepeatPrevious,filterbank+esn,5,1008,20.23611111111111,0.81583332,0.2679772048349964,0.7452595367691994,0.7805654365766683,2657,"{'decomposition': 'ema', 'n_filters': 12, 'slowest': 0.0068481211016550025, 'input_scaling': 0.929634188755156, 'bias_dist': 'foldnorm', 'bias_scaling': 0.0004530104948033912, 'lr': 0.9407030287660403, 'sr': 0.9778712320759426, 'rc_connectivity': 0.020075371100608825, 'learning_rate': 0.0003}",ppo,1000,64x64,0.0003,,,,,,
RepeatPrevious,filterbank+esn,1,1008,20.23611111111111,0.7949999,0.22910445967830917,0.7246405216439192,0.7760867381558838,2663,"{'decomposition': 'ema', 'n_filters': 12, 'slowest': 0.0068481211016550025, 'input_scaling': 0.929634188755156, 'bias_dist': 'foldnorm', 'bias_scaling': 0.0004530104948033912, 'lr': 0.9407030287660403, 'sr': 0.9778712320759426, 'rc_connectivity': 0.020075371100608825, 'learning_rate': 0.0003}",ppo,1000,64x64,0.0003,,,,,,
RepeatPrevious,filterbank+esn,4,1008,20.23611111111111,0.8191666599999999,0.20693020516875826,0.7524020295885109,0.7764475873662761,2694,"{'decomposition': 'ema', 'n_filters': 12, 'slowest': 0.0068481211016550025, 'input_scaling': 0.929634188755156, 'bias_dist': 'foldnorm', 'bias_scaling': 0.0004530104948033912, 'lr': 0.9407030287660403, 'sr': 0.9778712320759426, 'rc_connectivity': 0.020075371100608825, 'learning_rate': 0.0003}",ppo,1000,64x64,0.0003,,,,,,
RepeatPrevious,filterbank+esn,8,1008,20.23611111111111,0.90666662,0.07708213627939745,0.7277215973721736,0.8170741742231279,2708,"{'decomposition': 'ema', 'n_filters': 12, 'slowest': 0.0068481211016550025, 'input_scaling': 0.929634188755156, 'bias_dist': 'foldnorm', 'bias_scaling': 0.0004530104948033912, 'lr': 0.9407030287660403, 'sr': 0.9778712320759426, 'rc_connectivity': 0.020075371100608825, 'learning_rate': 0.0003}",ppo,1000,64x64,0.0003,,,,,,
RepeatPrevious,filterbank+esn,6,1008,20.23611111111111,0.8141666799999999,0.21765951611546322,0.7230405674271746,0.7649643143148243,2717,"{'decomposition': 'ema', 'n_filters': 12, 'slowest': 0.0068481211016550025, 'input_scaling': 0.929634188755156, 'bias_dist': 'foldnorm', 'bias_scaling': 0.0004530104948033912, 'lr': 0.9407030287660403, 'sr': 0.9778712320759426, 'rc_connectivity': 0.020075371100608825, 'learning_rate': 0.0003}",ppo,1000,64x64,0.0003,,,,,,
RepeatPrevious,filterbank+esn,9,1008,20.23611111111111,0.93,0.09183316394440519,0.6802174395498064,0.7475802134488028,2722,"{'decomposition': 'ema', 'n_filters': 12, 'slowest': 0.0068481211016550025, 'input_scaling': 0.929634188755156, 'bias_dist': 'foldnorm', 'bias_scaling': 0.0004530104948033912, 'lr': 0.9407030287660403, 'sr': 0.9778712320759426, 'rc_connectivity': 0.020075371100608825, 'learning_rate': 0.001}",ppo,1000,64x64,0.001,,,,,,
RepeatPrevious,filterbank+esn,0,1008,20.23611111111111,-0.5058333,0.03633383562424975,-0.500350087084946,-0.5003820264900662,2739,"{'decomposition': 'ema', 'n_filters': 12, 'slowest': 0.0068481211016550025, 'input_scaling': 0.929634188755156, 'bias_dist': 'foldnorm', 'bias_scaling': 0.0004530104948033912, 'lr': 0.9407030287660403, 'sr': 0.9778712320759426, 'rc_connectivity': 0.020075371100608825, 'learning_rate': 0.003}",ppo,1000,64x64,0.003,,,,,,
RepeatPrevious,filterbank+esn,8,1008,20.23611111111111,-0.50333332,0.033166416750345526,-0.5003394814116927,-0.5011037096281202,2760,"{'decomposition': 'ema', 'n_filters': 12, 'slowest': 0.0068481211016550025, 'input_scaling': 0.929634188755156, 'bias_dist': 'foldnorm', 'bias_scaling': 0.0004530104948033912, 'lr': 0.9407030287660403, 'sr': 0.9778712320759426, 'rc_connectivity': 0.020075371100608825, 'learning_rate': 0.003}",ppo,1000,64x64,0.003,,,,,,
RepeatPrevious,filterbank+esn,5,1008,20.23611111111111,-0.49416659999999996,0.034369540779591465,-0.4109309980138521,-0.5004244768211921,2760,"{'decomposition': 'ema', 'n_filters': 12, 'slowest': 0.0068481211016550025, 'input_scaling': 0.929634188755156, 'bias_dist': 'foldnorm', 'bias_scaling': 0.0004530104948033912, 'lr': 0.9407030287660403, 'sr': 0.9778712320759426, 'rc_connectivity': 0.020075371100608825, 'learning_rate': 0.003}",ppo,1000,64x64,0.003,,,,,,
RepeatPrevious,filterbank+esn,6,1008,20.23611111111111,-0.4966666,0.03519803656228569,-0.4999129695966592,-0.5009975853285787,2782,"{'decomposition': 'ema', 'n_filters': 12, 'slowest': 0.0068481211016550025, 'input_scaling': 0.929634188755156, 'bias_dist': 'foldnorm', 'bias_scaling': 0.0004530104948033912, 'lr': 0.9407030287660403, 'sr': 0.9778712320759426, 'rc_connectivity': 0.020075371100608825, 'learning_rate': 0.003}",ppo,1000,64x64,0.003,,,,,,
RepeatPrevious,filterbank+esn,1,1008,20.23611111111111,-0.50333328,0.036171003120201134,-0.4511971925035648,-0.49993628425878756,2805,"{'decomposition': 'ema', 'n_filters': 12, 'slowest': 0.0068481211016550025, 'input_scaling': 0.929634188755156, 'bias_dist': 'foldnorm', 'bias_scaling': 0.0004530104948033912, 'lr': 0.9407030287660403, 'sr': 0.9778712320759426, 'rc_connectivity': 0.020075371100608825, 'learning_rate': 0.003}",ppo,1000,64x64,0.003,,,,,,
RepeatPrevious,filterbank+esn,4,1008,20.23611111111111,-0.49833326,0.037230674033012084,-0.4996562040130373,-0.4985990269994906,2809,"{'decomposition': 'ema', 'n_filters': 12, 'slowest': 0.0068481211016550025, 'input_scaling': 0.929634188755156, 'bias_dist': 'foldnorm', 'bias_scaling': 0.0004530104948033912, 'lr': 0.9407030287660403, 'sr': 0.9778712320759426, 'rc_connectivity': 0.020075371100608825, 'learning_rate': 0.01}",ppo,1000,64x64,0.01,,,,,,
RepeatPrevious,filterbank+esn,3,1008,20.23611111111111,-0.5041666,0.037500088889494645,-0.5001187922183744,-0.5013796556291391,2817,"{'decomposition': 'ema', 'n_filters': 12, 'slowest': 0.0068481211016550025, 'input_scaling': 0.929634188755156, 'bias_dist': 'foldnorm', 'bias_scaling': 0.0004530104948033912, 'lr': 0.9407030287660403, 'sr': 0.9778712320759426, 'rc_connectivity': 0.020075371100608825, 'learning_rate': 0.003}",ppo,1000,64x64,0.003,,,,,,
RepeatPrevious,filterbank+esn,9,1008,20.23611111111111,-0.50499998,0.03500014571483382,-0.49966258535343244,-0.49832308965868566,2821,"{'decomposition': 'ema', 'n_filters': 12, 'slowest': 0.0068481211016550025, 'input_scaling': 0.929634188755156, 'bias_dist': 'foldnorm', 'bias_scaling': 0.0004530104948033912, 'lr': 0.9407030287660403, 'sr': 0.9778712320759426, 'rc_connectivity': 0.020075371100608825, 'learning_rate': 0.003}",ppo,1000,64x64,0.003,,,,,,
RepeatPrevious,filterbank+esn,0,1008,20.23611111111111,-0.5058333,0.03633383562424975,-0.5004031325117132,-0.5003820264900662,2850,"{'decomposition': 'ema', 'n_filters': 12, 'slowest': 0.0068481211016550025, 'input_scaling': 0.929634188755156, 'bias_dist': 'foldnorm', 'bias_scaling': 0.0004530104948033912, 'lr': 0.9407030287660403, 'sr': 0.9778712320759426, 'rc_connectivity': 0.020075371100608825, 'learning_rate': 0.01}",ppo,1000,64x64,0.01,,,,,,
RepeatPrevious,filterbank+esn,7,1008,20.23611111111111,-0.49749994000000003,0.03575591994588309,-0.500163358830719,-0.5005942852776363,2860,"{'decomposition': 'ema', 'n_filters': 12, 'slowest': 0.0068481211016550025, 'input_scaling': 0.929634188755156, 'bias_dist': 'foldnorm', 'bias_scaling': 0.0004530104948033912, 'lr': 0.9407030287660403, 'sr': 0.9778712320759426, 'rc_connectivity': 0.020075371100608825, 'learning_rate': 0.003}",ppo,1000,64x64,0.003,,,,,,
RepeatPrevious,filterbank+esn,4,1008,20.23611111111111,-0.50499994,0.03693094968310996,-0.5001060636076594,-0.5028442567498727,2868,"{'decomposition': 'ema', 'n_filters': 12, 'slowest': 0.0068481211016550025, 'input_scaling': 0.929634188755156, 'bias_dist': 'foldnorm', 'bias_scaling': 0.0004530104948033912, 'lr': 0.9407030287660403, 'sr': 0.9778712320759426, 'rc_connectivity': 0.020075371100608825, 'learning_rate': 0.003}",ppo,1000,64x64,0.003,,,,,,
RepeatPrevious,filterbank+esn,2,1008,20.23611111111111,-0.49916664000000005,0.03384012181583276,-0.4993846004787126,-0.49915091543555784,2893,"{'decomposition': 'ema', 'n_filters': 12, 'slowest': 0.0068481211016550025, 'input_scaling': 0.929634188755156, 'bias_dist': 'foldnorm', 'bias_scaling': 0.0004530104948033912, 'lr': 0.9407030287660403, 'sr': 0.9778712320759426, 'rc_connectivity': 0.020075371100608825, 'learning_rate': 0.003}",ppo,1000,64x64,0.003,,,,,,
RepeatPrevious,filterbank+esn,3,1008,20.23611111111111,-0.5041666,0.037500088889494645,-0.49988962161336326,-0.5013796556291391,2910,"{'decomposition': 'ema', 'n_filters': 12, 'slowest': 0.0068481211016550025, 'input_scaling': 0.929634188755156, 'bias_dist': 'foldnorm', 'bias_scaling': 0.0004530104948033912, 'lr': 0.9407030287660403, 'sr': 0.9778712320759426, 'rc_connectivity': 0.020075371100608825, 'learning_rate': 0.01}",ppo,1000,64x64,0.01,,,,,,
RepeatPrevious,filterbank+esn,2,1008,20.23611111111111,-0.49499996,0.0296275517429031,-0.49989598064778973,-0.5010824839531329,3025,"{'decomposition': 'ema', 'n_filters': 12, 'slowest': 0.0068481211016550025, 'input_scaling': 0.929634188755156, 'bias_dist': 'foldnorm', 'bias_scaling': 0.0004530104948033912, 'lr': 0.9407030287660403, 'sr': 0.9778712320759426, 'rc_connectivity': 0.020075371100608825, 'learning_rate': 0.01}",ppo,1000,64x64,0.01,,,,,,
RepeatPrevious,filterbank+esn,1,1008,20.23611111111111,-0.50333328,0.036171003120201134,-0.4998620294357303,-0.5001697697401936,3074,"{'decomposition': 'ema', 'n_filters': 12, 'slowest': 0.0068481211016550025, 'input_scaling': 0.929634188755156, 'bias_dist': 'foldnorm', 'bias_scaling': 0.0004530104948033912, 'lr': 0.9407030287660403, 'sr': 0.9778712320759426, 'rc_connectivity': 0.020075371100608825, 'learning_rate': 0.01}",ppo,1000,64x64,0.01,,,,,,
RepeatPrevious,filterbank+esn,5,1008,20.23611111111111,-0.5008332999999999,0.03485105689545154,-0.4997538109085354,-0.4996391120733571,3089,"{'decomposition': 'ema', 'n_filters': 12, 'slowest': 0.0068481211016550025, 'input_scaling': 0.929634188755156, 'bias_dist': 'foldnorm', 'bias_scaling': 0.0004530104948033912, 'lr': 0.9407030287660403, 'sr': 0.9778712320759426, 'rc_connectivity': 0.020075371100608825, 'learning_rate': 0.01}",ppo,1000,64x64,0.01,,,,,,
RepeatPrevious,filterbank+esn,8,1008,20.23611111111111,-0.49749994000000003,0.033757883524539865,-0.4996944006416785,-0.4984504513499745,2709,"{'decomposition': 'ema', 'n_filters': 12, 'slowest': 0.0068481211016550025, 'input_scaling': 0.929634188755156, 'bias_dist': 'foldnorm', 'bias_scaling': 0.0004530104948033912, 'lr': 0.9407030287660403, 'sr': 0.9778712320759426, 'rc_connectivity': 0.020075371100608825, 'learning_rate': 0.01}",ppo,1000,64x64,0.01,,,,,,
RepeatPrevious,filterbank+esn,7,1008,20.23611111111111,-0.50249996,0.035755880325317124,-0.5000827127724587,-0.50099758430973,2801,"{'decomposition': 'ema', 'n_filters': 12, 'slowest': 0.0068481211016550025, 'input_scaling': 0.929634188755156, 'bias_dist': 'foldnorm', 'bias_scaling': 0.0004530104948033912, 'lr': 0.9407030287660403, 'sr': 0.9778712320759426, 'rc_connectivity': 0.020075371100608825, 'learning_rate': 0.01}",ppo,1000,64x64,0.01,,,,,,
RepeatPrevious,filterbank+hag,1,1040,3.225,0.96749992,0.04190765403495643,0.8535194537074761,0.9359186250636781,2766,"{'decomposition': 'legendre', 'n_filters': 12, 'slowest': 0.05503533446959869, 'input_scaling': 0.9095759553753703, 'bias_dist': 'foldnorm', 'bias_scaling': 0.04123764193322552, 'lr': 0.9047782400199377, 'weight_increment': 0.002278223530217896, 'min_window': 11, 'max_window': 59, 'use_full_instance': False, 'max_partners': 20, 'homeostasis': 'mean', 'target': 0.52, 'spread': 0.385, 'learning_rate': 0.0003}",ppo,1000,64x64,0.0003,,,,,,
RepeatPrevious,filterbank+hag,7,1040,3.3701923076923075,0.9833332799999998,0.028867530780473757,0.8689311938276634,0.9292112052980133,2755,"{'decomposition': 'legendre', 'n_filters': 12, 'slowest': 0.05503533446959869, 'input_scaling': 0.9095759553753703, 'bias_dist': 'foldnorm', 'bias_scaling': 0.04123764193322552, 'lr': 0.9047782400199377, 'weight_increment': 0.002278223530217896, 'min_window': 11, 'max_window': 59, 'use_full_instance': False, 'max_partners': 20, 'homeostasis': 'mean', 'target': 0.52, 'spread': 0.385, 'learning_rate': 0.0003}",ppo,1000,64x64,0.0003,,,,,,
RepeatPrevious,filterbank+hag,8,1040,3.316346153846154,0.9283333599999999,0.04567386731633747,0.8450931808922387,0.9377865022924095,2754,"{'decomposition': 'legendre', 'n_filters': 12, 'slowest': 0.05503533446959869, 'input_scaling': 0.9095759553753703, 'bias_dist': 'foldnorm', 'bias_scaling': 0.04123764193322552, 'lr': 0.9047782400199377, 'weight_increment': 0.002278223530217896, 'min_window': 11, 'max_window': 59, 'use_full_instance': False, 'max_partners': 20, 'homeostasis': 'mean', 'target': 0.52, 'spread': 0.385, 'learning_rate': 0.0003}",ppo,1000,64x64,0.0003,,,,,,
RepeatPrevious,filterbank+hag,6,1040,3.208653846153846,0.9641666000000001,0.03536509892931165,0.8431770568853127,0.9117209780947528,2775,"{'decomposition': 'legendre', 'n_filters': 12, 'slowest': 0.05503533446959869, 'input_scaling': 0.9095759553753703, 'bias_dist': 'foldnorm', 'bias_scaling': 0.04123764193322552, 'lr': 0.9047782400199377, 'weight_increment': 0.002278223530217896, 'min_window': 11, 'max_window': 59, 'use_full_instance': False, 'max_partners': 20, 'homeostasis': 'mean', 'target': 0.52, 'spread': 0.385, 'learning_rate': 0.0003}",ppo,1000,64x64,0.0003,,,,,,
RepeatPrevious,filterbank+hag,5,1040,3.3615384615384616,0.9874999399999999,0.022438239929557756,0.8420545471582807,0.9074333295975547,2793,"{'decomposition': 'legendre', 'n_filters': 12, 'slowest': 0.05503533446959869, 'input_scaling': 0.9095759553753703, 'bias_dist': 'foldnorm', 'bias_scaling': 0.04123764193322552, 'lr': 0.9047782400199377, 'weight_increment': 0.002278223530217896, 'min_window': 11, 'max_window': 59, 'use_full_instance': False, 'max_partners': 20, 'homeostasis': 'mean', 'target': 0.52, 'spread': 0.385, 'learning_rate': 0.0003}",ppo,1000,64x64,0.0003,,,,,,
RepeatPrevious,filterbank+hag,2,1040,3.0701923076923077,0.9475,0.04394591372812721,0.8434380587696066,0.9211453194090677,2831,"{'decomposition': 'legendre', 'n_filters': 12, 'slowest': 0.05503533446959869, 'input_scaling': 0.9095759553753703, 'bias_dist': 'foldnorm', 'bias_scaling': 0.04123764193322552, 'lr': 0.9047782400199377, 'weight_increment': 0.002278223530217896, 'min_window': 11, 'max_window': 59, 'use_full_instance': False, 'max_partners': 20, 'homeostasis': 'mean', 'target': 0.52, 'spread': 0.385, 'learning_rate': 0.0003}",ppo,1000,64x64,0.0003,,,,,,
RepeatPrevious,filterbank+hag,1,1040,3.225,0.97916658,0.026679710352318295,0.8373947347219394,0.9132492491085075,2766,"{'decomposition': 'legendre', 'n_filters': 12, 'slowest': 0.05503533446959869, 'input_scaling': 0.9095759553753703, 'bias_dist': 'foldnorm', 'bias_scaling': 0.04123764193322552, 'lr': 0.9047782400199377, 'weight_increment': 0.002278223530217896, 'min_window': 11, 'max_window': 59, 'use_full_instance': False, 'max_partners': 20, 'homeostasis': 'mean', 'target': 0.52, 'spread': 0.385, 'learning_rate': 0.001}",ppo,1000,64x64,0.001,,,,,,
RepeatPrevious,filterbank+hag,9,1040,3.3201923076923077,0.96083322,0.03671394694188572,0.8480893767569769,0.9417557743250127,2785,"{'decomposition': 'legendre', 'n_filters': 12, 'slowest': 0.05503533446959869, 'input_scaling': 0.9095759553753703, 'bias_dist': 'foldnorm', 'bias_scaling': 0.04123764193322552, 'lr': 0.9047782400199377, 'weight_increment': 0.002278223530217896, 'min_window': 11, 'max_window': 59, 'use_full_instance': False, 'max_partners': 20, 'homeostasis': 'mean', 'target': 0.52, 'spread': 0.385, 'learning_rate': 0.0003}",ppo,1000,64x64,0.0003,,,,,,
RepeatPrevious,filterbank+esn,9,1008,20.23611111111111,-0.49583326,0.03461110852591116,-0.5002163989101651,-0.501167386653082,2888,"{'decomposition': 'ema', 'n_filters': 12, 'slowest': 0.0068481211016550025, 'input_scaling': 0.929634188755156, 'bias_dist': 'foldnorm', 'bias_scaling': 0.0004530104948033912, 'lr': 0.9407030287660403, 'sr': 0.9778712320759426, 'rc_connectivity': 0.020075371100608825, 'learning_rate': 0.01}",ppo,1000,64x64,0.01,,,,,,
RepeatPrevious,filterbank+esn,6,1008,20.23611111111111,-0.50249996,0.03575588032531713,-0.5004519377673661,-0.5009339072847682,2918,"{'decomposition': 'ema', 'n_filters': 12, 'slowest': 0.0068481211016550025, 'input_scaling': 0.929634188755156, 'bias_dist': 'foldnorm', 'bias_scaling': 0.0004530104948033912, 'lr': 0.9407030287660403, 'sr': 0.9778712320759426, 'rc_connectivity': 0.020075371100608825, 'learning_rate': 0.01}",ppo,1000,64x64,0.01,,,,,,
RepeatPrevious,filterbank+hag,4,1040,3.064423076923077,0.9616665799999998,0.04068849851203163,0.8448024756569565,0.9308456133469178,2851,"{'decomposition': 'legendre', 'n_filters': 12, 'slowest': 0.05503533446959869, 'input_scaling': 0.9095759553753703, 'bias_dist': 'foldnorm', 'bias_scaling': 0.04123764193322552, 'lr': 0.9047782400199377, 'weight_increment': 0.002278223530217896, 'min_window': 11, 'max_window': 59, 'use_full_instance': False, 'max_partners': 20, 'homeostasis': 'mean', 'target': 0.52, 'spread': 0.385, 'learning_rate': 0.0003}",ppo,1000,64x64,0.0003,,,,,,
RepeatPrevious,filterbank+hag,0,1040,3.1721153846153847,0.9374999399999999,0.049476366412827856,0.8585845522509676,0.894273207845135,2900,"{'decomposition': 'legendre', 'n_filters': 12, 'slowest': 0.05503533446959869, 'input_scaling': 0.9095759553753703, 'bias_dist': 'foldnorm', 'bias_scaling': 0.04123764193322552, 'lr': 0.9047782400199377, 'weight_increment': 0.002278223530217896, 'min_window': 11, 'max_window': 59, 'use_full_instance': False, 'max_partners': 20, 'homeostasis': 'mean', 'target': 0.52, 'spread': 0.385, 'learning_rate': 0.0003}",ppo,1000,64x64,0.0003,,,,,,
RepeatPrevious,filterbank+hag,5,1040,3.3615384615384616,0.9699998800000001,0.03231787465576287,0.8401744904766756,0.9415647371370351,2751,"{'decomposition': 'legendre', 'n_filters': 12, 'slowest': 0.05503533446959869, 'input_scaling': 0.9095759553753703, 'bias_dist': 'foldnorm', 'bias_scaling': 0.04123764193322552, 'lr': 0.9047782400199377, 'weight_increment': 0.002278223530217896, 'min_window': 11, 'max_window': 59, 'use_full_instance': False, 'max_partners': 20, 'homeostasis': 'mean', 'target': 0.52, 'spread': 0.385, 'learning_rate': 0.001}",ppo,1000,64x64,0.001,,,,,,
RepeatPrevious,filterbank+hag,0,1040,3.1721153846153847,0.97083326,0.032542675401269636,0.8378488356589936,0.8974571044319918,2847,"{'decomposition': 'legendre', 'n_filters': 12, 'slowest': 0.05503533446959869, 'input_scaling': 0.9095759553753703, 'bias_dist': 'foldnorm', 'bias_scaling': 0.04123764193322552, 'lr': 0.9047782400199377, 'weight_increment': 0.002278223530217896, 'min_window': 11, 'max_window': 59, 'use_full_instance': False, 'max_partners': 20, 'homeostasis': 'mean', 'target': 0.52, 'spread': 0.385, 'learning_rate': 0.001}",ppo,1000,64x64,0.001,,,,,,
RepeatPrevious,filterbank+hag,4,1040,3.064423076923077,0.97666658,0.027838828999144343,0.8448576421878184,0.9336049923586347,2815,"{'decomposition': 'legendre', 'n_filters': 12, 'slowest': 0.05503533446959869, 'input_scaling': 0.9095759553753703, 'bias_dist': 'foldnorm', 'bias_scaling': 0.04123764193322552, 'lr': 0.9047782400199377, 'weight_increment': 0.002278223530217896, 'min_window': 11, 'max_window': 59, 'use_full_instance': False, 'max_partners': 20, 'homeostasis': 'mean', 'target': 0.52, 'spread': 0.385, 'learning_rate': 0.001}",ppo,1000,64x64,0.001,,,,,,
RepeatPrevious,filterbank+hag,2,1040,3.0701923076923077,0.97083322,0.032542716372970466,0.8231946335302505,0.9189165878757004,2846,"{'decomposition': 'legendre', 'n_filters': 12, 'slowest': 0.05503533446959869, 'input_scaling': 0.9095759553753703, 'bias_dist': 'foldnorm', 'bias_scaling': 0.04123764193322552, 'lr': 0.9047782400199377, 'weight_increment': 0.002278223530217896, 'min_window': 11, 'max_window': 59, 'use_full_instance': False, 'max_partners': 20, 'homeostasis': 'mean', 'target': 0.52, 'spread': 0.385, 'learning_rate': 0.001}",ppo,1000,64x64,0.001,,,,,,
RepeatPrevious,filterbank+hag,3,1040,3.141346153846154,0.9500000399999999,0.04639796571271633,0.8525263764514157,0.9339233723892002,2937,"{'decomposition': 'legendre', 'n_filters': 12, 'slowest': 0.05503533446959869, 'input_scaling': 0.9095759553753703, 'bias_dist': 'foldnorm', 'bias_scaling': 0.04123764193322552, 'lr': 0.9047782400199377, 'weight_increment': 0.002278223530217896, 'min_window': 11, 'max_window': 59, 'use_full_instance': False, 'max_partners': 20, 'homeostasis': 'mean', 'target': 0.52, 'spread': 0.385, 'learning_rate': 0.0003}",ppo,1000,64x64,0.0003,,,,,,
RepeatPrevious,filterbank+hag,7,1040,3.3701923076923075,0.9924999800000001,0.019878107164908836,0.8573814037482176,0.9392511130922059,2854,"{'decomposition': 'legendre', 'n_filters': 12, 'slowest': 0.05503533446959869, 'input_scaling': 0.9095759553753703, 'bias_dist': 'foldnorm', 'bias_scaling': 0.04123764193322552, 'lr': 0.9047782400199377, 'weight_increment': 0.002278223530217896, 'min_window': 11, 'max_window': 59, 'use_full_instance': False, 'max_partners': 20, 'homeostasis': 'mean', 'target': 0.52, 'spread': 0.385, 'learning_rate': 0.001}",ppo,1000,64x64,0.001,,,,,,
RepeatPrevious,filterbank+hag,6,1040,3.208653846153846,0.9783332600000001,0.027938427141705736,0.850514767518843,0.9224825593479368,2889,"{'decomposition': 'legendre', 'n_filters': 12, 'slowest': 0.05503533446959869, 'input_scaling': 0.9095759553753703, 'bias_dist': 'foldnorm', 'bias_scaling': 0.04123764193322552, 'lr': 0.9047782400199377, 'weight_increment': 0.002278223530217896, 'min_window': 11, 'max_window': 59, 'use_full_instance': False, 'max_partners': 20, 'homeostasis': 'mean', 'target': 0.52, 'spread': 0.385, 'learning_rate': 0.001}",ppo,1000,64x64,0.001,,,,,,
RepeatPrevious,filterbank+hag,9,1040,3.3201923076923077,0.9433333399999998,0.04310829618605217,0.8396652214809533,0.9534937468160978,2858,"{'decomposition': 'legendre', 'n_filters': 12, 'slowest': 0.05503533446959869, 'input_scaling': 0.9095759553753703, 'bias_dist': 'foldnorm', 'bias_scaling': 0.04123764193322552, 'lr': 0.9047782400199377, 'weight_increment': 0.002278223530217896, 'min_window': 11, 'max_window': 59, 'use_full_instance': False, 'max_partners': 20, 'homeostasis': 'mean', 'target': 0.52, 'spread': 0.385, 'learning_rate': 0.001}",ppo,1000,64x64,0.001,,,,,,
RepeatPrevious,filterbank+hag,8,1040,3.316346153846154,0.96249988,0.02795077816565399,0.8347677631900591,0.9259636301579216,2889,"{'decomposition': 'legendre', 'n_filters': 12, 'slowest': 0.05503533446959869, 'input_scaling': 0.9095759553753703, 'bias_dist': 'foldnorm', 'bias_scaling': 0.04123764193322552, 'lr': 0.9047782400199377, 'weight_increment': 0.002278223530217896, 'min_window': 11, 'max_window': 59, 'use_full_instance': False, 'max_partners': 20, 'homeostasis': 'mean', 'target': 0.52, 'spread': 0.385, 'learning_rate': 0.001}",ppo,1000,64x64,0.001,,,,,,
RepeatPrevious,filterbank+hag,3,1040,3.141346153846154,0.99166662,0.018633968385601603,0.8686044057343654,0.9610077391747324,2968,"{'decomposition': 'legendre', 'n_filters': 12, 'slowest': 0.05503533446959869, 'input_scaling': 0.9095759553753703, 'bias_dist': 'foldnorm', 'bias_scaling': 0.04123764193322552, 'lr': 0.9047782400199377, 'weight_increment': 0.002278223530217896, 'min_window': 11, 'max_window': 59, 'use_full_instance': False, 'max_partners': 20, 'homeostasis': 'mean', 'target': 0.52, 'spread': 0.385, 'learning_rate': 0.001}",ppo,1000,64x64,0.001,,,,,,
RepeatPrevious,filterbank+hag,1,1040,3.225,-0.5008332600000001,0.03772169446608146,-0.5000530138521083,-0.5010824910850739,2898,"{'decomposition': 'legendre', 'n_filters': 12, 'slowest': 0.05503533446959869, 'input_scaling': 0.9095759553753703, 'bias_dist': 'foldnorm', 'bias_scaling': 0.04123764193322552, 'lr': 0.9047782400199377, 'weight_increment': 0.002278223530217896, 'min_window': 11, 'max_window': 59, 'use_full_instance': False, 'max_partners': 20, 'homeostasis': 'mean', 'target': 0.52, 'spread': 0.385, 'learning_rate': 0.003}",ppo,1000,64x64,0.003,,,,,,
RepeatPrevious,filterbank+hag,3,1040,3.141346153846154,-0.49666661999999995,0.031001984166752948,-0.4996540956915869,-0.4998513728986246,2942,"{'decomposition': 'legendre', 'n_filters': 12, 'slowest': 0.05503533446959869, 'input_scaling': 0.9095759553753703, 'bias_dist': 'foldnorm', 'bias_scaling': 0.04123764193322552, 'lr': 0.9047782400199377, 'weight_increment': 0.002278223530217896, 'min_window': 11, 'max_window': 59, 'use_full_instance': False, 'max_partners': 20, 'homeostasis': 'mean', 'target': 0.52, 'spread': 0.385, 'learning_rate': 0.003}",ppo,1000,64x64,0.003,,,,,,
RepeatPrevious,filterbank+hag,2,1040,3.0701923076923077,-0.50499996,0.037859526322953384,-0.5003500860154817,-0.4992570458481915,2950,"{'decomposition': 'legendre', 'n_filters': 12, 'slowest': 0.05503533446959869, 'input_scaling': 0.9095759553753703, 'bias_dist': 'foldnorm', 'bias_scaling': 0.04123764193322552, 'lr': 0.9047782400199377, 'weight_increment': 0.002278223530217896, 'min_window': 11, 'max_window': 59, 'use_full_instance': False, 'max_partners': 20, 'homeostasis': 'mean', 'target': 0.52, 'spread': 0.385, 'learning_rate': 0.003}",ppo,1000,64x64,0.003,,,,,,
RepeatPrevious,filterbank+hag,6,1040,3.208653846153846,-0.4966666,0.03519803656228569,-0.4994227918109594,-0.5009975853285787,2925,"{'decomposition': 'legendre', 'n_filters': 12, 'slowest': 0.05503533446959869, 'input_scaling': 0.9095759553753703, 'bias_dist': 'foldnorm', 'bias_scaling': 0.04123764193322552, 'lr': 0.9047782400199377, 'weight_increment': 0.002278223530217896, 'min_window': 11, 'max_window': 59, 'use_full_instance': False, 'max_partners': 20, 'homeostasis': 'mean', 'target': 0.52, 'spread': 0.385, 'learning_rate': 0.003}",ppo,1000,64x64,0.003,,,,,,
RepeatPrevious,filterbank+hag,4,1040,3.064423076923077,-0.49583330000000003,0.03254296732460026,-0.5000360399775922,-0.500063633723892,2951,"{'decomposition': 'legendre', 'n_filters': 12, 'slowest': 0.05503533446959869, 'input_scaling': 0.9095759553753703, 'bias_dist': 'foldnorm', 'bias_scaling': 0.04123764193322552, 'lr': 0.9047782400199377, 'weight_increment': 0.002278223530217896, 'min_window': 11, 'max_window': 59, 'use_full_instance': False, 'max_partners': 20, 'homeostasis': 'mean', 'target': 0.52, 'spread': 0.385, 'learning_rate': 0.003}",ppo,1000,64x64,0.003,,,,,,
RepeatPrevious,filterbank+hag,0,1040,3.1721153846153847,-0.4991666,0.03678972380760693,-0.49978353727846814,-0.4991933657666836,2998,"{'decomposition': 'legendre', 'n_filters': 12, 'slowest': 0.05503533446959869, 'input_scaling': 0.9095759553753703, 'bias_dist': 'foldnorm', 'bias_scaling': 0.04123764193322552, 'lr': 0.9047782400199377, 'weight_increment': 0.002278223530217896, 'min_window': 11, 'max_window': 59, 'use_full_instance': False, 'max_partners': 20, 'homeostasis': 'mean', 'target': 0.52, 'spread': 0.385, 'learning_rate': 0.003}",ppo,1000,64x64,0.003,,,,,,
RepeatPrevious,filterbank+hag,7,1040,3.3701923076923075,-0.49999997999999996,0.03118067421496207,-0.4993633912711347,-0.49938440244523685,2932,"{'decomposition': 'legendre', 'n_filters': 12, 'slowest': 0.05503533446959869, 'input_scaling': 0.9095759553753703, 'bias_dist': 'foldnorm', 'bias_scaling': 0.04123764193322552, 'lr': 0.9047782400199377, 'weight_increment': 0.002278223530217896, 'min_window': 11, 'max_window': 59, 'use_full_instance': False, 'max_partners': 20, 'homeostasis': 'mean', 'target': 0.52, 'spread': 0.385, 'learning_rate': 0.003}",ppo,1000,64x64,0.003,,,,,,
RepeatPrevious,filterbank+hag,8,1040,3.316346153846154,-0.49333324000000006,0.035707326980080716,-0.49991296267060503,-0.5005730657157412,2934,"{'decomposition': 'legendre', 'n_filters': 12, 'slowest': 0.05503533446959869, 'input_scaling': 0.9095759553753703, 'bias_dist': 'foldnorm', 'bias_scaling': 0.04123764193322552, 'lr': 0.9047782400199377, 'weight_increment': 0.002278223530217896, 'min_window': 11, 'max_window': 59, 'use_full_instance': False, 'max_partners': 20, 'homeostasis': 'mean', 'target': 0.52, 'spread': 0.385, 'learning_rate': 0.003}",ppo,1000,64x64,0.003,,,,,,
RepeatPrevious,filterbank+hag,5,1040,3.3615384615384616,-0.5041666,0.037500088889494645,-0.5000933291912814,-0.5002122114111054,3043,"{'decomposition': 'legendre', 'n_filters': 12, 'slowest': 0.05503533446959869, 'input_scaling': 0.9095759553753703, 'bias_dist': 'foldnorm', 'bias_scaling': 0.04123764193322552, 'lr': 0.9047782400199377, 'weight_increment': 0.002278223530217896, 'min_window': 11, 'max_window': 59, 'use_full_instance': False, 'max_partners': 20, 'homeostasis': 'mean', 'target': 0.52, 'spread': 0.385, 'learning_rate': 0.003}",ppo,1000,64x64,0.003,,,,,,
RepeatPrevious,filterbank+hag,9,1040,3.3201923076923077,-0.4949999400000001,0.03188541045770621,-0.5002079140354452,-0.4998725955170657,2964,"{'decomposition': 'legendre', 'n_filters': 12, 'slowest': 0.05503533446959869, 'input_scaling': 0.9095759553753703, 'bias_dist': 'foldnorm', 'bias_scaling': 0.04123764193322552, 'lr': 0.9047782400199377, 'weight_increment': 0.002278223530217896, 'min_window': 11, 'max_window': 59, 'use_full_instance': False, 'max_partners': 20, 'homeostasis': 'mean', 'target': 0.52, 'spread': 0.385, 'learning_rate': 0.003}",ppo,1000,64x64,0.003,,,,,,
RepeatPrevious,filterbank+hag,0,1040,3.1721153846153847,-0.49999997999999996,0.03333355000025651,-0.4998217130780199,-0.49972401528273047,3175,"{'decomposition': 'legendre', 'n_filters': 12, 'slowest': 0.05503533446959869, 'input_scaling': 0.9095759553753703, 'bias_dist': 'foldnorm', 'bias_scaling': 0.04123764193322552, 'lr': 0.9047782400199377, 'weight_increment': 0.002278223530217896, 'min_window': 11, 'max_window': 59, 'use_full_instance': False, 'max_partners': 20, 'homeostasis': 'mean', 'target': 0.52, 'spread': 0.385, 'learning_rate': 0.01}",ppo,1000,64x64,0.01,,,,,,
RepeatPrevious,filterbank+hag,1,1040,3.225,-0.50333328,0.036171003120201134,-0.49998934625178243,-0.5001697697401936,3306,"{'decomposition': 'legendre', 'n_filters': 12, 'slowest': 0.05503533446959869, 'input_scaling': 0.9095759553753703, 'bias_dist': 'foldnorm', 'bias_scaling': 0.04123764193322552, 'lr': 0.9047782400199377, 'weight_increment': 0.002278223530217896, 'min_window': 11, 'max_window': 59, 'use_full_instance': False, 'max_partners': 20, 'homeostasis': 'mean', 'target': 0.52, 'spread': 0.385, 'learning_rate': 0.01}",ppo,1000,64x64,0.01,,,,,,
RepeatPrevious,filterbank+proj,2,1040,0.0,0.9199999799999997,0.051261818367080964,0.7627932517824404,0.8366445797249108,2591,"{'decomposition': 'legendre', 'n_filters': 12, 'slowest': 0.05503533446959869, 'input_scaling': 0.9095759553753703, 'bias_dist': 'foldnorm', 'bias_scaling': 0.04123764193322552, 'lr': 0.9047782400199377, 'weight_increment': 0.002278223530217896, 'min_window': 11, 'max_window': 59, 'use_full_instance': False, 'max_partners': 20, 'homeostasis': 'mean', 'target': 0.52, 'spread': 0.385, 'learning_rate': 0.0003}",ppo,1000,64x64,0.0003,,,,,,
RepeatPrevious,filterbank+proj,6,1040,0.0,0.9008333199999999,0.05457535687338746,0.7701627959360359,0.8082017422312786,2583,"{'decomposition': 'legendre', 'n_filters': 12, 'slowest': 0.05503533446959869, 'input_scaling': 0.9095759553753703, 'bias_dist': 'foldnorm', 'bias_scaling': 0.04123764193322552, 'lr': 0.9047782400199377, 'weight_increment': 0.002278223530217896, 'min_window': 11, 'max_window': 59, 'use_full_instance': False, 'max_partners': 20, 'homeostasis': 'mean', 'target': 0.52, 'spread': 0.385, 'learning_rate': 0.0003}",ppo,1000,64x64,0.0003,,,,,,
RepeatPrevious,filterbank+proj,3,1040,0.0,0.9016666,0.060530012758300326,0.774943557547362,0.8354771589403973,2632,"{'decomposition': 'legendre', 'n_filters': 12, 'slowest': 0.05503533446959869, 'input_scaling': 0.9095759553753703, 'bias_dist': 'foldnorm', 'bias_scaling': 0.04123764193322552, 'lr': 0.9047782400199377, 'weight_increment': 0.002278223530217896, 'min_window': 11, 'max_window': 59, 'use_full_instance': False, 'max_partners': 20, 'homeostasis': 'mean', 'target': 0.52, 'spread': 0.385, 'learning_rate': 0.0003}",ppo,1000,64x64,0.0003,,,,,,
RepeatPrevious,filterbank+proj,1,1040,0.0,0.8999999599999999,0.0606675073207924,0.757339833570992,0.8310833723892002,2666,"{'decomposition': 'legendre', 'n_filters': 12, 'slowest': 0.05503533446959869, 'input_scaling': 0.9095759553753703, 'bias_dist': 'foldnorm', 'bias_scaling': 0.04123764193322552, 'lr': 0.9047782400199377, 'weight_increment': 0.002278223530217896, 'min_window': 11, 'max_window': 59, 'use_full_instance': False, 'max_partners': 20, 'homeostasis': 'mean', 'target': 0.52, 'spread': 0.385, 'learning_rate': 0.0003}",ppo,1000,64x64,0.0003,,,,,,
RepeatPrevious,filterbank+proj,4,1040,0.0,0.9091666799999999,0.05444792802979375,0.7569706175392137,0.8021947707590423,2670,"{'decomposition': 'legendre', 'n_filters': 12, 'slowest': 0.05503533446959869, 'input_scaling': 0.9095759553753703, 'bias_dist': 'foldnorm', 'bias_scaling': 0.04123764193322552, 'lr': 0.9047782400199377, 'weight_increment': 0.002278223530217896, 'min_window': 11, 'max_window': 59, 'use_full_instance': False, 'max_partners': 20, 'homeostasis': 'mean', 'target': 0.52, 'spread': 0.385, 'learning_rate': 0.0003}",ppo,1000,64x64,0.0003,,,,,,
RepeatPrevious,filterbank+proj,0,1040,0.0,0.8783332399999999,0.06605970414089364,0.7645820591770218,0.8104304574630667,2727,"{'decomposition': 'legendre', 'n_filters': 12, 'slowest': 0.05503533446959869, 'input_scaling': 0.9095759553753703, 'bias_dist': 'foldnorm', 'bias_scaling': 0.04123764193322552, 'lr': 0.9047782400199377, 'weight_increment': 0.002278223530217896, 'min_window': 11, 'max_window': 59, 'use_full_instance': False, 'max_partners': 20, 'homeostasis': 'mean', 'target': 0.52, 'spread': 0.385, 'learning_rate': 0.0003}",ppo,1000,64x64,0.0003,,,,,,
RepeatPrevious,filterbank+proj,8,1040,0.0,0.9025000400000002,0.057499980870243765,0.7667273579649623,0.8173076943453897,2640,"{'decomposition': 'legendre', 'n_filters': 12, 'slowest': 0.05503533446959869, 'input_scaling': 0.9095759553753703, 'bias_dist': 'foldnorm', 'bias_scaling': 0.04123764193322552, 'lr': 0.9047782400199377, 'weight_increment': 0.002278223530217896, 'min_window': 11, 'max_window': 59, 'use_full_instance': False, 'max_partners': 20, 'homeostasis': 'mean', 'target': 0.52, 'spread': 0.385, 'learning_rate': 0.0003}",ppo,1000,64x64,0.0003,,,,,,
RepeatPrevious,filterbank+proj,7,1040,0.0,0.8891667200000001,0.05439699889664503,0.763056375942147,0.8255646062149771,2685,"{'decomposition': 'legendre', 'n_filters': 12, 'slowest': 0.05503533446959869, 'input_scaling': 0.9095759553753703, 'bias_dist': 'foldnorm', 'bias_scaling': 0.04123764193322552, 'lr': 0.9047782400199377, 'weight_increment': 0.002278223530217896, 'min_window': 11, 'max_window': 59, 'use_full_instance': False, 'max_partners': 20, 'homeostasis': 'mean', 'target': 0.52, 'spread': 0.385, 'learning_rate': 0.0003}",ppo,1000,64x64,0.0003,,,,,,
RepeatPrevious,filterbank+proj,5,1040,0.0,0.8791666400000001,0.06081049525690775,0.7547383222143003,0.8244396321956191,2729,"{'decomposition': 'legendre', 'n_filters': 12, 'slowest': 0.05503533446959869, 'input_scaling': 0.9095759553753703, 'bias_dist': 'foldnorm', 'bias_scaling': 0.04123764193322552, 'lr': 0.9047782400199377, 'weight_increment': 0.002278223530217896, 'min_window': 11, 'max_window': 59, 'use_full_instance': False, 'max_partners': 20, 'homeostasis': 'mean', 'target': 0.52, 'spread': 0.385, 'learning_rate': 0.0003}",ppo,1000,64x64,0.0003,,,,,,
RepeatPrevious,filterbank+proj,1,1040,0.0,0.8474999400000001,0.08724562727069134,0.7327994498879609,0.813295967906266,2582,"{'decomposition': 'legendre', 'n_filters': 12, 'slowest': 0.05503533446959869, 'input_scaling': 0.9095759553753703, 'bias_dist': 'foldnorm', 'bias_scaling': 0.04123764193322552, 'lr': 0.9047782400199377, 'weight_increment': 0.002278223530217896, 'min_window': 11, 'max_window': 59, 'use_full_instance': False, 'max_partners': 20, 'homeostasis': 'mean', 'target': 0.52, 'spread': 0.385, 'learning_rate': 0.001}",ppo,1000,64x64,0.001,,,,,,
RepeatPrevious,filterbank+proj,9,1040,0.0,0.88083336,0.06292078105801294,0.7578724466286413,0.8167770387162506,2678,"{'decomposition': 'legendre', 'n_filters': 12, 'slowest': 0.05503533446959869, 'input_scaling': 0.9095759553753703, 'bias_dist': 'foldnorm', 'bias_scaling': 0.04123764193322552, 'lr': 0.9047782400199377, 'weight_increment': 0.002278223530217896, 'min_window': 11, 'max_window': 59, 'use_full_instance': False, 'max_partners': 20, 'homeostasis': 'mean', 'target': 0.52, 'spread': 0.385, 'learning_rate': 0.0003}",ppo,1000,64x64,0.0003,,,,,,
RepeatPrevious,filterbank+proj,0,1040,0.0,0.84333336,0.08146237386444369,0.7264569334385822,0.7771268436067245,2703,"{'decomposition': 'legendre', 'n_filters': 12, 'slowest': 0.05503533446959869, 'input_scaling': 0.9095759553753703, 'bias_dist': 'foldnorm', 'bias_scaling': 0.04123764193322552, 'lr': 0.9047782400199377, 'weight_increment': 0.002278223530217896, 'min_window': 11, 'max_window': 59, 'use_full_instance': False, 'max_partners': 20, 'homeostasis': 'mean', 'target': 0.52, 'spread': 0.385, 'learning_rate': 0.001}",ppo,1000,64x64,0.001,,,,,,
RepeatPrevious,filterbank+proj,2,1040,0.0,0.8766667000000001,0.06006938488190136,0.7272420581584844,0.8187723031074886,2655,"{'decomposition': 'legendre', 'n_filters': 12, 'slowest': 0.05503533446959869, 'input_scaling': 0.9095759553753703, 'bias_dist': 'foldnorm', 'bias_scaling': 0.04123764193322552, 'lr': 0.9047782400199377, 'weight_increment': 0.002278223530217896, 'min_window': 11, 'max_window': 59, 'use_full_instance': False, 'max_partners': 20, 'homeostasis': 'mean', 'target': 0.52, 'spread': 0.385, 'learning_rate': 0.001}",ppo,1000,64x64,0.001,,,,,,
RepeatPrevious,filterbank+proj,6,1040,0.0,0.8899999600000001,0.06333332526370615,0.7251646642391526,0.8060154600101885,2614,"{'decomposition': 'legendre', 'n_filters': 12, 'slowest': 0.05503533446959869, 'input_scaling': 0.9095759553753703, 'bias_dist': 'foldnorm', 'bias_scaling': 0.04123764193322552, 'lr': 0.9047782400199377, 'weight_increment': 0.002278223530217896, 'min_window': 11, 'max_window': 59, 'use_full_instance': False, 'max_partners': 20, 'homeostasis': 'mean', 'target': 0.52, 'spread': 0.385, 'learning_rate': 0.001}",ppo,1000,64x64,0.001,,,,,,
RepeatPrevious,filterbank+proj,5,1040,0.0,0.8925000000000002,0.06296487115908361,0.7164922440924831,0.7678935384615384,2664,"{'decomposition': 'legendre', 'n_filters': 12, 'slowest': 0.05503533446959869, 'input_scaling': 0.9095759553753703, 'bias_dist': 'foldnorm', 'bias_scaling': 0.04123764193322552, 'lr': 0.9047782400199377, 'weight_increment': 0.002278223530217896, 'min_window': 11, 'max_window': 59, 'use_full_instance': False, 'max_partners': 20, 'homeostasis': 'mean', 'target': 0.52, 'spread': 0.385, 'learning_rate': 0.001}",ppo,1000,64x64,0.001,,,,,,
RepeatPrevious,filterbank+hag,3,1040,3.141346153846154,-0.49749997999999995,0.0316340078968758,-0.4996646919433694,-0.499915050942435,3046,"{'decomposition': 'legendre', 'n_filters': 12, 'slowest': 0.05503533446959869, 'input_scaling': 0.9095759553753703, 'bias_dist': 'foldnorm', 'bias_scaling': 0.04123764193322552, 'lr': 0.9047782400199377, 'weight_increment': 0.002278223530217896, 'min_window': 11, 'max_window': 59, 'use_full_instance': False, 'max_partners': 20, 'homeostasis': 'mean', 'target': 0.52, 'spread': 0.385, 'learning_rate': 0.01}",ppo,1000,64x64,0.01,,,,,,
RepeatPrevious,filterbank+proj,4,1040,0.0,0.8866666000000001,0.08124041071658858,0.7289629591566511,0.8063975185939888,2722,"{'decomposition': 'legendre', 'n_filters': 12, 'slowest': 0.05503533446959869, 'input_scaling': 0.9095759553753703, 'bias_dist': 'foldnorm', 'bias_scaling': 0.04123764193322552, 'lr': 0.9047782400199377, 'weight_increment': 0.002278223530217896, 'min_window': 11, 'max_window': 59, 'use_full_instance': False, 'max_partners': 20, 'homeostasis': 'mean', 'target': 0.52, 'spread': 0.385, 'learning_rate': 0.001}",ppo,1000,64x64,0.001,,,,,,
RepeatPrevious,filterbank+hag,2,1040,3.0701923076923077,-0.49499996,0.0296275517429031,-0.4999193226726421,-0.5010824839531329,3128,"{'decomposition': 'legendre', 'n_filters': 12, 'slowest': 0.05503533446959869, 'input_scaling': 0.9095759553753703, 'bias_dist': 'foldnorm', 'bias_scaling': 0.04123764193322552, 'lr': 0.9047782400199377, 'weight_increment': 0.002278223530217896, 'min_window': 11, 'max_window': 59, 'use_full_instance': False, 'max_partners': 20, 'homeostasis': 'mean', 'target': 0.52, 'spread': 0.385, 'learning_rate': 0.01}",ppo,1000,64x64,0.01,,,,,,
RepeatPrevious,filterbank+proj,3,1040,0.0,0.90083326,0.06712858233831845,0.7279656421878183,0.7781669240957717,2750,"{'decomposition': 'legendre', 'n_filters': 12, 'slowest': 0.05503533446959869, 'input_scaling': 0.9095759553753703, 'bias_dist': 'foldnorm', 'bias_scaling': 0.04123764193322552, 'lr': 0.9047782400199377, 'weight_increment': 0.002278223530217896, 'min_window': 11, 'max_window': 59, 'use_full_instance': False, 'max_partners': 20, 'homeostasis': 'mean', 'target': 0.52, 'spread': 0.385, 'learning_rate': 0.001}",ppo,1000,64x64,0.001,,,,,,
RepeatPrevious,filterbank+hag,4,1040,3.064423076923077,-0.49833326,0.037230674033012084,-0.4998853766041963,-0.4985990269994906,3090,"{'decomposition': 'legendre', 'n_filters': 12, 'slowest': 0.05503533446959869, 'input_scaling': 0.9095759553753703, 'bias_dist': 'foldnorm', 'bias_scaling': 0.04123764193322552, 'lr': 0.9047782400199377, 'weight_increment': 0.002278223530217896, 'min_window': 11, 'max_window': 59, 'use_full_instance': False, 'max_partners': 20, 'homeostasis': 'mean', 'target': 0.52, 'spread': 0.385, 'learning_rate': 0.01}",ppo,1000,64x64,0.01,,,,,,
RepeatPrevious,filterbank+proj,8,1040,0.0,0.8724999999999998,0.07188437861566309,0.7205112232124669,0.8014306449312277,2682,"{'decomposition': 'legendre', 'n_filters': 12, 'slowest': 0.05503533446959869, 'input_scaling': 0.9095759553753703, 'bias_dist': 'foldnorm', 'bias_scaling': 0.04123764193322552, 'lr': 0.9047782400199377, 'weight_increment': 0.002278223530217896, 'min_window': 11, 'max_window': 59, 'use_full_instance': False, 'max_partners': 20, 'homeostasis': 'mean', 'target': 0.52, 'spread': 0.385, 'learning_rate': 0.001}",ppo,1000,64x64,0.001,,,,,,
RepeatPrevious,filterbank+proj,7,1040,0.0,0.8750000400000001,0.06561672381731962,0.7298647887553473,0.800836309730005,2687,"{'decomposition': 'legendre', 'n_filters': 12, 'slowest': 0.05503533446959869, 'input_scaling': 0.9095759553753703, 'bias_dist': 'foldnorm', 'bias_scaling': 0.04123764193322552, 'lr': 0.9047782400199377, 'weight_increment': 0.002278223530217896, 'min_window': 11, 'max_window': 59, 'use_full_instance': False, 'max_partners': 20, 'homeostasis': 'mean', 'target': 0.52, 'spread': 0.385, 'learning_rate': 0.001}",ppo,1000,64x64,0.001,,,,,,
RepeatPrevious,filterbank+hag,7,1040,3.3701923076923075,-0.49999997999999996,0.03118067421496207,-0.49964559701568545,-0.49938440244523685,3065,"{'decomposition': 'legendre', 'n_filters': 12, 'slowest': 0.05503533446959869, 'input_scaling': 0.9095759553753703, 'bias_dist': 'foldnorm', 'bias_scaling': 0.04123764193322552, 'lr': 0.9047782400199377, 'weight_increment': 0.002278223530217896, 'min_window': 11, 'max_window': 59, 'use_full_instance': False, 'max_partners': 20, 'homeostasis': 'mean', 'target': 0.52, 'spread': 0.385, 'learning_rate': 0.01}",ppo,1000,64x64,0.01,,,,,,
RepeatPrevious,filterbank+proj,9,1040,0.0,0.8608333400000001,0.06801256150377223,0.7207128055102873,0.7960392221090168,2671,"{'decomposition': 'legendre', 'n_filters': 12, 'slowest': 0.05503533446959869, 'input_scaling': 0.9095759553753703, 'bias_dist': 'foldnorm', 'bias_scaling': 0.04123764193322552, 'lr': 0.9047782400199377, 'weight_increment': 0.002278223530217896, 'min_window': 11, 'max_window': 59, 'use_full_instance': False, 'max_partners': 20, 'homeostasis': 'mean', 'target': 0.52, 'spread': 0.385, 'learning_rate': 0.001}",ppo,1000,64x64,0.001,,,,,,
RepeatPrevious,filterbank+proj,3,1040,0.0,-0.5041666,0.037500088889494645,-0.5000275528620901,-0.5013584294447274,2696,"{'decomposition': 'legendre', 'n_filters': 12, 'slowest': 0.05503533446959869, 'input_scaling': 0.9095759553753703, 'bias_dist': 'foldnorm', 'bias_scaling': 0.04123764193322552, 'lr': 0.9047782400199377, 'weight_increment': 0.002278223530217896, 'min_window': 11, 'max_window': 59, 'use_full_instance': False, 'max_partners': 20, 'homeostasis': 'mean', 'target': 0.52, 'spread': 0.385, 'learning_rate': 0.003}",ppo,1000,64x64,0.003,,,,,,
RepeatPrevious,filterbank+proj,1,1040,0.0,-0.49916664,0.032797992148154445,-0.4998599250865757,-0.4995329816607234,2793,"{'decomposition': 'legendre', 'n_filters': 12, 'slowest': 0.05503533446959869, 'input_scaling': 0.9095759553753703, 'bias_dist': 'foldnorm', 'bias_scaling': 0.04123764193322552, 'lr': 0.9047782400199377, 'weight_increment': 0.002278223530217896, 'min_window': 11, 'max_window': 59, 'use_full_instance': False, 'max_partners': 20, 'homeostasis': 'mean', 'target': 0.52, 'spread': 0.385, 'learning_rate': 0.003}",ppo,1000,64x64,0.003,,,,,,
RepeatPrevious,filterbank+hag,5,1040,3.3615384615384616,-0.49416659999999996,0.034369540779591465,-0.5002927894683235,-0.5004244768211921,3227,"{'decomposition': 'legendre', 'n_filters': 12, 'slowest': 0.05503533446959869, 'input_scaling': 0.9095759553753703, 'bias_dist': 'foldnorm', 'bias_scaling': 0.04123764193322552, 'lr': 0.9047782400199377, 'weight_increment': 0.002278223530217896, 'min_window': 11, 'max_window': 59, 'use_full_instance': False, 'max_partners': 20, 'homeostasis': 'mean', 'target': 0.52, 'spread': 0.385, 'learning_rate': 0.01}",ppo,1000,64x64,0.01,,,,,,
RepeatPrevious,filterbank+hag,6,1040,3.208653846153846,-0.50333328,0.03711855361246718,-0.499796251935221,-0.49879006011207333,3218,"{'decomposition': 'legendre', 'n_filters': 12, 'slowest': 0.05503533446959869, 'input_scaling': 0.9095759553753703, 'bias_dist': 'foldnorm', 'bias_scaling': 0.04123764193322552, 'lr': 0.9047782400199377, 'weight_increment': 0.002278223530217896, 'min_window': 11, 'max_window': 59, 'use_full_instance': False, 'max_partners': 20, 'homeostasis': 'mean', 'target': 0.52, 'spread': 0.385, 'learning_rate': 0.01}",ppo,1000,64x64,0.01,,,,,,
RepeatPrevious,filterbank+hag,9,1040,3.3201923076923077,-0.50416666,0.03461111815680621,-0.4997538100427786,-0.500636734080489,3204,"{'decomposition': 'legendre', 'n_filters': 12, 'slowest': 0.05503533446959869, 'input_scaling': 0.9095759553753703, 'bias_dist': 'foldnorm', 'bias_scaling': 0.04123764193322552, 'lr': 0.9047782400199377, 'weight_increment': 0.002278223530217896, 'min_window': 11, 'max_window': 59, 'use_full_instance': False, 'max_partners': 20, 'homeostasis': 'mean', 'target': 0.52, 'spread': 0.385, 'learning_rate': 0.01}",ppo,1000,64x64,0.01,,,,,,
RepeatPrevious,filterbank+hag,8,1040,3.316346153846154,-0.49749994000000003,0.033757883524539865,-0.4997474444897127,-0.4984504513499745,3231,"{'decomposition': 'legendre', 'n_filters': 12, 'slowest': 0.05503533446959869, 'input_scaling': 0.9095759553753703, 'bias_dist': 'foldnorm', 'bias_scaling': 0.04123764193322552, 'lr': 0.9047782400199377, 'weight_increment': 0.002278223530217896, 'min_window': 11, 'max_window': 59, 'use_full_instance': False, 'max_partners': 20, 'homeostasis': 'mean', 'target': 0.52, 'spread': 0.385, 'learning_rate': 0.01}",ppo,1000,64x64,0.01,,,,,,
RepeatPrevious,filterbank+proj,2,1040,0.0,-0.50499996,0.037859526322953384,-0.5003224996435118,-0.4992570458481915,2858,"{'decomposition': 'legendre', 'n_filters': 12, 'slowest': 0.05503533446959869, 'input_scaling': 0.9095759553753703, 'bias_dist': 'foldnorm', 'bias_scaling': 0.04123764193322552, 'lr': 0.9047782400199377, 'weight_increment': 0.002278223530217896, 'min_window': 11, 'max_window': 59, 'use_full_instance': False, 'max_partners': 20, 'homeostasis': 'mean', 'target': 0.52, 'spread': 0.385, 'learning_rate': 0.003}",ppo,1000,64x64,0.003,,,,,,
RepeatPrevious,filterbank+proj,4,1040,0.0,-0.50499994,0.03693094968310996,-0.5003033997759218,-0.5028442567498727,2840,"{'decomposition': 'legendre', 'n_filters': 12, 'slowest': 0.05503533446959869, 'input_scaling': 0.9095759553753703, 'bias_dist': 'foldnorm', 'bias_scaling': 0.04123764193322552, 'lr': 0.9047782400199377, 'weight_increment': 0.002278223530217896, 'min_window': 11, 'max_window': 59, 'use_full_instance': False, 'max_partners': 20, 'homeostasis': 'mean', 'target': 0.52, 'spread': 0.385, 'learning_rate': 0.003}",ppo,1000,64x64,0.003,,,,,,
RepeatPrevious,filterbank+proj,0,1040,0.0,-0.4991666,0.03678972380760693,-0.5000805978305154,-0.4991933657666836,3023,"{'decomposition': 'legendre', 'n_filters': 12, 'slowest': 0.05503533446959869, 'input_scaling': 0.9095759553753703, 'bias_dist': 'foldnorm', 'bias_scaling': 0.04123764193322552, 'lr': 0.9047782400199377, 'weight_increment': 0.002278223530217896, 'min_window': 11, 'max_window': 59, 'use_full_instance': False, 'max_partners': 20, 'homeostasis': 'mean', 'target': 0.52, 'spread': 0.385, 'learning_rate': 0.003}",ppo,1000,64x64,0.003,,,,,,
RepeatPrevious,filterbank+proj,5,1040,0.0,-0.49416659999999996,0.034369540779591465,-0.5004965021898553,-0.5004244768211921,2908,"{'decomposition': 'legendre', 'n_filters': 12, 'slowest': 0.05503533446959869, 'input_scaling': 0.9095759553753703, 'bias_dist': 'foldnorm', 'bias_scaling': 0.04123764193322552, 'lr': 0.9047782400199377, 'weight_increment': 0.002278223530217896, 'min_window': 11, 'max_window': 59, 'use_full_instance': False, 'max_partners': 20, 'homeostasis': 'mean', 'target': 0.52, 'spread': 0.385, 'learning_rate': 0.003}",ppo,1000,64x64,0.003,,,,,,
RepeatPrevious,filterbank+proj,6,1040,0.0,-0.4966666,0.03519803656228569,-0.4995310142085964,-0.5009975853285787,2822,"{'decomposition': 'legendre', 'n_filters': 12, 'slowest': 0.05503533446959869, 'input_scaling': 0.9095759553753703, 'bias_dist': 'foldnorm', 'bias_scaling': 0.04123764193322552, 'lr': 0.9047782400199377, 'weight_increment': 0.002278223530217896, 'min_window': 11, 'max_window': 59, 'use_full_instance': False, 'max_partners': 20, 'homeostasis': 'mean', 'target': 0.52, 'spread': 0.385, 'learning_rate': 0.003}",ppo,1000,64x64,0.003,,,,,,
RepeatPrevious,filterbank+proj,7,1040,0.0,-0.50249996,0.035755880325317124,-0.4996519625178244,-0.50099758430973,2877,"{'decomposition': 'legendre', 'n_filters': 12, 'slowest': 0.05503533446959869, 'input_scaling': 0.9095759553753703, 'bias_dist': 'foldnorm', 'bias_scaling': 0.04123764193322552, 'lr': 0.9047782400199377, 'weight_increment': 0.002278223530217896, 'min_window': 11, 'max_window': 59, 'use_full_instance': False, 'max_partners': 20, 'homeostasis': 'mean', 'target': 0.52, 'spread': 0.385, 'learning_rate': 0.003}",ppo,1000,64x64,0.003,,,,,,
RepeatPrevious,filterbank+esn,1,1008,20.23611111111111,0.97583332,0.050062449001398245,0.7962903741087798,0.8075224696892511,2407,"{'decomposition': 'ema', 'n_filters': 12, 'slowest': 0.0068481211016550025, 'input_scaling': 0.929634188755156, 'bias_dist': 'foldnorm', 'bias_scaling': 0.0004530104948033912, 'lr': 0.9407030287660403, 'sr': 0.9778712320759426, 'rc_connectivity': 0.020075371100608825, 'learning_rate': 0.0003}",ppo,1000,64,0.0003,,,,,,
RepeatPrevious,filterbank+proj,8,1040,0.0,-0.49749994000000003,0.033757883524539865,-0.5001675968629049,-0.4984504513499745,2731,"{'decomposition': 'legendre', 'n_filters': 12, 'slowest': 0.05503533446959869, 'input_scaling': 0.9095759553753703, 'bias_dist': 'foldnorm', 'bias_scaling': 0.04123764193322552, 'lr': 0.9047782400199377, 'weight_increment': 0.002278223530217896, 'min_window': 11, 'max_window': 59, 'use_full_instance': False, 'max_partners': 20, 'homeostasis': 'mean', 'target': 0.52, 'spread': 0.385, 'learning_rate': 0.003}",ppo,1000,64x64,0.003,,,,,,
RepeatPrevious,filterbank+esn,0,1008,20.23611111111111,0.9133333399999999,0.10699158866240092,0.7959190319820738,0.83265406673459,2464,"{'decomposition': 'ema', 'n_filters': 12, 'slowest': 0.0068481211016550025, 'input_scaling': 0.929634188755156, 'bias_dist': 'foldnorm', 'bias_scaling': 0.0004530104948033912, 'lr': 0.9407030287660403, 'sr': 0.9778712320759426, 'rc_connectivity': 0.020075371100608825, 'learning_rate': 0.0003}",ppo,1000,64,0.0003,,,,,,
RepeatPrevious,filterbank+proj,9,1040,0.0,-0.4949999400000001,0.03188541045770621,-0.5006174553880627,-0.4998725955170657,2738,"{'decomposition': 'legendre', 'n_filters': 12, 'slowest': 0.05503533446959869, 'input_scaling': 0.9095759553753703, 'bias_dist': 'foldnorm', 'bias_scaling': 0.04123764193322552, 'lr': 0.9047782400199377, 'weight_increment': 0.002278223530217896, 'min_window': 11, 'max_window': 59, 'use_full_instance': False, 'max_partners': 20, 'homeostasis': 'mean', 'target': 0.52, 'spread': 0.385, 'learning_rate': 0.003}",ppo,1000,64x64,0.003,,,,,,
RepeatPrevious,filterbank+esn,4,1008,20.23611111111111,0.9691666400000001,0.061694822581399814,0.8174844345589732,0.8656180570555272,2418,"{'decomposition': 'ema', 'n_filters': 12, 'slowest': 0.0068481211016550025, 'input_scaling': 0.929634188755156, 'bias_dist': 'foldnorm', 'bias_scaling': 0.0004530104948033912, 'lr': 0.9407030287660403, 'sr': 0.9778712320759426, 'rc_connectivity': 0.020075371100608825, 'learning_rate': 0.0003}",ppo,1000,64,0.0003,,,,,,
RepeatPrevious,filterbank+esn,6,1008,20.23611111111111,0.92999998,0.12484435411975825,0.8011645006111224,0.8441797931737137,2435,"{'decomposition': 'ema', 'n_filters': 12, 'slowest': 0.0068481211016550025, 'input_scaling': 0.929634188755156, 'bias_dist': 'foldnorm', 'bias_scaling': 0.0004530104948033912, 'lr': 0.9407030287660403, 'sr': 0.9778712320759426, 'rc_connectivity': 0.020075371100608825, 'learning_rate': 0.0003}",ppo,1000,64,0.0003,,,,,,
RepeatPrevious,filterbank+esn,5,1008,20.23611111111111,0.91583332,0.12374087162751682,0.808464016296598,0.8523305731023944,2470,"{'decomposition': 'ema', 'n_filters': 12, 'slowest': 0.0068481211016550025, 'input_scaling': 0.929634188755156, 'bias_dist': 'foldnorm', 'bias_scaling': 0.0004530104948033912, 'lr': 0.9407030287660403, 'sr': 0.9778712320759426, 'rc_connectivity': 0.020075371100608825, 'learning_rate': 0.0003}",ppo,1000,64,0.0003,,,,,,
RepeatPrevious,filterbank+esn,8,1008,20.23611111111111,0.9083333400000001,0.18484225436848686,0.8055144981666328,0.8285998991339785,2422,"{'decomposition': 'ema', 'n_filters': 12, 'slowest': 0.0068481211016550025, 'input_scaling': 0.929634188755156, 'bias_dist': 'foldnorm', 'bias_scaling': 0.0004530104948033912, 'lr': 0.9407030287660403, 'sr': 0.9778712320759426, 'rc_connectivity': 0.020075371100608825, 'learning_rate': 0.0003}",ppo,1000,64,0.0003,,,,,,
RepeatPrevious,filterbank+esn,7,1008,20.23611111111111,0.9708332600000001,0.03930826390407493,0.8120076769708698,0.8675496372898625,2467,"{'decomposition': 'ema', 'n_filters': 12, 'slowest': 0.0068481211016550025, 'input_scaling': 0.929634188755156, 'bias_dist': 'foldnorm', 'bias_scaling': 0.0004530104948033912, 'lr': 0.9407030287660403, 'sr': 0.9778712320759426, 'rc_connectivity': 0.020075371100608825, 'learning_rate': 0.0003}",ppo,1000,64,0.0003,,,,,,
RepeatPrevious,filterbank+esn,1,1008,20.23611111111111,0.8816666400000002,0.10353467384866964,0.737491066816052,0.7857870326031584,2423,"{'decomposition': 'ema', 'n_filters': 12, 'slowest': 0.0068481211016550025, 'input_scaling': 0.929634188755156, 'bias_dist': 'foldnorm', 'bias_scaling': 0.0004530104948033912, 'lr': 0.9407030287660403, 'sr': 0.9778712320759426, 'rc_connectivity': 0.020075371100608825, 'learning_rate': 0.001}",ppo,1000,64,0.001,,,,,,
RepeatPrevious,filterbank+esn,0,1008,20.23611111111111,0.9225000400000001,0.08207797498621905,0.7335590909044613,0.8057607244014264,2438,"{'decomposition': 'ema', 'n_filters': 12, 'slowest': 0.0068481211016550025, 'input_scaling': 0.929634188755156, 'bias_dist': 'foldnorm', 'bias_scaling': 0.0004530104948033912, 'lr': 0.9407030287660403, 'sr': 0.9778712320759426, 'rc_connectivity': 0.020075371100608825, 'learning_rate': 0.001}",ppo,1000,64,0.001,,,,,,
RepeatPrevious,filterbank+esn,3,1008,20.23611111111111,0.88999998,0.16827553971596584,0.7948219814626196,0.8363049424350484,2526,"{'decomposition': 'ema', 'n_filters': 12, 'slowest': 0.0068481211016550025, 'input_scaling': 0.929634188755156, 'bias_dist': 'foldnorm', 'bias_scaling': 0.0004530104948033912, 'lr': 0.9407030287660403, 'sr': 0.9778712320759426, 'rc_connectivity': 0.020075371100608825, 'learning_rate': 0.0003}",ppo,1000,64,0.0003,,,,,,
RepeatPrevious,filterbank+esn,9,1008,20.23611111111111,0.89999998,0.14883810518674173,0.8149614353738032,0.8507386352521651,2470,"{'decomposition': 'ema', 'n_filters': 12, 'slowest': 0.0068481211016550025, 'input_scaling': 0.929634188755156, 'bias_dist': 'foldnorm', 'bias_scaling': 0.0004530104948033912, 'lr': 0.9407030287660403, 'sr': 0.9778712320759426, 'rc_connectivity': 0.020075371100608825, 'learning_rate': 0.0003}",ppo,1000,64,0.0003,,,,,,
RepeatPrevious,filterbank+esn,2,1008,20.23611111111111,0.9749998999999999,0.04249191426389261,0.8215352484721938,0.841441640855833,2613,"{'decomposition': 'ema', 'n_filters': 12, 'slowest': 0.0068481211016550025, 'input_scaling': 0.929634188755156, 'bias_dist': 'foldnorm', 'bias_scaling': 0.0004530104948033912, 'lr': 0.9407030287660403, 'sr': 0.9778712320759426, 'rc_connectivity': 0.020075371100608825, 'learning_rate': 0.0003}",ppo,1000,64,0.0003,,,,,,
RepeatPrevious,filterbank+esn,2,1008,20.23611111111111,0.9725,0.05375479823569241,0.7591455931961703,0.8179232236372899,2413,"{'decomposition': 'ema', 'n_filters': 12, 'slowest': 0.0068481211016550025, 'input_scaling': 0.929634188755156, 'bias_dist': 'foldnorm', 'bias_scaling': 0.0004530104948033912, 'lr': 0.9407030287660403, 'sr': 0.9778712320759426, 'rc_connectivity': 0.020075371100608825, 'learning_rate': 0.001}",ppo,1000,64,0.001,,,,,,
RepeatPrevious,filterbank+esn,4,1008,20.23611111111111,0.8708332599999999,0.22083328037746575,0.7584156422387452,0.8287060300560367,2395,"{'decomposition': 'ema', 'n_filters': 12, 'slowest': 0.0068481211016550025, 'input_scaling': 0.929634188755156, 'bias_dist': 'foldnorm', 'bias_scaling': 0.0004530104948033912, 'lr': 0.9407030287660403, 'sr': 0.9778712320759426, 'rc_connectivity': 0.020075371100608825, 'learning_rate': 0.001}",ppo,1000,64,0.001,,,,,,
RepeatPrevious,filterbank+esn,5,1008,20.23611111111111,0.87999998,0.19713927304781156,0.7574819828376451,0.8523305843097301,2440,"{'decomposition': 'ema', 'n_filters': 12, 'slowest': 0.0068481211016550025, 'input_scaling': 0.929634188755156, 'bias_dist': 'foldnorm', 'bias_scaling': 0.0004530104948033912, 'lr': 0.9407030287660403, 'sr': 0.9778712320759426, 'rc_connectivity': 0.020075371100608825, 'learning_rate': 0.001}",ppo,1000,64,0.001,,,,,,
RepeatPrevious,filterbank+esn,3,1008,20.23611111111111,0.9308333200000001,0.07800013774947837,0.76619684564066,0.7979070789607743,2498,"{'decomposition': 'ema', 'n_filters': 12, 'slowest': 0.0068481211016550025, 'input_scaling': 0.929634188755156, 'bias_dist': 'foldnorm', 'bias_scaling': 0.0004530104948033912, 'lr': 0.9407030287660403, 'sr': 0.9778712320759426, 'rc_connectivity': 0.020075371100608825, 'learning_rate': 0.001}",ppo,1000,64,0.001,,,,,,
RepeatPrevious,filterbank+esn,6,1008,20.23611111111111,0.82083332,0.12423370539277012,0.732438697850886,0.7804380759042281,2501,"{'decomposition': 'ema', 'n_filters': 12, 'slowest': 0.0068481211016550025, 'input_scaling': 0.929634188755156, 'bias_dist': 'foldnorm', 'bias_scaling': 0.0004530104948033912, 'lr': 0.9407030287660403, 'sr': 0.9778712320759426, 'rc_connectivity': 0.020075371100608825, 'learning_rate': 0.001}",ppo,1000,64,0.001,,,,,,
RepeatPrevious,filterbank+proj,0,1040,0.0,-0.5058333,0.03633383562424975,-0.5005304478508861,-0.5003820264900662,3071,"{'decomposition': 'legendre', 'n_filters': 12, 'slowest': 0.05503533446959869, 'input_scaling': 0.9095759553753703, 'bias_dist': 'foldnorm', 'bias_scaling': 0.04123764193322552, 'lr': 0.9047782400199377, 'weight_increment': 0.002278223530217896, 'min_window': 11, 'max_window': 59, 'use_full_instance': False, 'max_partners': 20, 'homeostasis': 'mean', 'target': 0.52, 'spread': 0.385, 'learning_rate': 0.01}",ppo,1000,64x64,0.01,,,,,,
RepeatPrevious,filterbank+esn,7,1008,20.23611111111111,0.85916666,0.23346567392236572,0.7463693172234671,0.8155883530310749,2526,"{'decomposition': 'ema', 'n_filters': 12, 'slowest': 0.0068481211016550025, 'input_scaling': 0.929634188755156, 'bias_dist': 'foldnorm', 'bias_scaling': 0.0004530104948033912, 'lr': 0.9407030287660403, 'sr': 0.9778712320759426, 'rc_connectivity': 0.020075371100608825, 'learning_rate': 0.001}",ppo,1000,64,0.001,,,,,,
RepeatPrevious,filterbank+esn,8,1008,20.23611111111111,0.8199999800000001,0.17784201328409324,0.717408907058464,0.7616955129903208,2504,"{'decomposition': 'ema', 'n_filters': 12, 'slowest': 0.0068481211016550025, 'input_scaling': 0.929634188755156, 'bias_dist': 'foldnorm', 'bias_scaling': 0.0004530104948033912, 'lr': 0.9407030287660403, 'sr': 0.9778712320759426, 'rc_connectivity': 0.020075371100608825, 'learning_rate': 0.001}",ppo,1000,64,0.001,,,,,,
RepeatPrevious,filterbank+proj,1,1040,0.0,-0.5008332600000001,0.03772169446608146,-0.5002354998981463,-0.5010824910850739,3110,"{'decomposition': 'legendre', 'n_filters': 12, 'slowest': 0.05503533446959869, 'input_scaling': 0.9095759553753703, 'bias_dist': 'foldnorm', 'bias_scaling': 0.04123764193322552, 'lr': 0.9047782400199377, 'weight_increment': 0.002278223530217896, 'min_window': 11, 'max_window': 59, 'use_full_instance': False, 'max_partners': 20, 'homeostasis': 'mean', 'target': 0.52, 'spread': 0.385, 'learning_rate': 0.01}",ppo,1000,64x64,0.01,,,,,,
RepeatPrevious,filterbank+proj,2,1040,0.0,-0.50499996,0.037859526322953384,-0.4996604451008351,-0.4992570458481915,3138,"{'decomposition': 'legendre', 'n_filters': 12, 'slowest': 0.05503533446959869, 'input_scaling': 0.9095759553753703, 'bias_dist': 'foldnorm', 'bias_scaling': 0.04123764193322552, 'lr': 0.9047782400199377, 'weight_increment': 0.002278223530217896, 'min_window': 11, 'max_window': 59, 'use_full_instance': False, 'max_partners': 20, 'homeostasis': 'mean', 'target': 0.52, 'spread': 0.385, 'learning_rate': 0.01}",ppo,1000,64x64,0.01,,,,,,
RepeatPrevious,filterbank+proj,3,1040,0.0,-0.49749997999999995,0.0316340078968758,-0.5000593733448767,-0.499915050942435,3119,"{'decomposition': 'legendre', 'n_filters': 12, 'slowest': 0.05503533446959869, 'input_scaling': 0.9095759553753703, 'bias_dist': 'foldnorm', 'bias_scaling': 0.04123764193322552, 'lr': 0.9047782400199377, 'weight_increment': 0.002278223530217896, 'min_window': 11, 'max_window': 59, 'use_full_instance': False, 'max_partners': 20, 'homeostasis': 'mean', 'target': 0.52, 'spread': 0.385, 'learning_rate': 0.01}",ppo,1000,64x64,0.01,,,,,,
RepeatPrevious,filterbank+esn,9,1008,20.23611111111111,0.97499996,0.03818812642744338,0.7599561814524343,0.8387247177789099,2538,"{'decomposition': 'ema', 'n_filters': 12, 'slowest': 0.0068481211016550025, 'input_scaling': 0.929634188755156, 'bias_dist': 'foldnorm', 'bias_scaling': 0.0004530104948033912, 'lr': 0.9407030287660403, 'sr': 0.9778712320759426, 'rc_connectivity': 0.020075371100608825, 'learning_rate': 0.001}",ppo,1000,64,0.001,,,,,,
RepeatPrevious,filterbank+proj,7,1040,0.0,-0.50249996,0.035755880325317124,-0.49976017691994296,-0.50099758430973,3112,"{'decomposition': 'legendre', 'n_filters': 12, 'slowest': 0.05503533446959869, 'input_scaling': 0.9095759553753703, 'bias_dist': 'foldnorm', 'bias_scaling': 0.04123764193322552, 'lr': 0.9047782400199377, 'weight_increment': 0.002278223530217896, 'min_window': 11, 'max_window': 59, 'use_full_instance': False, 'max_partners': 20, 'homeostasis': 'mean', 'target': 0.52, 'spread': 0.385, 'learning_rate': 0.01}",ppo,1000,64x64,0.01,,,,,,
RepeatPrevious,filterbank+proj,4,1040,0.0,-0.50499994,0.03693094968310996,-0.5001654709716846,-0.5028442567498727,3151,"{'decomposition': 'legendre', 'n_filters': 12, 'slowest': 0.05503533446959869, 'input_scaling': 0.9095759553753703, 'bias_dist': 'foldnorm', 'bias_scaling': 0.04123764193322552, 'lr': 0.9047782400199377, 'weight_increment': 0.002278223530217896, 'min_window': 11, 'max_window': 59, 'use_full_instance': False, 'max_partners': 20, 'homeostasis': 'mean', 'target': 0.52, 'spread': 0.385, 'learning_rate': 0.01}",ppo,1000,64x64,0.01,,,,,,
RepeatPrevious,filterbank+proj,5,1040,0.0,-0.49416659999999996,0.034369540779591465,-0.5003055231717254,-0.5004244768211921,3147,"{'decomposition': 'legendre', 'n_filters': 12, 'slowest': 0.05503533446959869, 'input_scaling': 0.9095759553753703, 'bias_dist': 'foldnorm', 'bias_scaling': 0.04123764193322552, 'lr': 0.9047782400199377, 'weight_increment': 0.002278223530217896, 'min_window': 11, 'max_window': 59, 'use_full_instance': False, 'max_partners': 20, 'homeostasis': 'mean', 'target': 0.52, 'spread': 0.385, 'learning_rate': 0.01}",ppo,1000,64x64,0.01,,,,,,
RepeatPrevious,filterbank+proj,8,1040,0.0,-0.49749994000000003,0.033757883524539865,-0.49992569148502747,-0.4984504513499745,3157,"{'decomposition': 'legendre', 'n_filters': 12, 'slowest': 0.05503533446959869, 'input_scaling': 0.9095759553753703, 'bias_dist': 'foldnorm', 'bias_scaling': 0.04123764193322552, 'lr': 0.9047782400199377, 'weight_increment': 0.002278223530217896, 'min_window': 11, 'max_window': 59, 'use_full_instance': False, 'max_partners': 20, 'homeostasis': 'mean', 'target': 0.52, 'spread': 0.385, 'learning_rate': 0.01}",ppo,1000,64x64,0.01,,,,,,
RepeatPrevious,filterbank+proj,6,1040,0.0,-0.50333328,0.03711855361246718,-0.49992569438785905,-0.49879006011207333,3227,"{'decomposition': 'legendre', 'n_filters': 12, 'slowest': 0.05503533446959869, 'input_scaling': 0.9095759553753703, 'bias_dist': 'foldnorm', 'bias_scaling': 0.04123764193322552, 'lr': 0.9047782400199377, 'weight_increment': 0.002278223530217896, 'min_window': 11, 'max_window': 59, 'use_full_instance': False, 'max_partners': 20, 'homeostasis': 'mean', 'target': 0.52, 'spread': 0.385, 'learning_rate': 0.01}",ppo,1000,64x64,0.01,,,,,,
RepeatPrevious,filterbank+esn,0,1008,20.23611111111111,1.0,0.0,0.923790046699939,0.9982594605196129,2587,"{'decomposition': 'ema', 'n_filters': 12, 'slowest': 0.0068481211016550025, 'input_scaling': 0.929634188755156, 'bias_dist': 'foldnorm', 'bias_scaling': 0.0004530104948033912, 'lr': 0.9407030287660403, 'sr': 0.9778712320759426, 'rc_connectivity': 0.020075371100608825, 'learning_rate': 0.003}",ppo,1000,64,0.003,,,,,,
RepeatPrevious,filterbank+esn,1,1008,20.23611111111111,4.000000000045634e-08,0.038188174435529125,0.6308502135363617,0.0005094294447274581,2574,"{'decomposition': 'ema', 'n_filters': 12, 'slowest': 0.0068481211016550025, 'input_scaling': 0.929634188755156, 'bias_dist': 'foldnorm', 'bias_scaling': 0.0004530104948033912, 'lr': 0.9407030287660403, 'sr': 0.9778712320759426, 'rc_connectivity': 0.020075371100608825, 'learning_rate': 0.003}",ppo,1000,64,0.003,,,,,,
RepeatPrevious,filterbank+proj,9,1040,0.0,-0.50416666,0.03461111815680621,-0.4995989083825626,-0.500636734080489,3237,"{'decomposition': 'legendre', 'n_filters': 12, 'slowest': 0.05503533446959869, 'input_scaling': 0.9095759553753703, 'bias_dist': 'foldnorm', 'bias_scaling': 0.04123764193322552, 'lr': 0.9047782400199377, 'weight_increment': 0.002278223530217896, 'min_window': 11, 'max_window': 59, 'use_full_instance': False, 'max_partners': 20, 'homeostasis': 'mean', 'target': 0.52, 'spread': 0.385, 'learning_rate': 0.01}",ppo,1000,64x64,0.01,,,,,,
RepeatPrevious,filterbank+esn,2,1008,20.23611111111111,0.49916664000000005,0.03384012181583276,0.45917996002240785,0.4987051691288843,2620,"{'decomposition': 'ema', 'n_filters': 12, 'slowest': 0.0068481211016550025, 'input_scaling': 0.929634188755156, 'bias_dist': 'foldnorm', 'bias_scaling': 0.0004530104948033912, 'lr': 0.9407030287660403, 'sr': 0.9778712320759426, 'rc_connectivity': 0.020075371100608825, 'learning_rate': 0.003}",ppo,1000,64,0.003,,,,,,
RepeatPrevious,filterbank+esn,3,1008,20.23611111111111,1.0,0.0,0.7475936867997556,0.997601446255731,2579,"{'decomposition': 'ema', 'n_filters': 12, 'slowest': 0.0068481211016550025, 'input_scaling': 0.929634188755156, 'bias_dist': 'foldnorm', 'bias_scaling': 0.0004530104948033912, 'lr': 0.9407030287660403, 'sr': 0.9778712320759426, 'rc_connectivity': 0.020075371100608825, 'learning_rate': 0.003}",ppo,1000,64,0.003,,,,,,
RepeatPrevious,filterbank+esn,5,1008,20.23611111111111,1.0,0.0,0.7807216130576491,0.996667507386653,2520,"{'decomposition': 'ema', 'n_filters': 12, 'slowest': 0.0068481211016550025, 'input_scaling': 0.929634188755156, 'bias_dist': 'foldnorm', 'bias_scaling': 0.0004530104948033912, 'lr': 0.9407030287660403, 'sr': 0.9778712320759426, 'rc_connectivity': 0.020075371100608825, 'learning_rate': 0.003}",ppo,1000,64,0.003,,,,,,
RepeatPrevious,filterbank+esn,4,1008,20.23611111111111,1.0,0.0,0.7718094140863718,0.998896239938869,2568,"{'decomposition': 'ema', 'n_filters': 12, 'slowest': 0.0068481211016550025, 'input_scaling': 0.929634188755156, 'bias_dist': 'foldnorm', 'bias_scaling': 0.0004530104948033912, 'lr': 0.9407030287660403, 'sr': 0.9778712320759426, 'rc_connectivity': 0.020075371100608825, 'learning_rate': 0.003}",ppo,1000,64,0.003,,,,,,
RepeatPrevious,filterbank+esn,7,1008,20.23611111111111,-0.49999997999999996,0.03118067421496207,-0.4998450664086372,-0.49938440244523685,2566,"{'decomposition': 'ema', 'n_filters': 12, 'slowest': 0.0068481211016550025, 'input_scaling': 0.929634188755156, 'bias_dist': 'foldnorm', 'bias_scaling': 0.0004530104948033912, 'lr': 0.9407030287660403, 'sr': 0.9778712320759426, 'rc_connectivity': 0.020075371100608825, 'learning_rate': 0.003}",ppo,1000,64,0.003,,,,,,
RepeatPrevious,filterbank+esn,6,1008,20.23611111111111,-0.50333328,0.03711855361246718,-0.49933368308209414,-0.49879006011207333,2622,"{'decomposition': 'ema', 'n_filters': 12, 'slowest': 0.0068481211016550025, 'input_scaling': 0.929634188755156, 'bias_dist': 'foldnorm', 'bias_scaling': 0.0004530104948033912, 'lr': 0.9407030287660403, 'sr': 0.9778712320759426, 'rc_connectivity': 0.020075371100608825, 'learning_rate': 0.003}",ppo,1000,64,0.003,,,,,,
RepeatPrevious,filterbank+esn,9,1008,20.23611111111111,0.009166700000000002,0.04021651056829769,0.8124320809737217,0.28126591288843605,2557,"{'decomposition': 'ema', 'n_filters': 12, 'slowest': 0.0068481211016550025, 'input_scaling': 0.929634188755156, 'bias_dist': 'foldnorm', 'bias_scaling': 0.0004530104948033912, 'lr': 0.9407030287660403, 'sr': 0.9778712320759426, 'rc_connectivity': 0.020075371100608825, 'learning_rate': 0.003}",ppo,1000,64,0.003,,,,,,
RepeatPrevious,filterbank+esn,8,1008,20.23611111111111,0.39249996000000004,0.16479996548020998,0.24326914096557345,0.31811426693835965,2639,"{'decomposition': 'ema', 'n_filters': 12, 'slowest': 0.0068481211016550025, 'input_scaling': 0.929634188755156, 'bias_dist': 'foldnorm', 'bias_scaling': 0.0004530104948033912, 'lr': 0.9407030287660403, 'sr': 0.9778712320759426, 'rc_connectivity': 0.020075371100608825, 'learning_rate': 0.003}",ppo,1000,64,0.003,,,,,,
RepeatPrevious,filterbank+esn,1,1008,20.23611111111111,-0.50333328,0.036171003120201134,-0.4996498350987981,-0.5001697697401936,2688,"{'decomposition': 'ema', 'n_filters': 12, 'slowest': 0.0068481211016550025, 'input_scaling': 0.929634188755156, 'bias_dist': 'foldnorm', 'bias_scaling': 0.0004530104948033912, 'lr': 0.9407030287660403, 'sr': 0.9778712320759426, 'rc_connectivity': 0.020075371100608825, 'learning_rate': 0.01}",ppo,1000,64,0.01,,,,,,
RepeatPrevious,filterbank+esn,3,1008,20.23611111111111,-0.5016666399999999,0.03531622353126677,-0.49976654237115503,-0.4988537432501274,2681,"{'decomposition': 'ema', 'n_filters': 12, 'slowest': 0.0068481211016550025, 'input_scaling': 0.929634188755156, 'bias_dist': 'foldnorm', 'bias_scaling': 0.0004530104948033912, 'lr': 0.9407030287660403, 'sr': 0.9778712320759426, 'rc_connectivity': 0.020075371100608825, 'learning_rate': 0.01}",ppo,1000,64,0.01,,,,,,
RepeatPrevious,filterbank+esn,0,1008,20.23611111111111,-0.5058333,0.03633383562424975,-0.3323657063047464,-0.5003820264900662,2727,"{'decomposition': 'ema', 'n_filters': 12, 'slowest': 0.0068481211016550025, 'input_scaling': 0.929634188755156, 'bias_dist': 'foldnorm', 'bias_scaling': 0.0004530104948033912, 'lr': 0.9407030287660403, 'sr': 0.9778712320759426, 'rc_connectivity': 0.020075371100608825, 'learning_rate': 0.01}",ppo,1000,64,0.01,,,,,,
RepeatPrevious,filterbank+esn,7,1008,20.23611111111111,-0.50249996,0.035755880325317124,-0.4999681272153188,-0.50099758430973,2640,"{'decomposition': 'ema', 'n_filters': 12, 'slowest': 0.0068481211016550025, 'input_scaling': 0.929634188755156, 'bias_dist': 'foldnorm', 'bias_scaling': 0.0004530104948033912, 'lr': 0.9407030287660403, 'sr': 0.9778712320759426, 'rc_connectivity': 0.020075371100608825, 'learning_rate': 0.01}",ppo,1000,64,0.01,,,,,,
RepeatPrevious,filterbank+esn,4,1008,20.23611111111111,-0.49833326,0.037230674033012084,-0.4998599084844164,-0.4985990269994906,2702,"{'decomposition': 'ema', 'n_filters': 12, 'slowest': 0.0068481211016550025, 'input_scaling': 0.929634188755156, 'bias_dist': 'foldnorm', 'bias_scaling': 0.0004530104948033912, 'lr': 0.9407030287660403, 'sr': 0.9778712320759426, 'rc_connectivity': 0.020075371100608825, 'learning_rate': 0.01}",ppo,1000,64,0.01,,,,,,
RepeatPrevious,filterbank+esn,8,1008,20.23611111111111,-0.50333332,0.033166416750345526,-0.5003670577510695,-0.5011037096281202,2656,"{'decomposition': 'ema', 'n_filters': 12, 'slowest': 0.0068481211016550025, 'input_scaling': 0.929634188755156, 'bias_dist': 'foldnorm', 'bias_scaling': 0.0004530104948033912, 'lr': 0.9407030287660403, 'sr': 0.9778712320759426, 'rc_connectivity': 0.020075371100608825, 'learning_rate': 0.01}",ppo,1000,64,0.01,,,,,,
RepeatPrevious,filterbank+esn,6,1008,20.23611111111111,-0.50249996,0.03575588032531713,-0.29912956131595025,-0.5009339072847682,2728,"{'decomposition': 'ema', 'n_filters': 12, 'slowest': 0.0068481211016550025, 'input_scaling': 0.929634188755156, 'bias_dist': 'foldnorm', 'bias_scaling': 0.0004530104948033912, 'lr': 0.9407030287660403, 'sr': 0.9778712320759426, 'rc_connectivity': 0.020075371100608825, 'learning_rate': 0.01}",ppo,1000,64,0.01,,,,,,
RepeatPrevious,filterbank+esn,2,1008,20.23611111111111,-0.49916664000000005,0.03384012181583276,-0.4995522258097372,-0.49915091543555784,2819,"{'decomposition': 'ema', 'n_filters': 12, 'slowest': 0.0068481211016550025, 'input_scaling': 0.929634188755156, 'bias_dist': 'foldnorm', 'bias_scaling': 0.0004530104948033912, 'lr': 0.9407030287660403, 'sr': 0.9778712320759426, 'rc_connectivity': 0.020075371100608825, 'learning_rate': 0.01}",ppo,1000,64,0.01,,,,,,
RepeatPrevious,filterbank+hag,0,1040,3.1721153846153847,0.9633331800000002,0.03295618943791287,0.8580901361784476,0.952305083036169,2694,"{'decomposition': 'legendre', 'n_filters': 12, 'slowest': 0.05503533446959869, 'input_scaling': 0.9095759553753703, 'bias_dist': 'foldnorm', 'bias_scaling': 0.04123764193322552, 'lr': 0.9047782400199377, 'weight_increment': 0.002278223530217896, 'min_window': 11, 'max_window': 59, 'use_full_instance': False, 'max_partners': 20, 'homeostasis': 'mean', 'target': 0.52, 'spread': 0.385, 'learning_rate': 0.0003}",ppo,1000,64,0.0003,,,,,,
RepeatPrevious,filterbank+esn,5,1008,20.23611111111111,-0.49416659999999996,0.034369540779591465,-0.5002927907414952,-0.5004244768211921,2856,"{'decomposition': 'ema', 'n_filters': 12, 'slowest': 0.0068481211016550025, 'input_scaling': 0.929634188755156, 'bias_dist': 'foldnorm', 'bias_scaling': 0.0004530104948033912, 'lr': 0.9407030287660403, 'sr': 0.9778712320759426, 'rc_connectivity': 0.020075371100608825, 'learning_rate': 0.01}",ppo,1000,64,0.01,,,,,,
RepeatPrevious,filterbank+hag,1,1040,3.225,0.96083322,0.03477102896969832,0.8563225514870645,0.9496943031074886,2670,"{'decomposition': 'legendre', 'n_filters': 12, 'slowest': 0.05503533446959869, 'input_scaling': 0.9095759553753703, 'bias_dist': 'foldnorm', 'bias_scaling': 0.04123764193322552, 'lr': 0.9047782400199377, 'weight_increment': 0.002278223530217896, 'min_window': 11, 'max_window': 59, 'use_full_instance': False, 'max_partners': 20, 'homeostasis': 'mean', 'target': 0.52, 'spread': 0.385, 'learning_rate': 0.0003}",ppo,1000,64,0.0003,,,,,,
RepeatPrevious,filterbank+esn,9,1008,20.23611111111111,-0.4949999400000001,0.03188541045770621,-0.5006556436137707,-0.4998725955170657,2781,"{'decomposition': 'ema', 'n_filters': 12, 'slowest': 0.0068481211016550025, 'input_scaling': 0.929634188755156, 'bias_dist': 'foldnorm', 'bias_scaling': 0.0004530104948033912, 'lr': 0.9407030287660403, 'sr': 0.9778712320759426, 'rc_connectivity': 0.020075371100608825, 'learning_rate': 0.01}",ppo,1000,64,0.01,,,,,,
RepeatPrevious,filterbank+hag,2,1040,3.0701923076923077,0.96249988,0.030333734430590637,0.8353321969851293,0.9294871538461538,2676,"{'decomposition': 'legendre', 'n_filters': 12, 'slowest': 0.05503533446959869, 'input_scaling': 0.9095759553753703, 'bias_dist': 'foldnorm', 'bias_scaling': 0.04123764193322552, 'lr': 0.9047782400199377, 'weight_increment': 0.002278223530217896, 'min_window': 11, 'max_window': 59, 'use_full_instance': False, 'max_partners': 20, 'homeostasis': 'mean', 'target': 0.52, 'spread': 0.385, 'learning_rate': 0.0003}",ppo,1000,64,0.0003,,,,,,
RepeatPrevious,filterbank+hag,3,1040,3.141346153846154,0.9608332199999999,0.030516316401748095,0.8504680813302098,0.9470834875191034,2680,"{'decomposition': 'legendre', 'n_filters': 12, 'slowest': 0.05503533446959869, 'input_scaling': 0.9095759553753703, 'bias_dist': 'foldnorm', 'bias_scaling': 0.04123764193322552, 'lr': 0.9047782400199377, 'weight_increment': 0.002278223530217896, 'min_window': 11, 'max_window': 59, 'use_full_instance': False, 'max_partners': 20, 'homeostasis': 'mean', 'target': 0.52, 'spread': 0.385, 'learning_rate': 0.0003}",ppo,1000,64,0.0003,,,,,,
RepeatPrevious,filterbank+hag,5,1040,3.3615384615384616,0.9733332599999999,0.029767590132095005,0.8539183747199022,0.9553616260825267,2697,"{'decomposition': 'legendre', 'n_filters': 12, 'slowest': 0.05503533446959869, 'input_scaling': 0.9095759553753703, 'bias_dist': 'foldnorm', 'bias_scaling': 0.04123764193322552, 'lr': 0.9047782400199377, 'weight_increment': 0.002278223530217896, 'min_window': 11, 'max_window': 59, 'use_full_instance': False, 'max_partners': 20, 'homeostasis': 'mean', 'target': 0.52, 'spread': 0.385, 'learning_rate': 0.0003}",ppo,1000,64,0.0003,,,,,,
RepeatPrevious,filterbank+hag,8,1040,3.316346153846154,0.9791665999999999,0.03254272405500191,0.8434677658891832,0.934263001528273,2639,"{'decomposition': 'legendre', 'n_filters': 12, 'slowest': 0.05503533446959869, 'input_scaling': 0.9095759553753703, 'bias_dist': 'foldnorm', 'bias_scaling': 0.04123764193322552, 'lr': 0.9047782400199377, 'weight_increment': 0.002278223530217896, 'min_window': 11, 'max_window': 59, 'use_full_instance': False, 'max_partners': 20, 'homeostasis': 'mean', 'target': 0.52, 'spread': 0.385, 'learning_rate': 0.0003}",ppo,1000,64,0.0003,,,,,,
RepeatPrevious,filterbank+hag,4,1040,3.064423076923077,0.9774999,0.026627605767886833,0.8446114969443879,0.9457250259806419,2766,"{'decomposition': 'legendre', 'n_filters': 12, 'slowest': 0.05503533446959869, 'input_scaling': 0.9095759553753703, 'bias_dist': 'foldnorm', 'bias_scaling': 0.04123764193322552, 'lr': 0.9047782400199377, 'weight_increment': 0.002278223530217896, 'min_window': 11, 'max_window': 59, 'use_full_instance': False, 'max_partners': 20, 'homeostasis': 'mean', 'target': 0.52, 'spread': 0.385, 'learning_rate': 0.0003}",ppo,1000,64,0.0003,,,,,,
RepeatPrevious,filterbank+hag,6,1040,3.208653846153846,0.9724999399999998,0.03292454386831198,0.8412566900081482,0.9441542944472745,2730,"{'decomposition': 'legendre', 'n_filters': 12, 'slowest': 0.05503533446959869, 'input_scaling': 0.9095759553753703, 'bias_dist': 'foldnorm', 'bias_scaling': 0.04123764193322552, 'lr': 0.9047782400199377, 'weight_increment': 0.002278223530217896, 'min_window': 11, 'max_window': 59, 'use_full_instance': False, 'max_partners': 20, 'homeostasis': 'mean', 'target': 0.52, 'spread': 0.385, 'learning_rate': 0.0003}",ppo,1000,64,0.0003,,,,,,
RepeatPrevious,filterbank+hag,0,1040,3.1721153846153847,0.97499994,0.03227484056314454,0.8608677667040129,0.9504584223127865,2675,"{'decomposition': 'legendre', 'n_filters': 12, 'slowest': 0.05503533446959869, 'input_scaling': 0.9095759553753703, 'bias_dist': 'foldnorm', 'bias_scaling': 0.04123764193322552, 'lr': 0.9047782400199377, 'weight_increment': 0.002278223530217896, 'min_window': 11, 'max_window': 59, 'use_full_instance': False, 'max_partners': 20, 'homeostasis': 'mean', 'target': 0.52, 'spread': 0.385, 'learning_rate': 0.001}",ppo,1000,64,0.001,,,,,,
RepeatPrevious,filterbank+hag,7,1040,3.3701923076923075,0.9933332800000001,0.015275374518538002,0.8645663303116724,0.9558922771268467,2729,"{'decomposition': 'legendre', 'n_filters': 12, 'slowest': 0.05503533446959869, 'input_scaling': 0.9095759553753703, 'bias_dist': 'foldnorm', 'bias_scaling': 0.04123764193322552, 'lr': 0.9047782400199377, 'weight_increment': 0.002278223530217896, 'min_window': 11, 'max_window': 59, 'use_full_instance': False, 'max_partners': 20, 'homeostasis': 'mean', 'target': 0.52, 'spread': 0.385, 'learning_rate': 0.0003}",ppo,1000,64,0.0003,,,,,,
RepeatPrevious,filterbank+hag,1,1040,3.225,0.9966666399999999,0.011303973736275223,0.8764004554389896,0.9671632796739684,2688,"{'decomposition': 'legendre', 'n_filters': 12, 'slowest': 0.05503533446959869, 'input_scaling': 0.9095759553753703, 'bias_dist': 'foldnorm', 'bias_scaling': 0.04123764193322552, 'lr': 0.9047782400199377, 'weight_increment': 0.002278223530217896, 'min_window': 11, 'max_window': 59, 'use_full_instance': False, 'max_partners': 20, 'homeostasis': 'mean', 'target': 0.52, 'spread': 0.385, 'learning_rate': 0.001}",ppo,1000,64,0.001,,,,,,
RepeatPrevious,filterbank+hag,2,1040,3.0701923076923077,0.96499994,0.03370617681696338,0.842519245722143,0.9592247651553744,2690,"{'decomposition': 'legendre', 'n_filters': 12, 'slowest': 0.05503533446959869, 'input_scaling': 0.9095759553753703, 'bias_dist': 'foldnorm', 'bias_scaling': 0.04123764193322552, 'lr': 0.9047782400199377, 'weight_increment': 0.002278223530217896, 'min_window': 11, 'max_window': 59, 'use_full_instance': False, 'max_partners': 20, 'homeostasis': 'mean', 'target': 0.52, 'spread': 0.385, 'learning_rate': 0.001}",ppo,1000,64,0.001,,,,,,
RepeatPrevious,filterbank+hag,3,1040,3.141346153846154,0.9608332800000001,0.045192467907844994,0.8711953033713585,0.9699226597045337,2734,"{'decomposition': 'legendre', 'n_filters': 12, 'slowest': 0.05503533446959869, 'input_scaling': 0.9095759553753703, 'bias_dist': 'foldnorm', 'bias_scaling': 0.04123764193322552, 'lr': 0.9047782400199377, 'weight_increment': 0.002278223530217896, 'min_window': 11, 'max_window': 59, 'use_full_instance': False, 'max_partners': 20, 'homeostasis': 'mean', 'target': 0.52, 'spread': 0.385, 'learning_rate': 0.001}",ppo,1000,64,0.001,,,,,,
RepeatPrevious,filterbank+hag,6,1040,3.208653846153846,0.99583332,0.015023145106721163,0.8562015947749032,0.9588851411105449,2650,"{'decomposition': 'legendre', 'n_filters': 12, 'slowest': 0.05503533446959869, 'input_scaling': 0.9095759553753703, 'bias_dist': 'foldnorm', 'bias_scaling': 0.04123764193322552, 'lr': 0.9047782400199377, 'weight_increment': 0.002278223530217896, 'min_window': 11, 'max_window': 59, 'use_full_instance': False, 'max_partners': 20, 'homeostasis': 'mean', 'target': 0.52, 'spread': 0.385, 'learning_rate': 0.001}",ppo,1000,64,0.001,,,,,,
RepeatPrevious,filterbank+hag,9,1040,3.3201923076923077,0.9774999200000001,0.030287983683196875,0.8407474220818903,0.932480008660214,2845,"{'decomposition': 'legendre', 'n_filters': 12, 'slowest': 0.05503533446959869, 'input_scaling': 0.9095759553753703, 'bias_dist': 'foldnorm', 'bias_scaling': 0.04123764193322552, 'lr': 0.9047782400199377, 'weight_increment': 0.002278223530217896, 'min_window': 11, 'max_window': 59, 'use_full_instance': False, 'max_partners': 20, 'homeostasis': 'mean', 'target': 0.52, 'spread': 0.385, 'learning_rate': 0.0003}",ppo,1000,64,0.0003,,,,,,
RepeatPrevious,filterbank+hag,4,1040,3.064423076923077,0.9808332600000002,0.026627595753135506,0.8562843524648603,0.9553828583800305,2726,"{'decomposition': 'legendre', 'n_filters': 12, 'slowest': 0.05503533446959869, 'input_scaling': 0.9095759553753703, 'bias_dist': 'foldnorm', 'bias_scaling': 0.04123764193322552, 'lr': 0.9047782400199377, 'weight_increment': 0.002278223530217896, 'min_window': 11, 'max_window': 59, 'use_full_instance': False, 'max_partners': 20, 'homeostasis': 'mean', 'target': 0.52, 'spread': 0.385, 'learning_rate': 0.001}",ppo,1000,64,0.001,,,,,,
RepeatPrevious,filterbank+hag,7,1040,3.3701923076923075,0.99416664,0.016687527611674538,0.8737755987981258,0.9667599979623025,2673,"{'decomposition': 'legendre', 'n_filters': 12, 'slowest': 0.05503533446959869, 'input_scaling': 0.9095759553753703, 'bias_dist': 'foldnorm', 'bias_scaling': 0.04123764193322552, 'lr': 0.9047782400199377, 'weight_increment': 0.002278223530217896, 'min_window': 11, 'max_window': 59, 'use_full_instance': False, 'max_partners': 20, 'homeostasis': 'mean', 'target': 0.52, 'spread': 0.385, 'learning_rate': 0.001}",ppo,1000,64,0.001,,,,,,
RepeatPrevious,filterbank+hag,5,1040,3.3615384615384616,0.9866666,0.02273036148766667,0.8569527646160114,0.9617082088639837,2746,"{'decomposition': 'legendre', 'n_filters': 12, 'slowest': 0.05503533446959869, 'input_scaling': 0.9095759553753703, 'bias_dist': 'foldnorm', 'bias_scaling': 0.04123764193322552, 'lr': 0.9047782400199377, 'weight_increment': 0.002278223530217896, 'min_window': 11, 'max_window': 59, 'use_full_instance': False, 'max_partners': 20, 'homeostasis': 'mean', 'target': 0.52, 'spread': 0.385, 'learning_rate': 0.001}",ppo,1000,64,0.001,,,,,,
RepeatPrevious,filterbank+hag,8,1040,3.316346153846154,0.9908332999999999,0.020899918926397774,0.8533581814524343,0.9562955710646969,2742,"{'decomposition': 'legendre', 'n_filters': 12, 'slowest': 0.05503533446959869, 'input_scaling': 0.9095759553753703, 'bias_dist': 'foldnorm', 'bias_scaling': 0.04123764193322552, 'lr': 0.9047782400199377, 'weight_increment': 0.002278223530217896, 'min_window': 11, 'max_window': 59, 'use_full_instance': False, 'max_partners': 20, 'homeostasis': 'mean', 'target': 0.52, 'spread': 0.385, 'learning_rate': 0.001}",ppo,1000,64,0.001,,,,,,
RepeatPrevious,filterbank+hag,9,1040,3.3201923076923077,0.9741665200000001,0.02991894011841997,0.8647445733346913,0.960795480896587,2666,"{'decomposition': 'legendre', 'n_filters': 12, 'slowest': 0.05503533446959869, 'input_scaling': 0.9095759553753703, 'bias_dist': 'foldnorm', 'bias_scaling': 0.04123764193322552, 'lr': 0.9047782400199377, 'weight_increment': 0.002278223530217896, 'min_window': 11, 'max_window': 59, 'use_full_instance': False, 'max_partners': 20, 'homeostasis': 'mean', 'target': 0.52, 'spread': 0.385, 'learning_rate': 0.001}",ppo,1000,64,0.001,,,,,,
RepeatPrevious,filterbank+hag,1,1040,3.225,-0.0166667,0.04487639815281525,-0.043686772305968624,-0.0319451604686704,2692,"{'decomposition': 'legendre', 'n_filters': 12, 'slowest': 0.05503533446959869, 'input_scaling': 0.9095759553753703, 'bias_dist': 'foldnorm', 'bias_scaling': 0.04123764193322552, 'lr': 0.9047782400199377, 'weight_increment': 0.002278223530217896, 'min_window': 11, 'max_window': 59, 'use_full_instance': False, 'max_partners': 20, 'homeostasis': 'mean', 'target': 0.52, 'spread': 0.385, 'learning_rate': 0.003}",ppo,1000,64,0.003,,,,,,
RepeatPrevious,filterbank+hag,0,1040,3.1721153846153847,-0.5058333,0.03633383562424975,-0.50019094128132,-0.5003820264900662,2729,"{'decomposition': 'legendre', 'n_filters': 12, 'slowest': 0.05503533446959869, 'input_scaling': 0.9095759553753703, 'bias_dist': 'foldnorm', 'bias_scaling': 0.04123764193322552, 'lr': 0.9047782400199377, 'weight_increment': 0.002278223530217896, 'min_window': 11, 'max_window': 59, 'use_full_instance': False, 'max_partners': 20, 'homeostasis': 'mean', 'target': 0.52, 'spread': 0.385, 'learning_rate': 0.003}",ppo,1000,64,0.003,,,,,,
RepeatPrevious,filterbank+hag,2,1040,3.0701923076923077,-0.49916664000000005,0.03384012181583276,-0.5004370867284579,-0.49915091543555784,2710,"{'decomposition': 'legendre', 'n_filters': 12, 'slowest': 0.05503533446959869, 'input_scaling': 0.9095759553753703, 'bias_dist': 'foldnorm', 'bias_scaling': 0.04123764193322552, 'lr': 0.9047782400199377, 'weight_increment': 0.002278223530217896, 'min_window': 11, 'max_window': 59, 'use_full_instance': False, 'max_partners': 20, 'homeostasis': 'mean', 'target': 0.52, 'spread': 0.385, 'learning_rate': 0.003}",ppo,1000,64,0.003,,,,,,
RepeatPrevious,filterbank+hag,4,1040,3.064423076923077,-0.49833326,0.037230674033012084,-0.5001293995722144,-0.4985990269994906,2704,"{'decomposition': 'legendre', 'n_filters': 12, 'slowest': 0.05503533446959869, 'input_scaling': 0.9095759553753703, 'bias_dist': 'foldnorm', 'bias_scaling': 0.04123764193322552, 'lr': 0.9047782400199377, 'weight_increment': 0.002278223530217896, 'min_window': 11, 'max_window': 59, 'use_full_instance': False, 'max_partners': 20, 'homeostasis': 'mean', 'target': 0.52, 'spread': 0.385, 'learning_rate': 0.003}",ppo,1000,64,0.003,,,,,,
RepeatPrevious,filterbank+hag,5,1040,3.3615384615384616,-0.5041666,0.037500088889494645,-0.5003288752291709,-0.5002122114111054,2677,"{'decomposition': 'legendre', 'n_filters': 12, 'slowest': 0.05503533446959869, 'input_scaling': 0.9095759553753703, 'bias_dist': 'foldnorm', 'bias_scaling': 0.04123764193322552, 'lr': 0.9047782400199377, 'weight_increment': 0.002278223530217896, 'min_window': 11, 'max_window': 59, 'use_full_instance': False, 'max_partners': 20, 'homeostasis': 'mean', 'target': 0.52, 'spread': 0.385, 'learning_rate': 0.003}",ppo,1000,64,0.003,,,,,,
RepeatPrevious,filterbank+hag,3,1040,3.141346153846154,-0.49666661999999995,0.031001984166752948,-0.4998938675392136,-0.4998513728986246,2779,"{'decomposition': 'legendre', 'n_filters': 12, 'slowest': 0.05503533446959869, 'input_scaling': 0.9095759553753703, 'bias_dist': 'foldnorm', 'bias_scaling': 0.04123764193322552, 'lr': 0.9047782400199377, 'weight_increment': 0.002278223530217896, 'min_window': 11, 'max_window': 59, 'use_full_instance': False, 'max_partners': 20, 'homeostasis': 'mean', 'target': 0.52, 'spread': 0.385, 'learning_rate': 0.003}",ppo,1000,64,0.003,,,,,,
RepeatPrevious,filterbank+hag,8,1040,3.316346153846154,-0.49749994000000003,0.033757883524539865,-0.500401009319617,-0.4984504513499745,2715,"{'decomposition': 'legendre', 'n_filters': 12, 'slowest': 0.05503533446959869, 'input_scaling': 0.9095759553753703, 'bias_dist': 'foldnorm', 'bias_scaling': 0.04123764193322552, 'lr': 0.9047782400199377, 'weight_increment': 0.002278223530217896, 'min_window': 11, 'max_window': 59, 'use_full_instance': False, 'max_partners': 20, 'homeostasis': 'mean', 'target': 0.52, 'spread': 0.385, 'learning_rate': 0.003}",ppo,1000,64,0.003,,,,,,
RepeatPrevious,filterbank+hag,7,1040,3.3701923076923075,-0.49999996,0.033333500000426,-0.5004243558769608,-0.4990023260315843,2736,"{'decomposition': 'legendre', 'n_filters': 12, 'slowest': 0.05503533446959869, 'input_scaling': 0.9095759553753703, 'bias_dist': 'foldnorm', 'bias_scaling': 0.04123764193322552, 'lr': 0.9047782400199377, 'weight_increment': 0.002278223530217896, 'min_window': 11, 'max_window': 59, 'use_full_instance': False, 'max_partners': 20, 'homeostasis': 'mean', 'target': 0.52, 'spread': 0.385, 'learning_rate': 0.003}",ppo,1000,64,0.003,,,,,,
RepeatPrevious,filterbank+hag,9,1040,3.3201923076923077,-0.49583326,0.03461110852591116,-0.5000105739967408,-0.501167386653082,2731,"{'decomposition': 'legendre', 'n_filters': 12, 'slowest': 0.05503533446959869, 'input_scaling': 0.9095759553753703, 'bias_dist': 'foldnorm', 'bias_scaling': 0.04123764193322552, 'lr': 0.9047782400199377, 'weight_increment': 0.002278223530217896, 'min_window': 11, 'max_window': 59, 'use_full_instance': False, 'max_partners': 20, 'homeostasis': 'mean', 'target': 0.52, 'spread': 0.385, 'learning_rate': 0.003}",ppo,1000,64,0.003,,,,,,
RepeatPrevious,filterbank+proj,1,1040,0.0,0.9316666000000001,0.05449257645734876,0.7872063191586881,0.8438402032603157,2477,"{'decomposition': 'legendre', 'n_filters': 12, 'slowest': 0.05503533446959869, 'input_scaling': 0.9095759553753703, 'bias_dist': 'foldnorm', 'bias_scaling': 0.04123764193322552, 'lr': 0.9047782400199377, 'weight_increment': 0.002278223530217896, 'min_window': 11, 'max_window': 59, 'use_full_instance': False, 'max_partners': 20, 'homeostasis': 'mean', 'target': 0.52, 'spread': 0.385, 'learning_rate': 0.0003}",ppo,1000,64,0.0003,,,,,,
RepeatPrevious,filterbank+hag,6,1040,3.208653846153846,-0.49749996,0.03163395363021196,-0.5003522154715828,-0.4992782694854814,2828,"{'decomposition': 'legendre', 'n_filters': 12, 'slowest': 0.05503533446959869, 'input_scaling': 0.9095759553753703, 'bias_dist': 'foldnorm', 'bias_scaling': 0.04123764193322552, 'lr': 0.9047782400199377, 'weight_increment': 0.002278223530217896, 'min_window': 11, 'max_window': 59, 'use_full_instance': False, 'max_partners': 20, 'homeostasis': 'mean', 'target': 0.52, 'spread': 0.385, 'learning_rate': 0.003}",ppo,1000,64,0.003,,,,,,
RepeatPrevious,filterbank+proj,0,1040,0.0,0.9150000399999999,0.052678254211376445,0.7744618727846811,0.8609059190015282,2527,"{'decomposition': 'legendre', 'n_filters': 12, 'slowest': 0.05503533446959869, 'input_scaling': 0.9095759553753703, 'bias_dist': 'foldnorm', 'bias_scaling': 0.04123764193322552, 'lr': 0.9047782400199377, 'weight_increment': 0.002278223530217896, 'min_window': 11, 'max_window': 59, 'use_full_instance': False, 'max_partners': 20, 'homeostasis': 'mean', 'target': 0.52, 'spread': 0.385, 'learning_rate': 0.0003}",ppo,1000,64,0.0003,,,,,,
RepeatPrevious,filterbank+proj,3,1040,0.0,0.9183332800000001,0.04711094659377584,0.7852095624363414,0.8380879531329597,2543,"{'decomposition': 'legendre', 'n_filters': 12, 'slowest': 0.05503533446959869, 'input_scaling': 0.9095759553753703, 'bias_dist': 'foldnorm', 'bias_scaling': 0.04123764193322552, 'lr': 0.9047782400199377, 'weight_increment': 0.002278223530217896, 'min_window': 11, 'max_window': 59, 'use_full_instance': False, 'max_partners': 20, 'homeostasis': 'mean', 'target': 0.52, 'spread': 0.385, 'learning_rate': 0.0003}",ppo,1000,64,0.0003,,,,,,
RepeatPrevious,filterbank+proj,2,1040,0.0,0.89583334,0.06023677125464478,0.7706805537278468,0.8499957539480388,2554,"{'decomposition': 'legendre', 'n_filters': 12, 'slowest': 0.05503533446959869, 'input_scaling': 0.9095759553753703, 'bias_dist': 'foldnorm', 'bias_scaling': 0.04123764193322552, 'lr': 0.9047782400199377, 'weight_increment': 0.002278223530217896, 'min_window': 11, 'max_window': 59, 'use_full_instance': False, 'max_partners': 20, 'homeostasis': 'mean', 'target': 0.52, 'spread': 0.385, 'learning_rate': 0.0003}",ppo,1000,64,0.0003,,,,,,
RepeatPrevious,filterbank+proj,4,1040,0.0,0.9025,0.06487700328806811,0.7813369997453656,0.853773982679572,2499,"{'decomposition': 'legendre', 'n_filters': 12, 'slowest': 0.05503533446959869, 'input_scaling': 0.9095759553753703, 'bias_dist': 'foldnorm', 'bias_scaling': 0.04123764193322552, 'lr': 0.9047782400199377, 'weight_increment': 0.002278223530217896, 'min_window': 11, 'max_window': 59, 'use_full_instance': False, 'max_partners': 20, 'homeostasis': 'mean', 'target': 0.52, 'spread': 0.385, 'learning_rate': 0.0003}",ppo,1000,64,0.0003,,,,,,
RepeatPrevious,filterbank+proj,7,1040,0.0,0.9249999799999999,0.05400609842174863,0.781780489865553,0.8628587198166072,2530,"{'decomposition': 'legendre', 'n_filters': 12, 'slowest': 0.05503533446959869, 'input_scaling': 0.9095759553753703, 'bias_dist': 'foldnorm', 'bias_scaling': 0.04123764193322552, 'lr': 0.9047782400199377, 'weight_increment': 0.002278223530217896, 'min_window': 11, 'max_window': 59, 'use_full_instance': False, 'max_partners': 20, 'homeostasis': 'mean', 'target': 0.52, 'spread': 0.385, 'learning_rate': 0.0003}",ppo,1000,64,0.0003,,,,,,
RepeatPrevious,filterbank+proj,6,1040,0.0,0.9449999399999999,0.04597690918120094,0.785131052098187,0.8516938339276617,2550,"{'decomposition': 'legendre', 'n_filters': 12, 'slowest': 0.05503533446959869, 'input_scaling': 0.9095759553753703, 'bias_dist': 'foldnorm', 'bias_scaling': 0.04123764193322552, 'lr': 0.9047782400199377, 'weight_increment': 0.002278223530217896, 'min_window': 11, 'max_window': 59, 'use_full_instance': False, 'max_partners': 20, 'homeostasis': 'mean', 'target': 0.52, 'spread': 0.385, 'learning_rate': 0.0003}",ppo,1000,64,0.0003,,,,,,
RepeatPrevious,filterbank+proj,5,1040,0.0,0.9166666600000001,0.0546452854535906,0.7713256261967816,0.8554295990830361,2589,"{'decomposition': 'legendre', 'n_filters': 12, 'slowest': 0.05503533446959869, 'input_scaling': 0.9095759553753703, 'bias_dist': 'foldnorm', 'bias_scaling': 0.04123764193322552, 'lr': 0.9047782400199377, 'weight_increment': 0.002278223530217896, 'min_window': 11, 'max_window': 59, 'use_full_instance': False, 'max_partners': 20, 'homeostasis': 'mean', 'target': 0.52, 'spread': 0.385, 'learning_rate': 0.0003}",ppo,1000,64,0.0003,,,,,,
RepeatPrevious,filterbank+proj,9,1040,0.0,0.8558333400000001,0.061356211585009056,0.7827311245671217,0.8421633616912888,2530,"{'decomposition': 'legendre', 'n_filters': 12, 'slowest': 0.05503533446959869, 'input_scaling': 0.9095759553753703, 'bias_dist': 'foldnorm', 'bias_scaling': 0.04123764193322552, 'lr': 0.9047782400199377, 'weight_increment': 0.002278223530217896, 'min_window': 11, 'max_window': 59, 'use_full_instance': False, 'max_partners': 20, 'homeostasis': 'mean', 'target': 0.52, 'spread': 0.385, 'learning_rate': 0.0003}",ppo,1000,64,0.0003,,,,,,
RepeatPrevious,filterbank+proj,8,1040,0.0,0.90583326,0.06169475099287134,0.7843162217355877,0.8354771548650025,2579,"{'decomposition': 'legendre', 'n_filters': 12, 'slowest': 0.05503533446959869, 'input_scaling': 0.9095759553753703, 'bias_dist': 'foldnorm', 'bias_scaling': 0.04123764193322552, 'lr': 0.9047782400199377, 'weight_increment': 0.002278223530217896, 'min_window': 11, 'max_window': 59, 'use_full_instance': False, 'max_partners': 20, 'homeostasis': 'mean', 'target': 0.52, 'spread': 0.385, 'learning_rate': 0.0003}",ppo,1000,64,0.0003,,,,,,
RepeatPrevious,filterbank+proj,1,1040,0.0,0.8958333200000002,0.06521865360353278,0.7538640775616214,0.8362200728476822,2568,"{'decomposition': 'legendre', 'n_filters': 12, 'slowest': 0.05503533446959869, 'input_scaling': 0.9095759553753703, 'bias_dist': 'foldnorm', 'bias_scaling': 0.04123764193322552, 'lr': 0.9047782400199377, 'weight_increment': 0.002278223530217896, 'min_window': 11, 'max_window': 59, 'use_full_instance': False, 'max_partners': 20, 'homeostasis': 'mean', 'target': 0.52, 'spread': 0.385, 'learning_rate': 0.001}",ppo,1000,64,0.001,,,,,,
RepeatPrevious,filterbank+hag,5,1040,3.3615384615384616,-0.5041666,0.037500088889494645,-0.5000869582908942,-0.5002122114111054,2968,"{'decomposition': 'legendre', 'n_filters': 12, 'slowest': 0.05503533446959869, 'input_scaling': 0.9095759553753703, 'bias_dist': 'foldnorm', 'bias_scaling': 0.04123764193322552, 'lr': 0.9047782400199377, 'weight_increment': 0.002278223530217896, 'min_window': 11, 'max_window': 59, 'use_full_instance': False, 'max_partners': 20, 'homeostasis': 'mean', 'target': 0.52, 'spread': 0.385, 'learning_rate': 0.01}",ppo,1000,64,0.01,,,,,,
RepeatPrevious,filterbank+hag,4,1040,3.064423076923077,-0.5008332999999999,0.03485105689545154,-0.4999320593807292,-0.4984929052470708,2986,"{'decomposition': 'legendre', 'n_filters': 12, 'slowest': 0.05503533446959869, 'input_scaling': 0.9095759553753703, 'bias_dist': 'foldnorm', 'bias_scaling': 0.04123764193322552, 'lr': 0.9047782400199377, 'weight_increment': 0.002278223530217896, 'min_window': 11, 'max_window': 59, 'use_full_instance': False, 'max_partners': 20, 'homeostasis': 'mean', 'target': 0.52, 'spread': 0.385, 'learning_rate': 0.01}",ppo,1000,64,0.01,,,,,,
RepeatPrevious,filterbank+hag,3,1040,3.141346153846154,-0.5041666,0.037500088889494645,-0.4999235695661031,-0.5013796556291391,3035,"{'decomposition': 'legendre', 'n_filters': 12, 'slowest': 0.05503533446959869, 'input_scaling': 0.9095759553753703, 'bias_dist': 'foldnorm', 'bias_scaling': 0.04123764193322552, 'lr': 0.9047782400199377, 'weight_increment': 0.002278223530217896, 'min_window': 11, 'max_window': 59, 'use_full_instance': False, 'max_partners': 20, 'homeostasis': 'mean', 'target': 0.52, 'spread': 0.385, 'learning_rate': 0.01}",ppo,1000,64,0.01,,,,,,
RepeatPrevious,filterbank+proj,0,1040,0.0,0.8758333600000001,0.061514496575607286,0.7466388222652272,0.8232509566989302,2613,"{'decomposition': 'legendre', 'n_filters': 12, 'slowest': 0.05503533446959869, 'input_scaling': 0.9095759553753703, 'bias_dist': 'foldnorm', 'bias_scaling': 0.04123764193322552, 'lr': 0.9047782400199377, 'weight_increment': 0.002278223530217896, 'min_window': 11, 'max_window': 59, 'use_full_instance': False, 'max_partners': 20, 'homeostasis': 'mean', 'target': 0.52, 'spread': 0.385, 'learning_rate': 0.001}",ppo,1000,64,0.001,,,,,,
RepeatPrevious,filterbank+hag,0,1040,3.1721153846153847,-0.49999997999999996,0.03333355000025651,-0.49991507761254833,-0.49972401528273047,3158,"{'decomposition': 'legendre', 'n_filters': 12, 'slowest': 0.05503533446959869, 'input_scaling': 0.9095759553753703, 'bias_dist': 'foldnorm', 'bias_scaling': 0.04123764193322552, 'lr': 0.9047782400199377, 'weight_increment': 0.002278223530217896, 'min_window': 11, 'max_window': 59, 'use_full_instance': False, 'max_partners': 20, 'homeostasis': 'mean', 'target': 0.52, 'spread': 0.385, 'learning_rate': 0.01}",ppo,1000,64,0.01,,,,,,
RepeatPrevious,filterbank+proj,3,1040,0.0,0.9166666600000002,0.061237243570105265,0.7624643552658381,0.8256707468160979,2598,"{'decomposition': 'legendre', 'n_filters': 12, 'slowest': 0.05503533446959869, 'input_scaling': 0.9095759553753703, 'bias_dist': 'foldnorm', 'bias_scaling': 0.04123764193322552, 'lr': 0.9047782400199377, 'weight_increment': 0.002278223530217896, 'min_window': 11, 'max_window': 59, 'use_full_instance': False, 'max_partners': 20, 'homeostasis': 'mean', 'target': 0.52, 'spread': 0.385, 'learning_rate': 0.001}",ppo,1000,64,0.001,,,,,,
RepeatPrevious,filterbank+hag,2,1040,3.0701923076923077,-0.50499996,0.037859526322953384,-0.5002567178142188,-0.4992570458481915,3157,"{'decomposition': 'legendre', 'n_filters': 12, 'slowest': 0.05503533446959869, 'input_scaling': 0.9095759553753703, 'bias_dist': 'foldnorm', 'bias_scaling': 0.04123764193322552, 'lr': 0.9047782400199377, 'weight_increment': 0.002278223530217896, 'min_window': 11, 'max_window': 59, 'use_full_instance': False, 'max_partners': 20, 'homeostasis': 'mean', 'target': 0.52, 'spread': 0.385, 'learning_rate': 0.01}",ppo,1000,64,0.01,,,,,,
RepeatPrevious,filterbank+hag,1,1040,3.225,-0.49666664,0.0298610269982531,-0.4999087133835811,-0.4991933611818644,3216,"{'decomposition': 'legendre', 'n_filters': 12, 'slowest': 0.05503533446959869, 'input_scaling': 0.9095759553753703, 'bias_dist': 'foldnorm', 'bias_scaling': 0.04123764193322552, 'lr': 0.9047782400199377, 'weight_increment': 0.002278223530217896, 'min_window': 11, 'max_window': 59, 'use_full_instance': False, 'max_partners': 20, 'homeostasis': 'mean', 'target': 0.52, 'spread': 0.385, 'learning_rate': 0.01}",ppo,1000,64,0.01,,,,,,
RepeatPrevious,filterbank+proj,2,1040,0.0,0.8891665999999999,0.0700247630807845,0.7498217617641066,0.8106002745797249,2680,"{'decomposition': 'legendre', 'n_filters': 12, 'slowest': 0.05503533446959869, 'input_scaling': 0.9095759553753703, 'bias_dist': 'foldnorm', 'bias_scaling': 0.04123764193322552, 'lr': 0.9047782400199377, 'weight_increment': 0.002278223530217896, 'min_window': 11, 'max_window': 59, 'use_full_instance': False, 'max_partners': 20, 'homeostasis': 'mean', 'target': 0.52, 'spread': 0.385, 'learning_rate': 0.001}",ppo,1000,64,0.001,,,,,,
RepeatPrevious,filterbank+hag,7,1040,3.3701923076923075,-0.50249996,0.035755880325317124,-0.49985141922998577,-0.50099758430973,3073,"{'decomposition': 'legendre', 'n_filters': 12, 'slowest': 0.05503533446959869, 'input_scaling': 0.9095759553753703, 'bias_dist': 'foldnorm', 'bias_scaling': 0.04123764193322552, 'lr': 0.9047782400199377, 'weight_increment': 0.002278223530217896, 'min_window': 11, 'max_window': 59, 'use_full_instance': False, 'max_partners': 20, 'homeostasis': 'mean', 'target': 0.52, 'spread': 0.385, 'learning_rate': 0.01}",ppo,1000,64,0.01,,,,,,
RepeatPrevious,filterbank+hag,8,1040,3.316346153846154,-0.49333324000000006,0.035707326980080716,-0.5000551277755144,-0.5005730657157412,3086,"{'decomposition': 'legendre', 'n_filters': 12, 'slowest': 0.05503533446959869, 'input_scaling': 0.9095759553753703, 'bias_dist': 'foldnorm', 'bias_scaling': 0.04123764193322552, 'lr': 0.9047782400199377, 'weight_increment': 0.002278223530217896, 'min_window': 11, 'max_window': 59, 'use_full_instance': False, 'max_partners': 20, 'homeostasis': 'mean', 'target': 0.52, 'spread': 0.385, 'learning_rate': 0.01}",ppo,1000,64,0.01,,,,,,
RepeatPrevious,filterbank+hag,6,1040,3.208653846153846,-0.4966666,0.03519803656228569,-0.49978776100020367,-0.5009975853285787,3132,"{'decomposition': 'legendre', 'n_filters': 12, 'slowest': 0.05503533446959869, 'input_scaling': 0.9095759553753703, 'bias_dist': 'foldnorm', 'bias_scaling': 0.04123764193322552, 'lr': 0.9047782400199377, 'weight_increment': 0.002278223530217896, 'min_window': 11, 'max_window': 59, 'use_full_instance': False, 'max_partners': 20, 'homeostasis': 'mean', 'target': 0.52, 'spread': 0.385, 'learning_rate': 0.01}",ppo,1000,64,0.01,,,,,,
RepeatPrevious,filterbank+hag,9,1040,3.3201923076923077,-0.49583326,0.03461110852591116,-0.5002991573640254,-0.501167386653082,3118,"{'decomposition': 'legendre', 'n_filters': 12, 'slowest': 0.05503533446959869, 'input_scaling': 0.9095759553753703, 'bias_dist': 'foldnorm', 'bias_scaling': 0.04123764193322552, 'lr': 0.9047782400199377, 'weight_increment': 0.002278223530217896, 'min_window': 11, 'max_window': 59, 'use_full_instance': False, 'max_partners': 20, 'homeostasis': 'mean', 'target': 0.52, 'spread': 0.385, 'learning_rate': 0.01}",ppo,1000,64,0.01,,,,,,
RepeatPrevious,filterbank+proj,4,1040,0.0,0.87499998,0.06871843113648332,0.7425264809024241,0.7990957697401936,2558,"{'decomposition': 'legendre', 'n_filters': 12, 'slowest': 0.05503533446959869, 'input_scaling': 0.9095759553753703, 'bias_dist': 'foldnorm', 'bias_scaling': 0.04123764193322552, 'lr': 0.9047782400199377, 'weight_increment': 0.002278223530217896, 'min_window': 11, 'max_window': 59, 'use_full_instance': False, 'max_partners': 20, 'homeostasis': 'mean', 'target': 0.52, 'spread': 0.385, 'learning_rate': 0.001}",ppo,1000,64,0.001,,,,,,
RepeatPrevious,filterbank+proj,5,1040,0.0,0.88166672,0.07329545127660789,0.7449370153799144,0.7996051920529802,2575,"{'decomposition': 'legendre', 'n_filters': 12, 'slowest': 0.05503533446959869, 'input_scaling': 0.9095759553753703, 'bias_dist': 'foldnorm', 'bias_scaling': 0.04123764193322552, 'lr': 0.9047782400199377, 'weight_increment': 0.002278223530217896, 'min_window': 11, 'max_window': 59, 'use_full_instance': False, 'max_partners': 20, 'homeostasis': 'mean', 'target': 0.52, 'spread': 0.385, 'learning_rate': 0.001}",ppo,1000,64,0.001,,,,,,
RepeatPrevious,filterbank+proj,7,1040,0.0,0.92833332,0.04642786854743172,0.7582841029741292,0.8523306245542537,2508,"{'decomposition': 'legendre', 'n_filters': 12, 'slowest': 0.05503533446959869, 'input_scaling': 0.9095759553753703, 'bias_dist': 'foldnorm', 'bias_scaling': 0.04123764193322552, 'lr': 0.9047782400199377, 'weight_increment': 0.002278223530217896, 'min_window': 11, 'max_window': 59, 'use_full_instance': False, 'max_partners': 20, 'homeostasis': 'mean', 'target': 0.52, 'spread': 0.385, 'learning_rate': 0.001}",ppo,1000,64,0.001,,,,,,
RepeatPrevious,filterbank+proj,6,1040,0.0,0.9041666599999999,0.06137885403218604,0.7586342275412508,0.8383426826286297,2540,"{'decomposition': 'legendre', 'n_filters': 12, 'slowest': 0.05503533446959869, 'input_scaling': 0.9095759553753703, 'bias_dist': 'foldnorm', 'bias_scaling': 0.04123764193322552, 'lr': 0.9047782400199377, 'weight_increment': 0.002278223530217896, 'min_window': 11, 'max_window': 59, 'use_full_instance': False, 'max_partners': 20, 'homeostasis': 'mean', 'target': 0.52, 'spread': 0.385, 'learning_rate': 0.001}",ppo,1000,64,0.001,,,,,,
RepeatPrevious,filterbank+proj,8,1040,0.0,0.89166672,0.057130424858577764,0.7623646182521899,0.8512905445746308,2529,"{'decomposition': 'legendre', 'n_filters': 12, 'slowest': 0.05503533446959869, 'input_scaling': 0.9095759553753703, 'bias_dist': 'foldnorm', 'bias_scaling': 0.04123764193322552, 'lr': 0.9047782400199377, 'weight_increment': 0.002278223530217896, 'min_window': 11, 'max_window': 59, 'use_full_instance': False, 'max_partners': 20, 'homeostasis': 'mean', 'target': 0.52, 'spread': 0.385, 'learning_rate': 0.001}",ppo,1000,64,0.001,,,,,,
RepeatPrevious,filterbank+proj,9,1040,0.0,0.9225000399999999,0.04330919943428185,0.7515235597881442,0.8091993438614365,2523,"{'decomposition': 'legendre', 'n_filters': 12, 'slowest': 0.05503533446959869, 'input_scaling': 0.9095759553753703, 'bias_dist': 'foldnorm', 'bias_scaling': 0.04123764193322552, 'lr': 0.9047782400199377, 'weight_increment': 0.002278223530217896, 'min_window': 11, 'max_window': 59, 'use_full_instance': False, 'max_partners': 20, 'homeostasis': 'mean', 'target': 0.52, 'spread': 0.385, 'learning_rate': 0.001}",ppo,1000,64,0.001,,,,,,
RepeatPrevious,filterbank+proj,0,1040,0.0,0.33583336,0.0822470964031582,0.16869313022000407,0.31155544167091187,2577,"{'decomposition': 'legendre', 'n_filters': 12, 'slowest': 0.05503533446959869, 'input_scaling': 0.9095759553753703, 'bias_dist': 'foldnorm', 'bias_scaling': 0.04123764193322552, 'lr': 0.9047782400199377, 'weight_increment': 0.002278223530217896, 'min_window': 11, 'max_window': 59, 'use_full_instance': False, 'max_partners': 20, 'homeostasis': 'mean', 'target': 0.52, 'spread': 0.385, 'learning_rate': 0.003}",ppo,1000,64,0.003,,,,,,
RepeatPrevious,filterbank+proj,1,1040,0.0,-0.00499998,0.03876569474341456,-0.04832960363617845,-0.02086518033622007,2639,"{'decomposition': 'legendre', 'n_filters': 12, 'slowest': 0.05503533446959869, 'input_scaling': 0.9095759553753703, 'bias_dist': 'foldnorm', 'bias_scaling': 0.04123764193322552, 'lr': 0.9047782400199377, 'weight_increment': 0.002278223530217896, 'min_window': 11, 'max_window': 59, 'use_full_instance': False, 'max_partners': 20, 'homeostasis': 'mean', 'target': 0.52, 'spread': 0.385, 'learning_rate': 0.003}",ppo,1000,64,0.003,,,,,,
RepeatPrevious,filterbank+esn,1,1008,20.23611111111111,0.9908332999999999,0.023993666988811863,0.9292370565288246,0.9725547024961791,2051,"{'decomposition': 'ema', 'n_filters': 12, 'slowest': 0.0068481211016550025, 'input_scaling': 0.929634188755156, 'bias_dist': 'foldnorm', 'bias_scaling': 0.0004530104948033912, 'lr': 0.9407030287660403, 'sr': 0.9778712320759426, 'rc_connectivity': 0.020075371100608825, 'learning_rate': 0.0003}",ppo,1000,linear,0.0003,,,,,,
RepeatPrevious,filterbank+esn,5,1008,20.23611111111111,0.9941666600000001,0.018652507427807125,0.9424462172030963,0.9817243433520122,1994,"{'decomposition': 'ema', 'n_filters': 12, 'slowest': 0.0068481211016550025, 'input_scaling': 0.929634188755156, 'bias_dist': 'foldnorm', 'bias_scaling': 0.0004530104948033912, 'lr': 0.9407030287660403, 'sr': 0.9778712320759426, 'rc_connectivity': 0.020075371100608825, 'learning_rate': 0.0003}",ppo,1000,linear,0.0003,,,,,,
RepeatPrevious,filterbank+esn,2,1008,20.23611111111111,0.9966666400000002,0.011303973736275223,0.9371116273171726,0.9793470331125826,2068,"{'decomposition': 'ema', 'n_filters': 12, 'slowest': 0.0068481211016550025, 'input_scaling': 0.929634188755156, 'bias_dist': 'foldnorm', 'bias_scaling': 0.0004530104948033912, 'lr': 0.9407030287660403, 'sr': 0.9778712320759426, 'rc_connectivity': 0.020075371100608825, 'learning_rate': 0.0003}",ppo,1000,linear,0.0003,,,,,,
RepeatPrevious,filterbank+esn,3,1008,20.23611111111111,0.9974999800000001,0.00989536423481218,0.9415528741087799,0.9766301044319918,2029,"{'decomposition': 'ema', 'n_filters': 12, 'slowest': 0.0068481211016550025, 'input_scaling': 0.929634188755156, 'bias_dist': 'foldnorm', 'bias_scaling': 0.0004530104948033912, 'lr': 0.9407030287660403, 'sr': 0.9778712320759426, 'rc_connectivity': 0.020075371100608825, 'learning_rate': 0.0003}",ppo,1000,linear,0.0003,,,,,,
RepeatPrevious,filterbank+esn,0,1008,20.23611111111111,0.9974999800000001,0.00989536423481218,0.9351360897840703,0.9758235114620479,2106,"{'decomposition': 'ema', 'n_filters': 12, 'slowest': 0.0068481211016550025, 'input_scaling': 0.929634188755156, 'bias_dist': 'foldnorm', 'bias_scaling': 0.0004530104948033912, 'lr': 0.9407030287660403, 'sr': 0.9778712320759426, 'rc_connectivity': 0.020075371100608825, 'learning_rate': 0.0003}",ppo,1000,linear,0.0003,,,,,,
RepeatPrevious,filterbank+esn,9,1008,20.23611111111111,0.97416664,0.053287754065548684,0.9374744787125688,0.9721726403464085,1914,"{'decomposition': 'ema', 'n_filters': 12, 'slowest': 0.0068481211016550025, 'input_scaling': 0.929634188755156, 'bias_dist': 'foldnorm', 'bias_scaling': 0.0004530104948033912, 'lr': 0.9407030287660403, 'sr': 0.9778712320759426, 'rc_connectivity': 0.020075371100608825, 'learning_rate': 0.0003}",ppo,1000,linear,0.0003,,,,,,
RepeatPrevious,filterbank+esn,6,1008,20.23611111111111,0.9908332999999999,0.03037960664672932,0.9361588712059482,0.9776065068772287,2006,"{'decomposition': 'ema', 'n_filters': 12, 'slowest': 0.0068481211016550025, 'input_scaling': 0.929634188755156, 'bias_dist': 'foldnorm', 'bias_scaling': 0.0004530104948033912, 'lr': 0.9407030287660403, 'sr': 0.9778712320759426, 'rc_connectivity': 0.020075371100608825, 'learning_rate': 0.0003}",ppo,1000,linear,0.0003,,,,,,
RepeatPrevious,filterbank+proj,3,1040,0.0,0.8983333600000002,0.0651706808657881,0.6858236569566103,0.8862922205807438,2573,"{'decomposition': 'legendre', 'n_filters': 12, 'slowest': 0.05503533446959869, 'input_scaling': 0.9095759553753703, 'bias_dist': 'foldnorm', 'bias_scaling': 0.04123764193322552, 'lr': 0.9047782400199377, 'weight_increment': 0.002278223530217896, 'min_window': 11, 'max_window': 59, 'use_full_instance': False, 'max_partners': 20, 'homeostasis': 'mean', 'target': 0.52, 'spread': 0.385, 'learning_rate': 0.003}",ppo,1000,64,0.003,,,,,,
RepeatPrevious,filterbank+esn,7,1008,20.23611111111111,0.9750000000000001,0.03908674825206108,0.9334894557445508,0.9803234284258788,2004,"{'decomposition': 'ema', 'n_filters': 12, 'slowest': 0.0068481211016550025, 'input_scaling': 0.929634188755156, 'bias_dist': 'foldnorm', 'bias_scaling': 0.0004530104948033912, 'lr': 0.9407030287660403, 'sr': 0.9778712320759426, 'rc_connectivity': 0.020075371100608825, 'learning_rate': 0.0003}",ppo,1000,linear,0.0003,,,,,,
RepeatPrevious,filterbank+esn,8,1008,20.23611111111111,0.9966666399999999,0.011303973736275223,0.9337653072418007,0.9739131706571573,2025,"{'decomposition': 'ema', 'n_filters': 12, 'slowest': 0.0068481211016550025, 'input_scaling': 0.929634188755156, 'bias_dist': 'foldnorm', 'bias_scaling': 0.0004530104948033912, 'lr': 0.9407030287660403, 'sr': 0.9778712320759426, 'rc_connectivity': 0.020075371100608825, 'learning_rate': 0.0003}",ppo,1000,linear,0.0003,,,,,,
RepeatPrevious,filterbank+esn,4,1008,20.23611111111111,0.9966666399999999,0.011303973736275223,0.9449670965064169,0.9797503239938868,2099,"{'decomposition': 'ema', 'n_filters': 12, 'slowest': 0.0068481211016550025, 'input_scaling': 0.929634188755156, 'bias_dist': 'foldnorm', 'bias_scaling': 0.0004530104948033912, 'lr': 0.9407030287660403, 'sr': 0.9778712320759426, 'rc_connectivity': 0.020075371100608825, 'learning_rate': 0.0003}",ppo,1000,linear,0.0003,,,,,,
RepeatPrevious,filterbank+proj,4,1040,0.0,0.34833337999999997,0.07205323448725671,0.21413687477082907,0.23028103565970456,2680,"{'decomposition': 'legendre', 'n_filters': 12, 'slowest': 0.05503533446959869, 'input_scaling': 0.9095759553753703, 'bias_dist': 'foldnorm', 'bias_scaling': 0.04123764193322552, 'lr': 0.9047782400199377, 'weight_increment': 0.002278223530217896, 'min_window': 11, 'max_window': 59, 'use_full_instance': False, 'max_partners': 20, 'homeostasis': 'mean', 'target': 0.52, 'spread': 0.385, 'learning_rate': 0.003}",ppo,1000,64,0.003,,,,,,
RepeatPrevious,filterbank+proj,5,1040,0.0,0.28083334,0.08967915730884407,0.2087089176512528,0.3257556484971981,2615,"{'decomposition': 'legendre', 'n_filters': 12, 'slowest': 0.05503533446959869, 'input_scaling': 0.9095759553753703, 'bias_dist': 'foldnorm', 'bias_scaling': 0.04123764193322552, 'lr': 0.9047782400199377, 'weight_increment': 0.002278223530217896, 'min_window': 11, 'max_window': 59, 'use_full_instance': False, 'max_partners': 20, 'homeostasis': 'mean', 'target': 0.52, 'spread': 0.385, 'learning_rate': 0.003}",ppo,1000,64,0.003,,,,,,
RepeatPrevious,filterbank+proj,6,1040,0.0,0.47916668,0.04732421860673032,0.3885401773273579,0.43449650891492614,2627,"{'decomposition': 'legendre', 'n_filters': 12, 'slowest': 0.05503533446959869, 'input_scaling': 0.9095759553753703, 'bias_dist': 'foldnorm', 'bias_scaling': 0.04123764193322552, 'lr': 0.9047782400199377, 'weight_increment': 0.002278223530217896, 'min_window': 11, 'max_window': 59, 'use_full_instance': False, 'max_partners': 20, 'homeostasis': 'mean', 'target': 0.52, 'spread': 0.385, 'learning_rate': 0.003}",ppo,1000,64,0.003,,,,,,
RepeatPrevious,filterbank+proj,2,1040,0.0,-0.49916664000000005,0.03384012181583276,-0.49978565313709505,-0.49915091543555784,2745,"{'decomposition': 'legendre', 'n_filters': 12, 'slowest': 0.05503533446959869, 'input_scaling': 0.9095759553753703, 'bias_dist': 'foldnorm', 'bias_scaling': 0.04123764193322552, 'lr': 0.9047782400199377, 'weight_increment': 0.002278223530217896, 'min_window': 11, 'max_window': 59, 'use_full_instance': False, 'max_partners': 20, 'homeostasis': 'mean', 'target': 0.52, 'spread': 0.385, 'learning_rate': 0.003}",ppo,1000,64,0.003,,,,,,
RepeatPrevious,filterbank+proj,7,1040,0.0,0.34916664,0.07307240518876054,0.08481657689957221,0.32214723382577687,2656,"{'decomposition': 'legendre', 'n_filters': 12, 'slowest': 0.05503533446959869, 'input_scaling': 0.9095759553753703, 'bias_dist': 'foldnorm', 'bias_scaling': 0.04123764193322552, 'lr': 0.9047782400199377, 'weight_increment': 0.002278223530217896, 'min_window': 11, 'max_window': 59, 'use_full_instance': False, 'max_partners': 20, 'homeostasis': 'mean', 'target': 0.52, 'spread': 0.385, 'learning_rate': 0.003}",ppo,1000,64,0.003,,,,,,
RepeatPrevious,filterbank+esn,0,1008,20.23611111111111,0.9858333400000001,0.03074306010247516,0.9125755030046854,0.9544064829342842,2077,"{'decomposition': 'ema', 'n_filters': 12, 'slowest': 0.0068481211016550025, 'input_scaling': 0.929634188755156, 'bias_dist': 'foldnorm', 'bias_scaling': 0.0004530104948033912, 'lr': 0.9407030287660403, 'sr': 0.9778712320759426, 'rc_connectivity': 0.020075371100608825, 'learning_rate': 0.001}",ppo,1000,linear,0.001,,,,,,
RepeatPrevious,filterbank+proj,9,1040,0.0,0.9333333,0.04564349168731507,0.6773591880729273,0.8169893015792156,2629,"{'decomposition': 'legendre', 'n_filters': 12, 'slowest': 0.05503533446959869, 'input_scaling': 0.9095759553753703, 'bias_dist': 'foldnorm', 'bias_scaling': 0.04123764193322552, 'lr': 0.9047782400199377, 'weight_increment': 0.002278223530217896, 'min_window': 11, 'max_window': 59, 'use_full_instance': False, 'max_partners': 20, 'homeostasis': 'mean', 'target': 0.52, 'spread': 0.385, 'learning_rate': 0.003}",ppo,1000,64,0.003,,,,,,
RepeatPrevious,filterbank+esn,1,1008,20.23611111111111,0.99416664,0.016687527611674535,0.9110455692605419,0.9376591604686704,2047,"{'decomposition': 'ema', 'n_filters': 12, 'slowest': 0.0068481211016550025, 'input_scaling': 0.929634188755156, 'bias_dist': 'foldnorm', 'bias_scaling': 0.0004530104948033912, 'lr': 0.9407030287660403, 'sr': 0.9778712320759426, 'rc_connectivity': 0.020075371100608825, 'learning_rate': 0.001}",ppo,1000,linear,0.001,,,,,,
RepeatPrevious,filterbank+proj,8,1040,0.0,-0.49333324000000006,0.035707326980080716,-0.5002715691077613,-0.5005730657157412,2679,"{'decomposition': 'legendre', 'n_filters': 12, 'slowest': 0.05503533446959869, 'input_scaling': 0.9095759553753703, 'bias_dist': 'foldnorm', 'bias_scaling': 0.04123764193322552, 'lr': 0.9047782400199377, 'weight_increment': 0.002278223530217896, 'min_window': 11, 'max_window': 59, 'use_full_instance': False, 'max_partners': 20, 'homeostasis': 'mean', 'target': 0.52, 'spread': 0.385, 'learning_rate': 0.003}",ppo,1000,64,0.003,,,,,,
RepeatPrevious,filterbank+proj,0,1040,0.0,-0.4991666,0.03678972380760693,-0.5001166658688124,-0.4991933657666836,2888,"{'decomposition': 'legendre', 'n_filters': 12, 'slowest': 0.05503533446959869, 'input_scaling': 0.9095759553753703, 'bias_dist': 'foldnorm', 'bias_scaling': 0.04123764193322552, 'lr': 0.9047782400199377, 'weight_increment': 0.002278223530217896, 'min_window': 11, 'max_window': 59, 'use_full_instance': False, 'max_partners': 20, 'homeostasis': 'mean', 'target': 0.52, 'spread': 0.385, 'learning_rate': 0.01}",ppo,1000,64,0.01,,,,,,
RepeatPrevious,filterbank+proj,1,1040,0.0,-0.49666664,0.0298610269982531,-0.49982595722143,-0.4991933611818644,2902,"{'decomposition': 'legendre', 'n_filters': 12, 'slowest': 0.05503533446959869, 'input_scaling': 0.9095759553753703, 'bias_dist': 'foldnorm', 'bias_scaling': 0.04123764193322552, 'lr': 0.9047782400199377, 'weight_increment': 0.002278223530217896, 'min_window': 11, 'max_window': 59, 'use_full_instance': False, 'max_partners': 20, 'homeostasis': 'mean', 'target': 0.52, 'spread': 0.385, 'learning_rate': 0.01}",ppo,1000,64,0.01,,,,,,
RepeatPrevious,filterbank+proj,2,1040,0.0,-0.49499996,0.0296275517429031,-0.5003033975860665,-0.5010824839531329,2990,"{'decomposition': 'legendre', 'n_filters': 12, 'slowest': 0.05503533446959869, 'input_scaling': 0.9095759553753703, 'bias_dist': 'foldnorm', 'bias_scaling': 0.04123764193322552, 'lr': 0.9047782400199377, 'weight_increment': 0.002278223530217896, 'min_window': 11, 'max_window': 59, 'use_full_instance': False, 'max_partners': 20, 'homeostasis': 'mean', 'target': 0.52, 'spread': 0.385, 'learning_rate': 0.01}",ppo,1000,64,0.01,,,,,,
RepeatPrevious,filterbank+proj,3,1040,0.0,-0.5016666399999999,0.03531622353126677,-0.49961163882664494,-0.4988537432501274,2965,"{'decomposition': 'legendre', 'n_filters': 12, 'slowest': 0.05503533446959869, 'input_scaling': 0.9095759553753703, 'bias_dist': 'foldnorm', 'bias_scaling': 0.04123764193322552, 'lr': 0.9047782400199377, 'weight_increment': 0.002278223530217896, 'min_window': 11, 'max_window': 59, 'use_full_instance': False, 'max_partners': 20, 'homeostasis': 'mean', 'target': 0.52, 'spread': 0.385, 'learning_rate': 0.01}",ppo,1000,64,0.01,,,,,,
RepeatPrevious,filterbank+proj,8,1040,0.0,-0.5058333,0.03727724730623226,-0.5000572505092686,-0.4998726021395823,2927,"{'decomposition': 'legendre', 'n_filters': 12, 'slowest': 0.05503533446959869, 'input_scaling': 0.9095759553753703, 'bias_dist': 'foldnorm', 'bias_scaling': 0.04123764193322552, 'lr': 0.9047782400199377, 'weight_increment': 0.002278223530217896, 'min_window': 11, 'max_window': 59, 'use_full_instance': False, 'max_partners': 20, 'homeostasis': 'mean', 'target': 0.52, 'spread': 0.385, 'learning_rate': 0.01}",ppo,1000,64,0.01,,,,,,
RepeatPrevious,filterbank+proj,4,1040,0.0,-0.49833326,0.037230674033012084,-0.4997707890609085,-0.4985990269994906,3052,"{'decomposition': 'legendre', 'n_filters': 12, 'slowest': 0.05503533446959869, 'input_scaling': 0.9095759553753703, 'bias_dist': 'foldnorm', 'bias_scaling': 0.04123764193322552, 'lr': 0.9047782400199377, 'weight_increment': 0.002278223530217896, 'min_window': 11, 'max_window': 59, 'use_full_instance': False, 'max_partners': 20, 'homeostasis': 'mean', 'target': 0.52, 'spread': 0.385, 'learning_rate': 0.01}",ppo,1000,64,0.01,,,,,,
RepeatPrevious,filterbank+proj,5,1040,0.0,-0.5008332999999999,0.03485105689545154,-0.5001548595946221,-0.4996391120733571,3078,"{'decomposition': 'legendre', 'n_filters': 12, 'slowest': 0.05503533446959869, 'input_scaling': 0.9095759553753703, 'bias_dist': 'foldnorm', 'bias_scaling': 0.04123764193322552, 'lr': 0.9047782400199377, 'weight_increment': 0.002278223530217896, 'min_window': 11, 'max_window': 59, 'use_full_instance': False, 'max_partners': 20, 'homeostasis': 'mean', 'target': 0.52, 'spread': 0.385, 'learning_rate': 0.01}",ppo,1000,64,0.01,,,,,,
RepeatPrevious,filterbank+proj,6,1040,0.0,-0.50249996,0.03575588032531713,-0.5005580328478305,-0.5009339072847682,3083,"{'decomposition': 'legendre', 'n_filters': 12, 'slowest': 0.05503533446959869, 'input_scaling': 0.9095759553753703, 'bias_dist': 'foldnorm', 'bias_scaling': 0.04123764193322552, 'lr': 0.9047782400199377, 'weight_increment': 0.002278223530217896, 'min_window': 11, 'max_window': 59, 'use_full_instance': False, 'max_partners': 20, 'homeostasis': 'mean', 'target': 0.52, 'spread': 0.385, 'learning_rate': 0.01}",ppo,1000,64,0.01,,,,,,
RepeatPrevious,filterbank+proj,9,1040,0.0,-0.49583326,0.03461110852591116,-0.5002927911489102,-0.501167386653082,3051,"{'decomposition': 'legendre', 'n_filters': 12, 'slowest': 0.05503533446959869, 'input_scaling': 0.9095759553753703, 'bias_dist': 'foldnorm', 'bias_scaling': 0.04123764193322552, 'lr': 0.9047782400199377, 'weight_increment': 0.002278223530217896, 'min_window': 11, 'max_window': 59, 'use_full_instance': False, 'max_partners': 20, 'homeostasis': 'mean', 'target': 0.52, 'spread': 0.385, 'learning_rate': 0.01}",ppo,1000,64,0.01,,,,,,
RepeatPrevious,filterbank+proj,7,1040,0.0,-0.50249996,0.035755880325317124,-0.49993629782033006,-0.50099758430973,3239,"{'decomposition': 'legendre', 'n_filters': 12, 'slowest': 0.05503533446959869, 'input_scaling': 0.9095759553753703, 'bias_dist': 'foldnorm', 'bias_scaling': 0.04123764193322552, 'lr': 0.9047782400199377, 'weight_increment': 0.002278223530217896, 'min_window': 11, 'max_window': 59, 'use_full_instance': False, 'max_partners': 20, 'homeostasis': 'mean', 'target': 0.52, 'spread': 0.385, 'learning_rate': 0.01}",ppo,1000,64,0.01,,,,,,
RepeatPrevious,filterbank+esn,3,1008,20.23611111111111,0.98166666,0.03244649065129232,0.9146613799144429,0.9584181951095262,2001,"{'decomposition': 'ema', 'n_filters': 12, 'slowest': 0.0068481211016550025, 'input_scaling': 0.929634188755156, 'bias_dist': 'foldnorm', 'bias_scaling': 0.0004530104948033912, 'lr': 0.9407030287660403, 'sr': 0.9778712320759426, 'rc_connectivity': 0.020075371100608825, 'learning_rate': 0.001}",ppo,1000,linear,0.001,,,,,,
RepeatPrevious,filterbank+esn,2,1008,20.23611111111111,0.9949999599999999,0.013540172328238663,0.9120980623344876,0.942031723892002,2056,"{'decomposition': 'ema', 'n_filters': 12, 'slowest': 0.0068481211016550025, 'input_scaling': 0.929634188755156, 'bias_dist': 'foldnorm', 'bias_scaling': 0.0004530104948033912, 'lr': 0.9407030287660403, 'sr': 0.9778712320759426, 'rc_connectivity': 0.020075371100608825, 'learning_rate': 0.001}",ppo,1000,linear,0.001,,,,,,
RepeatPrevious,filterbank+esn,4,1008,20.23611111111111,0.99833332,0.008165031129003736,0.9206622636993277,0.9582483922567497,2043,"{'decomposition': 'ema', 'n_filters': 12, 'slowest': 0.0068481211016550025, 'input_scaling': 0.929634188755156, 'bias_dist': 'foldnorm', 'bias_scaling': 0.0004530104948033912, 'lr': 0.9407030287660403, 'sr': 0.9778712320759426, 'rc_connectivity': 0.020075371100608825, 'learning_rate': 0.001}",ppo,1000,linear,0.001,,,,,,
RepeatPrevious,filterbank+esn,5,1008,20.23611111111111,0.97333328,0.05120765936655961,0.9235205347830514,0.9242018690779419,2029,"{'decomposition': 'ema', 'n_filters': 12, 'slowest': 0.0068481211016550025, 'input_scaling': 0.929634188755156, 'bias_dist': 'foldnorm', 'bias_scaling': 0.0004530104948033912, 'lr': 0.9407030287660403, 'sr': 0.9778712320759426, 'rc_connectivity': 0.020075371100608825, 'learning_rate': 0.001}",ppo,1000,linear,0.001,,,,,,
RepeatPrevious,filterbank+esn,6,1008,20.23611111111111,0.9758333400000001,0.04090126037207655,0.9187440188429415,0.9676090662251655,2031,"{'decomposition': 'ema', 'n_filters': 12, 'slowest': 0.0068481211016550025, 'input_scaling': 0.929634188755156, 'bias_dist': 'foldnorm', 'bias_scaling': 0.0004530104948033912, 'lr': 0.9407030287660403, 'sr': 0.9778712320759426, 'rc_connectivity': 0.020075371100608825, 'learning_rate': 0.001}",ppo,1000,linear,0.001,,,,,,
RepeatPrevious,filterbank+esn,7,1008,20.23611111111111,0.98833332,0.025055465582934196,0.9136534555408434,0.9490999755476311,2055,"{'decomposition': 'ema', 'n_filters': 12, 'slowest': 0.0068481211016550025, 'input_scaling': 0.929634188755156, 'bias_dist': 'foldnorm', 'bias_scaling': 0.0004530104948033912, 'lr': 0.9407030287660403, 'sr': 0.9778712320759426, 'rc_connectivity': 0.020075371100608825, 'learning_rate': 0.001}",ppo,1000,linear,0.001,,,,,,
RepeatPrevious,filterbank+esn,3,1008,20.23611111111111,0.6874999800000002,0.2562076138387374,0.8062380938582195,0.8939548028527764,2019,"{'decomposition': 'ema', 'n_filters': 12, 'slowest': 0.0068481211016550025, 'input_scaling': 0.929634188755156, 'bias_dist': 'foldnorm', 'bias_scaling': 0.0004530104948033912, 'lr': 0.9407030287660403, 'sr': 0.9778712320759426, 'rc_connectivity': 0.020075371100608825, 'learning_rate': 0.003}",ppo,1000,linear,0.003,,,,,,
RepeatPrevious,filterbank+esn,9,1008,20.23611111111111,0.99166668,0.02357016004310535,0.9132927198512936,0.930994187468161,2076,"{'decomposition': 'ema', 'n_filters': 12, 'slowest': 0.0068481211016550025, 'input_scaling': 0.929634188755156, 'bias_dist': 'foldnorm', 'bias_scaling': 0.0004530104948033912, 'lr': 0.9407030287660403, 'sr': 0.9778712320759426, 'rc_connectivity': 0.020075371100608825, 'learning_rate': 0.001}",ppo,1000,linear,0.001,,,,,,
RepeatPrevious,filterbank+esn,1,1008,20.23611111111111,0.9424999600000001,0.0820272810989027,0.8298978653493583,0.9046951813550688,2073,"{'decomposition': 'ema', 'n_filters': 12, 'slowest': 0.0068481211016550025, 'input_scaling': 0.929634188755156, 'bias_dist': 'foldnorm', 'bias_scaling': 0.0004530104948033912, 'lr': 0.9407030287660403, 'sr': 0.9778712320759426, 'rc_connectivity': 0.020075371100608825, 'learning_rate': 0.003}",ppo,1000,linear,0.003,,,,,,
RepeatPrevious,filterbank+esn,8,1008,20.23611111111111,0.88666666,0.17951322959610636,0.8992029573742106,0.9359823051451859,2106,"{'decomposition': 'ema', 'n_filters': 12, 'slowest': 0.0068481211016550025, 'input_scaling': 0.929634188755156, 'bias_dist': 'foldnorm', 'bias_scaling': 0.0004530104948033912, 'lr': 0.9407030287660403, 'sr': 0.9778712320759426, 'rc_connectivity': 0.020075371100608825, 'learning_rate': 0.001}",ppo,1000,linear,0.001,,,,,,
RepeatPrevious,filterbank+esn,4,1008,20.23611111111111,0.61499998,0.291971218406643,0.8351539462212264,0.9330531390728477,2059,"{'decomposition': 'ema', 'n_filters': 12, 'slowest': 0.0068481211016550025, 'input_scaling': 0.929634188755156, 'bias_dist': 'foldnorm', 'bias_scaling': 0.0004530104948033912, 'lr': 0.9407030287660403, 'sr': 0.9778712320759426, 'rc_connectivity': 0.020075371100608825, 'learning_rate': 0.003}",ppo,1000,linear,0.003,,,,,,
RepeatPrevious,filterbank+esn,0,1008,20.23611111111111,0.85833332,0.18427788074909476,0.789453448665716,0.8117252343352013,2123,"{'decomposition': 'ema', 'n_filters': 12, 'slowest': 0.0068481211016550025, 'input_scaling': 0.929634188755156, 'bias_dist': 'foldnorm', 'bias_scaling': 0.0004530104948033912, 'lr': 0.9407030287660403, 'sr': 0.9778712320759426, 'rc_connectivity': 0.020075371100608825, 'learning_rate': 0.003}",ppo,1000,linear,0.003,,,,,,
RepeatPrevious,filterbank+esn,5,1008,20.23611111111111,0.9866666599999999,0.026925779469207572,0.827071426512528,0.8744268726439124,2082,"{'decomposition': 'ema', 'n_filters': 12, 'slowest': 0.0068481211016550025, 'input_scaling': 0.929634188755156, 'bias_dist': 'foldnorm', 'bias_scaling': 0.0004530104948033912, 'lr': 0.9407030287660403, 'sr': 0.9778712320759426, 'rc_connectivity': 0.020075371100608825, 'learning_rate': 0.003}",ppo,1000,linear,0.003,,,,,,
RepeatPrevious,filterbank+esn,2,1008,20.23611111111111,0.8249999800000001,0.17360553690622774,0.7987178939193318,0.8455170427916453,2143,"{'decomposition': 'ema', 'n_filters': 12, 'slowest': 0.0068481211016550025, 'input_scaling': 0.929634188755156, 'bias_dist': 'foldnorm', 'bias_scaling': 0.0004530104948033912, 'lr': 0.9407030287660403, 'sr': 0.9778712320759426, 'rc_connectivity': 0.020075371100608825, 'learning_rate': 0.003}",ppo,1000,linear,0.003,,,,,,
RepeatPrevious,filterbank+esn,6,1008,20.23611111111111,0.82,0.1482396595608611,0.8360663898451822,0.9360247860417727,2125,"{'decomposition': 'ema', 'n_filters': 12, 'slowest': 0.0068481211016550025, 'input_scaling': 0.929634188755156, 'bias_dist': 'foldnorm', 'bias_scaling': 0.0004530104948033912, 'lr': 0.9407030287660403, 'sr': 0.9778712320759426, 'rc_connectivity': 0.020075371100608825, 'learning_rate': 0.003}",ppo,1000,linear,0.003,,,,,,
RepeatPrevious,filterbank+esn,7,1008,20.23611111111111,0.9991666599999999,0.005833380000000002,0.805300192452638,0.9092800005094244,2101,"{'decomposition': 'ema', 'n_filters': 12, 'slowest': 0.0068481211016550025, 'input_scaling': 0.929634188755156, 'bias_dist': 'foldnorm', 'bias_scaling': 0.0004530104948033912, 'lr': 0.9407030287660403, 'sr': 0.9778712320759426, 'rc_connectivity': 0.020075371100608825, 'learning_rate': 0.003}",ppo,1000,linear,0.003,,,,,,
RepeatPrevious,filterbank+esn,0,1008,20.23611111111111,-0.4991666,0.03678972380760693,-0.5000508847015686,-0.4991933657666836,2049,"{'decomposition': 'ema', 'n_filters': 12, 'slowest': 0.0068481211016550025, 'input_scaling': 0.929634188755156, 'bias_dist': 'foldnorm', 'bias_scaling': 0.0004530104948033912, 'lr': 0.9407030287660403, 'sr': 0.9778712320759426, 'rc_connectivity': 0.020075371100608825, 'learning_rate': 0.01}",ppo,1000,linear,0.01,,,,,,
RepeatPrevious,filterbank+esn,9,1008,20.23611111111111,0.9975,0.012936790775149759,0.82017083555714,0.9407369409067754,2098,"{'decomposition': 'ema', 'n_filters': 12, 'slowest': 0.0068481211016550025, 'input_scaling': 0.929634188755156, 'bias_dist': 'foldnorm', 'bias_scaling': 0.0004530104948033912, 'lr': 0.9407030287660403, 'sr': 0.9778712320759426, 'rc_connectivity': 0.020075371100608825, 'learning_rate': 0.003}",ppo,1000,linear,0.003,,,,,,
RepeatPrevious,filterbank+esn,8,1008,20.23611111111111,0.93499996,0.11461292257960444,0.7913823101446323,0.9834649291900153,2178,"{'decomposition': 'ema', 'n_filters': 12, 'slowest': 0.0068481211016550025, 'input_scaling': 0.929634188755156, 'bias_dist': 'foldnorm', 'bias_scaling': 0.0004530104948033912, 'lr': 0.9407030287660403, 'sr': 0.9778712320759426, 'rc_connectivity': 0.020075371100608825, 'learning_rate': 0.003}",ppo,1000,linear,0.003,,,,,,
RepeatPrevious,filterbank+esn,1,1008,20.23611111111111,-0.5008332600000001,0.03772169446608146,-0.4982217602363007,-0.5010824910850739,2130,"{'decomposition': 'ema', 'n_filters': 12, 'slowest': 0.0068481211016550025, 'input_scaling': 0.929634188755156, 'bias_dist': 'foldnorm', 'bias_scaling': 0.0004530104948033912, 'lr': 0.9407030287660403, 'sr': 0.9778712320759426, 'rc_connectivity': 0.020075371100608825, 'learning_rate': 0.01}",ppo,1000,linear,0.01,,,,,,
RepeatPrevious,filterbank+esn,3,1008,20.23611111111111,-0.5016666399999999,0.03531622353126677,-0.4998556623039315,-0.4988537432501274,2133,"{'decomposition': 'ema', 'n_filters': 12, 'slowest': 0.0068481211016550025, 'input_scaling': 0.929634188755156, 'bias_dist': 'foldnorm', 'bias_scaling': 0.0004530104948033912, 'lr': 0.9407030287660403, 'sr': 0.9778712320759426, 'rc_connectivity': 0.020075371100608825, 'learning_rate': 0.01}",ppo,1000,linear,0.01,,,,,,
RepeatPrevious,filterbank+esn,2,1008,20.23611111111111,-0.49916664000000005,0.03384012181583276,-0.4997792735282135,-0.49915091543555784,2188,"{'decomposition': 'ema', 'n_filters': 12, 'slowest': 0.0068481211016550025, 'input_scaling': 0.929634188755156, 'bias_dist': 'foldnorm', 'bias_scaling': 0.0004530104948033912, 'lr': 0.9407030287660403, 'sr': 0.9778712320759426, 'rc_connectivity': 0.020075371100608825, 'learning_rate': 0.01}",ppo,1000,linear,0.01,,,,,,
RepeatPrevious,filterbank+esn,4,1008,20.23611111111111,-0.49583330000000003,0.03254296732460026,-0.49997449164799346,-0.500063633723892,2188,"{'decomposition': 'ema', 'n_filters': 12, 'slowest': 0.0068481211016550025, 'input_scaling': 0.929634188755156, 'bias_dist': 'foldnorm', 'bias_scaling': 0.0004530104948033912, 'lr': 0.9407030287660403, 'sr': 0.9778712320759426, 'rc_connectivity': 0.020075371100608825, 'learning_rate': 0.01}",ppo,1000,linear,0.01,,,,,,
RepeatPrevious,filterbank+esn,5,1008,20.23611111111111,-0.49416659999999996,0.034369540779591465,-0.5003840315746587,-0.5004244768211921,2148,"{'decomposition': 'ema', 'n_filters': 12, 'slowest': 0.0068481211016550025, 'input_scaling': 0.929634188755156, 'bias_dist': 'foldnorm', 'bias_scaling': 0.0004530104948033912, 'lr': 0.9407030287660403, 'sr': 0.9778712320759426, 'rc_connectivity': 0.020075371100608825, 'learning_rate': 0.01}",ppo,1000,linear,0.01,,,,,,
RepeatPrevious,filterbank+esn,6,1008,20.23611111111111,-0.50249996,0.03575588032531713,-0.5003076391322062,-0.5009339072847682,2141,"{'decomposition': 'ema', 'n_filters': 12, 'slowest': 0.0068481211016550025, 'input_scaling': 0.929634188755156, 'bias_dist': 'foldnorm', 'bias_scaling': 0.0004530104948033912, 'lr': 0.9407030287660403, 'sr': 0.9778712320759426, 'rc_connectivity': 0.020075371100608825, 'learning_rate': 0.01}",ppo,1000,linear,0.01,,,,,,
RepeatPrevious,filterbank+esn,7,1008,20.23611111111111,-0.49999996,0.033333500000426,-0.49926151762069665,-0.4990023260315843,2168,"{'decomposition': 'ema', 'n_filters': 12, 'slowest': 0.0068481211016550025, 'input_scaling': 0.929634188755156, 'bias_dist': 'foldnorm', 'bias_scaling': 0.0004530104948033912, 'lr': 0.9407030287660403, 'sr': 0.9778712320759426, 'rc_connectivity': 0.020075371100608825, 'learning_rate': 0.01}",ppo,1000,linear,0.01,,,,,,
RepeatPrevious,filterbank+esn,8,1008,20.23611111111111,-0.50333332,0.033166416750345526,-0.5001909343552658,-0.5011037096281202,2115,"{'decomposition': 'ema', 'n_filters': 12, 'slowest': 0.0068481211016550025, 'input_scaling': 0.929634188755156, 'bias_dist': 'foldnorm', 'bias_scaling': 0.0004530104948033912, 'lr': 0.9407030287660403, 'sr': 0.9778712320759426, 'rc_connectivity': 0.020075371100608825, 'learning_rate': 0.01}",ppo,1000,linear,0.01,,,,,,
RepeatPrevious,filterbank+esn,9,1008,20.23611111111111,-0.50416666,0.03461111815680621,-0.49977290670197594,-0.500636734080489,2140,"{'decomposition': 'ema', 'n_filters': 12, 'slowest': 0.0068481211016550025, 'input_scaling': 0.929634188755156, 'bias_dist': 'foldnorm', 'bias_scaling': 0.0004530104948033912, 'lr': 0.9407030287660403, 'sr': 0.9778712320759426, 'rc_connectivity': 0.020075371100608825, 'learning_rate': 0.01}",ppo,1000,linear,0.01,,,,,,
RepeatPrevious,filterbank+hag,0,1040,3.1721153846153847,0.90583328,0.07061722295475516,0.7062177475555103,0.837557308201732,2260,"{'decomposition': 'legendre', 'n_filters': 12, 'slowest': 0.05503533446959869, 'input_scaling': 0.9095759553753703, 'bias_dist': 'foldnorm', 'bias_scaling': 0.04123764193322552, 'lr': 0.9047782400199377, 'weight_increment': 0.002278223530217896, 'min_window': 11, 'max_window': 59, 'use_full_instance': False, 'max_partners': 20, 'homeostasis': 'mean', 'target': 0.52, 'spread': 0.385, 'learning_rate': 0.0003}",ppo,1000,linear,0.0003,,,,,,
RepeatPrevious,filterbank+hag,1,1040,3.225,0.8974999600000001,0.06882438698977565,0.7079683589834997,0.8326116586856852,2316,"{'decomposition': 'legendre', 'n_filters': 12, 'slowest': 0.05503533446959869, 'input_scaling': 0.9095759553753703, 'bias_dist': 'foldnorm', 'bias_scaling': 0.04123764193322552, 'lr': 0.9047782400199377, 'weight_increment': 0.002278223530217896, 'min_window': 11, 'max_window': 59, 'use_full_instance': False, 'max_partners': 20, 'homeostasis': 'mean', 'target': 0.52, 'spread': 0.385, 'learning_rate': 0.0003}",ppo,1000,linear,0.0003,,,,,,
RepeatPrevious,filterbank+hag,2,1040,3.0701923076923077,0.9058331799999998,0.0628103230196088,0.6939740796496231,0.8195576449312277,2282,"{'decomposition': 'legendre', 'n_filters': 12, 'slowest': 0.05503533446959869, 'input_scaling': 0.9095759553753703, 'bias_dist': 'foldnorm', 'bias_scaling': 0.04123764193322552, 'lr': 0.9047782400199377, 'weight_increment': 0.002278223530217896, 'min_window': 11, 'max_window': 59, 'use_full_instance': False, 'max_partners': 20, 'homeostasis': 'mean', 'target': 0.52, 'spread': 0.385, 'learning_rate': 0.0003}",ppo,1000,linear,0.0003,,,,,,
RepeatPrevious,filterbank+hag,3,1040,3.141346153846154,0.9083332999999999,0.061801649565120825,0.7003972304950091,0.8256495104431991,2306,"{'decomposition': 'legendre', 'n_filters': 12, 'slowest': 0.05503533446959869, 'input_scaling': 0.9095759553753703, 'bias_dist': 'foldnorm', 'bias_scaling': 0.04123764193322552, 'lr': 0.9047782400199377, 'weight_increment': 0.002278223530217896, 'min_window': 11, 'max_window': 59, 'use_full_instance': False, 'max_partners': 20, 'homeostasis': 'mean', 'target': 0.52, 'spread': 0.385, 'learning_rate': 0.0003}",ppo,1000,linear,0.0003,,,,,,
RepeatPrevious,filterbank+hag,4,1040,3.064423076923077,0.89750006,0.0657276837502768,0.7022518190568344,0.8254797213448802,2300,"{'decomposition': 'legendre', 'n_filters': 12, 'slowest': 0.05503533446959869, 'input_scaling': 0.9095759553753703, 'bias_dist': 'foldnorm', 'bias_scaling': 0.04123764193322552, 'lr': 0.9047782400199377, 'weight_increment': 0.002278223530217896, 'min_window': 11, 'max_window': 59, 'use_full_instance': False, 'max_partners': 20, 'homeostasis': 'mean', 'target': 0.52, 'spread': 0.385, 'learning_rate': 0.0003}",ppo,1000,linear,0.0003,,,,,,
RepeatPrevious,filterbank+hag,6,1040,3.208653846153846,0.9074999799999999,0.06629579482274574,0.7010465477694031,0.8281754116148752,2283,"{'decomposition': 'legendre', 'n_filters': 12, 'slowest': 0.05503533446959869, 'input_scaling': 0.9095759553753703, 'bias_dist': 'foldnorm', 'bias_scaling': 0.04123764193322552, 'lr': 0.9047782400199377, 'weight_increment': 0.002278223530217896, 'min_window': 11, 'max_window': 59, 'use_full_instance': False, 'max_partners': 20, 'homeostasis': 'mean', 'target': 0.52, 'spread': 0.385, 'learning_rate': 0.0003}",ppo,1000,linear,0.0003,,,,,,
RepeatPrevious,filterbank+hag,5,1040,3.3615384615384616,0.8999999599999999,0.055901672605373806,0.6960748117233653,0.8243759409067754,2323,"{'decomposition': 'legendre', 'n_filters': 12, 'slowest': 0.05503533446959869, 'input_scaling': 0.9095759553753703, 'bias_dist': 'foldnorm', 'bias_scaling': 0.04123764193322552, 'lr': 0.9047782400199377, 'weight_increment': 0.002278223530217896, 'min_window': 11, 'max_window': 59, 'use_full_instance': False, 'max_partners': 20, 'homeostasis': 'mean', 'target': 0.52, 'spread': 0.385, 'learning_rate': 0.0003}",ppo,1000,linear,0.0003,,,,,,
RepeatPrevious,filterbank+hag,7,1040,3.3701923076923075,0.915,0.050662264063896706,0.7106441410165004,0.8361776265919512,2326,"{'decomposition': 'legendre', 'n_filters': 12, 'slowest': 0.05503533446959869, 'input_scaling': 0.9095759553753703, 'bias_dist': 'foldnorm', 'bias_scaling': 0.04123764193322552, 'lr': 0.9047782400199377, 'weight_increment': 0.002278223530217896, 'min_window': 11, 'max_window': 59, 'use_full_instance': False, 'max_partners': 20, 'homeostasis': 'mean', 'target': 0.52, 'spread': 0.385, 'learning_rate': 0.0003}",ppo,1000,linear,0.0003,,,,,,
RepeatPrevious,filterbank+hag,8,1040,3.316346153846154,0.90916664,0.06048983514302548,0.7002699111326136,0.8262013846153846,2246,"{'decomposition': 'legendre', 'n_filters': 12, 'slowest': 0.05503533446959869, 'input_scaling': 0.9095759553753703, 'bias_dist': 'foldnorm', 'bias_scaling': 0.04123764193322552, 'lr': 0.9047782400199377, 'weight_increment': 0.002278223530217896, 'min_window': 11, 'max_window': 59, 'use_full_instance': False, 'max_partners': 20, 'homeostasis': 'mean', 'target': 0.52, 'spread': 0.385, 'learning_rate': 0.0003}",ppo,1000,linear,0.0003,,,,,,
RepeatPrevious,filterbank+hag,9,1040,3.3201923076923077,0.9058333199999999,0.05881351167561413,0.7018910830107965,0.8288546449312276,2301,"{'decomposition': 'legendre', 'n_filters': 12, 'slowest': 0.05503533446959869, 'input_scaling': 0.9095759553753703, 'bias_dist': 'foldnorm', 'bias_scaling': 0.04123764193322552, 'lr': 0.9047782400199377, 'weight_increment': 0.002278223530217896, 'min_window': 11, 'max_window': 59, 'use_full_instance': False, 'max_partners': 20, 'homeostasis': 'mean', 'target': 0.52, 'spread': 0.385, 'learning_rate': 0.0003}",ppo,1000,linear,0.0003,,,,,,
RepeatPrevious,filterbank+hag,0,1040,3.1721153846153847,0.9558332799999999,0.04117200721171607,0.8051368217050316,0.9197019592460519,2242,"{'decomposition': 'legendre', 'n_filters': 12, 'slowest': 0.05503533446959869, 'input_scaling': 0.9095759553753703, 'bias_dist': 'foldnorm', 'bias_scaling': 0.04123764193322552, 'lr': 0.9047782400199377, 'weight_increment': 0.002278223530217896, 'min_window': 11, 'max_window': 59, 'use_full_instance': False, 'max_partners': 20, 'homeostasis': 'mean', 'target': 0.52, 'spread': 0.385, 'learning_rate': 0.001}",ppo,1000,linear,0.001,,,,,,
RepeatPrevious,filterbank+hag,1,1040,3.225,0.9599999400000001,0.039930448978397426,0.8029851618965167,0.9071574080489048,2270,"{'decomposition': 'legendre', 'n_filters': 12, 'slowest': 0.05503533446959869, 'input_scaling': 0.9095759553753703, 'bias_dist': 'foldnorm', 'bias_scaling': 0.04123764193322552, 'lr': 0.9047782400199377, 'weight_increment': 0.002278223530217896, 'min_window': 11, 'max_window': 59, 'use_full_instance': False, 'max_partners': 20, 'homeostasis': 'mean', 'target': 0.52, 'spread': 0.385, 'learning_rate': 0.001}",ppo,1000,linear,0.001,,,,,,
RepeatPrevious,filterbank+hag,2,1040,3.0701923076923077,0.9408332800000001,0.04494590353437786,0.7867225127317172,0.8925539057564952,2213,"{'decomposition': 'legendre', 'n_filters': 12, 'slowest': 0.05503533446959869, 'input_scaling': 0.9095759553753703, 'bias_dist': 'foldnorm', 'bias_scaling': 0.04123764193322552, 'lr': 0.9047782400199377, 'weight_increment': 0.002278223530217896, 'min_window': 11, 'max_window': 59, 'use_full_instance': False, 'max_partners': 20, 'homeostasis': 'mean', 'target': 0.52, 'spread': 0.385, 'learning_rate': 0.001}",ppo,1000,linear,0.001,,,,,,
RepeatPrevious,filterbank+hag,4,1040,3.064423076923077,0.9633332799999998,0.035978318780643434,0.8004197175086577,0.9052682725420276,2233,"{'decomposition': 'legendre', 'n_filters': 12, 'slowest': 0.05503533446959869, 'input_scaling': 0.9095759553753703, 'bias_dist': 'foldnorm', 'bias_scaling': 0.04123764193322552, 'lr': 0.9047782400199377, 'weight_increment': 0.002278223530217896, 'min_window': 11, 'max_window': 59, 'use_full_instance': False, 'max_partners': 20, 'homeostasis': 'mean', 'target': 0.52, 'spread': 0.385, 'learning_rate': 0.001}",ppo,1000,linear,0.001,,,,,,
RepeatPrevious,filterbank+hag,8,1040,3.316346153846154,0.9391666199999998,0.04580297042851696,0.7896126160114076,0.8925114528782476,2200,"{'decomposition': 'legendre', 'n_filters': 12, 'slowest': 0.05503533446959869, 'input_scaling': 0.9095759553753703, 'bias_dist': 'foldnorm', 'bias_scaling': 0.04123764193322552, 'lr': 0.9047782400199377, 'weight_increment': 0.002278223530217896, 'min_window': 11, 'max_window': 59, 'use_full_instance': False, 'max_partners': 20, 'homeostasis': 'mean', 'target': 0.52, 'spread': 0.385, 'learning_rate': 0.001}",ppo,1000,linear,0.001,,,,,,
RepeatPrevious,filterbank+hag,3,1040,3.141346153846154,0.97083324,0.033592734003388296,0.8008037923202282,0.9087705710646969,2298,"{'decomposition': 'legendre', 'n_filters': 12, 'slowest': 0.05503533446959869, 'input_scaling': 0.9095759553753703, 'bias_dist': 'foldnorm', 'bias_scaling': 0.04123764193322552, 'lr': 0.9047782400199377, 'weight_increment': 0.002278223530217896, 'min_window': 11, 'max_window': 59, 'use_full_instance': False, 'max_partners': 20, 'homeostasis': 'mean', 'target': 0.52, 'spread': 0.385, 'learning_rate': 0.001}",ppo,1000,linear,0.001,,,,,,
RepeatPrevious,filterbank+hag,5,1040,3.3615384615384616,0.9516665799999999,0.04278495270353352,0.7983147410368711,0.9067541110545084,2254,"{'decomposition': 'legendre', 'n_filters': 12, 'slowest': 0.05503533446959869, 'input_scaling': 0.9095759553753703, 'bias_dist': 'foldnorm', 'bias_scaling': 0.04123764193322552, 'lr': 0.9047782400199377, 'weight_increment': 0.002278223530217896, 'min_window': 11, 'max_window': 59, 'use_full_instance': False, 'max_partners': 20, 'homeostasis': 'mean', 'target': 0.52, 'spread': 0.385, 'learning_rate': 0.001}",ppo,1000,linear,0.001,,,,,,
RepeatPrevious,filterbank+hag,6,1040,3.208653846153846,0.9683332200000001,0.030686570353358162,0.7961164012018741,0.9025938064187468,2258,"{'decomposition': 'legendre', 'n_filters': 12, 'slowest': 0.05503533446959869, 'input_scaling': 0.9095759553753703, 'bias_dist': 'foldnorm', 'bias_scaling': 0.04123764193322552, 'lr': 0.9047782400199377, 'weight_increment': 0.002278223530217896, 'min_window': 11, 'max_window': 59, 'use_full_instance': False, 'max_partners': 20, 'homeostasis': 'mean', 'target': 0.52, 'spread': 0.385, 'learning_rate': 0.001}",ppo,1000,linear,0.001,,,,,,
RepeatPrevious,filterbank+hag,7,1040,3.3701923076923075,0.97833324,0.02666669500073828,0.8090263560297414,0.9136950081507896,2260,"{'decomposition': 'legendre', 'n_filters': 12, 'slowest': 0.05503533446959869, 'input_scaling': 0.9095759553753703, 'bias_dist': 'foldnorm', 'bias_scaling': 0.04123764193322552, 'lr': 0.9047782400199377, 'weight_increment': 0.002278223530217896, 'min_window': 11, 'max_window': 59, 'use_full_instance': False, 'max_partners': 20, 'homeostasis': 'mean', 'target': 0.52, 'spread': 0.385, 'learning_rate': 0.001}",ppo,1000,linear,0.001,,,,,,
RepeatPrevious,filterbank+hag,0,1040,3.1721153846153847,0.9749999000000001,0.027638549970828787,0.8594587911489102,0.9493122103922568,2251,"{'decomposition': 'legendre', 'n_filters': 12, 'slowest': 0.05503533446959869, 'input_scaling': 0.9095759553753703, 'bias_dist': 'foldnorm', 'bias_scaling': 0.04123764193322552, 'lr': 0.9047782400199377, 'weight_increment': 0.002278223530217896, 'min_window': 11, 'max_window': 59, 'use_full_instance': False, 'max_partners': 20, 'homeostasis': 'mean', 'target': 0.52, 'spread': 0.385, 'learning_rate': 0.003}",ppo,1000,linear,0.003,,,,,,
RepeatPrevious,filterbank+hag,2,1040,3.0701923076923077,0.9533332200000001,0.04301159378646181,0.8367454221328172,0.9363855995924605,2229,"{'decomposition': 'legendre', 'n_filters': 12, 'slowest': 0.05503533446959869, 'input_scaling': 0.9095759553753703, 'bias_dist': 'foldnorm', 'bias_scaling': 0.04123764193322552, 'lr': 0.9047782400199377, 'weight_increment': 0.002278223530217896, 'min_window': 11, 'max_window': 59, 'use_full_instance': False, 'max_partners': 20, 'homeostasis': 'mean', 'target': 0.52, 'spread': 0.385, 'learning_rate': 0.003}",ppo,1000,linear,0.003,,,,,,
RepeatPrevious,filterbank+hag,4,1040,3.064423076923077,0.9708332199999999,0.02795084077539708,0.8474676423915258,0.9439208206826286,2204,"{'decomposition': 'legendre', 'n_filters': 12, 'slowest': 0.05503533446959869, 'input_scaling': 0.9095759553753703, 'bias_dist': 'foldnorm', 'bias_scaling': 0.04123764193322552, 'lr': 0.9047782400199377, 'weight_increment': 0.002278223530217896, 'min_window': 11, 'max_window': 59, 'use_full_instance': False, 'max_partners': 20, 'homeostasis': 'mean', 'target': 0.52, 'spread': 0.385, 'learning_rate': 0.003}",ppo,1000,linear,0.003,,,,,,
RepeatPrevious,filterbank+hag,9,1040,3.3201923076923077,0.9666665999999999,0.03333327500081562,0.7972771065390101,0.9072847447784004,2309,"{'decomposition': 'legendre', 'n_filters': 12, 'slowest': 0.05503533446959869, 'input_scaling': 0.9095759553753703, 'bias_dist': 'foldnorm', 'bias_scaling': 0.04123764193322552, 'lr': 0.9047782400199377, 'weight_increment': 0.002278223530217896, 'min_window': 11, 'max_window': 59, 'use_full_instance': False, 'max_partners': 20, 'homeostasis': 'mean', 'target': 0.52, 'spread': 0.385, 'learning_rate': 0.001}",ppo,1000,linear,0.001,,,,,,
RepeatPrevious,filterbank+hag,1,1040,3.225,0.9733332400000001,0.02857737100193788,0.8449000857099205,0.9358549460010188,2286,"{'decomposition': 'legendre', 'n_filters': 12, 'slowest': 0.05503533446959869, 'input_scaling': 0.9095759553753703, 'bias_dist': 'foldnorm', 'bias_scaling': 0.04123764193322552, 'lr': 0.9047782400199377, 'weight_increment': 0.002278223530217896, 'min_window': 11, 'max_window': 59, 'use_full_instance': False, 'max_partners': 20, 'homeostasis': 'mean', 'target': 0.52, 'spread': 0.385, 'learning_rate': 0.003}",ppo,1000,linear,0.003,,,,,,
RepeatPrevious,filterbank+hag,3,1040,3.141346153846154,0.9558332799999998,0.04362876548610561,0.846311181910776,0.945236840040754,2270,"{'decomposition': 'legendre', 'n_filters': 12, 'slowest': 0.05503533446959869, 'input_scaling': 0.9095759553753703, 'bias_dist': 'foldnorm', 'bias_scaling': 0.04123764193322552, 'lr': 0.9047782400199377, 'weight_increment': 0.002278223530217896, 'min_window': 11, 'max_window': 59, 'use_full_instance': False, 'max_partners': 20, 'homeostasis': 'mean', 'target': 0.52, 'spread': 0.385, 'learning_rate': 0.003}",ppo,1000,linear,0.003,,,,,,
RepeatPrevious,filterbank+hag,5,1040,3.3615384615384616,0.98666662,0.024209751938332618,0.8602014788144224,0.9513499149261334,2257,"{'decomposition': 'legendre', 'n_filters': 12, 'slowest': 0.05503533446959869, 'input_scaling': 0.9095759553753703, 'bias_dist': 'foldnorm', 'bias_scaling': 0.04123764193322552, 'lr': 0.9047782400199377, 'weight_increment': 0.002278223530217896, 'min_window': 11, 'max_window': 59, 'use_full_instance': False, 'max_partners': 20, 'homeostasis': 'mean', 'target': 0.52, 'spread': 0.385, 'learning_rate': 0.003}",ppo,1000,linear,0.003,,,,,,
RepeatPrevious,filterbank+hag,6,1040,3.208653846153846,0.97083324,0.02916664000090514,0.8473636685679363,0.9412038813041261,2261,"{'decomposition': 'legendre', 'n_filters': 12, 'slowest': 0.05503533446959869, 'input_scaling': 0.9095759553753703, 'bias_dist': 'foldnorm', 'bias_scaling': 0.04123764193322552, 'lr': 0.9047782400199377, 'weight_increment': 0.002278223530217896, 'min_window': 11, 'max_window': 59, 'use_full_instance': False, 'max_partners': 20, 'homeostasis': 'mean', 'target': 0.52, 'spread': 0.385, 'learning_rate': 0.003}",ppo,1000,linear,0.003,,,,,,
RepeatPrevious,filterbank+hag,7,1040,3.3701923076923075,0.9933333000000001,0.01740056193259287,0.8596561395905479,0.939972781966378,2235,"{'decomposition': 'legendre', 'n_filters': 12, 'slowest': 0.05503533446959869, 'input_scaling': 0.9095759553753703, 'bias_dist': 'foldnorm', 'bias_scaling': 0.04123764193322552, 'lr': 0.9047782400199377, 'weight_increment': 0.002278223530217896, 'min_window': 11, 'max_window': 59, 'use_full_instance': False, 'max_partners': 20, 'homeostasis': 'mean', 'target': 0.52, 'spread': 0.385, 'learning_rate': 0.003}",ppo,1000,linear,0.003,,,,,,
RepeatPrevious,filterbank+hag,8,1040,3.316346153846154,0.9466665999999999,0.039122224432156204,0.8372801537991444,0.922418895568008,2217,"{'decomposition': 'legendre', 'n_filters': 12, 'slowest': 0.05503533446959869, 'input_scaling': 0.9095759553753703, 'bias_dist': 'foldnorm', 'bias_scaling': 0.04123764193322552, 'lr': 0.9047782400199377, 'weight_increment': 0.002278223530217896, 'min_window': 11, 'max_window': 59, 'use_full_instance': False, 'max_partners': 20, 'homeostasis': 'mean', 'target': 0.52, 'spread': 0.385, 'learning_rate': 0.003}",ppo,1000,linear,0.003,,,,,,
RepeatPrevious,filterbank+hag,1,1040,3.225,-0.5008332600000001,0.03772169446608146,-0.4833383844469342,-0.5010824910850739,2225,"{'decomposition': 'legendre', 'n_filters': 12, 'slowest': 0.05503533446959869, 'input_scaling': 0.9095759553753703, 'bias_dist': 'foldnorm', 'bias_scaling': 0.04123764193322552, 'lr': 0.9047782400199377, 'weight_increment': 0.002278223530217896, 'min_window': 11, 'max_window': 59, 'use_full_instance': False, 'max_partners': 20, 'homeostasis': 'mean', 'target': 0.52, 'spread': 0.385, 'learning_rate': 0.01}",ppo,1000,linear,0.01,,,,,,
RepeatPrevious,filterbank+hag,9,1040,3.3201923076923077,0.9866665599999999,0.019436661808201538,0.8440725203198206,0.939739299541518,2279,"{'decomposition': 'legendre', 'n_filters': 12, 'slowest': 0.05503533446959869, 'input_scaling': 0.9095759553753703, 'bias_dist': 'foldnorm', 'bias_scaling': 0.04123764193322552, 'lr': 0.9047782400199377, 'weight_increment': 0.002278223530217896, 'min_window': 11, 'max_window': 59, 'use_full_instance': False, 'max_partners': 20, 'homeostasis': 'mean', 'target': 0.52, 'spread': 0.385, 'learning_rate': 0.003}",ppo,1000,linear,0.003,,,,,,
RepeatPrevious,filterbank+hag,3,1040,3.141346153846154,-0.49749997999999995,0.0316340078968758,-0.4999808582705235,-0.499915050942435,2191,"{'decomposition': 'legendre', 'n_filters': 12, 'slowest': 0.05503533446959869, 'input_scaling': 0.9095759553753703, 'bias_dist': 'foldnorm', 'bias_scaling': 0.04123764193322552, 'lr': 0.9047782400199377, 'weight_increment': 0.002278223530217896, 'min_window': 11, 'max_window': 59, 'use_full_instance': False, 'max_partners': 20, 'homeostasis': 'mean', 'target': 0.52, 'spread': 0.385, 'learning_rate': 0.01}",ppo,1000,linear,0.01,,,,,,
RepeatPrevious,filterbank+hag,2,1040,3.0701923076923077,-0.49499996,0.0296275517429031,-0.4999129554899165,-0.5010824839531329,2234,"{'decomposition': 'legendre', 'n_filters': 12, 'slowest': 0.05503533446959869, 'input_scaling': 0.9095759553753703, 'bias_dist': 'foldnorm', 'bias_scaling': 0.04123764193322552, 'lr': 0.9047782400199377, 'weight_increment': 0.002278223530217896, 'min_window': 11, 'max_window': 59, 'use_full_instance': False, 'max_partners': 20, 'homeostasis': 'mean', 'target': 0.52, 'spread': 0.385, 'learning_rate': 0.01}",ppo,1000,linear,0.01,,,,,,
RepeatPrevious,filterbank+hag,0,1040,3.1721153846153847,-0.49499994,0.032956409932157364,-0.5001973009268691,-0.500700425878757,2313,"{'decomposition': 'legendre', 'n_filters': 12, 'slowest': 0.05503533446959869, 'input_scaling': 0.9095759553753703, 'bias_dist': 'foldnorm', 'bias_scaling': 0.04123764193322552, 'lr': 0.9047782400199377, 'weight_increment': 0.002278223530217896, 'min_window': 11, 'max_window': 59, 'use_full_instance': False, 'max_partners': 20, 'homeostasis': 'mean', 'target': 0.52, 'spread': 0.385, 'learning_rate': 0.01}",ppo,1000,linear,0.01,,,,,,
RepeatPrevious,filterbank+hag,4,1040,3.064423076923077,-0.49833326,0.037230674033012084,-0.49982383306172334,-0.4985990269994906,2171,"{'decomposition': 'legendre', 'n_filters': 12, 'slowest': 0.05503533446959869, 'input_scaling': 0.9095759553753703, 'bias_dist': 'foldnorm', 'bias_scaling': 0.04123764193322552, 'lr': 0.9047782400199377, 'weight_increment': 0.002278223530217896, 'min_window': 11, 'max_window': 59, 'use_full_instance': False, 'max_partners': 20, 'homeostasis': 'mean', 'target': 0.52, 'spread': 0.385, 'learning_rate': 0.01}",ppo,1000,linear,0.01,,,,,,
RepeatPrevious,filterbank+hag,5,1040,3.3615384615384616,-0.49416659999999996,0.034369540779591465,-0.5003161289977592,-0.5004244768211921,2217,"{'decomposition': 'legendre', 'n_filters': 12, 'slowest': 0.05503533446959869, 'input_scaling': 0.9095759553753703, 'bias_dist': 'foldnorm', 'bias_scaling': 0.04123764193322552, 'lr': 0.9047782400199377, 'weight_increment': 0.002278223530217896, 'min_window': 11, 'max_window': 59, 'use_full_instance': False, 'max_partners': 20, 'homeostasis': 'mean', 'target': 0.52, 'spread': 0.385, 'learning_rate': 0.01}",ppo,1000,linear,0.01,,,,,,
RepeatPrevious,filterbank+hag,6,1040,3.208653846153846,-0.4966666,0.03519803656228569,-0.49960314885923807,-0.5009975853285787,2199,"{'decomposition': 'legendre', 'n_filters': 12, 'slowest': 0.05503533446959869, 'input_scaling': 0.9095759553753703, 'bias_dist': 'foldnorm', 'bias_scaling': 0.04123764193322552, 'lr': 0.9047782400199377, 'weight_increment': 0.002278223530217896, 'min_window': 11, 'max_window': 59, 'use_full_instance': False, 'max_partners': 20, 'homeostasis': 'mean', 'target': 0.52, 'spread': 0.385, 'learning_rate': 0.01}",ppo,1000,linear,0.01,,,,,,
RepeatPrevious,filterbank+hag,7,1040,3.3701923076923075,-0.50249996,0.035755880325317124,-0.49995327179669996,-0.50099758430973,2221,"{'decomposition': 'legendre', 'n_filters': 12, 'slowest': 0.05503533446959869, 'input_scaling': 0.9095759553753703, 'bias_dist': 'foldnorm', 'bias_scaling': 0.04123764193322552, 'lr': 0.9047782400199377, 'weight_increment': 0.002278223530217896, 'min_window': 11, 'max_window': 59, 'use_full_instance': False, 'max_partners': 20, 'homeostasis': 'mean', 'target': 0.52, 'spread': 0.385, 'learning_rate': 0.01}",ppo,1000,linear,0.01,,,,,,
RepeatPrevious,filterbank+proj,1,1040,0.0,0.8741665999999998,0.07749997419406023,0.6632757888062742,0.8021310906775344,2133,"{'decomposition': 'legendre', 'n_filters': 12, 'slowest': 0.05503533446959869, 'input_scaling': 0.9095759553753703, 'bias_dist': 'foldnorm', 'bias_scaling': 0.04123764193322552, 'lr': 0.9047782400199377, 'weight_increment': 0.002278223530217896, 'min_window': 11, 'max_window': 59, 'use_full_instance': False, 'max_partners': 20, 'homeostasis': 'mean', 'target': 0.52, 'spread': 0.385, 'learning_rate': 0.0003}",ppo,1000,linear,0.0003,,,,,,
RepeatPrevious,filterbank+proj,0,1040,0.0,0.8958332599999999,0.06984610662873343,0.6589003161540028,0.8026405252165054,2182,"{'decomposition': 'legendre', 'n_filters': 12, 'slowest': 0.05503533446959869, 'input_scaling': 0.9095759553753703, 'bias_dist': 'foldnorm', 'bias_scaling': 0.04123764193322552, 'lr': 0.9047782400199377, 'weight_increment': 0.002278223530217896, 'min_window': 11, 'max_window': 59, 'use_full_instance': False, 'max_partners': 20, 'homeostasis': 'mean', 'target': 0.52, 'spread': 0.385, 'learning_rate': 0.0003}",ppo,1000,linear,0.0003,,,,,,
RepeatPrevious,filterbank+hag,8,1040,3.316346153846154,-0.49333324000000006,0.035707326980080716,-0.4999447846811978,-0.5005730657157412,2345,"{'decomposition': 'legendre', 'n_filters': 12, 'slowest': 0.05503533446959869, 'input_scaling': 0.9095759553753703, 'bias_dist': 'foldnorm', 'bias_scaling': 0.04123764193322552, 'lr': 0.9047782400199377, 'weight_increment': 0.002278223530217896, 'min_window': 11, 'max_window': 59, 'use_full_instance': False, 'max_partners': 20, 'homeostasis': 'mean', 'target': 0.52, 'spread': 0.385, 'learning_rate': 0.01}",ppo,1000,linear,0.01,,,,,,
RepeatPrevious,filterbank+proj,2,1040,0.0,0.8958333199999999,0.07132177865966047,0.6624270042269301,0.7965486469689252,2184,"{'decomposition': 'legendre', 'n_filters': 12, 'slowest': 0.05503533446959869, 'input_scaling': 0.9095759553753703, 'bias_dist': 'foldnorm', 'bias_scaling': 0.04123764193322552, 'lr': 0.9047782400199377, 'weight_increment': 0.002278223530217896, 'min_window': 11, 'max_window': 59, 'use_full_instance': False, 'max_partners': 20, 'homeostasis': 'mean', 'target': 0.52, 'spread': 0.385, 'learning_rate': 0.0003}",ppo,1000,linear,0.0003,,,,,,
RepeatPrevious,filterbank+hag,9,1040,3.3201923076923077,-0.4949999400000001,0.03188541045770621,-0.5004837643104503,-0.4998725955170657,2334,"{'decomposition': 'legendre', 'n_filters': 12, 'slowest': 0.05503533446959869, 'input_scaling': 0.9095759553753703, 'bias_dist': 'foldnorm', 'bias_scaling': 0.04123764193322552, 'lr': 0.9047782400199377, 'weight_increment': 0.002278223530217896, 'min_window': 11, 'max_window': 59, 'use_full_instance': False, 'max_partners': 20, 'homeostasis': 'mean', 'target': 0.52, 'spread': 0.385, 'learning_rate': 0.01}",ppo,1000,linear,0.01,,,,,,
RepeatPrevious,filterbank+proj,3,1040,0.0,0.88583332,0.059982648047061084,0.6613957354858423,0.7948081085073867,2228,"{'decomposition': 'legendre', 'n_filters': 12, 'slowest': 0.05503533446959869, 'input_scaling': 0.9095759553753703, 'bias_dist': 'foldnorm', 'bias_scaling': 0.04123764193322552, 'lr': 0.9047782400199377, 'weight_increment': 0.002278223530217896, 'min_window': 11, 'max_window': 59, 'use_full_instance': False, 'max_partners': 20, 'homeostasis': 'mean', 'target': 0.52, 'spread': 0.385, 'learning_rate': 0.0003}",ppo,1000,linear,0.0003,,,,,,
RepeatPrevious,filterbank+proj,4,1040,0.0,0.8891666400000001,0.06593876098373702,0.6655102039111835,0.7961241334691799,2090,"{'decomposition': 'legendre', 'n_filters': 12, 'slowest': 0.05503533446959869, 'input_scaling': 0.9095759553753703, 'bias_dist': 'foldnorm', 'bias_scaling': 0.04123764193322552, 'lr': 0.9047782400199377, 'weight_increment': 0.002278223530217896, 'min_window': 11, 'max_window': 59, 'use_full_instance': False, 'max_partners': 20, 'homeostasis': 'mean', 'target': 0.52, 'spread': 0.385, 'learning_rate': 0.0003}",ppo,1000,linear,0.0003,,,,,,
RepeatPrevious,filterbank+proj,6,1040,0.0,0.8999999599999999,0.06770029788264155,0.6664863014361377,0.8036381299032094,2093,"{'decomposition': 'legendre', 'n_filters': 12, 'slowest': 0.05503533446959869, 'input_scaling': 0.9095759553753703, 'bias_dist': 'foldnorm', 'bias_scaling': 0.04123764193322552, 'lr': 0.9047782400199377, 'weight_increment': 0.002278223530217896, 'min_window': 11, 'max_window': 59, 'use_full_instance': False, 'max_partners': 20, 'homeostasis': 'mean', 'target': 0.52, 'spread': 0.385, 'learning_rate': 0.0003}",ppo,1000,linear,0.0003,,,,,,
RepeatPrevious,filterbank+proj,7,1040,0.0,0.9058332800000001,0.05822008015626223,0.662851394224893,0.7997537789098318,2081,"{'decomposition': 'legendre', 'n_filters': 12, 'slowest': 0.05503533446959869, 'input_scaling': 0.9095759553753703, 'bias_dist': 'foldnorm', 'bias_scaling': 0.04123764193322552, 'lr': 0.9047782400199377, 'weight_increment': 0.002278223530217896, 'min_window': 11, 'max_window': 59, 'use_full_instance': False, 'max_partners': 20, 'homeostasis': 'mean', 'target': 0.52, 'spread': 0.385, 'learning_rate': 0.0003}",ppo,1000,linear,0.0003,,,,,,
RepeatPrevious,filterbank+proj,8,1040,0.0,0.8933333600000001,0.059019785948361415,0.6639696615909554,0.7978222088639837,2082,"{'decomposition': 'legendre', 'n_filters': 12, 'slowest': 0.05503533446959869, 'input_scaling': 0.9095759553753703, 'bias_dist': 'foldnorm', 'bias_scaling': 0.04123764193322552, 'lr': 0.9047782400199377, 'weight_increment': 0.002278223530217896, 'min_window': 11, 'max_window': 59, 'use_full_instance': False, 'max_partners': 20, 'homeostasis': 'mean', 'target': 0.52, 'spread': 0.385, 'learning_rate': 0.0003}",ppo,1000,linear,0.0003,,,,,,
RepeatPrevious,filterbank+proj,5,1040,0.0,0.88833334,0.06424770934145745,0.6576632218883683,0.7935345603667855,2159,"{'decomposition': 'legendre', 'n_filters': 12, 'slowest': 0.05503533446959869, 'input_scaling': 0.9095759553753703, 'bias_dist': 'foldnorm', 'bias_scaling': 0.04123764193322552, 'lr': 0.9047782400199377, 'weight_increment': 0.002278223530217896, 'min_window': 11, 'max_window': 59, 'use_full_instance': False, 'max_partners': 20, 'homeostasis': 'mean', 'target': 0.52, 'spread': 0.385, 'learning_rate': 0.0003}",ppo,1000,linear,0.0003,,,,,,
RepeatPrevious,filterbank+proj,9,1040,0.0,0.89000002,0.07009912394502231,0.6593416851700957,0.7979283392766174,2094,"{'decomposition': 'legendre', 'n_filters': 12, 'slowest': 0.05503533446959869, 'input_scaling': 0.9095759553753703, 'bias_dist': 'foldnorm', 'bias_scaling': 0.04123764193322552, 'lr': 0.9047782400199377, 'weight_increment': 0.002278223530217896, 'min_window': 11, 'max_window': 59, 'use_full_instance': False, 'max_partners': 20, 'homeostasis': 'mean', 'target': 0.52, 'spread': 0.385, 'learning_rate': 0.0003}",ppo,1000,linear,0.0003,,,,,,
RepeatPrevious,filterbank+proj,0,1040,0.0,0.8991666799999999,0.07364040195475308,0.755220006620493,0.8593776505348956,2096,"{'decomposition': 'legendre', 'n_filters': 12, 'slowest': 0.05503533446959869, 'input_scaling': 0.9095759553753703, 'bias_dist': 'foldnorm', 'bias_scaling': 0.04123764193322552, 'lr': 0.9047782400199377, 'weight_increment': 0.002278223530217896, 'min_window': 11, 'max_window': 59, 'use_full_instance': False, 'max_partners': 20, 'homeostasis': 'mean', 'target': 0.52, 'spread': 0.385, 'learning_rate': 0.001}",ppo,1000,linear,0.001,,,,,,
RepeatPrevious,filterbank+proj,3,1040,0.0,0.9149999799999997,0.04406425157357832,0.7576453958545528,0.8573187254202751,2136,"{'decomposition': 'legendre', 'n_filters': 12, 'slowest': 0.05503533446959869, 'input_scaling': 0.9095759553753703, 'bias_dist': 'foldnorm', 'bias_scaling': 0.04123764193322552, 'lr': 0.9047782400199377, 'weight_increment': 0.002278223530217896, 'min_window': 11, 'max_window': 59, 'use_full_instance': False, 'max_partners': 20, 'homeostasis': 'mean', 'target': 0.52, 'spread': 0.385, 'learning_rate': 0.001}",ppo,1000,linear,0.001,,,,,,
RepeatPrevious,filterbank+proj,4,1040,0.0,0.92333332,0.05024931906740229,0.7604845722143003,0.8620309108507387,2143,"{'decomposition': 'legendre', 'n_filters': 12, 'slowest': 0.05503533446959869, 'input_scaling': 0.9095759553753703, 'bias_dist': 'foldnorm', 'bias_scaling': 0.04123764193322552, 'lr': 0.9047782400199377, 'weight_increment': 0.002278223530217896, 'min_window': 11, 'max_window': 59, 'use_full_instance': False, 'max_partners': 20, 'homeostasis': 'mean', 'target': 0.52, 'spread': 0.385, 'learning_rate': 0.001}",ppo,1000,linear,0.001,,,,,,
RepeatPrevious,filterbank+proj,1,1040,0.0,0.9108334,0.05204826499471429,0.7616113266958647,0.8716675134997454,2173,"{'decomposition': 'legendre', 'n_filters': 12, 'slowest': 0.05503533446959869, 'input_scaling': 0.9095759553753703, 'bias_dist': 'foldnorm', 'bias_scaling': 0.04123764193322552, 'lr': 0.9047782400199377, 'weight_increment': 0.002278223530217896, 'min_window': 11, 'max_window': 59, 'use_full_instance': False, 'max_partners': 20, 'homeostasis': 'mean', 'target': 0.52, 'spread': 0.385, 'learning_rate': 0.001}",ppo,1000,linear,0.001,,,,,,
RepeatPrevious,filterbank+proj,2,1040,0.0,0.9175000200000001,0.05302640296285992,0.7615710057038094,0.8641747274579724,2169,"{'decomposition': 'legendre', 'n_filters': 12, 'slowest': 0.05503533446959869, 'input_scaling': 0.9095759553753703, 'bias_dist': 'foldnorm', 'bias_scaling': 0.04123764193322552, 'lr': 0.9047782400199377, 'weight_increment': 0.002278223530217896, 'min_window': 11, 'max_window': 59, 'use_full_instance': False, 'max_partners': 20, 'homeostasis': 'mean', 'target': 0.52, 'spread': 0.385, 'learning_rate': 0.001}",ppo,1000,linear,0.001,,,,,,
RepeatPrevious,filterbank+proj,7,1040,0.0,0.91999994,0.05193478132404526,0.7579318595436952,0.8670826953642383,2094,"{'decomposition': 'legendre', 'n_filters': 12, 'slowest': 0.05503533446959869, 'input_scaling': 0.9095759553753703, 'bias_dist': 'foldnorm', 'bias_scaling': 0.04123764193322552, 'lr': 0.9047782400199377, 'weight_increment': 0.002278223530217896, 'min_window': 11, 'max_window': 59, 'use_full_instance': False, 'max_partners': 20, 'homeostasis': 'mean', 'target': 0.52, 'spread': 0.385, 'learning_rate': 0.001}",ppo,1000,linear,0.001,,,,,,
RepeatPrevious,filterbank+proj,5,1040,0.0,0.9233333400000001,0.05093568842790289,0.7563064425544918,0.8619672241467143,2170,"{'decomposition': 'legendre', 'n_filters': 12, 'slowest': 0.05503533446959869, 'input_scaling': 0.9095759553753703, 'bias_dist': 'foldnorm', 'bias_scaling': 0.04123764193322552, 'lr': 0.9047782400199377, 'weight_increment': 0.002278223530217896, 'min_window': 11, 'max_window': 59, 'use_full_instance': False, 'max_partners': 20, 'homeostasis': 'mean', 'target': 0.52, 'spread': 0.385, 'learning_rate': 0.001}",ppo,1000,linear,0.001,,,,,,
RepeatPrevious,filterbank+proj,6,1040,0.0,0.93,0.049609514097197126,0.760520641118354,0.8621582511462048,2154,"{'decomposition': 'legendre', 'n_filters': 12, 'slowest': 0.05503533446959869, 'input_scaling': 0.9095759553753703, 'bias_dist': 'foldnorm', 'bias_scaling': 0.04123764193322552, 'lr': 0.9047782400199377, 'weight_increment': 0.002278223530217896, 'min_window': 11, 'max_window': 59, 'use_full_instance': False, 'max_partners': 20, 'homeostasis': 'mean', 'target': 0.52, 'spread': 0.385, 'learning_rate': 0.001}",ppo,1000,linear,0.001,,,,,,
RepeatPrevious,filterbank+proj,8,1040,0.0,0.9216667000000001,0.05377407677877882,0.7599477141474842,0.8687383245033112,2201,"{'decomposition': 'legendre', 'n_filters': 12, 'slowest': 0.05503533446959869, 'input_scaling': 0.9095759553753703, 'bias_dist': 'foldnorm', 'bias_scaling': 0.04123764193322552, 'lr': 0.9047782400199377, 'weight_increment': 0.002278223530217896, 'min_window': 11, 'max_window': 59, 'use_full_instance': False, 'max_partners': 20, 'homeostasis': 'mean', 'target': 0.52, 'spread': 0.385, 'learning_rate': 0.001}",ppo,1000,linear,0.001,,,,,,
RepeatPrevious,filterbank+proj,9,1040,0.0,0.9266666199999998,0.04969342500729447,0.7562173207883479,0.864217173204279,2193,"{'decomposition': 'legendre', 'n_filters': 12, 'slowest': 0.05503533446959869, 'input_scaling': 0.9095759553753703, 'bias_dist': 'foldnorm', 'bias_scaling': 0.04123764193322552, 'lr': 0.9047782400199377, 'weight_increment': 0.002278223530217896, 'min_window': 11, 'max_window': 59, 'use_full_instance': False, 'max_partners': 20, 'homeostasis': 'mean', 'target': 0.52, 'spread': 0.385, 'learning_rate': 0.001}",ppo,1000,linear,0.001,,,,,,
RepeatPrevious,filterbank+proj,0,1040,0.0,0.92416666,0.0593307358051828,0.7924072268282746,0.874533017320428,2218,"{'decomposition': 'legendre', 'n_filters': 12, 'slowest': 0.05503533446959869, 'input_scaling': 0.9095759553753703, 'bias_dist': 'foldnorm', 'bias_scaling': 0.04123764193322552, 'lr': 0.9047782400199377, 'weight_increment': 0.002278223530217896, 'min_window': 11, 'max_window': 59, 'use_full_instance': False, 'max_partners': 20, 'homeostasis': 'mean', 'target': 0.52, 'spread': 0.385, 'learning_rate': 0.003}",ppo,1000,linear,0.003,,,,,,
RepeatPrevious,filterbank+proj,3,1040,0.0,0.90833338,0.047871369314816975,0.8109934071603178,0.8994735812531839,2170,"{'decomposition': 'legendre', 'n_filters': 12, 'slowest': 0.05503533446959869, 'input_scaling': 0.9095759553753703, 'bias_dist': 'foldnorm', 'bias_scaling': 0.04123764193322552, 'lr': 0.9047782400199377, 'weight_increment': 0.002278223530217896, 'min_window': 11, 'max_window': 59, 'use_full_instance': False, 'max_partners': 20, 'homeostasis': 'mean', 'target': 0.52, 'spread': 0.385, 'learning_rate': 0.003}",ppo,1000,linear,0.003,,,,,,
RepeatPrevious,filterbank+proj,2,1040,0.0,0.8950000999999999,0.053515297917231114,0.7967126666327153,0.8974783326541008,2186,"{'decomposition': 'legendre', 'n_filters': 12, 'slowest': 0.05503533446959869, 'input_scaling': 0.9095759553753703, 'bias_dist': 'foldnorm', 'bias_scaling': 0.04123764193322552, 'lr': 0.9047782400199377, 'weight_increment': 0.002278223530217896, 'min_window': 11, 'max_window': 59, 'use_full_instance': False, 'max_partners': 20, 'homeostasis': 'mean', 'target': 0.52, 'spread': 0.385, 'learning_rate': 0.003}",ppo,1000,linear,0.003,,,,,,
RepeatPrevious,filterbank+proj,1,1040,0.0,0.9483333399999999,0.04969346726627555,0.8016419695457323,0.8946128410596027,2208,"{'decomposition': 'legendre', 'n_filters': 12, 'slowest': 0.05503533446959869, 'input_scaling': 0.9095759553753703, 'bias_dist': 'foldnorm', 'bias_scaling': 0.04123764193322552, 'lr': 0.9047782400199377, 'weight_increment': 0.002278223530217896, 'min_window': 11, 'max_window': 59, 'use_full_instance': False, 'max_partners': 20, 'homeostasis': 'mean', 'target': 0.52, 'spread': 0.385, 'learning_rate': 0.003}",ppo,1000,linear,0.003,,,,,,
RepeatPrevious,filterbank+proj,4,1040,0.0,0.92249998,0.044884056932719435,0.8040567485740476,0.8913440285277637,2142,"{'decomposition': 'legendre', 'n_filters': 12, 'slowest': 0.05503533446959869, 'input_scaling': 0.9095759553753703, 'bias_dist': 'foldnorm', 'bias_scaling': 0.04123764193322552, 'lr': 0.9047782400199377, 'weight_increment': 0.002278223530217896, 'min_window': 11, 'max_window': 59, 'use_full_instance': False, 'max_partners': 20, 'homeostasis': 'mean', 'target': 0.52, 'spread': 0.385, 'learning_rate': 0.003}",ppo,1000,linear,0.003,,,,,,
RepeatPrevious,filterbank+proj,8,1040,0.0,0.8558332999999999,0.06982613208742125,0.8006807188327562,0.8882662450331126,2130,"{'decomposition': 'legendre', 'n_filters': 12, 'slowest': 0.05503533446959869, 'input_scaling': 0.9095759553753703, 'bias_dist': 'foldnorm', 'bias_scaling': 0.04123764193322552, 'lr': 0.9047782400199377, 'weight_increment': 0.002278223530217896, 'min_window': 11, 'max_window': 59, 'use_full_instance': False, 'max_partners': 20, 'homeostasis': 'mean', 'target': 0.52, 'spread': 0.385, 'learning_rate': 0.003}",ppo,1000,linear,0.003,,,,,,
RepeatPrevious,filterbank+proj,7,1040,0.0,0.9249999600000001,0.04714037665524534,0.8039973304644531,0.9076880565461029,2157,"{'decomposition': 'legendre', 'n_filters': 12, 'slowest': 0.05503533446959869, 'input_scaling': 0.9095759553753703, 'bias_dist': 'foldnorm', 'bias_scaling': 0.04123764193322552, 'lr': 0.9047782400199377, 'weight_increment': 0.002278223530217896, 'min_window': 11, 'max_window': 59, 'use_full_instance': False, 'max_partners': 20, 'homeostasis': 'mean', 'target': 0.52, 'spread': 0.385, 'learning_rate': 0.003}",ppo,1000,linear,0.003,,,,,,
RepeatPrevious,filterbank+proj,6,1040,0.0,0.8766666399999999,0.06006938654647973,0.788768080107965,0.8679954167091186,2173,"{'decomposition': 'legendre', 'n_filters': 12, 'slowest': 0.05503533446959869, 'input_scaling': 0.9095759553753703, 'bias_dist': 'foldnorm', 'bias_scaling': 0.04123764193322552, 'lr': 0.9047782400199377, 'weight_increment': 0.002278223530217896, 'min_window': 11, 'max_window': 59, 'use_full_instance': False, 'max_partners': 20, 'homeostasis': 'mean', 'target': 0.52, 'spread': 0.385, 'learning_rate': 0.003}",ppo,1000,linear,0.003,,,,,,
RepeatPrevious,filterbank+proj,5,1040,0.0,0.9424999999999999,0.04705925343011723,0.7956156187614586,0.8990490631686195,2252,"{'decomposition': 'legendre', 'n_filters': 12, 'slowest': 0.05503533446959869, 'input_scaling': 0.9095759553753703, 'bias_dist': 'foldnorm', 'bias_scaling': 0.04123764193322552, 'lr': 0.9047782400199377, 'weight_increment': 0.002278223530217896, 'min_window': 11, 'max_window': 59, 'use_full_instance': False, 'max_partners': 20, 'homeostasis': 'mean', 'target': 0.52, 'spread': 0.385, 'learning_rate': 0.003}",ppo,1000,linear,0.003,,,,,,
RepeatPrevious,filterbank+proj,0,1040,0.0,-0.4991666,0.03678972380760693,-0.49999571374006924,-0.4991933657666836,2097,"{'decomposition': 'legendre', 'n_filters': 12, 'slowest': 0.05503533446959869, 'input_scaling': 0.9095759553753703, 'bias_dist': 'foldnorm', 'bias_scaling': 0.04123764193322552, 'lr': 0.9047782400199377, 'weight_increment': 0.002278223530217896, 'min_window': 11, 'max_window': 59, 'use_full_instance': False, 'max_partners': 20, 'homeostasis': 'mean', 'target': 0.52, 'spread': 0.385, 'learning_rate': 0.01}",ppo,1000,linear,0.01,,,,,,
RepeatPrevious,filterbank+proj,9,1040,0.0,0.9158333399999999,0.06318508095764695,0.8027008170706865,0.8695236861946001,2194,"{'decomposition': 'legendre', 'n_filters': 12, 'slowest': 0.05503533446959869, 'input_scaling': 0.9095759553753703, 'bias_dist': 'foldnorm', 'bias_scaling': 0.04123764193322552, 'lr': 0.9047782400199377, 'weight_increment': 0.002278223530217896, 'min_window': 11, 'max_window': 59, 'use_full_instance': False, 'max_partners': 20, 'homeostasis': 'mean', 'target': 0.52, 'spread': 0.385, 'learning_rate': 0.003}",ppo,1000,linear,0.003,,,,,,
RepeatPrevious,filterbank+proj,1,1040,0.0,-0.50333328,0.036171003120201134,-0.4933688525157873,-0.5001697697401936,2187,"{'decomposition': 'legendre', 'n_filters': 12, 'slowest': 0.05503533446959869, 'input_scaling': 0.9095759553753703, 'bias_dist': 'foldnorm', 'bias_scaling': 0.04123764193322552, 'lr': 0.9047782400199377, 'weight_increment': 0.002278223530217896, 'min_window': 11, 'max_window': 59, 'use_full_instance': False, 'max_partners': 20, 'homeostasis': 'mean', 'target': 0.52, 'spread': 0.385, 'learning_rate': 0.01}",ppo,1000,linear,0.01,,,,,,
RepeatPrevious,filterbank+proj,2,1040,0.0,-0.49499996,0.0296275517429031,-0.4999087116520676,-0.5010824839531329,2123,"{'decomposition': 'legendre', 'n_filters': 12, 'slowest': 0.05503533446959869, 'input_scaling': 0.9095759553753703, 'bias_dist': 'foldnorm', 'bias_scaling': 0.04123764193322552, 'lr': 0.9047782400199377, 'weight_increment': 0.002278223530217896, 'min_window': 11, 'max_window': 59, 'use_full_instance': False, 'max_partners': 20, 'homeostasis': 'mean', 'target': 0.52, 'spread': 0.385, 'learning_rate': 0.01}",ppo,1000,linear,0.01,,,,,,
RepeatPrevious,filterbank+proj,3,1040,0.0,-0.5041666,0.037500088889494645,-0.4999744941943369,-0.5013796556291391,2207,"{'decomposition': 'legendre', 'n_filters': 12, 'slowest': 0.05503533446959869, 'input_scaling': 0.9095759553753703, 'bias_dist': 'foldnorm', 'bias_scaling': 0.04123764193322552, 'lr': 0.9047782400199377, 'weight_increment': 0.002278223530217896, 'min_window': 11, 'max_window': 59, 'use_full_instance': False, 'max_partners': 20, 'homeostasis': 'mean', 'target': 0.52, 'spread': 0.385, 'learning_rate': 0.01}",ppo,1000,linear,0.01,,,,,,
RepeatPrevious,filterbank+proj,4,1040,0.0,-0.49833326,0.037230674033012084,-0.470731863108576,-0.4985990269994906,2139,"{'decomposition': 'legendre', 'n_filters': 12, 'slowest': 0.05503533446959869, 'input_scaling': 0.9095759553753703, 'bias_dist': 'foldnorm', 'bias_scaling': 0.04123764193322552, 'lr': 0.9047782400199377, 'weight_increment': 0.002278223530217896, 'min_window': 11, 'max_window': 59, 'use_full_instance': False, 'max_partners': 20, 'homeostasis': 'mean', 'target': 0.52, 'spread': 0.385, 'learning_rate': 0.01}",ppo,1000,linear,0.01,,,,,,
RepeatPrevious,filterbank+proj,7,1040,0.0,-0.04000004000000001,0.055876884706633385,-0.07793933173762477,-0.09901935659704535,2140,"{'decomposition': 'legendre', 'n_filters': 12, 'slowest': 0.05503533446959869, 'input_scaling': 0.9095759553753703, 'bias_dist': 'foldnorm', 'bias_scaling': 0.04123764193322552, 'lr': 0.9047782400199377, 'weight_increment': 0.002278223530217896, 'min_window': 11, 'max_window': 59, 'use_full_instance': False, 'max_partners': 20, 'homeostasis': 'mean', 'target': 0.52, 'spread': 0.385, 'learning_rate': 0.01}",ppo,1000,linear,0.01,,,,,,
RepeatPrevious,filterbank+proj,5,1040,0.0,-0.49416659999999996,0.034369540779591465,-0.5001421287940517,-0.5004244768211921,2211,"{'decomposition': 'legendre', 'n_filters': 12, 'slowest': 0.05503533446959869, 'input_scaling': 0.9095759553753703, 'bias_dist': 'foldnorm', 'bias_scaling': 0.04123764193322552, 'lr': 0.9047782400199377, 'weight_increment': 0.002278223530217896, 'min_window': 11, 'max_window': 59, 'use_full_instance': False, 'max_partners': 20, 'homeostasis': 'mean', 'target': 0.52, 'spread': 0.385, 'learning_rate': 0.01}",ppo,1000,linear,0.01,,,,,,
RepeatPrevious,filterbank+proj,6,1040,0.0,-0.03833332,0.05823809291810302,-0.07493677200040741,-0.039989821192052986,2186,"{'decomposition': 'legendre', 'n_filters': 12, 'slowest': 0.05503533446959869, 'input_scaling': 0.9095759553753703, 'bias_dist': 'foldnorm', 'bias_scaling': 0.04123764193322552, 'lr': 0.9047782400199377, 'weight_increment': 0.002278223530217896, 'min_window': 11, 'max_window': 59, 'use_full_instance': False, 'max_partners': 20, 'homeostasis': 'mean', 'target': 0.52, 'spread': 0.385, 'learning_rate': 0.01}",ppo,1000,linear,0.01,,,,,,
RepeatPrevious,filterbank+proj,8,1040,0.0,-0.1824999,0.08244952900659894,-0.07777806707068649,-0.0610035792154865,2195,"{'decomposition': 'legendre', 'n_filters': 12, 'slowest': 0.05503533446959869, 'input_scaling': 0.9095759553753703, 'bias_dist': 'foldnorm', 'bias_scaling': 0.04123764193322552, 'lr': 0.9047782400199377, 'weight_increment': 0.002278223530217896, 'min_window': 11, 'max_window': 59, 'use_full_instance': False, 'max_partners': 20, 'homeostasis': 'mean', 'target': 0.52, 'spread': 0.385, 'learning_rate': 0.01}",ppo,1000,linear,0.01,,,,,,
RepeatPrevious,filterbank+esn,0,1008,20.23611111111111,0.9091666200000001,0.09707168811448372,0.7473202531238843,0.8439413102040817,1823,"{'decomposition': 'ema', 'n_filters': 12, 'slowest': 0.0068481211016550025, 'input_scaling': 0.929634188755156, 'bias_dist': 'foldnorm', 'bias_scaling': 0.0004530104948033912, 'lr': 0.9407030287660403, 'sr': 0.9778712320759426, 'rc_connectivity': 0.020075371100608825, 'learning_rate': 0.0001}",dqn,1000,linear,0.0001,,,,,,
RepeatPrevious,filterbank+proj,9,1040,0.0,-0.040000020000000004,0.052678269397727934,-0.0754014768282746,-0.042643072338257766,2192,"{'decomposition': 'legendre', 'n_filters': 12, 'slowest': 0.05503533446959869, 'input_scaling': 0.9095759553753703, 'bias_dist': 'foldnorm', 'bias_scaling': 0.04123764193322552, 'lr': 0.9047782400199377, 'weight_increment': 0.002278223530217896, 'min_window': 11, 'max_window': 59, 'use_full_instance': False, 'max_partners': 20, 'homeostasis': 'mean', 'target': 0.52, 'spread': 0.385, 'learning_rate': 0.01}",ppo,1000,linear,0.01,,,,,,
RepeatPrevious,filterbank+esn,1,1008,20.23611111111111,0.98333324,0.02635239183797934,0.6774918831539756,0.8212797709183673,1798,"{'decomposition': 'ema', 'n_filters': 12, 'slowest': 0.0068481211016550025, 'input_scaling': 0.929634188755156, 'bias_dist': 'foldnorm', 'bias_scaling': 0.0004530104948033912, 'lr': 0.9407030287660403, 'sr': 0.9778712320759426, 'rc_connectivity': 0.020075371100608825, 'learning_rate': 0.0001}",dqn,1000,linear,0.0001,,,,,,
RepeatPrevious,filterbank+esn,3,1008,20.23611111111111,0.9916666400000002,0.020412430853536286,0.7143622151782526,0.8461947198979591,1833,"{'decomposition': 'ema', 'n_filters': 12, 'slowest': 0.0068481211016550025, 'input_scaling': 0.929634188755156, 'bias_dist': 'foldnorm', 'bias_scaling': 0.0004530104948033912, 'lr': 0.9407030287660403, 'sr': 0.9778712320759426, 'rc_connectivity': 0.020075371100608825, 'learning_rate': 0.0001}",dqn,1000,linear,0.0001,,,,,,
RepeatPrevious,filterbank+esn,2,1008,20.23611111111111,0.99083332,0.029214271246389156,0.7515725661243433,0.8608205698979592,1887,"{'decomposition': 'ema', 'n_filters': 12, 'slowest': 0.0068481211016550025, 'input_scaling': 0.929634188755156, 'bias_dist': 'foldnorm', 'bias_scaling': 0.0004530104948033912, 'lr': 0.9407030287660403, 'sr': 0.9778712320759426, 'rc_connectivity': 0.020075371100608825, 'learning_rate': 0.0001}",dqn,1000,linear,0.0001,,,,,,
RepeatPrevious,filterbank+esn,4,1008,20.23611111111111,0.98999994,0.019649792761665456,0.6805010078033356,0.8538052602040817,1889,"{'decomposition': 'ema', 'n_filters': 12, 'slowest': 0.0068481211016550025, 'input_scaling': 0.929634188755156, 'bias_dist': 'foldnorm', 'bias_scaling': 0.0004530104948033912, 'lr': 0.9407030287660403, 'sr': 0.9778712320759426, 'rc_connectivity': 0.020075371100608825, 'learning_rate': 0.0001}",dqn,1000,linear,0.0001,,,,,,
RepeatPrevious,filterbank+esn,5,1008,20.23611111111111,0.9916666400000002,0.020412430853536282,0.7413423750191258,0.8312499979591836,1827,"{'decomposition': 'ema', 'n_filters': 12, 'slowest': 0.0068481211016550025, 'input_scaling': 0.929634188755156, 'bias_dist': 'foldnorm', 'bias_scaling': 0.0004530104948033912, 'lr': 0.9407030287660403, 'sr': 0.9778712320759426, 'rc_connectivity': 0.020075371100608825, 'learning_rate': 0.0001}",dqn,1000,linear,0.0001,,,,,,
RepeatPrevious,filterbank+esn,6,1008,20.23611111111111,0.98583328,0.024452360486497005,0.699233688070587,0.843835031632653,1819,"{'decomposition': 'ema', 'n_filters': 12, 'slowest': 0.0068481211016550025, 'input_scaling': 0.929634188755156, 'bias_dist': 'foldnorm', 'bias_scaling': 0.0004530104948033912, 'lr': 0.9407030287660403, 'sr': 0.9778712320759426, 'rc_connectivity': 0.020075371100608825, 'learning_rate': 0.0001}",dqn,1000,linear,0.0001,,,,,,
RepeatPrevious,filterbank+esn,8,1008,20.23611111111111,0.9991666599999999,0.005833380000000002,0.7291124714642729,0.8487244744897959,1839,"{'decomposition': 'ema', 'n_filters': 12, 'slowest': 0.0068481211016550025, 'input_scaling': 0.929634188755156, 'bias_dist': 'foldnorm', 'bias_scaling': 0.0004530104948033912, 'lr': 0.9407030287660403, 'sr': 0.9778712320759426, 'rc_connectivity': 0.020075371100608825, 'learning_rate': 0.0001}",dqn,1000,linear,0.0001,,,,,,
RepeatPrevious,filterbank+esn,7,1008,20.23611111111111,0.85916662,0.06966681953782303,0.7053390782883665,0.8308460841836735,1863,"{'decomposition': 'ema', 'n_filters': 12, 'slowest': 0.0068481211016550025, 'input_scaling': 0.929634188755156, 'bias_dist': 'foldnorm', 'bias_scaling': 0.0004530104948033912, 'lr': 0.9407030287660403, 'sr': 0.9778712320759426, 'rc_connectivity': 0.020075371100608825, 'learning_rate': 0.0001}",dqn,1000,linear,0.0001,,,,,,
RepeatPrevious,filterbank+esn,0,1008,20.23611111111111,0.6025,0.12422260261353407,0.4035676046820013,0.5280824892857142,1847,"{'decomposition': 'ema', 'n_filters': 12, 'slowest': 0.0068481211016550025, 'input_scaling': 0.929634188755156, 'bias_dist': 'foldnorm', 'bias_scaling': 0.0004530104948033912, 'lr': 0.9407030287660403, 'sr': 0.9778712320759426, 'rc_connectivity': 0.020075371100608825, 'learning_rate': 0.0003}",dqn,1000,linear,0.0003,,,,,,
RepeatPrevious,filterbank+esn,9,1008,20.23611111111111,0.9449999400000002,0.054924160440159665,0.6809069042688836,0.8388605448979591,1883,"{'decomposition': 'ema', 'n_filters': 12, 'slowest': 0.0068481211016550025, 'input_scaling': 0.929634188755156, 'bias_dist': 'foldnorm', 'bias_scaling': 0.0004530104948033912, 'lr': 0.9407030287660403, 'sr': 0.9778712320759426, 'rc_connectivity': 0.020075371100608825, 'learning_rate': 0.0001}",dqn,1000,linear,0.0001,,,,,,
RepeatPrevious,filterbank+esn,1,1008,20.23611111111111,0.45083335999999996,0.1659756670923494,0.33119549176314583,0.44980866377551015,1888,"{'decomposition': 'ema', 'n_filters': 12, 'slowest': 0.0068481211016550025, 'input_scaling': 0.929634188755156, 'bias_dist': 'foldnorm', 'bias_scaling': 0.0004530104948033912, 'lr': 0.9407030287660403, 'sr': 0.9778712320759426, 'rc_connectivity': 0.020075371100608825, 'learning_rate': 0.0003}",dqn,1000,linear,0.0003,,,,,,
RepeatPrevious,filterbank+esn,3,1008,20.23611111111111,0.9708332000000002,0.0291666857150414,0.4158846326822054,0.5329719469387755,1873,"{'decomposition': 'ema', 'n_filters': 12, 'slowest': 0.0068481211016550025, 'input_scaling': 0.929634188755156, 'bias_dist': 'foldnorm', 'bias_scaling': 0.0004530104948033912, 'lr': 0.9407030287660403, 'sr': 0.9778712320759426, 'rc_connectivity': 0.020075371100608825, 'learning_rate': 0.0003}",dqn,1000,linear,0.0003,,,,,,
RepeatPrevious,filterbank+esn,2,1008,20.23611111111111,0.63583332,0.16219202528711946,0.4222195286377314,0.5714710954081633,1884,"{'decomposition': 'ema', 'n_filters': 12, 'slowest': 0.0068481211016550025, 'input_scaling': 0.929634188755156, 'bias_dist': 'foldnorm', 'bias_scaling': 0.0004530104948033912, 'lr': 0.9407030287660403, 'sr': 0.9778712320759426, 'rc_connectivity': 0.020075371100608825, 'learning_rate': 0.0003}",dqn,1000,linear,0.0003,,,,,,
RepeatPrevious,filterbank+esn,4,1008,20.23611111111111,0.32083332,0.0813300661916465,0.3335245909624114,0.5931547591836736,1879,"{'decomposition': 'ema', 'n_filters': 12, 'slowest': 0.0068481211016550025, 'input_scaling': 0.929634188755156, 'bias_dist': 'foldnorm', 'bias_scaling': 0.0004530104948033912, 'lr': 0.9407030287660403, 'sr': 0.9778712320759426, 'rc_connectivity': 0.020075371100608825, 'learning_rate': 0.0003}",dqn,1000,linear,0.0003,,,,,,
RepeatPrevious,filterbank+esn,5,1008,20.23611111111111,0.67583334,0.14937136007677107,0.3744666013158566,0.4386692107142857,1936,"{'decomposition': 'ema', 'n_filters': 12, 'slowest': 0.0068481211016550025, 'input_scaling': 0.929634188755156, 'bias_dist': 'foldnorm', 'bias_scaling': 0.0004530104948033912, 'lr': 0.9407030287660403, 'sr': 0.9778712320759426, 'rc_connectivity': 0.020075371100608825, 'learning_rate': 0.0003}",dqn,1000,linear,0.0003,,,,,,
RepeatPrevious,filterbank+esn,9,1008,20.23611111111111,0.56250002,0.18563887060058193,0.3125648164941092,0.4788477918367347,1852,"{'decomposition': 'ema', 'n_filters': 12, 'slowest': 0.0068481211016550025, 'input_scaling': 0.929634188755156, 'bias_dist': 'foldnorm', 'bias_scaling': 0.0004530104948033912, 'lr': 0.9407030287660403, 'sr': 0.9778712320759426, 'rc_connectivity': 0.020075371100608825, 'learning_rate': 0.0003}",dqn,1000,linear,0.0003,,,,,,
RepeatPrevious,filterbank+esn,7,1008,20.23611111111111,0.73583332,0.1743261428092115,0.3509312176263579,0.4669855510204081,1863,"{'decomposition': 'ema', 'n_filters': 12, 'slowest': 0.0068481211016550025, 'input_scaling': 0.929634188755156, 'bias_dist': 'foldnorm', 'bias_scaling': 0.0004530104948033912, 'lr': 0.9407030287660403, 'sr': 0.9778712320759426, 'rc_connectivity': 0.020075371100608825, 'learning_rate': 0.0003}",dqn,1000,linear,0.0003,,,,,,
RepeatPrevious,filterbank+esn,8,1008,20.23611111111111,0.4783333,0.14270213422079572,0.3731702950986892,0.5537415051020408,1874,"{'decomposition': 'ema', 'n_filters': 12, 'slowest': 0.0068481211016550025, 'input_scaling': 0.929634188755156, 'bias_dist': 'foldnorm', 'bias_scaling': 0.0004530104948033912, 'lr': 0.9407030287660403, 'sr': 0.9778712320759426, 'rc_connectivity': 0.020075371100608825, 'learning_rate': 0.0003}",dqn,1000,linear,0.0003,,,,,,
RepeatPrevious,filterbank+esn,0,1008,20.23611111111111,0.07166676,0.16288201408130487,-0.13871534110266742,-0.11751699948979592,1868,"{'decomposition': 'ema', 'n_filters': 12, 'slowest': 0.0068481211016550025, 'input_scaling': 0.929634188755156, 'bias_dist': 'foldnorm', 'bias_scaling': 0.0004530104948033912, 'lr': 0.9407030287660403, 'sr': 0.9778712320759426, 'rc_connectivity': 0.020075371100608825, 'learning_rate': 0.001}",dqn,1000,linear,0.001,,,,,,
RepeatPrevious,filterbank+esn,6,1008,20.23611111111111,0.27083332000000004,0.22286801649823512,0.3429493694598868,0.4680697265306123,1921,"{'decomposition': 'ema', 'n_filters': 12, 'slowest': 0.0068481211016550025, 'input_scaling': 0.929634188755156, 'bias_dist': 'foldnorm', 'bias_scaling': 0.0004530104948033912, 'lr': 0.9407030287660403, 'sr': 0.9778712320759426, 'rc_connectivity': 0.020075371100608825, 'learning_rate': 0.0003}",dqn,1000,linear,0.0003,,,,,,
RepeatPrevious,filterbank+esn,1,1008,20.23611111111111,-0.2775,0.1036185767346763,-0.19533627755393482,-0.18469388163265305,1914,"{'decomposition': 'ema', 'n_filters': 12, 'slowest': 0.0068481211016550025, 'input_scaling': 0.929634188755156, 'bias_dist': 'foldnorm', 'bias_scaling': 0.0004530104948033912, 'lr': 0.9407030287660403, 'sr': 0.9778712320759426, 'rc_connectivity': 0.020075371100608825, 'learning_rate': 0.001}",dqn,1000,linear,0.001,,,,,,
RepeatPrevious,filterbank+esn,2,1008,20.23611111111111,0.21416663999999996,0.15590467985301276,-0.14917291752945375,-0.08790390612244897,1894,"{'decomposition': 'ema', 'n_filters': 12, 'slowest': 0.0068481211016550025, 'input_scaling': 0.929634188755156, 'bias_dist': 'foldnorm', 'bias_scaling': 0.0004530104948033912, 'lr': 0.9407030287660403, 'sr': 0.9778712320759426, 'rc_connectivity': 0.020075371100608825, 'learning_rate': 0.001}",dqn,1000,linear,0.001,,,,,,
RepeatPrevious,filterbank+esn,3,1008,20.23611111111111,-0.35499995999999995,0.16754753905837708,-0.148875401744275,-0.10973639897959184,1936,"{'decomposition': 'ema', 'n_filters': 12, 'slowest': 0.0068481211016550025, 'input_scaling': 0.929634188755156, 'bias_dist': 'foldnorm', 'bias_scaling': 0.0004530104948033912, 'lr': 0.9407030287660403, 'sr': 0.9778712320759426, 'rc_connectivity': 0.020075371100608825, 'learning_rate': 0.001}",dqn,1000,linear,0.001,,,,,,
RepeatPrevious,filterbank+esn,5,1008,20.23611111111111,0.024999999999999994,0.19578902761237668,-0.14451471311266384,-0.15746173724489795,1854,"{'decomposition': 'ema', 'n_filters': 12, 'slowest': 0.0068481211016550025, 'input_scaling': 0.929634188755156, 'bias_dist': 'foldnorm', 'bias_scaling': 0.0004530104948033912, 'lr': 0.9407030287660403, 'sr': 0.9778712320759426, 'rc_connectivity': 0.020075371100608825, 'learning_rate': 0.001}",dqn,1000,linear,0.001,,,,,,
RepeatPrevious,filterbank+esn,4,1008,20.23611111111111,-0.30833331999999997,0.11696396358647224,-0.1835505154791656,-0.10988520255102041,1902,"{'decomposition': 'ema', 'n_filters': 12, 'slowest': 0.0068481211016550025, 'input_scaling': 0.929634188755156, 'bias_dist': 'foldnorm', 'bias_scaling': 0.0004530104948033912, 'lr': 0.9407030287660403, 'sr': 0.9778712320759426, 'rc_connectivity': 0.020075371100608825, 'learning_rate': 0.001}",dqn,1000,linear,0.001,,,,,,
RepeatPrevious,filterbank+esn,6,1008,20.23611111111111,0.06416668,0.13571055580026778,-0.20862446758810627,-0.12568025918367345,1907,"{'decomposition': 'ema', 'n_filters': 12, 'slowest': 0.0068481211016550025, 'input_scaling': 0.929634188755156, 'bias_dist': 'foldnorm', 'bias_scaling': 0.0004530104948033912, 'lr': 0.9407030287660403, 'sr': 0.9778712320759426, 'rc_connectivity': 0.020075371100608825, 'learning_rate': 0.001}",dqn,1000,linear,0.001,,,,,,
RepeatPrevious,filterbank+esn,7,1008,20.23611111111111,-0.05416664,0.07739240272837121,-0.20214506548681593,-0.1877550964285714,1927,"{'decomposition': 'ema', 'n_filters': 12, 'slowest': 0.0068481211016550025, 'input_scaling': 0.929634188755156, 'bias_dist': 'foldnorm', 'bias_scaling': 0.0004530104948033912, 'lr': 0.9407030287660403, 'sr': 0.9778712320759426, 'rc_connectivity': 0.020075371100608825, 'learning_rate': 0.001}",dqn,1000,linear,0.001,,,,,,
RepeatPrevious,filterbank+esn,8,1008,20.23611111111111,-0.19250004,0.13120436197047108,-0.17702861493344213,-0.10722789030612245,1922,"{'decomposition': 'ema', 'n_filters': 12, 'slowest': 0.0068481211016550025, 'input_scaling': 0.929634188755156, 'bias_dist': 'foldnorm', 'bias_scaling': 0.0004530104948033912, 'lr': 0.9407030287660403, 'sr': 0.9778712320759426, 'rc_connectivity': 0.020075371100608825, 'learning_rate': 0.001}",dqn,1000,linear,0.001,,,,,,
RepeatPrevious,filterbank+esn,9,1008,20.23611111111111,-0.38499996000000003,0.12319817242539925,-0.21641080277451932,-0.15210459387755101,1967,"{'decomposition': 'ema', 'n_filters': 12, 'slowest': 0.0068481211016550025, 'input_scaling': 0.929634188755156, 'bias_dist': 'foldnorm', 'bias_scaling': 0.0004530104948033912, 'lr': 0.9407030287660403, 'sr': 0.9778712320759426, 'rc_connectivity': 0.020075371100608825, 'learning_rate': 0.001}",dqn,1000,linear,0.001,,,,,,
RepeatPrevious,filterbank+esn,0,1008,20.23611111111111,-0.3108333,0.09250000090124325,-0.3755312739837813,-0.3787202413265306,1924,"{'decomposition': 'ema', 'n_filters': 12, 'slowest': 0.0068481211016550025, 'input_scaling': 0.929634188755156, 'bias_dist': 'foldnorm', 'bias_scaling': 0.0004530104948033912, 'lr': 0.9407030287660403, 'sr': 0.9778712320759426, 'rc_connectivity': 0.020075371100608825, 'learning_rate': 0.003}",dqn,1000,linear,0.003,,,,,,
RepeatPrevious,filterbank+esn,1,1008,20.23611111111111,-0.28333336,0.14481781811818045,-0.3792756832763809,-0.3753826510204082,1919,"{'decomposition': 'ema', 'n_filters': 12, 'slowest': 0.0068481211016550025, 'input_scaling': 0.929634188755156, 'bias_dist': 'foldnorm', 'bias_scaling': 0.0004530104948033912, 'lr': 0.9407030287660403, 'sr': 0.9778712320759426, 'rc_connectivity': 0.020075371100608825, 'learning_rate': 0.003}",dqn,1000,linear,0.003,,,,,,
RepeatPrevious,filterbank+esn,2,1008,20.23611111111111,-0.43833338,0.10712145070001432,-0.3750361247513643,-0.3775510255102041,1954,"{'decomposition': 'ema', 'n_filters': 12, 'slowest': 0.0068481211016550025, 'input_scaling': 0.929634188755156, 'bias_dist': 'foldnorm', 'bias_scaling': 0.0004530104948033912, 'lr': 0.9407030287660403, 'sr': 0.9778712320759426, 'rc_connectivity': 0.020075371100608825, 'learning_rate': 0.003}",dqn,1000,linear,0.003,,,,,,
RepeatPrevious,filterbank+esn,3,1008,20.23611111111111,-0.49249994,0.03602671370048065,-0.3777626179425716,-0.37784863877551017,1954,"{'decomposition': 'ema', 'n_filters': 12, 'slowest': 0.0068481211016550025, 'input_scaling': 0.929634188755156, 'bias_dist': 'foldnorm', 'bias_scaling': 0.0004530104948033912, 'lr': 0.9407030287660403, 'sr': 0.9778712320759426, 'rc_connectivity': 0.020075371100608825, 'learning_rate': 0.003}",dqn,1000,linear,0.003,,,,,,
RepeatPrevious,filterbank+esn,4,1008,20.23611111111111,-0.40416662,0.08467668871180309,-0.375129630489111,-0.36840986785714286,1934,"{'decomposition': 'ema', 'n_filters': 12, 'slowest': 0.0068481211016550025, 'input_scaling': 0.929634188755156, 'bias_dist': 'foldnorm', 'bias_scaling': 0.0004530104948033912, 'lr': 0.9407030287660403, 'sr': 0.9778712320759426, 'rc_connectivity': 0.020075371100608825, 'learning_rate': 0.003}",dqn,1000,linear,0.003,,,,,,
RepeatPrevious,filterbank+esn,5,1008,20.23611111111111,-0.34083336000000003,0.12379704555824585,-0.37449210210639056,-0.37755102346938774,1905,"{'decomposition': 'ema', 'n_filters': 12, 'slowest': 0.0068481211016550025, 'input_scaling': 0.929634188755156, 'bias_dist': 'foldnorm', 'bias_scaling': 0.0004530104948033912, 'lr': 0.9407030287660403, 'sr': 0.9778712320759426, 'rc_connectivity': 0.020075371100608825, 'learning_rate': 0.003}",dqn,1000,linear,0.003,,,,,,
RepeatPrevious,filterbank+esn,6,1008,20.23611111111111,-0.35583336000000004,0.15639381175618938,-0.3771399679706227,-0.383142006122449,1911,"{'decomposition': 'ema', 'n_filters': 12, 'slowest': 0.0068481211016550025, 'input_scaling': 0.929634188755156, 'bias_dist': 'foldnorm', 'bias_scaling': 0.0004530104948033912, 'lr': 0.9407030287660403, 'sr': 0.9778712320759426, 'rc_connectivity': 0.020075371100608825, 'learning_rate': 0.003}",dqn,1000,linear,0.003,,,,,,
RepeatPrevious,filterbank+esn,7,1008,20.23611111111111,-0.45583337999999995,0.08266816672066461,-0.37926293323812926,-0.37942176275510203,1931,"{'decomposition': 'ema', 'n_filters': 12, 'slowest': 0.0068481211016550025, 'input_scaling': 0.929634188755156, 'bias_dist': 'foldnorm', 'bias_scaling': 0.0004530104948033912, 'lr': 0.9407030287660403, 'sr': 0.9778712320759426, 'rc_connectivity': 0.020075371100608825, 'learning_rate': 0.003}",dqn,1000,linear,0.003,,,,,,
RepeatPrevious,filterbank+esn,8,1008,20.23611111111111,-0.27833328,0.13576937234413952,-0.382867090579895,-0.3828231224489796,1933,"{'decomposition': 'ema', 'n_filters': 12, 'slowest': 0.0068481211016550025, 'input_scaling': 0.929634188755156, 'bias_dist': 'foldnorm', 'bias_scaling': 0.0004530104948033912, 'lr': 0.9407030287660403, 'sr': 0.9778712320759426, 'rc_connectivity': 0.020075371100608825, 'learning_rate': 0.003}",dqn,1000,linear,0.003,,,,,,
RepeatPrevious,filterbank+esn,9,1008,20.23611111111111,-0.26916668,0.12253402493486289,-0.37689770602335904,-0.3787627551020408,1934,"{'decomposition': 'ema', 'n_filters': 12, 'slowest': 0.0068481211016550025, 'input_scaling': 0.929634188755156, 'bias_dist': 'foldnorm', 'bias_scaling': 0.0004530104948033912, 'lr': 0.9407030287660403, 'sr': 0.9778712320759426, 'rc_connectivity': 0.020075371100608825, 'learning_rate': 0.003}",dqn,1000,linear,0.003,,,,,,
RepeatPrevious,filterbank+hag,0,1040,3.1721153846153847,0.9491666,0.04107067621211027,0.6442937032692405,0.6785926897959185,2102,"{'decomposition': 'legendre', 'n_filters': 12, 'slowest': 0.05503533446959869, 'input_scaling': 0.9095759553753703, 'bias_dist': 'foldnorm', 'bias_scaling': 0.04123764193322552, 'lr': 0.9047782400199377, 'weight_increment': 0.002278223530217896, 'min_window': 11, 'max_window': 59, 'use_full_instance': False, 'max_partners': 20, 'homeostasis': 'mean', 'target': 0.52, 'spread': 0.385, 'learning_rate': 0.0001}",dqn,1000,linear,0.0001,,,,,,
RepeatPrevious,filterbank+hag,1,1040,3.225,0.9833332800000001,0.02635232226809622,0.6417499714387719,0.6890093551020409,2048,"{'decomposition': 'legendre', 'n_filters': 12, 'slowest': 0.05503533446959869, 'input_scaling': 0.9095759553753703, 'bias_dist': 'foldnorm', 'bias_scaling': 0.04123764193322552, 'lr': 0.9047782400199377, 'weight_increment': 0.002278223530217896, 'min_window': 11, 'max_window': 59, 'use_full_instance': False, 'max_partners': 20, 'homeostasis': 'mean', 'target': 0.52, 'spread': 0.385, 'learning_rate': 0.0001}",dqn,1000,linear,0.0001,,,,,,
RepeatPrevious,filterbank+hag,2,1040,3.0701923076923077,0.91250006,0.06249997733388709,0.6443574575406742,0.7040178520408162,2073,"{'decomposition': 'legendre', 'n_filters': 12, 'slowest': 0.05503533446959869, 'input_scaling': 0.9095759553753703, 'bias_dist': 'foldnorm', 'bias_scaling': 0.04123764193322552, 'lr': 0.9047782400199377, 'weight_increment': 0.002278223530217896, 'min_window': 11, 'max_window': 59, 'use_full_instance': False, 'max_partners': 20, 'homeostasis': 'mean', 'target': 0.52, 'spread': 0.385, 'learning_rate': 0.0001}",dqn,1000,linear,0.0001,,,,,,
RepeatPrevious,filterbank+hag,3,1040,3.141346153846154,0.9816666,0.031358178093760486,0.6164613843525273,0.6741071433673469,2065,"{'decomposition': 'legendre', 'n_filters': 12, 'slowest': 0.05503533446959869, 'input_scaling': 0.9095759553753703, 'bias_dist': 'foldnorm', 'bias_scaling': 0.04123764193322552, 'lr': 0.9047782400199377, 'weight_increment': 0.002278223530217896, 'min_window': 11, 'max_window': 59, 'use_full_instance': False, 'max_partners': 20, 'homeostasis': 'mean', 'target': 0.52, 'spread': 0.385, 'learning_rate': 0.0001}",dqn,1000,linear,0.0001,,,,,,
RepeatPrevious,filterbank+hag,5,1040,3.3615384615384616,0.9324999599999998,0.04922311042669287,0.608352035089509,0.6315688836734694,2058,"{'decomposition': 'legendre', 'n_filters': 12, 'slowest': 0.05503533446959869, 'input_scaling': 0.9095759553753703, 'bias_dist': 'foldnorm', 'bias_scaling': 0.04123764193322552, 'lr': 0.9047782400199377, 'weight_increment': 0.002278223530217896, 'min_window': 11, 'max_window': 59, 'use_full_instance': False, 'max_partners': 20, 'homeostasis': 'mean', 'target': 0.52, 'spread': 0.385, 'learning_rate': 0.0001}",dqn,1000,linear,0.0001,,,,,,
RepeatPrevious,filterbank+hag,4,1040,3.064423076923077,0.8733334000000003,0.06344287194066801,0.5731541459172744,0.668941331632653,2084,"{'decomposition': 'legendre', 'n_filters': 12, 'slowest': 0.05503533446959869, 'input_scaling': 0.9095759553753703, 'bias_dist': 'foldnorm', 'bias_scaling': 0.04123764193322552, 'lr': 0.9047782400199377, 'weight_increment': 0.002278223530217896, 'min_window': 11, 'max_window': 59, 'use_full_instance': False, 'max_partners': 20, 'homeostasis': 'mean', 'target': 0.52, 'spread': 0.385, 'learning_rate': 0.0001}",dqn,1000,linear,0.0001,,,,,,
RepeatPrevious,filterbank+hag,6,1040,3.208653846153846,0.8258333399999997,0.07758966562103746,0.5765500436578773,0.638137762755102,2062,"{'decomposition': 'legendre', 'n_filters': 12, 'slowest': 0.05503533446959869, 'input_scaling': 0.9095759553753703, 'bias_dist': 'foldnorm', 'bias_scaling': 0.04123764193322552, 'lr': 0.9047782400199377, 'weight_increment': 0.002278223530217896, 'min_window': 11, 'max_window': 59, 'use_full_instance': False, 'max_partners': 20, 'homeostasis': 'mean', 'target': 0.52, 'spread': 0.385, 'learning_rate': 0.0001}",dqn,1000,linear,0.0001,,,,,,
RepeatPrevious,filterbank+hag,9,1040,3.3201923076923077,0.63500004,0.0814622494715092,0.6342611496914367,0.6934311290816327,2035,"{'decomposition': 'legendre', 'n_filters': 12, 'slowest': 0.05503533446959869, 'input_scaling': 0.9095759553753703, 'bias_dist': 'foldnorm', 'bias_scaling': 0.04123764193322552, 'lr': 0.9047782400199377, 'weight_increment': 0.002278223530217896, 'min_window': 11, 'max_window': 59, 'use_full_instance': False, 'max_partners': 20, 'homeostasis': 'mean', 'target': 0.52, 'spread': 0.385, 'learning_rate': 0.0001}",dqn,1000,linear,0.0001,,,,,,
RepeatPrevious,filterbank+hag,8,1040,3.316346153846154,0.7733334,0.08000000833374957,0.6179170688529607,0.6701530617346939,2044,"{'decomposition': 'legendre', 'n_filters': 12, 'slowest': 0.05503533446959869, 'input_scaling': 0.9095759553753703, 'bias_dist': 'foldnorm', 'bias_scaling': 0.04123764193322552, 'lr': 0.9047782400199377, 'weight_increment': 0.002278223530217896, 'min_window': 11, 'max_window': 59, 'use_full_instance': False, 'max_partners': 20, 'homeostasis': 'mean', 'target': 0.52, 'spread': 0.385, 'learning_rate': 0.0001}",dqn,1000,linear,0.0001,,,,,,
RepeatPrevious,filterbank+hag,7,1040,3.3701923076923075,0.8291666999999999,0.07465199818765737,0.6454200030091294,0.7382227867346939,2079,"{'decomposition': 'legendre', 'n_filters': 12, 'slowest': 0.05503533446959869, 'input_scaling': 0.9095759553753703, 'bias_dist': 'foldnorm', 'bias_scaling': 0.04123764193322552, 'lr': 0.9047782400199377, 'weight_increment': 0.002278223530217896, 'min_window': 11, 'max_window': 59, 'use_full_instance': False, 'max_partners': 20, 'homeostasis': 'mean', 'target': 0.52, 'spread': 0.385, 'learning_rate': 0.0001}",dqn,1000,linear,0.0001,,,,,,
RepeatPrevious,filterbank+hag,0,1040,3.1721153846153847,0.9624999599999999,0.038414700601181316,0.32326677589636355,0.26366923214285715,2057,"{'decomposition': 'legendre', 'n_filters': 12, 'slowest': 0.05503533446959869, 'input_scaling': 0.9095759553753703, 'bias_dist': 'foldnorm', 'bias_scaling': 0.04123764193322552, 'lr': 0.9047782400199377, 'weight_increment': 0.002278223530217896, 'min_window': 11, 'max_window': 59, 'use_full_instance': False, 'max_partners': 20, 'homeostasis': 'mean', 'target': 0.52, 'spread': 0.385, 'learning_rate': 0.0003}",dqn,1000,linear,0.0003,,,,,,
RepeatPrevious,filterbank+hag,4,1040,3.064423076923077,0.4583332600000001,0.097539177314515,0.23503085474575408,0.3843112224489796,2058,"{'decomposition': 'legendre', 'n_filters': 12, 'slowest': 0.05503533446959869, 'input_scaling': 0.9095759553753703, 'bias_dist': 'foldnorm', 'bias_scaling': 0.04123764193322552, 'lr': 0.9047782400199377, 'weight_increment': 0.002278223530217896, 'min_window': 11, 'max_window': 59, 'use_full_instance': False, 'max_partners': 20, 'homeostasis': 'mean', 'target': 0.52, 'spread': 0.385, 'learning_rate': 0.0003}",dqn,1000,linear,0.0003,,,,,,
RepeatPrevious,filterbank+hag,2,1040,3.0701923076923077,0.58249996,0.09555755647816869,0.3424393522721477,0.4039540770408163,2083,"{'decomposition': 'legendre', 'n_filters': 12, 'slowest': 0.05503533446959869, 'input_scaling': 0.9095759553753703, 'bias_dist': 'foldnorm', 'bias_scaling': 0.04123764193322552, 'lr': 0.9047782400199377, 'weight_increment': 0.002278223530217896, 'min_window': 11, 'max_window': 59, 'use_full_instance': False, 'max_partners': 20, 'homeostasis': 'mean', 'target': 0.52, 'spread': 0.385, 'learning_rate': 0.0003}",dqn,1000,linear,0.0003,,,,,,
RepeatPrevious,filterbank+hag,5,1040,3.3615384615384616,0.5016666,0.05333335625066175,0.3187445782628653,0.2395620806122449,2065,"{'decomposition': 'legendre', 'n_filters': 12, 'slowest': 0.05503533446959869, 'input_scaling': 0.9095759553753703, 'bias_dist': 'foldnorm', 'bias_scaling': 0.04123764193322552, 'lr': 0.9047782400199377, 'weight_increment': 0.002278223530217896, 'min_window': 11, 'max_window': 59, 'use_full_instance': False, 'max_partners': 20, 'homeostasis': 'mean', 'target': 0.52, 'spread': 0.385, 'learning_rate': 0.0003}",dqn,1000,linear,0.0003,,,,,,
RepeatPrevious,filterbank+hag,1,1040,3.225,0.9499999600000001,0.03726768633170564,0.3813795246085582,0.3822278903061224,2100,"{'decomposition': 'legendre', 'n_filters': 12, 'slowest': 0.05503533446959869, 'input_scaling': 0.9095759553753703, 'bias_dist': 'foldnorm', 'bias_scaling': 0.04123764193322552, 'lr': 0.9047782400199377, 'weight_increment': 0.002278223530217896, 'min_window': 11, 'max_window': 59, 'use_full_instance': False, 'max_partners': 20, 'homeostasis': 'mean', 'target': 0.52, 'spread': 0.385, 'learning_rate': 0.0003}",dqn,1000,linear,0.0003,,,,,,
RepeatPrevious,filterbank+hag,3,1040,3.141346153846154,0.9308333599999998,0.050421725036242065,0.32658191584638135,0.31628401173469384,2093,"{'decomposition': 'legendre', 'n_filters': 12, 'slowest': 0.05503533446959869, 'input_scaling': 0.9095759553753703, 'bias_dist': 'foldnorm', 'bias_scaling': 0.04123764193322552, 'lr': 0.9047782400199377, 'weight_increment': 0.002278223530217896, 'min_window': 11, 'max_window': 59, 'use_full_instance': False, 'max_partners': 20, 'homeostasis': 'mean', 'target': 0.52, 'spread': 0.385, 'learning_rate': 0.0003}",dqn,1000,linear,0.0003,,,,,,
RepeatPrevious,filterbank+hag,6,1040,3.208653846153846,0.8966666999999999,0.061936340078261,0.24662748003264143,0.29753401224489795,2106,"{'decomposition': 'legendre', 'n_filters': 12, 'slowest': 0.05503533446959869, 'input_scaling': 0.9095759553753703, 'bias_dist': 'foldnorm', 'bias_scaling': 0.04123764193322552, 'lr': 0.9047782400199377, 'weight_increment': 0.002278223530217896, 'min_window': 11, 'max_window': 59, 'use_full_instance': False, 'max_partners': 20, 'homeostasis': 'mean', 'target': 0.52, 'spread': 0.385, 'learning_rate': 0.0003}",dqn,1000,linear,0.0003,,,,,,
RepeatPrevious,filterbank+hag,8,1040,3.316346153846154,0.74499998,0.09076833650111475,0.3309128559698067,0.30554846581632655,2035,"{'decomposition': 'legendre', 'n_filters': 12, 'slowest': 0.05503533446959869, 'input_scaling': 0.9095759553753703, 'bias_dist': 'foldnorm', 'bias_scaling': 0.04123764193322552, 'lr': 0.9047782400199377, 'weight_increment': 0.002278223530217896, 'min_window': 11, 'max_window': 59, 'use_full_instance': False, 'max_partners': 20, 'homeostasis': 'mean', 'target': 0.52, 'spread': 0.385, 'learning_rate': 0.0003}",dqn,1000,linear,0.0003,,,,,,
RepeatPrevious,filterbank+hag,7,1040,3.3701923076923075,0.28583332,0.12472466502956663,0.3979977397868108,0.42172619642857145,2052,"{'decomposition': 'legendre', 'n_filters': 12, 'slowest': 0.05503533446959869, 'input_scaling': 0.9095759553753703, 'bias_dist': 'foldnorm', 'bias_scaling': 0.04123764193322552, 'lr': 0.9047782400199377, 'weight_increment': 0.002278223530217896, 'min_window': 11, 'max_window': 59, 'use_full_instance': False, 'max_partners': 20, 'homeostasis': 'mean', 'target': 0.52, 'spread': 0.385, 'learning_rate': 0.0003}",dqn,1000,linear,0.0003,,,,,,
RepeatPrevious,filterbank+hag,9,1040,3.3201923076923077,0.45,0.08936503169002963,0.35620569357882387,0.3424957571428572,2044,"{'decomposition': 'legendre', 'n_filters': 12, 'slowest': 0.05503533446959869, 'input_scaling': 0.9095759553753703, 'bias_dist': 'foldnorm', 'bias_scaling': 0.04123764193322552, 'lr': 0.9047782400199377, 'weight_increment': 0.002278223530217896, 'min_window': 11, 'max_window': 59, 'use_full_instance': False, 'max_partners': 20, 'homeostasis': 'mean', 'target': 0.52, 'spread': 0.385, 'learning_rate': 0.0003}",dqn,1000,linear,0.0003,,,,,,
RepeatPrevious,filterbank+hag,0,1040,3.1721153846153847,-0.38833327999999995,0.07427427235188239,-0.1442427045952976,-0.1911564693877551,2045,"{'decomposition': 'legendre', 'n_filters': 12, 'slowest': 0.05503533446959869, 'input_scaling': 0.9095759553753703, 'bias_dist': 'foldnorm', 'bias_scaling': 0.04123764193322552, 'lr': 0.9047782400199377, 'weight_increment': 0.002278223530217896, 'min_window': 11, 'max_window': 59, 'use_full_instance': False, 'max_partners': 20, 'homeostasis': 'mean', 'target': 0.52, 'spread': 0.385, 'learning_rate': 0.001}",dqn,1000,linear,0.001,,,,,,
RepeatPrevious,filterbank+hag,1,1040,3.225,-0.38750004,0.0760344921734761,-0.018943064364767684,-0.1717049306122449,2047,"{'decomposition': 'legendre', 'n_filters': 12, 'slowest': 0.05503533446959869, 'input_scaling': 0.9095759553753703, 'bias_dist': 'foldnorm', 'bias_scaling': 0.04123764193322552, 'lr': 0.9047782400199377, 'weight_increment': 0.002278223530217896, 'min_window': 11, 'max_window': 59, 'use_full_instance': False, 'max_partners': 20, 'homeostasis': 'mean', 'target': 0.52, 'spread': 0.385, 'learning_rate': 0.001}",dqn,1000,linear,0.001,,,,,,
RepeatPrevious,filterbank+hag,2,1040,3.0701923076923077,0.29583328000000003,0.09691417967604947,-0.14307814999744992,-0.21437073979591836,2051,"{'decomposition': 'legendre', 'n_filters': 12, 'slowest': 0.05503533446959869, 'input_scaling': 0.9095759553753703, 'bias_dist': 'foldnorm', 'bias_scaling': 0.04123764193322552, 'lr': 0.9047782400199377, 'weight_increment': 0.002278223530217896, 'min_window': 11, 'max_window': 59, 'use_full_instance': False, 'max_partners': 20, 'homeostasis': 'mean', 'target': 0.52, 'spread': 0.385, 'learning_rate': 0.001}",dqn,1000,linear,0.001,,,,,,
RepeatPrevious,filterbank+hag,3,1040,3.141346153846154,-0.21583332,0.09267998813151412,-0.17307594257153058,-0.1950255163265306,2038,"{'decomposition': 'legendre', 'n_filters': 12, 'slowest': 0.05503533446959869, 'input_scaling': 0.9095759553753703, 'bias_dist': 'foldnorm', 'bias_scaling': 0.04123764193322552, 'lr': 0.9047782400199377, 'weight_increment': 0.002278223530217896, 'min_window': 11, 'max_window': 59, 'use_full_instance': False, 'max_partners': 20, 'homeostasis': 'mean', 'target': 0.52, 'spread': 0.385, 'learning_rate': 0.001}",dqn,1000,linear,0.001,,,,,,
RepeatPrevious,filterbank+hag,4,1040,3.064423076923077,-0.48249995999999995,0.04004351438770579,-0.19551903141735094,-0.20550595714285713,2026,"{'decomposition': 'legendre', 'n_filters': 12, 'slowest': 0.05503533446959869, 'input_scaling': 0.9095759553753703, 'bias_dist': 'foldnorm', 'bias_scaling': 0.04123764193322552, 'lr': 0.9047782400199377, 'weight_increment': 0.002278223530217896, 'min_window': 11, 'max_window': 59, 'use_full_instance': False, 'max_partners': 20, 'homeostasis': 'mean', 'target': 0.52, 'spread': 0.385, 'learning_rate': 0.001}",dqn,1000,linear,0.001,,,,,,
RepeatPrevious,filterbank+hag,5,1040,3.3615384615384616,-0.48083322,0.046554956652665895,-0.14424907803335543,-0.19455782142857142,2021,"{'decomposition': 'legendre', 'n_filters': 12, 'slowest': 0.05503533446959869, 'input_scaling': 0.9095759553753703, 'bias_dist': 'foldnorm', 'bias_scaling': 0.04123764193322552, 'lr': 0.9047782400199377, 'weight_increment': 0.002278223530217896, 'min_window': 11, 'max_window': 59, 'use_full_instance': False, 'max_partners': 20, 'homeostasis': 'mean', 'target': 0.52, 'spread': 0.385, 'learning_rate': 0.001}",dqn,1000,linear,0.001,,,,,,
RepeatPrevious,filterbank+hag,6,1040,3.208653846153846,-0.41833334,0.0650640622776076,-0.19329406084561637,-0.20495323214285716,2042,"{'decomposition': 'legendre', 'n_filters': 12, 'slowest': 0.05503533446959869, 'input_scaling': 0.9095759553753703, 'bias_dist': 'foldnorm', 'bias_scaling': 0.04123764193322552, 'lr': 0.9047782400199377, 'weight_increment': 0.002278223530217896, 'min_window': 11, 'max_window': 59, 'use_full_instance': False, 'max_partners': 20, 'homeostasis': 'mean', 'target': 0.52, 'spread': 0.385, 'learning_rate': 0.001}",dqn,1000,linear,0.001,,,,,,
RepeatPrevious,filterbank+hag,7,1040,3.3701923076923075,0.17999994,0.09910716108262005,-0.10801414397919111,-0.16707058214285717,2002,"{'decomposition': 'legendre', 'n_filters': 12, 'slowest': 0.05503533446959869, 'input_scaling': 0.9095759553753703, 'bias_dist': 'foldnorm', 'bias_scaling': 0.04123764193322552, 'lr': 0.9047782400199377, 'weight_increment': 0.002278223530217896, 'min_window': 11, 'max_window': 59, 'use_full_instance': False, 'max_partners': 20, 'homeostasis': 'mean', 'target': 0.52, 'spread': 0.385, 'learning_rate': 0.001}",dqn,1000,linear,0.001,,,,,,
RepeatPrevious,filterbank+hag,9,1040,3.3201923076923077,0.05166672000000001,0.10426996233106446,-0.14859913607385117,-0.21681547755102043,2027,"{'decomposition': 'legendre', 'n_filters': 12, 'slowest': 0.05503533446959869, 'input_scaling': 0.9095759553753703, 'bias_dist': 'foldnorm', 'bias_scaling': 0.04123764193322552, 'lr': 0.9047782400199377, 'weight_increment': 0.002278223530217896, 'min_window': 11, 'max_window': 59, 'use_full_instance': False, 'max_partners': 20, 'homeostasis': 'mean', 'target': 0.52, 'spread': 0.385, 'learning_rate': 0.001}",dqn,1000,linear,0.001,,,,,,
RepeatPrevious,filterbank+hag,8,1040,3.316346153846154,-0.23499996,0.08888198430164798,-0.15144676090171877,-0.1833120836734694,2047,"{'decomposition': 'legendre', 'n_filters': 12, 'slowest': 0.05503533446959869, 'input_scaling': 0.9095759553753703, 'bias_dist': 'foldnorm', 'bias_scaling': 0.04123764193322552, 'lr': 0.9047782400199377, 'weight_increment': 0.002278223530217896, 'min_window': 11, 'max_window': 59, 'use_full_instance': False, 'max_partners': 20, 'homeostasis': 'mean', 'target': 0.52, 'spread': 0.385, 'learning_rate': 0.001}",dqn,1000,linear,0.001,,,,,,
RepeatPrevious,filterbank+hag,0,1040,3.1721153846153847,-0.105,0.10416338128190732,-0.3233964075075228,-0.33667092091836737,2025,"{'decomposition': 'legendre', 'n_filters': 12, 'slowest': 0.05503533446959869, 'input_scaling': 0.9095759553753703, 'bias_dist': 'foldnorm', 'bias_scaling': 0.04123764193322552, 'lr': 0.9047782400199377, 'weight_increment': 0.002278223530217896, 'min_window': 11, 'max_window': 59, 'use_full_instance': False, 'max_partners': 20, 'homeostasis': 'mean', 'target': 0.52, 'spread': 0.385, 'learning_rate': 0.003}",dqn,1000,linear,0.003,,,,,,
RepeatPrevious,filterbank+hag,1,1040,3.225,-0.4916666,0.03996533219979537,-0.3336882240526342,-0.3309949,2007,"{'decomposition': 'legendre', 'n_filters': 12, 'slowest': 0.05503533446959869, 'input_scaling': 0.9095759553753703, 'bias_dist': 'foldnorm', 'bias_scaling': 0.04123764193322552, 'lr': 0.9047782400199377, 'weight_increment': 0.002278223530217896, 'min_window': 11, 'max_window': 59, 'use_full_instance': False, 'max_partners': 20, 'homeostasis': 'mean', 'target': 0.52, 'spread': 0.385, 'learning_rate': 0.003}",dqn,1000,linear,0.003,,,,,,
RepeatPrevious,filterbank+hag,2,1040,3.0701923076923077,-0.36999998,0.10789653130077723,-0.33447450629877085,-0.33278061173469387,2016,"{'decomposition': 'legendre', 'n_filters': 12, 'slowest': 0.05503533446959869, 'input_scaling': 0.9095759553753703, 'bias_dist': 'foldnorm', 'bias_scaling': 0.04123764193322552, 'lr': 0.9047782400199377, 'weight_increment': 0.002278223530217896, 'min_window': 11, 'max_window': 59, 'use_full_instance': False, 'max_partners': 20, 'homeostasis': 'mean', 'target': 0.52, 'spread': 0.385, 'learning_rate': 0.003}",dqn,1000,linear,0.003,,,,,,
RepeatPrevious,filterbank+hag,3,1040,3.141346153846154,-0.49749997999999995,0.0316340078968758,-0.3411855457744683,-0.34570578010204084,2002,"{'decomposition': 'legendre', 'n_filters': 12, 'slowest': 0.05503533446959869, 'input_scaling': 0.9095759553753703, 'bias_dist': 'foldnorm', 'bias_scaling': 0.04123764193322552, 'lr': 0.9047782400199377, 'weight_increment': 0.002278223530217896, 'min_window': 11, 'max_window': 59, 'use_full_instance': False, 'max_partners': 20, 'homeostasis': 'mean', 'target': 0.52, 'spread': 0.385, 'learning_rate': 0.003}",dqn,1000,linear,0.003,,,,,,
RepeatPrevious,filterbank+hag,4,1040,3.064423076923077,-0.18416667999999997,0.07821357569052573,-0.33872893884837046,-0.33852040510204084,1991,"{'decomposition': 'legendre', 'n_filters': 12, 'slowest': 0.05503533446959869, 'input_scaling': 0.9095759553753703, 'bias_dist': 'foldnorm', 'bias_scaling': 0.04123764193322552, 'lr': 0.9047782400199377, 'weight_increment': 0.002278223530217896, 'min_window': 11, 'max_window': 59, 'use_full_instance': False, 'max_partners': 20, 'homeostasis': 'mean', 'target': 0.52, 'spread': 0.385, 'learning_rate': 0.003}",dqn,1000,linear,0.003,,,,,,
RepeatPrevious,filterbank+hag,5,1040,3.3615384615384616,-0.26166670000000003,0.07684759665187975,-0.3297483044320906,-0.3317176903061224,2010,"{'decomposition': 'legendre', 'n_filters': 12, 'slowest': 0.05503533446959869, 'input_scaling': 0.9095759553753703, 'bias_dist': 'foldnorm', 'bias_scaling': 0.04123764193322552, 'lr': 0.9047782400199377, 'weight_increment': 0.002278223530217896, 'min_window': 11, 'max_window': 59, 'use_full_instance': False, 'max_partners': 20, 'homeostasis': 'mean', 'target': 0.52, 'spread': 0.385, 'learning_rate': 0.003}",dqn,1000,linear,0.003,,,,,,
RepeatPrevious,filterbank+hag,7,1040,3.3701923076923075,-0.2866667,0.09190873069436875,-0.33579418926913857,-0.3295918464285715,2008,"{'decomposition': 'legendre', 'n_filters': 12, 'slowest': 0.05503533446959869, 'input_scaling': 0.9095759553753703, 'bias_dist': 'foldnorm', 'bias_scaling': 0.04123764193322552, 'lr': 0.9047782400199377, 'weight_increment': 0.002278223530217896, 'min_window': 11, 'max_window': 59, 'use_full_instance': False, 'max_partners': 20, 'homeostasis': 'mean', 'target': 0.52, 'spread': 0.385, 'learning_rate': 0.003}",dqn,1000,linear,0.003,,,,,,
RepeatPrevious,filterbank+hag,6,1040,3.208653846153846,-0.32500002,0.07168615471525587,-0.3372902516448207,-0.3381165010204082,2071,"{'decomposition': 'legendre', 'n_filters': 12, 'slowest': 0.05503533446959869, 'input_scaling': 0.9095759553753703, 'bias_dist': 'foldnorm', 'bias_scaling': 0.04123764193322552, 'lr': 0.9047782400199377, 'weight_increment': 0.002278223530217896, 'min_window': 11, 'max_window': 59, 'use_full_instance': False, 'max_partners': 20, 'homeostasis': 'mean', 'target': 0.52, 'spread': 0.385, 'learning_rate': 0.003}",dqn,1000,linear,0.003,,,,,,
RepeatPrevious,filterbank+hag,8,1040,3.316346153846154,-0.47749995999999995,0.04503860541622487,-0.330591965930535,-0.3249362204081633,2004,"{'decomposition': 'legendre', 'n_filters': 12, 'slowest': 0.05503533446959869, 'input_scaling': 0.9095759553753703, 'bias_dist': 'foldnorm', 'bias_scaling': 0.04123764193322552, 'lr': 0.9047782400199377, 'weight_increment': 0.002278223530217896, 'min_window': 11, 'max_window': 59, 'use_full_instance': False, 'max_partners': 20, 'homeostasis': 'mean', 'target': 0.52, 'spread': 0.385, 'learning_rate': 0.003}",dqn,1000,linear,0.003,,,,,,
RepeatPrevious,filterbank+proj,0,1040,0.0,0.9749999800000001,0.03908677810026812,0.5944518124139339,0.5868835081632653,1926,"{'decomposition': 'legendre', 'n_filters': 12, 'slowest': 0.05503533446959869, 'input_scaling': 0.9095759553753703, 'bias_dist': 'foldnorm', 'bias_scaling': 0.04123764193322552, 'lr': 0.9047782400199377, 'weight_increment': 0.002278223530217896, 'min_window': 11, 'max_window': 59, 'use_full_instance': False, 'max_partners': 20, 'homeostasis': 'mean', 'target': 0.52, 'spread': 0.385, 'learning_rate': 0.0001}",dqn,1000,linear,0.0001,,,,,,
RepeatPrevious,filterbank+proj,2,1040,0.0,0.95916662,0.04123941709427523,0.5904672637833427,0.5694727877551021,1937,"{'decomposition': 'legendre', 'n_filters': 12, 'slowest': 0.05503533446959869, 'input_scaling': 0.9095759553753703, 'bias_dist': 'foldnorm', 'bias_scaling': 0.04123764193322552, 'lr': 0.9047782400199377, 'weight_increment': 0.002278223530217896, 'min_window': 11, 'max_window': 59, 'use_full_instance': False, 'max_partners': 20, 'homeostasis': 'mean', 'target': 0.52, 'spread': 0.385, 'learning_rate': 0.0001}",dqn,1000,linear,0.0001,,,,,,
RepeatPrevious,filterbank+proj,1,1040,0.0,0.5091667000000001,0.08303696934408192,0.5709313009129392,0.5501913265306122,1965,"{'decomposition': 'legendre', 'n_filters': 12, 'slowest': 0.05503533446959869, 'input_scaling': 0.9095759553753703, 'bias_dist': 'foldnorm', 'bias_scaling': 0.04123764193322552, 'lr': 0.9047782400199377, 'weight_increment': 0.002278223530217896, 'min_window': 11, 'max_window': 59, 'use_full_instance': False, 'max_partners': 20, 'homeostasis': 'mean', 'target': 0.52, 'spread': 0.385, 'learning_rate': 0.0001}",dqn,1000,linear,0.0001,,,,,,
RepeatPrevious,filterbank+hag,9,1040,3.3201923076923077,-0.37583334,0.0775000501080122,-0.33352034421380117,-0.3280612224489796,2006,"{'decomposition': 'legendre', 'n_filters': 12, 'slowest': 0.05503533446959869, 'input_scaling': 0.9095759553753703, 'bias_dist': 'foldnorm', 'bias_scaling': 0.04123764193322552, 'lr': 0.9047782400199377, 'weight_increment': 0.002278223530217896, 'min_window': 11, 'max_window': 59, 'use_full_instance': False, 'max_partners': 20, 'homeostasis': 'mean', 'target': 0.52, 'spread': 0.385, 'learning_rate': 0.003}",dqn,1000,linear,0.003,,,,,,
RepeatPrevious,filterbank+proj,3,1040,0.0,0.8725000600000001,0.06942727426002263,0.5744504493293211,0.5724914892857143,1925,"{'decomposition': 'legendre', 'n_filters': 12, 'slowest': 0.05503533446959869, 'input_scaling': 0.9095759553753703, 'bias_dist': 'foldnorm', 'bias_scaling': 0.04123764193322552, 'lr': 0.9047782400199377, 'weight_increment': 0.002278223530217896, 'min_window': 11, 'max_window': 59, 'use_full_instance': False, 'max_partners': 20, 'homeostasis': 'mean', 'target': 0.52, 'spread': 0.385, 'learning_rate': 0.0001}",dqn,1000,linear,0.0001,,,,,,
RepeatPrevious,filterbank+proj,4,1040,0.0,0.93833336,0.047316757192250605,0.5447437998163921,0.5318239821428571,1960,"{'decomposition': 'legendre', 'n_filters': 12, 'slowest': 0.05503533446959869, 'input_scaling': 0.9095759553753703, 'bias_dist': 'foldnorm', 'bias_scaling': 0.04123764193322552, 'lr': 0.9047782400199377, 'weight_increment': 0.002278223530217896, 'min_window': 11, 'max_window': 59, 'use_full_instance': False, 'max_partners': 20, 'homeostasis': 'mean', 'target': 0.52, 'spread': 0.385, 'learning_rate': 0.0001}",dqn,1000,linear,0.0001,,,,,,
RepeatPrevious,filterbank+proj,5,1040,0.0,0.5791666200000001,0.10349787249598709,0.5800734422910185,0.564774662755102,1974,"{'decomposition': 'legendre', 'n_filters': 12, 'slowest': 0.05503533446959869, 'input_scaling': 0.9095759553753703, 'bias_dist': 'foldnorm', 'bias_scaling': 0.04123764193322552, 'lr': 0.9047782400199377, 'weight_increment': 0.002278223530217896, 'min_window': 11, 'max_window': 59, 'use_full_instance': False, 'max_partners': 20, 'homeostasis': 'mean', 'target': 0.52, 'spread': 0.385, 'learning_rate': 0.0001}",dqn,1000,linear,0.0001,,,,,,
RepeatPrevious,filterbank+proj,6,1040,0.0,0.8833332800000001,0.06180161180973842,0.5666811193451319,0.5760629270408163,1961,"{'decomposition': 'legendre', 'n_filters': 12, 'slowest': 0.05503533446959869, 'input_scaling': 0.9095759553753703, 'bias_dist': 'foldnorm', 'bias_scaling': 0.04123764193322552, 'lr': 0.9047782400199377, 'weight_increment': 0.002278223530217896, 'min_window': 11, 'max_window': 59, 'use_full_instance': False, 'max_partners': 20, 'homeostasis': 'mean', 'target': 0.52, 'spread': 0.385, 'learning_rate': 0.0001}",dqn,1000,linear,0.0001,,,,,,
RepeatPrevious,filterbank+proj,7,1040,0.0,0.94666668,0.038224356401352265,0.5882699193655327,0.5619260188775511,1959,"{'decomposition': 'legendre', 'n_filters': 12, 'slowest': 0.05503533446959869, 'input_scaling': 0.9095759553753703, 'bias_dist': 'foldnorm', 'bias_scaling': 0.04123764193322552, 'lr': 0.9047782400199377, 'weight_increment': 0.002278223530217896, 'min_window': 11, 'max_window': 59, 'use_full_instance': False, 'max_partners': 20, 'homeostasis': 'mean', 'target': 0.52, 'spread': 0.385, 'learning_rate': 0.0001}",dqn,1000,linear,0.0001,,,,,,
RepeatPrevious,filterbank+proj,8,1040,0.0,0.52166658,0.07180220036909454,0.5697539990819606,0.5693877566326531,1954,"{'decomposition': 'legendre', 'n_filters': 12, 'slowest': 0.05503533446959869, 'input_scaling': 0.9095759553753703, 'bias_dist': 'foldnorm', 'bias_scaling': 0.04123764193322552, 'lr': 0.9047782400199377, 'weight_increment': 0.002278223530217896, 'min_window': 11, 'max_window': 59, 'use_full_instance': False, 'max_partners': 20, 'homeostasis': 'mean', 'target': 0.52, 'spread': 0.385, 'learning_rate': 0.0001}",dqn,1000,linear,0.0001,,,,,,
RepeatPrevious,filterbank+proj,9,1040,0.0,0.6291666600000001,0.09288958828191887,0.5959351231192942,0.6005952301020409,1993,"{'decomposition': 'legendre', 'n_filters': 12, 'slowest': 0.05503533446959869, 'input_scaling': 0.9095759553753703, 'bias_dist': 'foldnorm', 'bias_scaling': 0.04123764193322552, 'lr': 0.9047782400199377, 'weight_increment': 0.002278223530217896, 'min_window': 11, 'max_window': 59, 'use_full_instance': False, 'max_partners': 20, 'homeostasis': 'mean', 'target': 0.52, 'spread': 0.385, 'learning_rate': 0.0001}",dqn,1000,linear,0.0001,,,,,,
RepeatPrevious,filterbank+proj,2,1040,0.0,-0.29500006,0.09495618077164014,0.22174478492375174,0.12961308928571427,1953,"{'decomposition': 'legendre', 'n_filters': 12, 'slowest': 0.05503533446959869, 'input_scaling': 0.9095759553753703, 'bias_dist': 'foldnorm', 'bias_scaling': 0.04123764193322552, 'lr': 0.9047782400199377, 'weight_increment': 0.002278223530217896, 'min_window': 11, 'max_window': 59, 'use_full_instance': False, 'max_partners': 20, 'homeostasis': 'mean', 'target': 0.52, 'spread': 0.385, 'learning_rate': 0.0003}",dqn,1000,linear,0.0003,,,,,,
RepeatPrevious,filterbank+proj,0,1040,0.0,0.38583338000000006,0.09083334000044037,0.20032386474218394,0.07748724132653062,1992,"{'decomposition': 'legendre', 'n_filters': 12, 'slowest': 0.05503533446959869, 'input_scaling': 0.9095759553753703, 'bias_dist': 'foldnorm', 'bias_scaling': 0.04123764193322552, 'lr': 0.9047782400199377, 'weight_increment': 0.002278223530217896, 'min_window': 11, 'max_window': 59, 'use_full_instance': False, 'max_partners': 20, 'homeostasis': 'mean', 'target': 0.52, 'spread': 0.385, 'learning_rate': 0.0003}",dqn,1000,linear,0.0003,,,,,,
RepeatPrevious,filterbank+proj,1,1040,0.0,0.6041667000000001,0.0940043364842814,0.27440242627632994,0.12901785000000002,1992,"{'decomposition': 'legendre', 'n_filters': 12, 'slowest': 0.05503533446959869, 'input_scaling': 0.9095759553753703, 'bias_dist': 'foldnorm', 'bias_scaling': 0.04123764193322552, 'lr': 0.9047782400199377, 'weight_increment': 0.002278223530217896, 'min_window': 11, 'max_window': 59, 'use_full_instance': False, 'max_partners': 20, 'homeostasis': 'mean', 'target': 0.52, 'spread': 0.385, 'learning_rate': 0.0003}",dqn,1000,linear,0.0003,,,,,,
RepeatPrevious,filterbank+proj,5,1040,0.0,0.6408333,0.07586997979049422,0.20644837726322232,0.07542517448979591,1923,"{'decomposition': 'legendre', 'n_filters': 12, 'slowest': 0.05503533446959869, 'input_scaling': 0.9095759553753703, 'bias_dist': 'foldnorm', 'bias_scaling': 0.04123764193322552, 'lr': 0.9047782400199377, 'weight_increment': 0.002278223530217896, 'min_window': 11, 'max_window': 59, 'use_full_instance': False, 'max_partners': 20, 'homeostasis': 'mean', 'target': 0.52, 'spread': 0.385, 'learning_rate': 0.0003}",dqn,1000,linear,0.0003,,,,,,
RepeatPrevious,filterbank+proj,3,1040,0.0,0.09999998,0.09166665818223986,0.2086287195389402,0.14934098520408165,1980,"{'decomposition': 'legendre', 'n_filters': 12, 'slowest': 0.05503533446959869, 'input_scaling': 0.9095759553753703, 'bias_dist': 'foldnorm', 'bias_scaling': 0.04123764193322552, 'lr': 0.9047782400199377, 'weight_increment': 0.002278223530217896, 'min_window': 11, 'max_window': 59, 'use_full_instance': False, 'max_partners': 20, 'homeostasis': 'mean', 'target': 0.52, 'spread': 0.385, 'learning_rate': 0.0003}",dqn,1000,linear,0.0003,,,,,,
RepeatPrevious,filterbank+proj,4,1040,0.0,0.7116666799999999,0.08653835321900688,0.19520876615494467,0.16600764540816326,1975,"{'decomposition': 'legendre', 'n_filters': 12, 'slowest': 0.05503533446959869, 'input_scaling': 0.9095759553753703, 'bias_dist': 'foldnorm', 'bias_scaling': 0.04123764193322552, 'lr': 0.9047782400199377, 'weight_increment': 0.002278223530217896, 'min_window': 11, 'max_window': 59, 'use_full_instance': False, 'max_partners': 20, 'homeostasis': 'mean', 'target': 0.52, 'spread': 0.385, 'learning_rate': 0.0003}",dqn,1000,linear,0.0003,,,,,,
RepeatPrevious,filterbank+proj,7,1040,0.0,-0.10583336000000002,0.07601626960401568,0.2525734851328607,0.14957483061224489,1923,"{'decomposition': 'legendre', 'n_filters': 12, 'slowest': 0.05503533446959869, 'input_scaling': 0.9095759553753703, 'bias_dist': 'foldnorm', 'bias_scaling': 0.04123764193322552, 'lr': 0.9047782400199377, 'weight_increment': 0.002278223530217896, 'min_window': 11, 'max_window': 59, 'use_full_instance': False, 'max_partners': 20, 'homeostasis': 'mean', 'target': 0.52, 'spread': 0.385, 'learning_rate': 0.0003}",dqn,1000,linear,0.0003,,,,,,
RepeatPrevious,filterbank+proj,6,1040,0.0,0.32333326,0.0823104096295991,0.18082402417503954,0.06813350867346939,1972,"{'decomposition': 'legendre', 'n_filters': 12, 'slowest': 0.05503533446959869, 'input_scaling': 0.9095759553753703, 'bias_dist': 'foldnorm', 'bias_scaling': 0.04123764193322552, 'lr': 0.9047782400199377, 'weight_increment': 0.002278223530217896, 'min_window': 11, 'max_window': 59, 'use_full_instance': False, 'max_partners': 20, 'homeostasis': 'mean', 'target': 0.52, 'spread': 0.385, 'learning_rate': 0.0003}",dqn,1000,linear,0.0003,,,,,,
RepeatPrevious,filterbank+proj,8,1040,0.0,0.15916664,0.09707168107512303,0.2487313199877595,0.12880526734693878,2013,"{'decomposition': 'legendre', 'n_filters': 12, 'slowest': 0.05503533446959869, 'input_scaling': 0.9095759553753703, 'bias_dist': 'foldnorm', 'bias_scaling': 0.04123764193322552, 'lr': 0.9047782400199377, 'weight_increment': 0.002278223530217896, 'min_window': 11, 'max_window': 59, 'use_full_instance': False, 'max_partners': 20, 'homeostasis': 'mean', 'target': 0.52, 'spread': 0.385, 'learning_rate': 0.0003}",dqn,1000,linear,0.0003,,,,,,
RepeatPrevious,filterbank+proj,9,1040,0.0,-0.46083327999999996,0.05297406849961215,0.26711123996531855,0.20907738724489797,2019,"{'decomposition': 'legendre', 'n_filters': 12, 'slowest': 0.05503533446959869, 'input_scaling': 0.9095759553753703, 'bias_dist': 'foldnorm', 'bias_scaling': 0.04123764193322552, 'lr': 0.9047782400199377, 'weight_increment': 0.002278223530217896, 'min_window': 11, 'max_window': 59, 'use_full_instance': False, 'max_partners': 20, 'homeostasis': 'mean', 'target': 0.52, 'spread': 0.385, 'learning_rate': 0.0003}",dqn,1000,linear,0.0003,,,,,,
RepeatPrevious,filterbank+esn,1,1008,61.67261904761905,1.0000000000000007,0.0,0.547451353637902,0.90513959390863,762,"{'decomposition': 'ema', 'n_filters': 12, 'slowest': 0.02507317538961706, 'input_scaling': 0.06030655020781763, 'bias_dist': 'foldnorm', 'bias_scaling': 0.3675151821918012, 'lr': 0.8146481921811927, 'sr': 0.5626594340200773, 'rc_connectivity': 0.0611833696238945, 'ridge': 0.00029938375658797236, 'gamma': 0.9453529518592982}",lspi,1000,linear,,1.0000000000000004,0.0,"[1.0000000000000004, 1.0000000000000004, 1.0000000000000004, 1.0000000000000004, 1.0000000000000004, 1.0000000000000004, 1.0000000000000004, 1.0000000000000004, 1.0000000000000004, 1.0000000000000004, 1.0000000000000004, 1.0000000000000004, 1.0000000000000004, 1.0000000000000004, 1.0000000000000004, 1.0000000000000004, 1.0000000000000004, 1.0000000000000004, 1.0000000000000004, 1.0000000000000004]",,,
RepeatPrevious,filterbank+esn,0,1008,61.67261904761905,1.0000000000000007,0.0,0.550327834179357,0.905351099830796,789,"{'decomposition': 'ema', 'n_filters': 12, 'slowest': 0.02507317538961706, 'input_scaling': 0.06030655020781763, 'bias_dist': 'foldnorm', 'bias_scaling': 0.3675151821918012, 'lr': 0.8146481921811927, 'sr': 0.5626594340200773, 'rc_connectivity': 0.0611833696238945, 'ridge': 0.00029938375658797236, 'gamma': 0.9453529518592982}",lspi,1000,linear,,1.0000000000000004,0.0,"[1.0000000000000004, 1.0000000000000004, 1.0000000000000004, 1.0000000000000004, 1.0000000000000004, 1.0000000000000004, 1.0000000000000004, 1.0000000000000004, 1.0000000000000004, 1.0000000000000004, 1.0000000000000004, 1.0000000000000004, 1.0000000000000004, 1.0000000000000004, 1.0000000000000004, 1.0000000000000004, 1.0000000000000004, 1.0000000000000004, 1.0000000000000004, 1.0000000000000004]",,,
RepeatPrevious,filterbank+proj,0,1040,0.0,-0.04749998,0.09574634434598327,-0.14558363467129087,-0.19100765153061225,2045,"{'decomposition': 'legendre', 'n_filters': 12, 'slowest': 0.05503533446959869, 'input_scaling': 0.9095759553753703, 'bias_dist': 'foldnorm', 'bias_scaling': 0.04123764193322552, 'lr': 0.9047782400199377, 'weight_increment': 0.002278223530217896, 'min_window': 11, 'max_window': 59, 'use_full_instance': False, 'max_partners': 20, 'homeostasis': 'mean', 'target': 0.52, 'spread': 0.385, 'learning_rate': 0.001}",dqn,1000,linear,0.001,,,,,,
RepeatPrevious,filterbank+esn,2,1008,61.67261904761905,1.0000000000000007,0.0,0.5497990693739426,0.9055626057529615,759,"{'decomposition': 'ema', 'n_filters': 12, 'slowest': 0.02507317538961706, 'input_scaling': 0.06030655020781763, 'bias_dist': 'foldnorm', 'bias_scaling': 0.3675151821918012, 'lr': 0.8146481921811927, 'sr': 0.5626594340200773, 'rc_connectivity': 0.0611833696238945, 'ridge': 0.00029938375658797236, 'gamma': 0.9453529518592982}",lspi,1000,linear,,0.9997916666666671,1.0,"[0.9958333333333339, 1.0000000000000004, 1.0000000000000004, 1.0000000000000004, 1.0000000000000004, 1.0000000000000004, 1.0000000000000004, 1.0000000000000004, 1.0000000000000004, 1.0000000000000004, 1.0000000000000004, 1.0000000000000004, 1.0000000000000004, 1.0000000000000004, 1.0000000000000004, 1.0000000000000004, 1.0000000000000004, 1.0000000000000004, 1.0000000000000004, 1.0000000000000004]",,,
RepeatPrevious,filterbank+esn,3,1008,61.67261904761905,1.0000000000000007,0.0,0.5512161590524536,0.9126480541455164,778,"{'decomposition': 'ema', 'n_filters': 12, 'slowest': 0.02507317538961706, 'input_scaling': 0.06030655020781763, 'bias_dist': 'foldnorm', 'bias_scaling': 0.3675151821918012, 'lr': 0.8146481921811927, 'sr': 0.5626594340200773, 'rc_connectivity': 0.0611833696238945, 'ridge': 0.00029938375658797236, 'gamma': 0.9453529518592982}",lspi,1000,linear,,0.9995833333333337,1.0,"[0.9916666666666671, 1.0000000000000004, 1.0000000000000004, 1.0000000000000004, 1.0000000000000004, 1.0000000000000004, 1.0000000000000004, 1.0000000000000004, 1.0000000000000004, 1.0000000000000004, 1.0000000000000004, 1.0000000000000004, 1.0000000000000004, 1.0000000000000004, 1.0000000000000004, 1.0000000000000004, 1.0000000000000004, 1.0000000000000004, 1.0000000000000004, 1.0000000000000004]",,,
RepeatPrevious,filterbank+esn,4,1008,61.67261904761905,1.0000000000000007,0.0,0.552865905245347,0.9067258883248736,815,"{'decomposition': 'ema', 'n_filters': 12, 'slowest': 0.02507317538961706, 'input_scaling': 0.06030655020781763, 'bias_dist': 'foldnorm', 'bias_scaling': 0.3675151821918012, 'lr': 0.8146481921811927, 'sr': 0.5626594340200773, 'rc_connectivity': 0.0611833696238945, 'ridge': 0.00029938375658797236, 'gamma': 0.9453529518592982}",lspi,1000,linear,,1.0000000000000004,0.0,"[1.0000000000000004, 1.0000000000000004, 1.0000000000000004, 1.0000000000000004, 1.0000000000000004, 1.0000000000000004, 1.0000000000000004, 1.0000000000000004, 1.0000000000000004, 1.0000000000000004, 1.0000000000000004, 1.0000000000000004, 1.0000000000000004, 1.0000000000000004, 1.0000000000000004, 1.0000000000000004, 1.0000000000000004, 1.0000000000000004, 1.0000000000000004, 1.0000000000000004]",,,
RepeatPrevious,filterbank+esn,5,1008,61.67261904761905,1.0000000000000007,0.0,0.5503489847715736,0.9115905245346875,787,"{'decomposition': 'ema', 'n_filters': 12, 'slowest': 0.02507317538961706, 'input_scaling': 0.06030655020781763, 'bias_dist': 'foldnorm', 'bias_scaling': 0.3675151821918012, 'lr': 0.8146481921811927, 'sr': 0.5626594340200773, 'rc_connectivity': 0.0611833696238945, 'ridge': 0.00029938375658797236, 'gamma': 0.9453529518592982}",lspi,1000,linear,,1.0000000000000004,0.0,"[1.0000000000000004, 1.0000000000000004, 1.0000000000000004, 1.0000000000000004, 1.0000000000000004, 1.0000000000000004, 1.0000000000000004, 1.0000000000000004, 1.0000000000000004, 1.0000000000000004, 1.0000000000000004, 1.0000000000000004, 1.0000000000000004, 1.0000000000000004, 1.0000000000000004, 1.0000000000000004, 1.0000000000000004, 1.0000000000000004, 1.0000000000000004, 1.0000000000000004]",,,
RepeatPrevious,filterbank+esn,8,1008,61.67261904761905,1.0000000000000007,0.0,0.5506768189509307,0.902813028764806,819,"{'decomposition': 'ema', 'n_filters': 12, 'slowest': 0.02507317538961706, 'input_scaling': 0.06030655020781763, 'bias_dist': 'foldnorm', 'bias_scaling': 0.3675151821918012, 'lr': 0.8146481921811927, 'sr': 0.5626594340200773, 'rc_connectivity': 0.0611833696238945, 'ridge': 0.00029938375658797236, 'gamma': 0.9453529518592982}",lspi,1000,linear,,1.0000000000000004,0.0,"[1.0000000000000004, 1.0000000000000004, 1.0000000000000004, 1.0000000000000004, 1.0000000000000004, 1.0000000000000004, 1.0000000000000004, 1.0000000000000004, 1.0000000000000004, 1.0000000000000004, 1.0000000000000004, 1.0000000000000004, 1.0000000000000004, 1.0000000000000004, 1.0000000000000004, 1.0000000000000004, 1.0000000000000004, 1.0000000000000004, 1.0000000000000004, 1.0000000000000004]",,,
RepeatPrevious,filterbank+esn,7,1008,61.67261904761905,1.0000000000000007,0.0,0.550327834179357,0.9102157360406097,824,"{'decomposition': 'ema', 'n_filters': 12, 'slowest': 0.02507317538961706, 'input_scaling': 0.06030655020781763, 'bias_dist': 'foldnorm', 'bias_scaling': 0.3675151821918012, 'lr': 0.8146481921811927, 'sr': 0.5626594340200773, 'rc_connectivity': 0.0611833696238945, 'ridge': 0.00029938375658797236, 'gamma': 0.9453529518592982}",lspi,1000,linear,,1.0000000000000004,0.0,"[1.0000000000000004, 1.0000000000000004, 1.0000000000000004, 1.0000000000000004, 1.0000000000000004, 1.0000000000000004, 1.0000000000000004, 1.0000000000000004, 1.0000000000000004, 1.0000000000000004, 1.0000000000000004, 1.0000000000000004, 1.0000000000000004, 1.0000000000000004, 1.0000000000000004, 1.0000000000000004, 1.0000000000000004, 1.0000000000000004, 1.0000000000000004, 1.0000000000000004]",,,
RepeatPrevious,filterbank+esn,6,1008,61.67261904761905,1.0000000000000007,0.0,0.5510469543147208,0.9047165820642982,839,"{'decomposition': 'ema', 'n_filters': 12, 'slowest': 0.02507317538961706, 'input_scaling': 0.06030655020781763, 'bias_dist': 'foldnorm', 'bias_scaling': 0.3675151821918012, 'lr': 0.8146481921811927, 'sr': 0.5626594340200773, 'rc_connectivity': 0.0611833696238945, 'ridge': 0.00029938375658797236, 'gamma': 0.9453529518592982}",lspi,1000,linear,,0.9997916666666671,1.0,"[0.9958333333333339, 1.0000000000000004, 1.0000000000000004, 1.0000000000000004, 1.0000000000000004, 1.0000000000000004, 1.0000000000000004, 1.0000000000000004, 1.0000000000000004, 1.0000000000000004, 1.0000000000000004, 1.0000000000000004, 1.0000000000000004, 1.0000000000000004, 1.0000000000000004, 1.0000000000000004, 1.0000000000000004, 1.0000000000000004, 1.0000000000000004, 1.0000000000000004]",,,
RepeatPrevious,filterbank+proj,1,1040,0.0,-0.41333336,0.05763873273407735,-0.15031408757076556,-0.18231292244897962,2106,"{'decomposition': 'legendre', 'n_filters': 12, 'slowest': 0.05503533446959869, 'input_scaling': 0.9095759553753703, 'bias_dist': 'foldnorm', 'bias_scaling': 0.04123764193322552, 'lr': 0.9047782400199377, 'weight_increment': 0.002278223530217896, 'min_window': 11, 'max_window': 59, 'use_full_instance': False, 'max_partners': 20, 'homeostasis': 'mean', 'target': 0.52, 'spread': 0.385, 'learning_rate': 0.001}",dqn,1000,linear,0.001,,,,,,
RepeatPrevious,filterbank+esn,9,1008,61.67261904761905,1.0000000000000007,0.0,0.5495452622673437,0.9067258883248737,816,"{'decomposition': 'ema', 'n_filters': 12, 'slowest': 0.02507317538961706, 'input_scaling': 0.06030655020781763, 'bias_dist': 'foldnorm', 'bias_scaling': 0.3675151821918012, 'lr': 0.8146481921811927, 'sr': 0.5626594340200773, 'rc_connectivity': 0.0611833696238945, 'ridge': 0.00029938375658797236, 'gamma': 0.9453529518592982}",lspi,1000,linear,,0.9997916666666671,1.0,"[0.9958333333333339, 1.0000000000000004, 1.0000000000000004, 1.0000000000000004, 1.0000000000000004, 1.0000000000000004, 1.0000000000000004, 1.0000000000000004, 1.0000000000000004, 1.0000000000000004, 1.0000000000000004, 1.0000000000000004, 1.0000000000000004, 1.0000000000000004, 1.0000000000000004, 1.0000000000000004, 1.0000000000000004, 1.0000000000000004, 1.0000000000000004, 1.0000000000000004]",,,
RepeatPrevious,filterbank+proj,2,1040,0.0,0.15333336,0.10456265872705418,-0.1681776063650737,-0.20227465153061222,2100,"{'decomposition': 'legendre', 'n_filters': 12, 'slowest': 0.05503533446959869, 'input_scaling': 0.9095759553753703, 'bias_dist': 'foldnorm', 'bias_scaling': 0.04123764193322552, 'lr': 0.9047782400199377, 'weight_increment': 0.002278223530217896, 'min_window': 11, 'max_window': 59, 'use_full_instance': False, 'max_partners': 20, 'homeostasis': 'mean', 'target': 0.52, 'spread': 0.385, 'learning_rate': 0.001}",dqn,1000,linear,0.001,,,,,,
RepeatPrevious,filterbank+proj,3,1040,0.0,-0.3016667,0.07753134778249376,-0.15151264084255622,-0.18080356632653063,2073,"{'decomposition': 'legendre', 'n_filters': 12, 'slowest': 0.05503533446959869, 'input_scaling': 0.9095759553753703, 'bias_dist': 'foldnorm', 'bias_scaling': 0.04123764193322552, 'lr': 0.9047782400199377, 'weight_increment': 0.002278223530217896, 'min_window': 11, 'max_window': 59, 'use_full_instance': False, 'max_partners': 20, 'homeostasis': 'mean', 'target': 0.52, 'spread': 0.385, 'learning_rate': 0.001}",dqn,1000,linear,0.001,,,,,,
RepeatPrevious,filterbank+hag,3,1008,14.436507936507937,1.0000000000000007,0.0,0.551343062605753,0.9126480541455164,816,"{'decomposition': 'ema', 'n_filters': 6, 'slowest': 0.025449047451326166, 'input_scaling': 0.45634028381379155, 'bias_dist': 'foldnorm', 'bias_scaling': 0.3053488883357672, 'lr': 0.9631125355867912, 'weight_increment': 0.001562997476594326, 'min_window': 10, 'max_window': 37, 'use_full_instance': True, 'max_partners': inf, 'homeostasis': 'mean', 'target': 0.5, 'spread': 0.23, 'ridge': 9.30375589059818e-06, 'gamma': 0.9070029115365931}",lspi,1000,linear,,1.0000000000000004,0.0,"[1.0000000000000004, 1.0000000000000004, 1.0000000000000004, 1.0000000000000004, 1.0000000000000004, 1.0000000000000004, 1.0000000000000004, 1.0000000000000004, 1.0000000000000004, 1.0000000000000004, 1.0000000000000004, 1.0000000000000004, 1.0000000000000004, 1.0000000000000004, 1.0000000000000004, 1.0000000000000004, 1.0000000000000004, 1.0000000000000004, 1.0000000000000004, 1.0000000000000004]",,,
RepeatPrevious,filterbank+hag,1,1008,14.125,1.0000000000000007,0.0,0.547451353637902,0.90513959390863,916,"{'decomposition': 'ema', 'n_filters': 6, 'slowest': 0.025449047451326166, 'input_scaling': 0.45634028381379155, 'bias_dist': 'foldnorm', 'bias_scaling': 0.3053488883357672, 'lr': 0.9631125355867912, 'weight_increment': 0.001562997476594326, 'min_window': 10, 'max_window': 37, 'use_full_instance': True, 'max_partners': inf, 'homeostasis': 'mean', 'target': 0.5, 'spread': 0.23, 'ridge': 9.30375589059818e-06, 'gamma': 0.9070029115365931}",lspi,1000,linear,,1.0000000000000004,0.0,"[1.0000000000000004, 1.0000000000000004, 1.0000000000000004, 1.0000000000000004, 1.0000000000000004, 1.0000000000000004, 1.0000000000000004, 1.0000000000000004, 1.0000000000000004, 1.0000000000000004, 1.0000000000000004, 1.0000000000000004, 1.0000000000000004, 1.0000000000000004, 1.0000000000000004, 1.0000000000000004, 1.0000000000000004, 1.0000000000000004, 1.0000000000000004, 1.0000000000000004]",,,
RepeatPrevious,filterbank+hag,2,1008,13.943452380952381,1.0000000000000007,0.0,0.5498096446700509,0.9055626057529615,935,"{'decomposition': 'ema', 'n_filters': 6, 'slowest': 0.025449047451326166, 'input_scaling': 0.45634028381379155, 'bias_dist': 'foldnorm', 'bias_scaling': 0.3053488883357672, 'lr': 0.9631125355867912, 'weight_increment': 0.001562997476594326, 'min_window': 10, 'max_window': 37, 'use_full_instance': True, 'max_partners': inf, 'homeostasis': 'mean', 'target': 0.5, 'spread': 0.23, 'ridge': 9.30375589059818e-06, 'gamma': 0.9070029115365931}",lspi,1000,linear,,1.0000000000000004,0.0,"[1.0000000000000004, 1.0000000000000004, 1.0000000000000004, 1.0000000000000004, 1.0000000000000004, 1.0000000000000004, 1.0000000000000004, 1.0000000000000004, 1.0000000000000004, 1.0000000000000004, 1.0000000000000004, 1.0000000000000004, 1.0000000000000004, 1.0000000000000004, 1.0000000000000004, 1.0000000000000004, 1.0000000000000004, 1.0000000000000004, 1.0000000000000004, 1.0000000000000004]",,,
RepeatPrevious,filterbank+hag,0,1008,14.141865079365079,1.0000000000000007,0.0,0.550327834179357,0.905351099830796,965,"{'decomposition': 'ema', 'n_filters': 6, 'slowest': 0.025449047451326166, 'input_scaling': 0.45634028381379155, 'bias_dist': 'foldnorm', 'bias_scaling': 0.3053488883357672, 'lr': 0.9631125355867912, 'weight_increment': 0.001562997476594326, 'min_window': 10, 'max_window': 37, 'use_full_instance': True, 'max_partners': inf, 'homeostasis': 'mean', 'target': 0.5, 'spread': 0.23, 'ridge': 9.30375589059818e-06, 'gamma': 0.9070029115365931}",lspi,1000,linear,,1.0000000000000004,0.0,"[1.0000000000000004, 1.0000000000000004, 1.0000000000000004, 1.0000000000000004, 1.0000000000000004, 1.0000000000000004, 1.0000000000000004, 1.0000000000000004, 1.0000000000000004, 1.0000000000000004, 1.0000000000000004, 1.0000000000000004, 1.0000000000000004, 1.0000000000000004, 1.0000000000000004, 1.0000000000000004, 1.0000000000000004, 1.0000000000000004, 1.0000000000000004, 1.0000000000000004]",,,
RepeatPrevious,filterbank+hag,4,1008,14.081349206349206,0.9991666666666674,0.005833333333333343,0.552865905245347,0.9067258883248736,827,"{'decomposition': 'ema', 'n_filters': 6, 'slowest': 0.025449047451326166, 'input_scaling': 0.45634028381379155, 'bias_dist': 'foldnorm', 'bias_scaling': 0.3053488883357672, 'lr': 0.9631125355867912, 'weight_increment': 0.001562997476594326, 'min_window': 10, 'max_window': 37, 'use_full_instance': True, 'max_partners': inf, 'homeostasis': 'mean', 'target': 0.5, 'spread': 0.23, 'ridge': 9.30375589059818e-06, 'gamma': 0.9070029115365931}",lspi,1000,linear,,1.0000000000000004,0.0,"[1.0000000000000004, 1.0000000000000004, 1.0000000000000004, 1.0000000000000004, 1.0000000000000004, 1.0000000000000004, 1.0000000000000004, 1.0000000000000004, 1.0000000000000004, 1.0000000000000004, 1.0000000000000004, 1.0000000000000004, 1.0000000000000004, 1.0000000000000004, 1.0000000000000004, 1.0000000000000004, 1.0000000000000004, 1.0000000000000004, 1.0000000000000004, 1.0000000000000004]",,,
RepeatPrevious,filterbank+proj,5,1040,0.0,-0.26916672,0.08983395893447868,-0.17528391217422348,-0.1844175198979592,2127,"{'decomposition': 'legendre', 'n_filters': 12, 'slowest': 0.05503533446959869, 'input_scaling': 0.9095759553753703, 'bias_dist': 'foldnorm', 'bias_scaling': 0.04123764193322552, 'lr': 0.9047782400199377, 'weight_increment': 0.002278223530217896, 'min_window': 11, 'max_window': 59, 'use_full_instance': False, 'max_partners': 20, 'homeostasis': 'mean', 'target': 0.52, 'spread': 0.385, 'learning_rate': 0.001}",dqn,1000,linear,0.001,,,,,,
RepeatPrevious,filterbank+proj,4,1040,0.0,-0.19750002,0.1030136311911176,-0.17209415336359465,-0.2018069785714286,2136,"{'decomposition': 'legendre', 'n_filters': 12, 'slowest': 0.05503533446959869, 'input_scaling': 0.9095759553753703, 'bias_dist': 'foldnorm', 'bias_scaling': 0.04123764193322552, 'lr': 0.9047782400199377, 'weight_increment': 0.002278223530217896, 'min_window': 11, 'max_window': 59, 'use_full_instance': False, 'max_partners': 20, 'homeostasis': 'mean', 'target': 0.52, 'spread': 0.385, 'learning_rate': 0.001}",dqn,1000,linear,0.001,,,,,,
RepeatPrevious,filterbank+proj,6,1040,0.0,-0.16916668,0.10220141573313747,-0.18454930983832304,-0.18363095255102038,2123,"{'decomposition': 'legendre', 'n_filters': 12, 'slowest': 0.05503533446959869, 'input_scaling': 0.9095759553753703, 'bias_dist': 'foldnorm', 'bias_scaling': 0.04123764193322552, 'lr': 0.9047782400199377, 'weight_increment': 0.002278223530217896, 'min_window': 11, 'max_window': 59, 'use_full_instance': False, 'max_partners': 20, 'homeostasis': 'mean', 'target': 0.52, 'spread': 0.385, 'learning_rate': 0.001}",dqn,1000,linear,0.001,,,,,,
RepeatPrevious,filterbank+proj,8,1040,0.0,-0.14749995999999999,0.08088484008538559,-0.1461680364665681,-0.1864158244897959,2129,"{'decomposition': 'legendre', 'n_filters': 12, 'slowest': 0.05503533446959869, 'input_scaling': 0.9095759553753703, 'bias_dist': 'foldnorm', 'bias_scaling': 0.04123764193322552, 'lr': 0.9047782400199377, 'weight_increment': 0.002278223530217896, 'min_window': 11, 'max_window': 59, 'use_full_instance': False, 'max_partners': 20, 'homeostasis': 'mean', 'target': 0.52, 'spread': 0.385, 'learning_rate': 0.001}",dqn,1000,linear,0.001,,,,,,
RepeatPrevious,filterbank+proj,7,1040,0.0,-0.46416655999999995,0.044103717656977626,-0.14596402876523693,-0.18516157091836738,2189,"{'decomposition': 'legendre', 'n_filters': 12, 'slowest': 0.05503533446959869, 'input_scaling': 0.9095759553753703, 'bias_dist': 'foldnorm', 'bias_scaling': 0.04123764193322552, 'lr': 0.9047782400199377, 'weight_increment': 0.002278223530217896, 'min_window': 11, 'max_window': 59, 'use_full_instance': False, 'max_partners': 20, 'homeostasis': 'mean', 'target': 0.52, 'spread': 0.385, 'learning_rate': 0.001}",dqn,1000,linear,0.001,,,,,,
RepeatPrevious,filterbank+hag,5,1008,14.068452380952381,1.0000000000000007,0.0,0.5503384094754653,0.9115905245346875,828,"{'decomposition': 'ema', 'n_filters': 6, 'slowest': 0.025449047451326166, 'input_scaling': 0.45634028381379155, 'bias_dist': 'foldnorm', 'bias_scaling': 0.3053488883357672, 'lr': 0.9631125355867912, 'weight_increment': 0.001562997476594326, 'min_window': 10, 'max_window': 37, 'use_full_instance': True, 'max_partners': inf, 'homeostasis': 'mean', 'target': 0.5, 'spread': 0.23, 'ridge': 9.30375589059818e-06, 'gamma': 0.9070029115365931}",lspi,1000,linear,,1.0000000000000004,0.0,"[1.0000000000000004, 1.0000000000000004, 1.0000000000000004, 1.0000000000000004, 1.0000000000000004, 1.0000000000000004, 1.0000000000000004, 1.0000000000000004, 1.0000000000000004, 1.0000000000000004, 1.0000000000000004, 1.0000000000000004, 1.0000000000000004, 1.0000000000000004, 1.0000000000000004, 1.0000000000000004, 1.0000000000000004, 1.0000000000000004, 1.0000000000000004, 1.0000000000000004]",,,
RepeatPrevious,filterbank+esn,0,1008,20.23611111111111,1.0000000000000007,0.0,1.0000000000000004,,367,"{'decomposition': 'ema', 'n_filters': 12, 'slowest': 0.0068481211016550025, 'input_scaling': 0.929634188755156, 'bias_dist': 'foldnorm', 'bias_scaling': 0.0004530104948033912, 'lr': 0.9407030287660403, 'sr': 0.9778712320759426, 'rc_connectivity': 0.020075371100608825}",bc,1000,linear,,1.0000000000000004,,"[1.0000000000000004, 1.0000000000000004, 1.0000000000000004, 1.0000000000000004, 1.0000000000000004]",1.0000000000000004,0.0,1.0
RepeatPrevious,filterbank+proj,9,1040,0.0,0.44249997999999996,0.11633582103384837,-0.1572525125210384,-0.18409863826530612,2137,"{'decomposition': 'legendre', 'n_filters': 12, 'slowest': 0.05503533446959869, 'input_scaling': 0.9095759553753703, 'bias_dist': 'foldnorm', 'bias_scaling': 0.04123764193322552, 'lr': 0.9047782400199377, 'weight_increment': 0.002278223530217896, 'min_window': 11, 'max_window': 59, 'use_full_instance': False, 'max_partners': 20, 'homeostasis': 'mean', 'target': 0.52, 'spread': 0.385, 'learning_rate': 0.001}",dqn,1000,linear,0.001,,,,,,
RepeatPrevious,filterbank+esn,1,1008,20.23611111111111,1.0000000000000007,0.0,1.0000000000000004,,369,"{'decomposition': 'ema', 'n_filters': 12, 'slowest': 0.0068481211016550025, 'input_scaling': 0.929634188755156, 'bias_dist': 'foldnorm', 'bias_scaling': 0.0004530104948033912, 'lr': 0.9407030287660403, 'sr': 0.9778712320759426, 'rc_connectivity': 0.020075371100608825}",bc,1000,linear,,1.0000000000000004,,"[1.0000000000000004, 1.0000000000000004, 1.0000000000000004, 1.0000000000000004, 1.0000000000000004]",1.0000000000000004,0.0,1.0
RepeatPrevious,filterbank+hag,6,1008,14.38888888888889,1.0000000000000007,0.0,0.5510469543147208,0.9047165820642982,859,"{'decomposition': 'ema', 'n_filters': 6, 'slowest': 0.025449047451326166, 'input_scaling': 0.45634028381379155, 'bias_dist': 'foldnorm', 'bias_scaling': 0.3053488883357672, 'lr': 0.9631125355867912, 'weight_increment': 0.001562997476594326, 'min_window': 10, 'max_window': 37, 'use_full_instance': True, 'max_partners': inf, 'homeostasis': 'mean', 'target': 0.5, 'spread': 0.23, 'ridge': 9.30375589059818e-06, 'gamma': 0.9070029115365931}",lspi,1000,linear,,1.0000000000000004,0.0,"[1.0000000000000004, 1.0000000000000004, 1.0000000000000004, 1.0000000000000004, 1.0000000000000004, 1.0000000000000004, 1.0000000000000004, 1.0000000000000004, 1.0000000000000004, 1.0000000000000004, 1.0000000000000004, 1.0000000000000004, 1.0000000000000004, 1.0000000000000004, 1.0000000000000004, 1.0000000000000004, 1.0000000000000004, 1.0000000000000004, 1.0000000000000004, 1.0000000000000004]",,,
RepeatPrevious,filterbank+proj,0,1040,0.0,-0.1216666,0.07942502124695969,-0.3322304112306829,-0.3313350280612245,2141,"{'decomposition': 'legendre', 'n_filters': 12, 'slowest': 0.05503533446959869, 'input_scaling': 0.9095759553753703, 'bias_dist': 'foldnorm', 'bias_scaling': 0.04123764193322552, 'lr': 0.9047782400199377, 'weight_increment': 0.002278223530217896, 'min_window': 11, 'max_window': 59, 'use_full_instance': False, 'max_partners': 20, 'homeostasis': 'mean', 'target': 0.52, 'spread': 0.385, 'learning_rate': 0.003}",dqn,1000,linear,0.003,,,,,,
RepeatPrevious,filterbank+hag,7,1008,14.097222222222221,0.9991666666666674,0.005833333333333343,0.550327834179357,0.9102157360406097,858,"{'decomposition': 'ema', 'n_filters': 6, 'slowest': 0.025449047451326166, 'input_scaling': 0.45634028381379155, 'bias_dist': 'foldnorm', 'bias_scaling': 0.3053488883357672, 'lr': 0.9631125355867912, 'weight_increment': 0.001562997476594326, 'min_window': 10, 'max_window': 37, 'use_full_instance': True, 'max_partners': inf, 'homeostasis': 'mean', 'target': 0.5, 'spread': 0.23, 'ridge': 9.30375589059818e-06, 'gamma': 0.9070029115365931}",lspi,1000,linear,,1.0000000000000004,0.0,"[1.0000000000000004, 1.0000000000000004, 1.0000000000000004, 1.0000000000000004, 1.0000000000000004, 1.0000000000000004, 1.0000000000000004, 1.0000000000000004, 1.0000000000000004, 1.0000000000000004, 1.0000000000000004, 1.0000000000000004, 1.0000000000000004, 1.0000000000000004, 1.0000000000000004, 1.0000000000000004, 1.0000000000000004, 1.0000000000000004, 1.0000000000000004, 1.0000000000000004]",,,
RepeatPrevious,filterbank+esn,2,1008,20.23611111111111,1.0000000000000007,0.0,1.0000000000000004,,376,"{'decomposition': 'ema', 'n_filters': 12, 'slowest': 0.0068481211016550025, 'input_scaling': 0.929634188755156, 'bias_dist': 'foldnorm', 'bias_scaling': 0.0004530104948033912, 'lr': 0.9407030287660403, 'sr': 0.9778712320759426, 'rc_connectivity': 0.020075371100608825}",bc,1000,linear,,1.0000000000000004,,"[1.0000000000000004, 1.0000000000000004, 1.0000000000000004, 1.0000000000000004, 1.0000000000000004]",1.0000000000000004,0.0,1.0
RepeatPrevious,filterbank+esn,3,1008,20.23611111111111,1.0000000000000007,0.0,1.0000000000000004,,375,"{'decomposition': 'ema', 'n_filters': 12, 'slowest': 0.0068481211016550025, 'input_scaling': 0.929634188755156, 'bias_dist': 'foldnorm', 'bias_scaling': 0.0004530104948033912, 'lr': 0.9407030287660403, 'sr': 0.9778712320759426, 'rc_connectivity': 0.020075371100608825}",bc,1000,linear,,1.0000000000000004,,"[1.0000000000000004, 1.0000000000000004, 1.0000000000000004, 1.0000000000000004, 1.0000000000000004]",1.0000000000000004,0.0,1.0
RepeatPrevious,filterbank+esn,4,1008,20.23611111111111,1.0000000000000007,0.0,1.0000000000000004,,366,"{'decomposition': 'ema', 'n_filters': 12, 'slowest': 0.0068481211016550025, 'input_scaling': 0.929634188755156, 'bias_dist': 'foldnorm', 'bias_scaling': 0.0004530104948033912, 'lr': 0.9407030287660403, 'sr': 0.9778712320759426, 'rc_connectivity': 0.020075371100608825}",bc,1000,linear,,1.0000000000000004,,"[1.0000000000000004, 1.0000000000000004, 1.0000000000000004, 1.0000000000000004, 1.0000000000000004]",1.0000000000000004,0.0,1.0
RepeatPrevious,filterbank+esn,5,1008,20.23611111111111,1.0000000000000007,0.0,0.9983036471586094,,368,"{'decomposition': 'ema', 'n_filters': 12, 'slowest': 0.0068481211016550025, 'input_scaling': 0.929634188755156, 'bias_dist': 'foldnorm', 'bias_scaling': 0.0004530104948033912, 'lr': 0.9407030287660403, 'sr': 0.9778712320759426, 'rc_connectivity': 0.020075371100608825}",bc,1000,linear,,1.0000000000000004,,"[1.0000000000000004, 1.0000000000000004, 1.0000000000000004, 1.0000000000000004, 1.0000000000000004]",1.0000000000000004,0.0,0.9866666399999999
RepeatPrevious,filterbank+esn,6,1008,20.23611111111111,1.0000000000000007,0.0,1.0000000000000004,,366,"{'decomposition': 'ema', 'n_filters': 12, 'slowest': 0.0068481211016550025, 'input_scaling': 0.929634188755156, 'bias_dist': 'foldnorm', 'bias_scaling': 0.0004530104948033912, 'lr': 0.9407030287660403, 'sr': 0.9778712320759426, 'rc_connectivity': 0.020075371100608825}",bc,1000,linear,,1.0000000000000004,,"[1.0000000000000004, 1.0000000000000004, 1.0000000000000004, 1.0000000000000004, 1.0000000000000004]",1.0000000000000004,0.0,1.0
RepeatPrevious,filterbank+hag,8,1008,14.317460317460318,1.0000000000000007,0.0,0.5506662436548224,0.902813028764806,850,"{'decomposition': 'ema', 'n_filters': 6, 'slowest': 0.025449047451326166, 'input_scaling': 0.45634028381379155, 'bias_dist': 'foldnorm', 'bias_scaling': 0.3053488883357672, 'lr': 0.9631125355867912, 'weight_increment': 0.001562997476594326, 'min_window': 10, 'max_window': 37, 'use_full_instance': True, 'max_partners': inf, 'homeostasis': 'mean', 'target': 0.5, 'spread': 0.23, 'ridge': 9.30375589059818e-06, 'gamma': 0.9070029115365931}",lspi,1000,linear,,0.9997916666666671,0.0,"[1.0000000000000004, 1.0000000000000004, 1.0000000000000004, 1.0000000000000004, 1.0000000000000004, 1.0000000000000004, 1.0000000000000004, 1.0000000000000004, 1.0000000000000004, 1.0000000000000004, 1.0000000000000004, 1.0000000000000004, 1.0000000000000004, 1.0000000000000004, 1.0000000000000004, 1.0000000000000004, 0.9958333333333339, 1.0000000000000004, 1.0000000000000004, 1.0000000000000004]",,,
RepeatPrevious,filterbank+hag,9,1008,14.186507936507937,1.0000000000000007,0.0,0.5495558375634519,0.9067258883248737,850,"{'decomposition': 'ema', 'n_filters': 6, 'slowest': 0.025449047451326166, 'input_scaling': 0.45634028381379155, 'bias_dist': 'foldnorm', 'bias_scaling': 0.3053488883357672, 'lr': 0.9631125355867912, 'weight_increment': 0.001562997476594326, 'min_window': 10, 'max_window': 37, 'use_full_instance': True, 'max_partners': inf, 'homeostasis': 'mean', 'target': 0.5, 'spread': 0.23, 'ridge': 9.30375589059818e-06, 'gamma': 0.9070029115365931}",lspi,1000,linear,,1.0000000000000004,0.0,"[1.0000000000000004, 1.0000000000000004, 1.0000000000000004, 1.0000000000000004, 1.0000000000000004, 1.0000000000000004, 1.0000000000000004, 1.0000000000000004, 1.0000000000000004, 1.0000000000000004, 1.0000000000000004, 1.0000000000000004, 1.0000000000000004, 1.0000000000000004, 1.0000000000000004, 1.0000000000000004, 1.0000000000000004, 1.0000000000000004, 1.0000000000000004, 1.0000000000000004]",,,
RepeatPrevious,filterbank+proj,1,1040,0.0,-0.075,0.08936503169002964,-0.3179009195695415,-0.3267219413265306,2187,"{'decomposition': 'legendre', 'n_filters': 12, 'slowest': 0.05503533446959869, 'input_scaling': 0.9095759553753703, 'bias_dist': 'foldnorm', 'bias_scaling': 0.04123764193322552, 'lr': 0.9047782400199377, 'weight_increment': 0.002278223530217896, 'min_window': 11, 'max_window': 59, 'use_full_instance': False, 'max_partners': 20, 'homeostasis': 'mean', 'target': 0.52, 'spread': 0.385, 'learning_rate': 0.003}",dqn,1000,linear,0.003,,,,,,
RepeatPrevious,filterbank+esn,7,1008,20.23611111111111,1.0000000000000007,0.0,1.0000000000000004,,392,"{'decomposition': 'ema', 'n_filters': 12, 'slowest': 0.0068481211016550025, 'input_scaling': 0.929634188755156, 'bias_dist': 'foldnorm', 'bias_scaling': 0.0004530104948033912, 'lr': 0.9407030287660403, 'sr': 0.9778712320759426, 'rc_connectivity': 0.020075371100608825}",bc,1000,linear,,1.0000000000000004,,"[1.0000000000000004, 1.0000000000000004, 1.0000000000000004, 1.0000000000000004, 1.0000000000000004]",1.0000000000000004,0.0,1.0
RepeatPrevious,filterbank+proj,0,1008,0.0,0.19999999999999996,0.1089724735885168,-0.028859983079526228,0.12362521150592215,821,"{'decomposition': 'ema', 'n_filters': 6, 'slowest': 0.025449047451326166, 'input_scaling': 0.45634028381379155, 'bias_dist': 'foldnorm', 'bias_scaling': 0.3053488883357672, 'lr': 0.9631125355867912, 'weight_increment': 0.001562997476594326, 'min_window': 10, 'max_window': 37, 'use_full_instance': True, 'max_partners': inf, 'homeostasis': 'mean', 'target': 0.5, 'spread': 0.23, 'ridge': 9.30375589059818e-06, 'gamma': 0.9070029115365931}",lspi,1000,linear,,0.16937499999999997,0.0,"[0.2416666666666666, 0.1875, 0.1583333333333333, 0.15833333333333333, 0.1958333333333333, 0.2125, 0.17083333333333334, 0.16666666666666663, 0.09166666666666665, 0.21249999999999997, 0.20416666666666666, 0.18749999999999997, 0.09166666666666666, 0.06666666666666665, 0.14999999999999997, 0.19999999999999998, 0.1666666666666666, 0.14999999999999997, 0.1708333333333333, 0.20416666666666666]",,,
RepeatPrevious,filterbank+proj,2,1008,0.0,0.18416666666666662,0.11459166636365838,-0.0315989847715736,0.1351522842639594,829,"{'decomposition': 'ema', 'n_filters': 6, 'slowest': 0.025449047451326166, 'input_scaling': 0.45634028381379155, 'bias_dist': 'foldnorm', 'bias_scaling': 0.3053488883357672, 'lr': 0.9631125355867912, 'weight_increment': 0.001562997476594326, 'min_window': 10, 'max_window': 37, 'use_full_instance': True, 'max_partners': inf, 'homeostasis': 'mean', 'target': 0.5, 'spread': 0.23, 'ridge': 9.30375589059818e-06, 'gamma': 0.9070029115365931}",lspi,1000,linear,,0.17541666666666664,0.0,"[0.2333333333333333, 0.20416666666666666, 0.1958333333333333, 0.17083333333333328, 0.1875, 0.1958333333333333, 0.19166666666666665, 0.1916666666666666, 0.08333333333333331, 0.20416666666666666, 0.21666666666666662, 0.21249999999999997, 0.12083333333333332, 0.07499999999999998, 0.16666666666666663, 0.19166666666666665, 0.15833333333333333, 0.14583333333333331, 0.1708333333333333, 0.19166666666666665]",,,
RepeatPrevious,filterbank+proj,1,1008,0.0,0.19166666666666665,0.11118053386771942,-0.03364001692047376,0.12299069373942469,856,"{'decomposition': 'ema', 'n_filters': 6, 'slowest': 0.025449047451326166, 'input_scaling': 0.45634028381379155, 'bias_dist': 'foldnorm', 'bias_scaling': 0.3053488883357672, 'lr': 0.9631125355867912, 'weight_increment': 0.001562997476594326, 'min_window': 10, 'max_window': 37, 'use_full_instance': True, 'max_partners': inf, 'homeostasis': 'mean', 'target': 0.5, 'spread': 0.23, 'ridge': 9.30375589059818e-06, 'gamma': 0.9070029115365931}",lspi,1000,linear,,0.16666666666666666,10.0,"[0.175, 0.19166666666666662, 0.17499999999999996, 0.175, 0.2, 0.20416666666666666, 0.19166666666666662, 0.1583333333333333, 0.09999999999999999, 0.1875, 0.20833333333333331, 0.1875, 0.12499999999999997, 0.07083333333333333, 0.16666666666666666, 0.175, 0.13749999999999998, 0.14166666666666666, 0.1708333333333333, 0.19166666666666665]",,,
RepeatPrevious,filterbank+esn,8,1008,20.23611111111111,1.0000000000000007,0.0,1.0000000000000004,,393,"{'decomposition': 'ema', 'n_filters': 12, 'slowest': 0.0068481211016550025, 'input_scaling': 0.929634188755156, 'bias_dist': 'foldnorm', 'bias_scaling': 0.0004530104948033912, 'lr': 0.9407030287660403, 'sr': 0.9778712320759426, 'rc_connectivity': 0.020075371100608825}",bc,1000,linear,,1.0000000000000004,,"[1.0000000000000004, 1.0000000000000004, 1.0000000000000004, 1.0000000000000004, 1.0000000000000004]",1.0000000000000004,0.0,1.0
RepeatPrevious,filterbank+proj,3,1008,0.0,0.19166666666666665,0.11303883305208777,-0.031080795262267338,0.13642131979695432,854,"{'decomposition': 'ema', 'n_filters': 6, 'slowest': 0.025449047451326166, 'input_scaling': 0.45634028381379155, 'bias_dist': 'foldnorm', 'bias_scaling': 0.3053488883357672, 'lr': 0.9631125355867912, 'weight_increment': 0.001562997476594326, 'min_window': 10, 'max_window': 37, 'use_full_instance': True, 'max_partners': inf, 'homeostasis': 'mean', 'target': 0.5, 'spread': 0.23, 'ridge': 9.30375589059818e-06, 'gamma': 0.9070029115365931}",lspi,1000,linear,,0.17124999999999996,5.0,"[0.175, 0.2125, 0.175, 0.18749999999999994, 0.2125, 0.22499999999999995, 0.17083333333333334, 0.16666666666666666, 0.09166666666666666, 0.1958333333333333, 0.20833333333333331, 0.20416666666666666, 0.09999999999999999, 0.07916666666666666, 0.16249999999999995, 0.18749999999999997, 0.1583333333333333, 0.14999999999999997, 0.16249999999999995, 0.19999999999999993]",,,
RepeatPrevious,filterbank+proj,4,1008,0.0,0.19749999999999995,0.1033501330429719,-0.0324344331641286,0.1254230118443316,861,"{'decomposition': 'ema', 'n_filters': 6, 'slowest': 0.025449047451326166, 'input_scaling': 0.45634028381379155, 'bias_dist': 'foldnorm', 'bias_scaling': 0.3053488883357672, 'lr': 0.9631125355867912, 'weight_increment': 0.001562997476594326, 'min_window': 10, 'max_window': 37, 'use_full_instance': True, 'max_partners': inf, 'homeostasis': 'mean', 'target': 0.5, 'spread': 0.23, 'ridge': 9.30375589059818e-06, 'gamma': 0.9070029115365931}",lspi,1000,linear,,0.16749999999999995,10.0,"[0.19166666666666665, 0.2, 0.16666666666666663, 0.16666666666666663, 0.19166666666666665, 0.1958333333333333, 0.1625, 0.15416666666666665, 0.09166666666666665, 0.19999999999999996, 0.2208333333333333, 0.19999999999999998, 0.10416666666666666, 0.07916666666666668, 0.14999999999999997, 0.1833333333333333, 0.16666666666666666, 0.1583333333333333, 0.175, 0.19166666666666662]",,,
RepeatPrevious,filterbank+esn,9,1008,20.23611111111111,1.0000000000000007,0.0,1.0000000000000004,,405,"{'decomposition': 'ema', 'n_filters': 12, 'slowest': 0.0068481211016550025, 'input_scaling': 0.929634188755156, 'bias_dist': 'foldnorm', 'bias_scaling': 0.0004530104948033912, 'lr': 0.9407030287660403, 'sr': 0.9778712320759426, 'rc_connectivity': 0.020075371100608825}",bc,1000,linear,,1.0000000000000004,,"[1.0000000000000004, 1.0000000000000004, 1.0000000000000004, 1.0000000000000004, 1.0000000000000004]",1.0000000000000004,0.0,1.0
RepeatPrevious,filterbank+proj,5,1008,0.0,0.18749999999999997,0.115845323120482,-0.031112521150592216,0.12193316412859558,872,"{'decomposition': 'ema', 'n_filters': 6, 'slowest': 0.025449047451326166, 'input_scaling': 0.45634028381379155, 'bias_dist': 'foldnorm', 'bias_scaling': 0.3053488883357672, 'lr': 0.9631125355867912, 'weight_increment': 0.001562997476594326, 'min_window': 10, 'max_window': 37, 'use_full_instance': True, 'max_partners': inf, 'homeostasis': 'mean', 'target': 0.5, 'spread': 0.23, 'ridge': 9.30375589059818e-06, 'gamma': 0.9070029115365931}",lspi,1000,linear,,0.16916666666666663,10.0,"[0.19583333333333328, 0.2, 0.16666666666666666, 0.17499999999999996, 0.1958333333333333, 0.20833333333333331, 0.175, 0.1833333333333333, 0.07916666666666664, 0.18749999999999994, 0.21249999999999997, 0.1875, 0.10416666666666666, 0.09583333333333333, 0.14583333333333331, 0.19999999999999996, 0.175, 0.15416666666666665, 0.16249999999999995, 0.17916666666666664]",,,
RepeatPrevious,filterbank+proj,7,1008,0.0,0.2,0.10704360482220938,-0.03251903553299491,0.13388324873096447,846,"{'decomposition': 'ema', 'n_filters': 6, 'slowest': 0.025449047451326166, 'input_scaling': 0.45634028381379155, 'bias_dist': 'foldnorm', 'bias_scaling': 0.3053488883357672, 'lr': 0.9631125355867912, 'weight_increment': 0.001562997476594326, 'min_window': 10, 'max_window': 37, 'use_full_instance': True, 'max_partners': inf, 'homeostasis': 'mean', 'target': 0.5, 'spread': 0.23, 'ridge': 9.30375589059818e-06, 'gamma': 0.9070029115365931}",lspi,1000,linear,,0.17104166666666665,5.0,"[0.19999999999999996, 0.20416666666666666, 0.1833333333333333, 0.17916666666666667, 0.18749999999999994, 0.22916666666666666, 0.1791666666666666, 0.16249999999999998, 0.09583333333333333, 0.21249999999999997, 0.20833333333333331, 0.19166666666666662, 0.10416666666666667, 0.054166666666666655, 0.1625, 0.17916666666666664, 0.17916666666666664, 0.1583333333333333, 0.16666666666666663, 0.18333333333333332]",,,
RepeatPrevious,filterbank+proj,6,1008,0.0,0.18416666666666667,0.10277064539816587,-0.029790609137055828,0.12394247038917089,861,"{'decomposition': 'ema', 'n_filters': 6, 'slowest': 0.025449047451326166, 'input_scaling': 0.45634028381379155, 'bias_dist': 'foldnorm', 'bias_scaling': 0.3053488883357672, 'lr': 0.9631125355867912, 'weight_increment': 0.001562997476594326, 'min_window': 10, 'max_window': 37, 'use_full_instance': True, 'max_partners': inf, 'homeostasis': 'mean', 'target': 0.5, 'spread': 0.23, 'ridge': 9.30375589059818e-06, 'gamma': 0.9070029115365931}",lspi,1000,linear,,0.173125,0.0,"[0.2375, 0.19166666666666665, 0.16666666666666666, 0.16249999999999998, 0.22499999999999995, 0.19166666666666665, 0.18333333333333332, 0.1708333333333333, 0.08749999999999998, 0.20833333333333331, 0.20833333333333331, 0.19999999999999998, 0.11249999999999998, 0.09583333333333331, 0.1583333333333333, 0.18333333333333332, 0.16666666666666666, 0.16249999999999995, 0.17916666666666664, 0.1708333333333333]",,,
RepeatPrevious,filterbank+proj,2,1040,0.0,-0.29583329999999997,0.09619498572093038,-0.3314271317386648,-0.32848640357142855,2181,"{'decomposition': 'legendre', 'n_filters': 12, 'slowest': 0.05503533446959869, 'input_scaling': 0.9095759553753703, 'bias_dist': 'foldnorm', 'bias_scaling': 0.04123764193322552, 'lr': 0.9047782400199377, 'weight_increment': 0.002278223530217896, 'min_window': 11, 'max_window': 59, 'use_full_instance': False, 'max_partners': 20, 'homeostasis': 'mean', 'target': 0.52, 'spread': 0.385, 'learning_rate': 0.003}",dqn,1000,linear,0.003,,,,,,
RepeatPrevious,filterbank+hag,0,1040,3.1721153846153847,1.0000000000000007,0.0,1.0000000000000004,,465,"{'decomposition': 'legendre', 'n_filters': 12, 'slowest': 0.05503533446959869, 'input_scaling': 0.9095759553753703, 'bias_dist': 'foldnorm', 'bias_scaling': 0.04123764193322552, 'lr': 0.9047782400199377, 'weight_increment': 0.002278223530217896, 'min_window': 11, 'max_window': 59, 'use_full_instance': False, 'max_partners': 20, 'homeostasis': 'mean', 'target': 0.52, 'spread': 0.385}",bc,1000,linear,,1.0000000000000004,,"[1.0000000000000004, 1.0000000000000004, 1.0000000000000004, 1.0000000000000004, 1.0000000000000004]",1.0000000000000004,0.0,1.0
RepeatPrevious,filterbank+proj,8,1008,0.0,0.2083333333333333,0.11086778913041723,-0.0314932318104907,0.12870135363790186,859,"{'decomposition': 'ema', 'n_filters': 6, 'slowest': 0.025449047451326166, 'input_scaling': 0.45634028381379155, 'bias_dist': 'foldnorm', 'bias_scaling': 0.3053488883357672, 'lr': 0.9631125355867912, 'weight_increment': 0.001562997476594326, 'min_window': 10, 'max_window': 37, 'use_full_instance': True, 'max_partners': inf, 'homeostasis': 'mean', 'target': 0.5, 'spread': 0.23, 'ridge': 9.30375589059818e-06, 'gamma': 0.9070029115365931}",lspi,1000,linear,,0.16604166666666664,11.0,"[0.1833333333333333, 0.1708333333333333, 0.16249999999999998, 0.1625, 0.20416666666666666, 0.2041666666666666, 0.17916666666666664, 0.1583333333333333, 0.0875, 0.2, 0.20416666666666666, 0.20833333333333331, 0.11666666666666667, 0.07083333333333333, 0.16666666666666669, 0.1833333333333333, 0.1583333333333333, 0.14583333333333331, 0.1708333333333333, 0.1833333333333333]",,,
RepeatPrevious,filterbank+proj,9,1008,0.0,0.20416666666666664,0.11494261853444765,-0.028891708967851096,0.1354695431472081,855,"{'decomposition': 'ema', 'n_filters': 6, 'slowest': 0.025449047451326166, 'input_scaling': 0.45634028381379155, 'bias_dist': 'foldnorm', 'bias_scaling': 0.3053488883357672, 'lr': 0.9631125355867912, 'weight_increment': 0.001562997476594326, 'min_window': 10, 'max_window': 37, 'use_full_instance': True, 'max_partners': inf, 'homeostasis': 'mean', 'target': 0.5, 'spread': 0.23, 'ridge': 9.30375589059818e-06, 'gamma': 0.9070029115365931}",lspi,1000,linear,,0.16916666666666663,10.0,"[0.15416666666666665, 0.18749999999999994, 0.17083333333333328, 0.17083333333333328, 0.2, 0.18749999999999994, 0.17916666666666664, 0.175, 0.09999999999999999, 0.19166666666666662, 0.20833333333333331, 0.19583333333333333, 0.09583333333333331, 0.09999999999999999, 0.17916666666666664, 0.20416666666666666, 0.1583333333333333, 0.14999999999999997, 0.17916666666666664, 0.19583333333333328]",,,
RepeatPrevious,filterbank+hag,1,1040,3.225,1.0000000000000007,0.0,1.0000000000000004,,484,"{'decomposition': 'legendre', 'n_filters': 12, 'slowest': 0.05503533446959869, 'input_scaling': 0.9095759553753703, 'bias_dist': 'foldnorm', 'bias_scaling': 0.04123764193322552, 'lr': 0.9047782400199377, 'weight_increment': 0.002278223530217896, 'min_window': 11, 'max_window': 59, 'use_full_instance': False, 'max_partners': 20, 'homeostasis': 'mean', 'target': 0.52, 'spread': 0.385}",bc,1000,linear,,1.0000000000000004,,"[1.0000000000000004, 1.0000000000000004, 1.0000000000000004, 1.0000000000000004, 1.0000000000000004]",1.0000000000000004,0.0,1.0
RepeatPrevious,filterbank+proj,0,1040,0.0,0.9975000000000007,0.012936812246883376,0.9990033927056832,,390,"{'decomposition': 'legendre', 'n_filters': 12, 'slowest': 0.05503533446959869, 'input_scaling': 0.9095759553753703, 'bias_dist': 'foldnorm', 'bias_scaling': 0.04123764193322552, 'lr': 0.9047782400199377, 'weight_increment': 0.002278223530217896, 'min_window': 11, 'max_window': 59, 'use_full_instance': False, 'max_partners': 20, 'homeostasis': 'mean', 'target': 0.52, 'spread': 0.385}",bc,1000,linear,,0.9941666666666672,,"[1.0000000000000004, 1.0000000000000004, 0.9958333333333339, 0.9791666666666672, 0.9958333333333339]",1.0000000000000004,0.0,1.0
RepeatPrevious,filterbank+proj,1,1040,0.0,0.9941666666666674,0.01865252440466619,0.9960771840542837,,388,"{'decomposition': 'legendre', 'n_filters': 12, 'slowest': 0.05503533446959869, 'input_scaling': 0.9095759553753703, 'bias_dist': 'foldnorm', 'bias_scaling': 0.04123764193322552, 'lr': 0.9047782400199377, 'weight_increment': 0.002278223530217896, 'min_window': 11, 'max_window': 59, 'use_full_instance': False, 'max_partners': 20, 'homeostasis': 'mean', 'target': 0.52, 'spread': 0.385}",bc,1000,linear,,0.9875000000000005,,"[0.9958333333333339, 1.0000000000000004, 0.9750000000000005, 0.9708333333333339, 0.9958333333333339]",0.9958333333333339,1.0,1.0
RepeatPrevious,filterbank+proj,2,1040,0.0,0.9941666666666674,0.01865252440466619,0.9970949957591183,,382,"{'decomposition': 'legendre', 'n_filters': 12, 'slowest': 0.05503533446959869, 'input_scaling': 0.9095759553753703, 'bias_dist': 'foldnorm', 'bias_scaling': 0.04123764193322552, 'lr': 0.9047782400199377, 'weight_increment': 0.002278223530217896, 'min_window': 11, 'max_window': 59, 'use_full_instance': False, 'max_partners': 20, 'homeostasis': 'mean', 'target': 0.52, 'spread': 0.385}",bc,1000,linear,,0.9900000000000005,,"[1.0000000000000004, 1.0000000000000004, 0.9750000000000005, 0.9791666666666673, 0.9958333333333339]",1.0000000000000004,0.0,1.0
RepeatPrevious,filterbank+proj,3,1040,0.0,0.9925000000000008,0.019878100736460975,0.9952290076335882,,385,"{'decomposition': 'legendre', 'n_filters': 12, 'slowest': 0.05503533446959869, 'input_scaling': 0.9095759553753703, 'bias_dist': 'foldnorm', 'bias_scaling': 0.04123764193322552, 'lr': 0.9047782400199377, 'weight_increment': 0.002278223530217896, 'min_window': 11, 'max_window': 59, 'use_full_instance': False, 'max_partners': 20, 'homeostasis': 'mean', 'target': 0.52, 'spread': 0.385}",bc,1000,linear,,0.9875000000000005,,"[0.9958333333333339, 1.0000000000000004, 0.9750000000000005, 0.9708333333333339, 0.9958333333333339]",0.9958333333333339,1.0,1.0
RepeatPrevious,filterbank+proj,3,1040,0.0,-0.49666661999999995,0.031001984166752948,-0.3286220059162544,-0.3344600372448979,2267,"{'decomposition': 'legendre', 'n_filters': 12, 'slowest': 0.05503533446959869, 'input_scaling': 0.9095759553753703, 'bias_dist': 'foldnorm', 'bias_scaling': 0.04123764193322552, 'lr': 0.9047782400199377, 'weight_increment': 0.002278223530217896, 'min_window': 11, 'max_window': 59, 'use_full_instance': False, 'max_partners': 20, 'homeostasis': 'mean', 'target': 0.52, 'spread': 0.385, 'learning_rate': 0.003}",dqn,1000,linear,0.003,,,,,,
RepeatPrevious,filterbank+proj,4,1040,0.0,-0.29833332,0.09104333315063547,-0.3282139887795175,-0.3252550923469387,2247,"{'decomposition': 'legendre', 'n_filters': 12, 'slowest': 0.05503533446959869, 'input_scaling': 0.9095759553753703, 'bias_dist': 'foldnorm', 'bias_scaling': 0.04123764193322552, 'lr': 0.9047782400199377, 'weight_increment': 0.002278223530217896, 'min_window': 11, 'max_window': 59, 'use_full_instance': False, 'max_partners': 20, 'homeostasis': 'mean', 'target': 0.52, 'spread': 0.385, 'learning_rate': 0.003}",dqn,1000,linear,0.003,,,,,,
RepeatPrevious,filterbank+proj,5,1040,0.0,-0.46499998000000003,0.05294124877918539,-0.3266988002754118,-0.32068452295918365,2208,"{'decomposition': 'legendre', 'n_filters': 12, 'slowest': 0.05503533446959869, 'input_scaling': 0.9095759553753703, 'bias_dist': 'foldnorm', 'bias_scaling': 0.04123764193322552, 'lr': 0.9047782400199377, 'weight_increment': 0.002278223530217896, 'min_window': 11, 'max_window': 59, 'use_full_instance': False, 'max_partners': 20, 'homeostasis': 'mean', 'target': 0.52, 'spread': 0.385, 'learning_rate': 0.003}",dqn,1000,linear,0.003,,,,,,
RepeatPrevious,filterbank+hag,2,1040,3.0701923076923077,1.0000000000000007,0.0,1.0000000000000004,,527,"{'decomposition': 'legendre', 'n_filters': 12, 'slowest': 0.05503533446959869, 'input_scaling': 0.9095759553753703, 'bias_dist': 'foldnorm', 'bias_scaling': 0.04123764193322552, 'lr': 0.9047782400199377, 'weight_increment': 0.002278223530217896, 'min_window': 11, 'max_window': 59, 'use_full_instance': False, 'max_partners': 20, 'homeostasis': 'mean', 'target': 0.52, 'spread': 0.385}",bc,1000,linear,,1.0000000000000004,,"[1.0000000000000004, 1.0000000000000004, 1.0000000000000004, 1.0000000000000004, 1.0000000000000004]",1.0000000000000004,0.0,1.0
RepeatPrevious,filterbank+hag,3,1040,3.141346153846154,1.0000000000000007,0.0,1.0000000000000004,,500,"{'decomposition': 'legendre', 'n_filters': 12, 'slowest': 0.05503533446959869, 'input_scaling': 0.9095759553753703, 'bias_dist': 'foldnorm', 'bias_scaling': 0.04123764193322552, 'lr': 0.9047782400199377, 'weight_increment': 0.002278223530217896, 'min_window': 11, 'max_window': 59, 'use_full_instance': False, 'max_partners': 20, 'homeostasis': 'mean', 'target': 0.52, 'spread': 0.385}",bc,1000,linear,,1.0000000000000004,,"[1.0000000000000004, 1.0000000000000004, 1.0000000000000004, 1.0000000000000004, 1.0000000000000004]",1.0000000000000004,0.0,1.0
RepeatPrevious,filterbank+hag,5,1040,3.3615384615384616,1.0000000000000007,0.0,0.9983036471586094,,473,"{'decomposition': 'legendre', 'n_filters': 12, 'slowest': 0.05503533446959869, 'input_scaling': 0.9095759553753703, 'bias_dist': 'foldnorm', 'bias_scaling': 0.04123764193322552, 'lr': 0.9047782400199377, 'weight_increment': 0.002278223530217896, 'min_window': 11, 'max_window': 59, 'use_full_instance': False, 'max_partners': 20, 'homeostasis': 'mean', 'target': 0.52, 'spread': 0.385}",bc,1000,linear,,1.0000000000000004,,"[1.0000000000000004, 1.0000000000000004, 1.0000000000000004, 1.0000000000000004, 1.0000000000000004]",1.0000000000000004,0.0,0.9866666399999999
RepeatPrevious,filterbank+proj,4,1040,0.0,0.9966666666666675,0.014043582955293956,0.9981340118744703,,376,"{'decomposition': 'legendre', 'n_filters': 12, 'slowest': 0.05503533446959869, 'input_scaling': 0.9095759553753703, 'bias_dist': 'foldnorm', 'bias_scaling': 0.04123764193322552, 'lr': 0.9047782400199377, 'weight_increment': 0.002278223530217896, 'min_window': 11, 'max_window': 59, 'use_full_instance': False, 'max_partners': 20, 'homeostasis': 'mean', 'target': 0.52, 'spread': 0.385}",bc,1000,linear,,0.9950000000000004,,"[1.0000000000000004, 1.0000000000000004, 0.983333333333334, 0.9958333333333339, 0.9958333333333339]",1.0000000000000004,0.0,1.0
RepeatPrevious,filterbank+proj,5,1040,0.0,0.993333333333334,0.01929306150465041,0.9945504664970317,,373,"{'decomposition': 'legendre', 'n_filters': 12, 'slowest': 0.05503533446959869, 'input_scaling': 0.9095759553753703, 'bias_dist': 'foldnorm', 'bias_scaling': 0.04123764193322552, 'lr': 0.9047782400199377, 'weight_increment': 0.002278223530217896, 'min_window': 11, 'max_window': 59, 'use_full_instance': False, 'max_partners': 20, 'homeostasis': 'mean', 'target': 0.52, 'spread': 0.385}",bc,1000,linear,,0.9900000000000005,,"[0.9958333333333339, 1.0000000000000004, 0.983333333333334, 0.9750000000000005, 0.9958333333333339]",0.9958333333333339,1.0,0.9866666399999999
RepeatPrevious,filterbank+hag,4,1040,3.064423076923077,1.0000000000000007,0.0,1.0000000000000004,,484,"{'decomposition': 'legendre', 'n_filters': 12, 'slowest': 0.05503533446959869, 'input_scaling': 0.9095759553753703, 'bias_dist': 'foldnorm', 'bias_scaling': 0.04123764193322552, 'lr': 0.9047782400199377, 'weight_increment': 0.002278223530217896, 'min_window': 11, 'max_window': 59, 'use_full_instance': False, 'max_partners': 20, 'homeostasis': 'mean', 'target': 0.52, 'spread': 0.385}",bc,1000,linear,,1.0000000000000004,,"[1.0000000000000004, 1.0000000000000004, 1.0000000000000004, 1.0000000000000004, 1.0000000000000004]",1.0000000000000004,0.0,1.0
RepeatPrevious,filterbank+hag,7,1040,3.3701923076923075,1.0000000000000007,0.0,1.0000000000000004,,475,"{'decomposition': 'legendre', 'n_filters': 12, 'slowest': 0.05503533446959869, 'input_scaling': 0.9095759553753703, 'bias_dist': 'foldnorm', 'bias_scaling': 0.04123764193322552, 'lr': 0.9047782400199377, 'weight_increment': 0.002278223530217896, 'min_window': 11, 'max_window': 59, 'use_full_instance': False, 'max_partners': 20, 'homeostasis': 'mean', 'target': 0.52, 'spread': 0.385}",bc,1000,linear,,1.0000000000000004,,"[1.0000000000000004, 1.0000000000000004, 1.0000000000000004, 1.0000000000000004, 1.0000000000000004]",1.0000000000000004,0.0,1.0
RepeatPrevious,filterbank+hag,9,1040,3.3201923076923077,1.0000000000000007,0.0,1.0000000000000004,,470,"{'decomposition': 'legendre', 'n_filters': 12, 'slowest': 0.05503533446959869, 'input_scaling': 0.9095759553753703, 'bias_dist': 'foldnorm', 'bias_scaling': 0.04123764193322552, 'lr': 0.9047782400199377, 'weight_increment': 0.002278223530217896, 'min_window': 11, 'max_window': 59, 'use_full_instance': False, 'max_partners': 20, 'homeostasis': 'mean', 'target': 0.52, 'spread': 0.385}",bc,1000,linear,,1.0000000000000004,,"[1.0000000000000004, 1.0000000000000004, 1.0000000000000004, 1.0000000000000004, 1.0000000000000004]",1.0000000000000004,0.0,1.0
RepeatPrevious,filterbank+hag,6,1040,3.208653846153846,1.0000000000000007,0.0,1.0000000000000004,,484,"{'decomposition': 'legendre', 'n_filters': 12, 'slowest': 0.05503533446959869, 'input_scaling': 0.9095759553753703, 'bias_dist': 'foldnorm', 'bias_scaling': 0.04123764193322552, 'lr': 0.9047782400199377, 'weight_increment': 0.002278223530217896, 'min_window': 11, 'max_window': 59, 'use_full_instance': False, 'max_partners': 20, 'homeostasis': 'mean', 'target': 0.52, 'spread': 0.385}",bc,1000,linear,,1.0000000000000004,,"[1.0000000000000004, 1.0000000000000004, 1.0000000000000004, 1.0000000000000004, 1.0000000000000004]",1.0000000000000004,0.0,1.0
RepeatPrevious,filterbank+proj,6,1040,0.0,0.9925000000000006,0.019878100736460975,0.9960559796437664,,360,"{'decomposition': 'legendre', 'n_filters': 12, 'slowest': 0.05503533446959869, 'input_scaling': 0.9095759553753703, 'bias_dist': 'foldnorm', 'bias_scaling': 0.04123764193322552, 'lr': 0.9047782400199377, 'weight_increment': 0.002278223530217896, 'min_window': 11, 'max_window': 59, 'use_full_instance': False, 'max_partners': 20, 'homeostasis': 'mean', 'target': 0.52, 'spread': 0.385}",bc,1000,linear,,0.9875000000000005,,"[0.9958333333333339, 1.0000000000000004, 0.9750000000000005, 0.9708333333333339, 0.9958333333333339]",0.9958333333333339,1.0,1.0
RepeatPrevious,filterbank+proj,6,1040,0.0,-0.4150000000000001,0.0655955706504639,-0.33205615443464065,-0.3407738204081633,2209,"{'decomposition': 'legendre', 'n_filters': 12, 'slowest': 0.05503533446959869, 'input_scaling': 0.9095759553753703, 'bias_dist': 'foldnorm', 'bias_scaling': 0.04123764193322552, 'lr': 0.9047782400199377, 'weight_increment': 0.002278223530217896, 'min_window': 11, 'max_window': 59, 'use_full_instance': False, 'max_partners': 20, 'homeostasis': 'mean', 'target': 0.52, 'spread': 0.385, 'learning_rate': 0.003}",dqn,1000,linear,0.003,,,,,,
RepeatPrevious,filterbank+proj,9,1040,0.0,0.03666667999999999,0.10917624446562357,-0.3277507188759117,-0.33095237551020407,2203,"{'decomposition': 'legendre', 'n_filters': 12, 'slowest': 0.05503533446959869, 'input_scaling': 0.9095759553753703, 'bias_dist': 'foldnorm', 'bias_scaling': 0.04123764193322552, 'lr': 0.9047782400199377, 'weight_increment': 0.002278223530217896, 'min_window': 11, 'max_window': 59, 'use_full_instance': False, 'max_partners': 20, 'homeostasis': 'mean', 'target': 0.52, 'spread': 0.385, 'learning_rate': 0.003}",dqn,1000,linear,0.003,,,,,,
RepeatPrevious,filterbank+proj,7,1040,0.0,-0.43416668,0.06185219011722705,-0.3312061206711888,-0.32098215459183677,2215,"{'decomposition': 'legendre', 'n_filters': 12, 'slowest': 0.05503533446959869, 'input_scaling': 0.9095759553753703, 'bias_dist': 'foldnorm', 'bias_scaling': 0.04123764193322552, 'lr': 0.9047782400199377, 'weight_increment': 0.002278223530217896, 'min_window': 11, 'max_window': 59, 'use_full_instance': False, 'max_partners': 20, 'homeostasis': 'mean', 'target': 0.52, 'spread': 0.385, 'learning_rate': 0.003}",dqn,1000,linear,0.003,,,,,,
RepeatPrevious,filterbank+proj,8,1040,0.0,-0.47249994,0.04457362236992188,-0.3236280431988576,-0.3213435448979592,2214,"{'decomposition': 'legendre', 'n_filters': 12, 'slowest': 0.05503533446959869, 'input_scaling': 0.9095759553753703, 'bias_dist': 'foldnorm', 'bias_scaling': 0.04123764193322552, 'lr': 0.9047782400199377, 'weight_increment': 0.002278223530217896, 'min_window': 11, 'max_window': 59, 'use_full_instance': False, 'max_partners': 20, 'homeostasis': 'mean', 'target': 0.52, 'spread': 0.385, 'learning_rate': 0.003}",dqn,1000,linear,0.003,,,,,,
RepeatPrevious,filterbank+hag,8,1040,3.316346153846154,1.0000000000000007,0.0,1.0000000000000004,,527,"{'decomposition': 'legendre', 'n_filters': 12, 'slowest': 0.05503533446959869, 'input_scaling': 0.9095759553753703, 'bias_dist': 'foldnorm', 'bias_scaling': 0.04123764193322552, 'lr': 0.9047782400199377, 'weight_increment': 0.002278223530217896, 'min_window': 11, 'max_window': 59, 'use_full_instance': False, 'max_partners': 20, 'homeostasis': 'mean', 'target': 0.52, 'spread': 0.385}",bc,1000,linear,,1.0000000000000004,,"[1.0000000000000004, 1.0000000000000004, 1.0000000000000004, 1.0000000000000004, 1.0000000000000004]",1.0000000000000004,0.0,1.0
RepeatPrevious,filterbank+proj,7,1040,0.0,0.9991666666666674,0.005833333333333343,0.9994698897370656,,347,"{'decomposition': 'legendre', 'n_filters': 12, 'slowest': 0.05503533446959869, 'input_scaling': 0.9095759553753703, 'bias_dist': 'foldnorm', 'bias_scaling': 0.04123764193322552, 'lr': 0.9047782400199377, 'weight_increment': 0.002278223530217896, 'min_window': 11, 'max_window': 59, 'use_full_instance': False, 'max_partners': 20, 'homeostasis': 'mean', 'target': 0.52, 'spread': 0.385}",bc,1000,linear,,0.9966666666666673,,"[1.0000000000000004, 1.0000000000000004, 0.9958333333333339, 0.9875000000000005, 1.0000000000000004]",1.0000000000000004,0.0,1.0
RepeatPrevious,filterbank+proj,8,1040,0.0,0.9966666666666675,0.014043582955293956,0.9981976251060225,,344,"{'decomposition': 'legendre', 'n_filters': 12, 'slowest': 0.05503533446959869, 'input_scaling': 0.9095759553753703, 'bias_dist': 'foldnorm', 'bias_scaling': 0.04123764193322552, 'lr': 0.9047782400199377, 'weight_increment': 0.002278223530217896, 'min_window': 11, 'max_window': 59, 'use_full_instance': False, 'max_partners': 20, 'homeostasis': 'mean', 'target': 0.52, 'spread': 0.385}",bc,1000,linear,,0.9975000000000005,,"[1.0000000000000004, 1.0000000000000004, 0.9916666666666671, 0.9958333333333339, 1.0000000000000004]",1.0000000000000004,0.0,1.0
RepeatPrevious,filterbank+proj,9,1040,0.0,0.993333333333334,0.01929306150465041,0.9967133163698053,,330,"{'decomposition': 'legendre', 'n_filters': 12, 'slowest': 0.05503533446959869, 'input_scaling': 0.9095759553753703, 'bias_dist': 'foldnorm', 'bias_scaling': 0.04123764193322552, 'lr': 0.9047782400199377, 'weight_increment': 0.002278223530217896, 'min_window': 11, 'max_window': 59, 'use_full_instance': False, 'max_partners': 20, 'homeostasis': 'mean', 'target': 0.52, 'spread': 0.385}",bc,1000,linear,,0.9908333333333339,,"[0.9958333333333339, 1.0000000000000004, 0.9875000000000005, 0.9750000000000005, 0.9958333333333339]",0.9958333333333339,1.0,1.0
RepeatPrevious,filterbank+esn,0,336,6.744047619047619,0.94666668,0.0979086551617251,0.848694113515991,0.9084309296994396,1477,"{'decomposition': 'ema', 'n_filters': 12, 'slowest': 0.0068481211016550025, 'input_scaling': 0.929634188755156, 'bias_dist': 'foldnorm', 'bias_scaling': 0.0004530104948033912, 'lr': 0.9407030287660403, 'sr': 0.9778712320759426, 'rc_connectivity': 0.020075371100608825, 'learning_rate': 0.0003}",ppo,300,64x64,0.0003,,,,,,
RepeatPrevious,filterbank+esn,2,336,6.744047619047619,0.8891666600000001,0.15129302572618608,0.7789964598696273,0.7844922506367804,1467,"{'decomposition': 'ema', 'n_filters': 12, 'slowest': 0.0068481211016550025, 'input_scaling': 0.929634188755156, 'bias_dist': 'foldnorm', 'bias_scaling': 0.0004530104948033912, 'lr': 0.9407030287660403, 'sr': 0.9778712320759426, 'rc_connectivity': 0.020075371100608825, 'learning_rate': 0.0003}",ppo,300,64x64,0.0003,,,,,,
RepeatPrevious,filterbank+esn,1,336,6.744047619047619,0.75333334,0.30044404814664644,0.7682615006111223,0.8139964065206317,1502,"{'decomposition': 'ema', 'n_filters': 12, 'slowest': 0.0068481211016550025, 'input_scaling': 0.929634188755156, 'bias_dist': 'foldnorm', 'bias_scaling': 0.0004530104948033912, 'lr': 0.9407030287660403, 'sr': 0.9778712320759426, 'rc_connectivity': 0.020075371100608825, 'learning_rate': 0.0003}",ppo,300,64x64,0.0003,,,,,,
RepeatPrevious,filterbank+esn,4,336,6.744047619047619,0.9724999399999998,0.05178082045213653,0.827629493786922,0.8315503209373407,1477,"{'decomposition': 'ema', 'n_filters': 12, 'slowest': 0.0068481211016550025, 'input_scaling': 0.929634188755156, 'bias_dist': 'foldnorm', 'bias_scaling': 0.0004530104948033912, 'lr': 0.9407030287660403, 'sr': 0.9778712320759426, 'rc_connectivity': 0.020075371100608825, 'learning_rate': 0.0003}",ppo,300,64x64,0.0003,,,,,,
RepeatPrevious,filterbank+esn,6,336,6.744047619047619,0.86416668,0.1169074860260779,0.7741350620289265,0.7884827315333673,1461,"{'decomposition': 'ema', 'n_filters': 12, 'slowest': 0.0068481211016550025, 'input_scaling': 0.929634188755156, 'bias_dist': 'foldnorm', 'bias_scaling': 0.0004530104948033912, 'lr': 0.9407030287660403, 'sr': 0.9778712320759426, 'rc_connectivity': 0.020075371100608825, 'learning_rate': 0.0003}",ppo,300,64x64,0.0003,,,,,,
RepeatPrevious,filterbank+esn,3,336,6.744047619047619,0.9591666600000001,0.08395185465506047,0.7550778080566307,0.776681079979623,1518,"{'decomposition': 'ema', 'n_filters': 12, 'slowest': 0.0068481211016550025, 'input_scaling': 0.929634188755156, 'bias_dist': 'foldnorm', 'bias_scaling': 0.0004530104948033912, 'lr': 0.9407030287660403, 'sr': 0.9778712320759426, 'rc_connectivity': 0.020075371100608825, 'learning_rate': 0.0003}",ppo,300,64x64,0.0003,,,,,,
RepeatPrevious,filterbank+esn,0,336,6.744047619047619,0.9324999399999999,0.07677981295768048,0.7387260461397432,0.8300220570555272,1432,"{'decomposition': 'ema', 'n_filters': 12, 'slowest': 0.0068481211016550025, 'input_scaling': 0.929634188755156, 'bias_dist': 'foldnorm', 'bias_scaling': 0.0004530104948033912, 'lr': 0.9407030287660403, 'sr': 0.9778712320759426, 'rc_connectivity': 0.020075371100608825, 'learning_rate': 0.001}",ppo,300,64x64,0.001,,,,,,
RepeatPrevious,filterbank+esn,5,336,6.744047619047619,0.9450000199999999,0.10356153822737281,0.8123386969342024,0.8458141981660723,1504,"{'decomposition': 'ema', 'n_filters': 12, 'slowest': 0.0068481211016550025, 'input_scaling': 0.929634188755156, 'bias_dist': 'foldnorm', 'bias_scaling': 0.0004530104948033912, 'lr': 0.9407030287660403, 'sr': 0.9778712320759426, 'rc_connectivity': 0.020075371100608825, 'learning_rate': 0.0003}",ppo,300,64x64,0.0003,,,,,,
RepeatPrevious,filterbank+esn,8,336,6.744047619047619,0.9633333199999999,0.06699916351073049,0.790822103025056,0.8162675822720326,1478,"{'decomposition': 'ema', 'n_filters': 12, 'slowest': 0.0068481211016550025, 'input_scaling': 0.929634188755156, 'bias_dist': 'foldnorm', 'bias_scaling': 0.0004530104948033912, 'lr': 0.9407030287660403, 'sr': 0.9778712320759426, 'rc_connectivity': 0.020075371100608825, 'learning_rate': 0.0003}",ppo,300,64x64,0.0003,,,,,,
RepeatPrevious,filterbank+esn,7,336,6.744047619047619,0.85833332,0.18689711102951162,0.8025713554186188,0.8010697631176771,1492,"{'decomposition': 'ema', 'n_filters': 12, 'slowest': 0.0068481211016550025, 'input_scaling': 0.929634188755156, 'bias_dist': 'foldnorm', 'bias_scaling': 0.0004530104948033912, 'lr': 0.9407030287660403, 'sr': 0.9778712320759426, 'rc_connectivity': 0.020075371100608825, 'learning_rate': 0.0003}",ppo,300,64x64,0.0003,,,,,,
RepeatPrevious,filterbank+esn,9,336,6.744047619047619,0.7216666599999999,0.4299095313875053,0.7839597071705031,0.7316182526744778,1480,"{'decomposition': 'ema', 'n_filters': 12, 'slowest': 0.0068481211016550025, 'input_scaling': 0.929634188755156, 'bias_dist': 'foldnorm', 'bias_scaling': 0.0004530104948033912, 'lr': 0.9407030287660403, 'sr': 0.9778712320759426, 'rc_connectivity': 0.020075371100608825, 'learning_rate': 0.0003}",ppo,300,64x64,0.0003,,,,,,
RepeatPrevious,filterbank+esn,8,336,6.744047619047619,0.80333328,0.1387043122780312,0.6946615766958647,0.779695178807947,1410,"{'decomposition': 'ema', 'n_filters': 12, 'slowest': 0.0068481211016550025, 'input_scaling': 0.929634188755156, 'bias_dist': 'foldnorm', 'bias_scaling': 0.0004530104948033912, 'lr': 0.9407030287660403, 'sr': 0.9778712320759426, 'rc_connectivity': 0.020075371100608825, 'learning_rate': 0.001}",ppo,300,64x64,0.001,,,,,,
RepeatPrevious,filterbank+esn,6,336,6.744047619047619,0.8625000000000002,0.1758411720213443,0.6648141872071706,0.714743574121243,1423,"{'decomposition': 'ema', 'n_filters': 12, 'slowest': 0.0068481211016550025, 'input_scaling': 0.929634188755156, 'bias_dist': 'foldnorm', 'bias_scaling': 0.0004530104948033912, 'lr': 0.9407030287660403, 'sr': 0.9778712320759426, 'rc_connectivity': 0.020075371100608825, 'learning_rate': 0.001}",ppo,300,64x64,0.001,,,,,,
RepeatPrevious,filterbank+esn,1,336,6.744047619047619,0.7916666399999999,0.24734699872412116,0.6632566757995518,0.6965528823229751,1477,"{'decomposition': 'ema', 'n_filters': 12, 'slowest': 0.0068481211016550025, 'input_scaling': 0.929634188755156, 'bias_dist': 'foldnorm', 'bias_scaling': 0.0004530104948033912, 'lr': 0.9407030287660403, 'sr': 0.9778712320759426, 'rc_connectivity': 0.020075371100608825, 'learning_rate': 0.001}",ppo,300,64x64,0.001,,,,,,
RepeatPrevious,filterbank+esn,5,336,6.744047619047619,0.77083334,0.20297269315537103,0.6657138971786514,0.7274367300050942,1463,"{'decomposition': 'ema', 'n_filters': 12, 'slowest': 0.0068481211016550025, 'input_scaling': 0.929634188755156, 'bias_dist': 'foldnorm', 'bias_scaling': 0.0004530104948033912, 'lr': 0.9407030287660403, 'sr': 0.9778712320759426, 'rc_connectivity': 0.020075371100608825, 'learning_rate': 0.001}",ppo,300,64x64,0.001,,,,,,
RepeatPrevious,filterbank+esn,2,336,6.744047619047619,0.8949999599999999,0.09023120265960329,0.66619770136484,0.7486839623025981,1485,"{'decomposition': 'ema', 'n_filters': 12, 'slowest': 0.0068481211016550025, 'input_scaling': 0.929634188755156, 'bias_dist': 'foldnorm', 'bias_scaling': 0.0004530104948033912, 'lr': 0.9407030287660403, 'sr': 0.9778712320759426, 'rc_connectivity': 0.020075371100608825, 'learning_rate': 0.001}",ppo,300,64x64,0.001,,,,,,
RepeatPrevious,filterbank+esn,3,336,6.744047619047619,0.9075,0.09620937237816281,0.6427013140150744,0.6780437814569537,1476,"{'decomposition': 'ema', 'n_filters': 12, 'slowest': 0.0068481211016550025, 'input_scaling': 0.929634188755156, 'bias_dist': 'foldnorm', 'bias_scaling': 0.0004530104948033912, 'lr': 0.9407030287660403, 'sr': 0.9778712320759426, 'rc_connectivity': 0.020075371100608825, 'learning_rate': 0.001}",ppo,300,64x64,0.001,,,,,,
RepeatPrevious,filterbank+esn,7,336,6.744047619047619,0.7533333000000002,0.2794886535165426,0.6766249745365656,0.7426770010188487,1462,"{'decomposition': 'ema', 'n_filters': 12, 'slowest': 0.0068481211016550025, 'input_scaling': 0.929634188755156, 'bias_dist': 'foldnorm', 'bias_scaling': 0.0004530104948033912, 'lr': 0.9407030287660403, 'sr': 0.9778712320759426, 'rc_connectivity': 0.020075371100608825, 'learning_rate': 0.001}",ppo,300,64x64,0.001,,,,,,
RepeatPrevious,filterbank+esn,0,336,6.744047619047619,0.8708332600000002,0.09798309066176877,0.681556397382359,0.683902170147733,1451,"{'decomposition': 'ema', 'n_filters': 12, 'slowest': 0.0068481211016550025, 'input_scaling': 0.929634188755156, 'bias_dist': 'foldnorm', 'bias_scaling': 0.0004530104948033912, 'lr': 0.9407030287660403, 'sr': 0.9778712320759426, 'rc_connectivity': 0.020075371100608825, 'learning_rate': 0.003}",ppo,300,64x64,0.003,,,,,,
RepeatPrevious,filterbank+esn,9,336,6.744047619047619,0.87249998,0.12894062763776046,0.6490947600835201,0.6997367880794702,1464,"{'decomposition': 'ema', 'n_filters': 12, 'slowest': 0.0068481211016550025, 'input_scaling': 0.929634188755156, 'bias_dist': 'foldnorm', 'bias_scaling': 0.0004530104948033912, 'lr': 0.9407030287660403, 'sr': 0.9778712320759426, 'rc_connectivity': 0.020075371100608825, 'learning_rate': 0.001}",ppo,300,64x64,0.001,,,,,,
RepeatPrevious,filterbank+esn,3,336,6.744047619047619,0.6966666599999999,0.4147489426147153,0.596589154715828,0.5959627957208355,1450,"{'decomposition': 'ema', 'n_filters': 12, 'slowest': 0.0068481211016550025, 'input_scaling': 0.929634188755156, 'bias_dist': 'foldnorm', 'bias_scaling': 0.0004530104948033912, 'lr': 0.9407030287660403, 'sr': 0.9778712320759426, 'rc_connectivity': 0.020075371100608825, 'learning_rate': 0.003}",ppo,300,64x64,0.003,,,,,,
RepeatPrevious,filterbank+esn,4,336,6.744047619047619,0.99333328,0.015275374518538002,0.6516007809635362,0.8494438543046358,1463,"{'decomposition': 'ema', 'n_filters': 12, 'slowest': 0.0068481211016550025, 'input_scaling': 0.929634188755156, 'bias_dist': 'foldnorm', 'bias_scaling': 0.0004530104948033912, 'lr': 0.9407030287660403, 'sr': 0.9778712320759426, 'rc_connectivity': 0.020075371100608825, 'learning_rate': 0.003}",ppo,300,64x64,0.003,,,,,,
RepeatPrevious,filterbank+esn,1,336,6.744047619047619,0.70833328,0.24480719851442606,0.5708498677429211,0.6454830718288335,1479,"{'decomposition': 'ema', 'n_filters': 12, 'slowest': 0.0068481211016550025, 'input_scaling': 0.929634188755156, 'bias_dist': 'foldnorm', 'bias_scaling': 0.0004530104948033912, 'lr': 0.9407030287660403, 'sr': 0.9778712320759426, 'rc_connectivity': 0.020075371100608825, 'learning_rate': 0.003}",ppo,300,64x64,0.003,,,,,,
RepeatPrevious,filterbank+esn,6,336,6.744047619047619,0.6999999600000001,0.42540828676047016,0.6768944592585048,0.8478519016811004,1472,"{'decomposition': 'ema', 'n_filters': 12, 'slowest': 0.0068481211016550025, 'input_scaling': 0.929634188755156, 'bias_dist': 'foldnorm', 'bias_scaling': 0.0004530104948033912, 'lr': 0.9407030287660403, 'sr': 0.9778712320759426, 'rc_connectivity': 0.020075371100608825, 'learning_rate': 0.003}",ppo,300,64x64,0.003,,,,,,
RepeatPrevious,filterbank+esn,8,336,6.744047619047619,1.0,0.0,0.6723789430637604,0.8988367926642893,1469,"{'decomposition': 'ema', 'n_filters': 12, 'slowest': 0.0068481211016550025, 'input_scaling': 0.929634188755156, 'bias_dist': 'foldnorm', 'bias_scaling': 0.0004530104948033912, 'lr': 0.9407030287660403, 'sr': 0.9778712320759426, 'rc_connectivity': 0.020075371100608825, 'learning_rate': 0.003}",ppo,300,64x64,0.003,,,,,,
RepeatPrevious,filterbank+esn,7,336,6.744047619047619,1.0,0.0,0.6739152375738439,0.8397647850229242,1481,"{'decomposition': 'ema', 'n_filters': 12, 'slowest': 0.0068481211016550025, 'input_scaling': 0.929634188755156, 'bias_dist': 'foldnorm', 'bias_scaling': 0.0004530104948033912, 'lr': 0.9407030287660403, 'sr': 0.9778712320759426, 'rc_connectivity': 0.020075371100608825, 'learning_rate': 0.003}",ppo,300,64x64,0.003,,,,,,
RepeatPrevious,filterbank+esn,4,336,6.744047619047619,0.81250002,0.16420048298095716,0.7049254607863108,0.7474740947529291,1535,"{'decomposition': 'ema', 'n_filters': 12, 'slowest': 0.0068481211016550025, 'input_scaling': 0.929634188755156, 'bias_dist': 'foldnorm', 'bias_scaling': 0.0004530104948033912, 'lr': 0.9407030287660403, 'sr': 0.9778712320759426, 'rc_connectivity': 0.020075371100608825, 'learning_rate': 0.001}",ppo,300,64x64,0.001,,,,,,
RepeatPrevious,filterbank+esn,9,336,6.744047619047619,1.0,0.0,0.6948949866062334,0.8927873774834437,1465,"{'decomposition': 'ema', 'n_filters': 12, 'slowest': 0.0068481211016550025, 'input_scaling': 0.929634188755156, 'bias_dist': 'foldnorm', 'bias_scaling': 0.0004530104948033912, 'lr': 0.9407030287660403, 'sr': 0.9778712320759426, 'rc_connectivity': 0.020075371100608825, 'learning_rate': 0.003}",ppo,300,64x64,0.003,,,,,,
RepeatPrevious,filterbank+esn,5,336,6.744047619047619,0.2041667,0.48707248006165366,0.6045549660317784,0.6307946775343861,1517,"{'decomposition': 'ema', 'n_filters': 12, 'slowest': 0.0068481211016550025, 'input_scaling': 0.929634188755156, 'bias_dist': 'foldnorm', 'bias_scaling': 0.0004530104948033912, 'lr': 0.9407030287660403, 'sr': 0.9778712320759426, 'rc_connectivity': 0.020075371100608825, 'learning_rate': 0.003}",ppo,300,64x64,0.003,,,,,,
RepeatPrevious,filterbank+esn,1,336,6.744047619047619,-0.5008332600000001,0.03772169446608146,-0.5002694459156651,-0.5010824910850739,1490,"{'decomposition': 'ema', 'n_filters': 12, 'slowest': 0.0068481211016550025, 'input_scaling': 0.929634188755156, 'bias_dist': 'foldnorm', 'bias_scaling': 0.0004530104948033912, 'lr': 0.9407030287660403, 'sr': 0.9778712320759426, 'rc_connectivity': 0.020075371100608825, 'learning_rate': 0.01}",ppo,300,64x64,0.01,,,,,,
RepeatPrevious,filterbank+esn,2,336,6.744047619047619,-0.50499996,0.037859526322953384,-0.4998981056223264,-0.4992570458481915,1525,"{'decomposition': 'ema', 'n_filters': 12, 'slowest': 0.0068481211016550025, 'input_scaling': 0.929634188755156, 'bias_dist': 'foldnorm', 'bias_scaling': 0.0004530104948033912, 'lr': 0.9407030287660403, 'sr': 0.9778712320759426, 'rc_connectivity': 0.020075371100608825, 'learning_rate': 0.01}",ppo,300,64x64,0.01,,,,,,
RepeatPrevious,filterbank+esn,0,336,6.744047619047619,-0.49999997999999996,0.03333355000025651,-0.4994036891423915,-0.49972401528273047,1543,"{'decomposition': 'ema', 'n_filters': 12, 'slowest': 0.0068481211016550025, 'input_scaling': 0.929634188755156, 'bias_dist': 'foldnorm', 'bias_scaling': 0.0004530104948033912, 'lr': 0.9407030287660403, 'sr': 0.9778712320759426, 'rc_connectivity': 0.020075371100608825, 'learning_rate': 0.01}",ppo,300,64x64,0.01,,,,,,
RepeatPrevious,filterbank+esn,3,336,6.744047619047619,-0.49749997999999995,0.0316340078968758,-0.5001973000101854,-0.499915050942435,1537,"{'decomposition': 'ema', 'n_filters': 12, 'slowest': 0.0068481211016550025, 'input_scaling': 0.929634188755156, 'bias_dist': 'foldnorm', 'bias_scaling': 0.0004530104948033912, 'lr': 0.9407030287660403, 'sr': 0.9778712320759426, 'rc_connectivity': 0.020075371100608825, 'learning_rate': 0.01}",ppo,300,64x64,0.01,,,,,,
RepeatPrevious,filterbank+esn,5,336,6.744047619047619,-0.49416659999999996,0.034369540779591465,-0.5001909407211245,-0.5004244768211921,1521,"{'decomposition': 'ema', 'n_filters': 12, 'slowest': 0.0068481211016550025, 'input_scaling': 0.929634188755156, 'bias_dist': 'foldnorm', 'bias_scaling': 0.0004530104948033912, 'lr': 0.9407030287660403, 'sr': 0.9778712320759426, 'rc_connectivity': 0.020075371100608825, 'learning_rate': 0.01}",ppo,300,64x64,0.01,,,,,,
RepeatPrevious,filterbank+esn,4,336,6.744047619047619,-0.50499994,0.03693094968310996,-0.5002206415766959,-0.5028442567498727,1587,"{'decomposition': 'ema', 'n_filters': 12, 'slowest': 0.0068481211016550025, 'input_scaling': 0.929634188755156, 'bias_dist': 'foldnorm', 'bias_scaling': 0.0004530104948033912, 'lr': 0.9407030287660403, 'sr': 0.9778712320759426, 'rc_connectivity': 0.020075371100608825, 'learning_rate': 0.01}",ppo,300,64x64,0.01,,,,,,
RepeatPrevious,filterbank+esn,2,336,6.744047619047619,0.9941666599999999,0.018652507427807125,0.64983107465879,0.5294404615384615,1682,"{'decomposition': 'ema', 'n_filters': 12, 'slowest': 0.0068481211016550025, 'input_scaling': 0.929634188755156, 'bias_dist': 'foldnorm', 'bias_scaling': 0.0004530104948033912, 'lr': 0.9407030287660403, 'sr': 0.9778712320759426, 'rc_connectivity': 0.020075371100608825, 'learning_rate': 0.003}",ppo,300,64x64,0.003,,,,,,
RepeatPrevious,filterbank+hag,2,312,4.689102564102564,0.9291667,0.05543387201639445,0.8099812399674068,0.9061385562913907,1389,"{'decomposition': 'legendre', 'n_filters': 12, 'slowest': 0.05503533446959869, 'input_scaling': 0.9095759553753703, 'bias_dist': 'foldnorm', 'bias_scaling': 0.04123764193322552, 'lr': 0.9047782400199377, 'weight_increment': 0.002278223530217896, 'min_window': 11, 'max_window': 59, 'use_full_instance': False, 'max_partners': 20, 'homeostasis': 'mean', 'target': 0.52, 'spread': 0.385, 'learning_rate': 0.0003}",ppo,300,64x64,0.0003,,,,,,
RepeatPrevious,filterbank+hag,0,312,3.9743589743589745,0.9608332800000001,0.03764778641941117,0.8440194746893461,0.9214424915944982,1414,"{'decomposition': 'legendre', 'n_filters': 12, 'slowest': 0.05503533446959869, 'input_scaling': 0.9095759553753703, 'bias_dist': 'foldnorm', 'bias_scaling': 0.04123764193322552, 'lr': 0.9047782400199377, 'weight_increment': 0.002278223530217896, 'min_window': 11, 'max_window': 59, 'use_full_instance': False, 'max_partners': 20, 'homeostasis': 'mean', 'target': 0.52, 'spread': 0.385, 'learning_rate': 0.0003}",ppo,300,64x64,0.0003,,,,,,
RepeatPrevious,filterbank+esn,7,336,6.744047619047619,-0.49999996,0.033333500000426,-0.5002885442045223,-0.4990023260315843,1477,"{'decomposition': 'ema', 'n_filters': 12, 'slowest': 0.0068481211016550025, 'input_scaling': 0.929634188755156, 'bias_dist': 'foldnorm', 'bias_scaling': 0.0004530104948033912, 'lr': 0.9407030287660403, 'sr': 0.9778712320759426, 'rc_connectivity': 0.020075371100608825, 'learning_rate': 0.01}",ppo,300,64x64,0.01,,,,,,
RepeatPrevious,filterbank+hag,4,312,4.493589743589744,0.94166662,0.047871310128255316,0.81090216525769,0.9011504370860927,1425,"{'decomposition': 'legendre', 'n_filters': 12, 'slowest': 0.05503533446959869, 'input_scaling': 0.9095759553753703, 'bias_dist': 'foldnorm', 'bias_scaling': 0.04123764193322552, 'lr': 0.9047782400199377, 'weight_increment': 0.002278223530217896, 'min_window': 11, 'max_window': 59, 'use_full_instance': False, 'max_partners': 20, 'homeostasis': 'mean', 'target': 0.52, 'spread': 0.385, 'learning_rate': 0.0003}",ppo,300,64x64,0.0003,,,,,,
RepeatPrevious,filterbank+esn,6,336,6.744047619047619,-0.49749996,0.03163395363021196,-0.4998386909757588,-0.4992782694854814,1526,"{'decomposition': 'ema', 'n_filters': 12, 'slowest': 0.0068481211016550025, 'input_scaling': 0.929634188755156, 'bias_dist': 'foldnorm', 'bias_scaling': 0.0004530104948033912, 'lr': 0.9407030287660403, 'sr': 0.9778712320759426, 'rc_connectivity': 0.020075371100608825, 'learning_rate': 0.01}",ppo,300,64x64,0.01,,,,,,
RepeatPrevious,filterbank+hag,5,312,4.384615384615385,0.97499984,0.023570315607017233,0.8333757627317172,0.9265367320427916,1419,"{'decomposition': 'legendre', 'n_filters': 12, 'slowest': 0.05503533446959869, 'input_scaling': 0.9095759553753703, 'bias_dist': 'foldnorm', 'bias_scaling': 0.04123764193322552, 'lr': 0.9047782400199377, 'weight_increment': 0.002278223530217896, 'min_window': 11, 'max_window': 59, 'use_full_instance': False, 'max_partners': 20, 'homeostasis': 'mean', 'target': 0.52, 'spread': 0.385, 'learning_rate': 0.0003}",ppo,300,64x64,0.0003,,,,,,
RepeatPrevious,filterbank+hag,7,312,4.490384615384615,0.9499999999999998,0.04859117432497387,0.8022849153086167,0.8881813515028018,1408,"{'decomposition': 'legendre', 'n_filters': 12, 'slowest': 0.05503533446959869, 'input_scaling': 0.9095759553753703, 'bias_dist': 'foldnorm', 'bias_scaling': 0.04123764193322552, 'lr': 0.9047782400199377, 'weight_increment': 0.002278223530217896, 'min_window': 11, 'max_window': 59, 'use_full_instance': False, 'max_partners': 20, 'homeostasis': 'mean', 'target': 0.52, 'spread': 0.385, 'learning_rate': 0.0003}",ppo,300,64x64,0.0003,,,,,,
RepeatPrevious,filterbank+hag,8,312,4.25,0.92083332,0.0501732952437609,0.7833146575677327,0.8720920280183393,1411,"{'decomposition': 'legendre', 'n_filters': 12, 'slowest': 0.05503533446959869, 'input_scaling': 0.9095759553753703, 'bias_dist': 'foldnorm', 'bias_scaling': 0.04123764193322552, 'lr': 0.9047782400199377, 'weight_increment': 0.002278223530217896, 'min_window': 11, 'max_window': 59, 'use_full_instance': False, 'max_partners': 20, 'homeostasis': 'mean', 'target': 0.52, 'spread': 0.385, 'learning_rate': 0.0003}",ppo,300,64x64,0.0003,,,,,,
RepeatPrevious,filterbank+esn,9,336,6.744047619047619,-0.4949999400000001,0.03188541045770621,-0.5005537898757385,-0.4998725955170657,1484,"{'decomposition': 'ema', 'n_filters': 12, 'slowest': 0.0068481211016550025, 'input_scaling': 0.929634188755156, 'bias_dist': 'foldnorm', 'bias_scaling': 0.0004530104948033912, 'lr': 0.9407030287660403, 'sr': 0.9778712320759426, 'rc_connectivity': 0.020075371100608825, 'learning_rate': 0.01}",ppo,300,64x64,0.01,,,,,,
RepeatPrevious,filterbank+esn,8,336,6.744047619047619,-0.5058333,0.03727724730623226,-0.5000721035852516,-0.4998726021395823,1527,"{'decomposition': 'ema', 'n_filters': 12, 'slowest': 0.0068481211016550025, 'input_scaling': 0.929634188755156, 'bias_dist': 'foldnorm', 'bias_scaling': 0.0004530104948033912, 'lr': 0.9407030287660403, 'sr': 0.9778712320759426, 'rc_connectivity': 0.020075371100608825, 'learning_rate': 0.01}",ppo,300,64x64,0.01,,,,,,
RepeatPrevious,filterbank+hag,1,312,4.458333333333333,0.95583326,0.04117196551674938,0.8200880980342229,0.9147775303107487,1490,"{'decomposition': 'legendre', 'n_filters': 12, 'slowest': 0.05503533446959869, 'input_scaling': 0.9095759553753703, 'bias_dist': 'foldnorm', 'bias_scaling': 0.04123764193322552, 'lr': 0.9047782400199377, 'weight_increment': 0.002278223530217896, 'min_window': 11, 'max_window': 59, 'use_full_instance': False, 'max_partners': 20, 'homeostasis': 'mean', 'target': 0.52, 'spread': 0.385, 'learning_rate': 0.0003}",ppo,300,64x64,0.0003,,,,,,
RepeatPrevious,filterbank+hag,3,312,4.676282051282051,0.9433332799999999,0.04229518701367332,0.808444944031371,0.9102139454915945,1469,"{'decomposition': 'legendre', 'n_filters': 12, 'slowest': 0.05503533446959869, 'input_scaling': 0.9095759553753703, 'bias_dist': 'foldnorm', 'bias_scaling': 0.04123764193322552, 'lr': 0.9047782400199377, 'weight_increment': 0.002278223530217896, 'min_window': 11, 'max_window': 59, 'use_full_instance': False, 'max_partners': 20, 'homeostasis': 'mean', 'target': 0.52, 'spread': 0.385, 'learning_rate': 0.0003}",ppo,300,64x64,0.0003,,,,,,
RepeatPrevious,filterbank+hag,9,312,4.528846153846154,0.9008333399999999,0.060028911460931894,0.7853665912100225,0.8717311884870097,1438,"{'decomposition': 'legendre', 'n_filters': 12, 'slowest': 0.05503533446959869, 'input_scaling': 0.9095759553753703, 'bias_dist': 'foldnorm', 'bias_scaling': 0.04123764193322552, 'lr': 0.9047782400199377, 'weight_increment': 0.002278223530217896, 'min_window': 11, 'max_window': 59, 'use_full_instance': False, 'max_partners': 20, 'homeostasis': 'mean', 'target': 0.52, 'spread': 0.385, 'learning_rate': 0.0003}",ppo,300,64x64,0.0003,,,,,,
RepeatPrevious,filterbank+hag,2,312,4.689102564102564,0.8700000400000001,0.07756709181991032,0.7775514337441434,0.8414416617422313,1428,"{'decomposition': 'legendre', 'n_filters': 12, 'slowest': 0.05503533446959869, 'input_scaling': 0.9095759553753703, 'bias_dist': 'foldnorm', 'bias_scaling': 0.04123764193322552, 'lr': 0.9047782400199377, 'weight_increment': 0.002278223530217896, 'min_window': 11, 'max_window': 59, 'use_full_instance': False, 'max_partners': 20, 'homeostasis': 'mean', 'target': 0.52, 'spread': 0.385, 'learning_rate': 0.001}",ppo,300,64x64,0.001,,,,,,
RepeatPrevious,filterbank+hag,0,312,3.9743589743589745,0.8825000600000001,0.057548300390683996,0.8220997094112853,0.9008957259296995,1436,"{'decomposition': 'legendre', 'n_filters': 12, 'slowest': 0.05503533446959869, 'input_scaling': 0.9095759553753703, 'bias_dist': 'foldnorm', 'bias_scaling': 0.04123764193322552, 'lr': 0.9047782400199377, 'weight_increment': 0.002278223530217896, 'min_window': 11, 'max_window': 59, 'use_full_instance': False, 'max_partners': 20, 'homeostasis': 'mean', 'target': 0.52, 'spread': 0.385, 'learning_rate': 0.001}",ppo,300,64x64,0.001,,,,,,
RepeatPrevious,filterbank+hag,1,312,4.458333333333333,0.9208333799999999,0.04805225338769868,0.7924730071297617,0.8637502058074376,1433,"{'decomposition': 'legendre', 'n_filters': 12, 'slowest': 0.05503533446959869, 'input_scaling': 0.9095759553753703, 'bias_dist': 'foldnorm', 'bias_scaling': 0.04123764193322552, 'lr': 0.9047782400199377, 'weight_increment': 0.002278223530217896, 'min_window': 11, 'max_window': 59, 'use_full_instance': False, 'max_partners': 20, 'homeostasis': 'mean', 'target': 0.52, 'spread': 0.385, 'learning_rate': 0.001}",ppo,300,64x64,0.001,,,,,,
RepeatPrevious,filterbank+hag,3,312,4.676282051282051,0.89666664,0.07033645364382825,0.7683824754023223,0.8350526434029547,1430,"{'decomposition': 'legendre', 'n_filters': 12, 'slowest': 0.05503533446959869, 'input_scaling': 0.9095759553753703, 'bias_dist': 'foldnorm', 'bias_scaling': 0.04123764193322552, 'lr': 0.9047782400199377, 'weight_increment': 0.002278223530217896, 'min_window': 11, 'max_window': 59, 'use_full_instance': False, 'max_partners': 20, 'homeostasis': 'mean', 'target': 0.52, 'spread': 0.385, 'learning_rate': 0.001}",ppo,300,64x64,0.001,,,,,,
RepeatPrevious,filterbank+hag,4,312,4.493589743589744,0.89583334,0.06023674358615678,0.7675358177836628,0.8305527279673968,1435,"{'decomposition': 'legendre', 'n_filters': 12, 'slowest': 0.05503533446959869, 'input_scaling': 0.9095759553753703, 'bias_dist': 'foldnorm', 'bias_scaling': 0.04123764193322552, 'lr': 0.9047782400199377, 'weight_increment': 0.002278223530217896, 'min_window': 11, 'max_window': 59, 'use_full_instance': False, 'max_partners': 20, 'homeostasis': 'mean', 'target': 0.52, 'spread': 0.385, 'learning_rate': 0.001}",ppo,300,64x64,0.001,,,,,,
RepeatPrevious,filterbank+hag,6,312,4.298076923076923,0.9083332799999999,0.05590166664243205,0.776397093298024,0.8258617845134997,1431,"{'decomposition': 'legendre', 'n_filters': 12, 'slowest': 0.05503533446959869, 'input_scaling': 0.9095759553753703, 'bias_dist': 'foldnorm', 'bias_scaling': 0.04123764193322552, 'lr': 0.9047782400199377, 'weight_increment': 0.002278223530217896, 'min_window': 11, 'max_window': 59, 'use_full_instance': False, 'max_partners': 20, 'homeostasis': 'mean', 'target': 0.52, 'spread': 0.385, 'learning_rate': 0.001}",ppo,300,64x64,0.001,,,,,,
RepeatPrevious,filterbank+hag,8,312,4.25,0.8483333599999999,0.06859700171662315,0.7224973689142391,0.7887799215486501,1408,"{'decomposition': 'legendre', 'n_filters': 12, 'slowest': 0.05503533446959869, 'input_scaling': 0.9095759553753703, 'bias_dist': 'foldnorm', 'bias_scaling': 0.04123764193322552, 'lr': 0.9047782400199377, 'weight_increment': 0.002278223530217896, 'min_window': 11, 'max_window': 59, 'use_full_instance': False, 'max_partners': 20, 'homeostasis': 'mean', 'target': 0.52, 'spread': 0.385, 'learning_rate': 0.001}",ppo,300,64x64,0.001,,,,,,
RepeatPrevious,filterbank+hag,5,312,4.384615384615385,0.8691667000000001,0.06347027607100823,0.8097796503361172,0.8760188323993887,1439,"{'decomposition': 'legendre', 'n_filters': 12, 'slowest': 0.05503533446959869, 'input_scaling': 0.9095759553753703, 'bias_dist': 'foldnorm', 'bias_scaling': 0.04123764193322552, 'lr': 0.9047782400199377, 'weight_increment': 0.002278223530217896, 'min_window': 11, 'max_window': 59, 'use_full_instance': False, 'max_partners': 20, 'homeostasis': 'mean', 'target': 0.52, 'spread': 0.385, 'learning_rate': 0.001}",ppo,300,64x64,0.001,,,,,,
RepeatPrevious,filterbank+hag,0,312,3.9743589743589745,0.9008332800000001,0.06866274244509608,0.7996409618048482,0.9054168522669385,1423,"{'decomposition': 'legendre', 'n_filters': 12, 'slowest': 0.05503533446959869, 'input_scaling': 0.9095759553753703, 'bias_dist': 'foldnorm', 'bias_scaling': 0.04123764193322552, 'lr': 0.9047782400199377, 'weight_increment': 0.002278223530217896, 'min_window': 11, 'max_window': 59, 'use_full_instance': False, 'max_partners': 20, 'homeostasis': 'mean', 'target': 0.52, 'spread': 0.385, 'learning_rate': 0.003}",ppo,300,64x64,0.003,,,,,,
RepeatPrevious,filterbank+hag,7,312,4.490384615384615,0.8941667,0.06412328706897362,0.751578732532084,0.8234844569536424,1446,"{'decomposition': 'legendre', 'n_filters': 12, 'slowest': 0.05503533446959869, 'input_scaling': 0.9095759553753703, 'bias_dist': 'foldnorm', 'bias_scaling': 0.04123764193322552, 'lr': 0.9047782400199377, 'weight_increment': 0.002278223530217896, 'min_window': 11, 'max_window': 59, 'use_full_instance': False, 'max_partners': 20, 'homeostasis': 'mean', 'target': 0.52, 'spread': 0.385, 'learning_rate': 0.001}",ppo,300,64x64,0.001,,,,,,
RepeatPrevious,filterbank+hag,3,312,4.676282051282051,0.8966666600000002,0.05666668882425018,0.7545749291607252,0.8571489149261334,1412,"{'decomposition': 'legendre', 'n_filters': 12, 'slowest': 0.05503533446959869, 'input_scaling': 0.9095759553753703, 'bias_dist': 'foldnorm', 'bias_scaling': 0.04123764193322552, 'lr': 0.9047782400199377, 'weight_increment': 0.002278223530217896, 'min_window': 11, 'max_window': 59, 'use_full_instance': False, 'max_partners': 20, 'homeostasis': 'mean', 'target': 0.52, 'spread': 0.385, 'learning_rate': 0.003}",ppo,300,64x64,0.003,,,,,,
RepeatPrevious,filterbank+hag,6,312,4.298076923076923,0.9533332400000001,0.03693079353577987,0.801922065339173,0.8962896943453897,1553,"{'decomposition': 'legendre', 'n_filters': 12, 'slowest': 0.05503533446959869, 'input_scaling': 0.9095759553753703, 'bias_dist': 'foldnorm', 'bias_scaling': 0.04123764193322552, 'lr': 0.9047782400199377, 'weight_increment': 0.002278223530217896, 'min_window': 11, 'max_window': 59, 'use_full_instance': False, 'max_partners': 20, 'homeostasis': 'mean', 'target': 0.52, 'spread': 0.385, 'learning_rate': 0.0003}",ppo,300,64x64,0.0003,,,,,,
RepeatPrevious,filterbank+hag,1,312,4.458333333333333,0.9141666599999999,0.054905145175515195,0.7866949291607253,0.8801154768211921,1450,"{'decomposition': 'legendre', 'n_filters': 12, 'slowest': 0.05503533446959869, 'input_scaling': 0.9095759553753703, 'bias_dist': 'foldnorm', 'bias_scaling': 0.04123764193322552, 'lr': 0.9047782400199377, 'weight_increment': 0.002278223530217896, 'min_window': 11, 'max_window': 59, 'use_full_instance': False, 'max_partners': 20, 'homeostasis': 'mean', 'target': 0.52, 'spread': 0.385, 'learning_rate': 0.003}",ppo,300,64x64,0.003,,,,,,
RepeatPrevious,filterbank+hag,5,312,4.384615384615385,0.9291666,0.052208178372358485,0.7839745861682623,0.8720707957208355,1418,"{'decomposition': 'legendre', 'n_filters': 12, 'slowest': 0.05503533446959869, 'input_scaling': 0.9095759553753703, 'bias_dist': 'foldnorm', 'bias_scaling': 0.04123764193322552, 'lr': 0.9047782400199377, 'weight_increment': 0.002278223530217896, 'min_window': 11, 'max_window': 59, 'use_full_instance': False, 'max_partners': 20, 'homeostasis': 'mean', 'target': 0.52, 'spread': 0.385, 'learning_rate': 0.003}",ppo,300,64x64,0.003,,,,,,
RepeatPrevious,filterbank+hag,9,312,4.528846153846154,0.85500002,0.06934209255610621,0.7296632035546955,0.7894379353031075,1496,"{'decomposition': 'legendre', 'n_filters': 12, 'slowest': 0.05503533446959869, 'input_scaling': 0.9095759553753703, 'bias_dist': 'foldnorm', 'bias_scaling': 0.04123764193322552, 'lr': 0.9047782400199377, 'weight_increment': 0.002278223530217896, 'min_window': 11, 'max_window': 59, 'use_full_instance': False, 'max_partners': 20, 'homeostasis': 'mean', 'target': 0.52, 'spread': 0.385, 'learning_rate': 0.001}",ppo,300,64x64,0.001,,,,,,
RepeatPrevious,filterbank+hag,2,312,4.689102564102564,0.8675000200000003,0.05933082176389941,0.7560475642697088,0.8329937152317881,1484,"{'decomposition': 'legendre', 'n_filters': 12, 'slowest': 0.05503533446959869, 'input_scaling': 0.9095759553753703, 'bias_dist': 'foldnorm', 'bias_scaling': 0.04123764193322552, 'lr': 0.9047782400199377, 'weight_increment': 0.002278223530217896, 'min_window': 11, 'max_window': 59, 'use_full_instance': False, 'max_partners': 20, 'homeostasis': 'mean', 'target': 0.52, 'spread': 0.385, 'learning_rate': 0.003}",ppo,300,64x64,0.003,,,,,,
RepeatPrevious,filterbank+hag,7,312,4.490384615384615,0.9100000399999999,0.049553523028321604,0.7511628278671827,0.8648964044829343,1415,"{'decomposition': 'legendre', 'n_filters': 12, 'slowest': 0.05503533446959869, 'input_scaling': 0.9095759553753703, 'bias_dist': 'foldnorm', 'bias_scaling': 0.04123764193322552, 'lr': 0.9047782400199377, 'weight_increment': 0.002278223530217896, 'min_window': 11, 'max_window': 59, 'use_full_instance': False, 'max_partners': 20, 'homeostasis': 'mean', 'target': 0.52, 'spread': 0.385, 'learning_rate': 0.003}",ppo,300,64x64,0.003,,,,,,
RepeatPrevious,filterbank+hag,4,312,4.493589743589744,0.90166664,0.06387922440974374,0.7680641816052148,0.8537739760570555,1482,"{'decomposition': 'legendre', 'n_filters': 12, 'slowest': 0.05503533446959869, 'input_scaling': 0.9095759553753703, 'bias_dist': 'foldnorm', 'bias_scaling': 0.04123764193322552, 'lr': 0.9047782400199377, 'weight_increment': 0.002278223530217896, 'min_window': 11, 'max_window': 59, 'use_full_instance': False, 'max_partners': 20, 'homeostasis': 'mean', 'target': 0.52, 'spread': 0.385, 'learning_rate': 0.003}",ppo,300,64x64,0.003,,,,,,
RepeatPrevious,filterbank+hag,8,312,4.25,0.8099999400000002,0.07078921355415951,0.720596098339784,0.8053999072847682,1434,"{'decomposition': 'legendre', 'n_filters': 12, 'slowest': 0.05503533446959869, 'input_scaling': 0.9095759553753703, 'bias_dist': 'foldnorm', 'bias_scaling': 0.04123764193322552, 'lr': 0.9047782400199377, 'weight_increment': 0.002278223530217896, 'min_window': 11, 'max_window': 59, 'use_full_instance': False, 'max_partners': 20, 'homeostasis': 'mean', 'target': 0.52, 'spread': 0.385, 'learning_rate': 0.003}",ppo,300,64x64,0.003,,,,,,
RepeatPrevious,filterbank+hag,6,312,4.298076923076923,0.90500004,0.05139705828234141,0.7617747167447545,0.8509721548650027,1451,"{'decomposition': 'legendre', 'n_filters': 12, 'slowest': 0.05503533446959869, 'input_scaling': 0.9095759553753703, 'bias_dist': 'foldnorm', 'bias_scaling': 0.04123764193322552, 'lr': 0.9047782400199377, 'weight_increment': 0.002278223530217896, 'min_window': 11, 'max_window': 59, 'use_full_instance': False, 'max_partners': 20, 'homeostasis': 'mean', 'target': 0.52, 'spread': 0.385, 'learning_rate': 0.003}",ppo,300,64x64,0.003,,,,,,
RepeatPrevious,filterbank+hag,9,312,4.528846153846154,0.90166674,0.05698436900758312,0.7275752024852312,0.7892468991339786,1439,"{'decomposition': 'legendre', 'n_filters': 12, 'slowest': 0.05503533446959869, 'input_scaling': 0.9095759553753703, 'bias_dist': 'foldnorm', 'bias_scaling': 0.04123764193322552, 'lr': 0.9047782400199377, 'weight_increment': 0.002278223530217896, 'min_window': 11, 'max_window': 59, 'use_full_instance': False, 'max_partners': 20, 'homeostasis': 'mean', 'target': 0.52, 'spread': 0.385, 'learning_rate': 0.003}",ppo,300,64x64,0.003,,,,,,
RepeatPrevious,filterbank+hag,0,312,3.9743589743589745,-0.5058333,0.03633383562424975,-0.49977503335709916,-0.5003820264900662,1454,"{'decomposition': 'legendre', 'n_filters': 12, 'slowest': 0.05503533446959869, 'input_scaling': 0.9095759553753703, 'bias_dist': 'foldnorm', 'bias_scaling': 0.04123764193322552, 'lr': 0.9047782400199377, 'weight_increment': 0.002278223530217896, 'min_window': 11, 'max_window': 59, 'use_full_instance': False, 'max_partners': 20, 'homeostasis': 'mean', 'target': 0.52, 'spread': 0.385, 'learning_rate': 0.01}",ppo,300,64x64,0.01,,,,,,
RepeatPrevious,filterbank+hag,1,312,4.458333333333333,-0.49666664,0.0298610269982531,-0.5003903966184559,-0.4991933611818644,1520,"{'decomposition': 'legendre', 'n_filters': 12, 'slowest': 0.05503533446959869, 'input_scaling': 0.9095759553753703, 'bias_dist': 'foldnorm', 'bias_scaling': 0.04123764193322552, 'lr': 0.9047782400199377, 'weight_increment': 0.002278223530217896, 'min_window': 11, 'max_window': 59, 'use_full_instance': False, 'max_partners': 20, 'homeostasis': 'mean', 'target': 0.52, 'spread': 0.385, 'learning_rate': 0.01}",ppo,300,64x64,0.01,,,,,,
RepeatPrevious,filterbank+hag,4,312,4.493589743589744,-0.49833326,0.037230674033012084,-0.5001272734772866,-0.4985990269994906,1415,"{'decomposition': 'legendre', 'n_filters': 12, 'slowest': 0.05503533446959869, 'input_scaling': 0.9095759553753703, 'bias_dist': 'foldnorm', 'bias_scaling': 0.04123764193322552, 'lr': 0.9047782400199377, 'weight_increment': 0.002278223530217896, 'min_window': 11, 'max_window': 59, 'use_full_instance': False, 'max_partners': 20, 'homeostasis': 'mean', 'target': 0.52, 'spread': 0.385, 'learning_rate': 0.01}",ppo,300,64x64,0.01,,,,,,
RepeatPrevious,filterbank+hag,2,312,4.689102564102564,-0.49916664000000005,0.03384012181583276,-0.4998386911794663,-0.49915091543555784,1481,"{'decomposition': 'legendre', 'n_filters': 12, 'slowest': 0.05503533446959869, 'input_scaling': 0.9095759553753703, 'bias_dist': 'foldnorm', 'bias_scaling': 0.04123764193322552, 'lr': 0.9047782400199377, 'weight_increment': 0.002278223530217896, 'min_window': 11, 'max_window': 59, 'use_full_instance': False, 'max_partners': 20, 'homeostasis': 'mean', 'target': 0.52, 'spread': 0.385, 'learning_rate': 0.01}",ppo,300,64x64,0.01,,,,,,
RepeatPrevious,filterbank+hag,6,312,4.298076923076923,-0.50333328,0.03711855361246718,-0.5001272750050927,-0.49879006011207333,1444,"{'decomposition': 'legendre', 'n_filters': 12, 'slowest': 0.05503533446959869, 'input_scaling': 0.9095759553753703, 'bias_dist': 'foldnorm', 'bias_scaling': 0.04123764193322552, 'lr': 0.9047782400199377, 'weight_increment': 0.002278223530217896, 'min_window': 11, 'max_window': 59, 'use_full_instance': False, 'max_partners': 20, 'homeostasis': 'mean', 'target': 0.52, 'spread': 0.385, 'learning_rate': 0.01}",ppo,300,64x64,0.01,,,,,,
RepeatPrevious,filterbank+hag,3,312,4.676282051282051,-0.49749997999999995,0.0316340078968758,-0.5000466409146465,-0.499915050942435,1495,"{'decomposition': 'legendre', 'n_filters': 12, 'slowest': 0.05503533446959869, 'input_scaling': 0.9095759553753703, 'bias_dist': 'foldnorm', 'bias_scaling': 0.04123764193322552, 'lr': 0.9047782400199377, 'weight_increment': 0.002278223530217896, 'min_window': 11, 'max_window': 59, 'use_full_instance': False, 'max_partners': 20, 'homeostasis': 'mean', 'target': 0.52, 'spread': 0.385, 'learning_rate': 0.01}",ppo,300,64x64,0.01,,,,,,
RepeatPrevious,filterbank+proj,0,312,0.0,0.90916664,0.05754827577356597,0.7755058703401916,0.8296824518593989,1437,"{'decomposition': 'legendre', 'n_filters': 12, 'slowest': 0.05503533446959869, 'input_scaling': 0.9095759553753703, 'bias_dist': 'foldnorm', 'bias_scaling': 0.04123764193322552, 'lr': 0.9047782400199377, 'weight_increment': 0.002278223530217896, 'min_window': 11, 'max_window': 59, 'use_full_instance': False, 'max_partners': 20, 'homeostasis': 'mean', 'target': 0.52, 'spread': 0.385, 'learning_rate': 0.0003}",ppo,300,64x64,0.0003,,,,,,
RepeatPrevious,filterbank+hag,8,312,4.25,-0.50333332,0.033166416750345526,-0.5000784749949073,-0.5011037096281202,1458,"{'decomposition': 'legendre', 'n_filters': 12, 'slowest': 0.05503533446959869, 'input_scaling': 0.9095759553753703, 'bias_dist': 'foldnorm', 'bias_scaling': 0.04123764193322552, 'lr': 0.9047782400199377, 'weight_increment': 0.002278223530217896, 'min_window': 11, 'max_window': 59, 'use_full_instance': False, 'max_partners': 20, 'homeostasis': 'mean', 'target': 0.52, 'spread': 0.385, 'learning_rate': 0.01}",ppo,300,64x64,0.01,,,,,,
RepeatPrevious,filterbank+proj,1,312,0.0,0.9241665800000001,0.05315717438844544,0.7840531004277858,0.862901177279674,1440,"{'decomposition': 'legendre', 'n_filters': 12, 'slowest': 0.05503533446959869, 'input_scaling': 0.9095759553753703, 'bias_dist': 'foldnorm', 'bias_scaling': 0.04123764193322552, 'lr': 0.9047782400199377, 'weight_increment': 0.002278223530217896, 'min_window': 11, 'max_window': 59, 'use_full_instance': False, 'max_partners': 20, 'homeostasis': 'mean', 'target': 0.52, 'spread': 0.385, 'learning_rate': 0.0003}",ppo,300,64x64,0.0003,,,,,,
RepeatPrevious,filterbank+proj,0,312,0.0,0.8266666399999998,0.08094923772927327,0.7150620454267671,0.7477924936321957,1387,"{'decomposition': 'legendre', 'n_filters': 12, 'slowest': 0.05503533446959869, 'input_scaling': 0.9095759553753703, 'bias_dist': 'foldnorm', 'bias_scaling': 0.04123764193322552, 'lr': 0.9047782400199377, 'weight_increment': 0.002278223530217896, 'min_window': 11, 'max_window': 59, 'use_full_instance': False, 'max_partners': 20, 'homeostasis': 'mean', 'target': 0.52, 'spread': 0.385, 'learning_rate': 0.001}",ppo,300,64x64,0.001,,,,,,
RepeatPrevious,filterbank+proj,2,312,0.0,0.9391666399999998,0.04503849069973815,0.7942915221022612,0.8698633031074885,1457,"{'decomposition': 'legendre', 'n_filters': 12, 'slowest': 0.05503533446959869, 'input_scaling': 0.9095759553753703, 'bias_dist': 'foldnorm', 'bias_scaling': 0.04123764193322552, 'lr': 0.9047782400199377, 'weight_increment': 0.002278223530217896, 'min_window': 11, 'max_window': 59, 'use_full_instance': False, 'max_partners': 20, 'homeostasis': 'mean', 'target': 0.52, 'spread': 0.385, 'learning_rate': 0.0003}",ppo,300,64x64,0.0003,,,,,,
RepeatPrevious,filterbank+proj,9,312,0.0,0.92249998,0.05465165149544522,0.7743281878182929,0.8423968349465105,1404,"{'decomposition': 'legendre', 'n_filters': 12, 'slowest': 0.05503533446959869, 'input_scaling': 0.9095759553753703, 'bias_dist': 'foldnorm', 'bias_scaling': 0.04123764193322552, 'lr': 0.9047782400199377, 'weight_increment': 0.002278223530217896, 'min_window': 11, 'max_window': 59, 'use_full_instance': False, 'max_partners': 20, 'homeostasis': 'mean', 'target': 0.52, 'spread': 0.385, 'learning_rate': 0.0003}",ppo,300,64x64,0.0003,,,,,,
RepeatPrevious,filterbank+proj,3,312,0.0,0.9050000200000001,0.06182411809204884,0.764405934660827,0.8274749668874173,1460,"{'decomposition': 'legendre', 'n_filters': 12, 'slowest': 0.05503533446959869, 'input_scaling': 0.9095759553753703, 'bias_dist': 'foldnorm', 'bias_scaling': 0.04123764193322552, 'lr': 0.9047782400199377, 'weight_increment': 0.002278223530217896, 'min_window': 11, 'max_window': 59, 'use_full_instance': False, 'max_partners': 20, 'homeostasis': 'mean', 'target': 0.52, 'spread': 0.385, 'learning_rate': 0.0003}",ppo,300,64x64,0.0003,,,,,,
RepeatPrevious,filterbank+proj,7,312,0.0,0.95833326,0.04249175737142911,0.7924326928600529,0.8562574294447274,1423,"{'decomposition': 'legendre', 'n_filters': 12, 'slowest': 0.05503533446959869, 'input_scaling': 0.9095759553753703, 'bias_dist': 'foldnorm', 'bias_scaling': 0.04123764193322552, 'lr': 0.9047782400199377, 'weight_increment': 0.002278223530217896, 'min_window': 11, 'max_window': 59, 'use_full_instance': False, 'max_partners': 20, 'homeostasis': 'mean', 'target': 0.52, 'spread': 0.385, 'learning_rate': 0.0003}",ppo,300,64x64,0.0003,,,,,,
RepeatPrevious,filterbank+proj,2,312,0.0,0.87000002,0.06489311023228583,0.7290902763801181,0.7554126393275599,1404,"{'decomposition': 'legendre', 'n_filters': 12, 'slowest': 0.05503533446959869, 'input_scaling': 0.9095759553753703, 'bias_dist': 'foldnorm', 'bias_scaling': 0.04123764193322552, 'lr': 0.9047782400199377, 'weight_increment': 0.002278223530217896, 'min_window': 11, 'max_window': 59, 'use_full_instance': False, 'max_partners': 20, 'homeostasis': 'mean', 'target': 0.52, 'spread': 0.385, 'learning_rate': 0.001}",ppo,300,64x64,0.001,,,,,,
RepeatPrevious,filterbank+proj,5,312,0.0,0.9524999199999999,0.04083327428646397,0.7850546561927073,0.8795635878757004,1434,"{'decomposition': 'legendre', 'n_filters': 12, 'slowest': 0.05503533446959869, 'input_scaling': 0.9095759553753703, 'bias_dist': 'foldnorm', 'bias_scaling': 0.04123764193322552, 'lr': 0.9047782400199377, 'weight_increment': 0.002278223530217896, 'min_window': 11, 'max_window': 59, 'use_full_instance': False, 'max_partners': 20, 'homeostasis': 'mean', 'target': 0.52, 'spread': 0.385, 'learning_rate': 0.0003}",ppo,300,64x64,0.0003,,,,,,
RepeatPrevious,filterbank+proj,8,312,0.0,0.90166664,0.05512611581193074,0.7791216788042371,0.8530947478349465,1432,"{'decomposition': 'legendre', 'n_filters': 12, 'slowest': 0.05503533446959869, 'input_scaling': 0.9095759553753703, 'bias_dist': 'foldnorm', 'bias_scaling': 0.04123764193322552, 'lr': 0.9047782400199377, 'weight_increment': 0.002278223530217896, 'min_window': 11, 'max_window': 59, 'use_full_instance': False, 'max_partners': 20, 'homeostasis': 'mean', 'target': 0.52, 'spread': 0.385, 'learning_rate': 0.0003}",ppo,300,64x64,0.0003,,,,,,
RepeatPrevious,filterbank+proj,4,312,0.0,0.9233333199999998,0.044378368855756745,0.779577902016704,0.8673161864493123,1439,"{'decomposition': 'legendre', 'n_filters': 12, 'slowest': 0.05503533446959869, 'input_scaling': 0.9095759553753703, 'bias_dist': 'foldnorm', 'bias_scaling': 0.04123764193322552, 'lr': 0.9047782400199377, 'weight_increment': 0.002278223530217896, 'min_window': 11, 'max_window': 59, 'use_full_instance': False, 'max_partners': 20, 'homeostasis': 'mean', 'target': 0.52, 'spread': 0.385, 'learning_rate': 0.0003}",ppo,300,64x64,0.0003,,,,,,
RepeatPrevious,filterbank+hag,9,312,4.528846153846154,-0.50416666,0.03461111815680621,-0.49977078600529634,-0.500636734080489,1500,"{'decomposition': 'legendre', 'n_filters': 12, 'slowest': 0.05503533446959869, 'input_scaling': 0.9095759553753703, 'bias_dist': 'foldnorm', 'bias_scaling': 0.04123764193322552, 'lr': 0.9047782400199377, 'weight_increment': 0.002278223530217896, 'min_window': 11, 'max_window': 59, 'use_full_instance': False, 'max_partners': 20, 'homeostasis': 'mean', 'target': 0.52, 'spread': 0.385, 'learning_rate': 0.01}",ppo,300,64x64,0.01,,,,,,
RepeatPrevious,filterbank+hag,5,312,4.384615384615385,-0.5008332999999999,0.03485105689545154,-0.5001697172030963,-0.4996391120733571,1520,"{'decomposition': 'legendre', 'n_filters': 12, 'slowest': 0.05503533446959869, 'input_scaling': 0.9095759553753703, 'bias_dist': 'foldnorm', 'bias_scaling': 0.04123764193322552, 'lr': 0.9047782400199377, 'weight_increment': 0.002278223530217896, 'min_window': 11, 'max_window': 59, 'use_full_instance': False, 'max_partners': 20, 'homeostasis': 'mean', 'target': 0.52, 'spread': 0.385, 'learning_rate': 0.01}",ppo,300,64x64,0.01,,,,,,
RepeatPrevious,filterbank+hag,7,312,4.490384615384615,-0.49749994000000003,0.03575591994588309,-0.4998323259319617,-0.5006155109526236,1515,"{'decomposition': 'legendre', 'n_filters': 12, 'slowest': 0.05503533446959869, 'input_scaling': 0.9095759553753703, 'bias_dist': 'foldnorm', 'bias_scaling': 0.04123764193322552, 'lr': 0.9047782400199377, 'weight_increment': 0.002278223530217896, 'min_window': 11, 'max_window': 59, 'use_full_instance': False, 'max_partners': 20, 'homeostasis': 'mean', 'target': 0.52, 'spread': 0.385, 'learning_rate': 0.01}",ppo,300,64x64,0.01,,,,,,
RepeatPrevious,filterbank+proj,6,312,0.0,0.91916658,0.06146927317386793,0.777634192809126,0.8543895318390219,1456,"{'decomposition': 'legendre', 'n_filters': 12, 'slowest': 0.05503533446959869, 'input_scaling': 0.9095759553753703, 'bias_dist': 'foldnorm', 'bias_scaling': 0.04123764193322552, 'lr': 0.9047782400199377, 'weight_increment': 0.002278223530217896, 'min_window': 11, 'max_window': 59, 'use_full_instance': False, 'max_partners': 20, 'homeostasis': 'mean', 'target': 0.52, 'spread': 0.385, 'learning_rate': 0.0003}",ppo,300,64x64,0.0003,,,,,,
RepeatPrevious,filterbank+proj,4,312,0.0,0.85750004,0.08419961243021488,0.72254405204726,0.7724995802343352,1407,"{'decomposition': 'legendre', 'n_filters': 12, 'slowest': 0.05503533446959869, 'input_scaling': 0.9095759553753703, 'bias_dist': 'foldnorm', 'bias_scaling': 0.04123764193322552, 'lr': 0.9047782400199377, 'weight_increment': 0.002278223530217896, 'min_window': 11, 'max_window': 59, 'use_full_instance': False, 'max_partners': 20, 'homeostasis': 'mean', 'target': 0.52, 'spread': 0.385, 'learning_rate': 0.001}",ppo,300,64x64,0.001,,,,,,
RepeatPrevious,filterbank+proj,5,312,0.0,0.8475000800000001,0.08724570960519262,0.7171139727031982,0.7634997407030056,1419,"{'decomposition': 'legendre', 'n_filters': 12, 'slowest': 0.05503533446959869, 'input_scaling': 0.9095759553753703, 'bias_dist': 'foldnorm', 'bias_scaling': 0.04123764193322552, 'lr': 0.9047782400199377, 'weight_increment': 0.002278223530217896, 'min_window': 11, 'max_window': 59, 'use_full_instance': False, 'max_partners': 20, 'homeostasis': 'mean', 'target': 0.52, 'spread': 0.385, 'learning_rate': 0.001}",ppo,300,64x64,0.001,,,,,,
RepeatPrevious,filterbank+proj,6,312,0.0,0.835,0.08205689083434736,0.7279444221837441,0.7584054966887417,1422,"{'decomposition': 'legendre', 'n_filters': 12, 'slowest': 0.05503533446959869, 'input_scaling': 0.9095759553753703, 'bias_dist': 'foldnorm', 'bias_scaling': 0.04123764193322552, 'lr': 0.9047782400199377, 'weight_increment': 0.002278223530217896, 'min_window': 11, 'max_window': 59, 'use_full_instance': False, 'max_partners': 20, 'homeostasis': 'mean', 'target': 0.52, 'spread': 0.385, 'learning_rate': 0.001}",ppo,300,64x64,0.001,,,,,,
RepeatPrevious,filterbank+proj,3,312,0.0,0.83166668,0.08856888743965118,0.707539725911591,0.7402784915944982,1447,"{'decomposition': 'legendre', 'n_filters': 12, 'slowest': 0.05503533446959869, 'input_scaling': 0.9095759553753703, 'bias_dist': 'foldnorm', 'bias_scaling': 0.04123764193322552, 'lr': 0.9047782400199377, 'weight_increment': 0.002278223530217896, 'min_window': 11, 'max_window': 59, 'use_full_instance': False, 'max_partners': 20, 'homeostasis': 'mean', 'target': 0.52, 'spread': 0.385, 'learning_rate': 0.001}",ppo,300,64x64,0.001,,,,,,
RepeatPrevious,filterbank+proj,7,312,0.0,0.8749999999999999,0.07772818021850247,0.7350317452638012,0.7673841085073866,1434,"{'decomposition': 'legendre', 'n_filters': 12, 'slowest': 0.05503533446959869, 'input_scaling': 0.9095759553753703, 'bias_dist': 'foldnorm', 'bias_scaling': 0.04123764193322552, 'lr': 0.9047782400199377, 'weight_increment': 0.002278223530217896, 'min_window': 11, 'max_window': 59, 'use_full_instance': False, 'max_partners': 20, 'homeostasis': 'mean', 'target': 0.52, 'spread': 0.385, 'learning_rate': 0.001}",ppo,300,64x64,0.001,,,,,,
RepeatPrevious,filterbank+proj,8,312,0.0,0.7774999800000001,0.08803796523261768,0.7239190767467917,0.7557734803871624,1425,"{'decomposition': 'legendre', 'n_filters': 12, 'slowest': 0.05503533446959869, 'input_scaling': 0.9095759553753703, 'bias_dist': 'foldnorm', 'bias_scaling': 0.04123764193322552, 'lr': 0.9047782400199377, 'weight_increment': 0.002278223530217896, 'min_window': 11, 'max_window': 59, 'use_full_instance': False, 'max_partners': 20, 'homeostasis': 'mean', 'target': 0.52, 'spread': 0.385, 'learning_rate': 0.001}",ppo,300,64x64,0.001,,,,,,
RepeatPrevious,filterbank+proj,9,312,0.0,0.80083332,0.09139734812639587,0.7172412941026686,0.7500849052470709,1447,"{'decomposition': 'legendre', 'n_filters': 12, 'slowest': 0.05503533446959869, 'input_scaling': 0.9095759553753703, 'bias_dist': 'foldnorm', 'bias_scaling': 0.04123764193322552, 'lr': 0.9047782400199377, 'weight_increment': 0.002278223530217896, 'min_window': 11, 'max_window': 59, 'use_full_instance': False, 'max_partners': 20, 'homeostasis': 'mean', 'target': 0.52, 'spread': 0.385, 'learning_rate': 0.001}",ppo,300,64x64,0.001,,,,,,
RepeatPrevious,filterbank+proj,1,312,0.0,0.87416672,0.060947432541507446,0.7171691425952332,0.766726100356597,1436,"{'decomposition': 'legendre', 'n_filters': 12, 'slowest': 0.05503533446959869, 'input_scaling': 0.9095759553753703, 'bias_dist': 'foldnorm', 'bias_scaling': 0.04123764193322552, 'lr': 0.9047782400199377, 'weight_increment': 0.002278223530217896, 'min_window': 11, 'max_window': 59, 'use_full_instance': False, 'max_partners': 20, 'homeostasis': 'mean', 'target': 0.52, 'spread': 0.385, 'learning_rate': 0.003}",ppo,300,64x64,0.003,,,,,,
RepeatPrevious,filterbank+proj,0,312,0.0,0.78249994,0.09870337442203483,0.7128976497759217,0.8053574345389709,1462,"{'decomposition': 'legendre', 'n_filters': 12, 'slowest': 0.05503533446959869, 'input_scaling': 0.9095759553753703, 'bias_dist': 'foldnorm', 'bias_scaling': 0.04123764193322552, 'lr': 0.9047782400199377, 'weight_increment': 0.002278223530217896, 'min_window': 11, 'max_window': 59, 'use_full_instance': False, 'max_partners': 20, 'homeostasis': 'mean', 'target': 0.52, 'spread': 0.385, 'learning_rate': 0.003}",ppo,300,64x64,0.003,,,,,,
RepeatPrevious,filterbank+proj,1,312,0.0,0.8499999800000001,0.07021791161220618,0.7406655325931961,0.7735396576668365,1562,"{'decomposition': 'legendre', 'n_filters': 12, 'slowest': 0.05503533446959869, 'input_scaling': 0.9095759553753703, 'bias_dist': 'foldnorm', 'bias_scaling': 0.04123764193322552, 'lr': 0.9047782400199377, 'weight_increment': 0.002278223530217896, 'min_window': 11, 'max_window': 59, 'use_full_instance': False, 'max_partners': 20, 'homeostasis': 'mean', 'target': 0.52, 'spread': 0.385, 'learning_rate': 0.001}",ppo,300,64x64,0.001,,,,,,
RepeatPrevious,filterbank+proj,4,312,0.0,0.8399999200000002,0.06788478769263111,0.7183913897433285,0.8246518884360672,1424,"{'decomposition': 'legendre', 'n_filters': 12, 'slowest': 0.05503533446959869, 'input_scaling': 0.9095759553753703, 'bias_dist': 'foldnorm', 'bias_scaling': 0.04123764193322552, 'lr': 0.9047782400199377, 'weight_increment': 0.002278223530217896, 'min_window': 11, 'max_window': 59, 'use_full_instance': False, 'max_partners': 20, 'homeostasis': 'mean', 'target': 0.52, 'spread': 0.385, 'learning_rate': 0.003}",ppo,300,64x64,0.003,,,,,,
RepeatPrevious,filterbank+proj,3,312,0.0,0.86083332,0.07246171142263753,0.6955061295579548,0.7548183143148243,1426,"{'decomposition': 'legendre', 'n_filters': 12, 'slowest': 0.05503533446959869, 'input_scaling': 0.9095759553753703, 'bias_dist': 'foldnorm', 'bias_scaling': 0.04123764193322552, 'lr': 0.9047782400199377, 'weight_increment': 0.002278223530217896, 'min_window': 11, 'max_window': 59, 'use_full_instance': False, 'max_partners': 20, 'homeostasis': 'mean', 'target': 0.52, 'spread': 0.385, 'learning_rate': 0.003}",ppo,300,64x64,0.003,,,,,,
RepeatPrevious,filterbank+proj,5,312,0.0,0.8208333,0.09363416251011165,0.7208974154613974,0.8083715348955679,1407,"{'decomposition': 'legendre', 'n_filters': 12, 'slowest': 0.05503533446959869, 'input_scaling': 0.9095759553753703, 'bias_dist': 'foldnorm', 'bias_scaling': 0.04123764193322552, 'lr': 0.9047782400199377, 'weight_increment': 0.002278223530217896, 'min_window': 11, 'max_window': 59, 'use_full_instance': False, 'max_partners': 20, 'homeostasis': 'mean', 'target': 0.52, 'spread': 0.385, 'learning_rate': 0.003}",ppo,300,64x64,0.003,,,,,,
RepeatPrevious,filterbank+proj,2,312,0.0,0.8533332799999997,0.0708284697942967,0.7019738417702179,0.7838554961793174,1480,"{'decomposition': 'legendre', 'n_filters': 12, 'slowest': 0.05503533446959869, 'input_scaling': 0.9095759553753703, 'bias_dist': 'foldnorm', 'bias_scaling': 0.04123764193322552, 'lr': 0.9047782400199377, 'weight_increment': 0.002278223530217896, 'min_window': 11, 'max_window': 59, 'use_full_instance': False, 'max_partners': 20, 'homeostasis': 'mean', 'target': 0.52, 'spread': 0.385, 'learning_rate': 0.003}",ppo,300,64x64,0.003,,,,,,
RepeatPrevious,filterbank+proj,6,312,0.0,0.8866666599999999,0.06563787981603611,0.7110727757689957,0.7936831421293937,1458,"{'decomposition': 'legendre', 'n_filters': 12, 'slowest': 0.05503533446959869, 'input_scaling': 0.9095759553753703, 'bias_dist': 'foldnorm', 'bias_scaling': 0.04123764193322552, 'lr': 0.9047782400199377, 'weight_increment': 0.002278223530217896, 'min_window': 11, 'max_window': 59, 'use_full_instance': False, 'max_partners': 20, 'homeostasis': 'mean', 'target': 0.52, 'spread': 0.385, 'learning_rate': 0.003}",ppo,300,64x64,0.003,,,,,,
RepeatPrevious,filterbank+proj,7,312,0.0,0.89833326,0.060759069556671125,0.7241694715318803,0.7862115863474275,1411,"{'decomposition': 'legendre', 'n_filters': 12, 'slowest': 0.05503533446959869, 'input_scaling': 0.9095759553753703, 'bias_dist': 'foldnorm', 'bias_scaling': 0.04123764193322552, 'lr': 0.9047782400199377, 'weight_increment': 0.002278223530217896, 'min_window': 11, 'max_window': 59, 'use_full_instance': False, 'max_partners': 20, 'homeostasis': 'mean', 'target': 0.52, 'spread': 0.385, 'learning_rate': 0.003}",ppo,300,64x64,0.003,,,,,,
RepeatPrevious,filterbank+proj,8,312,0.0,0.7883333200000001,0.08532624593018023,0.711539600733347,0.7803107595517066,1418,"{'decomposition': 'legendre', 'n_filters': 12, 'slowest': 0.05503533446959869, 'input_scaling': 0.9095759553753703, 'bias_dist': 'foldnorm', 'bias_scaling': 0.04123764193322552, 'lr': 0.9047782400199377, 'weight_increment': 0.002278223530217896, 'min_window': 11, 'max_window': 59, 'use_full_instance': False, 'max_partners': 20, 'homeostasis': 'mean', 'target': 0.52, 'spread': 0.385, 'learning_rate': 0.003}",ppo,300,64x64,0.003,,,,,,
RepeatPrevious,filterbank+proj,9,312,0.0,0.8241666400000003,0.0804889403035622,0.6900951475351396,0.7927916444218034,1399,"{'decomposition': 'legendre', 'n_filters': 12, 'slowest': 0.05503533446959869, 'input_scaling': 0.9095759553753703, 'bias_dist': 'foldnorm', 'bias_scaling': 0.04123764193322552, 'lr': 0.9047782400199377, 'weight_increment': 0.002278223530217896, 'min_window': 11, 'max_window': 59, 'use_full_instance': False, 'max_partners': 20, 'homeostasis': 'mean', 'target': 0.52, 'spread': 0.385, 'learning_rate': 0.003}",ppo,300,64x64,0.003,,,,,,
RepeatPrevious,filterbank+esn,0,336,6.744047619047619,1.0,0.0,0.9322481257893663,0.962557268976057,1317,"{'decomposition': 'ema', 'n_filters': 12, 'slowest': 0.0068481211016550025, 'input_scaling': 0.929634188755156, 'bias_dist': 'foldnorm', 'bias_scaling': 0.0004530104948033912, 'lr': 0.9407030287660403, 'sr': 0.9778712320759426, 'rc_connectivity': 0.020075371100608825, 'learning_rate': 0.0003}",ppo,300,64,0.0003,,,,,,
RepeatPrevious,filterbank+esn,7,336,6.744047619047619,0.8591666199999999,0.13356492041968054,0.9035105180790385,0.9499914742740704,1309,"{'decomposition': 'ema', 'n_filters': 12, 'slowest': 0.0068481211016550025, 'input_scaling': 0.929634188755156, 'bias_dist': 'foldnorm', 'bias_scaling': 0.0004530104948033912, 'lr': 0.9407030287660403, 'sr': 0.9778712320759426, 'rc_connectivity': 0.020075371100608825, 'learning_rate': 0.0003}",ppo,300,64,0.0003,,,,,,
RepeatPrevious,filterbank+esn,5,336,6.744047619047619,0.98916664,0.028638086140494796,0.8958927042676716,0.9032942261844116,1325,"{'decomposition': 'ema', 'n_filters': 12, 'slowest': 0.0068481211016550025, 'input_scaling': 0.929634188755156, 'bias_dist': 'foldnorm', 'bias_scaling': 0.0004530104948033912, 'lr': 0.9407030287660403, 'sr': 0.9778712320759426, 'rc_connectivity': 0.020075371100608825, 'learning_rate': 0.0003}",ppo,300,64,0.0003,,,,,,
RepeatPrevious,filterbank+esn,1,336,6.744047619047619,0.88916662,0.17512100955886362,0.8648803646873091,0.8978391406011207,1339,"{'decomposition': 'ema', 'n_filters': 12, 'slowest': 0.0068481211016550025, 'input_scaling': 0.929634188755156, 'bias_dist': 'foldnorm', 'bias_scaling': 0.0004530104948033912, 'lr': 0.9407030287660403, 'sr': 0.9778712320759426, 'rc_connectivity': 0.020075371100608825, 'learning_rate': 0.0003}",ppo,300,64,0.0003,,,,,,
RepeatPrevious,filterbank+esn,8,336,6.744047619047619,0.8616667,0.22039102320904544,0.8968624415868813,0.933562536423841,1312,"{'decomposition': 'ema', 'n_filters': 12, 'slowest': 0.0068481211016550025, 'input_scaling': 0.929634188755156, 'bias_dist': 'foldnorm', 'bias_scaling': 0.0004530104948033912, 'lr': 0.9407030287660403, 'sr': 0.9778712320759426, 'rc_connectivity': 0.020075371100608825, 'learning_rate': 0.0003}",ppo,300,64,0.0003,,,,,,
RepeatPrevious,filterbank+esn,2,336,6.744047619047619,0.9491666200000001,0.059680866374036495,0.863602952128743,0.8789267819663781,1345,"{'decomposition': 'ema', 'n_filters': 12, 'slowest': 0.0068481211016550025, 'input_scaling': 0.929634188755156, 'bias_dist': 'foldnorm', 'bias_scaling': 0.0004530104948033912, 'lr': 0.9407030287660403, 'sr': 0.9778712320759426, 'rc_connectivity': 0.020075371100608825, 'learning_rate': 0.0003}",ppo,300,64,0.0003,,,,,,
RepeatPrevious,filterbank+esn,9,336,6.744047619047619,0.9775,0.0442608994739149,0.8665885370747607,0.8529673657666836,1323,"{'decomposition': 'ema', 'n_filters': 12, 'slowest': 0.0068481211016550025, 'input_scaling': 0.929634188755156, 'bias_dist': 'foldnorm', 'bias_scaling': 0.0004530104948033912, 'lr': 0.9407030287660403, 'sr': 0.9778712320759426, 'rc_connectivity': 0.020075371100608825, 'learning_rate': 0.0003}",ppo,300,64,0.0003,,,,,,
RepeatPrevious,filterbank+proj,0,312,0.0,-0.49999997999999996,0.03333355000025651,-0.4994121751884294,-0.49972401528273047,1426,"{'decomposition': 'legendre', 'n_filters': 12, 'slowest': 0.05503533446959869, 'input_scaling': 0.9095759553753703, 'bias_dist': 'foldnorm', 'bias_scaling': 0.04123764193322552, 'lr': 0.9047782400199377, 'weight_increment': 0.002278223530217896, 'min_window': 11, 'max_window': 59, 'use_full_instance': False, 'max_partners': 20, 'homeostasis': 'mean', 'target': 0.52, 'spread': 0.385, 'learning_rate': 0.01}",ppo,300,64x64,0.01,,,,,,
RepeatPrevious,filterbank+esn,3,336,6.744047619047619,0.9333333,0.10992427696687387,0.8483630889692402,0.9012353204279164,1360,"{'decomposition': 'ema', 'n_filters': 12, 'slowest': 0.0068481211016550025, 'input_scaling': 0.929634188755156, 'bias_dist': 'foldnorm', 'bias_scaling': 0.0004530104948033912, 'lr': 0.9407030287660403, 'sr': 0.9778712320759426, 'rc_connectivity': 0.020075371100608825, 'learning_rate': 0.0003}",ppo,300,64,0.0003,,,,,,
RepeatPrevious,filterbank+esn,6,336,6.744047619047619,0.4483333399999999,0.3795611327134858,0.8738456169280913,0.9194260056036677,1358,"{'decomposition': 'ema', 'n_filters': 12, 'slowest': 0.0068481211016550025, 'input_scaling': 0.929634188755156, 'bias_dist': 'foldnorm', 'bias_scaling': 0.0004530104948033912, 'lr': 0.9407030287660403, 'sr': 0.9778712320759426, 'rc_connectivity': 0.020075371100608825, 'learning_rate': 0.0003}",ppo,300,64,0.0003,,,,,,
RepeatPrevious,filterbank+proj,5,312,0.0,-0.5041666,0.037500088889494645,-0.5001251549195356,-0.5002122114111054,1419,"{'decomposition': 'legendre', 'n_filters': 12, 'slowest': 0.05503533446959869, 'input_scaling': 0.9095759553753703, 'bias_dist': 'foldnorm', 'bias_scaling': 0.04123764193322552, 'lr': 0.9047782400199377, 'weight_increment': 0.002278223530217896, 'min_window': 11, 'max_window': 59, 'use_full_instance': False, 'max_partners': 20, 'homeostasis': 'mean', 'target': 0.52, 'spread': 0.385, 'learning_rate': 0.01}",ppo,300,64x64,0.01,,,,,,
RepeatPrevious,filterbank+proj,2,312,0.0,-0.49499996,0.0296275517429031,-0.4998111027194948,-0.5010824839531329,1444,"{'decomposition': 'legendre', 'n_filters': 12, 'slowest': 0.05503533446959869, 'input_scaling': 0.9095759553753703, 'bias_dist': 'foldnorm', 'bias_scaling': 0.04123764193322552, 'lr': 0.9047782400199377, 'weight_increment': 0.002278223530217896, 'min_window': 11, 'max_window': 59, 'use_full_instance': False, 'max_partners': 20, 'homeostasis': 'mean', 'target': 0.52, 'spread': 0.385, 'learning_rate': 0.01}",ppo,300,64x64,0.01,,,,,,
RepeatPrevious,filterbank+esn,0,336,6.744047619047619,0.9841666600000001,0.03105770274866446,0.8486601632715421,0.9238834625573101,1344,"{'decomposition': 'ema', 'n_filters': 12, 'slowest': 0.0068481211016550025, 'input_scaling': 0.929634188755156, 'bias_dist': 'foldnorm', 'bias_scaling': 0.0004530104948033912, 'lr': 0.9407030287660403, 'sr': 0.9778712320759426, 'rc_connectivity': 0.020075371100608825, 'learning_rate': 0.001}",ppo,300,64,0.001,,,,,,
RepeatPrevious,filterbank+esn,3,336,6.744047619047619,0.8958333199999999,0.192435036657511,0.7540486664799348,0.7851714778400407,1336,"{'decomposition': 'ema', 'n_filters': 12, 'slowest': 0.0068481211016550025, 'input_scaling': 0.929634188755156, 'bias_dist': 'foldnorm', 'bias_scaling': 0.0004530104948033912, 'lr': 0.9407030287660403, 'sr': 0.9778712320759426, 'rc_connectivity': 0.020075371100608825, 'learning_rate': 0.001}",ppo,300,64,0.001,,,,,,
RepeatPrevious,filterbank+esn,1,336,6.744047619047619,0.89583326,0.15969803884566774,0.782805367844775,0.8204066663270505,1361,"{'decomposition': 'ema', 'n_filters': 12, 'slowest': 0.0068481211016550025, 'input_scaling': 0.929634188755156, 'bias_dist': 'foldnorm', 'bias_scaling': 0.0004530104948033912, 'lr': 0.9407030287660403, 'sr': 0.9778712320759426, 'rc_connectivity': 0.020075371100608825, 'learning_rate': 0.001}",ppo,300,64,0.001,,,,,,
RepeatPrevious,filterbank+esn,2,336,6.744047619047619,0.7541666600000002,0.3385271481810941,0.7715314324709717,0.8310196739684157,1348,"{'decomposition': 'ema', 'n_filters': 12, 'slowest': 0.0068481211016550025, 'input_scaling': 0.929634188755156, 'bias_dist': 'foldnorm', 'bias_scaling': 0.0004530104948033912, 'lr': 0.9407030287660403, 'sr': 0.9778712320759426, 'rc_connectivity': 0.020075371100608825, 'learning_rate': 0.001}",ppo,300,64,0.001,,,,,,
RepeatPrevious,filterbank+proj,9,312,0.0,-0.50416666,0.03461111815680621,-0.4999617621715217,-0.500636734080489,1448,"{'decomposition': 'legendre', 'n_filters': 12, 'slowest': 0.05503533446959869, 'input_scaling': 0.9095759553753703, 'bias_dist': 'foldnorm', 'bias_scaling': 0.04123764193322552, 'lr': 0.9047782400199377, 'weight_increment': 0.002278223530217896, 'min_window': 11, 'max_window': 59, 'use_full_instance': False, 'max_partners': 20, 'homeostasis': 'mean', 'target': 0.52, 'spread': 0.385, 'learning_rate': 0.01}",ppo,300,64x64,0.01,,,,,,
RepeatPrevious,filterbank+proj,3,312,0.0,-0.49666661999999995,0.031001984166752948,-0.5000975701262986,-0.4998513728986246,1495,"{'decomposition': 'legendre', 'n_filters': 12, 'slowest': 0.05503533446959869, 'input_scaling': 0.9095759553753703, 'bias_dist': 'foldnorm', 'bias_scaling': 0.04123764193322552, 'lr': 0.9047782400199377, 'weight_increment': 0.002278223530217896, 'min_window': 11, 'max_window': 59, 'use_full_instance': False, 'max_partners': 20, 'homeostasis': 'mean', 'target': 0.52, 'spread': 0.385, 'learning_rate': 0.01}",ppo,300,64x64,0.01,,,,,,
RepeatPrevious,filterbank+proj,1,312,0.0,-0.49916664,0.032797992148154445,-0.5001145444082298,-0.499554207845135,1533,"{'decomposition': 'legendre', 'n_filters': 12, 'slowest': 0.05503533446959869, 'input_scaling': 0.9095759553753703, 'bias_dist': 'foldnorm', 'bias_scaling': 0.04123764193322552, 'lr': 0.9047782400199377, 'weight_increment': 0.002278223530217896, 'min_window': 11, 'max_window': 59, 'use_full_instance': False, 'max_partners': 20, 'homeostasis': 'mean', 'target': 0.52, 'spread': 0.385, 'learning_rate': 0.01}",ppo,300,64x64,0.01,,,,,,
RepeatPrevious,filterbank+esn,4,336,6.744047619047619,0.9841665999999999,0.024846788301911376,0.8319455453249134,0.9049710957717778,1349,"{'decomposition': 'ema', 'n_filters': 12, 'slowest': 0.0068481211016550025, 'input_scaling': 0.929634188755156, 'bias_dist': 'foldnorm', 'bias_scaling': 0.0004530104948033912, 'lr': 0.9407030287660403, 'sr': 0.9778712320759426, 'rc_connectivity': 0.020075371100608825, 'learning_rate': 0.001}",ppo,300,64,0.001,,,,,,
RepeatPrevious,filterbank+esn,7,336,6.744047619047619,0.8641666399999999,0.21663618626635392,0.8063696485536769,0.8642808293428427,1334,"{'decomposition': 'ema', 'n_filters': 12, 'slowest': 0.0068481211016550025, 'input_scaling': 0.929634188755156, 'bias_dist': 'foldnorm', 'bias_scaling': 0.0004530104948033912, 'lr': 0.9407030287660403, 'sr': 0.9778712320759426, 'rc_connectivity': 0.020075371100608825, 'learning_rate': 0.001}",ppo,300,64,0.001,,,,,,
RepeatPrevious,filterbank+esn,0,336,6.744047619047619,0.8799999199999999,0.16279672300839965,0.8056651634243226,0.8488707493632195,1325,"{'decomposition': 'ema', 'n_filters': 12, 'slowest': 0.0068481211016550025, 'input_scaling': 0.929634188755156, 'bias_dist': 'foldnorm', 'bias_scaling': 0.0004530104948033912, 'lr': 0.9407030287660403, 'sr': 0.9778712320759426, 'rc_connectivity': 0.020075371100608825, 'learning_rate': 0.003}",ppo,300,64,0.003,,,,,,
RepeatPrevious,filterbank+proj,7,312,0.0,-0.49749994000000003,0.03575591994588309,-0.49986627546343454,-0.5006155109526236,1500,"{'decomposition': 'legendre', 'n_filters': 12, 'slowest': 0.05503533446959869, 'input_scaling': 0.9095759553753703, 'bias_dist': 'foldnorm', 'bias_scaling': 0.04123764193322552, 'lr': 0.9047782400199377, 'weight_increment': 0.002278223530217896, 'min_window': 11, 'max_window': 59, 'use_full_instance': False, 'max_partners': 20, 'homeostasis': 'mean', 'target': 0.52, 'spread': 0.385, 'learning_rate': 0.01}",ppo,300,64x64,0.01,,,,,,
RepeatPrevious,filterbank+proj,6,312,0.0,-0.50333328,0.03711855361246718,-0.5000530073843961,-0.49879006011207333,1507,"{'decomposition': 'legendre', 'n_filters': 12, 'slowest': 0.05503533446959869, 'input_scaling': 0.9095759553753703, 'bias_dist': 'foldnorm', 'bias_scaling': 0.04123764193322552, 'lr': 0.9047782400199377, 'weight_increment': 0.002278223530217896, 'min_window': 11, 'max_window': 59, 'use_full_instance': False, 'max_partners': 20, 'homeostasis': 'mean', 'target': 0.52, 'spread': 0.385, 'learning_rate': 0.01}",ppo,300,64x64,0.01,,,,,,
RepeatPrevious,filterbank+esn,5,336,6.744047619047619,0.9341666399999999,0.09577532354437858,0.7921589314524343,0.8172015369332655,1356,"{'decomposition': 'ema', 'n_filters': 12, 'slowest': 0.0068481211016550025, 'input_scaling': 0.929634188755156, 'bias_dist': 'foldnorm', 'bias_scaling': 0.0004530104948033912, 'lr': 0.9407030287660403, 'sr': 0.9778712320759426, 'rc_connectivity': 0.020075371100608825, 'learning_rate': 0.001}",ppo,300,64,0.001,,,,,,
RepeatPrevious,filterbank+esn,8,336,6.744047619047619,0.88666666,0.142653383883399,0.8018180619270726,0.8308710830361692,1337,"{'decomposition': 'ema', 'n_filters': 12, 'slowest': 0.0068481211016550025, 'input_scaling': 0.929634188755156, 'bias_dist': 'foldnorm', 'bias_scaling': 0.0004530104948033912, 'lr': 0.9407030287660403, 'sr': 0.9778712320759426, 'rc_connectivity': 0.020075371100608825, 'learning_rate': 0.001}",ppo,300,64,0.001,,,,,,
RepeatPrevious,filterbank+esn,9,336,6.744047619047619,0.9524999599999999,0.05590788634529479,0.7803099498370341,0.8400619353031075,1350,"{'decomposition': 'ema', 'n_filters': 12, 'slowest': 0.0068481211016550025, 'input_scaling': 0.929634188755156, 'bias_dist': 'foldnorm', 'bias_scaling': 0.0004530104948033912, 'lr': 0.9407030287660403, 'sr': 0.9778712320759426, 'rc_connectivity': 0.020075371100608825, 'learning_rate': 0.001}",ppo,300,64,0.001,,,,,,
RepeatPrevious,filterbank+proj,4,312,0.0,-0.5008332999999999,0.03485105689545154,-0.5000572520370747,-0.4984929052470708,1547,"{'decomposition': 'legendre', 'n_filters': 12, 'slowest': 0.05503533446959869, 'input_scaling': 0.9095759553753703, 'bias_dist': 'foldnorm', 'bias_scaling': 0.04123764193322552, 'lr': 0.9047782400199377, 'weight_increment': 0.002278223530217896, 'min_window': 11, 'max_window': 59, 'use_full_instance': False, 'max_partners': 20, 'homeostasis': 'mean', 'target': 0.52, 'spread': 0.385, 'learning_rate': 0.01}",ppo,300,64x64,0.01,,,,,,
RepeatPrevious,filterbank+proj,8,312,0.0,-0.50333332,0.033166416750345526,-0.5001760848441638,-0.5011037096281202,1536,"{'decomposition': 'legendre', 'n_filters': 12, 'slowest': 0.05503533446959869, 'input_scaling': 0.9095759553753703, 'bias_dist': 'foldnorm', 'bias_scaling': 0.04123764193322552, 'lr': 0.9047782400199377, 'weight_increment': 0.002278223530217896, 'min_window': 11, 'max_window': 59, 'use_full_instance': False, 'max_partners': 20, 'homeostasis': 'mean', 'target': 0.52, 'spread': 0.385, 'learning_rate': 0.01}",ppo,300,64x64,0.01,,,,,,
RepeatPrevious,filterbank+esn,6,336,6.744047619047619,0.90833326,0.09464846010407353,0.7686349689855368,0.8157157091186958,1379,"{'decomposition': 'ema', 'n_filters': 12, 'slowest': 0.0068481211016550025, 'input_scaling': 0.929634188755156, 'bias_dist': 'foldnorm', 'bias_scaling': 0.0004530104948033912, 'lr': 0.9407030287660403, 'sr': 0.9778712320759426, 'rc_connectivity': 0.020075371100608825, 'learning_rate': 0.001}",ppo,300,64,0.001,,,,,,
RepeatPrevious,filterbank+esn,4,336,6.744047619047619,0.9841667,0.031057642645410163,0.9072196879201466,0.9309092740703007,1538,"{'decomposition': 'ema', 'n_filters': 12, 'slowest': 0.0068481211016550025, 'input_scaling': 0.929634188755156, 'bias_dist': 'foldnorm', 'bias_scaling': 0.0004530104948033912, 'lr': 0.9407030287660403, 'sr': 0.9778712320759426, 'rc_connectivity': 0.020075371100608825, 'learning_rate': 0.0003}",ppo,300,64,0.0003,,,,,,
RepeatPrevious,filterbank+esn,1,336,6.744047619047619,0.7908332800000001,0.16147960456033325,0.7145442691994296,0.783367255731024,1389,"{'decomposition': 'ema', 'n_filters': 12, 'slowest': 0.0068481211016550025, 'input_scaling': 0.929634188755156, 'bias_dist': 'foldnorm', 'bias_scaling': 0.0004530104948033912, 'lr': 0.9407030287660403, 'sr': 0.9778712320759426, 'rc_connectivity': 0.020075371100608825, 'learning_rate': 0.003}",ppo,300,64,0.003,,,,,,
RepeatPrevious,filterbank+esn,2,336,6.744047619047619,0.99833332,0.008165031129003736,0.7362263822061519,0.8416326770249618,1362,"{'decomposition': 'ema', 'n_filters': 12, 'slowest': 0.0068481211016550025, 'input_scaling': 0.929634188755156, 'bias_dist': 'foldnorm', 'bias_scaling': 0.0004530104948033912, 'lr': 0.9407030287660403, 'sr': 0.9778712320759426, 'rc_connectivity': 0.020075371100608825, 'learning_rate': 0.003}",ppo,300,64,0.003,,,,,,
RepeatPrevious,filterbank+esn,3,336,6.744047619047619,0.73999998,0.4786815836116317,0.6736436282338563,0.702602286296485,1327,"{'decomposition': 'ema', 'n_filters': 12, 'slowest': 0.0068481211016550025, 'input_scaling': 0.929634188755156, 'bias_dist': 'foldnorm', 'bias_scaling': 0.0004530104948033912, 'lr': 0.9407030287660403, 'sr': 0.9778712320759426, 'rc_connectivity': 0.020075371100608825, 'learning_rate': 0.003}",ppo,300,64,0.003,,,,,,
RepeatPrevious,filterbank+esn,4,336,6.744047619047619,0.8383333000000001,0.18288575152583647,0.7530449765227134,0.7989471604686703,1310,"{'decomposition': 'ema', 'n_filters': 12, 'slowest': 0.0068481211016550025, 'input_scaling': 0.929634188755156, 'bias_dist': 'foldnorm', 'bias_scaling': 0.0004530104948033912, 'lr': 0.9407030287660403, 'sr': 0.9778712320759426, 'rc_connectivity': 0.020075371100608825, 'learning_rate': 0.003}",ppo,300,64,0.003,,,,,,
RepeatPrevious,filterbank+esn,5,336,6.744047619047619,0.9258333000000001,0.09835099304719805,0.736824767467916,0.819048196128375,1301,"{'decomposition': 'ema', 'n_filters': 12, 'slowest': 0.0068481211016550025, 'input_scaling': 0.929634188755156, 'bias_dist': 'foldnorm', 'bias_scaling': 0.0004530104948033912, 'lr': 0.9407030287660403, 'sr': 0.9778712320759426, 'rc_connectivity': 0.020075371100608825, 'learning_rate': 0.003}",ppo,300,64,0.003,,,,,,
RepeatPrevious,filterbank+esn,6,336,6.744047619047619,0.72249996,0.3930480597134126,0.6791670705337135,0.783409705043301,1332,"{'decomposition': 'ema', 'n_filters': 12, 'slowest': 0.0068481211016550025, 'input_scaling': 0.929634188755156, 'bias_dist': 'foldnorm', 'bias_scaling': 0.0004530104948033912, 'lr': 0.9407030287660403, 'sr': 0.9778712320759426, 'rc_connectivity': 0.020075371100608825, 'learning_rate': 0.003}",ppo,300,64,0.003,,,,,,
RepeatPrevious,filterbank+esn,7,336,6.744047619047619,0.8466666400000001,0.2357670463733013,0.6930785939600732,0.7570894513499745,1324,"{'decomposition': 'ema', 'n_filters': 12, 'slowest': 0.0068481211016550025, 'input_scaling': 0.929634188755156, 'bias_dist': 'foldnorm', 'bias_scaling': 0.0004530104948033912, 'lr': 0.9407030287660403, 'sr': 0.9778712320759426, 'rc_connectivity': 0.020075371100608825, 'learning_rate': 0.003}",ppo,300,64,0.003,,,,,,
RepeatPrevious,filterbank+esn,9,336,6.744047619047619,0.43999994000000003,0.43470618815735346,0.6912112768384601,0.7141067809475292,1346,"{'decomposition': 'ema', 'n_filters': 12, 'slowest': 0.0068481211016550025, 'input_scaling': 0.929634188755156, 'bias_dist': 'foldnorm', 'bias_scaling': 0.0004530104948033912, 'lr': 0.9407030287660403, 'sr': 0.9778712320759426, 'rc_connectivity': 0.020075371100608825, 'learning_rate': 0.003}",ppo,300,64,0.003,,,,,,
RepeatPrevious,filterbank+esn,8,336,6.744047619047619,0.9474999199999999,0.06281033124537395,0.7467173148808312,0.8975632170147733,1354,"{'decomposition': 'ema', 'n_filters': 12, 'slowest': 0.0068481211016550025, 'input_scaling': 0.929634188755156, 'bias_dist': 'foldnorm', 'bias_scaling': 0.0004530104948033912, 'lr': 0.9407030287660403, 'sr': 0.9778712320759426, 'rc_connectivity': 0.020075371100608825, 'learning_rate': 0.003}",ppo,300,64,0.003,,,,,,
RepeatPrevious,filterbank+esn,0,336,6.744047619047619,0.49499994,0.032956409932157364,0.6389793978407007,0.500700425878757,1375,"{'decomposition': 'ema', 'n_filters': 12, 'slowest': 0.0068481211016550025, 'input_scaling': 0.929634188755156, 'bias_dist': 'foldnorm', 'bias_scaling': 0.0004530104948033912, 'lr': 0.9407030287660403, 'sr': 0.9778712320759426, 'rc_connectivity': 0.020075371100608825, 'learning_rate': 0.01}",ppo,300,64,0.01,,,,,,
RepeatPrevious,filterbank+esn,2,336,6.744047619047619,-0.49499996,0.0296275517429031,-0.49997873955999184,-0.5010824839531329,1363,"{'decomposition': 'ema', 'n_filters': 12, 'slowest': 0.0068481211016550025, 'input_scaling': 0.929634188755156, 'bias_dist': 'foldnorm', 'bias_scaling': 0.0004530104948033912, 'lr': 0.9407030287660403, 'sr': 0.9778712320759426, 'rc_connectivity': 0.020075371100608825, 'learning_rate': 0.01}",ppo,300,64,0.01,,,,,,
RepeatPrevious,filterbank+hag,1,312,4.458333333333333,0.9124999199999999,0.06249992800054732,0.8075791872580973,0.9133341716760062,1310,"{'decomposition': 'legendre', 'n_filters': 12, 'slowest': 0.05503533446959869, 'input_scaling': 0.9095759553753703, 'bias_dist': 'foldnorm', 'bias_scaling': 0.04123764193322552, 'lr': 0.9047782400199377, 'weight_increment': 0.002278223530217896, 'min_window': 11, 'max_window': 59, 'use_full_instance': False, 'max_partners': 20, 'homeostasis': 'mean', 'target': 0.52, 'spread': 0.385, 'learning_rate': 0.0003}",ppo,300,64,0.0003,,,,,,
RepeatPrevious,filterbank+esn,1,336,6.744047619047619,-0.49916664,0.032797992148154445,-0.3892361519148503,-0.499554207845135,1398,"{'decomposition': 'ema', 'n_filters': 12, 'slowest': 0.0068481211016550025, 'input_scaling': 0.929634188755156, 'bias_dist': 'foldnorm', 'bias_scaling': 0.0004530104948033912, 'lr': 0.9407030287660403, 'sr': 0.9778712320759426, 'rc_connectivity': 0.020075371100608825, 'learning_rate': 0.01}",ppo,300,64,0.01,,,,,,
RepeatPrevious,filterbank+esn,5,336,6.744047619047619,-0.5008332999999999,0.03485105689545154,-0.34800448574047665,-0.4996391120733571,1378,"{'decomposition': 'ema', 'n_filters': 12, 'slowest': 0.0068481211016550025, 'input_scaling': 0.929634188755156, 'bias_dist': 'foldnorm', 'bias_scaling': 0.0004530104948033912, 'lr': 0.9407030287660403, 'sr': 0.9778712320759426, 'rc_connectivity': 0.020075371100608825, 'learning_rate': 0.01}",ppo,300,64,0.01,,,,,,
RepeatPrevious,filterbank+esn,7,336,6.744047619047619,0.00250006,0.03671409402472571,-0.009188052454675086,-5.603667855088719e-09,1352,"{'decomposition': 'ema', 'n_filters': 12, 'slowest': 0.0068481211016550025, 'input_scaling': 0.929634188755156, 'bias_dist': 'foldnorm', 'bias_scaling': 0.0004530104948033912, 'lr': 0.9407030287660403, 'sr': 0.9778712320759426, 'rc_connectivity': 0.020075371100608825, 'learning_rate': 0.01}",ppo,300,64,0.01,,,,,,
RepeatPrevious,filterbank+hag,0,312,3.9743589743589745,0.9558333,0.04595429915872942,0.8166526590955389,0.9249660208863983,1328,"{'decomposition': 'legendre', 'n_filters': 12, 'slowest': 0.05503533446959869, 'input_scaling': 0.9095759553753703, 'bias_dist': 'foldnorm', 'bias_scaling': 0.04123764193322552, 'lr': 0.9047782400199377, 'weight_increment': 0.002278223530217896, 'min_window': 11, 'max_window': 59, 'use_full_instance': False, 'max_partners': 20, 'homeostasis': 'mean', 'target': 0.52, 'spread': 0.385, 'learning_rate': 0.0003}",ppo,300,64,0.0003,,,,,,
RepeatPrevious,filterbank+hag,2,312,4.689102564102564,0.8191666999999999,0.0659387961173845,0.781670143868405,0.8598658583800305,1317,"{'decomposition': 'legendre', 'n_filters': 12, 'slowest': 0.05503533446959869, 'input_scaling': 0.9095759553753703, 'bias_dist': 'foldnorm', 'bias_scaling': 0.04123764193322552, 'lr': 0.9047782400199377, 'weight_increment': 0.002278223530217896, 'min_window': 11, 'max_window': 59, 'use_full_instance': False, 'max_partners': 20, 'homeostasis': 'mean', 'target': 0.52, 'spread': 0.385, 'learning_rate': 0.0003}",ppo,300,64,0.0003,,,,,,
RepeatPrevious,filterbank+hag,3,312,4.676282051282051,0.94166662,0.049300592740002626,0.7825783427378284,0.8866743041263372,1317,"{'decomposition': 'legendre', 'n_filters': 12, 'slowest': 0.05503533446959869, 'input_scaling': 0.9095759553753703, 'bias_dist': 'foldnorm', 'bias_scaling': 0.04123764193322552, 'lr': 0.9047782400199377, 'weight_increment': 0.002278223530217896, 'min_window': 11, 'max_window': 59, 'use_full_instance': False, 'max_partners': 20, 'homeostasis': 'mean', 'target': 0.52, 'spread': 0.385, 'learning_rate': 0.0003}",ppo,300,64,0.0003,,,,,,
RepeatPrevious,filterbank+esn,3,336,6.744047619047619,-0.49666661999999995,0.031001984166752948,-0.5001845686494194,-0.4998513728986246,1403,"{'decomposition': 'ema', 'n_filters': 12, 'slowest': 0.0068481211016550025, 'input_scaling': 0.929634188755156, 'bias_dist': 'foldnorm', 'bias_scaling': 0.0004530104948033912, 'lr': 0.9407030287660403, 'sr': 0.9778712320759426, 'rc_connectivity': 0.020075371100608825, 'learning_rate': 0.01}",ppo,300,64,0.01,,,,,,
RepeatPrevious,filterbank+esn,4,336,6.744047619047619,-0.5008332999999999,0.03485105689545154,-0.21235865914646565,-0.4984929052470708,1407,"{'decomposition': 'ema', 'n_filters': 12, 'slowest': 0.0068481211016550025, 'input_scaling': 0.929634188755156, 'bias_dist': 'foldnorm', 'bias_scaling': 0.0004530104948033912, 'lr': 0.9407030287660403, 'sr': 0.9778712320759426, 'rc_connectivity': 0.020075371100608825, 'learning_rate': 0.01}",ppo,300,64,0.01,,,,,,
RepeatPrevious,filterbank+esn,8,336,6.744047619047619,-0.49333324000000006,0.035707326980080716,-0.49983657262171516,-0.5005730657157412,1374,"{'decomposition': 'ema', 'n_filters': 12, 'slowest': 0.0068481211016550025, 'input_scaling': 0.929634188755156, 'bias_dist': 'foldnorm', 'bias_scaling': 0.0004530104948033912, 'lr': 0.9407030287660403, 'sr': 0.9778712320759426, 'rc_connectivity': 0.020075371100608825, 'learning_rate': 0.01}",ppo,300,64,0.01,,,,,,
RepeatPrevious,filterbank+hag,6,312,4.298076923076923,0.9308333600000002,0.042987321387478884,0.7840891697392545,0.8864620402445238,1292,"{'decomposition': 'legendre', 'n_filters': 12, 'slowest': 0.05503533446959869, 'input_scaling': 0.9095759553753703, 'bias_dist': 'foldnorm', 'bias_scaling': 0.04123764193322552, 'lr': 0.9047782400199377, 'weight_increment': 0.002278223530217896, 'min_window': 11, 'max_window': 59, 'use_full_instance': False, 'max_partners': 20, 'homeostasis': 'mean', 'target': 0.52, 'spread': 0.385, 'learning_rate': 0.0003}",ppo,300,64,0.0003,,,,,,
RepeatPrevious,filterbank+hag,4,312,4.493589743589744,0.9208333599999999,0.05017332514026153,0.7948899133224688,0.8995160371879776,1312,"{'decomposition': 'legendre', 'n_filters': 12, 'slowest': 0.05503533446959869, 'input_scaling': 0.9095759553753703, 'bias_dist': 'foldnorm', 'bias_scaling': 0.04123764193322552, 'lr': 0.9047782400199377, 'weight_increment': 0.002278223530217896, 'min_window': 11, 'max_window': 59, 'use_full_instance': False, 'max_partners': 20, 'homeostasis': 'mean', 'target': 0.52, 'spread': 0.385, 'learning_rate': 0.0003}",ppo,300,64,0.0003,,,,,,
RepeatPrevious,filterbank+hag,8,312,4.25,0.9125,0.05605679163990747,0.7795078737013649,0.8703939454915945,1302,"{'decomposition': 'legendre', 'n_filters': 12, 'slowest': 0.05503533446959869, 'input_scaling': 0.9095759553753703, 'bias_dist': 'foldnorm', 'bias_scaling': 0.04123764193322552, 'lr': 0.9047782400199377, 'weight_increment': 0.002278223530217896, 'min_window': 11, 'max_window': 59, 'use_full_instance': False, 'max_partners': 20, 'homeostasis': 'mean', 'target': 0.52, 'spread': 0.385, 'learning_rate': 0.0003}",ppo,300,64,0.0003,,,,,,
RepeatPrevious,filterbank+esn,6,336,6.744047619047619,-0.4966666,0.03519803656228569,-0.42188451166225294,-0.5009975853285787,1400,"{'decomposition': 'ema', 'n_filters': 12, 'slowest': 0.0068481211016550025, 'input_scaling': 0.929634188755156, 'bias_dist': 'foldnorm', 'bias_scaling': 0.0004530104948033912, 'lr': 0.9407030287660403, 'sr': 0.9778712320759426, 'rc_connectivity': 0.020075371100608825, 'learning_rate': 0.01}",ppo,300,64,0.01,,,,,,
RepeatPrevious,filterbank+hag,0,312,3.9743589743589745,0.9633333,0.03693078812007672,0.8405988917804031,0.9325436892511463,1310,"{'decomposition': 'legendre', 'n_filters': 12, 'slowest': 0.05503533446959869, 'input_scaling': 0.9095759553753703, 'bias_dist': 'foldnorm', 'bias_scaling': 0.04123764193322552, 'lr': 0.9047782400199377, 'weight_increment': 0.002278223530217896, 'min_window': 11, 'max_window': 59, 'use_full_instance': False, 'max_partners': 20, 'homeostasis': 'mean', 'target': 0.52, 'spread': 0.385, 'learning_rate': 0.001}",ppo,300,64,0.001,,,,,,
RepeatPrevious,filterbank+hag,5,312,4.384615384615385,0.9491666200000001,0.04432356070303467,0.8162813165614178,0.9137374661232808,1329,"{'decomposition': 'legendre', 'n_filters': 12, 'slowest': 0.05503533446959869, 'input_scaling': 0.9095759553753703, 'bias_dist': 'foldnorm', 'bias_scaling': 0.04123764193322552, 'lr': 0.9047782400199377, 'weight_increment': 0.002278223530217896, 'min_window': 11, 'max_window': 59, 'use_full_instance': False, 'max_partners': 20, 'homeostasis': 'mean', 'target': 0.52, 'spread': 0.385, 'learning_rate': 0.0003}",ppo,300,64,0.0003,,,,,,
RepeatPrevious,filterbank+hag,1,312,4.458333333333333,0.9550000000000002,0.03982591981310663,0.8209814382257078,0.9108082705043301,1315,"{'decomposition': 'legendre', 'n_filters': 12, 'slowest': 0.05503533446959869, 'input_scaling': 0.9095759553753703, 'bias_dist': 'foldnorm', 'bias_scaling': 0.04123764193322552, 'lr': 0.9047782400199377, 'weight_increment': 0.002278223530217896, 'min_window': 11, 'max_window': 59, 'use_full_instance': False, 'max_partners': 20, 'homeostasis': 'mean', 'target': 0.52, 'spread': 0.385, 'learning_rate': 0.001}",ppo,300,64,0.001,,,,,,
RepeatPrevious,filterbank+hag,2,312,4.689102564102564,0.9175,0.056819622002614555,0.7910703976369933,0.8602054610290372,1315,"{'decomposition': 'legendre', 'n_filters': 12, 'slowest': 0.05503533446959869, 'input_scaling': 0.9095759553753703, 'bias_dist': 'foldnorm', 'bias_scaling': 0.04123764193322552, 'lr': 0.9047782400199377, 'weight_increment': 0.002278223530217896, 'min_window': 11, 'max_window': 59, 'use_full_instance': False, 'max_partners': 20, 'homeostasis': 'mean', 'target': 0.52, 'spread': 0.385, 'learning_rate': 0.001}",ppo,300,64,0.001,,,,,,
RepeatPrevious,filterbank+esn,9,336,6.744047619047619,-0.50499998,0.03500014571483382,-0.4994185419128132,-0.49832308965868566,1410,"{'decomposition': 'ema', 'n_filters': 12, 'slowest': 0.0068481211016550025, 'input_scaling': 0.929634188755156, 'bias_dist': 'foldnorm', 'bias_scaling': 0.0004530104948033912, 'lr': 0.9407030287660403, 'sr': 0.9778712320759426, 'rc_connectivity': 0.020075371100608825, 'learning_rate': 0.01}",ppo,300,64,0.01,,,,,,
RepeatPrevious,filterbank+hag,6,312,4.298076923076923,0.8974999799999998,0.06078769347375832,0.8029087700651865,0.8834479434538971,1297,"{'decomposition': 'legendre', 'n_filters': 12, 'slowest': 0.05503533446959869, 'input_scaling': 0.9095759553753703, 'bias_dist': 'foldnorm', 'bias_scaling': 0.04123764193322552, 'lr': 0.9047782400199377, 'weight_increment': 0.002278223530217896, 'min_window': 11, 'max_window': 59, 'use_full_instance': False, 'max_partners': 20, 'homeostasis': 'mean', 'target': 0.52, 'spread': 0.385, 'learning_rate': 0.001}",ppo,300,64,0.001,,,,,,
RepeatPrevious,filterbank+hag,9,312,4.528846153846154,0.90333332,0.05166664709749994,0.7740926501833368,0.8701180030565461,1361,"{'decomposition': 'legendre', 'n_filters': 12, 'slowest': 0.05503533446959869, 'input_scaling': 0.9095759553753703, 'bias_dist': 'foldnorm', 'bias_scaling': 0.04123764193322552, 'lr': 0.9047782400199377, 'weight_increment': 0.002278223530217896, 'min_window': 11, 'max_window': 59, 'use_full_instance': False, 'max_partners': 20, 'homeostasis': 'mean', 'target': 0.52, 'spread': 0.385, 'learning_rate': 0.0003}",ppo,300,64,0.0003,,,,,,
RepeatPrevious,filterbank+hag,4,312,4.493589743589744,0.9174999800000001,0.04822544890718593,0.8078210918211449,0.8813890275089149,1329,"{'decomposition': 'legendre', 'n_filters': 12, 'slowest': 0.05503533446959869, 'input_scaling': 0.9095759553753703, 'bias_dist': 'foldnorm', 'bias_scaling': 0.04123764193322552, 'lr': 0.9047782400199377, 'weight_increment': 0.002278223530217896, 'min_window': 11, 'max_window': 59, 'use_full_instance': False, 'max_partners': 20, 'homeostasis': 'mean', 'target': 0.52, 'spread': 0.385, 'learning_rate': 0.001}",ppo,300,64,0.001,,,,,,
RepeatPrevious,filterbank+hag,5,312,4.384615384615385,0.9608332800000001,0.03764778641941117,0.8253187119067019,0.9105960168110036,1342,"{'decomposition': 'legendre', 'n_filters': 12, 'slowest': 0.05503533446959869, 'input_scaling': 0.9095759553753703, 'bias_dist': 'foldnorm', 'bias_scaling': 0.04123764193322552, 'lr': 0.9047782400199377, 'weight_increment': 0.002278223530217896, 'min_window': 11, 'max_window': 59, 'use_full_instance': False, 'max_partners': 20, 'homeostasis': 'mean', 'target': 0.52, 'spread': 0.385, 'learning_rate': 0.001}",ppo,300,64,0.001,,,,,,
RepeatPrevious,filterbank+hag,3,312,4.676282051282051,0.9324999599999999,0.052632110393925874,0.7958787381340396,0.8727500422822211,1367,"{'decomposition': 'legendre', 'n_filters': 12, 'slowest': 0.05503533446959869, 'input_scaling': 0.9095759553753703, 'bias_dist': 'foldnorm', 'bias_scaling': 0.04123764193322552, 'lr': 0.9047782400199377, 'weight_increment': 0.002278223530217896, 'min_window': 11, 'max_window': 59, 'use_full_instance': False, 'max_partners': 20, 'homeostasis': 'mean', 'target': 0.52, 'spread': 0.385, 'learning_rate': 0.001}",ppo,300,64,0.001,,,,,,
RepeatPrevious,filterbank+hag,7,312,4.490384615384615,0.94833326,0.04681520621969319,0.8012663805255653,0.8975844651044319,1347,"{'decomposition': 'legendre', 'n_filters': 12, 'slowest': 0.05503533446959869, 'input_scaling': 0.9095759553753703, 'bias_dist': 'foldnorm', 'bias_scaling': 0.04123764193322552, 'lr': 0.9047782400199377, 'weight_increment': 0.002278223530217896, 'min_window': 11, 'max_window': 59, 'use_full_instance': False, 'max_partners': 20, 'homeostasis': 'mean', 'target': 0.52, 'spread': 0.385, 'learning_rate': 0.001}",ppo,300,64,0.001,,,,,,
RepeatPrevious,filterbank+hag,9,312,4.528846153846154,0.93333332,0.049999926667322225,0.7772352672132817,0.8586135257259295,1288,"{'decomposition': 'legendre', 'n_filters': 12, 'slowest': 0.05503533446959869, 'input_scaling': 0.9095759553753703, 'bias_dist': 'foldnorm', 'bias_scaling': 0.04123764193322552, 'lr': 0.9047782400199377, 'weight_increment': 0.002278223530217896, 'min_window': 11, 'max_window': 59, 'use_full_instance': False, 'max_partners': 20, 'homeostasis': 'mean', 'target': 0.52, 'spread': 0.385, 'learning_rate': 0.001}",ppo,300,64,0.001,,,,,,
RepeatPrevious,filterbank+hag,7,312,4.490384615384615,0.9558332800000002,0.03477096905410604,0.7871044655225097,0.8931906836474783,1462,"{'decomposition': 'legendre', 'n_filters': 12, 'slowest': 0.05503533446959869, 'input_scaling': 0.9095759553753703, 'bias_dist': 'foldnorm', 'bias_scaling': 0.04123764193322552, 'lr': 0.9047782400199377, 'weight_increment': 0.002278223530217896, 'min_window': 11, 'max_window': 59, 'use_full_instance': False, 'max_partners': 20, 'homeostasis': 'mean', 'target': 0.52, 'spread': 0.385, 'learning_rate': 0.0003}",ppo,300,64,0.0003,,,,,,
RepeatPrevious,filterbank+hag,8,312,4.25,0.9366666599999999,0.04506162126670988,0.7805815807190873,0.8507386602139583,1321,"{'decomposition': 'legendre', 'n_filters': 12, 'slowest': 0.05503533446959869, 'input_scaling': 0.9095759553753703, 'bias_dist': 'foldnorm', 'bias_scaling': 0.04123764193322552, 'lr': 0.9047782400199377, 'weight_increment': 0.002278223530217896, 'min_window': 11, 'max_window': 59, 'use_full_instance': False, 'max_partners': 20, 'homeostasis': 'mean', 'target': 0.52, 'spread': 0.385, 'learning_rate': 0.001}",ppo,300,64,0.001,,,,,,
RepeatPrevious,filterbank+hag,1,312,4.458333333333333,0.93249998,0.05263200937813033,0.8208604892544307,0.8989641619969435,1276,"{'decomposition': 'legendre', 'n_filters': 12, 'slowest': 0.05503533446959869, 'input_scaling': 0.9095759553753703, 'bias_dist': 'foldnorm', 'bias_scaling': 0.04123764193322552, 'lr': 0.9047782400199377, 'weight_increment': 0.002278223530217896, 'min_window': 11, 'max_window': 59, 'use_full_instance': False, 'max_partners': 20, 'homeostasis': 'mean', 'target': 0.52, 'spread': 0.385, 'learning_rate': 0.003}",ppo,300,64,0.003,,,,,,
RepeatPrevious,filterbank+hag,0,312,3.9743589743589745,0.9124999800000001,0.04947638999300171,0.8406816457017723,0.9359610718288335,1296,"{'decomposition': 'legendre', 'n_filters': 12, 'slowest': 0.05503533446959869, 'input_scaling': 0.9095759553753703, 'bias_dist': 'foldnorm', 'bias_scaling': 0.04123764193322552, 'lr': 0.9047782400199377, 'weight_increment': 0.002278223530217896, 'min_window': 11, 'max_window': 59, 'use_full_instance': False, 'max_partners': 20, 'homeostasis': 'mean', 'target': 0.52, 'spread': 0.385, 'learning_rate': 0.003}",ppo,300,64,0.003,,,,,,
RepeatPrevious,filterbank+hag,2,312,4.689102564102564,0.9200000199999999,0.05454351351663733,0.7918873478305154,0.8852309373408049,1290,"{'decomposition': 'legendre', 'n_filters': 12, 'slowest': 0.05503533446959869, 'input_scaling': 0.9095759553753703, 'bias_dist': 'foldnorm', 'bias_scaling': 0.04123764193322552, 'lr': 0.9047782400199377, 'weight_increment': 0.002278223530217896, 'min_window': 11, 'max_window': 59, 'use_full_instance': False, 'max_partners': 20, 'homeostasis': 'mean', 'target': 0.52, 'spread': 0.385, 'learning_rate': 0.003}",ppo,300,64,0.003,,,,,,
RepeatPrevious,filterbank+hag,3,312,4.676282051282051,0.94416658,0.052447023960217234,0.7973556218170706,0.8833842755985736,1302,"{'decomposition': 'legendre', 'n_filters': 12, 'slowest': 0.05503533446959869, 'input_scaling': 0.9095759553753703, 'bias_dist': 'foldnorm', 'bias_scaling': 0.04123764193322552, 'lr': 0.9047782400199377, 'weight_increment': 0.002278223530217896, 'min_window': 11, 'max_window': 59, 'use_full_instance': False, 'max_partners': 20, 'homeostasis': 'mean', 'target': 0.52, 'spread': 0.385, 'learning_rate': 0.003}",ppo,300,64,0.003,,,,,,
RepeatPrevious,filterbank+hag,5,312,4.384615384615385,0.9583332800000001,0.039086726932318086,0.8236550914646568,0.9463618104941416,1315,"{'decomposition': 'legendre', 'n_filters': 12, 'slowest': 0.05503533446959869, 'input_scaling': 0.9095759553753703, 'bias_dist': 'foldnorm', 'bias_scaling': 0.04123764193322552, 'lr': 0.9047782400199377, 'weight_increment': 0.002278223530217896, 'min_window': 11, 'max_window': 59, 'use_full_instance': False, 'max_partners': 20, 'homeostasis': 'mean', 'target': 0.52, 'spread': 0.385, 'learning_rate': 0.003}",ppo,300,64,0.003,,,,,,
RepeatPrevious,filterbank+hag,7,312,4.490384615384615,0.93166662,0.06910130051884407,0.7991507940008149,0.8991551940906776,1288,"{'decomposition': 'legendre', 'n_filters': 12, 'slowest': 0.05503533446959869, 'input_scaling': 0.9095759553753703, 'bias_dist': 'foldnorm', 'bias_scaling': 0.04123764193322552, 'lr': 0.9047782400199377, 'weight_increment': 0.002278223530217896, 'min_window': 11, 'max_window': 59, 'use_full_instance': False, 'max_partners': 20, 'homeostasis': 'mean', 'target': 0.52, 'spread': 0.385, 'learning_rate': 0.003}",ppo,300,64,0.003,,,,,,
RepeatPrevious,filterbank+hag,4,312,4.493589743589744,0.9175000199999999,0.0523674885364918,0.805709747249949,0.8966505236882323,1333,"{'decomposition': 'legendre', 'n_filters': 12, 'slowest': 0.05503533446959869, 'input_scaling': 0.9095759553753703, 'bias_dist': 'foldnorm', 'bias_scaling': 0.04123764193322552, 'lr': 0.9047782400199377, 'weight_increment': 0.002278223530217896, 'min_window': 11, 'max_window': 59, 'use_full_instance': False, 'max_partners': 20, 'homeostasis': 'mean', 'target': 0.52, 'spread': 0.385, 'learning_rate': 0.003}",ppo,300,64,0.003,,,,,,
RepeatPrevious,filterbank+hag,6,312,4.298076923076923,0.9166667,0.051370057210888914,0.7940071779384803,0.8896459434538971,1319,"{'decomposition': 'legendre', 'n_filters': 12, 'slowest': 0.05503533446959869, 'input_scaling': 0.9095759553753703, 'bias_dist': 'foldnorm', 'bias_scaling': 0.04123764193322552, 'lr': 0.9047782400199377, 'weight_increment': 0.002278223530217896, 'min_window': 11, 'max_window': 59, 'use_full_instance': False, 'max_partners': 20, 'homeostasis': 'mean', 'target': 0.52, 'spread': 0.385, 'learning_rate': 0.003}",ppo,300,64,0.003,,,,,,
RepeatPrevious,filterbank+hag,9,312,4.528846153846154,0.8583333799999999,0.07071061447955038,0.7643401556834385,0.8603328206826285,1305,"{'decomposition': 'legendre', 'n_filters': 12, 'slowest': 0.05503533446959869, 'input_scaling': 0.9095759553753703, 'bias_dist': 'foldnorm', 'bias_scaling': 0.04123764193322552, 'lr': 0.9047782400199377, 'weight_increment': 0.002278223530217896, 'min_window': 11, 'max_window': 59, 'use_full_instance': False, 'max_partners': 20, 'homeostasis': 'mean', 'target': 0.52, 'spread': 0.385, 'learning_rate': 0.003}",ppo,300,64,0.003,,,,,,
RepeatPrevious,filterbank+hag,8,312,4.25,0.90083336,0.06173983731101338,0.7771779683744143,0.8756580010188486,1312,"{'decomposition': 'legendre', 'n_filters': 12, 'slowest': 0.05503533446959869, 'input_scaling': 0.9095759553753703, 'bias_dist': 'foldnorm', 'bias_scaling': 0.04123764193322552, 'lr': 0.9047782400199377, 'weight_increment': 0.002278223530217896, 'min_window': 11, 'max_window': 59, 'use_full_instance': False, 'max_partners': 20, 'homeostasis': 'mean', 'target': 0.52, 'spread': 0.385, 'learning_rate': 0.003}",ppo,300,64,0.003,,,,,,
RepeatPrevious,filterbank+proj,1,312,0.0,0.8974999800000001,0.056031948327892364,0.7836308316357711,0.8853582934284259,1267,"{'decomposition': 'legendre', 'n_filters': 12, 'slowest': 0.05503533446959869, 'input_scaling': 0.9095759553753703, 'bias_dist': 'foldnorm', 'bias_scaling': 0.04123764193322552, 'lr': 0.9047782400199377, 'weight_increment': 0.002278223530217896, 'min_window': 11, 'max_window': 59, 'use_full_instance': False, 'max_partners': 20, 'homeostasis': 'mean', 'target': 0.52, 'spread': 0.385, 'learning_rate': 0.0003}",ppo,300,64,0.0003,,,,,,
RepeatPrevious,filterbank+hag,1,312,4.458333333333333,0.34499998,0.08293235811370372,0.33122623100427784,0.36001442944472745,1314,"{'decomposition': 'legendre', 'n_filters': 12, 'slowest': 0.05503533446959869, 'input_scaling': 0.9095759553753703, 'bias_dist': 'foldnorm', 'bias_scaling': 0.04123764193322552, 'lr': 0.9047782400199377, 'weight_increment': 0.002278223530217896, 'min_window': 11, 'max_window': 59, 'use_full_instance': False, 'max_partners': 20, 'homeostasis': 'mean', 'target': 0.52, 'spread': 0.385, 'learning_rate': 0.01}",ppo,300,64,0.01,,,,,,
RepeatPrevious,filterbank+hag,0,312,3.9743589743589745,-0.030000059999999995,0.04716983216777859,-0.07175596226319006,-0.0535744691798268,1322,"{'decomposition': 'legendre', 'n_filters': 12, 'slowest': 0.05503533446959869, 'input_scaling': 0.9095759553753703, 'bias_dist': 'foldnorm', 'bias_scaling': 0.04123764193322552, 'lr': 0.9047782400199377, 'weight_increment': 0.002278223530217896, 'min_window': 11, 'max_window': 59, 'use_full_instance': False, 'max_partners': 20, 'homeostasis': 'mean', 'target': 0.52, 'spread': 0.385, 'learning_rate': 0.01}",ppo,300,64,0.01,,,,,,
RepeatPrevious,filterbank+hag,2,312,4.689102564102564,-0.49499996,0.0296275517429031,-0.5000614946526788,-0.5010824839531329,1343,"{'decomposition': 'legendre', 'n_filters': 12, 'slowest': 0.05503533446959869, 'input_scaling': 0.9095759553753703, 'bias_dist': 'foldnorm', 'bias_scaling': 0.04123764193322552, 'lr': 0.9047782400199377, 'weight_increment': 0.002278223530217896, 'min_window': 11, 'max_window': 59, 'use_full_instance': False, 'max_partners': 20, 'homeostasis': 'mean', 'target': 0.52, 'spread': 0.385, 'learning_rate': 0.01}",ppo,300,64,0.01,,,,,,
RepeatPrevious,filterbank+proj,2,312,0.0,0.8724999999999998,0.04888336458755678,0.7674445775106946,0.8762523397860418,1294,"{'decomposition': 'legendre', 'n_filters': 12, 'slowest': 0.05503533446959869, 'input_scaling': 0.9095759553753703, 'bias_dist': 'foldnorm', 'bias_scaling': 0.04123764193322552, 'lr': 0.9047782400199377, 'weight_increment': 0.002278223530217896, 'min_window': 11, 'max_window': 59, 'use_full_instance': False, 'max_partners': 20, 'homeostasis': 'mean', 'target': 0.52, 'spread': 0.385, 'learning_rate': 0.0003}",ppo,300,64,0.0003,,,,,,
RepeatPrevious,filterbank+proj,0,312,0.0,0.9325,0.055207879873076085,0.7727027732226524,0.8819408930208864,1309,"{'decomposition': 'legendre', 'n_filters': 12, 'slowest': 0.05503533446959869, 'input_scaling': 0.9095759553753703, 'bias_dist': 'foldnorm', 'bias_scaling': 0.04123764193322552, 'lr': 0.9047782400199377, 'weight_increment': 0.002278223530217896, 'min_window': 11, 'max_window': 59, 'use_full_instance': False, 'max_partners': 20, 'homeostasis': 'mean', 'target': 0.52, 'spread': 0.385, 'learning_rate': 0.0003}",ppo,300,64,0.0003,,,,,,
RepeatPrevious,filterbank+hag,6,312,4.298076923076923,0.37000001999999993,0.09488295819386956,0.3180085895803626,0.38141025827814573,1335,"{'decomposition': 'legendre', 'n_filters': 12, 'slowest': 0.05503533446959869, 'input_scaling': 0.9095759553753703, 'bias_dist': 'foldnorm', 'bias_scaling': 0.04123764193322552, 'lr': 0.9047782400199377, 'weight_increment': 0.002278223530217896, 'min_window': 11, 'max_window': 59, 'use_full_instance': False, 'max_partners': 20, 'homeostasis': 'mean', 'target': 0.52, 'spread': 0.385, 'learning_rate': 0.01}",ppo,300,64,0.01,,,,,,
RepeatPrevious,filterbank+hag,9,312,4.528846153846154,-0.4949999400000001,0.03188541045770621,-0.5006514013546547,-0.4998725955170657,1316,"{'decomposition': 'legendre', 'n_filters': 12, 'slowest': 0.05503533446959869, 'input_scaling': 0.9095759553753703, 'bias_dist': 'foldnorm', 'bias_scaling': 0.04123764193322552, 'lr': 0.9047782400199377, 'weight_increment': 0.002278223530217896, 'min_window': 11, 'max_window': 59, 'use_full_instance': False, 'max_partners': 20, 'homeostasis': 'mean', 'target': 0.52, 'spread': 0.385, 'learning_rate': 0.01}",ppo,300,64,0.01,,,,,,
RepeatPrevious,filterbank+hag,3,312,4.676282051282051,-0.26083336,0.08114205294192649,-0.11988610068242003,-0.22514434386143656,1357,"{'decomposition': 'legendre', 'n_filters': 12, 'slowest': 0.05503533446959869, 'input_scaling': 0.9095759553753703, 'bias_dist': 'foldnorm', 'bias_scaling': 0.04123764193322552, 'lr': 0.9047782400199377, 'weight_increment': 0.002278223530217896, 'min_window': 11, 'max_window': 59, 'use_full_instance': False, 'max_partners': 20, 'homeostasis': 'mean', 'target': 0.52, 'spread': 0.385, 'learning_rate': 0.01}",ppo,300,64,0.01,,,,,,
RepeatPrevious,filterbank+proj,7,312,0.0,0.95666662,0.03905116814380333,0.7936761569566103,0.8897520733571064,1280,"{'decomposition': 'legendre', 'n_filters': 12, 'slowest': 0.05503533446959869, 'input_scaling': 0.9095759553753703, 'bias_dist': 'foldnorm', 'bias_scaling': 0.04123764193322552, 'lr': 0.9047782400199377, 'weight_increment': 0.002278223530217896, 'min_window': 11, 'max_window': 59, 'use_full_instance': False, 'max_partners': 20, 'homeostasis': 'mean', 'target': 0.52, 'spread': 0.385, 'learning_rate': 0.0003}",ppo,300,64,0.0003,,,,,,
RepeatPrevious,filterbank+proj,4,312,0.0,0.93666664,0.04349321096528055,0.7885834664901202,0.88671675292919,1309,"{'decomposition': 'legendre', 'n_filters': 12, 'slowest': 0.05503533446959869, 'input_scaling': 0.9095759553753703, 'bias_dist': 'foldnorm', 'bias_scaling': 0.04123764193322552, 'lr': 0.9047782400199377, 'weight_increment': 0.002278223530217896, 'min_window': 11, 'max_window': 59, 'use_full_instance': False, 'max_partners': 20, 'homeostasis': 'mean', 'target': 0.52, 'spread': 0.385, 'learning_rate': 0.0003}",ppo,300,64,0.0003,,,,,,
RepeatPrevious,filterbank+proj,3,312,0.0,0.9366667200000001,0.0458256973040411,0.7697744770319821,0.876591946001019,1327,"{'decomposition': 'legendre', 'n_filters': 12, 'slowest': 0.05503533446959869, 'input_scaling': 0.9095759553753703, 'bias_dist': 'foldnorm', 'bias_scaling': 0.04123764193322552, 'lr': 0.9047782400199377, 'weight_increment': 0.002278223530217896, 'min_window': 11, 'max_window': 59, 'use_full_instance': False, 'max_partners': 20, 'homeostasis': 'mean', 'target': 0.52, 'spread': 0.385, 'learning_rate': 0.0003}",ppo,300,64,0.0003,,,,,,
RepeatPrevious,filterbank+hag,5,312,4.384615384615385,-0.5008332999999999,0.03485105689545154,-0.4217062710327969,-0.4996391120733571,1372,"{'decomposition': 'legendre', 'n_filters': 12, 'slowest': 0.05503533446959869, 'input_scaling': 0.9095759553753703, 'bias_dist': 'foldnorm', 'bias_scaling': 0.04123764193322552, 'lr': 0.9047782400199377, 'weight_increment': 0.002278223530217896, 'min_window': 11, 'max_window': 59, 'use_full_instance': False, 'max_partners': 20, 'homeostasis': 'mean', 'target': 0.52, 'spread': 0.385, 'learning_rate': 0.01}",ppo,300,64,0.01,,,,,,
RepeatPrevious,filterbank+proj,5,312,0.0,0.9366666399999999,0.0401731317075281,0.7777784839580363,0.8951010351502802,1311,"{'decomposition': 'legendre', 'n_filters': 12, 'slowest': 0.05503533446959869, 'input_scaling': 0.9095759553753703, 'bias_dist': 'foldnorm', 'bias_scaling': 0.04123764193322552, 'lr': 0.9047782400199377, 'weight_increment': 0.002278223530217896, 'min_window': 11, 'max_window': 59, 'use_full_instance': False, 'max_partners': 20, 'homeostasis': 'mean', 'target': 0.52, 'spread': 0.385, 'learning_rate': 0.0003}",ppo,300,64,0.0003,,,,,,
RepeatPrevious,filterbank+hag,7,312,4.490384615384615,-0.02750004,0.04685222062867885,-0.0845470966591974,-0.047482601630157925,1369,"{'decomposition': 'legendre', 'n_filters': 12, 'slowest': 0.05503533446959869, 'input_scaling': 0.9095759553753703, 'bias_dist': 'foldnorm', 'bias_scaling': 0.04123764193322552, 'lr': 0.9047782400199377, 'weight_increment': 0.002278223530217896, 'min_window': 11, 'max_window': 59, 'use_full_instance': False, 'max_partners': 20, 'homeostasis': 'mean', 'target': 0.52, 'spread': 0.385, 'learning_rate': 0.01}",ppo,300,64,0.01,,,,,,
RepeatPrevious,filterbank+proj,6,312,0.0,0.89166666,0.06123726806499781,0.7655666460582603,0.8741934014263882,1311,"{'decomposition': 'legendre', 'n_filters': 12, 'slowest': 0.05503533446959869, 'input_scaling': 0.9095759553753703, 'bias_dist': 'foldnorm', 'bias_scaling': 0.04123764193322552, 'lr': 0.9047782400199377, 'weight_increment': 0.002278223530217896, 'min_window': 11, 'max_window': 59, 'use_full_instance': False, 'max_partners': 20, 'homeostasis': 'mean', 'target': 0.52, 'spread': 0.385, 'learning_rate': 0.0003}",ppo,300,64,0.0003,,,,,,
RepeatPrevious,filterbank+hag,4,312,4.493589743589744,-0.49833326,0.037230674033012084,-0.4998471777856997,-0.4985990269994906,1407,"{'decomposition': 'legendre', 'n_filters': 12, 'slowest': 0.05503533446959869, 'input_scaling': 0.9095759553753703, 'bias_dist': 'foldnorm', 'bias_scaling': 0.04123764193322552, 'lr': 0.9047782400199377, 'weight_increment': 0.002278223530217896, 'min_window': 11, 'max_window': 59, 'use_full_instance': False, 'max_partners': 20, 'homeostasis': 'mean', 'target': 0.52, 'spread': 0.385, 'learning_rate': 0.01}",ppo,300,64,0.01,,,,,,
RepeatPrevious,filterbank+proj,8,312,0.0,0.94166656,0.04859124635452768,0.7765286516602158,0.8796909510952624,1342,"{'decomposition': 'legendre', 'n_filters': 12, 'slowest': 0.05503533446959869, 'input_scaling': 0.9095759553753703, 'bias_dist': 'foldnorm', 'bias_scaling': 0.04123764193322552, 'lr': 0.9047782400199377, 'weight_increment': 0.002278223530217896, 'min_window': 11, 'max_window': 59, 'use_full_instance': False, 'max_partners': 20, 'homeostasis': 'mean', 'target': 0.52, 'spread': 0.385, 'learning_rate': 0.0003}",ppo,300,64,0.0003,,,,,,
RepeatPrevious,filterbank+proj,9,312,0.0,0.90750004,0.04586356772557495,0.7697468921878182,0.8741085109526235,1340,"{'decomposition': 'legendre', 'n_filters': 12, 'slowest': 0.05503533446959869, 'input_scaling': 0.9095759553753703, 'bias_dist': 'foldnorm', 'bias_scaling': 0.04123764193322552, 'lr': 0.9047782400199377, 'weight_increment': 0.002278223530217896, 'min_window': 11, 'max_window': 59, 'use_full_instance': False, 'max_partners': 20, 'homeostasis': 'mean', 'target': 0.52, 'spread': 0.385, 'learning_rate': 0.0003}",ppo,300,64,0.0003,,,,,,
RepeatPrevious,filterbank+hag,8,312,4.25,-0.5058333,0.03727724730623226,-0.5000381533917294,-0.4998726021395823,1429,"{'decomposition': 'legendre', 'n_filters': 12, 'slowest': 0.05503533446959869, 'input_scaling': 0.9095759553753703, 'bias_dist': 'foldnorm', 'bias_scaling': 0.04123764193322552, 'lr': 0.9047782400199377, 'weight_increment': 0.002278223530217896, 'min_window': 11, 'max_window': 59, 'use_full_instance': False, 'max_partners': 20, 'homeostasis': 'mean', 'target': 0.52, 'spread': 0.385, 'learning_rate': 0.01}",ppo,300,64,0.01,,,,,,
RepeatPrevious,filterbank+proj,1,312,0.0,0.94166656,0.05137010912161273,0.7813560929924629,0.8662760967906267,1329,"{'decomposition': 'legendre', 'n_filters': 12, 'slowest': 0.05503533446959869, 'input_scaling': 0.9095759553753703, 'bias_dist': 'foldnorm', 'bias_scaling': 0.04123764193322552, 'lr': 0.9047782400199377, 'weight_increment': 0.002278223530217896, 'min_window': 11, 'max_window': 59, 'use_full_instance': False, 'max_partners': 20, 'homeostasis': 'mean', 'target': 0.52, 'spread': 0.385, 'learning_rate': 0.001}",ppo,300,64,0.001,,,,,,
RepeatPrevious,filterbank+proj,0,312,0.0,0.9108332999999998,0.06067327940213879,0.7852986821654104,0.8654695094243505,1364,"{'decomposition': 'legendre', 'n_filters': 12, 'slowest': 0.05503533446959869, 'input_scaling': 0.9095759553753703, 'bias_dist': 'foldnorm', 'bias_scaling': 0.04123764193322552, 'lr': 0.9047782400199377, 'weight_increment': 0.002278223530217896, 'min_window': 11, 'max_window': 59, 'use_full_instance': False, 'max_partners': 20, 'homeostasis': 'mean', 'target': 0.52, 'spread': 0.385, 'learning_rate': 0.001}",ppo,300,64,0.001,,,,,,
RepeatPrevious,filterbank+proj,3,312,0.0,0.84916664,0.08286945731468501,0.7781604344571196,0.8412081767702496,1302,"{'decomposition': 'legendre', 'n_filters': 12, 'slowest': 0.05503533446959869, 'input_scaling': 0.9095759553753703, 'bias_dist': 'foldnorm', 'bias_scaling': 0.04123764193322552, 'lr': 0.9047782400199377, 'weight_increment': 0.002278223530217896, 'min_window': 11, 'max_window': 59, 'use_full_instance': False, 'max_partners': 20, 'homeostasis': 'mean', 'target': 0.52, 'spread': 0.385, 'learning_rate': 0.001}",ppo,300,64,0.001,,,,,,
RepeatPrevious,filterbank+proj,4,312,0.0,0.9058333199999999,0.044729082511243176,0.7987773298533306,0.8458142272032603,1313,"{'decomposition': 'legendre', 'n_filters': 12, 'slowest': 0.05503533446959869, 'input_scaling': 0.9095759553753703, 'bias_dist': 'foldnorm', 'bias_scaling': 0.04123764193322552, 'lr': 0.9047782400199377, 'weight_increment': 0.002278223530217896, 'min_window': 11, 'max_window': 59, 'use_full_instance': False, 'max_partners': 20, 'homeostasis': 'mean', 'target': 0.52, 'spread': 0.385, 'learning_rate': 0.001}",ppo,300,64,0.001,,,,,,
RepeatPrevious,filterbank+proj,2,312,0.0,0.8933333200000001,0.05474683593174678,0.7867076613872479,0.8610545145185939,1339,"{'decomposition': 'legendre', 'n_filters': 12, 'slowest': 0.05503533446959869, 'input_scaling': 0.9095759553753703, 'bias_dist': 'foldnorm', 'bias_scaling': 0.04123764193322552, 'lr': 0.9047782400199377, 'weight_increment': 0.002278223530217896, 'min_window': 11, 'max_window': 59, 'use_full_instance': False, 'max_partners': 20, 'homeostasis': 'mean', 'target': 0.52, 'spread': 0.385, 'learning_rate': 0.001}",ppo,300,64,0.001,,,,,,
RepeatPrevious,filterbank+proj,5,312,0.0,0.9149999399999998,0.05525189609684359,0.788706545121206,0.8688444625573102,1326,"{'decomposition': 'legendre', 'n_filters': 12, 'slowest': 0.05503533446959869, 'input_scaling': 0.9095759553753703, 'bias_dist': 'foldnorm', 'bias_scaling': 0.04123764193322552, 'lr': 0.9047782400199377, 'weight_increment': 0.002278223530217896, 'min_window': 11, 'max_window': 59, 'use_full_instance': False, 'max_partners': 20, 'homeostasis': 'mean', 'target': 0.52, 'spread': 0.385, 'learning_rate': 0.001}",ppo,300,64,0.001,,,,,,
RepeatPrevious,filterbank+proj,7,312,0.0,0.92583334,0.04661452313114873,0.7885622471990222,0.8646204605196127,1308,"{'decomposition': 'legendre', 'n_filters': 12, 'slowest': 0.05503533446959869, 'input_scaling': 0.9095759553753703, 'bias_dist': 'foldnorm', 'bias_scaling': 0.04123764193322552, 'lr': 0.9047782400199377, 'weight_increment': 0.002278223530217896, 'min_window': 11, 'max_window': 59, 'use_full_instance': False, 'max_partners': 20, 'homeostasis': 'mean', 'target': 0.52, 'spread': 0.385, 'learning_rate': 0.001}",ppo,300,64,0.001,,,,,,
RepeatPrevious,filterbank+proj,6,312,0.0,0.9025000000000002,0.06269968102056023,0.7772182891627623,0.8610332919001529,1317,"{'decomposition': 'legendre', 'n_filters': 12, 'slowest': 0.05503533446959869, 'input_scaling': 0.9095759553753703, 'bias_dist': 'foldnorm', 'bias_scaling': 0.04123764193322552, 'lr': 0.9047782400199377, 'weight_increment': 0.002278223530217896, 'min_window': 11, 'max_window': 59, 'use_full_instance': False, 'max_partners': 20, 'homeostasis': 'mean', 'target': 0.52, 'spread': 0.385, 'learning_rate': 0.001}",ppo,300,64,0.001,,,,,,
RepeatPrevious,filterbank+esn,0,336,6.744047619047619,0.99249996,0.018047066859697727,0.9071623862293745,0.9726608283239938,1089,"{'decomposition': 'ema', 'n_filters': 12, 'slowest': 0.0068481211016550025, 'input_scaling': 0.929634188755156, 'bias_dist': 'foldnorm', 'bias_scaling': 0.0004530104948033912, 'lr': 0.9407030287660403, 'sr': 0.9778712320759426, 'rc_connectivity': 0.020075371100608825, 'learning_rate': 0.0003}",ppo,300,linear,0.0003,,,,,,
RepeatPrevious,filterbank+proj,9,312,0.0,0.9299999599999998,0.048904645996862096,0.7861750523018944,0.8608634625573102,1287,"{'decomposition': 'legendre', 'n_filters': 12, 'slowest': 0.05503533446959869, 'input_scaling': 0.9095759553753703, 'bias_dist': 'foldnorm', 'bias_scaling': 0.04123764193322552, 'lr': 0.9047782400199377, 'weight_increment': 0.002278223530217896, 'min_window': 11, 'max_window': 59, 'use_full_instance': False, 'max_partners': 20, 'homeostasis': 'mean', 'target': 0.52, 'spread': 0.385, 'learning_rate': 0.001}",ppo,300,64,0.001,,,,,,
RepeatPrevious,filterbank+proj,8,312,0.0,0.89666666,0.05727612223138365,0.7870280777144021,0.8479792812022415,1318,"{'decomposition': 'legendre', 'n_filters': 12, 'slowest': 0.05503533446959869, 'input_scaling': 0.9095759553753703, 'bias_dist': 'foldnorm', 'bias_scaling': 0.04123764193322552, 'lr': 0.9047782400199377, 'weight_increment': 0.002278223530217896, 'min_window': 11, 'max_window': 59, 'use_full_instance': False, 'max_partners': 20, 'homeostasis': 'mean', 'target': 0.52, 'spread': 0.385, 'learning_rate': 0.001}",ppo,300,64,0.001,,,,,,
RepeatPrevious,filterbank+esn,1,336,6.744047619047619,0.9974999800000001,0.009895364234812179,0.869226117742921,0.9808328436067243,1109,"{'decomposition': 'ema', 'n_filters': 12, 'slowest': 0.0068481211016550025, 'input_scaling': 0.929634188755156, 'bias_dist': 'foldnorm', 'bias_scaling': 0.0004530104948033912, 'lr': 0.9407030287660403, 'sr': 0.9778712320759426, 'rc_connectivity': 0.020075371100608825, 'learning_rate': 0.0003}",ppo,300,linear,0.0003,,,,,,
RepeatPrevious,filterbank+proj,1,312,0.0,0.89666668,0.06413953521703755,0.771892187410878,0.8538588879266429,1277,"{'decomposition': 'legendre', 'n_filters': 12, 'slowest': 0.05503533446959869, 'input_scaling': 0.9095759553753703, 'bias_dist': 'foldnorm', 'bias_scaling': 0.04123764193322552, 'lr': 0.9047782400199377, 'weight_increment': 0.002278223530217896, 'min_window': 11, 'max_window': 59, 'use_full_instance': False, 'max_partners': 20, 'homeostasis': 'mean', 'target': 0.52, 'spread': 0.385, 'learning_rate': 0.003}",ppo,300,64,0.003,,,,,,
RepeatPrevious,filterbank+esn,5,336,6.744047619047619,0.9991666599999999,0.005833380000000002,0.9049152379303321,0.9793682475802342,1106,"{'decomposition': 'ema', 'n_filters': 12, 'slowest': 0.0068481211016550025, 'input_scaling': 0.929634188755156, 'bias_dist': 'foldnorm', 'bias_scaling': 0.0004530104948033912, 'lr': 0.9407030287660403, 'sr': 0.9778712320759426, 'rc_connectivity': 0.020075371100608825, 'learning_rate': 0.0003}",ppo,300,linear,0.0003,,,,,,
RepeatPrevious,filterbank+proj,0,312,0.0,0.8166666399999998,0.07120006008164881,0.7565377377266245,0.8366445832908813,1310,"{'decomposition': 'legendre', 'n_filters': 12, 'slowest': 0.05503533446959869, 'input_scaling': 0.9095759553753703, 'bias_dist': 'foldnorm', 'bias_scaling': 0.04123764193322552, 'lr': 0.9047782400199377, 'weight_increment': 0.002278223530217896, 'min_window': 11, 'max_window': 59, 'use_full_instance': False, 'max_partners': 20, 'homeostasis': 'mean', 'target': 0.52, 'spread': 0.385, 'learning_rate': 0.003}",ppo,300,64,0.003,,,,,,
RepeatPrevious,filterbank+proj,2,312,0.0,0.8524999999999998,0.05540891424527285,0.7486270982888571,0.8311258242485992,1308,"{'decomposition': 'legendre', 'n_filters': 12, 'slowest': 0.05503533446959869, 'input_scaling': 0.9095759553753703, 'bias_dist': 'foldnorm', 'bias_scaling': 0.04123764193322552, 'lr': 0.9047782400199377, 'weight_increment': 0.002278223530217896, 'min_window': 11, 'max_window': 59, 'use_full_instance': False, 'max_partners': 20, 'homeostasis': 'mean', 'target': 0.52, 'spread': 0.385, 'learning_rate': 0.003}",ppo,300,64,0.003,,,,,,
RepeatPrevious,filterbank+proj,6,312,0.0,0.8233333599999999,0.06695773940890179,0.7480096106131595,0.8280268318899643,1271,"{'decomposition': 'legendre', 'n_filters': 12, 'slowest': 0.05503533446959869, 'input_scaling': 0.9095759553753703, 'bias_dist': 'foldnorm', 'bias_scaling': 0.04123764193322552, 'lr': 0.9047782400199377, 'weight_increment': 0.002278223530217896, 'min_window': 11, 'max_window': 59, 'use_full_instance': False, 'max_partners': 20, 'homeostasis': 'mean', 'target': 0.52, 'spread': 0.385, 'learning_rate': 0.003}",ppo,300,64,0.003,,,,,,
RepeatPrevious,filterbank+proj,3,312,0.0,0.9133333,0.06227175032845953,0.7469677290690568,0.8364111023942946,1306,"{'decomposition': 'legendre', 'n_filters': 12, 'slowest': 0.05503533446959869, 'input_scaling': 0.9095759553753703, 'bias_dist': 'foldnorm', 'bias_scaling': 0.04123764193322552, 'lr': 0.9047782400199377, 'weight_increment': 0.002278223530217896, 'min_window': 11, 'max_window': 59, 'use_full_instance': False, 'max_partners': 20, 'homeostasis': 'mean', 'target': 0.52, 'spread': 0.385, 'learning_rate': 0.003}",ppo,300,64,0.003,,,,,,
RepeatPrevious,filterbank+esn,8,336,6.744047619047619,1.0,0.0,0.8968709191790588,0.9817243362200713,1106,"{'decomposition': 'ema', 'n_filters': 12, 'slowest': 0.0068481211016550025, 'input_scaling': 0.929634188755156, 'bias_dist': 'foldnorm', 'bias_scaling': 0.0004530104948033912, 'lr': 0.9407030287660403, 'sr': 0.9778712320759426, 'rc_connectivity': 0.020075371100608825, 'learning_rate': 0.0003}",ppo,300,linear,0.0003,,,,,,
RepeatPrevious,filterbank+esn,3,336,6.744047619047619,1.0,0.0,0.8721437971073539,0.980047476821192,1154,"{'decomposition': 'ema', 'n_filters': 12, 'slowest': 0.0068481211016550025, 'input_scaling': 0.929634188755156, 'bias_dist': 'foldnorm', 'bias_scaling': 0.0004530104948033912, 'lr': 0.9407030287660403, 'sr': 0.9778712320759426, 'rc_connectivity': 0.020075371100608825, 'learning_rate': 0.0003}",ppo,300,linear,0.0003,,,,,,
RepeatPrevious,filterbank+esn,4,336,6.744047619047619,1.0,0.0,0.8921941358728865,0.9858421946001019,1153,"{'decomposition': 'ema', 'n_filters': 12, 'slowest': 0.0068481211016550025, 'input_scaling': 0.929634188755156, 'bias_dist': 'foldnorm', 'bias_scaling': 0.0004530104948033912, 'lr': 0.9407030287660403, 'sr': 0.9778712320759426, 'rc_connectivity': 0.020075371100608825, 'learning_rate': 0.0003}",ppo,300,linear,0.0003,,,,,,
RepeatPrevious,filterbank+proj,4,312,0.0,0.89000002,0.059371635203517854,0.7688238454878794,0.828451350483953,1302,"{'decomposition': 'legendre', 'n_filters': 12, 'slowest': 0.05503533446959869, 'input_scaling': 0.9095759553753703, 'bias_dist': 'foldnorm', 'bias_scaling': 0.04123764193322552, 'lr': 0.9047782400199377, 'weight_increment': 0.002278223530217896, 'min_window': 11, 'max_window': 59, 'use_full_instance': False, 'max_partners': 20, 'homeostasis': 'mean', 'target': 0.52, 'spread': 0.385, 'learning_rate': 0.003}",ppo,300,64,0.003,,,,,,
RepeatPrevious,filterbank+proj,8,312,0.0,0.8575000199999998,0.06723192553526634,0.7448521431554288,0.820343013245033,1291,"{'decomposition': 'legendre', 'n_filters': 12, 'slowest': 0.05503533446959869, 'input_scaling': 0.9095759553753703, 'bias_dist': 'foldnorm', 'bias_scaling': 0.04123764193322552, 'lr': 0.9047782400199377, 'weight_increment': 0.002278223530217896, 'min_window': 11, 'max_window': 59, 'use_full_instance': False, 'max_partners': 20, 'homeostasis': 'mean', 'target': 0.52, 'spread': 0.385, 'learning_rate': 0.003}",ppo,300,64,0.003,,,,,,
RepeatPrevious,filterbank+esn,6,336,6.744047619047619,1.0,0.0,0.8690797044713792,0.9799201263372389,1158,"{'decomposition': 'ema', 'n_filters': 12, 'slowest': 0.0068481211016550025, 'input_scaling': 0.929634188755156, 'bias_dist': 'foldnorm', 'bias_scaling': 0.0004530104948033912, 'lr': 0.9407030287660403, 'sr': 0.9778712320759426, 'rc_connectivity': 0.020075371100608825, 'learning_rate': 0.0003}",ppo,300,linear,0.0003,,,,,,
RepeatPrevious,filterbank+esn,7,336,6.744047619047619,1.0,0.0,0.893974445966592,0.9850143749363219,1140,"{'decomposition': 'ema', 'n_filters': 12, 'slowest': 0.0068481211016550025, 'input_scaling': 0.929634188755156, 'bias_dist': 'foldnorm', 'bias_scaling': 0.0004530104948033912, 'lr': 0.9407030287660403, 'sr': 0.9778712320759426, 'rc_connectivity': 0.020075371100608825, 'learning_rate': 0.0003}",ppo,300,linear,0.0003,,,,,,
RepeatPrevious,filterbank+proj,5,312,0.0,0.91999996,0.055802222576868746,0.7639582054389895,0.8342248364747835,1320,"{'decomposition': 'legendre', 'n_filters': 12, 'slowest': 0.05503533446959869, 'input_scaling': 0.9095759553753703, 'bias_dist': 'foldnorm', 'bias_scaling': 0.04123764193322552, 'lr': 0.9047782400199377, 'weight_increment': 0.002278223530217896, 'min_window': 11, 'max_window': 59, 'use_full_instance': False, 'max_partners': 20, 'homeostasis': 'mean', 'target': 0.52, 'spread': 0.385, 'learning_rate': 0.003}",ppo,300,64,0.003,,,,,,
RepeatPrevious,filterbank+esn,9,336,6.744047619047619,0.99833332,0.008165031129003736,0.8877719860460379,0.9829130035659703,1113,"{'decomposition': 'ema', 'n_filters': 12, 'slowest': 0.0068481211016550025, 'input_scaling': 0.929634188755156, 'bias_dist': 'foldnorm', 'bias_scaling': 0.0004530104948033912, 'lr': 0.9407030287660403, 'sr': 0.9778712320759426, 'rc_connectivity': 0.020075371100608825, 'learning_rate': 0.0003}",ppo,300,linear,0.0003,,,,,,
RepeatPrevious,filterbank+proj,7,312,0.0,0.9008333399999998,0.06555842763081189,0.7569048378488491,0.79992358430973,1324,"{'decomposition': 'legendre', 'n_filters': 12, 'slowest': 0.05503533446959869, 'input_scaling': 0.9095759553753703, 'bias_dist': 'foldnorm', 'bias_scaling': 0.04123764193322552, 'lr': 0.9047782400199377, 'weight_increment': 0.002278223530217896, 'min_window': 11, 'max_window': 59, 'use_full_instance': False, 'max_partners': 20, 'homeostasis': 'mean', 'target': 0.52, 'spread': 0.385, 'learning_rate': 0.003}",ppo,300,64,0.003,,,,,,
RepeatPrevious,filterbank+proj,9,312,0.0,0.8391666999999999,0.07500467133645744,0.7557313948869424,0.8102182088639837,1291,"{'decomposition': 'legendre', 'n_filters': 12, 'slowest': 0.05503533446959869, 'input_scaling': 0.9095759553753703, 'bias_dist': 'foldnorm', 'bias_scaling': 0.04123764193322552, 'lr': 0.9047782400199377, 'weight_increment': 0.002278223530217896, 'min_window': 11, 'max_window': 59, 'use_full_instance': False, 'max_partners': 20, 'homeostasis': 'mean', 'target': 0.52, 'spread': 0.385, 'learning_rate': 0.003}",ppo,300,64,0.003,,,,,,
RepeatPrevious,filterbank+esn,2,336,6.744047619047619,0.9991666599999999,0.005833380000000002,0.877635414850275,0.9852054009169637,1225,"{'decomposition': 'ema', 'n_filters': 12, 'slowest': 0.0068481211016550025, 'input_scaling': 0.929634188755156, 'bias_dist': 'foldnorm', 'bias_scaling': 0.0004530104948033912, 'lr': 0.9407030287660403, 'sr': 0.9778712320759426, 'rc_connectivity': 0.020075371100608825, 'learning_rate': 0.0003}",ppo,300,linear,0.0003,,,,,,
RepeatPrevious,filterbank+esn,0,336,6.744047619047619,0.9858332999999999,0.030743122989215003,0.9192575207781625,0.9569748048904737,1135,"{'decomposition': 'ema', 'n_filters': 12, 'slowest': 0.0068481211016550025, 'input_scaling': 0.929634188755156, 'bias_dist': 'foldnorm', 'bias_scaling': 0.0004530104948033912, 'lr': 0.9407030287660403, 'sr': 0.9778712320759426, 'rc_connectivity': 0.020075371100608825, 'learning_rate': 0.001}",ppo,300,linear,0.001,,,,,,
RepeatPrevious,filterbank+proj,0,312,0.0,0.45,0.12247454157252438,0.6917545184355266,0.7779971115639327,1312,"{'decomposition': 'legendre', 'n_filters': 12, 'slowest': 0.05503533446959869, 'input_scaling': 0.9095759553753703, 'bias_dist': 'foldnorm', 'bias_scaling': 0.04123764193322552, 'lr': 0.9047782400199377, 'weight_increment': 0.002278223530217896, 'min_window': 11, 'max_window': 59, 'use_full_instance': False, 'max_partners': 20, 'homeostasis': 'mean', 'target': 0.52, 'spread': 0.385, 'learning_rate': 0.01}",ppo,300,64,0.01,,,,,,
RepeatPrevious,filterbank+proj,3,312,0.0,0.39749996000000004,0.06191944246873028,0.3332357229069057,0.3885421833927662,1308,"{'decomposition': 'legendre', 'n_filters': 12, 'slowest': 0.05503533446959869, 'input_scaling': 0.9095759553753703, 'bias_dist': 'foldnorm', 'bias_scaling': 0.04123764193322552, 'lr': 0.9047782400199377, 'weight_increment': 0.002278223530217896, 'min_window': 11, 'max_window': 59, 'use_full_instance': False, 'max_partners': 20, 'homeostasis': 'mean', 'target': 0.52, 'spread': 0.385, 'learning_rate': 0.01}",ppo,300,64,0.01,,,,,,
RepeatPrevious,filterbank+proj,8,312,0.0,0.40499998,0.08540754312295606,0.5258241655632512,0.3765919449821702,1303,"{'decomposition': 'legendre', 'n_filters': 12, 'slowest': 0.05503533446959869, 'input_scaling': 0.9095759553753703, 'bias_dist': 'foldnorm', 'bias_scaling': 0.04123764193322552, 'lr': 0.9047782400199377, 'weight_increment': 0.002278223530217896, 'min_window': 11, 'max_window': 59, 'use_full_instance': False, 'max_partners': 20, 'homeostasis': 'mean', 'target': 0.52, 'spread': 0.385, 'learning_rate': 0.01}",ppo,300,64,0.01,,,,,,
RepeatPrevious,filterbank+proj,1,312,0.0,0.72,0.1175679779724054,0.6182224803931554,0.668746814060112,1345,"{'decomposition': 'legendre', 'n_filters': 12, 'slowest': 0.05503533446959869, 'input_scaling': 0.9095759553753703, 'bias_dist': 'foldnorm', 'bias_scaling': 0.04123764193322552, 'lr': 0.9047782400199377, 'weight_increment': 0.002278223530217896, 'min_window': 11, 'max_window': 59, 'use_full_instance': False, 'max_partners': 20, 'homeostasis': 'mean', 'target': 0.52, 'spread': 0.385, 'learning_rate': 0.01}",ppo,300,64,0.01,,,,,,
RepeatPrevious,filterbank+esn,1,336,6.744047619047619,0.9933332999999999,0.01740056193259287,0.9167854419433692,0.9663779347936832,1163,"{'decomposition': 'ema', 'n_filters': 12, 'slowest': 0.0068481211016550025, 'input_scaling': 0.929634188755156, 'bias_dist': 'foldnorm', 'bias_scaling': 0.0004530104948033912, 'lr': 0.9407030287660403, 'sr': 0.9778712320759426, 'rc_connectivity': 0.020075371100608825, 'learning_rate': 0.001}",ppo,300,linear,0.001,,,,,,
RepeatPrevious,filterbank+proj,4,312,0.0,0.39,0.0848855667620827,0.47483788465064164,0.3415477967396841,1343,"{'decomposition': 'legendre', 'n_filters': 12, 'slowest': 0.05503533446959869, 'input_scaling': 0.9095759553753703, 'bias_dist': 'foldnorm', 'bias_scaling': 0.04123764193322552, 'lr': 0.9047782400199377, 'weight_increment': 0.002278223530217896, 'min_window': 11, 'max_window': 59, 'use_full_instance': False, 'max_partners': 20, 'homeostasis': 'mean', 'target': 0.52, 'spread': 0.385, 'learning_rate': 0.01}",ppo,300,64,0.01,,,,,,
RepeatPrevious,filterbank+proj,2,312,0.0,-0.030000040000000002,0.0493288549775727,-0.06103161825218985,-0.051345738155883856,1356,"{'decomposition': 'legendre', 'n_filters': 12, 'slowest': 0.05503533446959869, 'input_scaling': 0.9095759553753703, 'bias_dist': 'foldnorm', 'bias_scaling': 0.04123764193322552, 'lr': 0.9047782400199377, 'weight_increment': 0.002278223530217896, 'min_window': 11, 'max_window': 59, 'use_full_instance': False, 'max_partners': 20, 'homeostasis': 'mean', 'target': 0.52, 'spread': 0.385, 'learning_rate': 0.01}",ppo,300,64,0.01,,,,,,
RepeatPrevious,filterbank+proj,5,312,0.0,-0.50083328,0.03678972652577891,-0.08512426925035649,-0.21748173408048907,1345,"{'decomposition': 'legendre', 'n_filters': 12, 'slowest': 0.05503533446959869, 'input_scaling': 0.9095759553753703, 'bias_dist': 'foldnorm', 'bias_scaling': 0.04123764193322552, 'lr': 0.9047782400199377, 'weight_increment': 0.002278223530217896, 'min_window': 11, 'max_window': 59, 'use_full_instance': False, 'max_partners': 20, 'homeostasis': 'mean', 'target': 0.52, 'spread': 0.385, 'learning_rate': 0.01}",ppo,300,64,0.01,,,,,,
RepeatPrevious,filterbank+proj,9,312,0.0,0.78416666,0.09379722757131151,0.6677233978407007,0.7199864192562404,1327,"{'decomposition': 'legendre', 'n_filters': 12, 'slowest': 0.05503533446959869, 'input_scaling': 0.9095759553753703, 'bias_dist': 'foldnorm', 'bias_scaling': 0.04123764193322552, 'lr': 0.9047782400199377, 'weight_increment': 0.002278223530217896, 'min_window': 11, 'max_window': 59, 'use_full_instance': False, 'max_partners': 20, 'homeostasis': 'mean', 'target': 0.52, 'spread': 0.385, 'learning_rate': 0.01}",ppo,300,64,0.01,,,,,,
RepeatPrevious,filterbank+proj,7,312,0.0,0.36916666,0.07407297400445322,0.34830583148299044,0.3882874742740703,1346,"{'decomposition': 'legendre', 'n_filters': 12, 'slowest': 0.05503533446959869, 'input_scaling': 0.9095759553753703, 'bias_dist': 'foldnorm', 'bias_scaling': 0.04123764193322552, 'lr': 0.9047782400199377, 'weight_increment': 0.002278223530217896, 'min_window': 11, 'max_window': 59, 'use_full_instance': False, 'max_partners': 20, 'homeostasis': 'mean', 'target': 0.52, 'spread': 0.385, 'learning_rate': 0.01}",ppo,300,64,0.01,,,,,,
RepeatPrevious,filterbank+proj,6,312,0.0,0.40250001999999996,0.0648770076552518,0.3389607540741495,0.3649176383087112,1363,"{'decomposition': 'legendre', 'n_filters': 12, 'slowest': 0.05503533446959869, 'input_scaling': 0.9095759553753703, 'bias_dist': 'foldnorm', 'bias_scaling': 0.04123764193322552, 'lr': 0.9047782400199377, 'weight_increment': 0.002278223530217896, 'min_window': 11, 'max_window': 59, 'use_full_instance': False, 'max_partners': 20, 'homeostasis': 'mean', 'target': 0.52, 'spread': 0.385, 'learning_rate': 0.01}",ppo,300,64,0.01,,,,,,
RepeatPrevious,filterbank+esn,2,336,6.744047619047619,0.9883332999999999,0.03009249260413634,0.9201317585047871,0.9635336403464084,1108,"{'decomposition': 'ema', 'n_filters': 12, 'slowest': 0.0068481211016550025, 'input_scaling': 0.929634188755156, 'bias_dist': 'foldnorm', 'bias_scaling': 0.0004530104948033912, 'lr': 0.9407030287660403, 'sr': 0.9778712320759426, 'rc_connectivity': 0.020075371100608825, 'learning_rate': 0.001}",ppo,300,linear,0.001,,,,,,
RepeatPrevious,filterbank+esn,4,336,6.744047619047619,0.9974999800000001,0.00989536423481218,0.9215704476981055,0.968903822720326,1106,"{'decomposition': 'ema', 'n_filters': 12, 'slowest': 0.0068481211016550025, 'input_scaling': 0.929634188755156, 'bias_dist': 'foldnorm', 'bias_scaling': 0.0004530104948033912, 'lr': 0.9407030287660403, 'sr': 0.9778712320759426, 'rc_connectivity': 0.020075371100608825, 'learning_rate': 0.001}",ppo,300,linear,0.001,,,,,,
RepeatPrevious,filterbank+esn,5,336,6.744047619047619,0.9875,0.026679632265081916,0.924706693573029,0.9602860769230769,1105,"{'decomposition': 'ema', 'n_filters': 12, 'slowest': 0.0068481211016550025, 'input_scaling': 0.929634188755156, 'bias_dist': 'foldnorm', 'bias_scaling': 0.0004530104948033912, 'lr': 0.9407030287660403, 'sr': 0.9778712320759426, 'rc_connectivity': 0.020075371100608825, 'learning_rate': 0.001}",ppo,300,linear,0.001,,,,,,
RepeatPrevious,filterbank+esn,6,336,6.744047619047619,0.98999996,0.02438127195694269,0.9135197561112244,0.9649345588385124,1114,"{'decomposition': 'ema', 'n_filters': 12, 'slowest': 0.0068481211016550025, 'input_scaling': 0.929634188755156, 'bias_dist': 'foldnorm', 'bias_scaling': 0.0004530104948033912, 'lr': 0.9407030287660403, 'sr': 0.9778712320759426, 'rc_connectivity': 0.020075371100608825, 'learning_rate': 0.001}",ppo,300,linear,0.001,,,,,,
RepeatPrevious,filterbank+esn,7,336,6.744047619047619,0.99083332,0.02249998222260631,0.9219587657364027,0.9686703336729495,1116,"{'decomposition': 'ema', 'n_filters': 12, 'slowest': 0.0068481211016550025, 'input_scaling': 0.929634188755156, 'bias_dist': 'foldnorm', 'bias_scaling': 0.0004530104948033912, 'lr': 0.9407030287660403, 'sr': 0.9778712320759426, 'rc_connectivity': 0.020075371100608825, 'learning_rate': 0.001}",ppo,300,linear,0.001,,,,,,
RepeatPrevious,filterbank+esn,3,336,6.744047619047619,0.99833332,0.008165031129003736,0.9153212946119371,0.9637034508405501,1186,"{'decomposition': 'ema', 'n_filters': 12, 'slowest': 0.0068481211016550025, 'input_scaling': 0.929634188755156, 'bias_dist': 'foldnorm', 'bias_scaling': 0.0004530104948033912, 'lr': 0.9407030287660403, 'sr': 0.9778712320759426, 'rc_connectivity': 0.020075371100608825, 'learning_rate': 0.001}",ppo,300,linear,0.001,,,,,,
RepeatPrevious,filterbank+esn,8,336,6.744047619047619,0.99416662,0.014457908639758382,0.9296381113261358,0.9718966943453896,1111,"{'decomposition': 'ema', 'n_filters': 12, 'slowest': 0.0068481211016550025, 'input_scaling': 0.929634188755156, 'bias_dist': 'foldnorm', 'bias_scaling': 0.0004530104948033912, 'lr': 0.9407030287660403, 'sr': 0.9778712320759426, 'rc_connectivity': 0.020075371100608825, 'learning_rate': 0.001}",ppo,300,linear,0.001,,,,,,
RepeatPrevious,filterbank+esn,9,336,6.744047619047619,0.9991666599999999,0.005833380000000002,0.9259543964147483,0.978115911360163,1105,"{'decomposition': 'ema', 'n_filters': 12, 'slowest': 0.0068481211016550025, 'input_scaling': 0.929634188755156, 'bias_dist': 'foldnorm', 'bias_scaling': 0.0004530104948033912, 'lr': 0.9407030287660403, 'sr': 0.9778712320759426, 'rc_connectivity': 0.020075371100608825, 'learning_rate': 0.001}",ppo,300,linear,0.001,,,,,,
RepeatPrevious,filterbank+esn,2,336,6.744047619047619,0.9866666399999999,0.036742396946176495,0.9060398854654715,0.9326498059093224,1091,"{'decomposition': 'ema', 'n_filters': 12, 'slowest': 0.0068481211016550025, 'input_scaling': 0.929634188755156, 'bias_dist': 'foldnorm', 'bias_scaling': 0.0004530104948033912, 'lr': 0.9407030287660403, 'sr': 0.9778712320759426, 'rc_connectivity': 0.020075371100608825, 'learning_rate': 0.003}",ppo,300,linear,0.003,,,,,,
RepeatPrevious,filterbank+esn,0,336,6.744047619047619,0.9524999600000001,0.0577410318196549,0.9095835514361377,0.9392086413652573,1126,"{'decomposition': 'ema', 'n_filters': 12, 'slowest': 0.0068481211016550025, 'input_scaling': 0.929634188755156, 'bias_dist': 'foldnorm', 'bias_scaling': 0.0004530104948033912, 'lr': 0.9407030287660403, 'sr': 0.9778712320759426, 'rc_connectivity': 0.020075371100608825, 'learning_rate': 0.003}",ppo,300,linear,0.003,,,,,,
RepeatPrevious,filterbank+esn,1,336,6.744047619047619,0.98166662,0.030230594510786586,0.9124906166225301,0.9456188976057055,1119,"{'decomposition': 'ema', 'n_filters': 12, 'slowest': 0.0068481211016550025, 'input_scaling': 0.929634188755156, 'bias_dist': 'foldnorm', 'bias_scaling': 0.0004530104948033912, 'lr': 0.9407030287660403, 'sr': 0.9778712320759426, 'rc_connectivity': 0.020075371100608825, 'learning_rate': 0.003}",ppo,300,linear,0.003,,,,,,
RepeatPrevious,filterbank+esn,7,336,6.744047619047619,0.97833324,0.03144664546724182,0.9158560346302709,0.9516895308201732,1097,"{'decomposition': 'ema', 'n_filters': 12, 'slowest': 0.0068481211016550025, 'input_scaling': 0.929634188755156, 'bias_dist': 'foldnorm', 'bias_scaling': 0.0004530104948033912, 'lr': 0.9407030287660403, 'sr': 0.9778712320759426, 'rc_connectivity': 0.020075371100608825, 'learning_rate': 0.003}",ppo,300,linear,0.003,,,,,,
RepeatPrevious,filterbank+esn,4,336,6.744047619047619,0.96083334,0.05164644733439465,0.9167133081584842,0.9500339169638308,1118,"{'decomposition': 'ema', 'n_filters': 12, 'slowest': 0.0068481211016550025, 'input_scaling': 0.929634188755156, 'bias_dist': 'foldnorm', 'bias_scaling': 0.0004530104948033912, 'lr': 0.9407030287660403, 'sr': 0.9778712320759426, 'rc_connectivity': 0.020075371100608825, 'learning_rate': 0.003}",ppo,300,linear,0.003,,,,,,
RepeatPrevious,filterbank+esn,3,336,6.744047619047619,0.96833326,0.03778593683200669,0.9121532283051538,0.9400789108507387,1130,"{'decomposition': 'ema', 'n_filters': 12, 'slowest': 0.0068481211016550025, 'input_scaling': 0.929634188755156, 'bias_dist': 'foldnorm', 'bias_scaling': 0.0004530104948033912, 'lr': 0.9407030287660403, 'sr': 0.9778712320759426, 'rc_connectivity': 0.020075371100608825, 'learning_rate': 0.003}",ppo,300,linear,0.003,,,,,,
RepeatPrevious,filterbank+esn,8,336,6.744047619047619,0.97416662,0.047791501220568494,0.9238218482888572,0.9540668563423332,1112,"{'decomposition': 'ema', 'n_filters': 12, 'slowest': 0.0068481211016550025, 'input_scaling': 0.929634188755156, 'bias_dist': 'foldnorm', 'bias_scaling': 0.0004530104948033912, 'lr': 0.9407030287660403, 'sr': 0.9778712320759426, 'rc_connectivity': 0.020075371100608825, 'learning_rate': 0.003}",ppo,300,linear,0.003,,,,,,
RepeatPrevious,filterbank+esn,6,336,6.744047619047619,0.97833326,0.030322354057566177,0.9174708387655325,0.9407793744268976,1140,"{'decomposition': 'ema', 'n_filters': 12, 'slowest': 0.0068481211016550025, 'input_scaling': 0.929634188755156, 'bias_dist': 'foldnorm', 'bias_scaling': 0.0004530104948033912, 'lr': 0.9407030287660403, 'sr': 0.9778712320759426, 'rc_connectivity': 0.020075371100608825, 'learning_rate': 0.003}",ppo,300,linear,0.003,,,,,,
RepeatPrevious,filterbank+esn,2,336,6.744047619047619,0.49583328000000004,0.03359295726549838,0.7424925090140558,0.4796654498217015,1112,"{'decomposition': 'ema', 'n_filters': 12, 'slowest': 0.0068481211016550025, 'input_scaling': 0.929634188755156, 'bias_dist': 'foldnorm', 'bias_scaling': 0.0004530104948033912, 'lr': 0.9407030287660403, 'sr': 0.9778712320759426, 'rc_connectivity': 0.020075371100608825, 'learning_rate': 0.01}",ppo,300,linear,0.01,,,,,,
RepeatPrevious,filterbank+esn,4,336,6.744047619047619,0.9933332999999999,0.021015922535306417,0.8855863960582605,0.9726608762098828,1107,"{'decomposition': 'ema', 'n_filters': 12, 'slowest': 0.0068481211016550025, 'input_scaling': 0.929634188755156, 'bias_dist': 'foldnorm', 'bias_scaling': 0.0004530104948033912, 'lr': 0.9407030287660403, 'sr': 0.9778712320759426, 'rc_connectivity': 0.020075371100608825, 'learning_rate': 0.01}",ppo,300,linear,0.01,,,,,,
RepeatPrevious,filterbank+esn,5,336,6.744047619047619,0.5266666,0.5199999740385378,0.8895777895701771,0.9298267727967396,1098,"{'decomposition': 'ema', 'n_filters': 12, 'slowest': 0.0068481211016550025, 'input_scaling': 0.929634188755156, 'bias_dist': 'foldnorm', 'bias_scaling': 0.0004530104948033912, 'lr': 0.9407030287660403, 'sr': 0.9778712320759426, 'rc_connectivity': 0.020075371100608825, 'learning_rate': 0.01}",ppo,300,linear,0.01,,,,,,
RepeatPrevious,filterbank+esn,5,336,6.744047619047619,0.91916662,0.09979492700330815,0.9223386059788145,0.9344540392256749,1149,"{'decomposition': 'ema', 'n_filters': 12, 'slowest': 0.0068481211016550025, 'input_scaling': 0.929634188755156, 'bias_dist': 'foldnorm', 'bias_scaling': 0.0004530104948033912, 'lr': 0.9407030287660403, 'sr': 0.9778712320759426, 'rc_connectivity': 0.020075371100608825, 'learning_rate': 0.003}",ppo,300,linear,0.003,,,,,,
RepeatPrevious,filterbank+esn,1,336,6.744047619047619,0.9241666599999999,0.10982621671451857,0.8026859466795682,0.8265197666836475,1127,"{'decomposition': 'ema', 'n_filters': 12, 'slowest': 0.0068481211016550025, 'input_scaling': 0.929634188755156, 'bias_dist': 'foldnorm', 'bias_scaling': 0.0004530104948033912, 'lr': 0.9407030287660403, 'sr': 0.9778712320759426, 'rc_connectivity': 0.020075371100608825, 'learning_rate': 0.01}",ppo,300,linear,0.01,,,,,,
RepeatPrevious,filterbank+esn,3,336,6.744047619047619,0.66333332,0.3638948030529394,0.8118655116622531,0.8740235838003056,1116,"{'decomposition': 'ema', 'n_filters': 12, 'slowest': 0.0068481211016550025, 'input_scaling': 0.929634188755156, 'bias_dist': 'foldnorm', 'bias_scaling': 0.0004530104948033912, 'lr': 0.9407030287660403, 'sr': 0.9778712320759426, 'rc_connectivity': 0.020075371100608825, 'learning_rate': 0.01}",ppo,300,linear,0.01,,,,,,
RepeatPrevious,filterbank+esn,7,336,6.744047619047619,0.6691666599999999,0.2373771963916172,0.8677492628335709,0.8989004793683137,1111,"{'decomposition': 'ema', 'n_filters': 12, 'slowest': 0.0068481211016550025, 'input_scaling': 0.929634188755156, 'bias_dist': 'foldnorm', 'bias_scaling': 0.0004530104948033912, 'lr': 0.9407030287660403, 'sr': 0.9778712320759426, 'rc_connectivity': 0.020075371100608825, 'learning_rate': 0.01}",ppo,300,linear,0.01,,,,,,
RepeatPrevious,filterbank+esn,0,336,6.744047619047619,1.0,0.0,0.8669301849154614,0.9578451115639327,1152,"{'decomposition': 'ema', 'n_filters': 12, 'slowest': 0.0068481211016550025, 'input_scaling': 0.929634188755156, 'bias_dist': 'foldnorm', 'bias_scaling': 0.0004530104948033912, 'lr': 0.9407030287660403, 'sr': 0.9778712320759426, 'rc_connectivity': 0.020075371100608825, 'learning_rate': 0.01}",ppo,300,linear,0.01,,,,,,
RepeatPrevious,filterbank+esn,9,336,6.744047619047619,0.9974999800000001,0.00989536423481218,0.9092885937563657,0.9481447890983188,1157,"{'decomposition': 'ema', 'n_filters': 12, 'slowest': 0.0068481211016550025, 'input_scaling': 0.929634188755156, 'bias_dist': 'foldnorm', 'bias_scaling': 0.0004530104948033912, 'lr': 0.9407030287660403, 'sr': 0.9778712320759426, 'rc_connectivity': 0.020075371100608825, 'learning_rate': 0.003}",ppo,300,linear,0.003,,,,,,
RepeatPrevious,filterbank+esn,8,336,6.744047619047619,0.97833332,0.03358235283981156,0.8557283961091872,0.9622388930208863,1112,"{'decomposition': 'ema', 'n_filters': 12, 'slowest': 0.0068481211016550025, 'input_scaling': 0.929634188755156, 'bias_dist': 'foldnorm', 'bias_scaling': 0.0004530104948033912, 'lr': 0.9407030287660403, 'sr': 0.9778712320759426, 'rc_connectivity': 0.020075371100608825, 'learning_rate': 0.01}",ppo,300,linear,0.01,,,,,,
RepeatPrevious,filterbank+hag,4,312,4.493589743589744,0.8366666600000001,0.0916060711238311,0.5077939361886331,0.7012650631686194,1072,"{'decomposition': 'legendre', 'n_filters': 12, 'slowest': 0.05503533446959869, 'input_scaling': 0.9095759553753703, 'bias_dist': 'foldnorm', 'bias_scaling': 0.04123764193322552, 'lr': 0.9047782400199377, 'weight_increment': 0.002278223530217896, 'min_window': 11, 'max_window': 59, 'use_full_instance': False, 'max_partners': 20, 'homeostasis': 'mean', 'target': 0.52, 'spread': 0.385, 'learning_rate': 0.0003}",ppo,300,linear,0.0003,,,,,,
RepeatPrevious,filterbank+esn,9,336,6.744047619047619,0.9566665999999999,0.05890200241859355,0.8358499487675698,0.986945982679572,1099,"{'decomposition': 'ema', 'n_filters': 12, 'slowest': 0.0068481211016550025, 'input_scaling': 0.929634188755156, 'bias_dist': 'foldnorm', 'bias_scaling': 0.0004530104948033912, 'lr': 0.9407030287660403, 'sr': 0.9778712320759426, 'rc_connectivity': 0.020075371100608825, 'learning_rate': 0.01}",ppo,300,linear,0.01,,,,,,
RepeatPrevious,filterbank+esn,6,336,6.744047619047619,0.94749998,0.09531016973848909,0.8018796036871052,0.9302937493632195,1141,"{'decomposition': 'ema', 'n_filters': 12, 'slowest': 0.0068481211016550025, 'input_scaling': 0.929634188755156, 'bias_dist': 'foldnorm', 'bias_scaling': 0.0004530104948033912, 'lr': 0.9407030287660403, 'sr': 0.9778712320759426, 'rc_connectivity': 0.020075371100608825, 'learning_rate': 0.01}",ppo,300,linear,0.01,,,,,,
RepeatPrevious,filterbank+hag,0,312,3.9743589743589745,0.84333334,0.10122858281070815,0.5045834168873498,0.7109865787060622,1104,"{'decomposition': 'legendre', 'n_filters': 12, 'slowest': 0.05503533446959869, 'input_scaling': 0.9095759553753703, 'bias_dist': 'foldnorm', 'bias_scaling': 0.04123764193322552, 'lr': 0.9047782400199377, 'weight_increment': 0.002278223530217896, 'min_window': 11, 'max_window': 59, 'use_full_instance': False, 'max_partners': 20, 'homeostasis': 'mean', 'target': 0.52, 'spread': 0.385, 'learning_rate': 0.0003}",ppo,300,linear,0.0003,,,,,,
RepeatPrevious,filterbank+hag,2,312,4.689102564102564,0.8508333399999999,0.09132124488170537,0.4944426065899369,0.6976990967906266,1097,"{'decomposition': 'legendre', 'n_filters': 12, 'slowest': 0.05503533446959869, 'input_scaling': 0.9095759553753703, 'bias_dist': 'foldnorm', 'bias_scaling': 0.04123764193322552, 'lr': 0.9047782400199377, 'weight_increment': 0.002278223530217896, 'min_window': 11, 'max_window': 59, 'use_full_instance': False, 'max_partners': 20, 'homeostasis': 'mean', 'target': 0.52, 'spread': 0.385, 'learning_rate': 0.0003}",ppo,300,linear,0.0003,,,,,,
RepeatPrevious,filterbank+hag,5,312,4.384615384615385,0.83583332,0.0867667342813915,0.5078172777042168,0.71283324707081,1103,"{'decomposition': 'legendre', 'n_filters': 12, 'slowest': 0.05503533446959869, 'input_scaling': 0.9095759553753703, 'bias_dist': 'foldnorm', 'bias_scaling': 0.04123764193322552, 'lr': 0.9047782400199377, 'weight_increment': 0.002278223530217896, 'min_window': 11, 'max_window': 59, 'use_full_instance': False, 'max_partners': 20, 'homeostasis': 'mean', 'target': 0.52, 'spread': 0.385, 'learning_rate': 0.0003}",ppo,300,linear,0.0003,,,,,,
RepeatPrevious,filterbank+hag,3,312,4.676282051282051,0.84500008,0.08540746662695012,0.4983385160928907,0.6982934294447275,1110,"{'decomposition': 'legendre', 'n_filters': 12, 'slowest': 0.05503533446959869, 'input_scaling': 0.9095759553753703, 'bias_dist': 'foldnorm', 'bias_scaling': 0.04123764193322552, 'lr': 0.9047782400199377, 'weight_increment': 0.002278223530217896, 'min_window': 11, 'max_window': 59, 'use_full_instance': False, 'max_partners': 20, 'homeostasis': 'mean', 'target': 0.52, 'spread': 0.385, 'learning_rate': 0.0003}",ppo,300,linear,0.0003,,,,,,
RepeatPrevious,filterbank+hag,7,312,4.490384615384615,0.8608332399999999,0.09075677887178676,0.49786319036463644,0.6965104411614875,1101,"{'decomposition': 'legendre', 'n_filters': 12, 'slowest': 0.05503533446959869, 'input_scaling': 0.9095759553753703, 'bias_dist': 'foldnorm', 'bias_scaling': 0.04123764193322552, 'lr': 0.9047782400199377, 'weight_increment': 0.002278223530217896, 'min_window': 11, 'max_window': 59, 'use_full_instance': False, 'max_partners': 20, 'homeostasis': 'mean', 'target': 0.52, 'spread': 0.385, 'learning_rate': 0.0003}",ppo,300,linear,0.0003,,,,,,
RepeatPrevious,filterbank+hag,6,312,4.298076923076923,0.83000006,0.08326663237297639,0.49984509665919746,0.6975292893530312,1126,"{'decomposition': 'legendre', 'n_filters': 12, 'slowest': 0.05503533446959869, 'input_scaling': 0.9095759553753703, 'bias_dist': 'foldnorm', 'bias_scaling': 0.04123764193322552, 'lr': 0.9047782400199377, 'weight_increment': 0.002278223530217896, 'min_window': 11, 'max_window': 59, 'use_full_instance': False, 'max_partners': 20, 'homeostasis': 'mean', 'target': 0.52, 'spread': 0.385, 'learning_rate': 0.0003}",ppo,300,linear,0.0003,,,,,,
RepeatPrevious,filterbank+hag,1,312,4.458333333333333,0.85333332,0.08749602835476362,0.5024635835200653,0.7106681940906775,1185,"{'decomposition': 'legendre', 'n_filters': 12, 'slowest': 0.05503533446959869, 'input_scaling': 0.9095759553753703, 'bias_dist': 'foldnorm', 'bias_scaling': 0.04123764193322552, 'lr': 0.9047782400199377, 'weight_increment': 0.002278223530217896, 'min_window': 11, 'max_window': 59, 'use_full_instance': False, 'max_partners': 20, 'homeostasis': 'mean', 'target': 0.52, 'spread': 0.385, 'learning_rate': 0.0003}",ppo,300,linear,0.0003,,,,,,
RepeatPrevious,filterbank+hag,8,312,4.25,0.84666664,0.07968688474316461,0.496339630270931,0.6946425562913907,1091,"{'decomposition': 'legendre', 'n_filters': 12, 'slowest': 0.05503533446959869, 'input_scaling': 0.9095759553753703, 'bias_dist': 'foldnorm', 'bias_scaling': 0.04123764193322552, 'lr': 0.9047782400199377, 'weight_increment': 0.002278223530217896, 'min_window': 11, 'max_window': 59, 'use_full_instance': False, 'max_partners': 20, 'homeostasis': 'mean', 'target': 0.52, 'spread': 0.385, 'learning_rate': 0.0003}",ppo,300,linear,0.0003,,,,,,
RepeatPrevious,filterbank+hag,9,312,4.528846153846154,0.84916662,0.08074737236910932,0.4844397201059279,0.6936873897096282,1089,"{'decomposition': 'legendre', 'n_filters': 12, 'slowest': 0.05503533446959869, 'input_scaling': 0.9095759553753703, 'bias_dist': 'foldnorm', 'bias_scaling': 0.04123764193322552, 'lr': 0.9047782400199377, 'weight_increment': 0.002278223530217896, 'min_window': 11, 'max_window': 59, 'use_full_instance': False, 'max_partners': 20, 'homeostasis': 'mean', 'target': 0.52, 'spread': 0.385, 'learning_rate': 0.0003}",ppo,300,linear,0.0003,,,,,,
RepeatPrevious,filterbank+hag,1,312,4.458333333333333,0.8933333200000001,0.06726800824625032,0.6838353872988389,0.8126804284258788,1081,"{'decomposition': 'legendre', 'n_filters': 12, 'slowest': 0.05503533446959869, 'input_scaling': 0.9095759553753703, 'bias_dist': 'foldnorm', 'bias_scaling': 0.04123764193322552, 'lr': 0.9047782400199377, 'weight_increment': 0.002278223530217896, 'min_window': 11, 'max_window': 59, 'use_full_instance': False, 'max_partners': 20, 'homeostasis': 'mean', 'target': 0.52, 'spread': 0.385, 'learning_rate': 0.001}",ppo,300,linear,0.001,,,,,,
RepeatPrevious,filterbank+hag,3,312,4.676282051282051,0.8741666800000002,0.08228085385542373,0.6742738673355062,0.7996688762098828,1068,"{'decomposition': 'legendre', 'n_filters': 12, 'slowest': 0.05503533446959869, 'input_scaling': 0.9095759553753703, 'bias_dist': 'foldnorm', 'bias_scaling': 0.04123764193322552, 'lr': 0.9047782400199377, 'weight_increment': 0.002278223530217896, 'min_window': 11, 'max_window': 59, 'use_full_instance': False, 'max_partners': 20, 'homeostasis': 'mean', 'target': 0.52, 'spread': 0.385, 'learning_rate': 0.001}",ppo,300,linear,0.001,,,,,,
RepeatPrevious,filterbank+hag,2,312,4.689102564102564,0.8924999200000001,0.07269127656709297,0.672678160165003,0.7958057417218543,1093,"{'decomposition': 'legendre', 'n_filters': 12, 'slowest': 0.05503533446959869, 'input_scaling': 0.9095759553753703, 'bias_dist': 'foldnorm', 'bias_scaling': 0.04123764193322552, 'lr': 0.9047782400199377, 'weight_increment': 0.002278223530217896, 'min_window': 11, 'max_window': 59, 'use_full_instance': False, 'max_partners': 20, 'homeostasis': 'mean', 'target': 0.52, 'spread': 0.385, 'learning_rate': 0.001}",ppo,300,linear,0.001,,,,,,
RepeatPrevious,filterbank+hag,4,312,4.493589743589744,0.8783332800000002,0.0767571699152698,0.6797209201975962,0.8033197442689761,1082,"{'decomposition': 'legendre', 'n_filters': 12, 'slowest': 0.05503533446959869, 'input_scaling': 0.9095759553753703, 'bias_dist': 'foldnorm', 'bias_scaling': 0.04123764193322552, 'lr': 0.9047782400199377, 'weight_increment': 0.002278223530217896, 'min_window': 11, 'max_window': 59, 'use_full_instance': False, 'max_partners': 20, 'homeostasis': 'mean', 'target': 0.52, 'spread': 0.385, 'learning_rate': 0.001}",ppo,300,linear,0.001,,,,,,
RepeatPrevious,filterbank+hag,6,312,4.298076923076923,0.86666662,0.07592024177513926,0.6747661616418823,0.7943411487519103,1072,"{'decomposition': 'legendre', 'n_filters': 12, 'slowest': 0.05503533446959869, 'input_scaling': 0.9095759553753703, 'bias_dist': 'foldnorm', 'bias_scaling': 0.04123764193322552, 'lr': 0.9047782400199377, 'weight_increment': 0.002278223530217896, 'min_window': 11, 'max_window': 59, 'use_full_instance': False, 'max_partners': 20, 'homeostasis': 'mean', 'target': 0.52, 'spread': 0.385, 'learning_rate': 0.001}",ppo,300,linear,0.001,,,,,,
RepeatPrevious,filterbank+hag,5,312,4.384615384615385,0.8966666400000001,0.06304744721295541,0.6904537579955184,0.8196850015282731,1097,"{'decomposition': 'legendre', 'n_filters': 12, 'slowest': 0.05503533446959869, 'input_scaling': 0.9095759553753703, 'bias_dist': 'foldnorm', 'bias_scaling': 0.04123764193322552, 'lr': 0.9047782400199377, 'weight_increment': 0.002278223530217896, 'min_window': 11, 'max_window': 59, 'use_full_instance': False, 'max_partners': 20, 'homeostasis': 'mean', 'target': 0.52, 'spread': 0.385, 'learning_rate': 0.001}",ppo,300,linear,0.001,,,,,,
RepeatPrevious,filterbank+hag,8,312,4.25,0.87916662,0.06731452171259632,0.6706368385618252,0.7949354635761589,1084,"{'decomposition': 'legendre', 'n_filters': 12, 'slowest': 0.05503533446959869, 'input_scaling': 0.9095759553753703, 'bias_dist': 'foldnorm', 'bias_scaling': 0.04123764193322552, 'lr': 0.9047782400199377, 'weight_increment': 0.002278223530217896, 'min_window': 11, 'max_window': 59, 'use_full_instance': False, 'max_partners': 20, 'homeostasis': 'mean', 'target': 0.52, 'spread': 0.385, 'learning_rate': 0.001}",ppo,300,linear,0.001,,,,,,
RepeatPrevious,filterbank+hag,0,312,3.9743589743589745,0.92583332,0.05354767055902245,0.7754613108576086,0.8807734747834945,1071,"{'decomposition': 'legendre', 'n_filters': 12, 'slowest': 0.05503533446959869, 'input_scaling': 0.9095759553753703, 'bias_dist': 'foldnorm', 'bias_scaling': 0.04123764193322552, 'lr': 0.9047782400199377, 'weight_increment': 0.002278223530217896, 'min_window': 11, 'max_window': 59, 'use_full_instance': False, 'max_partners': 20, 'homeostasis': 'mean', 'target': 0.52, 'spread': 0.385, 'learning_rate': 0.003}",ppo,300,linear,0.003,,,,,,
RepeatPrevious,filterbank+hag,7,312,4.490384615384615,0.9008333199999999,0.06608598456267108,0.6737879389386839,0.802152306673459,1093,"{'decomposition': 'legendre', 'n_filters': 12, 'slowest': 0.05503533446959869, 'input_scaling': 0.9095759553753703, 'bias_dist': 'foldnorm', 'bias_scaling': 0.04123764193322552, 'lr': 0.9047782400199377, 'weight_increment': 0.002278223530217896, 'min_window': 11, 'max_window': 59, 'use_full_instance': False, 'max_partners': 20, 'homeostasis': 'mean', 'target': 0.52, 'spread': 0.385, 'learning_rate': 0.001}",ppo,300,linear,0.001,,,,,,
RepeatPrevious,filterbank+hag,9,312,4.528846153846154,0.8908333600000001,0.06340451911741307,0.6684151562436341,0.8008362980132451,1087,"{'decomposition': 'legendre', 'n_filters': 12, 'slowest': 0.05503533446959869, 'input_scaling': 0.9095759553753703, 'bias_dist': 'foldnorm', 'bias_scaling': 0.04123764193322552, 'lr': 0.9047782400199377, 'weight_increment': 0.002278223530217896, 'min_window': 11, 'max_window': 59, 'use_full_instance': False, 'max_partners': 20, 'homeostasis': 'mean', 'target': 0.52, 'spread': 0.385, 'learning_rate': 0.001}",ppo,300,linear,0.001,,,,,,
RepeatPrevious,filterbank+hag,6,312,4.298076923076923,0.91499998,0.05948850906838732,0.7562661289977592,0.8508023479368314,1060,"{'decomposition': 'legendre', 'n_filters': 12, 'slowest': 0.05503533446959869, 'input_scaling': 0.9095759553753703, 'bias_dist': 'foldnorm', 'bias_scaling': 0.04123764193322552, 'lr': 0.9047782400199377, 'weight_increment': 0.002278223530217896, 'min_window': 11, 'max_window': 59, 'use_full_instance': False, 'max_partners': 20, 'homeostasis': 'mean', 'target': 0.52, 'spread': 0.385, 'learning_rate': 0.003}",ppo,300,linear,0.003,,,,,,
RepeatPrevious,filterbank+hag,2,312,4.689102564102564,0.9316666399999999,0.04769691604360181,0.7566056363821552,0.8569154340295465,1087,"{'decomposition': 'legendre', 'n_filters': 12, 'slowest': 0.05503533446959869, 'input_scaling': 0.9095759553753703, 'bias_dist': 'foldnorm', 'bias_scaling': 0.04123764193322552, 'lr': 0.9047782400199377, 'weight_increment': 0.002278223530217896, 'min_window': 11, 'max_window': 59, 'use_full_instance': False, 'max_partners': 20, 'homeostasis': 'mean', 'target': 0.52, 'spread': 0.385, 'learning_rate': 0.003}",ppo,300,linear,0.003,,,,,,
RepeatPrevious,filterbank+hag,4,312,4.493589743589744,0.89666668,0.06883955968669178,0.7622861066408636,0.8610969602649007,1079,"{'decomposition': 'legendre', 'n_filters': 12, 'slowest': 0.05503533446959869, 'input_scaling': 0.9095759553753703, 'bias_dist': 'foldnorm', 'bias_scaling': 0.04123764193322552, 'lr': 0.9047782400199377, 'weight_increment': 0.002278223530217896, 'min_window': 11, 'max_window': 59, 'use_full_instance': False, 'max_partners': 20, 'homeostasis': 'mean', 'target': 0.52, 'spread': 0.385, 'learning_rate': 0.003}",ppo,300,linear,0.003,,,,,,
RepeatPrevious,filterbank+hag,1,312,4.458333333333333,0.9374998800000001,0.053521771271750715,0.7715399443369322,0.8729623097300052,1105,"{'decomposition': 'legendre', 'n_filters': 12, 'slowest': 0.05503533446959869, 'input_scaling': 0.9095759553753703, 'bias_dist': 'foldnorm', 'bias_scaling': 0.04123764193322552, 'lr': 0.9047782400199377, 'weight_increment': 0.002278223530217896, 'min_window': 11, 'max_window': 59, 'use_full_instance': False, 'max_partners': 20, 'homeostasis': 'mean', 'target': 0.52, 'spread': 0.385, 'learning_rate': 0.003}",ppo,300,linear,0.003,,,,,,
RepeatPrevious,filterbank+hag,0,312,3.9743589743589745,0.8958332399999999,0.06414500500227902,0.6813463384599715,0.8149940601120733,1239,"{'decomposition': 'legendre', 'n_filters': 12, 'slowest': 0.05503533446959869, 'input_scaling': 0.9095759553753703, 'bias_dist': 'foldnorm', 'bias_scaling': 0.04123764193322552, 'lr': 0.9047782400199377, 'weight_increment': 0.002278223530217896, 'min_window': 11, 'max_window': 59, 'use_full_instance': False, 'max_partners': 20, 'homeostasis': 'mean', 'target': 0.52, 'spread': 0.385, 'learning_rate': 0.001}",ppo,300,linear,0.001,,,,,,
RepeatPrevious,filterbank+hag,5,312,4.384615384615385,0.9449999200000001,0.045215485057152706,0.7785911944387859,0.8804975267447784,1099,"{'decomposition': 'legendre', 'n_filters': 12, 'slowest': 0.05503533446959869, 'input_scaling': 0.9095759553753703, 'bias_dist': 'foldnorm', 'bias_scaling': 0.04123764193322552, 'lr': 0.9047782400199377, 'weight_increment': 0.002278223530217896, 'min_window': 11, 'max_window': 59, 'use_full_instance': False, 'max_partners': 20, 'homeostasis': 'mean', 'target': 0.52, 'spread': 0.385, 'learning_rate': 0.003}",ppo,300,linear,0.003,,,,,,
RepeatPrevious,filterbank+hag,4,312,4.493589743589744,0.9324999600000001,0.04705932001291987,0.8038869908331636,0.8887968945491594,1059,"{'decomposition': 'legendre', 'n_filters': 12, 'slowest': 0.05503533446959869, 'input_scaling': 0.9095759553753703, 'bias_dist': 'foldnorm', 'bias_scaling': 0.04123764193322552, 'lr': 0.9047782400199377, 'weight_increment': 0.002278223530217896, 'min_window': 11, 'max_window': 59, 'use_full_instance': False, 'max_partners': 20, 'homeostasis': 'mean', 'target': 0.52, 'spread': 0.385, 'learning_rate': 0.01}",ppo,300,linear,0.01,,,,,,
RepeatPrevious,filterbank+hag,8,312,4.25,0.9166666600000001,0.05400617248745184,0.7494164634345081,0.8511844136525726,1100,"{'decomposition': 'legendre', 'n_filters': 12, 'slowest': 0.05503533446959869, 'input_scaling': 0.9095759553753703, 'bias_dist': 'foldnorm', 'bias_scaling': 0.04123764193322552, 'lr': 0.9047782400199377, 'weight_increment': 0.002278223530217896, 'min_window': 11, 'max_window': 59, 'use_full_instance': False, 'max_partners': 20, 'homeostasis': 'mean', 'target': 0.52, 'spread': 0.385, 'learning_rate': 0.003}",ppo,300,linear,0.003,,,,,,
RepeatPrevious,filterbank+hag,9,312,4.528846153846154,0.9116666000000001,0.04687450029429647,0.7540232261662253,0.8619035410086602,1103,"{'decomposition': 'legendre', 'n_filters': 12, 'slowest': 0.05503533446959869, 'input_scaling': 0.9095759553753703, 'bias_dist': 'foldnorm', 'bias_scaling': 0.04123764193322552, 'lr': 0.9047782400199377, 'weight_increment': 0.002278223530217896, 'min_window': 11, 'max_window': 59, 'use_full_instance': False, 'max_partners': 20, 'homeostasis': 'mean', 'target': 0.52, 'spread': 0.385, 'learning_rate': 0.003}",ppo,300,linear,0.003,,,,,,
RepeatPrevious,filterbank+hag,3,312,4.676282051282051,0.91666674,0.060667532045670026,0.8041607233143205,0.8773136245542535,1077,"{'decomposition': 'legendre', 'n_filters': 12, 'slowest': 0.05503533446959869, 'input_scaling': 0.9095759553753703, 'bias_dist': 'foldnorm', 'bias_scaling': 0.04123764193322552, 'lr': 0.9047782400199377, 'weight_increment': 0.002278223530217896, 'min_window': 11, 'max_window': 59, 'use_full_instance': False, 'max_partners': 20, 'homeostasis': 'mean', 'target': 0.52, 'spread': 0.385, 'learning_rate': 0.01}",ppo,300,linear,0.01,,,,,,
RepeatPrevious,filterbank+hag,3,312,4.676282051282051,0.9058333199999999,0.07110722138726558,0.7598522287634957,0.8610545078960775,1121,"{'decomposition': 'legendre', 'n_filters': 12, 'slowest': 0.05503533446959869, 'input_scaling': 0.9095759553753703, 'bias_dist': 'foldnorm', 'bias_scaling': 0.04123764193322552, 'lr': 0.9047782400199377, 'weight_increment': 0.002278223530217896, 'min_window': 11, 'max_window': 59, 'use_full_instance': False, 'max_partners': 20, 'homeostasis': 'mean', 'target': 0.52, 'spread': 0.385, 'learning_rate': 0.003}",ppo,300,linear,0.003,,,,,,
RepeatPrevious,filterbank+hag,0,312,3.9743589743589745,0.9541666,0.04269556963807837,0.8268083232328376,0.9130582307692308,1089,"{'decomposition': 'legendre', 'n_filters': 12, 'slowest': 0.05503533446959869, 'input_scaling': 0.9095759553753703, 'bias_dist': 'foldnorm', 'bias_scaling': 0.04123764193322552, 'lr': 0.9047782400199377, 'weight_increment': 0.002278223530217896, 'min_window': 11, 'max_window': 59, 'use_full_instance': False, 'max_partners': 20, 'homeostasis': 'mean', 'target': 0.52, 'spread': 0.385, 'learning_rate': 0.01}",ppo,300,linear,0.01,,,,,,
RepeatPrevious,filterbank+hag,7,312,4.490384615384615,0.9258333800000002,0.05156572106502148,0.8024185975249541,0.8838936912888437,1074,"{'decomposition': 'legendre', 'n_filters': 12, 'slowest': 0.05503533446959869, 'input_scaling': 0.9095759553753703, 'bias_dist': 'foldnorm', 'bias_scaling': 0.04123764193322552, 'lr': 0.9047782400199377, 'weight_increment': 0.002278223530217896, 'min_window': 11, 'max_window': 59, 'use_full_instance': False, 'max_partners': 20, 'homeostasis': 'mean', 'target': 0.52, 'spread': 0.385, 'learning_rate': 0.01}",ppo,300,linear,0.01,,,,,,
RepeatPrevious,filterbank+hag,5,312,4.384615384615385,0.94499996,0.04960950334641942,0.8265749061417803,0.9102351676006114,1088,"{'decomposition': 'legendre', 'n_filters': 12, 'slowest': 0.05503533446959869, 'input_scaling': 0.9095759553753703, 'bias_dist': 'foldnorm', 'bias_scaling': 0.04123764193322552, 'lr': 0.9047782400199377, 'weight_increment': 0.002278223530217896, 'min_window': 11, 'max_window': 59, 'use_full_instance': False, 'max_partners': 20, 'homeostasis': 'mean', 'target': 0.52, 'spread': 0.385, 'learning_rate': 0.01}",ppo,300,linear,0.01,,,,,,
RepeatPrevious,filterbank+hag,7,312,4.490384615384615,0.9383332799999999,0.048045043449679595,0.7597631032287635,0.8651299077941926,1132,"{'decomposition': 'legendre', 'n_filters': 12, 'slowest': 0.05503533446959869, 'input_scaling': 0.9095759553753703, 'bias_dist': 'foldnorm', 'bias_scaling': 0.04123764193322552, 'lr': 0.9047782400199377, 'weight_increment': 0.002278223530217896, 'min_window': 11, 'max_window': 59, 'use_full_instance': False, 'max_partners': 20, 'homeostasis': 'mean', 'target': 0.52, 'spread': 0.385, 'learning_rate': 0.003}",ppo,300,linear,0.003,,,,,,
RepeatPrevious,filterbank+hag,2,312,4.689102564102564,0.91916668,0.046703835674787995,0.8019220627928294,0.8920657101375445,1114,"{'decomposition': 'legendre', 'n_filters': 12, 'slowest': 0.05503533446959869, 'input_scaling': 0.9095759553753703, 'bias_dist': 'foldnorm', 'bias_scaling': 0.04123764193322552, 'lr': 0.9047782400199377, 'weight_increment': 0.002278223530217896, 'min_window': 11, 'max_window': 59, 'use_full_instance': False, 'max_partners': 20, 'homeostasis': 'mean', 'target': 0.52, 'spread': 0.385, 'learning_rate': 0.01}",ppo,300,linear,0.01,,,,,,
RepeatPrevious,filterbank+hag,8,312,4.25,0.9025000200000001,0.05627929864185942,0.7907712002953757,0.8730684284258788,1100,"{'decomposition': 'legendre', 'n_filters': 12, 'slowest': 0.05503533446959869, 'input_scaling': 0.9095759553753703, 'bias_dist': 'foldnorm', 'bias_scaling': 0.04123764193322552, 'lr': 0.9047782400199377, 'weight_increment': 0.002278223530217896, 'min_window': 11, 'max_window': 59, 'use_full_instance': False, 'max_partners': 20, 'homeostasis': 'mean', 'target': 0.52, 'spread': 0.385, 'learning_rate': 0.01}",ppo,300,linear,0.01,,,,,,
RepeatPrevious,filterbank+proj,0,312,0.0,0.83333342,0.09895280861806602,0.43281897285597876,0.6700840560366784,1084,"{'decomposition': 'legendre', 'n_filters': 12, 'slowest': 0.05503533446959869, 'input_scaling': 0.9095759553753703, 'bias_dist': 'foldnorm', 'bias_scaling': 0.04123764193322552, 'lr': 0.9047782400199377, 'weight_increment': 0.002278223530217896, 'min_window': 11, 'max_window': 59, 'use_full_instance': False, 'max_partners': 20, 'homeostasis': 'mean', 'target': 0.52, 'spread': 0.385, 'learning_rate': 0.0003}",ppo,300,linear,0.0003,,,,,,
RepeatPrevious,filterbank+hag,1,312,4.458333333333333,0.9341666,0.04936393870549634,0.8214779796292524,0.9069875924605195,1131,"{'decomposition': 'legendre', 'n_filters': 12, 'slowest': 0.05503533446959869, 'input_scaling': 0.9095759553753703, 'bias_dist': 'foldnorm', 'bias_scaling': 0.04123764193322552, 'lr': 0.9047782400199377, 'weight_increment': 0.002278223530217896, 'min_window': 11, 'max_window': 59, 'use_full_instance': False, 'max_partners': 20, 'homeostasis': 'mean', 'target': 0.52, 'spread': 0.385, 'learning_rate': 0.01}",ppo,300,linear,0.01,,,,,,
RepeatPrevious,filterbank+hag,6,312,4.298076923076923,0.92333338,0.05550271204649013,0.7951997162354858,0.8744693382577686,1118,"{'decomposition': 'legendre', 'n_filters': 12, 'slowest': 0.05503533446959869, 'input_scaling': 0.9095759553753703, 'bias_dist': 'foldnorm', 'bias_scaling': 0.04123764193322552, 'lr': 0.9047782400199377, 'weight_increment': 0.002278223530217896, 'min_window': 11, 'max_window': 59, 'use_full_instance': False, 'max_partners': 20, 'homeostasis': 'mean', 'target': 0.52, 'spread': 0.385, 'learning_rate': 0.01}",ppo,300,linear,0.01,,,,,,
RepeatPrevious,filterbank+hag,9,312,4.528846153846154,0.8408333400000001,0.07439106435335094,0.8052598971277246,0.8767829765664799,1092,"{'decomposition': 'legendre', 'n_filters': 12, 'slowest': 0.05503533446959869, 'input_scaling': 0.9095759553753703, 'bias_dist': 'foldnorm', 'bias_scaling': 0.04123764193322552, 'lr': 0.9047782400199377, 'weight_increment': 0.002278223530217896, 'min_window': 11, 'max_window': 59, 'use_full_instance': False, 'max_partners': 20, 'homeostasis': 'mean', 'target': 0.52, 'spread': 0.385, 'learning_rate': 0.01}",ppo,300,linear,0.01,,,,,,
RepeatPrevious,filterbank+proj,1,312,0.0,0.84916662,0.08971013710877718,0.4558294265634549,0.681970616403464,1085,"{'decomposition': 'legendre', 'n_filters': 12, 'slowest': 0.05503533446959869, 'input_scaling': 0.9095759553753703, 'bias_dist': 'foldnorm', 'bias_scaling': 0.04123764193322552, 'lr': 0.9047782400199377, 'weight_increment': 0.002278223530217896, 'min_window': 11, 'max_window': 59, 'use_full_instance': False, 'max_partners': 20, 'homeostasis': 'mean', 'target': 0.52, 'spread': 0.385, 'learning_rate': 0.0003}",ppo,300,linear,0.0003,,,,,,
RepeatPrevious,filterbank+proj,2,312,0.0,0.84083332,0.09342623459809134,0.43822358275616213,0.6674307916454406,1098,"{'decomposition': 'legendre', 'n_filters': 12, 'slowest': 0.05503533446959869, 'input_scaling': 0.9095759553753703, 'bias_dist': 'foldnorm', 'bias_scaling': 0.04123764193322552, 'lr': 0.9047782400199377, 'weight_increment': 0.002278223530217896, 'min_window': 11, 'max_window': 59, 'use_full_instance': False, 'max_partners': 20, 'homeostasis': 'mean', 'target': 0.52, 'spread': 0.385, 'learning_rate': 0.0003}",ppo,300,linear,0.0003,,,,,,
RepeatPrevious,filterbank+proj,3,312,0.0,0.83583332,0.08795903124669803,0.44940840115094716,0.6719943927661741,1113,"{'decomposition': 'legendre', 'n_filters': 12, 'slowest': 0.05503533446959869, 'input_scaling': 0.9095759553753703, 'bias_dist': 'foldnorm', 'bias_scaling': 0.04123764193322552, 'lr': 0.9047782400199377, 'weight_increment': 0.002278223530217896, 'min_window': 11, 'max_window': 59, 'use_full_instance': False, 'max_partners': 20, 'homeostasis': 'mean', 'target': 0.52, 'spread': 0.385, 'learning_rate': 0.0003}",ppo,300,linear,0.0003,,,,,,
RepeatPrevious,filterbank+proj,4,312,0.0,0.83249998,0.08916669140222486,0.44210039279894076,0.6755603718797758,1087,"{'decomposition': 'legendre', 'n_filters': 12, 'slowest': 0.05503533446959869, 'input_scaling': 0.9095759553753703, 'bias_dist': 'foldnorm', 'bias_scaling': 0.04123764193322552, 'lr': 0.9047782400199377, 'weight_increment': 0.002278223530217896, 'min_window': 11, 'max_window': 59, 'use_full_instance': False, 'max_partners': 20, 'homeostasis': 'mean', 'target': 0.52, 'spread': 0.385, 'learning_rate': 0.0003}",ppo,300,linear,0.0003,,,,,,
RepeatPrevious,filterbank+proj,5,312,0.0,0.8199999000000002,0.09517526289288619,0.45351862196985127,0.6769825145185939,1071,"{'decomposition': 'legendre', 'n_filters': 12, 'slowest': 0.05503533446959869, 'input_scaling': 0.9095759553753703, 'bias_dist': 'foldnorm', 'bias_scaling': 0.04123764193322552, 'lr': 0.9047782400199377, 'weight_increment': 0.002278223530217896, 'min_window': 11, 'max_window': 59, 'use_full_instance': False, 'max_partners': 20, 'homeostasis': 'mean', 'target': 0.52, 'spread': 0.385, 'learning_rate': 0.0003}",ppo,300,linear,0.0003,,,,,,
RepeatPrevious,filterbank+proj,6,312,0.0,0.8458333400000001,0.07511560238927995,0.4552246726930128,0.6809093204279164,1078,"{'decomposition': 'legendre', 'n_filters': 12, 'slowest': 0.05503533446959869, 'input_scaling': 0.9095759553753703, 'bias_dist': 'foldnorm', 'bias_scaling': 0.04123764193322552, 'lr': 0.9047782400199377, 'weight_increment': 0.002278223530217896, 'min_window': 11, 'max_window': 59, 'use_full_instance': False, 'max_partners': 20, 'homeostasis': 'mean', 'target': 0.52, 'spread': 0.385, 'learning_rate': 0.0003}",ppo,300,linear,0.0003,,,,,,
RepeatPrevious,filterbank+proj,7,312,0.0,0.85833328,0.08079467735539018,0.45708350168058665,0.6789989796230259,1071,"{'decomposition': 'legendre', 'n_filters': 12, 'slowest': 0.05503533446959869, 'input_scaling': 0.9095759553753703, 'bias_dist': 'foldnorm', 'bias_scaling': 0.04123764193322552, 'lr': 0.9047782400199377, 'weight_increment': 0.002278223530217896, 'min_window': 11, 'max_window': 59, 'use_full_instance': False, 'max_partners': 20, 'homeostasis': 'mean', 'target': 0.52, 'spread': 0.385, 'learning_rate': 0.0003}",ppo,300,linear,0.0003,,,,,,
RepeatPrevious,filterbank+proj,8,312,0.0,0.84833332,0.07982615388766766,0.4493574736708087,0.67575140397351,1093,"{'decomposition': 'legendre', 'n_filters': 12, 'slowest': 0.05503533446959869, 'input_scaling': 0.9095759553753703, 'bias_dist': 'foldnorm', 'bias_scaling': 0.04123764193322552, 'lr': 0.9047782400199377, 'weight_increment': 0.002278223530217896, 'min_window': 11, 'max_window': 59, 'use_full_instance': False, 'max_partners': 20, 'homeostasis': 'mean', 'target': 0.52, 'spread': 0.385, 'learning_rate': 0.0003}",ppo,300,linear,0.0003,,,,,,
RepeatPrevious,filterbank+proj,0,312,0.0,0.87,0.07575545818302468,0.6403777902831533,0.7850229302088639,1062,"{'decomposition': 'legendre', 'n_filters': 12, 'slowest': 0.05503533446959869, 'input_scaling': 0.9095759553753703, 'bias_dist': 'foldnorm', 'bias_scaling': 0.04123764193322552, 'lr': 0.9047782400199377, 'weight_increment': 0.002278223530217896, 'min_window': 11, 'max_window': 59, 'use_full_instance': False, 'max_partners': 20, 'homeostasis': 'mean', 'target': 0.52, 'spread': 0.385, 'learning_rate': 0.001}",ppo,300,linear,0.001,,,,,,
RepeatPrevious,filterbank+proj,9,312,0.0,0.82833334,0.08359957841511163,0.44125161112242817,0.6761759128884361,1077,"{'decomposition': 'legendre', 'n_filters': 12, 'slowest': 0.05503533446959869, 'input_scaling': 0.9095759553753703, 'bias_dist': 'foldnorm', 'bias_scaling': 0.04123764193322552, 'lr': 0.9047782400199377, 'weight_increment': 0.002278223530217896, 'min_window': 11, 'max_window': 59, 'use_full_instance': False, 'max_partners': 20, 'homeostasis': 'mean', 'target': 0.52, 'spread': 0.385, 'learning_rate': 0.0003}",ppo,300,linear,0.0003,,,,,,
RepeatPrevious,filterbank+proj,3,312,0.0,0.87416664,0.07192297546730392,0.6499329481055205,0.7876549531329599,1072,"{'decomposition': 'legendre', 'n_filters': 12, 'slowest': 0.05503533446959869, 'input_scaling': 0.9095759553753703, 'bias_dist': 'foldnorm', 'bias_scaling': 0.04123764193322552, 'lr': 0.9047782400199377, 'weight_increment': 0.002278223530217896, 'min_window': 11, 'max_window': 59, 'use_full_instance': False, 'max_partners': 20, 'homeostasis': 'mean', 'target': 0.52, 'spread': 0.385, 'learning_rate': 0.001}",ppo,300,linear,0.001,,,,,,
RepeatPrevious,filterbank+proj,1,312,0.0,0.8916666400000001,0.07119998283448108,0.6542341444286005,0.7940439638308711,1094,"{'decomposition': 'legendre', 'n_filters': 12, 'slowest': 0.05503533446959869, 'input_scaling': 0.9095759553753703, 'bias_dist': 'foldnorm', 'bias_scaling': 0.04123764193322552, 'lr': 0.9047782400199377, 'weight_increment': 0.002278223530217896, 'min_window': 11, 'max_window': 59, 'use_full_instance': False, 'max_partners': 20, 'homeostasis': 'mean', 'target': 0.52, 'spread': 0.385, 'learning_rate': 0.001}",ppo,300,linear,0.001,,,,,,
RepeatPrevious,filterbank+proj,2,312,0.0,0.88833332,0.06994038985748936,0.647257163678957,0.786041770249618,1090,"{'decomposition': 'legendre', 'n_filters': 12, 'slowest': 0.05503533446959869, 'input_scaling': 0.9095759553753703, 'bias_dist': 'foldnorm', 'bias_scaling': 0.04123764193322552, 'lr': 0.9047782400199377, 'weight_increment': 0.002278223530217896, 'min_window': 11, 'max_window': 59, 'use_full_instance': False, 'max_partners': 20, 'homeostasis': 'mean', 'target': 0.52, 'spread': 0.385, 'learning_rate': 0.001}",ppo,300,linear,0.001,,,,,,
RepeatPrevious,filterbank+proj,5,312,0.0,0.8800000199999998,0.07889862567510032,0.6531561930128336,0.7976948675496688,1085,"{'decomposition': 'legendre', 'n_filters': 12, 'slowest': 0.05503533446959869, 'input_scaling': 0.9095759553753703, 'bias_dist': 'foldnorm', 'bias_scaling': 0.04123764193322552, 'lr': 0.9047782400199377, 'weight_increment': 0.002278223530217896, 'min_window': 11, 'max_window': 59, 'use_full_instance': False, 'max_partners': 20, 'homeostasis': 'mean', 'target': 0.52, 'spread': 0.385, 'learning_rate': 0.001}",ppo,300,linear,0.001,,,,,,
RepeatPrevious,filterbank+proj,4,312,0.0,0.8824999800000001,0.061627120383315005,0.6557640747097169,0.797609946001019,1091,"{'decomposition': 'legendre', 'n_filters': 12, 'slowest': 0.05503533446959869, 'input_scaling': 0.9095759553753703, 'bias_dist': 'foldnorm', 'bias_scaling': 0.04123764193322552, 'lr': 0.9047782400199377, 'weight_increment': 0.002278223530217896, 'min_window': 11, 'max_window': 59, 'use_full_instance': False, 'max_partners': 20, 'homeostasis': 'mean', 'target': 0.52, 'spread': 0.385, 'learning_rate': 0.001}",ppo,300,linear,0.001,,,,,,
RepeatPrevious,filterbank+proj,6,312,0.0,0.8841666600000001,0.06523986179280578,0.6578923916785496,0.7945321844116149,1067,"{'decomposition': 'legendre', 'n_filters': 12, 'slowest': 0.05503533446959869, 'input_scaling': 0.9095759553753703, 'bias_dist': 'foldnorm', 'bias_scaling': 0.04123764193322552, 'lr': 0.9047782400199377, 'weight_increment': 0.002278223530217896, 'min_window': 11, 'max_window': 59, 'use_full_instance': False, 'max_partners': 20, 'homeostasis': 'mean', 'target': 0.52, 'spread': 0.385, 'learning_rate': 0.001}",ppo,300,linear,0.001,,,,,,
RepeatPrevious,filterbank+proj,7,312,0.0,0.89916668,0.07172956092977009,0.6569099298737014,0.798161811003566,1087,"{'decomposition': 'legendre', 'n_filters': 12, 'slowest': 0.05503533446959869, 'input_scaling': 0.9095759553753703, 'bias_dist': 'foldnorm', 'bias_scaling': 0.04123764193322552, 'lr': 0.9047782400199377, 'weight_increment': 0.002278223530217896, 'min_window': 11, 'max_window': 59, 'use_full_instance': False, 'max_partners': 20, 'homeostasis': 'mean', 'target': 0.52, 'spread': 0.385, 'learning_rate': 0.001}",ppo,300,linear,0.001,,,,,,
RepeatPrevious,filterbank+proj,2,312,0.0,0.9233333400000001,0.0435889374353677,0.7457645834691383,0.8471939266428935,1053,"{'decomposition': 'legendre', 'n_filters': 12, 'slowest': 0.05503533446959869, 'input_scaling': 0.9095759553753703, 'bias_dist': 'foldnorm', 'bias_scaling': 0.04123764193322552, 'lr': 0.9047782400199377, 'weight_increment': 0.002278223530217896, 'min_window': 11, 'max_window': 59, 'use_full_instance': False, 'max_partners': 20, 'homeostasis': 'mean', 'target': 0.52, 'spread': 0.385, 'learning_rate': 0.003}",ppo,300,linear,0.003,,,,,,
RepeatPrevious,filterbank+proj,8,312,0.0,0.8791666599999998,0.05788523175754245,0.6512867505092688,0.7886950269994906,1086,"{'decomposition': 'legendre', 'n_filters': 12, 'slowest': 0.05503533446959869, 'input_scaling': 0.9095759553753703, 'bias_dist': 'foldnorm', 'bias_scaling': 0.04123764193322552, 'lr': 0.9047782400199377, 'weight_increment': 0.002278223530217896, 'min_window': 11, 'max_window': 59, 'use_full_instance': False, 'max_partners': 20, 'homeostasis': 'mean', 'target': 0.52, 'spread': 0.385, 'learning_rate': 0.001}",ppo,300,linear,0.001,,,,,,
RepeatPrevious,filterbank+proj,9,312,0.0,0.8875000600000001,0.06574891760885802,0.6507965834691384,0.7954873545593479,1089,"{'decomposition': 'legendre', 'n_filters': 12, 'slowest': 0.05503533446959869, 'input_scaling': 0.9095759553753703, 'bias_dist': 'foldnorm', 'bias_scaling': 0.04123764193322552, 'lr': 0.9047782400199377, 'weight_increment': 0.002278223530217896, 'min_window': 11, 'max_window': 59, 'use_full_instance': False, 'max_partners': 20, 'homeostasis': 'mean', 'target': 0.52, 'spread': 0.385, 'learning_rate': 0.001}",ppo,300,linear,0.001,,,,,,
RepeatPrevious,filterbank+proj,5,312,0.0,0.92583332,0.0487979931289966,0.7534311963230801,0.8647053739174733,1071,"{'decomposition': 'legendre', 'n_filters': 12, 'slowest': 0.05503533446959869, 'input_scaling': 0.9095759553753703, 'bias_dist': 'foldnorm', 'bias_scaling': 0.04123764193322552, 'lr': 0.9047782400199377, 'weight_increment': 0.002278223530217896, 'min_window': 11, 'max_window': 59, 'use_full_instance': False, 'max_partners': 20, 'homeostasis': 'mean', 'target': 0.52, 'spread': 0.385, 'learning_rate': 0.003}",ppo,300,linear,0.003,,,,,,
RepeatPrevious,filterbank+proj,3,312,0.0,0.91416658,0.05362546151114785,0.7445147529537584,0.8537952017320427,1095,"{'decomposition': 'legendre', 'n_filters': 12, 'slowest': 0.05503533446959869, 'input_scaling': 0.9095759553753703, 'bias_dist': 'foldnorm', 'bias_scaling': 0.04123764193322552, 'lr': 0.9047782400199377, 'weight_increment': 0.002278223530217896, 'min_window': 11, 'max_window': 59, 'use_full_instance': False, 'max_partners': 20, 'homeostasis': 'mean', 'target': 0.52, 'spread': 0.385, 'learning_rate': 0.003}",ppo,300,linear,0.003,,,,,,
RepeatPrevious,filterbank+proj,1,312,0.0,0.93,0.05233430466262068,0.7534099776431045,0.8620096698930209,1105,"{'decomposition': 'legendre', 'n_filters': 12, 'slowest': 0.05503533446959869, 'input_scaling': 0.9095759553753703, 'bias_dist': 'foldnorm', 'bias_scaling': 0.04123764193322552, 'lr': 0.9047782400199377, 'weight_increment': 0.002278223530217896, 'min_window': 11, 'max_window': 59, 'use_full_instance': False, 'max_partners': 20, 'homeostasis': 'mean', 'target': 0.52, 'spread': 0.385, 'learning_rate': 0.003}",ppo,300,linear,0.003,,,,,,
RepeatPrevious,filterbank+proj,7,312,0.0,0.9424999799999999,0.046315589288916534,0.7547637802505602,0.8622007116658177,1087,"{'decomposition': 'legendre', 'n_filters': 12, 'slowest': 0.05503533446959869, 'input_scaling': 0.9095759553753703, 'bias_dist': 'foldnorm', 'bias_scaling': 0.04123764193322552, 'lr': 0.9047782400199377, 'weight_increment': 0.002278223530217896, 'min_window': 11, 'max_window': 59, 'use_full_instance': False, 'max_partners': 20, 'homeostasis': 'mean', 'target': 0.52, 'spread': 0.385, 'learning_rate': 0.003}",ppo,300,linear,0.003,,,,,,
RepeatPrevious,filterbank+proj,4,312,0.0,0.91333332,0.05580219450144949,0.7489008290894276,0.8568942098828324,1098,"{'decomposition': 'legendre', 'n_filters': 12, 'slowest': 0.05503533446959869, 'input_scaling': 0.9095759553753703, 'bias_dist': 'foldnorm', 'bias_scaling': 0.04123764193322552, 'lr': 0.9047782400199377, 'weight_increment': 0.002278223530217896, 'min_window': 11, 'max_window': 59, 'use_full_instance': False, 'max_partners': 20, 'homeostasis': 'mean', 'target': 0.52, 'spread': 0.385, 'learning_rate': 0.003}",ppo,300,linear,0.003,,,,,,
RepeatPrevious,filterbank+proj,8,312,0.0,0.9049999599999999,0.049328819163632937,0.7444426029741291,0.8478306994396332,1077,"{'decomposition': 'legendre', 'n_filters': 12, 'slowest': 0.05503533446959869, 'input_scaling': 0.9095759553753703, 'bias_dist': 'foldnorm', 'bias_scaling': 0.04123764193322552, 'lr': 0.9047782400199377, 'weight_increment': 0.002278223530217896, 'min_window': 11, 'max_window': 59, 'use_full_instance': False, 'max_partners': 20, 'homeostasis': 'mean', 'target': 0.52, 'spread': 0.385, 'learning_rate': 0.003}",ppo,300,linear,0.003,,,,,,
RepeatPrevious,filterbank+proj,2,312,0.0,0.90583334,0.057014833645503166,0.8023761581788552,0.8962896856851758,1078,"{'decomposition': 'legendre', 'n_filters': 12, 'slowest': 0.05503533446959869, 'input_scaling': 0.9095759553753703, 'bias_dist': 'foldnorm', 'bias_scaling': 0.04123764193322552, 'lr': 0.9047782400199377, 'weight_increment': 0.002278223530217896, 'min_window': 11, 'max_window': 59, 'use_full_instance': False, 'max_partners': 20, 'homeostasis': 'mean', 'target': 0.52, 'spread': 0.385, 'learning_rate': 0.01}",ppo,300,linear,0.01,,,,,,
RepeatPrevious,filterbank+proj,6,312,0.0,0.90500004,0.05530223865340715,0.7486440731309839,0.8540286943453897,1127,"{'decomposition': 'legendre', 'n_filters': 12, 'slowest': 0.05503533446959869, 'input_scaling': 0.9095759553753703, 'bias_dist': 'foldnorm', 'bias_scaling': 0.04123764193322552, 'lr': 0.9047782400199377, 'weight_increment': 0.002278223530217896, 'min_window': 11, 'max_window': 59, 'use_full_instance': False, 'max_partners': 20, 'homeostasis': 'mean', 'target': 0.52, 'spread': 0.385, 'learning_rate': 0.003}",ppo,300,linear,0.003,,,,,,
RepeatPrevious,filterbank+proj,0,312,0.0,0.90999998,0.07376759496377525,0.7360693803727847,0.8485948400407539,1152,"{'decomposition': 'legendre', 'n_filters': 12, 'slowest': 0.05503533446959869, 'input_scaling': 0.9095759553753703, 'bias_dist': 'foldnorm', 'bias_scaling': 0.04123764193322552, 'lr': 0.9047782400199377, 'weight_increment': 0.002278223530217896, 'min_window': 11, 'max_window': 59, 'use_full_instance': False, 'max_partners': 20, 'homeostasis': 'mean', 'target': 0.52, 'spread': 0.385, 'learning_rate': 0.003}",ppo,300,linear,0.003,,,,,,
RepeatPrevious,filterbank+proj,0,312,0.0,0.8691665999999999,0.07265312412085251,0.7856318306172335,0.8901129133978605,1123,"{'decomposition': 'legendre', 'n_filters': 12, 'slowest': 0.05503533446959869, 'input_scaling': 0.9095759553753703, 'bias_dist': 'foldnorm', 'bias_scaling': 0.04123764193322552, 'lr': 0.9047782400199377, 'weight_increment': 0.002278223530217896, 'min_window': 11, 'max_window': 59, 'use_full_instance': False, 'max_partners': 20, 'homeostasis': 'mean', 'target': 0.52, 'spread': 0.385, 'learning_rate': 0.01}",ppo,300,linear,0.01,,,,,,
RepeatPrevious,filterbank+proj,1,312,0.0,0.9033333800000001,0.04960954903680943,0.7993608639234061,0.881749861946001,1113,"{'decomposition': 'legendre', 'n_filters': 12, 'slowest': 0.05503533446959869, 'input_scaling': 0.9095759553753703, 'bias_dist': 'foldnorm', 'bias_scaling': 0.04123764193322552, 'lr': 0.9047782400199377, 'weight_increment': 0.002278223530217896, 'min_window': 11, 'max_window': 59, 'use_full_instance': False, 'max_partners': 20, 'homeostasis': 'mean', 'target': 0.52, 'spread': 0.385, 'learning_rate': 0.01}",ppo,300,linear,0.01,,,,,,
RepeatPrevious,filterbank+proj,6,312,0.0,0.91749992,0.054955690435055035,0.7866737069667957,0.8526065384615384,1093,"{'decomposition': 'legendre', 'n_filters': 12, 'slowest': 0.05503533446959869, 'input_scaling': 0.9095759553753703, 'bias_dist': 'foldnorm', 'bias_scaling': 0.04123764193322552, 'lr': 0.9047782400199377, 'weight_increment': 0.002278223530217896, 'min_window': 11, 'max_window': 59, 'use_full_instance': False, 'max_partners': 20, 'homeostasis': 'mean', 'target': 0.52, 'spread': 0.385, 'learning_rate': 0.01}",ppo,300,linear,0.01,,,,,,
RepeatPrevious,filterbank+proj,5,312,0.0,0.8566666599999999,0.05079924846397238,0.7971519174475453,0.8865044997452879,1100,"{'decomposition': 'legendre', 'n_filters': 12, 'slowest': 0.05503533446959869, 'input_scaling': 0.9095759553753703, 'bias_dist': 'foldnorm', 'bias_scaling': 0.04123764193322552, 'lr': 0.9047782400199377, 'weight_increment': 0.002278223530217896, 'min_window': 11, 'max_window': 59, 'use_full_instance': False, 'max_partners': 20, 'homeostasis': 'mean', 'target': 0.52, 'spread': 0.385, 'learning_rate': 0.01}",ppo,300,linear,0.01,,,,,,
RepeatPrevious,filterbank+proj,4,312,0.0,0.9299999600000001,0.0481894059365583,0.7881357352312081,0.8809857340804891,1107,"{'decomposition': 'legendre', 'n_filters': 12, 'slowest': 0.05503533446959869, 'input_scaling': 0.9095759553753703, 'bias_dist': 'foldnorm', 'bias_scaling': 0.04123764193322552, 'lr': 0.9047782400199377, 'weight_increment': 0.002278223530217896, 'min_window': 11, 'max_window': 59, 'use_full_instance': False, 'max_partners': 20, 'homeostasis': 'mean', 'target': 0.52, 'spread': 0.385, 'learning_rate': 0.01}",ppo,300,linear,0.01,,,,,,
RepeatPrevious,filterbank+proj,3,312,0.0,0.92500004,0.044876335016558556,0.7837496603687104,0.8592927412124299,1113,"{'decomposition': 'legendre', 'n_filters': 12, 'slowest': 0.05503533446959869, 'input_scaling': 0.9095759553753703, 'bias_dist': 'foldnorm', 'bias_scaling': 0.04123764193322552, 'lr': 0.9047782400199377, 'weight_increment': 0.002278223530217896, 'min_window': 11, 'max_window': 59, 'use_full_instance': False, 'max_partners': 20, 'homeostasis': 'mean', 'target': 0.52, 'spread': 0.385, 'learning_rate': 0.01}",ppo,300,linear,0.01,,,,,,
RepeatPrevious,filterbank+proj,7,312,0.0,0.9449999999999998,0.039475625391879474,0.808752630270931,0.8927024900662252,1101,"{'decomposition': 'legendre', 'n_filters': 12, 'slowest': 0.05503533446959869, 'input_scaling': 0.9095759553753703, 'bias_dist': 'foldnorm', 'bias_scaling': 0.04123764193322552, 'lr': 0.9047782400199377, 'weight_increment': 0.002278223530217896, 'min_window': 11, 'max_window': 59, 'use_full_instance': False, 'max_partners': 20, 'homeostasis': 'mean', 'target': 0.52, 'spread': 0.385, 'learning_rate': 0.01}",ppo,300,linear,0.01,,,,,,
RepeatPrevious,filterbank+proj,9,312,0.0,0.90583334,0.06336073205656956,0.746757657465879,0.8533282399388691,1170,"{'decomposition': 'legendre', 'n_filters': 12, 'slowest': 0.05503533446959869, 'input_scaling': 0.9095759553753703, 'bias_dist': 'foldnorm', 'bias_scaling': 0.04123764193322552, 'lr': 0.9047782400199377, 'weight_increment': 0.002278223530217896, 'min_window': 11, 'max_window': 59, 'use_full_instance': False, 'max_partners': 20, 'homeostasis': 'mean', 'target': 0.52, 'spread': 0.385, 'learning_rate': 0.003}",ppo,300,linear,0.003,,,,,,
RepeatPrevious,filterbank+proj,8,312,0.0,0.9116666999999999,0.04974932495431471,0.7838663684049705,0.8908558232297503,1100,"{'decomposition': 'legendre', 'n_filters': 12, 'slowest': 0.05503533446959869, 'input_scaling': 0.9095759553753703, 'bias_dist': 'foldnorm', 'bias_scaling': 0.04123764193322552, 'lr': 0.9047782400199377, 'weight_increment': 0.002278223530217896, 'min_window': 11, 'max_window': 59, 'use_full_instance': False, 'max_partners': 20, 'homeostasis': 'mean', 'target': 0.52, 'spread': 0.385, 'learning_rate': 0.01}",ppo,300,linear,0.01,,,,,,
RepeatPrevious,filterbank+proj,9,312,0.0,0.9058332799999999,0.05388389225475087,0.7955795496027704,0.8820258120224145,1119,"{'decomposition': 'legendre', 'n_filters': 12, 'slowest': 0.05503533446959869, 'input_scaling': 0.9095759553753703, 'bias_dist': 'foldnorm', 'bias_scaling': 0.04123764193322552, 'lr': 0.9047782400199377, 'weight_increment': 0.002278223530217896, 'min_window': 11, 'max_window': 59, 'use_full_instance': False, 'max_partners': 20, 'homeostasis': 'mean', 'target': 0.52, 'spread': 0.385, 'learning_rate': 0.01}",ppo,300,linear,0.01,,,,,,
RepeatPrevious,filterbank+esn,0,336,6.744047619047619,0.99249994,0.016007938656066874,0.8079151050645177,0.8786989663265307,893,"{'decomposition': 'ema', 'n_filters': 12, 'slowest': 0.0068481211016550025, 'input_scaling': 0.929634188755156, 'bias_dist': 'foldnorm', 'bias_scaling': 0.0004530104948033912, 'lr': 0.9407030287660403, 'sr': 0.9778712320759426, 'rc_connectivity': 0.020075371100608825, 'learning_rate': 0.0001}",dqn,300,linear,0.0001,,,,,,
RepeatPrevious,filterbank+esn,1,336,6.744047619047619,0.94916656,0.052234787684898275,0.7910036297240782,0.8678146137755102,895,"{'decomposition': 'ema', 'n_filters': 12, 'slowest': 0.0068481211016550025, 'input_scaling': 0.929634188755156, 'bias_dist': 'foldnorm', 'bias_scaling': 0.0004530104948033912, 'lr': 0.9407030287660403, 'sr': 0.9778712320759426, 'rc_connectivity': 0.020075371100608825, 'learning_rate': 0.0001}",dqn,300,linear,0.0001,,,,,,
RepeatPrevious,filterbank+esn,3,336,6.744047619047619,0.9949999599999999,0.013540172328238665,0.8184109281379099,0.8850765178571428,879,"{'decomposition': 'ema', 'n_filters': 12, 'slowest': 0.0068481211016550025, 'input_scaling': 0.929634188755156, 'bias_dist': 'foldnorm', 'bias_scaling': 0.0004530104948033912, 'lr': 0.9407030287660403, 'sr': 0.9778712320759426, 'rc_connectivity': 0.020075371100608825, 'learning_rate': 0.0001}",dqn,300,linear,0.0001,,,,,,
RepeatPrevious,filterbank+esn,2,336,6.744047619047619,0.9708332999999999,0.07180706209482464,0.7933306058550518,0.8815688617346938,909,"{'decomposition': 'ema', 'n_filters': 12, 'slowest': 0.0068481211016550025, 'input_scaling': 0.929634188755156, 'bias_dist': 'foldnorm', 'bias_scaling': 0.0004530104948033912, 'lr': 0.9407030287660403, 'sr': 0.9778712320759426, 'rc_connectivity': 0.020075371100608825, 'learning_rate': 0.0001}",dqn,300,linear,0.0001,,,,,,
RepeatPrevious,filterbank+esn,4,336,6.744047619047619,0.99249996,0.018047066859697734,0.7907656178405671,0.8607142785714285,892,"{'decomposition': 'ema', 'n_filters': 12, 'slowest': 0.0068481211016550025, 'input_scaling': 0.929634188755156, 'bias_dist': 'foldnorm', 'bias_scaling': 0.0004530104948033912, 'lr': 0.9407030287660403, 'sr': 0.9778712320759426, 'rc_connectivity': 0.020075371100608825, 'learning_rate': 0.0001}",dqn,300,linear,0.0001,,,,,,
RepeatPrevious,filterbank+esn,6,336,6.744047619047619,0.9916666399999999,0.02357025196705373,0.8048358519406336,0.8667091760204081,890,"{'decomposition': 'ema', 'n_filters': 12, 'slowest': 0.0068481211016550025, 'input_scaling': 0.929634188755156, 'bias_dist': 'foldnorm', 'bias_scaling': 0.0004530104948033912, 'lr': 0.9407030287660403, 'sr': 0.9778712320759426, 'rc_connectivity': 0.020075371100608825, 'learning_rate': 0.0001}",dqn,300,linear,0.0001,,,,,,
RepeatPrevious,filterbank+esn,5,336,6.744047619047619,0.9866666,0.02273036148766667,0.821613441883001,0.8778911428571428,928,"{'decomposition': 'ema', 'n_filters': 12, 'slowest': 0.0068481211016550025, 'input_scaling': 0.929634188755156, 'bias_dist': 'foldnorm', 'bias_scaling': 0.0004530104948033912, 'lr': 0.9407030287660403, 'sr': 0.9778712320759426, 'rc_connectivity': 0.020075371100608825, 'learning_rate': 0.0001}",dqn,300,linear,0.0001,,,,,,
RepeatPrevious,filterbank+esn,8,336,6.744047619047619,0.98333324,0.02357030146481797,0.8055541297495792,0.8749574826530612,891,"{'decomposition': 'ema', 'n_filters': 12, 'slowest': 0.0068481211016550025, 'input_scaling': 0.929634188755156, 'bias_dist': 'foldnorm', 'bias_scaling': 0.0004530104948033912, 'lr': 0.9407030287660403, 'sr': 0.9778712320759426, 'rc_connectivity': 0.020075371100608825, 'learning_rate': 0.0001}",dqn,300,linear,0.0001,,,,,,
RepeatPrevious,filterbank+esn,9,336,6.744047619047619,0.9524999000000001,0.04167495184364344,0.8142903797113276,0.885161555612245,890,"{'decomposition': 'ema', 'n_filters': 12, 'slowest': 0.0068481211016550025, 'input_scaling': 0.929634188755156, 'bias_dist': 'foldnorm', 'bias_scaling': 0.0004530104948033912, 'lr': 0.9407030287660403, 'sr': 0.9778712320759426, 'rc_connectivity': 0.020075371100608825, 'learning_rate': 0.0001}",dqn,300,linear,0.0001,,,,,,
RepeatPrevious,filterbank+esn,0,336,6.744047619047619,0.9583332399999999,0.0416666400006336,0.6748057681440303,0.7599277219387754,891,"{'decomposition': 'ema', 'n_filters': 12, 'slowest': 0.0068481211016550025, 'input_scaling': 0.929634188755156, 'bias_dist': 'foldnorm', 'bias_scaling': 0.0004530104948033912, 'lr': 0.9407030287660403, 'sr': 0.9778712320759426, 'rc_connectivity': 0.020075371100608825, 'learning_rate': 0.0003}",dqn,300,linear,0.0003,,,,,,
RepeatPrevious,filterbank+esn,1,336,6.744047619047619,0.9666666,0.03333327500081562,0.6213193424287244,0.7381802714285713,890,"{'decomposition': 'ema', 'n_filters': 12, 'slowest': 0.0068481211016550025, 'input_scaling': 0.929634188755156, 'bias_dist': 'foldnorm', 'bias_scaling': 0.0004530104948033912, 'lr': 0.9407030287660403, 'sr': 0.9778712320759426, 'rc_connectivity': 0.020075371100608825, 'learning_rate': 0.0003}",dqn,300,linear,0.0003,,,,,,
RepeatPrevious,filterbank+esn,2,336,6.744047619047619,0.9491666,0.048797995178080825,0.6647625818330188,0.8180059454081633,891,"{'decomposition': 'ema', 'n_filters': 12, 'slowest': 0.0068481211016550025, 'input_scaling': 0.929634188755156, 'bias_dist': 'foldnorm', 'bias_scaling': 0.0004530104948033912, 'lr': 0.9407030287660403, 'sr': 0.9778712320759426, 'rc_connectivity': 0.020075371100608825, 'learning_rate': 0.0003}",dqn,300,linear,0.0003,,,,,,
RepeatPrevious,filterbank+esn,4,336,6.744047619047619,0.69666664,0.25454757673627615,0.6109276473708369,0.7426020413265306,866,"{'decomposition': 'ema', 'n_filters': 12, 'slowest': 0.0068481211016550025, 'input_scaling': 0.929634188755156, 'bias_dist': 'foldnorm', 'bias_scaling': 0.0004530104948033912, 'lr': 0.9407030287660403, 'sr': 0.9778712320759426, 'rc_connectivity': 0.020075371100608825, 'learning_rate': 0.0003}",dqn,300,linear,0.0003,,,,,,
RepeatPrevious,filterbank+esn,7,336,6.744047619047619,0.9883332800000001,0.022110879172968226,0.8161540791554036,0.8771683551020408,913,"{'decomposition': 'ema', 'n_filters': 12, 'slowest': 0.0068481211016550025, 'input_scaling': 0.929634188755156, 'bias_dist': 'foldnorm', 'bias_scaling': 0.0004530104948033912, 'lr': 0.9407030287660403, 'sr': 0.9778712320759426, 'rc_connectivity': 0.020075371100608825, 'learning_rate': 0.0001}",dqn,300,linear,0.0001,,,,,,
RepeatPrevious,filterbank+esn,3,336,6.744047619047619,0.9433333,0.058783955672360125,0.6893775173662468,0.7576530520408162,892,"{'decomposition': 'ema', 'n_filters': 12, 'slowest': 0.0068481211016550025, 'input_scaling': 0.929634188755156, 'bias_dist': 'foldnorm', 'bias_scaling': 0.0004530104948033912, 'lr': 0.9407030287660403, 'sr': 0.9778712320759426, 'rc_connectivity': 0.020075371100608825, 'learning_rate': 0.0003}",dqn,300,linear,0.0003,,,,,,
RepeatPrevious,filterbank+esn,5,336,6.744047619047619,0.95333328,0.05505046694771625,0.683102122303259,0.6995748346938775,891,"{'decomposition': 'ema', 'n_filters': 12, 'slowest': 0.0068481211016550025, 'input_scaling': 0.929634188755156, 'bias_dist': 'foldnorm', 'bias_scaling': 0.0004530104948033912, 'lr': 0.9407030287660403, 'sr': 0.9778712320759426, 'rc_connectivity': 0.020075371100608825, 'learning_rate': 0.0003}",dqn,300,linear,0.0003,,,,,,
RepeatPrevious,filterbank+esn,6,336,6.744047619047619,0.57333334,0.08801833849365938,0.6534252197174478,0.7363945530612245,892,"{'decomposition': 'ema', 'n_filters': 12, 'slowest': 0.0068481211016550025, 'input_scaling': 0.929634188755156, 'bias_dist': 'foldnorm', 'bias_scaling': 0.0004530104948033912, 'lr': 0.9407030287660403, 'sr': 0.9778712320759426, 'rc_connectivity': 0.020075371100608825, 'learning_rate': 0.0003}",dqn,300,linear,0.0003,,,,,,
RepeatPrevious,filterbank+esn,7,336,6.744047619047619,0.9491666200000001,0.059680866374036495,0.7000858533176927,0.7861819693877551,892,"{'decomposition': 'ema', 'n_filters': 12, 'slowest': 0.0068481211016550025, 'input_scaling': 0.929634188755156, 'bias_dist': 'foldnorm', 'bias_scaling': 0.0004530104948033912, 'lr': 0.9407030287660403, 'sr': 0.9778712320759426, 'rc_connectivity': 0.020075371100608825, 'learning_rate': 0.0003}",dqn,300,linear,0.0003,,,,,,
RepeatPrevious,filterbank+esn,8,336,6.744047619047619,0.9641666,0.043309277939028265,0.690270053654307,0.7701317974489796,892,"{'decomposition': 'ema', 'n_filters': 12, 'slowest': 0.0068481211016550025, 'input_scaling': 0.929634188755156, 'bias_dist': 'foldnorm', 'bias_scaling': 0.0004530104948033912, 'lr': 0.9407030287660403, 'sr': 0.9778712320759426, 'rc_connectivity': 0.020075371100608825, 'learning_rate': 0.0003}",dqn,300,linear,0.0003,,,,,,
RepeatPrevious,filterbank+esn,9,336,6.744047619047619,0.68083336,0.10884813487952102,0.6879664567246392,0.7696853734693877,895,"{'decomposition': 'ema', 'n_filters': 12, 'slowest': 0.0068481211016550025, 'input_scaling': 0.929634188755156, 'bias_dist': 'foldnorm', 'bias_scaling': 0.0004530104948033912, 'lr': 0.9407030287660403, 'sr': 0.9778712320759426, 'rc_connectivity': 0.020075371100608825, 'learning_rate': 0.0003}",dqn,300,linear,0.0003,,,,,,
RepeatPrevious,filterbank+esn,0,336,6.744047619047619,0.34416670000000005,0.1508793717955175,0.1413100763502831,0.18424744438775512,895,"{'decomposition': 'ema', 'n_filters': 12, 'slowest': 0.0068481211016550025, 'input_scaling': 0.929634188755156, 'bias_dist': 'foldnorm', 'bias_scaling': 0.0004530104948033912, 'lr': 0.9407030287660403, 'sr': 0.9778712320759426, 'rc_connectivity': 0.020075371100608825, 'learning_rate': 0.001}",dqn,300,linear,0.001,,,,,,
RepeatPrevious,filterbank+esn,2,336,6.744047619047619,0.87416662,0.08518357255595471,0.28374857734482584,0.4333120770408163,892,"{'decomposition': 'ema', 'n_filters': 12, 'slowest': 0.0068481211016550025, 'input_scaling': 0.929634188755156, 'bias_dist': 'foldnorm', 'bias_scaling': 0.0004530104948033912, 'lr': 0.9407030287660403, 'sr': 0.9778712320759426, 'rc_connectivity': 0.020075371100608825, 'learning_rate': 0.001}",dqn,300,linear,0.001,,,,,,
RepeatPrevious,filterbank+esn,1,336,6.744047619047619,0.31166666,0.20686819271126336,0.20086788504105677,0.30886479591836735,894,"{'decomposition': 'ema', 'n_filters': 12, 'slowest': 0.0068481211016550025, 'input_scaling': 0.929634188755156, 'bias_dist': 'foldnorm', 'bias_scaling': 0.0004530104948033912, 'lr': 0.9407030287660403, 'sr': 0.9778712320759426, 'rc_connectivity': 0.020075371100608825, 'learning_rate': 0.001}",dqn,300,linear,0.001,,,,,,
RepeatPrevious,filterbank+esn,3,336,6.744047619047619,0.5116666,0.15321556491884236,0.20843746401795277,0.2335034020408163,895,"{'decomposition': 'ema', 'n_filters': 12, 'slowest': 0.0068481211016550025, 'input_scaling': 0.929634188755156, 'bias_dist': 'foldnorm', 'bias_scaling': 0.0004530104948033912, 'lr': 0.9407030287660403, 'sr': 0.9778712320759426, 'rc_connectivity': 0.020075371100608825, 'learning_rate': 0.001}",dqn,300,linear,0.001,,,,,,
RepeatPrevious,filterbank+esn,5,336,6.744047619047619,-0.06333342,0.10744503566458341,0.20645262926505836,0.12642432397959183,886,"{'decomposition': 'ema', 'n_filters': 12, 'slowest': 0.0068481211016550025, 'input_scaling': 0.929634188755156, 'bias_dist': 'foldnorm', 'bias_scaling': 0.0004530104948033912, 'lr': 0.9407030287660403, 'sr': 0.9778712320759426, 'rc_connectivity': 0.020075371100608825, 'learning_rate': 0.001}",dqn,300,linear,0.001,,,,,,
RepeatPrevious,filterbank+esn,4,336,6.744047619047619,0.61916668,0.17460471274045727,0.18204595205793847,0.32791241071428573,900,"{'decomposition': 'ema', 'n_filters': 12, 'slowest': 0.0068481211016550025, 'input_scaling': 0.929634188755156, 'bias_dist': 'foldnorm', 'bias_scaling': 0.0004530104948033912, 'lr': 0.9407030287660403, 'sr': 0.9778712320759426, 'rc_connectivity': 0.020075371100608825, 'learning_rate': 0.001}",dqn,300,linear,0.001,,,,,,
RepeatPrevious,filterbank+esn,8,336,6.744047619047619,0.7408332999999999,0.11220329243569459,0.22860458050696178,0.29744898418367344,894,"{'decomposition': 'ema', 'n_filters': 12, 'slowest': 0.0068481211016550025, 'input_scaling': 0.929634188755156, 'bias_dist': 'foldnorm', 'bias_scaling': 0.0004530104948033912, 'lr': 0.9407030287660403, 'sr': 0.9778712320759426, 'rc_connectivity': 0.020075371100608825, 'learning_rate': 0.001}",dqn,300,linear,0.001,,,,,,
RepeatPrevious,filterbank+esn,9,336,6.744047619047619,0.6366667399999999,0.1160818578994685,0.22459665731626463,0.3030824775510204,894,"{'decomposition': 'ema', 'n_filters': 12, 'slowest': 0.0068481211016550025, 'input_scaling': 0.929634188755156, 'bias_dist': 'foldnorm', 'bias_scaling': 0.0004530104948033912, 'lr': 0.9407030287660403, 'sr': 0.9778712320759426, 'rc_connectivity': 0.020075371100608825, 'learning_rate': 0.001}",dqn,300,linear,0.001,,,,,,
RepeatPrevious,filterbank+esn,0,336,6.744047619047619,-0.08500012000000001,0.13332293351132654,-0.22043147921660636,-0.2190263581632653,897,"{'decomposition': 'ema', 'n_filters': 12, 'slowest': 0.0068481211016550025, 'input_scaling': 0.929634188755156, 'bias_dist': 'foldnorm', 'bias_scaling': 0.0004530104948033912, 'lr': 0.9407030287660403, 'sr': 0.9778712320759426, 'rc_connectivity': 0.020075371100608825, 'learning_rate': 0.003}",dqn,300,linear,0.003,,,,,,
RepeatPrevious,filterbank+esn,7,336,6.744047619047619,0.5658333600000001,0.23319788292364577,0.24275768745856072,0.24515305816326532,909,"{'decomposition': 'ema', 'n_filters': 12, 'slowest': 0.0068481211016550025, 'input_scaling': 0.929634188755156, 'bias_dist': 'foldnorm', 'bias_scaling': 0.0004530104948033912, 'lr': 0.9407030287660403, 'sr': 0.9778712320759426, 'rc_connectivity': 0.020075371100608825, 'learning_rate': 0.001}",dqn,300,linear,0.001,,,,,,
RepeatPrevious,filterbank+esn,2,336,6.744047619047619,0.06666662,0.14719602236499327,-0.180260874534605,-0.14732142551020408,898,"{'decomposition': 'ema', 'n_filters': 12, 'slowest': 0.0068481211016550025, 'input_scaling': 0.929634188755156, 'bias_dist': 'foldnorm', 'bias_scaling': 0.0004530104948033912, 'lr': 0.9407030287660403, 'sr': 0.9778712320759426, 'rc_connectivity': 0.020075371100608825, 'learning_rate': 0.003}",dqn,300,linear,0.003,,,,,,
RepeatPrevious,filterbank+esn,1,336,6.744047619047619,-0.30333335999999994,0.10607908444000824,-0.23583201688172595,-0.24224065255102042,914,"{'decomposition': 'ema', 'n_filters': 12, 'slowest': 0.0068481211016550025, 'input_scaling': 0.929634188755156, 'bias_dist': 'foldnorm', 'bias_scaling': 0.0004530104948033912, 'lr': 0.9407030287660403, 'sr': 0.9778712320759426, 'rc_connectivity': 0.020075371100608825, 'learning_rate': 0.003}",dqn,300,linear,0.003,,,,,,
RepeatPrevious,filterbank+esn,6,336,6.744047619047619,0.55749998,0.12441259345894048,0.18940301606569082,0.2892857056122449,932,"{'decomposition': 'ema', 'n_filters': 12, 'slowest': 0.0068481211016550025, 'input_scaling': 0.929634188755156, 'bias_dist': 'foldnorm', 'bias_scaling': 0.0004530104948033912, 'lr': 0.9407030287660403, 'sr': 0.9778712320759426, 'rc_connectivity': 0.020075371100608825, 'learning_rate': 0.001}",dqn,300,linear,0.001,,,,,,
RepeatPrevious,filterbank+esn,3,336,6.744047619047619,-0.19416668,0.09668466407211436,-0.22850682756158514,-0.23450256020408164,901,"{'decomposition': 'ema', 'n_filters': 12, 'slowest': 0.0068481211016550025, 'input_scaling': 0.929634188755156, 'bias_dist': 'foldnorm', 'bias_scaling': 0.0004530104948033912, 'lr': 0.9407030287660403, 'sr': 0.9778712320759426, 'rc_connectivity': 0.020075371100608825, 'learning_rate': 0.003}",dqn,300,linear,0.003,,,,,,
RepeatPrevious,filterbank+esn,4,336,6.744047619047619,-0.18416670000000004,0.14266554691953487,-0.22276695450604378,-0.20833333979591837,895,"{'decomposition': 'ema', 'n_filters': 12, 'slowest': 0.0068481211016550025, 'input_scaling': 0.929634188755156, 'bias_dist': 'foldnorm', 'bias_scaling': 0.0004530104948033912, 'lr': 0.9407030287660403, 'sr': 0.9778712320759426, 'rc_connectivity': 0.020075371100608825, 'learning_rate': 0.003}",dqn,300,linear,0.003,,,,,,
RepeatPrevious,filterbank+esn,5,336,6.744047619047619,-0.4958333,0.04429230871347756,-0.22303258815729074,-0.24306972397959184,899,"{'decomposition': 'ema', 'n_filters': 12, 'slowest': 0.0068481211016550025, 'input_scaling': 0.929634188755156, 'bias_dist': 'foldnorm', 'bias_scaling': 0.0004530104948033912, 'lr': 0.9407030287660403, 'sr': 0.9778712320759426, 'rc_connectivity': 0.020075371100608825, 'learning_rate': 0.003}",dqn,300,linear,0.003,,,,,,
RepeatPrevious,filterbank+esn,6,336,6.744047619047619,-0.06916668,0.18940875064868995,-0.23456333253429895,-0.2357568030612245,879,"{'decomposition': 'ema', 'n_filters': 12, 'slowest': 0.0068481211016550025, 'input_scaling': 0.929634188755156, 'bias_dist': 'foldnorm', 'bias_scaling': 0.0004530104948033912, 'lr': 0.9407030287660403, 'sr': 0.9778712320759426, 'rc_connectivity': 0.020075371100608825, 'learning_rate': 0.003}",dqn,300,linear,0.003,,,,,,
RepeatPrevious,filterbank+esn,7,336,6.744047619047619,-0.45583328,0.06203158926483828,-0.21911391992655685,-0.2073129224489796,893,"{'decomposition': 'ema', 'n_filters': 12, 'slowest': 0.0068481211016550025, 'input_scaling': 0.929634188755156, 'bias_dist': 'foldnorm', 'bias_scaling': 0.0004530104948033912, 'lr': 0.9407030287660403, 'sr': 0.9778712320759426, 'rc_connectivity': 0.020075371100608825, 'learning_rate': 0.003}",dqn,300,linear,0.003,,,,,,
RepeatPrevious,filterbank+esn,8,336,6.744047619047619,-0.07750003999999999,0.21147793533463105,-0.21354405681644312,-0.2242134331632653,878,"{'decomposition': 'ema', 'n_filters': 12, 'slowest': 0.0068481211016550025, 'input_scaling': 0.929634188755156, 'bias_dist': 'foldnorm', 'bias_scaling': 0.0004530104948033912, 'lr': 0.9407030287660403, 'sr': 0.9778712320759426, 'rc_connectivity': 0.020075371100608825, 'learning_rate': 0.003}",dqn,300,linear,0.003,,,,,,
RepeatPrevious,filterbank+hag,1,312,4.458333333333333,0.39333337999999995,0.10965858105992253,0.7392959147243331,0.8049319729591836,870,"{'decomposition': 'legendre', 'n_filters': 12, 'slowest': 0.05503533446959869, 'input_scaling': 0.9095759553753703, 'bias_dist': 'foldnorm', 'bias_scaling': 0.04123764193322552, 'lr': 0.9047782400199377, 'weight_increment': 0.002278223530217896, 'min_window': 11, 'max_window': 59, 'use_full_instance': False, 'max_partners': 20, 'homeostasis': 'mean', 'target': 0.52, 'spread': 0.385, 'learning_rate': 0.0001}",dqn,300,linear,0.0001,,,,,,
RepeatPrevious,filterbank+hag,0,312,3.9743589743589745,0.9891665799999998,0.018276573044299093,0.7312673199877595,0.8302083183673469,876,"{'decomposition': 'legendre', 'n_filters': 12, 'slowest': 0.05503533446959869, 'input_scaling': 0.9095759553753703, 'bias_dist': 'foldnorm', 'bias_scaling': 0.04123764193322552, 'lr': 0.9047782400199377, 'weight_increment': 0.002278223530217896, 'min_window': 11, 'max_window': 59, 'use_full_instance': False, 'max_partners': 20, 'homeostasis': 'mean', 'target': 0.52, 'spread': 0.385, 'learning_rate': 0.0001}",dqn,300,linear,0.0001,,,,,,
RepeatPrevious,filterbank+esn,9,336,6.744047619047619,0.14666666,0.16609061368910766,-0.20649938078237365,-0.2221513668367347,892,"{'decomposition': 'ema', 'n_filters': 12, 'slowest': 0.0068481211016550025, 'input_scaling': 0.929634188755156, 'bias_dist': 'foldnorm', 'bias_scaling': 0.0004530104948033912, 'lr': 0.9407030287660403, 'sr': 0.9778712320759426, 'rc_connectivity': 0.020075371100608825, 'learning_rate': 0.003}",dqn,300,linear,0.003,,,,,,
RepeatPrevious,filterbank+hag,2,312,4.689102564102564,0.9949999599999999,0.013540172328238665,0.7536849079920437,0.815901361734694,876,"{'decomposition': 'legendre', 'n_filters': 12, 'slowest': 0.05503533446959869, 'input_scaling': 0.9095759553753703, 'bias_dist': 'foldnorm', 'bias_scaling': 0.04123764193322552, 'lr': 0.9047782400199377, 'weight_increment': 0.002278223530217896, 'min_window': 11, 'max_window': 59, 'use_full_instance': False, 'max_partners': 20, 'homeostasis': 'mean', 'target': 0.52, 'spread': 0.385, 'learning_rate': 0.0001}",dqn,300,linear,0.0001,,,,,,
RepeatPrevious,filterbank+hag,8,312,4.25,0.85083338,0.06876387964997031,0.7131806678737186,0.7916454010204081,849,"{'decomposition': 'legendre', 'n_filters': 12, 'slowest': 0.05503533446959869, 'input_scaling': 0.9095759553753703, 'bias_dist': 'foldnorm', 'bias_scaling': 0.04123764193322552, 'lr': 0.9047782400199377, 'weight_increment': 0.002278223530217896, 'min_window': 11, 'max_window': 59, 'use_full_instance': False, 'max_partners': 20, 'homeostasis': 'mean', 'target': 0.52, 'spread': 0.385, 'learning_rate': 0.0001}",dqn,300,linear,0.0001,,,,,,
RepeatPrevious,filterbank+hag,3,312,4.676282051282051,0.9441665800000001,0.039624877007299344,0.72854507976743,0.7949617352040815,865,"{'decomposition': 'legendre', 'n_filters': 12, 'slowest': 0.05503533446959869, 'input_scaling': 0.9095759553753703, 'bias_dist': 'foldnorm', 'bias_scaling': 0.04123764193322552, 'lr': 0.9047782400199377, 'weight_increment': 0.002278223530217896, 'min_window': 11, 'max_window': 59, 'use_full_instance': False, 'max_partners': 20, 'homeostasis': 'mean', 'target': 0.52, 'spread': 0.385, 'learning_rate': 0.0001}",dqn,300,linear,0.0001,,,,,,
RepeatPrevious,filterbank+hag,7,312,4.490384615384615,0.9808332399999999,0.025290034928848956,0.7220911750905288,0.7995535734693877,863,"{'decomposition': 'legendre', 'n_filters': 12, 'slowest': 0.05503533446959869, 'input_scaling': 0.9095759553753703, 'bias_dist': 'foldnorm', 'bias_scaling': 0.04123764193322552, 'lr': 0.9047782400199377, 'weight_increment': 0.002278223530217896, 'min_window': 11, 'max_window': 59, 'use_full_instance': False, 'max_partners': 20, 'homeostasis': 'mean', 'target': 0.52, 'spread': 0.385, 'learning_rate': 0.0001}",dqn,300,linear,0.0001,,,,,,
RepeatPrevious,filterbank+hag,5,312,4.384615384615385,0.9841666000000001,0.024846788301911376,0.7644591218442393,0.8286777224489795,867,"{'decomposition': 'legendre', 'n_filters': 12, 'slowest': 0.05503533446959869, 'input_scaling': 0.9095759553753703, 'bias_dist': 'foldnorm', 'bias_scaling': 0.04123764193322552, 'lr': 0.9047782400199377, 'weight_increment': 0.002278223530217896, 'min_window': 11, 'max_window': 59, 'use_full_instance': False, 'max_partners': 20, 'homeostasis': 'mean', 'target': 0.52, 'spread': 0.385, 'learning_rate': 0.0001}",dqn,300,linear,0.0001,,,,,,
RepeatPrevious,filterbank+hag,4,312,4.493589743589744,0.9549998800000001,0.03711836592504578,0.7241036362523587,0.7948979540816327,869,"{'decomposition': 'legendre', 'n_filters': 12, 'slowest': 0.05503533446959869, 'input_scaling': 0.9095759553753703, 'bias_dist': 'foldnorm', 'bias_scaling': 0.04123764193322552, 'lr': 0.9047782400199377, 'weight_increment': 0.002278223530217896, 'min_window': 11, 'max_window': 59, 'use_full_instance': False, 'max_partners': 20, 'homeostasis': 'mean', 'target': 0.52, 'spread': 0.385, 'learning_rate': 0.0001}",dqn,300,linear,0.0001,,,,,,
RepeatPrevious,filterbank+hag,9,312,4.528846153846154,0.90416664,0.05605672623004665,0.7345017064823788,0.8067814663265307,869,"{'decomposition': 'legendre', 'n_filters': 12, 'slowest': 0.05503533446959869, 'input_scaling': 0.9095759553753703, 'bias_dist': 'foldnorm', 'bias_scaling': 0.04123764193322552, 'lr': 0.9047782400199377, 'weight_increment': 0.002278223530217896, 'min_window': 11, 'max_window': 59, 'use_full_instance': False, 'max_partners': 20, 'homeostasis': 'mean', 'target': 0.52, 'spread': 0.385, 'learning_rate': 0.0001}",dqn,300,linear,0.0001,,,,,,
RepeatPrevious,filterbank+hag,0,312,3.9743589743589745,0.9899999199999999,0.01779527278109555,0.6207136940888458,0.7064838515306122,869,"{'decomposition': 'legendre', 'n_filters': 12, 'slowest': 0.05503533446959869, 'input_scaling': 0.9095759553753703, 'bias_dist': 'foldnorm', 'bias_scaling': 0.04123764193322552, 'lr': 0.9047782400199377, 'weight_increment': 0.002278223530217896, 'min_window': 11, 'max_window': 59, 'use_full_instance': False, 'max_partners': 20, 'homeostasis': 'mean', 'target': 0.52, 'spread': 0.385, 'learning_rate': 0.0003}",dqn,300,linear,0.0003,,,,,,
RepeatPrevious,filterbank+hag,1,312,4.458333333333333,0.78583342,0.07728468951482952,0.6131738657112256,0.6537627535714285,873,"{'decomposition': 'legendre', 'n_filters': 12, 'slowest': 0.05503533446959869, 'input_scaling': 0.9095759553753703, 'bias_dist': 'foldnorm', 'bias_scaling': 0.04123764193322552, 'lr': 0.9047782400199377, 'weight_increment': 0.002278223530217896, 'min_window': 11, 'max_window': 59, 'use_full_instance': False, 'max_partners': 20, 'homeostasis': 'mean', 'target': 0.52, 'spread': 0.385, 'learning_rate': 0.0003}",dqn,300,linear,0.0003,,,,,,
RepeatPrevious,filterbank+hag,2,312,4.689102564102564,0.8658333800000002,0.059096228212599154,0.6464868010404448,0.6677295964285713,875,"{'decomposition': 'legendre', 'n_filters': 12, 'slowest': 0.05503533446959869, 'input_scaling': 0.9095759553753703, 'bias_dist': 'foldnorm', 'bias_scaling': 0.04123764193322552, 'lr': 0.9047782400199377, 'weight_increment': 0.002278223530217896, 'min_window': 11, 'max_window': 59, 'use_full_instance': False, 'max_partners': 20, 'homeostasis': 'mean', 'target': 0.52, 'spread': 0.385, 'learning_rate': 0.0003}",dqn,300,linear,0.0003,,,,,,
RepeatPrevious,filterbank+hag,3,312,4.676282051282051,0.9391666400000002,0.04655487896698261,0.6063204504513694,0.6457908173469388,869,"{'decomposition': 'legendre', 'n_filters': 12, 'slowest': 0.05503533446959869, 'input_scaling': 0.9095759553753703, 'bias_dist': 'foldnorm', 'bias_scaling': 0.04123764193322552, 'lr': 0.9047782400199377, 'weight_increment': 0.002278223530217896, 'min_window': 11, 'max_window': 59, 'use_full_instance': False, 'max_partners': 20, 'homeostasis': 'mean', 'target': 0.52, 'spread': 0.385, 'learning_rate': 0.0003}",dqn,300,linear,0.0003,,,,,,
RepeatPrevious,filterbank+hag,6,312,4.298076923076923,0.78083328,0.08367017562406331,0.70656525674504,0.7965773867346939,925,"{'decomposition': 'legendre', 'n_filters': 12, 'slowest': 0.05503533446959869, 'input_scaling': 0.9095759553753703, 'bias_dist': 'foldnorm', 'bias_scaling': 0.04123764193322552, 'lr': 0.9047782400199377, 'weight_increment': 0.002278223530217896, 'min_window': 11, 'max_window': 59, 'use_full_instance': False, 'max_partners': 20, 'homeostasis': 'mean', 'target': 0.52, 'spread': 0.385, 'learning_rate': 0.0001}",dqn,300,linear,0.0001,,,,,,
RepeatPrevious,filterbank+hag,8,312,4.25,0.94999994,0.034359085812291336,0.5725038664252563,0.6144132602040816,855,"{'decomposition': 'legendre', 'n_filters': 12, 'slowest': 0.05503533446959869, 'input_scaling': 0.9095759553753703, 'bias_dist': 'foldnorm', 'bias_scaling': 0.04123764193322552, 'lr': 0.9047782400199377, 'weight_increment': 0.002278223530217896, 'min_window': 11, 'max_window': 59, 'use_full_instance': False, 'max_partners': 20, 'homeostasis': 'mean', 'target': 0.52, 'spread': 0.385, 'learning_rate': 0.0003}",dqn,300,linear,0.0003,,,,,,
RepeatPrevious,filterbank+hag,4,312,4.493589743589744,0.79833332,0.07653972214959759,0.5895322232876015,0.6271896193877551,867,"{'decomposition': 'legendre', 'n_filters': 12, 'slowest': 0.05503533446959869, 'input_scaling': 0.9095759553753703, 'bias_dist': 'foldnorm', 'bias_scaling': 0.04123764193322552, 'lr': 0.9047782400199377, 'weight_increment': 0.002278223530217896, 'min_window': 11, 'max_window': 59, 'use_full_instance': False, 'max_partners': 20, 'homeostasis': 'mean', 'target': 0.52, 'spread': 0.385, 'learning_rate': 0.0003}",dqn,300,linear,0.0003,,,,,,
RepeatPrevious,filterbank+hag,5,312,4.384615384615385,0.7500000200000002,0.08164964788692969,0.6598238717294844,0.661692168877551,868,"{'decomposition': 'legendre', 'n_filters': 12, 'slowest': 0.05503533446959869, 'input_scaling': 0.9095759553753703, 'bias_dist': 'foldnorm', 'bias_scaling': 0.04123764193322552, 'lr': 0.9047782400199377, 'weight_increment': 0.002278223530217896, 'min_window': 11, 'max_window': 59, 'use_full_instance': False, 'max_partners': 20, 'homeostasis': 'mean', 'target': 0.52, 'spread': 0.385, 'learning_rate': 0.0003}",dqn,300,linear,0.0003,,,,,,
RepeatPrevious,filterbank+hag,7,312,4.490384615384615,0.9608332599999998,0.03855906479457716,0.5962666383434487,0.6230867372448979,867,"{'decomposition': 'legendre', 'n_filters': 12, 'slowest': 0.05503533446959869, 'input_scaling': 0.9095759553753703, 'bias_dist': 'foldnorm', 'bias_scaling': 0.04123764193322552, 'lr': 0.9047782400199377, 'weight_increment': 0.002278223530217896, 'min_window': 11, 'max_window': 59, 'use_full_instance': False, 'max_partners': 20, 'homeostasis': 'mean', 'target': 0.52, 'spread': 0.385, 'learning_rate': 0.0003}",dqn,300,linear,0.0003,,,,,,
RepeatPrevious,filterbank+hag,6,312,4.298076923076923,0.74833332,0.0931545577108152,0.5776040873157546,0.6361181928571429,872,"{'decomposition': 'legendre', 'n_filters': 12, 'slowest': 0.05503533446959869, 'input_scaling': 0.9095759553753703, 'bias_dist': 'foldnorm', 'bias_scaling': 0.04123764193322552, 'lr': 0.9047782400199377, 'weight_increment': 0.002278223530217896, 'min_window': 11, 'max_window': 59, 'use_full_instance': False, 'max_partners': 20, 'homeostasis': 'mean', 'target': 0.52, 'spread': 0.385, 'learning_rate': 0.0003}",dqn,300,linear,0.0003,,,,,,
RepeatPrevious,filterbank+hag,0,312,3.9743589743589745,0.1958334,0.1028247295162015,0.22803293237109193,0.22482994183673471,862,"{'decomposition': 'legendre', 'n_filters': 12, 'slowest': 0.05503533446959869, 'input_scaling': 0.9095759553753703, 'bias_dist': 'foldnorm', 'bias_scaling': 0.04123764193322552, 'lr': 0.9047782400199377, 'weight_increment': 0.002278223530217896, 'min_window': 11, 'max_window': 59, 'use_full_instance': False, 'max_partners': 20, 'homeostasis': 'mean', 'target': 0.52, 'spread': 0.385, 'learning_rate': 0.001}",dqn,300,linear,0.001,,,,,,
RepeatPrevious,filterbank+hag,9,312,4.528846153846154,0.73666666,0.08183662817580158,0.6197977774774316,0.6700892755102041,870,"{'decomposition': 'legendre', 'n_filters': 12, 'slowest': 0.05503533446959869, 'input_scaling': 0.9095759553753703, 'bias_dist': 'foldnorm', 'bias_scaling': 0.04123764193322552, 'lr': 0.9047782400199377, 'weight_increment': 0.002278223530217896, 'min_window': 11, 'max_window': 59, 'use_full_instance': False, 'max_partners': 20, 'homeostasis': 'mean', 'target': 0.52, 'spread': 0.385, 'learning_rate': 0.0003}",dqn,300,linear,0.0003,,,,,,
RepeatPrevious,filterbank+hag,1,312,4.458333333333333,0.33749998,0.08302021273340365,0.29113964380068347,0.21048044030612245,868,"{'decomposition': 'legendre', 'n_filters': 12, 'slowest': 0.05503533446959869, 'input_scaling': 0.9095759553753703, 'bias_dist': 'foldnorm', 'bias_scaling': 0.04123764193322552, 'lr': 0.9047782400199377, 'weight_increment': 0.002278223530217896, 'min_window': 11, 'max_window': 59, 'use_full_instance': False, 'max_partners': 20, 'homeostasis': 'mean', 'target': 0.52, 'spread': 0.385, 'learning_rate': 0.001}",dqn,300,linear,0.001,,,,,,
RepeatPrevious,filterbank+hag,2,312,4.689102564102564,0.08000005999999998,0.12013876171634365,0.31400562472586324,0.22368195816326533,866,"{'decomposition': 'legendre', 'n_filters': 12, 'slowest': 0.05503533446959869, 'input_scaling': 0.9095759553753703, 'bias_dist': 'foldnorm', 'bias_scaling': 0.04123764193322552, 'lr': 0.9047782400199377, 'weight_increment': 0.002278223530217896, 'min_window': 11, 'max_window': 59, 'use_full_instance': False, 'max_partners': 20, 'homeostasis': 'mean', 'target': 0.52, 'spread': 0.385, 'learning_rate': 0.001}",dqn,300,linear,0.001,,,,,,
RepeatPrevious,filterbank+hag,3,312,4.676282051282051,0.61250006,0.09510593713252817,0.22025934263273322,0.1690901336734694,870,"{'decomposition': 'legendre', 'n_filters': 12, 'slowest': 0.05503533446959869, 'input_scaling': 0.9095759553753703, 'bias_dist': 'foldnorm', 'bias_scaling': 0.04123764193322552, 'lr': 0.9047782400199377, 'weight_increment': 0.002278223530217896, 'min_window': 11, 'max_window': 59, 'use_full_instance': False, 'max_partners': 20, 'homeostasis': 'mean', 'target': 0.52, 'spread': 0.385, 'learning_rate': 0.001}",dqn,300,linear,0.001,,,,,,
RepeatPrevious,filterbank+hag,4,312,4.493589743589744,0.7666666999999999,0.06821126902711898,0.19562528979446114,0.15773809234693875,870,"{'decomposition': 'legendre', 'n_filters': 12, 'slowest': 0.05503533446959869, 'input_scaling': 0.9095759553753703, 'bias_dist': 'foldnorm', 'bias_scaling': 0.04123764193322552, 'lr': 0.9047782400199377, 'weight_increment': 0.002278223530217896, 'min_window': 11, 'max_window': 59, 'use_full_instance': False, 'max_partners': 20, 'homeostasis': 'mean', 'target': 0.52, 'spread': 0.385, 'learning_rate': 0.001}",dqn,300,linear,0.001,,,,,,
RepeatPrevious,filterbank+hag,6,312,4.298076923076923,0.22250006000000003,0.10090213063526657,0.21590928403121334,0.15795068214285715,869,"{'decomposition': 'legendre', 'n_filters': 12, 'slowest': 0.05503533446959869, 'input_scaling': 0.9095759553753703, 'bias_dist': 'foldnorm', 'bias_scaling': 0.04123764193322552, 'lr': 0.9047782400199377, 'weight_increment': 0.002278223530217896, 'min_window': 11, 'max_window': 59, 'use_full_instance': False, 'max_partners': 20, 'homeostasis': 'mean', 'target': 0.52, 'spread': 0.385, 'learning_rate': 0.001}",dqn,300,linear,0.001,,,,,,
RepeatPrevious,filterbank+hag,5,312,4.384615384615385,0.42083335999999993,0.07034144345085903,0.32840949222216553,0.22561648724489794,880,"{'decomposition': 'legendre', 'n_filters': 12, 'slowest': 0.05503533446959869, 'input_scaling': 0.9095759553753703, 'bias_dist': 'foldnorm', 'bias_scaling': 0.04123764193322552, 'lr': 0.9047782400199377, 'weight_increment': 0.002278223530217896, 'min_window': 11, 'max_window': 59, 'use_full_instance': False, 'max_partners': 20, 'homeostasis': 'mean', 'target': 0.52, 'spread': 0.385, 'learning_rate': 0.001}",dqn,300,linear,0.001,,,,,,
RepeatPrevious,filterbank+hag,7,312,4.490384615384615,0.86999998,0.0743677858878399,0.2319345982047228,0.17391581530612246,872,"{'decomposition': 'legendre', 'n_filters': 12, 'slowest': 0.05503533446959869, 'input_scaling': 0.9095759553753703, 'bias_dist': 'foldnorm', 'bias_scaling': 0.04123764193322552, 'lr': 0.9047782400199377, 'weight_increment': 0.002278223530217896, 'min_window': 11, 'max_window': 59, 'use_full_instance': False, 'max_partners': 20, 'homeostasis': 'mean', 'target': 0.52, 'spread': 0.385, 'learning_rate': 0.001}",dqn,300,linear,0.001,,,,,,
RepeatPrevious,filterbank+hag,8,312,4.25,-0.38333336,0.07637623321472721,0.22098187861478047,0.13681972602040818,879,"{'decomposition': 'legendre', 'n_filters': 12, 'slowest': 0.05503533446959869, 'input_scaling': 0.9095759553753703, 'bias_dist': 'foldnorm', 'bias_scaling': 0.04123764193322552, 'lr': 0.9047782400199377, 'weight_increment': 0.002278223530217896, 'min_window': 11, 'max_window': 59, 'use_full_instance': False, 'max_partners': 20, 'homeostasis': 'mean', 'target': 0.52, 'spread': 0.385, 'learning_rate': 0.001}",dqn,300,linear,0.001,,,,,,
RepeatPrevious,filterbank+hag,0,312,3.9743589743589745,-0.08916659999999998,0.07683402530467866,-0.17925783271280665,-0.18358842857142854,863,"{'decomposition': 'legendre', 'n_filters': 12, 'slowest': 0.05503533446959869, 'input_scaling': 0.9095759553753703, 'bias_dist': 'foldnorm', 'bias_scaling': 0.04123764193322552, 'lr': 0.9047782400199377, 'weight_increment': 0.002278223530217896, 'min_window': 11, 'max_window': 59, 'use_full_instance': False, 'max_partners': 20, 'homeostasis': 'mean', 'target': 0.52, 'spread': 0.385, 'learning_rate': 0.003}",dqn,300,linear,0.003,,,,,,
RepeatPrevious,filterbank+hag,9,312,4.528846153846154,-0.04333334,0.0716666548842933,0.24498266221247517,0.17096088214285715,867,"{'decomposition': 'legendre', 'n_filters': 12, 'slowest': 0.05503533446959869, 'input_scaling': 0.9095759553753703, 'bias_dist': 'foldnorm', 'bias_scaling': 0.04123764193322552, 'lr': 0.9047782400199377, 'weight_increment': 0.002278223530217896, 'min_window': 11, 'max_window': 59, 'use_full_instance': False, 'max_partners': 20, 'homeostasis': 'mean', 'target': 0.52, 'spread': 0.385, 'learning_rate': 0.001}",dqn,300,linear,0.001,,,,,,
RepeatPrevious,filterbank+hag,1,312,4.458333333333333,-0.34416666,0.08114201288866575,-0.14250012638343448,-0.18065475051020408,871,"{'decomposition': 'legendre', 'n_filters': 12, 'slowest': 0.05503533446959869, 'input_scaling': 0.9095759553753703, 'bias_dist': 'foldnorm', 'bias_scaling': 0.04123764193322552, 'lr': 0.9047782400199377, 'weight_increment': 0.002278223530217896, 'min_window': 11, 'max_window': 59, 'use_full_instance': False, 'max_partners': 20, 'homeostasis': 'mean', 'target': 0.52, 'spread': 0.385, 'learning_rate': 0.003}",dqn,300,linear,0.003,,,,,,
RepeatPrevious,filterbank+hag,2,312,4.689102564102564,0.1025,0.0928746676384901,-0.1306272428214413,-0.18059098214285718,864,"{'decomposition': 'legendre', 'n_filters': 12, 'slowest': 0.05503533446959869, 'input_scaling': 0.9095759553753703, 'bias_dist': 'foldnorm', 'bias_scaling': 0.04123764193322552, 'lr': 0.9047782400199377, 'weight_increment': 0.002278223530217896, 'min_window': 11, 'max_window': 59, 'use_full_instance': False, 'max_partners': 20, 'homeostasis': 'mean', 'target': 0.52, 'spread': 0.385, 'learning_rate': 0.003}",dqn,300,linear,0.003,,,,,,
RepeatPrevious,filterbank+hag,4,312,4.493589743589744,0.21666664000000005,0.09537929777740241,-0.17321832365991738,-0.19224063928571428,858,"{'decomposition': 'legendre', 'n_filters': 12, 'slowest': 0.05503533446959869, 'input_scaling': 0.9095759553753703, 'bias_dist': 'foldnorm', 'bias_scaling': 0.04123764193322552, 'lr': 0.9047782400199377, 'weight_increment': 0.002278223530217896, 'min_window': 11, 'max_window': 59, 'use_full_instance': False, 'max_partners': 20, 'homeostasis': 'mean', 'target': 0.52, 'spread': 0.385, 'learning_rate': 0.003}",dqn,300,linear,0.003,,,,,,
RepeatPrevious,filterbank+hag,3,312,4.676282051282051,-0.14166668000000002,0.09682458709820352,-0.1609990485030856,-0.18484269693877553,866,"{'decomposition': 'legendre', 'n_filters': 12, 'slowest': 0.05503533446959869, 'input_scaling': 0.9095759553753703, 'bias_dist': 'foldnorm', 'bias_scaling': 0.04123764193322552, 'lr': 0.9047782400199377, 'weight_increment': 0.002278223530217896, 'min_window': 11, 'max_window': 59, 'use_full_instance': False, 'max_partners': 20, 'homeostasis': 'mean', 'target': 0.52, 'spread': 0.385, 'learning_rate': 0.003}",dqn,300,linear,0.003,,,,,,
RepeatPrevious,filterbank+hag,5,312,4.384615384615385,-0.42833330000000003,0.0565440162868716,-0.09610513398276126,-0.1803783974489796,865,"{'decomposition': 'legendre', 'n_filters': 12, 'slowest': 0.05503533446959869, 'input_scaling': 0.9095759553753703, 'bias_dist': 'foldnorm', 'bias_scaling': 0.04123764193322552, 'lr': 0.9047782400199377, 'weight_increment': 0.002278223530217896, 'min_window': 11, 'max_window': 59, 'use_full_instance': False, 'max_partners': 20, 'homeostasis': 'mean', 'target': 0.52, 'spread': 0.385, 'learning_rate': 0.003}",dqn,300,linear,0.003,,,,,,
RepeatPrevious,filterbank+hag,6,312,4.298076923076923,-0.38999998,0.08690670949713607,-0.17950859290049473,-0.18788265918367347,868,"{'decomposition': 'legendre', 'n_filters': 12, 'slowest': 0.05503533446959869, 'input_scaling': 0.9095759553753703, 'bias_dist': 'foldnorm', 'bias_scaling': 0.04123764193322552, 'lr': 0.9047782400199377, 'weight_increment': 0.002278223530217896, 'min_window': 11, 'max_window': 59, 'use_full_instance': False, 'max_partners': 20, 'homeostasis': 'mean', 'target': 0.52, 'spread': 0.385, 'learning_rate': 0.003}",dqn,300,linear,0.003,,,,,,
RepeatPrevious,filterbank+hag,7,312,4.490384615384615,-0.48833324,0.03730516854354635,-0.1418477246901617,-0.17489370714285712,872,"{'decomposition': 'legendre', 'n_filters': 12, 'slowest': 0.05503533446959869, 'input_scaling': 0.9095759553753703, 'bias_dist': 'foldnorm', 'bias_scaling': 0.04123764193322552, 'lr': 0.9047782400199377, 'weight_increment': 0.002278223530217896, 'min_window': 11, 'max_window': 59, 'use_full_instance': False, 'max_partners': 20, 'homeostasis': 'mean', 'target': 0.52, 'spread': 0.385, 'learning_rate': 0.003}",dqn,300,linear,0.003,,,,,,
RepeatPrevious,filterbank+hag,9,312,4.528846153846154,-0.39166666000000006,0.07499999777829595,-0.12671494624368848,-0.17710459540816326,845,"{'decomposition': 'legendre', 'n_filters': 12, 'slowest': 0.05503533446959869, 'input_scaling': 0.9095759553753703, 'bias_dist': 'foldnorm', 'bias_scaling': 0.04123764193322552, 'lr': 0.9047782400199377, 'weight_increment': 0.002278223530217896, 'min_window': 11, 'max_window': 59, 'use_full_instance': False, 'max_partners': 20, 'homeostasis': 'mean', 'target': 0.52, 'spread': 0.385, 'learning_rate': 0.003}",dqn,300,linear,0.003,,,,,,
RepeatPrevious,filterbank+proj,0,312,0.0,0.9333333400000001,0.04930058935940219,0.7054070832355792,0.7888180382653063,864,"{'decomposition': 'legendre', 'n_filters': 12, 'slowest': 0.05503533446959869, 'input_scaling': 0.9095759553753703, 'bias_dist': 'foldnorm', 'bias_scaling': 0.04123764193322552, 'lr': 0.9047782400199377, 'weight_increment': 0.002278223530217896, 'min_window': 11, 'max_window': 59, 'use_full_instance': False, 'max_partners': 20, 'homeostasis': 'mean', 'target': 0.52, 'spread': 0.385, 'learning_rate': 0.0001}",dqn,300,linear,0.0001,,,,,,
RepeatPrevious,filterbank+hag,8,312,4.25,-0.04833334000000001,0.054873576114778604,-0.1645649525169582,-0.18845662959183673,867,"{'decomposition': 'legendre', 'n_filters': 12, 'slowest': 0.05503533446959869, 'input_scaling': 0.9095759553753703, 'bias_dist': 'foldnorm', 'bias_scaling': 0.04123764193322552, 'lr': 0.9047782400199377, 'weight_increment': 0.002278223530217896, 'min_window': 11, 'max_window': 59, 'use_full_instance': False, 'max_partners': 20, 'homeostasis': 'mean', 'target': 0.52, 'spread': 0.385, 'learning_rate': 0.003}",dqn,300,linear,0.003,,,,,,
RepeatPrevious,filterbank+proj,2,312,0.0,0.9849998999999999,0.021666776923437416,0.7642126102922425,0.8048681964285714,854,"{'decomposition': 'legendre', 'n_filters': 12, 'slowest': 0.05503533446959869, 'input_scaling': 0.9095759553753703, 'bias_dist': 'foldnorm', 'bias_scaling': 0.04123764193322552, 'lr': 0.9047782400199377, 'weight_increment': 0.002278223530217896, 'min_window': 11, 'max_window': 59, 'use_full_instance': False, 'max_partners': 20, 'homeostasis': 'mean', 'target': 0.52, 'spread': 0.385, 'learning_rate': 0.0001}",dqn,300,linear,0.0001,,,,,,
RepeatPrevious,filterbank+proj,1,312,0.0,0.39583332,0.11464015681957872,0.7311206858264905,0.772980450510204,858,"{'decomposition': 'legendre', 'n_filters': 12, 'slowest': 0.05503533446959869, 'input_scaling': 0.9095759553753703, 'bias_dist': 'foldnorm', 'bias_scaling': 0.04123764193322552, 'lr': 0.9047782400199377, 'weight_increment': 0.002278223530217896, 'min_window': 11, 'max_window': 59, 'use_full_instance': False, 'max_partners': 20, 'homeostasis': 'mean', 'target': 0.52, 'spread': 0.385, 'learning_rate': 0.0001}",dqn,300,linear,0.0001,,,,,,
RepeatPrevious,filterbank+proj,3,312,0.0,0.9083333199999999,0.06180161180986787,0.73875401744275,0.783588437755102,860,"{'decomposition': 'legendre', 'n_filters': 12, 'slowest': 0.05503533446959869, 'input_scaling': 0.9095759553753703, 'bias_dist': 'foldnorm', 'bias_scaling': 0.04123764193322552, 'lr': 0.9047782400199377, 'weight_increment': 0.002278223530217896, 'min_window': 11, 'max_window': 59, 'use_full_instance': False, 'max_partners': 20, 'homeostasis': 'mean', 'target': 0.52, 'spread': 0.385, 'learning_rate': 0.0001}",dqn,300,linear,0.0001,,,,,,
RepeatPrevious,filterbank+proj,5,312,0.0,0.9816666000000001,0.02656231248366753,0.7596882914775335,0.8030612163265306,856,"{'decomposition': 'legendre', 'n_filters': 12, 'slowest': 0.05503533446959869, 'input_scaling': 0.9095759553753703, 'bias_dist': 'foldnorm', 'bias_scaling': 0.04123764193322552, 'lr': 0.9047782400199377, 'weight_increment': 0.002278223530217896, 'min_window': 11, 'max_window': 59, 'use_full_instance': False, 'max_partners': 20, 'homeostasis': 'mean', 'target': 0.52, 'spread': 0.385, 'learning_rate': 0.0001}",dqn,300,linear,0.0001,,,,,,
RepeatPrevious,filterbank+proj,6,312,0.0,0.8266667000000001,0.06311364881489581,0.7126196422196154,0.7804421811224489,859,"{'decomposition': 'legendre', 'n_filters': 12, 'slowest': 0.05503533446959869, 'input_scaling': 0.9095759553753703, 'bias_dist': 'foldnorm', 'bias_scaling': 0.04123764193322552, 'lr': 0.9047782400199377, 'weight_increment': 0.002278223530217896, 'min_window': 11, 'max_window': 59, 'use_full_instance': False, 'max_partners': 20, 'homeostasis': 'mean', 'target': 0.52, 'spread': 0.385, 'learning_rate': 0.0001}",dqn,300,linear,0.0001,,,,,,
RepeatPrevious,filterbank+proj,7,312,0.0,0.9591665800000001,0.03772151066332843,0.7229560847656449,0.7925807867346938,864,"{'decomposition': 'legendre', 'n_filters': 12, 'slowest': 0.05503533446959869, 'input_scaling': 0.9095759553753703, 'bias_dist': 'foldnorm', 'bias_scaling': 0.04123764193322552, 'lr': 0.9047782400199377, 'weight_increment': 0.002278223530217896, 'min_window': 11, 'max_window': 59, 'use_full_instance': False, 'max_partners': 20, 'homeostasis': 'mean', 'target': 0.52, 'spread': 0.385, 'learning_rate': 0.0001}",dqn,300,linear,0.0001,,,,,,
RepeatPrevious,filterbank+proj,8,312,0.0,0.8075000000000001,0.06229967897252762,0.7193009309940328,0.7869897913265307,861,"{'decomposition': 'legendre', 'n_filters': 12, 'slowest': 0.05503533446959869, 'input_scaling': 0.9095759553753703, 'bias_dist': 'foldnorm', 'bias_scaling': 0.04123764193322552, 'lr': 0.9047782400199377, 'weight_increment': 0.002278223530217896, 'min_window': 11, 'max_window': 59, 'use_full_instance': False, 'max_partners': 20, 'homeostasis': 'mean', 'target': 0.52, 'spread': 0.385, 'learning_rate': 0.0001}",dqn,300,linear,0.0001,,,,,,
RepeatPrevious,filterbank+proj,9,312,0.0,0.9516665999999998,0.03472099429048655,0.731868717651859,0.7876062892857142,865,"{'decomposition': 'legendre', 'n_filters': 12, 'slowest': 0.05503533446959869, 'input_scaling': 0.9095759553753703, 'bias_dist': 'foldnorm', 'bias_scaling': 0.04123764193322552, 'lr': 0.9047782400199377, 'weight_increment': 0.002278223530217896, 'min_window': 11, 'max_window': 59, 'use_full_instance': False, 'max_partners': 20, 'homeostasis': 'mean', 'target': 0.52, 'spread': 0.385, 'learning_rate': 0.0001}",dqn,300,linear,0.0001,,,,,,
RepeatPrevious,filterbank+proj,0,312,0.0,0.96416662,0.03633364663553054,0.5633957257612077,0.6283588428571429,854,"{'decomposition': 'legendre', 'n_filters': 12, 'slowest': 0.05503533446959869, 'input_scaling': 0.9095759553753703, 'bias_dist': 'foldnorm', 'bias_scaling': 0.04123764193322552, 'lr': 0.9047782400199377, 'weight_increment': 0.002278223530217896, 'min_window': 11, 'max_window': 59, 'use_full_instance': False, 'max_partners': 20, 'homeostasis': 'mean', 'target': 0.52, 'spread': 0.385, 'learning_rate': 0.0003}",dqn,300,linear,0.0003,,,,,,
RepeatPrevious,filterbank+proj,1,312,0.0,0.5983333599999999,0.09157570505123289,0.573162645279747,0.5739795959183673,857,"{'decomposition': 'legendre', 'n_filters': 12, 'slowest': 0.05503533446959869, 'input_scaling': 0.9095759553753703, 'bias_dist': 'foldnorm', 'bias_scaling': 0.04123764193322552, 'lr': 0.9047782400199377, 'weight_increment': 0.002278223530217896, 'min_window': 11, 'max_window': 59, 'use_full_instance': False, 'max_partners': 20, 'homeostasis': 'mean', 'target': 0.52, 'spread': 0.385, 'learning_rate': 0.0003}",dqn,300,linear,0.0003,,,,,,
RepeatPrevious,filterbank+proj,3,312,0.0,0.8533332999999999,0.07371110047618337,0.586429591931453,0.5858418331632652,852,"{'decomposition': 'legendre', 'n_filters': 12, 'slowest': 0.05503533446959869, 'input_scaling': 0.9095759553753703, 'bias_dist': 'foldnorm', 'bias_scaling': 0.04123764193322552, 'lr': 0.9047782400199377, 'weight_increment': 0.002278223530217896, 'min_window': 11, 'max_window': 59, 'use_full_instance': False, 'max_partners': 20, 'homeostasis': 'mean', 'target': 0.52, 'spread': 0.385, 'learning_rate': 0.0003}",dqn,300,linear,0.0003,,,,,,
RepeatPrevious,filterbank+proj,2,312,0.0,0.8908333800000001,0.07448426880943115,0.6442214539195185,0.6218537428571428,861,"{'decomposition': 'legendre', 'n_filters': 12, 'slowest': 0.05503533446959869, 'input_scaling': 0.9095759553753703, 'bias_dist': 'foldnorm', 'bias_scaling': 0.04123764193322552, 'lr': 0.9047782400199377, 'weight_increment': 0.002278223530217896, 'min_window': 11, 'max_window': 59, 'use_full_instance': False, 'max_partners': 20, 'homeostasis': 'mean', 'target': 0.52, 'spread': 0.385, 'learning_rate': 0.0003}",dqn,300,linear,0.0003,,,,,,
RepeatPrevious,filterbank+proj,4,312,0.0,0.7416666399999999,0.06561671619724961,0.5733092773499261,0.5607142852040817,878,"{'decomposition': 'legendre', 'n_filters': 12, 'slowest': 0.05503533446959869, 'input_scaling': 0.9095759553753703, 'bias_dist': 'foldnorm', 'bias_scaling': 0.04123764193322552, 'lr': 0.9047782400199377, 'weight_increment': 0.002278223530217896, 'min_window': 11, 'max_window': 59, 'use_full_instance': False, 'max_partners': 20, 'homeostasis': 'mean', 'target': 0.52, 'spread': 0.385, 'learning_rate': 0.0003}",dqn,300,linear,0.0003,,,,,,
RepeatPrevious,filterbank+proj,5,312,0.0,0.57666666,0.07877531282822302,0.6279390035701535,0.5993197275510205,861,"{'decomposition': 'legendre', 'n_filters': 12, 'slowest': 0.05503533446959869, 'input_scaling': 0.9095759553753703, 'bias_dist': 'foldnorm', 'bias_scaling': 0.04123764193322552, 'lr': 0.9047782400199377, 'weight_increment': 0.002278223530217896, 'min_window': 11, 'max_window': 59, 'use_full_instance': False, 'max_partners': 20, 'homeostasis': 'mean', 'target': 0.52, 'spread': 0.385, 'learning_rate': 0.0003}",dqn,300,linear,0.0003,,,,,,
RepeatPrevious,filterbank+proj,4,312,0.0,0.8349999600000001,0.07544309201907355,0.7295438685163462,0.7586734714285714,966,"{'decomposition': 'legendre', 'n_filters': 12, 'slowest': 0.05503533446959869, 'input_scaling': 0.9095759553753703, 'bias_dist': 'foldnorm', 'bias_scaling': 0.04123764193322552, 'lr': 0.9047782400199377, 'weight_increment': 0.002278223530217896, 'min_window': 11, 'max_window': 59, 'use_full_instance': False, 'max_partners': 20, 'homeostasis': 'mean', 'target': 0.52, 'spread': 0.385, 'learning_rate': 0.0001}",dqn,300,linear,0.0001,,,,,,
RepeatPrevious,filterbank+proj,7,312,0.0,0.93749994,0.04805229500883802,0.5829168150150456,0.5885841734693877,862,"{'decomposition': 'legendre', 'n_filters': 12, 'slowest': 0.05503533446959869, 'input_scaling': 0.9095759553753703, 'bias_dist': 'foldnorm', 'bias_scaling': 0.04123764193322552, 'lr': 0.9047782400199377, 'weight_increment': 0.002278223530217896, 'min_window': 11, 'max_window': 59, 'use_full_instance': False, 'max_partners': 20, 'homeostasis': 'mean', 'target': 0.52, 'spread': 0.385, 'learning_rate': 0.0003}",dqn,300,linear,0.0003,,,,,,
RepeatPrevious,filterbank+proj,6,312,0.0,0.8583333399999998,0.06180172777216184,0.5660584650889988,0.6035714198979591,876,"{'decomposition': 'legendre', 'n_filters': 12, 'slowest': 0.05503533446959869, 'input_scaling': 0.9095759553753703, 'bias_dist': 'foldnorm', 'bias_scaling': 0.04123764193322552, 'lr': 0.9047782400199377, 'weight_increment': 0.002278223530217896, 'min_window': 11, 'max_window': 59, 'use_full_instance': False, 'max_partners': 20, 'homeostasis': 'mean', 'target': 0.52, 'spread': 0.385, 'learning_rate': 0.0003}",dqn,300,linear,0.0003,,,,,,
RepeatPrevious,filterbank+proj,8,312,0.0,0.8325000399999999,0.08477504258045761,0.5595684380578364,0.5837159974489797,862,"{'decomposition': 'legendre', 'n_filters': 12, 'slowest': 0.05503533446959869, 'input_scaling': 0.9095759553753703, 'bias_dist': 'foldnorm', 'bias_scaling': 0.04123764193322552, 'lr': 0.9047782400199377, 'weight_increment': 0.002278223530217896, 'min_window': 11, 'max_window': 59, 'use_full_instance': False, 'max_partners': 20, 'homeostasis': 'mean', 'target': 0.52, 'spread': 0.385, 'learning_rate': 0.0003}",dqn,300,linear,0.0003,,,,,,
RepeatPrevious,filterbank+esn,0,336,20.55654761904762,1.0000000000000007,0.0,0.550327834179357,0.905351099830796,127,"{'decomposition': 'ema', 'n_filters': 12, 'slowest': 0.02507317538961706, 'input_scaling': 0.06030655020781763, 'bias_dist': 'foldnorm', 'bias_scaling': 0.3675151821918012, 'lr': 0.8146481921811927, 'sr': 0.5626594340200773, 'rc_connectivity': 0.0611833696238945, 'ridge': 0.00029938375658797236, 'gamma': 0.9453529518592982}",lspi,300,linear,,1.0000000000000004,0.0,"[1.0000000000000004, 1.0000000000000004, 1.0000000000000004, 1.0000000000000004, 1.0000000000000004, 1.0000000000000004, 1.0000000000000004, 1.0000000000000004, 1.0000000000000004, 1.0000000000000004, 1.0000000000000004, 1.0000000000000004, 1.0000000000000004, 1.0000000000000004, 1.0000000000000004, 1.0000000000000004, 1.0000000000000004, 1.0000000000000004, 1.0000000000000004, 1.0000000000000004]",,,
RepeatPrevious,filterbank+proj,9,312,0.0,0.7366666399999999,0.08797091287005268,0.601702621767736,0.6198129290816327,873,"{'decomposition': 'legendre', 'n_filters': 12, 'slowest': 0.05503533446959869, 'input_scaling': 0.9095759553753703, 'bias_dist': 'foldnorm', 'bias_scaling': 0.04123764193322552, 'lr': 0.9047782400199377, 'weight_increment': 0.002278223530217896, 'min_window': 11, 'max_window': 59, 'use_full_instance': False, 'max_partners': 20, 'homeostasis': 'mean', 'target': 0.52, 'spread': 0.385, 'learning_rate': 0.0003}",dqn,300,linear,0.0003,,,,,,
RepeatPrevious,filterbank+esn,1,336,20.55654761904762,1.0000000000000007,0.0,0.547451353637902,0.90513959390863,126,"{'decomposition': 'ema', 'n_filters': 12, 'slowest': 0.02507317538961706, 'input_scaling': 0.06030655020781763, 'bias_dist': 'foldnorm', 'bias_scaling': 0.3675151821918012, 'lr': 0.8146481921811927, 'sr': 0.5626594340200773, 'rc_connectivity': 0.0611833696238945, 'ridge': 0.00029938375658797236, 'gamma': 0.9453529518592982}",lspi,300,linear,,1.0000000000000004,0.0,"[1.0000000000000004, 1.0000000000000004, 1.0000000000000004, 1.0000000000000004, 1.0000000000000004, 1.0000000000000004, 1.0000000000000004, 1.0000000000000004, 1.0000000000000004, 1.0000000000000004, 1.0000000000000004, 1.0000000000000004, 1.0000000000000004, 1.0000000000000004, 1.0000000000000004, 1.0000000000000004, 1.0000000000000004, 1.0000000000000004, 1.0000000000000004, 1.0000000000000004]",,,
RepeatPrevious,filterbank+proj,0,312,0.0,0.31750004,0.08031620937867026,0.12283665823430406,0.051126708163265304,884,"{'decomposition': 'legendre', 'n_filters': 12, 'slowest': 0.05503533446959869, 'input_scaling': 0.9095759553753703, 'bias_dist': 'foldnorm', 'bias_scaling': 0.04123764193322552, 'lr': 0.9047782400199377, 'weight_increment': 0.002278223530217896, 'min_window': 11, 'max_window': 59, 'use_full_instance': False, 'max_partners': 20, 'homeostasis': 'mean', 'target': 0.52, 'spread': 0.385, 'learning_rate': 0.001}",dqn,300,linear,0.001,,,,,,
RepeatPrevious,filterbank+proj,2,312,0.0,-0.07916667999999999,0.07603453601316706,0.299489128882542,0.16358418724489796,875,"{'decomposition': 'legendre', 'n_filters': 12, 'slowest': 0.05503533446959869, 'input_scaling': 0.9095759553753703, 'bias_dist': 'foldnorm', 'bias_scaling': 0.04123764193322552, 'lr': 0.9047782400199377, 'weight_increment': 0.002278223530217896, 'min_window': 11, 'max_window': 59, 'use_full_instance': False, 'max_partners': 20, 'homeostasis': 'mean', 'target': 0.52, 'spread': 0.385, 'learning_rate': 0.001}",dqn,300,linear,0.001,,,,,,
RepeatPrevious,filterbank+proj,1,312,0.0,0.35916667999999996,0.06815525886663186,0.26256566685367466,0.10737669540816328,880,"{'decomposition': 'legendre', 'n_filters': 12, 'slowest': 0.05503533446959869, 'input_scaling': 0.9095759553753703, 'bias_dist': 'foldnorm', 'bias_scaling': 0.04123764193322552, 'lr': 0.9047782400199377, 'weight_increment': 0.002278223530217896, 'min_window': 11, 'max_window': 59, 'use_full_instance': False, 'max_partners': 20, 'homeostasis': 'mean', 'target': 0.52, 'spread': 0.385, 'learning_rate': 0.001}",dqn,300,linear,0.001,,,,,,
RepeatPrevious,filterbank+esn,2,336,20.55654761904762,1.0000000000000007,0.0,0.5498096446700509,0.9055626057529615,129,"{'decomposition': 'ema', 'n_filters': 12, 'slowest': 0.02507317538961706, 'input_scaling': 0.06030655020781763, 'bias_dist': 'foldnorm', 'bias_scaling': 0.3675151821918012, 'lr': 0.8146481921811927, 'sr': 0.5626594340200773, 'rc_connectivity': 0.0611833696238945, 'ridge': 0.00029938375658797236, 'gamma': 0.9453529518592982}",lspi,300,linear,,1.0000000000000004,0.0,"[1.0000000000000004, 1.0000000000000004, 1.0000000000000004, 1.0000000000000004, 1.0000000000000004, 1.0000000000000004, 1.0000000000000004, 1.0000000000000004, 1.0000000000000004, 1.0000000000000004, 1.0000000000000004, 1.0000000000000004, 1.0000000000000004, 1.0000000000000004, 1.0000000000000004, 1.0000000000000004, 1.0000000000000004, 1.0000000000000004, 1.0000000000000004, 1.0000000000000004]",,,
RepeatPrevious,filterbank+esn,3,336,20.55654761904762,0.9991666666666674,0.005833333333333343,0.5512901861252116,0.9126480541455164,130,"{'decomposition': 'ema', 'n_filters': 12, 'slowest': 0.02507317538961706, 'input_scaling': 0.06030655020781763, 'bias_dist': 'foldnorm', 'bias_scaling': 0.3675151821918012, 'lr': 0.8146481921811927, 'sr': 0.5626594340200773, 'rc_connectivity': 0.0611833696238945, 'ridge': 0.00029938375658797236, 'gamma': 0.9453529518592982}",lspi,300,linear,,1.0000000000000004,0.0,"[1.0000000000000004, 1.0000000000000004, 1.0000000000000004, 1.0000000000000004, 1.0000000000000004, 1.0000000000000004, 1.0000000000000004, 1.0000000000000004, 1.0000000000000004, 1.0000000000000004, 1.0000000000000004, 1.0000000000000004, 1.0000000000000004, 1.0000000000000004, 1.0000000000000004, 1.0000000000000004, 1.0000000000000004, 1.0000000000000004, 1.0000000000000004, 1.0000000000000004]",,,
RepeatPrevious,filterbank+esn,5,336,20.55654761904762,1.0000000000000007,0.0,0.5503489847715736,0.9115905245346875,125,"{'decomposition': 'ema', 'n_filters': 12, 'slowest': 0.02507317538961706, 'input_scaling': 0.06030655020781763, 'bias_dist': 'foldnorm', 'bias_scaling': 0.3675151821918012, 'lr': 0.8146481921811927, 'sr': 0.5626594340200773, 'rc_connectivity': 0.0611833696238945, 'ridge': 0.00029938375658797236, 'gamma': 0.9453529518592982}",lspi,300,linear,,1.0000000000000004,0.0,"[1.0000000000000004, 1.0000000000000004, 1.0000000000000004, 1.0000000000000004, 1.0000000000000004, 1.0000000000000004, 1.0000000000000004, 1.0000000000000004, 1.0000000000000004, 1.0000000000000004, 1.0000000000000004, 1.0000000000000004, 1.0000000000000004, 1.0000000000000004, 1.0000000000000004, 1.0000000000000004, 1.0000000000000004, 1.0000000000000004, 1.0000000000000004, 1.0000000000000004]",,,
RepeatPrevious,filterbank+proj,5,312,0.0,0.1191667,0.09014262988336873,0.25146206237568214,0.10669642397959185,865,"{'decomposition': 'legendre', 'n_filters': 12, 'slowest': 0.05503533446959869, 'input_scaling': 0.9095759553753703, 'bias_dist': 'foldnorm', 'bias_scaling': 0.04123764193322552, 'lr': 0.9047782400199377, 'weight_increment': 0.002278223530217896, 'min_window': 11, 'max_window': 59, 'use_full_instance': False, 'max_partners': 20, 'homeostasis': 'mean', 'target': 0.52, 'spread': 0.385, 'learning_rate': 0.001}",dqn,300,linear,0.001,,,,,,
RepeatPrevious,filterbank+esn,4,336,20.55654761904762,1.0000000000000007,0.0,0.552865905245347,0.9067258883248736,128,"{'decomposition': 'ema', 'n_filters': 12, 'slowest': 0.02507317538961706, 'input_scaling': 0.06030655020781763, 'bias_dist': 'foldnorm', 'bias_scaling': 0.3675151821918012, 'lr': 0.8146481921811927, 'sr': 0.5626594340200773, 'rc_connectivity': 0.0611833696238945, 'ridge': 0.00029938375658797236, 'gamma': 0.9453529518592982}",lspi,300,linear,,1.0000000000000004,0.0,"[1.0000000000000004, 1.0000000000000004, 1.0000000000000004, 1.0000000000000004, 1.0000000000000004, 1.0000000000000004, 1.0000000000000004, 1.0000000000000004, 1.0000000000000004, 1.0000000000000004, 1.0000000000000004, 1.0000000000000004, 1.0000000000000004, 1.0000000000000004, 1.0000000000000004, 1.0000000000000004, 1.0000000000000004, 1.0000000000000004, 1.0000000000000004, 1.0000000000000004]",,,
RepeatPrevious,filterbank+proj,6,312,0.0,0.16583334,0.10256777439578378,0.1717583871066456,0.10057398724489797,869,"{'decomposition': 'legendre', 'n_filters': 12, 'slowest': 0.05503533446959869, 'input_scaling': 0.9095759553753703, 'bias_dist': 'foldnorm', 'bias_scaling': 0.04123764193322552, 'lr': 0.9047782400199377, 'weight_increment': 0.002278223530217896, 'min_window': 11, 'max_window': 59, 'use_full_instance': False, 'max_partners': 20, 'homeostasis': 'mean', 'target': 0.52, 'spread': 0.385, 'learning_rate': 0.001}",dqn,300,linear,0.001,,,,,,
RepeatPrevious,filterbank+proj,3,312,0.0,0.43000004000000003,0.07333331090956142,0.20213869322180852,0.16398810459183674,884,"{'decomposition': 'legendre', 'n_filters': 12, 'slowest': 0.05503533446959869, 'input_scaling': 0.9095759553753703, 'bias_dist': 'foldnorm', 'bias_scaling': 0.04123764193322552, 'lr': 0.9047782400199377, 'weight_increment': 0.002278223530217896, 'min_window': 11, 'max_window': 59, 'use_full_instance': False, 'max_partners': 20, 'homeostasis': 'mean', 'target': 0.52, 'spread': 0.385, 'learning_rate': 0.001}",dqn,300,linear,0.001,,,,,,
RepeatPrevious,filterbank+esn,6,336,20.55654761904762,1.0000000000000007,0.0,0.5510575296108292,0.9047165820642982,130,"{'decomposition': 'ema', 'n_filters': 12, 'slowest': 0.02507317538961706, 'input_scaling': 0.06030655020781763, 'bias_dist': 'foldnorm', 'bias_scaling': 0.3675151821918012, 'lr': 0.8146481921811927, 'sr': 0.5626594340200773, 'rc_connectivity': 0.0611833696238945, 'ridge': 0.00029938375658797236, 'gamma': 0.9453529518592982}",lspi,300,linear,,1.0000000000000004,0.0,"[1.0000000000000004, 1.0000000000000004, 1.0000000000000004, 1.0000000000000004, 1.0000000000000004, 1.0000000000000004, 1.0000000000000004, 1.0000000000000004, 1.0000000000000004, 1.0000000000000004, 1.0000000000000004, 1.0000000000000004, 1.0000000000000004, 1.0000000000000004, 1.0000000000000004, 1.0000000000000004, 1.0000000000000004, 1.0000000000000004, 1.0000000000000004, 1.0000000000000004]",,,
RepeatPrevious,filterbank+esn,7,336,20.55654761904762,1.0000000000000007,0.0,0.550327834179357,0.9102157360406097,134,"{'decomposition': 'ema', 'n_filters': 12, 'slowest': 0.02507317538961706, 'input_scaling': 0.06030655020781763, 'bias_dist': 'foldnorm', 'bias_scaling': 0.3675151821918012, 'lr': 0.8146481921811927, 'sr': 0.5626594340200773, 'rc_connectivity': 0.0611833696238945, 'ridge': 0.00029938375658797236, 'gamma': 0.9453529518592982}",lspi,300,linear,,1.0000000000000004,0.0,"[1.0000000000000004, 1.0000000000000004, 1.0000000000000004, 1.0000000000000004, 1.0000000000000004, 1.0000000000000004, 1.0000000000000004, 1.0000000000000004, 1.0000000000000004, 1.0000000000000004, 1.0000000000000004, 1.0000000000000004, 1.0000000000000004, 1.0000000000000004, 1.0000000000000004, 1.0000000000000004, 1.0000000000000004, 1.0000000000000004, 1.0000000000000004, 1.0000000000000004]",,,
RepeatPrevious,filterbank+esn,8,336,20.55654761904762,1.0000000000000007,0.0,0.5506768189509307,0.902813028764806,132,"{'decomposition': 'ema', 'n_filters': 12, 'slowest': 0.02507317538961706, 'input_scaling': 0.06030655020781763, 'bias_dist': 'foldnorm', 'bias_scaling': 0.3675151821918012, 'lr': 0.8146481921811927, 'sr': 0.5626594340200773, 'rc_connectivity': 0.0611833696238945, 'ridge': 0.00029938375658797236, 'gamma': 0.9453529518592982}",lspi,300,linear,,1.0000000000000004,0.0,"[1.0000000000000004, 1.0000000000000004, 1.0000000000000004, 1.0000000000000004, 1.0000000000000004, 1.0000000000000004, 1.0000000000000004, 1.0000000000000004, 1.0000000000000004, 1.0000000000000004, 1.0000000000000004, 1.0000000000000004, 1.0000000000000004, 1.0000000000000004, 1.0000000000000004, 1.0000000000000004, 1.0000000000000004, 1.0000000000000004, 1.0000000000000004, 1.0000000000000004]",,,
RepeatPrevious,filterbank+proj,4,312,0.0,0.29416662000000005,0.10083330694247611,0.1685473701229153,0.08280187040816328,893,"{'decomposition': 'legendre', 'n_filters': 12, 'slowest': 0.05503533446959869, 'input_scaling': 0.9095759553753703, 'bias_dist': 'foldnorm', 'bias_scaling': 0.04123764193322552, 'lr': 0.9047782400199377, 'weight_increment': 0.002278223530217896, 'min_window': 11, 'max_window': 59, 'use_full_instance': False, 'max_partners': 20, 'homeostasis': 'mean', 'target': 0.52, 'spread': 0.385, 'learning_rate': 0.001}",dqn,300,linear,0.001,,,,,,
RepeatPrevious,filterbank+hag,0,312,6.528846153846154,1.0000000000000007,0.0,0.550327834179357,0.905351099830796,118,"{'decomposition': 'ema', 'n_filters': 6, 'slowest': 0.025449047451326166, 'input_scaling': 0.45634028381379155, 'bias_dist': 'foldnorm', 'bias_scaling': 0.3053488883357672, 'lr': 0.9631125355867912, 'weight_increment': 0.001562997476594326, 'min_window': 10, 'max_window': 37, 'use_full_instance': True, 'max_partners': inf, 'homeostasis': 'mean', 'target': 0.5, 'spread': 0.23, 'ridge': 9.30375589059818e-06, 'gamma': 0.9070029115365931}",lspi,300,linear,,1.0000000000000004,0.0,"[1.0000000000000004, 1.0000000000000004, 1.0000000000000004, 1.0000000000000004, 1.0000000000000004, 1.0000000000000004, 1.0000000000000004, 1.0000000000000004, 1.0000000000000004, 1.0000000000000004, 1.0000000000000004, 1.0000000000000004, 1.0000000000000004, 1.0000000000000004, 1.0000000000000004, 1.0000000000000004, 1.0000000000000004, 1.0000000000000004, 1.0000000000000004, 1.0000000000000004]",,,
RepeatPrevious,filterbank+hag,1,312,6.564102564102564,1.0000000000000007,0.0,0.547451353637902,0.90513959390863,123,"{'decomposition': 'ema', 'n_filters': 6, 'slowest': 0.025449047451326166, 'input_scaling': 0.45634028381379155, 'bias_dist': 'foldnorm', 'bias_scaling': 0.3053488883357672, 'lr': 0.9631125355867912, 'weight_increment': 0.001562997476594326, 'min_window': 10, 'max_window': 37, 'use_full_instance': True, 'max_partners': inf, 'homeostasis': 'mean', 'target': 0.5, 'spread': 0.23, 'ridge': 9.30375589059818e-06, 'gamma': 0.9070029115365931}",lspi,300,linear,,1.0000000000000004,0.0,"[1.0000000000000004, 1.0000000000000004, 1.0000000000000004, 1.0000000000000004, 1.0000000000000004, 1.0000000000000004, 1.0000000000000004, 1.0000000000000004, 1.0000000000000004, 1.0000000000000004, 1.0000000000000004, 1.0000000000000004, 1.0000000000000004, 1.0000000000000004, 1.0000000000000004, 1.0000000000000004, 1.0000000000000004, 1.0000000000000004, 1.0000000000000004, 1.0000000000000004]",,,
RepeatPrevious,filterbank+esn,9,336,20.55654761904762,0.9991666666666674,0.005833333333333343,0.5495558375634519,0.9067258883248737,132,"{'decomposition': 'ema', 'n_filters': 12, 'slowest': 0.02507317538961706, 'input_scaling': 0.06030655020781763, 'bias_dist': 'foldnorm', 'bias_scaling': 0.3675151821918012, 'lr': 0.8146481921811927, 'sr': 0.5626594340200773, 'rc_connectivity': 0.0611833696238945, 'ridge': 0.00029938375658797236, 'gamma': 0.9453529518592982}",lspi,300,linear,,1.0000000000000004,0.0,"[1.0000000000000004, 1.0000000000000004, 1.0000000000000004, 1.0000000000000004, 1.0000000000000004, 1.0000000000000004, 1.0000000000000004, 1.0000000000000004, 1.0000000000000004, 1.0000000000000004, 1.0000000000000004, 1.0000000000000004, 1.0000000000000004, 1.0000000000000004, 1.0000000000000004, 1.0000000000000004, 1.0000000000000004, 1.0000000000000004, 1.0000000000000004, 1.0000000000000004]",,,
RepeatPrevious,filterbank+hag,2,312,6.589743589743589,1.0000000000000007,0.0,0.5498202199661592,0.9055626057529615,118,"{'decomposition': 'ema', 'n_filters': 6, 'slowest': 0.025449047451326166, 'input_scaling': 0.45634028381379155, 'bias_dist': 'foldnorm', 'bias_scaling': 0.3053488883357672, 'lr': 0.9631125355867912, 'weight_increment': 0.001562997476594326, 'min_window': 10, 'max_window': 37, 'use_full_instance': True, 'max_partners': inf, 'homeostasis': 'mean', 'target': 0.5, 'spread': 0.23, 'ridge': 9.30375589059818e-06, 'gamma': 0.9070029115365931}",lspi,300,linear,,1.0000000000000004,0.0,"[1.0000000000000004, 1.0000000000000004, 1.0000000000000004, 1.0000000000000004, 1.0000000000000004, 1.0000000000000004, 1.0000000000000004, 1.0000000000000004, 1.0000000000000004, 1.0000000000000004, 1.0000000000000004, 1.0000000000000004, 1.0000000000000004, 1.0000000000000004, 1.0000000000000004, 1.0000000000000004, 1.0000000000000004, 1.0000000000000004, 1.0000000000000004, 1.0000000000000004]",,,
RepeatPrevious,filterbank+hag,3,312,6.448717948717949,1.0000000000000007,0.0,0.551343062605753,0.9126480541455164,123,"{'decomposition': 'ema', 'n_filters': 6, 'slowest': 0.025449047451326166, 'input_scaling': 0.45634028381379155, 'bias_dist': 'foldnorm', 'bias_scaling': 0.3053488883357672, 'lr': 0.9631125355867912, 'weight_increment': 0.001562997476594326, 'min_window': 10, 'max_window': 37, 'use_full_instance': True, 'max_partners': inf, 'homeostasis': 'mean', 'target': 0.5, 'spread': 0.23, 'ridge': 9.30375589059818e-06, 'gamma': 0.9070029115365931}",lspi,300,linear,,1.0000000000000004,0.0,"[1.0000000000000004, 1.0000000000000004, 1.0000000000000004, 1.0000000000000004, 1.0000000000000004, 1.0000000000000004, 1.0000000000000004, 1.0000000000000004, 1.0000000000000004, 1.0000000000000004, 1.0000000000000004, 1.0000000000000004, 1.0000000000000004, 1.0000000000000004, 1.0000000000000004, 1.0000000000000004, 1.0000000000000004, 1.0000000000000004, 1.0000000000000004, 1.0000000000000004]",,,
RepeatPrevious,filterbank+hag,4,312,6.496794871794871,1.0000000000000007,0.0,0.552865905245347,0.9067258883248736,120,"{'decomposition': 'ema', 'n_filters': 6, 'slowest': 0.025449047451326166, 'input_scaling': 0.45634028381379155, 'bias_dist': 'foldnorm', 'bias_scaling': 0.3053488883357672, 'lr': 0.9631125355867912, 'weight_increment': 0.001562997476594326, 'min_window': 10, 'max_window': 37, 'use_full_instance': True, 'max_partners': inf, 'homeostasis': 'mean', 'target': 0.5, 'spread': 0.23, 'ridge': 9.30375589059818e-06, 'gamma': 0.9070029115365931}",lspi,300,linear,,1.0000000000000004,0.0,"[1.0000000000000004, 1.0000000000000004, 1.0000000000000004, 1.0000000000000004, 1.0000000000000004, 1.0000000000000004, 1.0000000000000004, 1.0000000000000004, 1.0000000000000004, 1.0000000000000004, 1.0000000000000004, 1.0000000000000004, 1.0000000000000004, 1.0000000000000004, 1.0000000000000004, 1.0000000000000004, 1.0000000000000004, 1.0000000000000004, 1.0000000000000004, 1.0000000000000004]",,,
RepeatPrevious,filterbank+proj,7,312,0.0,-0.036666620000000004,0.05441611362745047,0.20246807895139493,0.10499573979591836,871,"{'decomposition': 'legendre', 'n_filters': 12, 'slowest': 0.05503533446959869, 'input_scaling': 0.9095759553753703, 'bias_dist': 'foldnorm', 'bias_scaling': 0.04123764193322552, 'lr': 0.9047782400199377, 'weight_increment': 0.002278223530217896, 'min_window': 11, 'max_window': 59, 'use_full_instance': False, 'max_partners': 20, 'homeostasis': 'mean', 'target': 0.52, 'spread': 0.385, 'learning_rate': 0.001}",dqn,300,linear,0.001,,,,,,
RepeatPrevious,filterbank+hag,5,312,6.583333333333333,1.0000000000000007,0.0,0.5503489847715736,0.9115905245346875,122,"{'decomposition': 'ema', 'n_filters': 6, 'slowest': 0.025449047451326166, 'input_scaling': 0.45634028381379155, 'bias_dist': 'foldnorm', 'bias_scaling': 0.3053488883357672, 'lr': 0.9631125355867912, 'weight_increment': 0.001562997476594326, 'min_window': 10, 'max_window': 37, 'use_full_instance': True, 'max_partners': inf, 'homeostasis': 'mean', 'target': 0.5, 'spread': 0.23, 'ridge': 9.30375589059818e-06, 'gamma': 0.9070029115365931}",lspi,300,linear,,1.0000000000000004,0.0,"[1.0000000000000004, 1.0000000000000004, 1.0000000000000004, 1.0000000000000004, 1.0000000000000004, 1.0000000000000004, 1.0000000000000004, 1.0000000000000004, 1.0000000000000004, 1.0000000000000004, 1.0000000000000004, 1.0000000000000004, 1.0000000000000004, 1.0000000000000004, 1.0000000000000004, 1.0000000000000004, 1.0000000000000004, 1.0000000000000004, 1.0000000000000004, 1.0000000000000004]",,,
RepeatPrevious,filterbank+hag,6,312,6.480769230769231,0.9991666666666674,0.005833333333333343,0.5510575296108292,0.9047165820642982,120,"{'decomposition': 'ema', 'n_filters': 6, 'slowest': 0.025449047451326166, 'input_scaling': 0.45634028381379155, 'bias_dist': 'foldnorm', 'bias_scaling': 0.3053488883357672, 'lr': 0.9631125355867912, 'weight_increment': 0.001562997476594326, 'min_window': 10, 'max_window': 37, 'use_full_instance': True, 'max_partners': inf, 'homeostasis': 'mean', 'target': 0.5, 'spread': 0.23, 'ridge': 9.30375589059818e-06, 'gamma': 0.9070029115365931}",lspi,300,linear,,1.0000000000000004,0.0,"[1.0000000000000004, 1.0000000000000004, 1.0000000000000004, 1.0000000000000004, 1.0000000000000004, 1.0000000000000004, 1.0000000000000004, 1.0000000000000004, 1.0000000000000004, 1.0000000000000004, 1.0000000000000004, 1.0000000000000004, 1.0000000000000004, 1.0000000000000004, 1.0000000000000004, 1.0000000000000004, 1.0000000000000004, 1.0000000000000004, 1.0000000000000004, 1.0000000000000004]",,,
RepeatPrevious,filterbank+hag,7,312,6.391025641025641,1.0000000000000007,0.0,0.550327834179357,0.9102157360406097,117,"{'decomposition': 'ema', 'n_filters': 6, 'slowest': 0.025449047451326166, 'input_scaling': 0.45634028381379155, 'bias_dist': 'foldnorm', 'bias_scaling': 0.3053488883357672, 'lr': 0.9631125355867912, 'weight_increment': 0.001562997476594326, 'min_window': 10, 'max_window': 37, 'use_full_instance': True, 'max_partners': inf, 'homeostasis': 'mean', 'target': 0.5, 'spread': 0.23, 'ridge': 9.30375589059818e-06, 'gamma': 0.9070029115365931}",lspi,300,linear,,1.0000000000000004,0.0,"[1.0000000000000004, 1.0000000000000004, 1.0000000000000004, 1.0000000000000004, 1.0000000000000004, 1.0000000000000004, 1.0000000000000004, 1.0000000000000004, 1.0000000000000004, 1.0000000000000004, 1.0000000000000004, 1.0000000000000004, 1.0000000000000004, 1.0000000000000004, 1.0000000000000004, 1.0000000000000004, 1.0000000000000004, 1.0000000000000004, 1.0000000000000004, 1.0000000000000004]",,,
RepeatPrevious,filterbank+hag,8,312,6.413461538461538,1.0000000000000007,0.0,0.5506768189509307,0.902813028764806,124,"{'decomposition': 'ema', 'n_filters': 6, 'slowest': 0.025449047451326166, 'input_scaling': 0.45634028381379155, 'bias_dist': 'foldnorm', 'bias_scaling': 0.3053488883357672, 'lr': 0.9631125355867912, 'weight_increment': 0.001562997476594326, 'min_window': 10, 'max_window': 37, 'use_full_instance': True, 'max_partners': inf, 'homeostasis': 'mean', 'target': 0.5, 'spread': 0.23, 'ridge': 9.30375589059818e-06, 'gamma': 0.9070029115365931}",lspi,300,linear,,1.0000000000000004,0.0,"[1.0000000000000004, 1.0000000000000004, 1.0000000000000004, 1.0000000000000004, 1.0000000000000004, 1.0000000000000004, 1.0000000000000004, 1.0000000000000004, 1.0000000000000004, 1.0000000000000004, 1.0000000000000004, 1.0000000000000004, 1.0000000000000004, 1.0000000000000004, 1.0000000000000004, 1.0000000000000004, 1.0000000000000004, 1.0000000000000004, 1.0000000000000004, 1.0000000000000004]",,,
RepeatPrevious,filterbank+hag,9,312,6.727564102564102,1.0000000000000007,0.0,0.5495452622673437,0.9066201353637907,121,"{'decomposition': 'ema', 'n_filters': 6, 'slowest': 0.025449047451326166, 'input_scaling': 0.45634028381379155, 'bias_dist': 'foldnorm', 'bias_scaling': 0.3053488883357672, 'lr': 0.9631125355867912, 'weight_increment': 0.001562997476594326, 'min_window': 10, 'max_window': 37, 'use_full_instance': True, 'max_partners': inf, 'homeostasis': 'mean', 'target': 0.5, 'spread': 0.23, 'ridge': 9.30375589059818e-06, 'gamma': 0.9070029115365931}",lspi,300,linear,,1.0000000000000004,0.0,"[1.0000000000000004, 1.0000000000000004, 1.0000000000000004, 1.0000000000000004, 1.0000000000000004, 1.0000000000000004, 1.0000000000000004, 1.0000000000000004, 1.0000000000000004, 1.0000000000000004, 1.0000000000000004, 1.0000000000000004, 1.0000000000000004, 1.0000000000000004, 1.0000000000000004, 1.0000000000000004, 1.0000000000000004, 1.0000000000000004, 1.0000000000000004, 1.0000000000000004]",,,
RepeatPrevious,filterbank+proj,0,312,0.0,0.19916666666666663,0.11158267985867895,-0.028574450084602365,0.12415397631133669,120,"{'decomposition': 'ema', 'n_filters': 6, 'slowest': 0.025449047451326166, 'input_scaling': 0.45634028381379155, 'bias_dist': 'foldnorm', 'bias_scaling': 0.3053488883357672, 'lr': 0.9631125355867912, 'weight_increment': 0.001562997476594326, 'min_window': 10, 'max_window': 37, 'use_full_instance': True, 'max_partners': inf, 'homeostasis': 'mean', 'target': 0.5, 'spread': 0.23, 'ridge': 9.30375589059818e-06, 'gamma': 0.9070029115365931}",lspi,300,linear,,0.17124999999999996,0.0,"[0.2541666666666666, 0.1875, 0.1708333333333333, 0.16666666666666666, 0.19999999999999998, 0.19999999999999996, 0.17083333333333334, 0.18749999999999994, 0.08333333333333331, 0.1958333333333333, 0.19999999999999996, 0.19999999999999998, 0.10416666666666666, 0.07083333333333333, 0.1625, 0.19166666666666662, 0.14999999999999997, 0.15416666666666665, 0.1708333333333333, 0.20416666666666666]",,,
RepeatPrevious,filterbank+proj,1,312,0.0,0.18833333333333332,0.10968388922515263,-0.033333333333333326,0.12404822335025381,120,"{'decomposition': 'ema', 'n_filters': 6, 'slowest': 0.025449047451326166, 'input_scaling': 0.45634028381379155, 'bias_dist': 'foldnorm', 'bias_scaling': 0.3053488883357672, 'lr': 0.9631125355867912, 'weight_increment': 0.001562997476594326, 'min_window': 10, 'max_window': 37, 'use_full_instance': True, 'max_partners': inf, 'homeostasis': 'mean', 'target': 0.5, 'spread': 0.23, 'ridge': 9.30375589059818e-06, 'gamma': 0.9070029115365931}",lspi,300,linear,,0.16541666666666663,10.0,"[0.1958333333333333, 0.19166666666666662, 0.15416666666666662, 0.1708333333333333, 0.19166666666666668, 0.19999999999999998, 0.18749999999999997, 0.16249999999999998, 0.09583333333333334, 0.20416666666666666, 0.20833333333333331, 0.1875, 0.11666666666666663, 0.07083333333333332, 0.16249999999999995, 0.17083333333333334, 0.13749999999999998, 0.13749999999999996, 0.1708333333333333, 0.19166666666666665]",,,
RepeatPrevious,filterbank+proj,4,312,0.0,0.19916666666666663,0.10249999999999997,-0.032233502538071064,0.12489424703891708,114,"{'decomposition': 'ema', 'n_filters': 6, 'slowest': 0.025449047451326166, 'input_scaling': 0.45634028381379155, 'bias_dist': 'foldnorm', 'bias_scaling': 0.3053488883357672, 'lr': 0.9631125355867912, 'weight_increment': 0.001562997476594326, 'min_window': 10, 'max_window': 37, 'use_full_instance': True, 'max_partners': inf, 'homeostasis': 'mean', 'target': 0.5, 'spread': 0.23, 'ridge': 9.30375589059818e-06, 'gamma': 0.9070029115365931}",lspi,300,linear,,0.17187499999999994,10.0,"[0.20833333333333331, 0.20416666666666666, 0.1708333333333333, 0.1708333333333333, 0.20833333333333331, 0.18749999999999997, 0.15, 0.16666666666666666, 0.09999999999999999, 0.20416666666666666, 0.2208333333333333, 0.19166666666666662, 0.12499999999999997, 0.08333333333333333, 0.15833333333333333, 0.19166666666666662, 0.17083333333333334, 0.1583333333333333, 0.175, 0.19166666666666662]",,,
RepeatPrevious,filterbank+proj,3,312,0.0,0.18416666666666662,0.11120863775404817,-0.03085871404399322,0.1374788494077834,115,"{'decomposition': 'ema', 'n_filters': 6, 'slowest': 0.025449047451326166, 'input_scaling': 0.45634028381379155, 'bias_dist': 'foldnorm', 'bias_scaling': 0.3053488883357672, 'lr': 0.9631125355867912, 'weight_increment': 0.001562997476594326, 'min_window': 10, 'max_window': 37, 'use_full_instance': True, 'max_partners': inf, 'homeostasis': 'mean', 'target': 0.5, 'spread': 0.23, 'ridge': 9.30375589059818e-06, 'gamma': 0.9070029115365931}",lspi,300,linear,,0.17249999999999996,5.0,"[0.1833333333333333, 0.20833333333333331, 0.17083333333333334, 0.19166666666666662, 0.2125, 0.21666666666666665, 0.16666666666666666, 0.17916666666666664, 0.09166666666666665, 0.19166666666666665, 0.21249999999999997, 0.19999999999999998, 0.10833333333333332, 0.08333333333333334, 0.1583333333333333, 0.1916666666666666, 0.16249999999999995, 0.1583333333333333, 0.16666666666666666, 0.19583333333333333]",,,
RepeatPrevious,filterbank+proj,5,312,0.0,0.19583333333333333,0.1179247641507075,-0.030805837563451774,0.12172165820642977,116,"{'decomposition': 'ema', 'n_filters': 6, 'slowest': 0.025449047451326166, 'input_scaling': 0.45634028381379155, 'bias_dist': 'foldnorm', 'bias_scaling': 0.3053488883357672, 'lr': 0.9631125355867912, 'weight_increment': 0.001562997476594326, 'min_window': 10, 'max_window': 37, 'use_full_instance': True, 'max_partners': inf, 'homeostasis': 'mean', 'target': 0.5, 'spread': 0.23, 'ridge': 9.30375589059818e-06, 'gamma': 0.9070029115365931}",lspi,300,linear,,0.17291666666666666,15.0,"[0.20833333333333331, 0.2125, 0.17916666666666664, 0.175, 0.2041666666666666, 0.2, 0.17916666666666664, 0.1833333333333333, 0.0875, 0.17916666666666664, 0.21249999999999997, 0.19166666666666668, 0.1125, 0.0875, 0.15416666666666662, 0.2208333333333333, 0.1708333333333333, 0.15416666666666665, 0.16249999999999995, 0.18333333333333332]",,,
RepeatPrevious,filterbank+proj,2,312,0.0,0.18083333333333332,0.11803071634112874,-0.03145093062605751,0.13483502538071065,119,"{'decomposition': 'ema', 'n_filters': 6, 'slowest': 0.025449047451326166, 'input_scaling': 0.45634028381379155, 'bias_dist': 'foldnorm', 'bias_scaling': 0.3053488883357672, 'lr': 0.9631125355867912, 'weight_increment': 0.001562997476594326, 'min_window': 10, 'max_window': 37, 'use_full_instance': True, 'max_partners': inf, 'homeostasis': 'mean', 'target': 0.5, 'spread': 0.23, 'ridge': 9.30375589059818e-06, 'gamma': 0.9070029115365931}",lspi,300,linear,,0.17666666666666667,0.0,"[0.23749999999999996, 0.20416666666666666, 0.19166666666666665, 0.17916666666666664, 0.1958333333333333, 0.19166666666666665, 0.18749999999999997, 0.1833333333333333, 0.0875, 0.1958333333333333, 0.20833333333333331, 0.21249999999999997, 0.12916666666666668, 0.0875, 0.16666666666666663, 0.18749999999999997, 0.1583333333333333, 0.1708333333333333, 0.1708333333333333, 0.18749999999999994]",,,
RepeatPrevious,filterbank+proj,6,312,0.0,0.18166666666666664,0.09991663191547906,-0.028955160744500833,0.12648054145516074,117,"{'decomposition': 'ema', 'n_filters': 6, 'slowest': 0.025449047451326166, 'input_scaling': 0.45634028381379155, 'bias_dist': 'foldnorm', 'bias_scaling': 0.3053488883357672, 'lr': 0.9631125355867912, 'weight_increment': 0.001562997476594326, 'min_window': 10, 'max_window': 37, 'use_full_instance': True, 'max_partners': inf, 'homeostasis': 'mean', 'target': 0.5, 'spread': 0.23, 'ridge': 9.30375589059818e-06, 'gamma': 0.9070029115365931}",lspi,300,linear,,0.17229166666666665,0.0,"[0.2375, 0.1958333333333333, 0.1833333333333333, 0.14583333333333331, 0.21666666666666665, 0.19583333333333333, 0.175, 0.17916666666666664, 0.08333333333333333, 0.20833333333333331, 0.2041666666666666, 0.19999999999999998, 0.12083333333333332, 0.08333333333333331, 0.15416666666666665, 0.19166666666666662, 0.17083333333333334, 0.16249999999999995, 0.1708333333333333, 0.16666666666666666]",,,
RepeatPrevious,filterbank+esn,1,336,6.744047619047619,1.0000000000000007,0.0,1.0000000000000004,,100,"{'decomposition': 'ema', 'n_filters': 12, 'slowest': 0.0068481211016550025, 'input_scaling': 0.929634188755156, 'bias_dist': 'foldnorm', 'bias_scaling': 0.0004530104948033912, 'lr': 0.9407030287660403, 'sr': 0.9778712320759426, 'rc_connectivity': 0.020075371100608825}",bc,300,linear,,1.0000000000000004,,"[1.0000000000000004, 1.0000000000000004, 1.0000000000000004, 1.0000000000000004, 1.0000000000000004]",1.0000000000000004,0.0,1.0
RepeatPrevious,filterbank+esn,0,336,6.744047619047619,1.0000000000000007,0.0,1.0000000000000004,,104,"{'decomposition': 'ema', 'n_filters': 12, 'slowest': 0.0068481211016550025, 'input_scaling': 0.929634188755156, 'bias_dist': 'foldnorm', 'bias_scaling': 0.0004530104948033912, 'lr': 0.9407030287660403, 'sr': 0.9778712320759426, 'rc_connectivity': 0.020075371100608825}",bc,300,linear,,1.0000000000000004,,"[1.0000000000000004, 1.0000000000000004, 1.0000000000000004, 1.0000000000000004, 1.0000000000000004]",1.0000000000000004,0.0,1.0
RepeatPrevious,filterbank+proj,7,312,0.0,0.20499999999999996,0.1079608982713443,-0.0314932318104907,0.13610406091370555,120,"{'decomposition': 'ema', 'n_filters': 6, 'slowest': 0.025449047451326166, 'input_scaling': 0.45634028381379155, 'bias_dist': 'foldnorm', 'bias_scaling': 0.3053488883357672, 'lr': 0.9631125355867912, 'weight_increment': 0.001562997476594326, 'min_window': 10, 'max_window': 37, 'use_full_instance': True, 'max_partners': inf, 'homeostasis': 'mean', 'target': 0.5, 'spread': 0.23, 'ridge': 9.30375589059818e-06, 'gamma': 0.9070029115365931}",lspi,300,linear,,0.16812499999999997,5.0,"[0.19999999999999998, 0.21249999999999997, 0.17499999999999996, 0.175, 0.1958333333333333, 0.2208333333333333, 0.1583333333333333, 0.175, 0.08333333333333333, 0.20833333333333326, 0.1958333333333333, 0.1833333333333333, 0.10833333333333335, 0.05416666666666666, 0.1583333333333333, 0.18749999999999997, 0.16666666666666663, 0.1625, 0.16666666666666666, 0.175]",,,
RepeatPrevious,filterbank+proj,8,312,0.0,0.20416666666666664,0.11188101318414624,-0.03107021996615904,0.12753807106598983,119,"{'decomposition': 'ema', 'n_filters': 6, 'slowest': 0.025449047451326166, 'input_scaling': 0.45634028381379155, 'bias_dist': 'foldnorm', 'bias_scaling': 0.3053488883357672, 'lr': 0.9631125355867912, 'weight_increment': 0.001562997476594326, 'min_window': 10, 'max_window': 37, 'use_full_instance': True, 'max_partners': inf, 'homeostasis': 'mean', 'target': 0.5, 'spread': 0.23, 'ridge': 9.30375589059818e-06, 'gamma': 0.9070029115365931}",lspi,300,linear,,0.16729166666666667,10.0,"[0.18749999999999997, 0.1625, 0.16249999999999998, 0.17083333333333334, 0.1958333333333333, 0.19999999999999998, 0.17083333333333334, 0.16249999999999998, 0.0875, 0.20833333333333331, 0.21249999999999997, 0.19166666666666665, 0.12499999999999997, 0.0875, 0.16249999999999998, 0.1958333333333333, 0.16666666666666666, 0.15416666666666665, 0.1625, 0.17916666666666664]",,,
RepeatPrevious,filterbank+esn,2,336,6.744047619047619,1.0000000000000007,0.0,1.0000000000000004,,98,"{'decomposition': 'ema', 'n_filters': 12, 'slowest': 0.0068481211016550025, 'input_scaling': 0.929634188755156, 'bias_dist': 'foldnorm', 'bias_scaling': 0.0004530104948033912, 'lr': 0.9407030287660403, 'sr': 0.9778712320759426, 'rc_connectivity': 0.020075371100608825}",bc,300,linear,,1.0000000000000004,,"[1.0000000000000004, 1.0000000000000004, 1.0000000000000004, 1.0000000000000004, 1.0000000000000004]",1.0000000000000004,0.0,1.0
RepeatPrevious,filterbank+proj,9,312,0.0,0.20666666666666664,0.10927793311857,-0.029684856175972916,0.13293147208121825,121,"{'decomposition': 'ema', 'n_filters': 6, 'slowest': 0.025449047451326166, 'input_scaling': 0.45634028381379155, 'bias_dist': 'foldnorm', 'bias_scaling': 0.3053488883357672, 'lr': 0.9631125355867912, 'weight_increment': 0.001562997476594326, 'min_window': 10, 'max_window': 37, 'use_full_instance': True, 'max_partners': inf, 'homeostasis': 'mean', 'target': 0.5, 'spread': 0.23, 'ridge': 9.30375589059818e-06, 'gamma': 0.9070029115365931}",lspi,300,linear,,0.16624999999999995,10.0,"[0.1583333333333333, 0.17916666666666664, 0.17499999999999996, 0.16666666666666663, 0.18749999999999997, 0.19166666666666662, 0.1708333333333333, 0.17916666666666664, 0.09583333333333333, 0.18749999999999997, 0.21666666666666665, 0.19999999999999996, 0.09999999999999999, 0.09583333333333333, 0.15833333333333333, 0.1958333333333333, 0.1583333333333333, 0.15, 0.175, 0.1833333333333333]",,,
RepeatPrevious,filterbank+esn,3,336,6.744047619047619,1.0000000000000007,0.0,1.0000000000000004,,104,"{'decomposition': 'ema', 'n_filters': 12, 'slowest': 0.0068481211016550025, 'input_scaling': 0.929634188755156, 'bias_dist': 'foldnorm', 'bias_scaling': 0.0004530104948033912, 'lr': 0.9407030287660403, 'sr': 0.9778712320759426, 'rc_connectivity': 0.020075371100608825}",bc,300,linear,,1.0000000000000004,,"[1.0000000000000004, 1.0000000000000004, 1.0000000000000004, 1.0000000000000004, 1.0000000000000004]",1.0000000000000004,0.0,1.0
RepeatPrevious,filterbank+esn,4,336,6.744047619047619,1.0000000000000007,0.0,1.0000000000000004,,102,"{'decomposition': 'ema', 'n_filters': 12, 'slowest': 0.0068481211016550025, 'input_scaling': 0.929634188755156, 'bias_dist': 'foldnorm', 'bias_scaling': 0.0004530104948033912, 'lr': 0.9407030287660403, 'sr': 0.9778712320759426, 'rc_connectivity': 0.020075371100608825}",bc,300,linear,,1.0000000000000004,,"[1.0000000000000004, 1.0000000000000004, 1.0000000000000004, 1.0000000000000004, 1.0000000000000004]",1.0000000000000004,0.0,1.0
RepeatPrevious,filterbank+esn,5,336,6.744047619047619,1.0000000000000007,0.0,0.9983036471586094,,100,"{'decomposition': 'ema', 'n_filters': 12, 'slowest': 0.0068481211016550025, 'input_scaling': 0.929634188755156, 'bias_dist': 'foldnorm', 'bias_scaling': 0.0004530104948033912, 'lr': 0.9407030287660403, 'sr': 0.9778712320759426, 'rc_connectivity': 0.020075371100608825}",bc,300,linear,,1.0000000000000004,,"[1.0000000000000004, 1.0000000000000004, 1.0000000000000004, 1.0000000000000004, 1.0000000000000004]",1.0000000000000004,0.0,0.9866666399999999
RepeatPrevious,filterbank+esn,6,336,6.744047619047619,1.0000000000000007,0.0,1.0000000000000004,,101,"{'decomposition': 'ema', 'n_filters': 12, 'slowest': 0.0068481211016550025, 'input_scaling': 0.929634188755156, 'bias_dist': 'foldnorm', 'bias_scaling': 0.0004530104948033912, 'lr': 0.9407030287660403, 'sr': 0.9778712320759426, 'rc_connectivity': 0.020075371100608825}",bc,300,linear,,1.0000000000000004,,"[1.0000000000000004, 1.0000000000000004, 1.0000000000000004, 1.0000000000000004, 1.0000000000000004]",1.0000000000000004,0.0,1.0
RepeatPrevious,filterbank+esn,7,336,6.744047619047619,1.0000000000000007,0.0,1.0000000000000004,,99,"{'decomposition': 'ema', 'n_filters': 12, 'slowest': 0.0068481211016550025, 'input_scaling': 0.929634188755156, 'bias_dist': 'foldnorm', 'bias_scaling': 0.0004530104948033912, 'lr': 0.9407030287660403, 'sr': 0.9778712320759426, 'rc_connectivity': 0.020075371100608825}",bc,300,linear,,1.0000000000000004,,"[1.0000000000000004, 1.0000000000000004, 1.0000000000000004, 1.0000000000000004, 1.0000000000000004]",1.0000000000000004,0.0,1.0
RepeatPrevious,filterbank+esn,8,336,6.744047619047619,1.0000000000000007,0.0,1.0000000000000004,,98,"{'decomposition': 'ema', 'n_filters': 12, 'slowest': 0.0068481211016550025, 'input_scaling': 0.929634188755156, 'bias_dist': 'foldnorm', 'bias_scaling': 0.0004530104948033912, 'lr': 0.9407030287660403, 'sr': 0.9778712320759426, 'rc_connectivity': 0.020075371100608825}",bc,300,linear,,1.0000000000000004,,"[1.0000000000000004, 1.0000000000000004, 1.0000000000000004, 1.0000000000000004, 1.0000000000000004]",1.0000000000000004,0.0,1.0
RepeatPrevious,filterbank+esn,9,336,6.744047619047619,1.0000000000000007,0.0,1.0000000000000004,,98,"{'decomposition': 'ema', 'n_filters': 12, 'slowest': 0.0068481211016550025, 'input_scaling': 0.929634188755156, 'bias_dist': 'foldnorm', 'bias_scaling': 0.0004530104948033912, 'lr': 0.9407030287660403, 'sr': 0.9778712320759426, 'rc_connectivity': 0.020075371100608825}",bc,300,linear,,1.0000000000000004,,"[1.0000000000000004, 1.0000000000000004, 1.0000000000000004, 1.0000000000000004, 1.0000000000000004]",1.0000000000000004,0.0,1.0
RepeatPrevious,filterbank+hag,1,312,4.458333333333333,1.0000000000000007,0.0,1.0000000000000004,,97,"{'decomposition': 'legendre', 'n_filters': 12, 'slowest': 0.05503533446959869, 'input_scaling': 0.9095759553753703, 'bias_dist': 'foldnorm', 'bias_scaling': 0.04123764193322552, 'lr': 0.9047782400199377, 'weight_increment': 0.002278223530217896, 'min_window': 11, 'max_window': 59, 'use_full_instance': False, 'max_partners': 20, 'homeostasis': 'mean', 'target': 0.52, 'spread': 0.385}",bc,300,linear,,1.0000000000000004,,"[1.0000000000000004, 1.0000000000000004, 1.0000000000000004, 1.0000000000000004, 1.0000000000000004]",1.0000000000000004,0.0,1.0
RepeatPrevious,filterbank+hag,0,312,3.9743589743589745,1.0000000000000007,0.0,1.0000000000000004,,99,"{'decomposition': 'legendre', 'n_filters': 12, 'slowest': 0.05503533446959869, 'input_scaling': 0.9095759553753703, 'bias_dist': 'foldnorm', 'bias_scaling': 0.04123764193322552, 'lr': 0.9047782400199377, 'weight_increment': 0.002278223530217896, 'min_window': 11, 'max_window': 59, 'use_full_instance': False, 'max_partners': 20, 'homeostasis': 'mean', 'target': 0.52, 'spread': 0.385}",bc,300,linear,,1.0000000000000004,,"[1.0000000000000004, 1.0000000000000004, 1.0000000000000004, 1.0000000000000004, 1.0000000000000004]",1.0000000000000004,0.0,1.0
RepeatPrevious,filterbank+hag,4,312,4.493589743589744,1.0000000000000007,0.0,1.0000000000000004,,95,"{'decomposition': 'legendre', 'n_filters': 12, 'slowest': 0.05503533446959869, 'input_scaling': 0.9095759553753703, 'bias_dist': 'foldnorm', 'bias_scaling': 0.04123764193322552, 'lr': 0.9047782400199377, 'weight_increment': 0.002278223530217896, 'min_window': 11, 'max_window': 59, 'use_full_instance': False, 'max_partners': 20, 'homeostasis': 'mean', 'target': 0.52, 'spread': 0.385}",bc,300,linear,,1.0000000000000004,,"[1.0000000000000004, 1.0000000000000004, 1.0000000000000004, 1.0000000000000004, 1.0000000000000004]",1.0000000000000004,0.0,1.0
RepeatPrevious,filterbank+hag,2,312,4.689102564102564,1.0000000000000007,0.0,1.0000000000000004,,98,"{'decomposition': 'legendre', 'n_filters': 12, 'slowest': 0.05503533446959869, 'input_scaling': 0.9095759553753703, 'bias_dist': 'foldnorm', 'bias_scaling': 0.04123764193322552, 'lr': 0.9047782400199377, 'weight_increment': 0.002278223530217896, 'min_window': 11, 'max_window': 59, 'use_full_instance': False, 'max_partners': 20, 'homeostasis': 'mean', 'target': 0.52, 'spread': 0.385}",bc,300,linear,,1.0000000000000004,,"[1.0000000000000004, 1.0000000000000004, 1.0000000000000004, 1.0000000000000004, 1.0000000000000004]",1.0000000000000004,0.0,1.0
RepeatPrevious,filterbank+hag,3,312,4.676282051282051,1.0000000000000007,0.0,1.0000000000000004,,98,"{'decomposition': 'legendre', 'n_filters': 12, 'slowest': 0.05503533446959869, 'input_scaling': 0.9095759553753703, 'bias_dist': 'foldnorm', 'bias_scaling': 0.04123764193322552, 'lr': 0.9047782400199377, 'weight_increment': 0.002278223530217896, 'min_window': 11, 'max_window': 59, 'use_full_instance': False, 'max_partners': 20, 'homeostasis': 'mean', 'target': 0.52, 'spread': 0.385}",bc,300,linear,,1.0000000000000004,,"[1.0000000000000004, 1.0000000000000004, 1.0000000000000004, 1.0000000000000004, 1.0000000000000004]",1.0000000000000004,0.0,1.0
RepeatPrevious,filterbank+hag,6,312,4.298076923076923,1.0000000000000007,0.0,1.0000000000000004,,96,"{'decomposition': 'legendre', 'n_filters': 12, 'slowest': 0.05503533446959869, 'input_scaling': 0.9095759553753703, 'bias_dist': 'foldnorm', 'bias_scaling': 0.04123764193322552, 'lr': 0.9047782400199377, 'weight_increment': 0.002278223530217896, 'min_window': 11, 'max_window': 59, 'use_full_instance': False, 'max_partners': 20, 'homeostasis': 'mean', 'target': 0.52, 'spread': 0.385}",bc,300,linear,,1.0000000000000004,,"[1.0000000000000004, 1.0000000000000004, 1.0000000000000004, 1.0000000000000004, 1.0000000000000004]",1.0000000000000004,0.0,1.0
RepeatPrevious,filterbank+hag,5,312,4.384615384615385,1.0000000000000007,0.0,0.9983036471586094,,98,"{'decomposition': 'legendre', 'n_filters': 12, 'slowest': 0.05503533446959869, 'input_scaling': 0.9095759553753703, 'bias_dist': 'foldnorm', 'bias_scaling': 0.04123764193322552, 'lr': 0.9047782400199377, 'weight_increment': 0.002278223530217896, 'min_window': 11, 'max_window': 59, 'use_full_instance': False, 'max_partners': 20, 'homeostasis': 'mean', 'target': 0.52, 'spread': 0.385}",bc,300,linear,,1.0000000000000004,,"[1.0000000000000004, 1.0000000000000004, 1.0000000000000004, 1.0000000000000004, 1.0000000000000004]",1.0000000000000004,0.0,0.9866666399999999
RepeatPrevious,filterbank+hag,7,312,4.490384615384615,1.0000000000000007,0.0,1.0000000000000004,,97,"{'decomposition': 'legendre', 'n_filters': 12, 'slowest': 0.05503533446959869, 'input_scaling': 0.9095759553753703, 'bias_dist': 'foldnorm', 'bias_scaling': 0.04123764193322552, 'lr': 0.9047782400199377, 'weight_increment': 0.002278223530217896, 'min_window': 11, 'max_window': 59, 'use_full_instance': False, 'max_partners': 20, 'homeostasis': 'mean', 'target': 0.52, 'spread': 0.385}",bc,300,linear,,1.0000000000000004,,"[1.0000000000000004, 1.0000000000000004, 1.0000000000000004, 1.0000000000000004, 1.0000000000000004]",1.0000000000000004,0.0,1.0
RepeatPrevious,filterbank+hag,9,312,4.528846153846154,1.0000000000000007,0.0,1.0000000000000004,,97,"{'decomposition': 'legendre', 'n_filters': 12, 'slowest': 0.05503533446959869, 'input_scaling': 0.9095759553753703, 'bias_dist': 'foldnorm', 'bias_scaling': 0.04123764193322552, 'lr': 0.9047782400199377, 'weight_increment': 0.002278223530217896, 'min_window': 11, 'max_window': 59, 'use_full_instance': False, 'max_partners': 20, 'homeostasis': 'mean', 'target': 0.52, 'spread': 0.385}",bc,300,linear,,1.0000000000000004,,"[1.0000000000000004, 1.0000000000000004, 1.0000000000000004, 1.0000000000000004, 1.0000000000000004]",1.0000000000000004,0.0,1.0
RepeatPrevious,filterbank+proj,0,312,0.0,0.998333333333334,0.011666666666666686,0.9991518235793049,,92,"{'decomposition': 'legendre', 'n_filters': 12, 'slowest': 0.05503533446959869, 'input_scaling': 0.9095759553753703, 'bias_dist': 'foldnorm', 'bias_scaling': 0.04123764193322552, 'lr': 0.9047782400199377, 'weight_increment': 0.002278223530217896, 'min_window': 11, 'max_window': 59, 'use_full_instance': False, 'max_partners': 20, 'homeostasis': 'mean', 'target': 0.52, 'spread': 0.385}",bc,300,linear,,0.9950000000000007,,"[1.0000000000000004, 1.0000000000000004, 0.9958333333333339, 0.9791666666666672, 1.0000000000000004]",1.0000000000000004,0.0,1.0
RepeatPrevious,filterbank+hag,8,312,4.25,1.0000000000000007,0.0,1.0000000000000004,,100,"{'decomposition': 'legendre', 'n_filters': 12, 'slowest': 0.05503533446959869, 'input_scaling': 0.9095759553753703, 'bias_dist': 'foldnorm', 'bias_scaling': 0.04123764193322552, 'lr': 0.9047782400199377, 'weight_increment': 0.002278223530217896, 'min_window': 11, 'max_window': 59, 'use_full_instance': False, 'max_partners': 20, 'homeostasis': 'mean', 'target': 0.52, 'spread': 0.385}",bc,300,linear,,1.0000000000000004,,"[1.0000000000000004, 1.0000000000000004, 1.0000000000000004, 1.0000000000000004, 1.0000000000000004]",1.0000000000000004,0.0,1.0
RepeatPrevious,filterbank+proj,1,312,0.0,0.9941666666666674,0.01865252440466619,0.9960771840542837,,92,"{'decomposition': 'legendre', 'n_filters': 12, 'slowest': 0.05503533446959869, 'input_scaling': 0.9095759553753703, 'bias_dist': 'foldnorm', 'bias_scaling': 0.04123764193322552, 'lr': 0.9047782400199377, 'weight_increment': 0.002278223530217896, 'min_window': 11, 'max_window': 59, 'use_full_instance': False, 'max_partners': 20, 'homeostasis': 'mean', 'target': 0.52, 'spread': 0.385}",bc,300,linear,,0.9875000000000005,,"[0.9958333333333339, 1.0000000000000004, 0.9750000000000005, 0.9708333333333339, 0.9958333333333339]",0.9958333333333339,1.0,1.0
RepeatPrevious,filterbank+proj,2,312,0.0,0.9941666666666674,0.01865252440466619,0.9972222222222226,,92,"{'decomposition': 'legendre', 'n_filters': 12, 'slowest': 0.05503533446959869, 'input_scaling': 0.9095759553753703, 'bias_dist': 'foldnorm', 'bias_scaling': 0.04123764193322552, 'lr': 0.9047782400199377, 'weight_increment': 0.002278223530217896, 'min_window': 11, 'max_window': 59, 'use_full_instance': False, 'max_partners': 20, 'homeostasis': 'mean', 'target': 0.52, 'spread': 0.385}",bc,300,linear,,0.9900000000000005,,"[1.0000000000000004, 1.0000000000000004, 0.9750000000000005, 0.9791666666666673, 0.9958333333333339]",1.0000000000000004,0.0,1.0
RepeatPrevious,filterbank+proj,3,312,0.0,0.9925000000000008,0.019878100736460975,0.9952290076335882,,93,"{'decomposition': 'legendre', 'n_filters': 12, 'slowest': 0.05503533446959869, 'input_scaling': 0.9095759553753703, 'bias_dist': 'foldnorm', 'bias_scaling': 0.04123764193322552, 'lr': 0.9047782400199377, 'weight_increment': 0.002278223530217896, 'min_window': 11, 'max_window': 59, 'use_full_instance': False, 'max_partners': 20, 'homeostasis': 'mean', 'target': 0.52, 'spread': 0.385}",bc,300,linear,,0.9875000000000005,,"[0.9958333333333339, 1.0000000000000004, 0.9750000000000005, 0.9708333333333339, 0.9958333333333339]",0.9958333333333339,1.0,1.0
RepeatPrevious,filterbank+proj,4,312,0.0,0.9950000000000007,0.017950549357115046,0.9980703986429181,,92,"{'decomposition': 'legendre', 'n_filters': 12, 'slowest': 0.05503533446959869, 'input_scaling': 0.9095759553753703, 'bias_dist': 'foldnorm', 'bias_scaling': 0.04123764193322552, 'lr': 0.9047782400199377, 'weight_increment': 0.002278223530217896, 'min_window': 11, 'max_window': 59, 'use_full_instance': False, 'max_partners': 20, 'homeostasis': 'mean', 'target': 0.52, 'spread': 0.385}",bc,300,linear,,0.9950000000000004,,"[1.0000000000000004, 1.0000000000000004, 0.983333333333334, 0.9958333333333339, 0.9958333333333339]",1.0000000000000004,0.0,1.0
RepeatPrevious,filterbank+proj,5,312,0.0,0.9941666666666673,0.01668748699541735,0.9951229855810012,,92,"{'decomposition': 'legendre', 'n_filters': 12, 'slowest': 0.05503533446959869, 'input_scaling': 0.9095759553753703, 'bias_dist': 'foldnorm', 'bias_scaling': 0.04123764193322552, 'lr': 0.9047782400199377, 'weight_increment': 0.002278223530217896, 'min_window': 11, 'max_window': 59, 'use_full_instance': False, 'max_partners': 20, 'homeostasis': 'mean', 'target': 0.52, 'spread': 0.385}",bc,300,linear,,0.9925000000000004,,"[0.9958333333333339, 1.0000000000000004, 0.9916666666666671, 0.9750000000000005, 1.0000000000000004]",0.9958333333333339,1.0,0.9866666399999999
RepeatPrevious,filterbank+proj,6,312,0.0,0.9925000000000006,0.019878100736460975,0.9960559796437664,,92,"{'decomposition': 'legendre', 'n_filters': 12, 'slowest': 0.05503533446959869, 'input_scaling': 0.9095759553753703, 'bias_dist': 'foldnorm', 'bias_scaling': 0.04123764193322552, 'lr': 0.9047782400199377, 'weight_increment': 0.002278223530217896, 'min_window': 11, 'max_window': 59, 'use_full_instance': False, 'max_partners': 20, 'homeostasis': 'mean', 'target': 0.52, 'spread': 0.385}",bc,300,linear,,0.9875000000000005,,"[0.9958333333333339, 1.0000000000000004, 0.9750000000000005, 0.9708333333333339, 0.9958333333333339]",0.9958333333333339,1.0,1.0
RepeatPrevious,filterbank+proj,7,312,0.0,0.9991666666666674,0.005833333333333343,0.9994486853265483,,90,"{'decomposition': 'legendre', 'n_filters': 12, 'slowest': 0.05503533446959869, 'input_scaling': 0.9095759553753703, 'bias_dist': 'foldnorm', 'bias_scaling': 0.04123764193322552, 'lr': 0.9047782400199377, 'weight_increment': 0.002278223530217896, 'min_window': 11, 'max_window': 59, 'use_full_instance': False, 'max_partners': 20, 'homeostasis': 'mean', 'target': 0.52, 'spread': 0.385}",bc,300,linear,,0.9966666666666673,,"[1.0000000000000004, 1.0000000000000004, 0.9958333333333339, 0.9875000000000005, 1.0000000000000004]",1.0000000000000004,0.0,1.0
RepeatPrevious,filterbank+proj,8,312,0.0,0.9966666666666675,0.014043582955293956,0.9981976251060225,,92,"{'decomposition': 'legendre', 'n_filters': 12, 'slowest': 0.05503533446959869, 'input_scaling': 0.9095759553753703, 'bias_dist': 'foldnorm', 'bias_scaling': 0.04123764193322552, 'lr': 0.9047782400199377, 'weight_increment': 0.002278223530217896, 'min_window': 11, 'max_window': 59, 'use_full_instance': False, 'max_partners': 20, 'homeostasis': 'mean', 'target': 0.52, 'spread': 0.385}",bc,300,linear,,0.9975000000000005,,"[1.0000000000000004, 1.0000000000000004, 0.9916666666666671, 0.9958333333333339, 1.0000000000000004]",1.0000000000000004,0.0,1.0
RepeatPrevious,filterbank+proj,9,312,0.0,0.993333333333334,0.01929306150465041,0.9968405428329097,,92,"{'decomposition': 'legendre', 'n_filters': 12, 'slowest': 0.05503533446959869, 'input_scaling': 0.9095759553753703, 'bias_dist': 'foldnorm', 'bias_scaling': 0.04123764193322552, 'lr': 0.9047782400199377, 'weight_increment': 0.002278223530217896, 'min_window': 11, 'max_window': 59, 'use_full_instance': False, 'max_partners': 20, 'homeostasis': 'mean', 'target': 0.52, 'spread': 0.385}",bc,300,linear,,0.9900000000000005,,"[0.9958333333333339, 1.0000000000000004, 0.983333333333334, 0.9750000000000005, 0.9958333333333339]",0.9958333333333339,1.0,1.0
RepeatPrevious,filterbank+proj,8,312,0.0,0.34499996000000005,0.10376252984617519,0.20784243928188909,0.1205144474489796,866,"{'decomposition': 'legendre', 'n_filters': 12, 'slowest': 0.05503533446959869, 'input_scaling': 0.9095759553753703, 'bias_dist': 'foldnorm', 'bias_scaling': 0.04123764193322552, 'lr': 0.9047782400199377, 'weight_increment': 0.002278223530217896, 'min_window': 11, 'max_window': 59, 'use_full_instance': False, 'max_partners': 20, 'homeostasis': 'mean', 'target': 0.52, 'spread': 0.385, 'learning_rate': 0.001}",dqn,300,linear,0.001,,,,,,
RepeatPrevious,filterbank+proj,9,312,0.0,0.15000002,0.11149246661178323,0.2359106409445606,0.18401360204081632,852,"{'decomposition': 'legendre', 'n_filters': 12, 'slowest': 0.05503533446959869, 'input_scaling': 0.9095759553753703, 'bias_dist': 'foldnorm', 'bias_scaling': 0.04123764193322552, 'lr': 0.9047782400199377, 'weight_increment': 0.002278223530217896, 'min_window': 11, 'max_window': 59, 'use_full_instance': False, 'max_partners': 20, 'homeostasis': 'mean', 'target': 0.52, 'spread': 0.385, 'learning_rate': 0.001}",dqn,300,linear,0.001,,,,,,
RepeatPrevious,filterbank+proj,0,312,0.0,0.04749996,0.06614905659915642,-0.17724324542255318,-0.15231717959183672,869,"{'decomposition': 'legendre', 'n_filters': 12, 'slowest': 0.05503533446959869, 'input_scaling': 0.9095759553753703, 'bias_dist': 'foldnorm', 'bias_scaling': 0.04123764193322552, 'lr': 0.9047782400199377, 'weight_increment': 0.002278223530217896, 'min_window': 11, 'max_window': 59, 'use_full_instance': False, 'max_partners': 20, 'homeostasis': 'mean', 'target': 0.52, 'spread': 0.385, 'learning_rate': 0.003}",dqn,300,linear,0.003,,,,,,
RepeatPrevious,filterbank+proj,1,312,0.0,-0.05749998,0.0785678939945548,-0.12118971020553883,-0.18694728010204079,867,"{'decomposition': 'legendre', 'n_filters': 12, 'slowest': 0.05503533446959869, 'input_scaling': 0.9095759553753703, 'bias_dist': 'foldnorm', 'bias_scaling': 0.04123764193322552, 'lr': 0.9047782400199377, 'weight_increment': 0.002278223530217896, 'min_window': 11, 'max_window': 59, 'use_full_instance': False, 'max_partners': 20, 'homeostasis': 'mean', 'target': 0.52, 'spread': 0.385, 'learning_rate': 0.003}",dqn,300,linear,0.003,,,,,,
RepeatPrevious,filterbank+proj,2,312,0.0,-0.18083332000000002,0.07710473641649779,-0.07866238450553373,-0.15922619693877552,870,"{'decomposition': 'legendre', 'n_filters': 12, 'slowest': 0.05503533446959869, 'input_scaling': 0.9095759553753703, 'bias_dist': 'foldnorm', 'bias_scaling': 0.04123764193322552, 'lr': 0.9047782400199377, 'weight_increment': 0.002278223530217896, 'min_window': 11, 'max_window': 59, 'use_full_instance': False, 'max_partners': 20, 'homeostasis': 'mean', 'target': 0.52, 'spread': 0.385, 'learning_rate': 0.003}",dqn,300,linear,0.003,,,,,,
RepeatPrevious,filterbank+proj,4,312,0.0,0.10999993999999998,0.10500002317493269,-0.15892283546692507,-0.18114370969387755,851,"{'decomposition': 'legendre', 'n_filters': 12, 'slowest': 0.05503533446959869, 'input_scaling': 0.9095759553753703, 'bias_dist': 'foldnorm', 'bias_scaling': 0.04123764193322552, 'lr': 0.9047782400199377, 'weight_increment': 0.002278223530217896, 'min_window': 11, 'max_window': 59, 'use_full_instance': False, 'max_partners': 20, 'homeostasis': 'mean', 'target': 0.52, 'spread': 0.385, 'learning_rate': 0.003}",dqn,300,linear,0.003,,,,,,
RepeatPrevious,filterbank+proj,3,312,0.0,-0.28083326,0.08367017303455515,-0.1424321276584893,-0.18405613316326527,866,"{'decomposition': 'legendre', 'n_filters': 12, 'slowest': 0.05503533446959869, 'input_scaling': 0.9095759553753703, 'bias_dist': 'foldnorm', 'bias_scaling': 0.04123764193322552, 'lr': 0.9047782400199377, 'weight_increment': 0.002278223530217896, 'min_window': 11, 'max_window': 59, 'use_full_instance': False, 'max_partners': 20, 'homeostasis': 'mean', 'target': 0.52, 'spread': 0.385, 'learning_rate': 0.003}",dqn,300,linear,0.003,,,,,,
RepeatPrevious,filterbank+proj,6,312,0.0,0.2266667,0.10446958302707061,-0.15043947110725758,-0.15642006785714288,861,"{'decomposition': 'legendre', 'n_filters': 12, 'slowest': 0.05503533446959869, 'input_scaling': 0.9095759553753703, 'bias_dist': 'foldnorm', 'bias_scaling': 0.04123764193322552, 'lr': 0.9047782400199377, 'weight_increment': 0.002278223530217896, 'min_window': 11, 'max_window': 59, 'use_full_instance': False, 'max_partners': 20, 'homeostasis': 'mean', 'target': 0.52, 'spread': 0.385, 'learning_rate': 0.003}",dqn,300,linear,0.003,,,,,,
RepeatPrevious,filterbank+proj,5,312,0.0,0.40500001999999996,0.12830086134667842,-0.11974039521599429,-0.19060374030612245,862,"{'decomposition': 'legendre', 'n_filters': 12, 'slowest': 0.05503533446959869, 'input_scaling': 0.9095759553753703, 'bias_dist': 'foldnorm', 'bias_scaling': 0.04123764193322552, 'lr': 0.9047782400199377, 'weight_increment': 0.002278223530217896, 'min_window': 11, 'max_window': 59, 'use_full_instance': False, 'max_partners': 20, 'homeostasis': 'mean', 'target': 0.52, 'spread': 0.385, 'learning_rate': 0.003}",dqn,300,linear,0.003,,,,,,
RepeatPrevious,filterbank+proj,7,312,0.0,-0.44083334,0.06071900864790531,-0.1410338138929974,-0.16290391122448977,860,"{'decomposition': 'legendre', 'n_filters': 12, 'slowest': 0.05503533446959869, 'input_scaling': 0.9095759553753703, 'bias_dist': 'foldnorm', 'bias_scaling': 0.04123764193322552, 'lr': 0.9047782400199377, 'weight_increment': 0.002278223530217896, 'min_window': 11, 'max_window': 59, 'use_full_instance': False, 'max_partners': 20, 'homeostasis': 'mean', 'target': 0.52, 'spread': 0.385, 'learning_rate': 0.003}",dqn,300,linear,0.003,,,,,,
RepeatPrevious,filterbank+proj,9,312,0.0,-0.03666664,0.07801355836616095,-0.1473347083694599,-0.17799744948979593,874,"{'decomposition': 'legendre', 'n_filters': 12, 'slowest': 0.05503533446959869, 'input_scaling': 0.9095759553753703, 'bias_dist': 'foldnorm', 'bias_scaling': 0.04123764193322552, 'lr': 0.9047782400199377, 'weight_increment': 0.002278223530217896, 'min_window': 11, 'max_window': 59, 'use_full_instance': False, 'max_partners': 20, 'homeostasis': 'mean', 'target': 0.52, 'spread': 0.385, 'learning_rate': 0.003}",dqn,300,linear,0.003,,,,,,
RepeatPrevious,filterbank+proj,8,312,0.0,0.07666668,0.09478042554629938,-0.16469033039220685,-0.17002550969387756,893,"{'decomposition': 'legendre', 'n_filters': 12, 'slowest': 0.05503533446959869, 'input_scaling': 0.9095759553753703, 'bias_dist': 'foldnorm', 'bias_scaling': 0.04123764193322552, 'lr': 0.9047782400199377, 'weight_increment': 0.002278223530217896, 'min_window': 11, 'max_window': 59, 'use_full_instance': False, 'max_partners': 20, 'homeostasis': 'mean', 'target': 0.52, 'spread': 0.385, 'learning_rate': 0.003}",dqn,300,linear,0.003,,,,,,
RepeatPrevious,filterbank+esn,1,192,3.8541666666666665,0.97416662,0.05520798885447287,0.8084534058362193,0.8822804875191034,1278,"{'decomposition': 'ema', 'n_filters': 12, 'slowest': 0.0068481211016550025, 'input_scaling': 0.929634188755156, 'bias_dist': 'foldnorm', 'bias_scaling': 0.0004530104948033912, 'lr': 0.9407030287660403, 'sr': 0.9778712320759426, 'rc_connectivity': 0.020075371100608825, 'learning_rate': 0.0003}",ppo,100,64x64,0.0003,,,,,,
RepeatPrevious,filterbank+esn,4,192,3.8541666666666665,0.6875,0.4672800700745967,0.8087377468425341,0.8541984763117676,1266,"{'decomposition': 'ema', 'n_filters': 12, 'slowest': 0.0068481211016550025, 'input_scaling': 0.929634188755156, 'bias_dist': 'foldnorm', 'bias_scaling': 0.0004530104948033912, 'lr': 0.9407030287660403, 'sr': 0.9778712320759426, 'rc_connectivity': 0.020075371100608825, 'learning_rate': 0.0003}",ppo,100,64x64,0.0003,,,,,,
RepeatPrevious,filterbank+esn,0,192,3.8541666666666665,0.7950000199999999,0.24034693646206434,0.845156817936443,0.8602903336729496,1300,"{'decomposition': 'ema', 'n_filters': 12, 'slowest': 0.0068481211016550025, 'input_scaling': 0.929634188755156, 'bias_dist': 'foldnorm', 'bias_scaling': 0.0004530104948033912, 'lr': 0.9407030287660403, 'sr': 0.9778712320759426, 'rc_connectivity': 0.020075371100608825, 'learning_rate': 0.0003}",ppo,100,64x64,0.0003,,,,,,
RepeatPrevious,filterbank+esn,3,192,3.8541666666666665,0.89000004,0.10500000222246855,0.8454220619779996,0.8336941360163015,1289,"{'decomposition': 'ema', 'n_filters': 12, 'slowest': 0.0068481211016550025, 'input_scaling': 0.929634188755156, 'bias_dist': 'foldnorm', 'bias_scaling': 0.0004530104948033912, 'lr': 0.9407030287660403, 'sr': 0.9778712320759426, 'rc_connectivity': 0.020075371100608825, 'learning_rate': 0.0003}",ppo,100,64x64,0.0003,,,,,,
RepeatPrevious,filterbank+esn,6,192,3.8541666666666665,0.99416664,0.016687527611674538,0.8852638466591972,0.94383592154865,1272,"{'decomposition': 'ema', 'n_filters': 12, 'slowest': 0.0068481211016550025, 'input_scaling': 0.929634188755156, 'bias_dist': 'foldnorm', 'bias_scaling': 0.0004530104948033912, 'lr': 0.9407030287660403, 'sr': 0.9778712320759426, 'rc_connectivity': 0.020075371100608825, 'learning_rate': 0.0003}",ppo,100,64x64,0.0003,,,,,,
RepeatPrevious,filterbank+esn,3,192,3.8541666666666665,0.7916666800000001,0.21682682670236542,0.7128042652780607,0.7296654661232806,1264,"{'decomposition': 'ema', 'n_filters': 12, 'slowest': 0.0068481211016550025, 'input_scaling': 0.929634188755156, 'bias_dist': 'foldnorm', 'bias_scaling': 0.0004530104948033912, 'lr': 0.9407030287660403, 'sr': 0.9778712320759426, 'rc_connectivity': 0.020075371100608825, 'learning_rate': 0.001}",ppo,100,64x64,0.001,,,,,,
RepeatPrevious,filterbank+esn,1,192,3.8541666666666665,0.73333324,0.18837755587017896,0.6540367907414951,0.6824163545593479,1269,"{'decomposition': 'ema', 'n_filters': 12, 'slowest': 0.0068481211016550025, 'input_scaling': 0.929634188755156, 'bias_dist': 'foldnorm', 'bias_scaling': 0.0004530104948033912, 'lr': 0.9407030287660403, 'sr': 0.9778712320759426, 'rc_connectivity': 0.020075371100608825, 'learning_rate': 0.001}",ppo,100,64x64,0.001,,,,,,
RepeatPrevious,filterbank+esn,0,192,3.8541666666666665,0.7899999399999998,0.3270193085023825,0.7063365565288247,0.778739997452878,1275,"{'decomposition': 'ema', 'n_filters': 12, 'slowest': 0.0068481211016550025, 'input_scaling': 0.929634188755156, 'bias_dist': 'foldnorm', 'bias_scaling': 0.0004530104948033912, 'lr': 0.9407030287660403, 'sr': 0.9778712320759426, 'rc_connectivity': 0.020075371100608825, 'learning_rate': 0.001}",ppo,100,64x64,0.001,,,,,,
RepeatPrevious,filterbank+esn,2,192,3.8541666666666665,0.8908332799999998,0.10168377189464207,0.7386390465980851,0.7719264488028528,1277,"{'decomposition': 'ema', 'n_filters': 12, 'slowest': 0.0068481211016550025, 'input_scaling': 0.929634188755156, 'bias_dist': 'foldnorm', 'bias_scaling': 0.0004530104948033912, 'lr': 0.9407030287660403, 'sr': 0.9778712320759426, 'rc_connectivity': 0.020075371100608825, 'learning_rate': 0.001}",ppo,100,64x64,0.001,,,,,,
RepeatPrevious,filterbank+esn,4,192,3.8541666666666665,0.7333333400000001,0.20395398364460648,0.6635558680994093,0.7187765124808966,1276,"{'decomposition': 'ema', 'n_filters': 12, 'slowest': 0.0068481211016550025, 'input_scaling': 0.929634188755156, 'bias_dist': 'foldnorm', 'bias_scaling': 0.0004530104948033912, 'lr': 0.9407030287660403, 'sr': 0.9778712320759426, 'rc_connectivity': 0.020075371100608825, 'learning_rate': 0.001}",ppo,100,64x64,0.001,,,,,,
RepeatPrevious,filterbank+esn,1,192,3.8541666666666665,0.87583332,0.14895237128417124,0.538821118965166,0.6231320937340805,1255,"{'decomposition': 'ema', 'n_filters': 12, 'slowest': 0.0068481211016550025, 'input_scaling': 0.929634188755156, 'bias_dist': 'foldnorm', 'bias_scaling': 0.0004530104948033912, 'lr': 0.9407030287660403, 'sr': 0.9778712320759426, 'rc_connectivity': 0.020075371100608825, 'learning_rate': 0.003}",ppo,100,64x64,0.003,,,,,,
RepeatPrevious,filterbank+esn,2,192,3.8541666666666665,0.89083334,0.18780343539047523,0.8676282982786717,0.8918534192562404,1318,"{'decomposition': 'ema', 'n_filters': 12, 'slowest': 0.0068481211016550025, 'input_scaling': 0.929634188755156, 'bias_dist': 'foldnorm', 'bias_scaling': 0.0004530104948033912, 'lr': 0.9407030287660403, 'sr': 0.9778712320759426, 'rc_connectivity': 0.020075371100608825, 'learning_rate': 0.0003}",ppo,100,64x64,0.0003,,,,,,
RepeatPrevious,filterbank+esn,6,192,3.8541666666666665,0.83083332,0.25582248606762,0.760223546699939,0.8344582817116658,1277,"{'decomposition': 'ema', 'n_filters': 12, 'slowest': 0.0068481211016550025, 'input_scaling': 0.929634188755156, 'bias_dist': 'foldnorm', 'bias_scaling': 0.0004530104948033912, 'lr': 0.9407030287660403, 'sr': 0.9778712320759426, 'rc_connectivity': 0.020075371100608825, 'learning_rate': 0.001}",ppo,100,64x64,0.001,,,,,,
RepeatPrevious,filterbank+esn,0,192,3.8541666666666665,0.7300000400000001,0.258096637672478,0.6253925460378895,0.6951731823739175,1270,"{'decomposition': 'ema', 'n_filters': 12, 'slowest': 0.0068481211016550025, 'input_scaling': 0.929634188755156, 'bias_dist': 'foldnorm', 'bias_scaling': 0.0004530104948033912, 'lr': 0.9407030287660403, 'sr': 0.9778712320759426, 'rc_connectivity': 0.020075371100608825, 'learning_rate': 0.003}",ppo,100,64x64,0.003,,,,,,
RepeatPrevious,filterbank+esn,5,192,3.8541666666666665,0.8266666599999999,0.09802204071913825,0.833309957170503,0.8419935211411106,1314,"{'decomposition': 'ema', 'n_filters': 12, 'slowest': 0.0068481211016550025, 'input_scaling': 0.929634188755156, 'bias_dist': 'foldnorm', 'bias_scaling': 0.0004530104948033912, 'lr': 0.9407030287660403, 'sr': 0.9778712320759426, 'rc_connectivity': 0.020075371100608825, 'learning_rate': 0.0003}",ppo,100,64x64,0.0003,,,,,,
RepeatPrevious,filterbank+esn,9,192,3.8541666666666665,0.8266665799999999,0.2501888619069274,0.6931762067121614,0.7233188787570046,1280,"{'decomposition': 'ema', 'n_filters': 12, 'slowest': 0.0068481211016550025, 'input_scaling': 0.929634188755156, 'bias_dist': 'foldnorm', 'bias_scaling': 0.0004530104948033912, 'lr': 0.9407030287660403, 'sr': 0.9778712320759426, 'rc_connectivity': 0.020075371100608825, 'learning_rate': 0.001}",ppo,100,64x64,0.001,,,,,,
RepeatPrevious,filterbank+esn,7,192,3.8541666666666665,0.8383333399999999,0.2956442981768199,0.6919964050213891,0.7570470254712176,1285,"{'decomposition': 'ema', 'n_filters': 12, 'slowest': 0.0068481211016550025, 'input_scaling': 0.929634188755156, 'bias_dist': 'foldnorm', 'bias_scaling': 0.0004530104948033912, 'lr': 0.9407030287660403, 'sr': 0.9778712320759426, 'rc_connectivity': 0.020075371100608825, 'learning_rate': 0.001}",ppo,100,64x64,0.001,,,,,,
RepeatPrevious,filterbank+esn,8,192,3.8541666666666665,0.8991665799999999,0.13178524521206308,0.6865663309737218,0.7170784396332145,1287,"{'decomposition': 'ema', 'n_filters': 12, 'slowest': 0.0068481211016550025, 'input_scaling': 0.929634188755156, 'bias_dist': 'foldnorm', 'bias_scaling': 0.0004530104948033912, 'lr': 0.9407030287660403, 'sr': 0.9778712320759426, 'rc_connectivity': 0.020075371100608825, 'learning_rate': 0.001}",ppo,100,64x64,0.001,,,,,,
RepeatPrevious,filterbank+esn,8,192,3.8541666666666665,0.7833332599999998,0.31479708879078344,0.8365119851293543,0.7852988273051452,1305,"{'decomposition': 'ema', 'n_filters': 12, 'slowest': 0.0068481211016550025, 'input_scaling': 0.929634188755156, 'bias_dist': 'foldnorm', 'bias_scaling': 0.0004530104948033912, 'lr': 0.9407030287660403, 'sr': 0.9778712320759426, 'rc_connectivity': 0.020075371100608825, 'learning_rate': 0.0003}",ppo,100,64x64,0.0003,,,,,,
RepeatPrevious,filterbank+esn,7,192,3.8541666666666665,0.9799999800000001,0.030322292496768773,0.8465785291301691,0.8962259775853285,1311,"{'decomposition': 'ema', 'n_filters': 12, 'slowest': 0.0068481211016550025, 'input_scaling': 0.929634188755156, 'bias_dist': 'foldnorm', 'bias_scaling': 0.0004530104948033912, 'lr': 0.9407030287660403, 'sr': 0.9778712320759426, 'rc_connectivity': 0.020075371100608825, 'learning_rate': 0.0003}",ppo,100,64x64,0.0003,,,,,,
RepeatPrevious,filterbank+esn,5,192,3.8541666666666665,0.7316666,0.30744911015223314,0.7183107408840904,0.7419977768721344,1307,"{'decomposition': 'ema', 'n_filters': 12, 'slowest': 0.0068481211016550025, 'input_scaling': 0.929634188755156, 'bias_dist': 'foldnorm', 'bias_scaling': 0.0004530104948033912, 'lr': 0.9407030287660403, 'sr': 0.9778712320759426, 'rc_connectivity': 0.020075371100608825, 'learning_rate': 0.001}",ppo,100,64x64,0.001,,,,,,
RepeatPrevious,filterbank+esn,2,192,3.8541666666666665,0.8216666600000001,0.28087656909522446,0.6789548795579547,0.7797163846153846,1287,"{'decomposition': 'ema', 'n_filters': 12, 'slowest': 0.0068481211016550025, 'input_scaling': 0.929634188755156, 'bias_dist': 'foldnorm', 'bias_scaling': 0.0004530104948033912, 'lr': 0.9407030287660403, 'sr': 0.9778712320759426, 'rc_connectivity': 0.020075371100608825, 'learning_rate': 0.003}",ppo,100,64x64,0.003,,,,,,
RepeatPrevious,filterbank+esn,3,192,3.8541666666666665,0.8291666599999999,0.17245168067242606,0.5908683741597067,0.5639964243504839,1301,"{'decomposition': 'ema', 'n_filters': 12, 'slowest': 0.0068481211016550025, 'input_scaling': 0.929634188755156, 'bias_dist': 'foldnorm', 'bias_scaling': 0.0004530104948033912, 'lr': 0.9407030287660403, 'sr': 0.9778712320759426, 'rc_connectivity': 0.020075371100608825, 'learning_rate': 0.003}",ppo,100,64x64,0.003,,,,,,
RepeatPrevious,filterbank+esn,9,192,3.8541666666666665,0.8083333400000001,0.18892975120119224,0.8368260320330007,0.8512056046867039,1470,"{'decomposition': 'ema', 'n_filters': 12, 'slowest': 0.0068481211016550025, 'input_scaling': 0.929634188755156, 'bias_dist': 'foldnorm', 'bias_scaling': 0.0004530104948033912, 'lr': 0.9407030287660403, 'sr': 0.9778712320759426, 'rc_connectivity': 0.020075371100608825, 'learning_rate': 0.0003}",ppo,100,64x64,0.0003,,,,,,
RepeatPrevious,filterbank+esn,4,192,3.8541666666666665,0.73749994,0.36905001716127367,0.5702939179058871,0.6424265374426897,1262,"{'decomposition': 'ema', 'n_filters': 12, 'slowest': 0.0068481211016550025, 'input_scaling': 0.929634188755156, 'bias_dist': 'foldnorm', 'bias_scaling': 0.0004530104948033912, 'lr': 0.9407030287660403, 'sr': 0.9778712320759426, 'rc_connectivity': 0.020075371100608825, 'learning_rate': 0.003}",ppo,100,64x64,0.003,,,,,,
RepeatPrevious,filterbank+esn,5,192,3.8541666666666665,0.87916662,0.11909669904021522,0.6292523801690771,0.684178116148752,1267,"{'decomposition': 'ema', 'n_filters': 12, 'slowest': 0.0068481211016550025, 'input_scaling': 0.929634188755156, 'bias_dist': 'foldnorm', 'bias_scaling': 0.0004530104948033912, 'lr': 0.9407030287660403, 'sr': 0.9778712320759426, 'rc_connectivity': 0.020075371100608825, 'learning_rate': 0.003}",ppo,100,64x64,0.003,,,,,,
RepeatPrevious,filterbank+esn,6,192,3.8541666666666665,0.8358333200000001,0.23190182803181522,0.6948716476879201,0.7242103723892002,1281,"{'decomposition': 'ema', 'n_filters': 12, 'slowest': 0.0068481211016550025, 'input_scaling': 0.929634188755156, 'bias_dist': 'foldnorm', 'bias_scaling': 0.0004530104948033912, 'lr': 0.9407030287660403, 'sr': 0.9778712320759426, 'rc_connectivity': 0.020075371100608825, 'learning_rate': 0.003}",ppo,100,64x64,0.003,,,,,,
RepeatPrevious,filterbank+esn,9,192,3.8541666666666665,0.8383333000000002,0.2531249127298417,0.6122088556223263,0.678553218033622,1255,"{'decomposition': 'ema', 'n_filters': 12, 'slowest': 0.0068481211016550025, 'input_scaling': 0.929634188755156, 'bias_dist': 'foldnorm', 'bias_scaling': 0.0004530104948033912, 'lr': 0.9407030287660403, 'sr': 0.9778712320759426, 'rc_connectivity': 0.020075371100608825, 'learning_rate': 0.003}",ppo,100,64x64,0.003,,,,,,
RepeatPrevious,filterbank+esn,7,192,3.8541666666666665,0.8058332800000001,0.2698520208889339,0.6168729035954369,0.7018169266428935,1265,"{'decomposition': 'ema', 'n_filters': 12, 'slowest': 0.0068481211016550025, 'input_scaling': 0.929634188755156, 'bias_dist': 'foldnorm', 'bias_scaling': 0.0004530104948033912, 'lr': 0.9407030287660403, 'sr': 0.9778712320759426, 'rc_connectivity': 0.020075371100608825, 'learning_rate': 0.003}",ppo,100,64x64,0.003,,,,,,
RepeatPrevious,filterbank+esn,8,192,3.8541666666666665,0.9524999599999999,0.05271121617984544,0.6238626191688736,0.6289904773306164,1265,"{'decomposition': 'ema', 'n_filters': 12, 'slowest': 0.0068481211016550025, 'input_scaling': 0.929634188755156, 'bias_dist': 'foldnorm', 'bias_scaling': 0.0004530104948033912, 'lr': 0.9407030287660403, 'sr': 0.9778712320759426, 'rc_connectivity': 0.020075371100608825, 'learning_rate': 0.003}",ppo,100,64x64,0.003,,,,,,
RepeatPrevious,filterbank+esn,0,192,3.8541666666666665,-0.5058333,0.03633383562424975,-0.5001930590242412,-0.5003820264900662,1285,"{'decomposition': 'ema', 'n_filters': 12, 'slowest': 0.0068481211016550025, 'input_scaling': 0.929634188755156, 'bias_dist': 'foldnorm', 'bias_scaling': 0.0004530104948033912, 'lr': 0.9407030287660403, 'sr': 0.9778712320759426, 'rc_connectivity': 0.020075371100608825, 'learning_rate': 0.01}",ppo,100,64x64,0.01,,,,,,
RepeatPrevious,filterbank+esn,2,192,3.8541666666666665,-0.49916664000000005,0.03384012181583276,-0.4994503737013648,-0.49915091543555784,1278,"{'decomposition': 'ema', 'n_filters': 12, 'slowest': 0.0068481211016550025, 'input_scaling': 0.929634188755156, 'bias_dist': 'foldnorm', 'bias_scaling': 0.0004530104948033912, 'lr': 0.9407030287660403, 'sr': 0.9778712320759426, 'rc_connectivity': 0.020075371100608825, 'learning_rate': 0.01}",ppo,100,64x64,0.01,,,,,,
RepeatPrevious,filterbank+esn,1,192,3.8541666666666665,-0.49916664,0.032797992148154445,-0.4998174701059279,-0.499554207845135,1298,"{'decomposition': 'ema', 'n_filters': 12, 'slowest': 0.0068481211016550025, 'input_scaling': 0.929634188755156, 'bias_dist': 'foldnorm', 'bias_scaling': 0.0004530104948033912, 'lr': 0.9407030287660403, 'sr': 0.9778712320759426, 'rc_connectivity': 0.020075371100608825, 'learning_rate': 0.01}",ppo,100,64x64,0.01,,,,,,
RepeatPrevious,filterbank+esn,3,192,3.8541666666666665,-0.5016666399999999,0.03531622353126677,-0.5001251542574863,-0.4988537432501274,1323,"{'decomposition': 'ema', 'n_filters': 12, 'slowest': 0.0068481211016550025, 'input_scaling': 0.929634188755156, 'bias_dist': 'foldnorm', 'bias_scaling': 0.0004530104948033912, 'lr': 0.9407030287660403, 'sr': 0.9778712320759426, 'rc_connectivity': 0.020075371100608825, 'learning_rate': 0.01}",ppo,100,64x64,0.01,,,,,,
RepeatPrevious,filterbank+esn,4,192,3.8541666666666665,-0.50499994,0.03693094968310996,-0.5005941103075983,-0.5028442567498727,1302,"{'decomposition': 'ema', 'n_filters': 12, 'slowest': 0.0068481211016550025, 'input_scaling': 0.929634188755156, 'bias_dist': 'foldnorm', 'bias_scaling': 0.0004530104948033912, 'lr': 0.9407030287660403, 'sr': 0.9778712320759426, 'rc_connectivity': 0.020075371100608825, 'learning_rate': 0.01}",ppo,100,64x64,0.01,,,,,,
RepeatPrevious,filterbank+esn,5,192,3.8541666666666665,-0.5008332999999999,0.03485105689545154,-0.5001081804338969,-0.4996391120733571,1297,"{'decomposition': 'ema', 'n_filters': 12, 'slowest': 0.0068481211016550025, 'input_scaling': 0.929634188755156, 'bias_dist': 'foldnorm', 'bias_scaling': 0.0004530104948033912, 'lr': 0.9407030287660403, 'sr': 0.9778712320759426, 'rc_connectivity': 0.020075371100608825, 'learning_rate': 0.01}",ppo,100,64x64,0.01,,,,,,
RepeatPrevious,filterbank+esn,6,192,3.8541666666666665,-0.50333328,0.03711855361246718,-0.4418457217355877,-0.49879006011207333,1280,"{'decomposition': 'ema', 'n_filters': 12, 'slowest': 0.0068481211016550025, 'input_scaling': 0.929634188755156, 'bias_dist': 'foldnorm', 'bias_scaling': 0.0004530104948033912, 'lr': 0.9407030287660403, 'sr': 0.9778712320759426, 'rc_connectivity': 0.020075371100608825, 'learning_rate': 0.01}",ppo,100,64x64,0.01,,,,,,
RepeatPrevious,filterbank+hag,1,208,4.875,0.94749998,0.04773325896248442,0.8244083944286005,0.9050772475802343,1270,"{'decomposition': 'legendre', 'n_filters': 12, 'slowest': 0.05503533446959869, 'input_scaling': 0.9095759553753703, 'bias_dist': 'foldnorm', 'bias_scaling': 0.04123764193322552, 'lr': 0.9047782400199377, 'weight_increment': 0.002278223530217896, 'min_window': 11, 'max_window': 59, 'use_full_instance': False, 'max_partners': 20, 'homeostasis': 'mean', 'target': 0.52, 'spread': 0.385, 'learning_rate': 0.0003}",ppo,100,64x64,0.0003,,,,,,
RepeatPrevious,filterbank+hag,3,208,4.581730769230769,0.9641666,0.03119152662823671,0.8210960251069463,0.9012990259806419,1274,"{'decomposition': 'legendre', 'n_filters': 12, 'slowest': 0.05503533446959869, 'input_scaling': 0.9095759553753703, 'bias_dist': 'foldnorm', 'bias_scaling': 0.04123764193322552, 'lr': 0.9047782400199377, 'weight_increment': 0.002278223530217896, 'min_window': 11, 'max_window': 59, 'use_full_instance': False, 'max_partners': 20, 'homeostasis': 'mean', 'target': 0.52, 'spread': 0.385, 'learning_rate': 0.0003}",ppo,100,64x64,0.0003,,,,,,
RepeatPrevious,filterbank+hag,0,208,4.855769230769231,0.9383333,0.04876239215799405,0.8083324822774496,0.8958651691288843,1283,"{'decomposition': 'legendre', 'n_filters': 12, 'slowest': 0.05503533446959869, 'input_scaling': 0.9095759553753703, 'bias_dist': 'foldnorm', 'bias_scaling': 0.04123764193322552, 'lr': 0.9047782400199377, 'weight_increment': 0.002278223530217896, 'min_window': 11, 'max_window': 59, 'use_full_instance': False, 'max_partners': 20, 'homeostasis': 'mean', 'target': 0.52, 'spread': 0.385, 'learning_rate': 0.0003}",ppo,100,64x64,0.0003,,,,,,
RepeatPrevious,filterbank+hag,9,208,4.548076923076923,0.9216666399999999,0.050442401036334496,0.8064948738032186,0.8799881130922058,1272,"{'decomposition': 'legendre', 'n_filters': 12, 'slowest': 0.05503533446959869, 'input_scaling': 0.9095759553753703, 'bias_dist': 'foldnorm', 'bias_scaling': 0.04123764193322552, 'lr': 0.9047782400199377, 'weight_increment': 0.002278223530217896, 'min_window': 11, 'max_window': 59, 'use_full_instance': False, 'max_partners': 20, 'homeostasis': 'mean', 'target': 0.52, 'spread': 0.385, 'learning_rate': 0.0003}",ppo,100,64x64,0.0003,,,,,,
RepeatPrevious,filterbank+hag,8,208,5.110576923076923,0.93999994,0.054108918140140266,0.7934024201466694,0.8915987335710647,1277,"{'decomposition': 'legendre', 'n_filters': 12, 'slowest': 0.05503533446959869, 'input_scaling': 0.9095759553753703, 'bias_dist': 'foldnorm', 'bias_scaling': 0.04123764193322552, 'lr': 0.9047782400199377, 'weight_increment': 0.002278223530217896, 'min_window': 11, 'max_window': 59, 'use_full_instance': False, 'max_partners': 20, 'homeostasis': 'mean', 'target': 0.52, 'spread': 0.385, 'learning_rate': 0.0003}",ppo,100,64x64,0.0003,,,,,,
RepeatPrevious,filterbank+hag,4,208,4.264423076923077,0.9708332600000001,0.030333748166561945,0.819657338663679,0.914586504330107,1287,"{'decomposition': 'legendre', 'n_filters': 12, 'slowest': 0.05503533446959869, 'input_scaling': 0.9095759553753703, 'bias_dist': 'foldnorm', 'bias_scaling': 0.04123764193322552, 'lr': 0.9047782400199377, 'weight_increment': 0.002278223530217896, 'min_window': 11, 'max_window': 59, 'use_full_instance': False, 'max_partners': 20, 'homeostasis': 'mean', 'target': 0.52, 'spread': 0.385, 'learning_rate': 0.0003}",ppo,100,64x64,0.0003,,,,,,
RepeatPrevious,filterbank+hag,6,208,4.288461538461538,0.9374999799999999,0.0487694946783294,0.8119164574251375,0.8950797906265918,1288,"{'decomposition': 'legendre', 'n_filters': 12, 'slowest': 0.05503533446959869, 'input_scaling': 0.9095759553753703, 'bias_dist': 'foldnorm', 'bias_scaling': 0.04123764193322552, 'lr': 0.9047782400199377, 'weight_increment': 0.002278223530217896, 'min_window': 11, 'max_window': 59, 'use_full_instance': False, 'max_partners': 20, 'homeostasis': 'mean', 'target': 0.52, 'spread': 0.385, 'learning_rate': 0.0003}",ppo,100,64x64,0.0003,,,,,,
RepeatPrevious,filterbank+hag,5,208,5.360576923076923,0.98583326,0.022988587265693385,0.832603364279894,0.9357488069281712,1293,"{'decomposition': 'legendre', 'n_filters': 12, 'slowest': 0.05503533446959869, 'input_scaling': 0.9095759553753703, 'bias_dist': 'foldnorm', 'bias_scaling': 0.04123764193322552, 'lr': 0.9047782400199377, 'weight_increment': 0.002278223530217896, 'min_window': 11, 'max_window': 59, 'use_full_instance': False, 'max_partners': 20, 'homeostasis': 'mean', 'target': 0.52, 'spread': 0.385, 'learning_rate': 0.0003}",ppo,100,64x64,0.0003,,,,,,
RepeatPrevious,filterbank+esn,7,192,3.8541666666666665,-0.49999996,0.033333500000426,-0.44042401594011005,-0.4990023260315843,1333,"{'decomposition': 'ema', 'n_filters': 12, 'slowest': 0.0068481211016550025, 'input_scaling': 0.929634188755156, 'bias_dist': 'foldnorm', 'bias_scaling': 0.0004530104948033912, 'lr': 0.9407030287660403, 'sr': 0.9778712320759426, 'rc_connectivity': 0.020075371100608825, 'learning_rate': 0.01}",ppo,100,64x64,0.01,,,,,,
RepeatPrevious,filterbank+hag,3,208,4.581730769230769,0.8841667000000001,0.06936712678099043,0.7823937340089632,0.8340762485990831,1278,"{'decomposition': 'legendre', 'n_filters': 12, 'slowest': 0.05503533446959869, 'input_scaling': 0.9095759553753703, 'bias_dist': 'foldnorm', 'bias_scaling': 0.04123764193322552, 'lr': 0.9047782400199377, 'weight_increment': 0.002278223530217896, 'min_window': 11, 'max_window': 59, 'use_full_instance': False, 'max_partners': 20, 'homeostasis': 'mean', 'target': 0.52, 'spread': 0.385, 'learning_rate': 0.001}",ppo,100,64x64,0.001,,,,,,
RepeatPrevious,filterbank+hag,1,208,4.875,0.83,0.08450836250573075,0.7901685698207375,0.8308711161487519,1285,"{'decomposition': 'legendre', 'n_filters': 12, 'slowest': 0.05503533446959869, 'input_scaling': 0.9095759553753703, 'bias_dist': 'foldnorm', 'bias_scaling': 0.04123764193322552, 'lr': 0.9047782400199377, 'weight_increment': 0.002278223530217896, 'min_window': 11, 'max_window': 59, 'use_full_instance': False, 'max_partners': 20, 'homeostasis': 'mean', 'target': 0.52, 'spread': 0.385, 'learning_rate': 0.001}",ppo,100,64x64,0.001,,,,,,
RepeatPrevious,filterbank+hag,7,208,5.024038461538462,0.9066666999999999,0.05807074803935283,0.7845050739458138,0.853710306673459,1270,"{'decomposition': 'legendre', 'n_filters': 12, 'slowest': 0.05503533446959869, 'input_scaling': 0.9095759553753703, 'bias_dist': 'foldnorm', 'bias_scaling': 0.04123764193322552, 'lr': 0.9047782400199377, 'weight_increment': 0.002278223530217896, 'min_window': 11, 'max_window': 59, 'use_full_instance': False, 'max_partners': 20, 'homeostasis': 'mean', 'target': 0.52, 'spread': 0.385, 'learning_rate': 0.001}",ppo,100,64x64,0.001,,,,,,
RepeatPrevious,filterbank+esn,8,192,3.8541666666666665,-0.49333324000000006,0.035707326980080716,-0.499728348390711,-0.5005730657157412,1330,"{'decomposition': 'ema', 'n_filters': 12, 'slowest': 0.0068481211016550025, 'input_scaling': 0.929634188755156, 'bias_dist': 'foldnorm', 'bias_scaling': 0.0004530104948033912, 'lr': 0.9407030287660403, 'sr': 0.9778712320759426, 'rc_connectivity': 0.020075371100608825, 'learning_rate': 0.01}",ppo,100,64x64,0.01,,,,,,
RepeatPrevious,filterbank+hag,7,208,5.024038461538462,0.9158333000000001,0.058028866859262375,0.8177921461601141,0.8944854778400407,1309,"{'decomposition': 'legendre', 'n_filters': 12, 'slowest': 0.05503533446959869, 'input_scaling': 0.9095759553753703, 'bias_dist': 'foldnorm', 'bias_scaling': 0.04123764193322552, 'lr': 0.9047782400199377, 'weight_increment': 0.002278223530217896, 'min_window': 11, 'max_window': 59, 'use_full_instance': False, 'max_partners': 20, 'homeostasis': 'mean', 'target': 0.52, 'spread': 0.385, 'learning_rate': 0.0003}",ppo,100,64x64,0.0003,,,,,,
RepeatPrevious,filterbank+hag,2,208,5.649038461538462,0.8058333400000001,0.07665307727432995,0.7546110025972703,0.8148242531839023,1297,"{'decomposition': 'legendre', 'n_filters': 12, 'slowest': 0.05503533446959869, 'input_scaling': 0.9095759553753703, 'bias_dist': 'foldnorm', 'bias_scaling': 0.04123764193322552, 'lr': 0.9047782400199377, 'weight_increment': 0.002278223530217896, 'min_window': 11, 'max_window': 59, 'use_full_instance': False, 'max_partners': 20, 'homeostasis': 'mean', 'target': 0.52, 'spread': 0.385, 'learning_rate': 0.001}",ppo,100,64x64,0.001,,,,,,
RepeatPrevious,filterbank+hag,2,208,5.649038461538462,0.93833326,0.04506162274610624,0.7880190271440212,0.881070635252165,1326,"{'decomposition': 'legendre', 'n_filters': 12, 'slowest': 0.05503533446959869, 'input_scaling': 0.9095759553753703, 'bias_dist': 'foldnorm', 'bias_scaling': 0.04123764193322552, 'lr': 0.9047782400199377, 'weight_increment': 0.002278223530217896, 'min_window': 11, 'max_window': 59, 'use_full_instance': False, 'max_partners': 20, 'homeostasis': 'mean', 'target': 0.52, 'spread': 0.385, 'learning_rate': 0.0003}",ppo,100,64x64,0.0003,,,,,,
RepeatPrevious,filterbank+esn,9,192,3.8541666666666665,-0.50416666,0.03461111815680621,-0.49980473899979627,-0.500636734080489,1338,"{'decomposition': 'ema', 'n_filters': 12, 'slowest': 0.0068481211016550025, 'input_scaling': 0.929634188755156, 'bias_dist': 'foldnorm', 'bias_scaling': 0.0004530104948033912, 'lr': 0.9407030287660403, 'sr': 0.9778712320759426, 'rc_connectivity': 0.020075371100608825, 'learning_rate': 0.01}",ppo,100,64x64,0.01,,,,,,
RepeatPrevious,filterbank+hag,0,208,4.855769230769231,0.89999998,0.06066752655135694,0.7759217742411897,0.8435218257768721,1307,"{'decomposition': 'legendre', 'n_filters': 12, 'slowest': 0.05503533446959869, 'input_scaling': 0.9095759553753703, 'bias_dist': 'foldnorm', 'bias_scaling': 0.04123764193322552, 'lr': 0.9047782400199377, 'weight_increment': 0.002278223530217896, 'min_window': 11, 'max_window': 59, 'use_full_instance': False, 'max_partners': 20, 'homeostasis': 'mean', 'target': 0.52, 'spread': 0.385, 'learning_rate': 0.001}",ppo,100,64x64,0.001,,,,,,
RepeatPrevious,filterbank+hag,4,208,4.264423076923077,0.9333333200000001,0.05651936148168696,0.7869856399470362,0.866552046357616,1305,"{'decomposition': 'legendre', 'n_filters': 12, 'slowest': 0.05503533446959869, 'input_scaling': 0.9095759553753703, 'bias_dist': 'foldnorm', 'bias_scaling': 0.04123764193322552, 'lr': 0.9047782400199377, 'weight_increment': 0.002278223530217896, 'min_window': 11, 'max_window': 59, 'use_full_instance': False, 'max_partners': 20, 'homeostasis': 'mean', 'target': 0.52, 'spread': 0.385, 'learning_rate': 0.001}",ppo,100,64x64,0.001,,,,,,
RepeatPrevious,filterbank+hag,6,208,4.288461538461538,0.8933332199999999,0.061327895955198074,0.7689108442656346,0.8176260906775343,1313,"{'decomposition': 'legendre', 'n_filters': 12, 'slowest': 0.05503533446959869, 'input_scaling': 0.9095759553753703, 'bias_dist': 'foldnorm', 'bias_scaling': 0.04123764193322552, 'lr': 0.9047782400199377, 'weight_increment': 0.002278223530217896, 'min_window': 11, 'max_window': 59, 'use_full_instance': False, 'max_partners': 20, 'homeostasis': 'mean', 'target': 0.52, 'spread': 0.385, 'learning_rate': 0.001}",ppo,100,64x64,0.001,,,,,,
RepeatPrevious,filterbank+hag,5,208,5.360576923076923,0.92249996,0.0671905658065059,0.8207777311570583,0.9134402985226694,1321,"{'decomposition': 'legendre', 'n_filters': 12, 'slowest': 0.05503533446959869, 'input_scaling': 0.9095759553753703, 'bias_dist': 'foldnorm', 'bias_scaling': 0.04123764193322552, 'lr': 0.9047782400199377, 'weight_increment': 0.002278223530217896, 'min_window': 11, 'max_window': 59, 'use_full_instance': False, 'max_partners': 20, 'homeostasis': 'mean', 'target': 0.52, 'spread': 0.385, 'learning_rate': 0.001}",ppo,100,64x64,0.001,,,,,,
RepeatPrevious,filterbank+hag,8,208,5.110576923076923,0.8408332999999999,0.07892059265191816,0.7521834940415564,0.795614703515028,1306,"{'decomposition': 'legendre', 'n_filters': 12, 'slowest': 0.05503533446959869, 'input_scaling': 0.9095759553753703, 'bias_dist': 'foldnorm', 'bias_scaling': 0.04123764193322552, 'lr': 0.9047782400199377, 'weight_increment': 0.002278223530217896, 'min_window': 11, 'max_window': 59, 'use_full_instance': False, 'max_partners': 20, 'homeostasis': 'mean', 'target': 0.52, 'spread': 0.385, 'learning_rate': 0.001}",ppo,100,64x64,0.001,,,,,,
RepeatPrevious,filterbank+hag,9,208,4.548076923076923,0.8825000199999999,0.07485633447597873,0.7567796416785496,0.8096238879266429,1293,"{'decomposition': 'legendre', 'n_filters': 12, 'slowest': 0.05503533446959869, 'input_scaling': 0.9095759553753703, 'bias_dist': 'foldnorm', 'bias_scaling': 0.04123764193322552, 'lr': 0.9047782400199377, 'weight_increment': 0.002278223530217896, 'min_window': 11, 'max_window': 59, 'use_full_instance': False, 'max_partners': 20, 'homeostasis': 'mean', 'target': 0.52, 'spread': 0.385, 'learning_rate': 0.001}",ppo,100,64x64,0.001,,,,,,
RepeatPrevious,filterbank+hag,0,208,4.855769230769231,0.7866666799999998,0.09597453146005766,0.7362943033713587,0.8208312093734081,1270,"{'decomposition': 'legendre', 'n_filters': 12, 'slowest': 0.05503533446959869, 'input_scaling': 0.9095759553753703, 'bias_dist': 'foldnorm', 'bias_scaling': 0.04123764193322552, 'lr': 0.9047782400199377, 'weight_increment': 0.002278223530217896, 'min_window': 11, 'max_window': 59, 'use_full_instance': False, 'max_partners': 20, 'homeostasis': 'mean', 'target': 0.52, 'spread': 0.385, 'learning_rate': 0.003}",ppo,100,64x64,0.003,,,,,,
RepeatPrevious,filterbank+hag,1,208,4.875,0.8216666399999998,0.0736168944986842,0.7576072020268894,0.8413143234844624,1275,"{'decomposition': 'legendre', 'n_filters': 12, 'slowest': 0.05503533446959869, 'input_scaling': 0.9095759553753703, 'bias_dist': 'foldnorm', 'bias_scaling': 0.04123764193322552, 'lr': 0.9047782400199377, 'weight_increment': 0.002278223530217896, 'min_window': 11, 'max_window': 59, 'use_full_instance': False, 'max_partners': 20, 'homeostasis': 'mean', 'target': 0.52, 'spread': 0.385, 'learning_rate': 0.003}",ppo,100,64x64,0.003,,,,,,
RepeatPrevious,filterbank+hag,3,208,4.581730769230769,0.89083336,0.06502660771707532,0.7717988222652271,0.854431985226694,1263,"{'decomposition': 'legendre', 'n_filters': 12, 'slowest': 0.05503533446959869, 'input_scaling': 0.9095759553753703, 'bias_dist': 'foldnorm', 'bias_scaling': 0.04123764193322552, 'lr': 0.9047782400199377, 'weight_increment': 0.002278223530217896, 'min_window': 11, 'max_window': 59, 'use_full_instance': False, 'max_partners': 20, 'homeostasis': 'mean', 'target': 0.52, 'spread': 0.385, 'learning_rate': 0.003}",ppo,100,64x64,0.003,,,,,,
RepeatPrevious,filterbank+hag,4,208,4.264423076923077,0.89500004,0.05416030280637655,0.7707972601853739,0.8859738374936322,1269,"{'decomposition': 'legendre', 'n_filters': 12, 'slowest': 0.05503533446959869, 'input_scaling': 0.9095759553753703, 'bias_dist': 'foldnorm', 'bias_scaling': 0.04123764193322552, 'lr': 0.9047782400199377, 'weight_increment': 0.002278223530217896, 'min_window': 11, 'max_window': 59, 'use_full_instance': False, 'max_partners': 20, 'homeostasis': 'mean', 'target': 0.52, 'spread': 0.385, 'learning_rate': 0.003}",ppo,100,64x64,0.003,,,,,,
RepeatPrevious,filterbank+hag,2,208,5.649038461538462,0.8900000200000002,0.07395566209303787,0.7173537564167856,0.7968033744268975,1288,"{'decomposition': 'legendre', 'n_filters': 12, 'slowest': 0.05503533446959869, 'input_scaling': 0.9095759553753703, 'bias_dist': 'foldnorm', 'bias_scaling': 0.04123764193322552, 'lr': 0.9047782400199377, 'weight_increment': 0.002278223530217896, 'min_window': 11, 'max_window': 59, 'use_full_instance': False, 'max_partners': 20, 'homeostasis': 'mean', 'target': 0.52, 'spread': 0.385, 'learning_rate': 0.003}",ppo,100,64x64,0.003,,,,,,
RepeatPrevious,filterbank+hag,5,208,5.360576923076923,0.96916664,0.033134742090295495,0.7863129770319821,0.8920020264900661,1290,"{'decomposition': 'legendre', 'n_filters': 12, 'slowest': 0.05503533446959869, 'input_scaling': 0.9095759553753703, 'bias_dist': 'foldnorm', 'bias_scaling': 0.04123764193322552, 'lr': 0.9047782400199377, 'weight_increment': 0.002278223530217896, 'min_window': 11, 'max_window': 59, 'use_full_instance': False, 'max_partners': 20, 'homeostasis': 'mean', 'target': 0.52, 'spread': 0.385, 'learning_rate': 0.003}",ppo,100,64x64,0.003,,,,,,
RepeatPrevious,filterbank+hag,6,208,4.288461538461538,0.8949999399999998,0.06413956276103229,0.7446229703605624,0.8384912501273561,1278,"{'decomposition': 'legendre', 'n_filters': 12, 'slowest': 0.05503533446959869, 'input_scaling': 0.9095759553753703, 'bias_dist': 'foldnorm', 'bias_scaling': 0.04123764193322552, 'lr': 0.9047782400199377, 'weight_increment': 0.002278223530217896, 'min_window': 11, 'max_window': 59, 'use_full_instance': False, 'max_partners': 20, 'homeostasis': 'mean', 'target': 0.52, 'spread': 0.385, 'learning_rate': 0.003}",ppo,100,64x64,0.003,,,,,,
RepeatPrevious,filterbank+hag,7,208,5.024038461538462,0.91166666,0.05629781365474507,0.7615349343043389,0.8422482598064187,1272,"{'decomposition': 'legendre', 'n_filters': 12, 'slowest': 0.05503533446959869, 'input_scaling': 0.9095759553753703, 'bias_dist': 'foldnorm', 'bias_scaling': 0.04123764193322552, 'lr': 0.9047782400199377, 'weight_increment': 0.002278223530217896, 'min_window': 11, 'max_window': 59, 'use_full_instance': False, 'max_partners': 20, 'homeostasis': 'mean', 'target': 0.52, 'spread': 0.385, 'learning_rate': 0.003}",ppo,100,64x64,0.003,,,,,,
RepeatPrevious,filterbank+hag,8,208,5.110576923076923,0.8491666800000002,0.06394977299989109,0.7160423929517213,0.7888860539989813,1293,"{'decomposition': 'legendre', 'n_filters': 12, 'slowest': 0.05503533446959869, 'input_scaling': 0.9095759553753703, 'bias_dist': 'foldnorm', 'bias_scaling': 0.04123764193322552, 'lr': 0.9047782400199377, 'weight_increment': 0.002278223530217896, 'min_window': 11, 'max_window': 59, 'use_full_instance': False, 'max_partners': 20, 'homeostasis': 'mean', 'target': 0.52, 'spread': 0.385, 'learning_rate': 0.003}",ppo,100,64x64,0.003,,,,,,
RepeatPrevious,filterbank+hag,9,208,4.548076923076923,0.86916672,0.07169087622146629,0.7393711395396211,0.8381940840550179,1283,"{'decomposition': 'legendre', 'n_filters': 12, 'slowest': 0.05503533446959869, 'input_scaling': 0.9095759553753703, 'bias_dist': 'foldnorm', 'bias_scaling': 0.04123764193322552, 'lr': 0.9047782400199377, 'weight_increment': 0.002278223530217896, 'min_window': 11, 'max_window': 59, 'use_full_instance': False, 'max_partners': 20, 'homeostasis': 'mean', 'target': 0.52, 'spread': 0.385, 'learning_rate': 0.003}",ppo,100,64x64,0.003,,,,,,
RepeatPrevious,filterbank+hag,0,208,4.855769230769231,-0.49499994,0.032956409932157364,-0.5000784734671012,-0.500700425878757,1284,"{'decomposition': 'legendre', 'n_filters': 12, 'slowest': 0.05503533446959869, 'input_scaling': 0.9095759553753703, 'bias_dist': 'foldnorm', 'bias_scaling': 0.04123764193322552, 'lr': 0.9047782400199377, 'weight_increment': 0.002278223530217896, 'min_window': 11, 'max_window': 59, 'use_full_instance': False, 'max_partners': 20, 'homeostasis': 'mean', 'target': 0.52, 'spread': 0.385, 'learning_rate': 0.01}",ppo,100,64x64,0.01,,,,,,
RepeatPrevious,filterbank+hag,1,208,4.875,-0.49916664,0.032797992148154445,-0.5000339097066612,-0.499554207845135,1335,"{'decomposition': 'legendre', 'n_filters': 12, 'slowest': 0.05503533446959869, 'input_scaling': 0.9095759553753703, 'bias_dist': 'foldnorm', 'bias_scaling': 0.04123764193322552, 'lr': 0.9047782400199377, 'weight_increment': 0.002278223530217896, 'min_window': 11, 'max_window': 59, 'use_full_instance': False, 'max_partners': 20, 'homeostasis': 'mean', 'target': 0.52, 'spread': 0.385, 'learning_rate': 0.01}",ppo,100,64x64,0.01,,,,,,
RepeatPrevious,filterbank+hag,2,208,5.649038461538462,-0.49916664000000005,0.03384012181583276,-0.5000169339478509,-0.49915091543555784,1329,"{'decomposition': 'legendre', 'n_filters': 12, 'slowest': 0.05503533446959869, 'input_scaling': 0.9095759553753703, 'bias_dist': 'foldnorm', 'bias_scaling': 0.04123764193322552, 'lr': 0.9047782400199377, 'weight_increment': 0.002278223530217896, 'min_window': 11, 'max_window': 59, 'use_full_instance': False, 'max_partners': 20, 'homeostasis': 'mean', 'target': 0.52, 'spread': 0.385, 'learning_rate': 0.01}",ppo,100,64x64,0.01,,,,,,
RepeatPrevious,filterbank+hag,5,208,5.360576923076923,-0.49416659999999996,0.034369540779591465,-0.5001675948258302,-0.5004244768211921,1297,"{'decomposition': 'legendre', 'n_filters': 12, 'slowest': 0.05503533446959869, 'input_scaling': 0.9095759553753703, 'bias_dist': 'foldnorm', 'bias_scaling': 0.04123764193322552, 'lr': 0.9047782400199377, 'weight_increment': 0.002278223530217896, 'min_window': 11, 'max_window': 59, 'use_full_instance': False, 'max_partners': 20, 'homeostasis': 'mean', 'target': 0.52, 'spread': 0.385, 'learning_rate': 0.01}",ppo,100,64x64,0.01,,,,,,
RepeatPrevious,filterbank+proj,5,208,0.0,0.9349999600000001,0.04651753337396986,0.7758453861784478,0.8845516963830872,1265,"{'decomposition': 'legendre', 'n_filters': 12, 'slowest': 0.05503533446959869, 'input_scaling': 0.9095759553753703, 'bias_dist': 'foldnorm', 'bias_scaling': 0.04123764193322552, 'lr': 0.9047782400199377, 'weight_increment': 0.002278223530217896, 'min_window': 11, 'max_window': 59, 'use_full_instance': False, 'max_partners': 20, 'homeostasis': 'mean', 'target': 0.52, 'spread': 0.385, 'learning_rate': 0.0003}",ppo,100,64x64,0.0003,,,,,,
RepeatPrevious,filterbank+proj,0,208,0.0,0.9233333000000001,0.058547102595175454,0.7848042729680179,0.8727924966887417,1279,"{'decomposition': 'legendre', 'n_filters': 12, 'slowest': 0.05503533446959869, 'input_scaling': 0.9095759553753703, 'bias_dist': 'foldnorm', 'bias_scaling': 0.04123764193322552, 'lr': 0.9047782400199377, 'weight_increment': 0.002278223530217896, 'min_window': 11, 'max_window': 59, 'use_full_instance': False, 'max_partners': 20, 'homeostasis': 'mean', 'target': 0.52, 'spread': 0.385, 'learning_rate': 0.0003}",ppo,100,64x64,0.0003,,,,,,
RepeatPrevious,filterbank+hag,8,208,5.110576923076923,-0.5058333,0.03727724730623226,-0.4996307417498472,-0.4998726021395823,1288,"{'decomposition': 'legendre', 'n_filters': 12, 'slowest': 0.05503533446959869, 'input_scaling': 0.9095759553753703, 'bias_dist': 'foldnorm', 'bias_scaling': 0.04123764193322552, 'lr': 0.9047782400199377, 'weight_increment': 0.002278223530217896, 'min_window': 11, 'max_window': 59, 'use_full_instance': False, 'max_partners': 20, 'homeostasis': 'mean', 'target': 0.52, 'spread': 0.385, 'learning_rate': 0.01}",ppo,100,64x64,0.01,,,,,,
RepeatPrevious,filterbank+proj,4,208,0.0,0.8899999599999999,0.0644204512045546,0.7901537131798737,0.8812192241467143,1269,"{'decomposition': 'legendre', 'n_filters': 12, 'slowest': 0.05503533446959869, 'input_scaling': 0.9095759553753703, 'bias_dist': 'foldnorm', 'bias_scaling': 0.04123764193322552, 'lr': 0.9047782400199377, 'weight_increment': 0.002278223530217896, 'min_window': 11, 'max_window': 59, 'use_full_instance': False, 'max_partners': 20, 'homeostasis': 'mean', 'target': 0.52, 'spread': 0.385, 'learning_rate': 0.0003}",ppo,100,64x64,0.0003,,,,,,
RepeatPrevious,filterbank+proj,2,208,0.0,0.89249996,0.05595758572417506,0.7805221659197392,0.8635591813550687,1281,"{'decomposition': 'legendre', 'n_filters': 12, 'slowest': 0.05503533446959869, 'input_scaling': 0.9095759553753703, 'bias_dist': 'foldnorm', 'bias_scaling': 0.04123764193322552, 'lr': 0.9047782400199377, 'weight_increment': 0.002278223530217896, 'min_window': 11, 'max_window': 59, 'use_full_instance': False, 'max_partners': 20, 'homeostasis': 'mean', 'target': 0.52, 'spread': 0.385, 'learning_rate': 0.0003}",ppo,100,64x64,0.0003,,,,,,
RepeatPrevious,filterbank+proj,3,208,0.0,0.9283332999999999,0.06125985816413551,0.7851501502342636,0.8391068120224147,1278,"{'decomposition': 'legendre', 'n_filters': 12, 'slowest': 0.05503533446959869, 'input_scaling': 0.9095759553753703, 'bias_dist': 'foldnorm', 'bias_scaling': 0.04123764193322552, 'lr': 0.9047782400199377, 'weight_increment': 0.002278223530217896, 'min_window': 11, 'max_window': 59, 'use_full_instance': False, 'max_partners': 20, 'homeostasis': 'mean', 'target': 0.52, 'spread': 0.385, 'learning_rate': 0.0003}",ppo,100,64x64,0.0003,,,,,,
RepeatPrevious,filterbank+hag,9,208,4.548076923076923,-0.50499998,0.03500014571483382,-0.4992784932267265,-0.49832308965868566,1291,"{'decomposition': 'legendre', 'n_filters': 12, 'slowest': 0.05503533446959869, 'input_scaling': 0.9095759553753703, 'bias_dist': 'foldnorm', 'bias_scaling': 0.04123764193322552, 'lr': 0.9047782400199377, 'weight_increment': 0.002278223530217896, 'min_window': 11, 'max_window': 59, 'use_full_instance': False, 'max_partners': 20, 'homeostasis': 'mean', 'target': 0.52, 'spread': 0.385, 'learning_rate': 0.01}",ppo,100,64x64,0.01,,,,,,
RepeatPrevious,filterbank+proj,1,208,0.0,0.9449999800000001,0.04284979605901993,0.7885134417396618,0.8823017483443709,1289,"{'decomposition': 'legendre', 'n_filters': 12, 'slowest': 0.05503533446959869, 'input_scaling': 0.9095759553753703, 'bias_dist': 'foldnorm', 'bias_scaling': 0.04123764193322552, 'lr': 0.9047782400199377, 'weight_increment': 0.002278223530217896, 'min_window': 11, 'max_window': 59, 'use_full_instance': False, 'max_partners': 20, 'homeostasis': 'mean', 'target': 0.52, 'spread': 0.385, 'learning_rate': 0.0003}",ppo,100,64x64,0.0003,,,,,,
RepeatPrevious,filterbank+hag,7,208,5.024038461538462,-0.49999996,0.033333500000426,-0.5001739586473823,-0.4990023260315843,1304,"{'decomposition': 'legendre', 'n_filters': 12, 'slowest': 0.05503533446959869, 'input_scaling': 0.9095759553753703, 'bias_dist': 'foldnorm', 'bias_scaling': 0.04123764193322552, 'lr': 0.9047782400199377, 'weight_increment': 0.002278223530217896, 'min_window': 11, 'max_window': 59, 'use_full_instance': False, 'max_partners': 20, 'homeostasis': 'mean', 'target': 0.52, 'spread': 0.385, 'learning_rate': 0.01}",ppo,100,64x64,0.01,,,,,,
RepeatPrevious,filterbank+hag,4,208,4.264423076923077,-0.5008332999999999,0.03485105689545154,-0.49986840038704417,-0.4984929052470708,1324,"{'decomposition': 'legendre', 'n_filters': 12, 'slowest': 0.05503533446959869, 'input_scaling': 0.9095759553753703, 'bias_dist': 'foldnorm', 'bias_scaling': 0.04123764193322552, 'lr': 0.9047782400199377, 'weight_increment': 0.002278223530217896, 'min_window': 11, 'max_window': 59, 'use_full_instance': False, 'max_partners': 20, 'homeostasis': 'mean', 'target': 0.52, 'spread': 0.385, 'learning_rate': 0.01}",ppo,100,64x64,0.01,,,,,,
RepeatPrevious,filterbank+proj,8,208,0.0,0.965,0.03851398014643513,0.7844117120594827,0.8683138079470198,1277,"{'decomposition': 'legendre', 'n_filters': 12, 'slowest': 0.05503533446959869, 'input_scaling': 0.9095759553753703, 'bias_dist': 'foldnorm', 'bias_scaling': 0.04123764193322552, 'lr': 0.9047782400199377, 'weight_increment': 0.002278223530217896, 'min_window': 11, 'max_window': 59, 'use_full_instance': False, 'max_partners': 20, 'homeostasis': 'mean', 'target': 0.52, 'spread': 0.385, 'learning_rate': 0.0003}",ppo,100,64x64,0.0003,,,,,,
RepeatPrevious,filterbank+proj,7,208,0.0,0.91333332,0.0532551188992908,0.7688174773375432,0.8457505476311769,1284,"{'decomposition': 'legendre', 'n_filters': 12, 'slowest': 0.05503533446959869, 'input_scaling': 0.9095759553753703, 'bias_dist': 'foldnorm', 'bias_scaling': 0.04123764193322552, 'lr': 0.9047782400199377, 'weight_increment': 0.002278223530217896, 'min_window': 11, 'max_window': 59, 'use_full_instance': False, 'max_partners': 20, 'homeostasis': 'mean', 'target': 0.52, 'spread': 0.385, 'learning_rate': 0.0003}",ppo,100,64x64,0.0003,,,,,,
RepeatPrevious,filterbank+proj,9,208,0.0,0.93999994,0.05011092717458338,0.786383000407415,0.8648751803362201,1285,"{'decomposition': 'legendre', 'n_filters': 12, 'slowest': 0.05503533446959869, 'input_scaling': 0.9095759553753703, 'bias_dist': 'foldnorm', 'bias_scaling': 0.04123764193322552, 'lr': 0.9047782400199377, 'weight_increment': 0.002278223530217896, 'min_window': 11, 'max_window': 59, 'use_full_instance': False, 'max_partners': 20, 'homeostasis': 'mean', 'target': 0.52, 'spread': 0.385, 'learning_rate': 0.0003}",ppo,100,64x64,0.0003,,,,,,
RepeatPrevious,filterbank+proj,6,208,0.0,0.8924999800000001,0.06071905366406496,0.7927934217254022,0.8924902312786551,1298,"{'decomposition': 'legendre', 'n_filters': 12, 'slowest': 0.05503533446959869, 'input_scaling': 0.9095759553753703, 'bias_dist': 'foldnorm', 'bias_scaling': 0.04123764193322552, 'lr': 0.9047782400199377, 'weight_increment': 0.002278223530217896, 'min_window': 11, 'max_window': 59, 'use_full_instance': False, 'max_partners': 20, 'homeostasis': 'mean', 'target': 0.52, 'spread': 0.385, 'learning_rate': 0.0003}",ppo,100,64x64,0.0003,,,,,,
RepeatPrevious,filterbank+hag,6,208,4.288461538461538,-0.4966666,0.03519803656228569,-0.4997644195864738,-0.5009975853285787,1341,"{'decomposition': 'legendre', 'n_filters': 12, 'slowest': 0.05503533446959869, 'input_scaling': 0.9095759553753703, 'bias_dist': 'foldnorm', 'bias_scaling': 0.04123764193322552, 'lr': 0.9047782400199377, 'weight_increment': 0.002278223530217896, 'min_window': 11, 'max_window': 59, 'use_full_instance': False, 'max_partners': 20, 'homeostasis': 'mean', 'target': 0.52, 'spread': 0.385, 'learning_rate': 0.01}",ppo,100,64x64,0.01,,,,,,
RepeatPrevious,filterbank+proj,1,208,0.0,0.84916666,0.0820272833341712,0.7484573379507027,0.804890466632705,1300,"{'decomposition': 'legendre', 'n_filters': 12, 'slowest': 0.05503533446959869, 'input_scaling': 0.9095759553753703, 'bias_dist': 'foldnorm', 'bias_scaling': 0.04123764193322552, 'lr': 0.9047782400199377, 'weight_increment': 0.002278223530217896, 'min_window': 11, 'max_window': 59, 'use_full_instance': False, 'max_partners': 20, 'homeostasis': 'mean', 'target': 0.52, 'spread': 0.385, 'learning_rate': 0.001}",ppo,100,64x64,0.001,,,,,,
RepeatPrevious,filterbank+proj,0,208,0.0,0.88416668,0.08091911105182507,0.7431715596862905,0.7925369449821702,1324,"{'decomposition': 'legendre', 'n_filters': 12, 'slowest': 0.05503533446959869, 'input_scaling': 0.9095759553753703, 'bias_dist': 'foldnorm', 'bias_scaling': 0.04123764193322552, 'lr': 0.9047782400199377, 'weight_increment': 0.002278223530217896, 'min_window': 11, 'max_window': 59, 'use_full_instance': False, 'max_partners': 20, 'homeostasis': 'mean', 'target': 0.52, 'spread': 0.385, 'learning_rate': 0.001}",ppo,100,64x64,0.001,,,,,,
RepeatPrevious,filterbank+proj,4,208,0.0,0.82000002,0.08268079838934551,0.7352524279894073,0.7813296001018849,1301,"{'decomposition': 'legendre', 'n_filters': 12, 'slowest': 0.05503533446959869, 'input_scaling': 0.9095759553753703, 'bias_dist': 'foldnorm', 'bias_scaling': 0.04123764193322552, 'lr': 0.9047782400199377, 'weight_increment': 0.002278223530217896, 'min_window': 11, 'max_window': 59, 'use_full_instance': False, 'max_partners': 20, 'homeostasis': 'mean', 'target': 0.52, 'spread': 0.385, 'learning_rate': 0.001}",ppo,100,64x64,0.001,,,,,,
RepeatPrevious,filterbank+proj,3,208,0.0,0.8541667199999999,0.07648985045273393,0.7449921900081483,0.7836432353540499,1327,"{'decomposition': 'legendre', 'n_filters': 12, 'slowest': 0.05503533446959869, 'input_scaling': 0.9095759553753703, 'bias_dist': 'foldnorm', 'bias_scaling': 0.04123764193322552, 'lr': 0.9047782400199377, 'weight_increment': 0.002278223530217896, 'min_window': 11, 'max_window': 59, 'use_full_instance': False, 'max_partners': 20, 'homeostasis': 'mean', 'target': 0.52, 'spread': 0.385, 'learning_rate': 0.001}",ppo,100,64x64,0.001,,,,,,
RepeatPrevious,filterbank+hag,3,208,4.581730769230769,-0.5016666399999999,0.03531622353126677,-0.4997198590853534,-0.4988537432501274,1447,"{'decomposition': 'legendre', 'n_filters': 12, 'slowest': 0.05503533446959869, 'input_scaling': 0.9095759553753703, 'bias_dist': 'foldnorm', 'bias_scaling': 0.04123764193322552, 'lr': 0.9047782400199377, 'weight_increment': 0.002278223530217896, 'min_window': 11, 'max_window': 59, 'use_full_instance': False, 'max_partners': 20, 'homeostasis': 'mean', 'target': 0.52, 'spread': 0.385, 'learning_rate': 0.01}",ppo,100,64x64,0.01,,,,,,
RepeatPrevious,filterbank+proj,2,208,0.0,0.86500002,0.07000001476242415,0.7188497310552047,0.7733698441161487,1411,"{'decomposition': 'legendre', 'n_filters': 12, 'slowest': 0.05503533446959869, 'input_scaling': 0.9095759553753703, 'bias_dist': 'foldnorm', 'bias_scaling': 0.04123764193322552, 'lr': 0.9047782400199377, 'weight_increment': 0.002278223530217896, 'min_window': 11, 'max_window': 59, 'use_full_instance': False, 'max_partners': 20, 'homeostasis': 'mean', 'target': 0.52, 'spread': 0.385, 'learning_rate': 0.001}",ppo,100,64x64,0.001,,,,,,
RepeatPrevious,filterbank+proj,5,208,0.0,0.8466666600000002,0.08597481646822167,0.7248166668364229,0.7587026749872644,1301,"{'decomposition': 'legendre', 'n_filters': 12, 'slowest': 0.05503533446959869, 'input_scaling': 0.9095759553753703, 'bias_dist': 'foldnorm', 'bias_scaling': 0.04123764193322552, 'lr': 0.9047782400199377, 'weight_increment': 0.002278223530217896, 'min_window': 11, 'max_window': 59, 'use_full_instance': False, 'max_partners': 20, 'homeostasis': 'mean', 'target': 0.52, 'spread': 0.385, 'learning_rate': 0.001}",ppo,100,64x64,0.001,,,,,,
RepeatPrevious,filterbank+proj,6,208,0.0,0.8925000600000002,0.05595753955827936,0.7463184136280302,0.7909874314824249,1270,"{'decomposition': 'legendre', 'n_filters': 12, 'slowest': 0.05503533446959869, 'input_scaling': 0.9095759553753703, 'bias_dist': 'foldnorm', 'bias_scaling': 0.04123764193322552, 'lr': 0.9047782400199377, 'weight_increment': 0.002278223530217896, 'min_window': 11, 'max_window': 59, 'use_full_instance': False, 'max_partners': 20, 'homeostasis': 'mean', 'target': 0.52, 'spread': 0.385, 'learning_rate': 0.001}",ppo,100,64x64,0.001,,,,,,
RepeatPrevious,filterbank+proj,7,208,0.0,0.8133333999999999,0.08301612895552286,0.7206088306172336,0.7574503275598573,1278,"{'decomposition': 'legendre', 'n_filters': 12, 'slowest': 0.05503533446959869, 'input_scaling': 0.9095759553753703, 'bias_dist': 'foldnorm', 'bias_scaling': 0.04123764193322552, 'lr': 0.9047782400199377, 'weight_increment': 0.002278223530217896, 'min_window': 11, 'max_window': 59, 'use_full_instance': False, 'max_partners': 20, 'homeostasis': 'mean', 'target': 0.52, 'spread': 0.385, 'learning_rate': 0.001}",ppo,100,64x64,0.001,,,,,,
RepeatPrevious,filterbank+proj,8,208,0.0,0.8666667199999999,0.07546155238902523,0.754712855367692,0.794213783494651,1265,"{'decomposition': 'legendre', 'n_filters': 12, 'slowest': 0.05503533446959869, 'input_scaling': 0.9095759553753703, 'bias_dist': 'foldnorm', 'bias_scaling': 0.04123764193322552, 'lr': 0.9047782400199377, 'weight_increment': 0.002278223530217896, 'min_window': 11, 'max_window': 59, 'use_full_instance': False, 'max_partners': 20, 'homeostasis': 'mean', 'target': 0.52, 'spread': 0.385, 'learning_rate': 0.001}",ppo,100,64x64,0.001,,,,,,
RepeatPrevious,filterbank+proj,9,208,0.0,0.87083336,0.0746519680476704,0.7380236992259116,0.7859144151808456,1267,"{'decomposition': 'legendre', 'n_filters': 12, 'slowest': 0.05503533446959869, 'input_scaling': 0.9095759553753703, 'bias_dist': 'foldnorm', 'bias_scaling': 0.04123764193322552, 'lr': 0.9047782400199377, 'weight_increment': 0.002278223530217896, 'min_window': 11, 'max_window': 59, 'use_full_instance': False, 'max_partners': 20, 'homeostasis': 'mean', 'target': 0.52, 'spread': 0.385, 'learning_rate': 0.001}",ppo,100,64x64,0.001,,,,,,
RepeatPrevious,filterbank+proj,3,208,0.0,0.8583333000000001,0.06561681271724497,0.7068967722550418,0.737009683138054,1267,"{'decomposition': 'legendre', 'n_filters': 12, 'slowest': 0.05503533446959869, 'input_scaling': 0.9095759553753703, 'bias_dist': 'foldnorm', 'bias_scaling': 0.04123764193322552, 'lr': 0.9047782400199377, 'weight_increment': 0.002278223530217896, 'min_window': 11, 'max_window': 59, 'use_full_instance': False, 'max_partners': 20, 'homeostasis': 'mean', 'target': 0.52, 'spread': 0.385, 'learning_rate': 0.003}",ppo,100,64x64,0.003,,,,,,
RepeatPrevious,filterbank+proj,1,208,0.0,0.8658332799999999,0.09215398719340145,0.7046114271236505,0.7847045287824758,1296,"{'decomposition': 'legendre', 'n_filters': 12, 'slowest': 0.05503533446959869, 'input_scaling': 0.9095759553753703, 'bias_dist': 'foldnorm', 'bias_scaling': 0.04123764193322552, 'lr': 0.9047782400199377, 'weight_increment': 0.002278223530217896, 'min_window': 11, 'max_window': 59, 'use_full_instance': False, 'max_partners': 20, 'homeostasis': 'mean', 'target': 0.52, 'spread': 0.385, 'learning_rate': 0.003}",ppo,100,64x64,0.003,,,,,,
RepeatPrevious,filterbank+proj,2,208,0.0,0.82916666,0.08589804001177442,0.6811235315746588,0.7528230473764647,1286,"{'decomposition': 'legendre', 'n_filters': 12, 'slowest': 0.05503533446959869, 'input_scaling': 0.9095759553753703, 'bias_dist': 'foldnorm', 'bias_scaling': 0.04123764193322552, 'lr': 0.9047782400199377, 'weight_increment': 0.002278223530217896, 'min_window': 11, 'max_window': 59, 'use_full_instance': False, 'max_partners': 20, 'homeostasis': 'mean', 'target': 0.52, 'spread': 0.385, 'learning_rate': 0.003}",ppo,100,64x64,0.003,,,,,,
RepeatPrevious,filterbank+proj,0,208,0.0,0.8166666399999998,0.08975273873921842,0.7001128884701568,0.7553701762608253,1330,"{'decomposition': 'legendre', 'n_filters': 12, 'slowest': 0.05503533446959869, 'input_scaling': 0.9095759553753703, 'bias_dist': 'foldnorm', 'bias_scaling': 0.04123764193322552, 'lr': 0.9047782400199377, 'weight_increment': 0.002278223530217896, 'min_window': 11, 'max_window': 59, 'use_full_instance': False, 'max_partners': 20, 'homeostasis': 'mean', 'target': 0.52, 'spread': 0.385, 'learning_rate': 0.003}",ppo,100,64x64,0.003,,,,,,
RepeatPrevious,filterbank+proj,4,208,0.0,0.87749998,0.07331904474486557,0.7145697529537585,0.7807140453387672,1255,"{'decomposition': 'legendre', 'n_filters': 12, 'slowest': 0.05503533446959869, 'input_scaling': 0.9095759553753703, 'bias_dist': 'foldnorm', 'bias_scaling': 0.04123764193322552, 'lr': 0.9047782400199377, 'weight_increment': 0.002278223530217896, 'min_window': 11, 'max_window': 59, 'use_full_instance': False, 'max_partners': 20, 'homeostasis': 'mean', 'target': 0.52, 'spread': 0.385, 'learning_rate': 0.003}",ppo,100,64x64,0.003,,,,,,
RepeatPrevious,filterbank+proj,5,208,0.0,0.84666668,0.08677880680890698,0.6738325009166837,0.7541815241976566,1283,"{'decomposition': 'legendre', 'n_filters': 12, 'slowest': 0.05503533446959869, 'input_scaling': 0.9095759553753703, 'bias_dist': 'foldnorm', 'bias_scaling': 0.04123764193322552, 'lr': 0.9047782400199377, 'weight_increment': 0.002278223530217896, 'min_window': 11, 'max_window': 59, 'use_full_instance': False, 'max_partners': 20, 'homeostasis': 'mean', 'target': 0.52, 'spread': 0.385, 'learning_rate': 0.003}",ppo,100,64x64,0.003,,,,,,
RepeatPrevious,filterbank+proj,6,208,0.0,0.85749996,0.06296500562533446,0.7065063314829904,0.778655117677025,1291,"{'decomposition': 'legendre', 'n_filters': 12, 'slowest': 0.05503533446959869, 'input_scaling': 0.9095759553753703, 'bias_dist': 'foldnorm', 'bias_scaling': 0.04123764193322552, 'lr': 0.9047782400199377, 'weight_increment': 0.002278223530217896, 'min_window': 11, 'max_window': 59, 'use_full_instance': False, 'max_partners': 20, 'homeostasis': 'mean', 'target': 0.52, 'spread': 0.385, 'learning_rate': 0.003}",ppo,100,64x64,0.003,,,,,,
RepeatPrevious,filterbank+proj,7,208,0.0,0.8500000399999998,0.07071069226134334,0.700174426563455,0.7886525781966378,1267,"{'decomposition': 'legendre', 'n_filters': 12, 'slowest': 0.05503533446959869, 'input_scaling': 0.9095759553753703, 'bias_dist': 'foldnorm', 'bias_scaling': 0.04123764193322552, 'lr': 0.9047782400199377, 'weight_increment': 0.002278223530217896, 'min_window': 11, 'max_window': 59, 'use_full_instance': False, 'max_partners': 20, 'homeostasis': 'mean', 'target': 0.52, 'spread': 0.385, 'learning_rate': 0.003}",ppo,100,64x64,0.003,,,,,,
RepeatPrevious,filterbank+esn,0,192,3.8541666666666665,0.9966666399999999,0.011303973736275223,0.9292094848747199,0.9582059312277127,1147,"{'decomposition': 'ema', 'n_filters': 12, 'slowest': 0.0068481211016550025, 'input_scaling': 0.929634188755156, 'bias_dist': 'foldnorm', 'bias_scaling': 0.0004530104948033912, 'lr': 0.9407030287660403, 'sr': 0.9778712320759426, 'rc_connectivity': 0.020075371100608825, 'learning_rate': 0.0003}",ppo,100,64,0.0003,,,,,,
RepeatPrevious,filterbank+esn,1,192,3.8541666666666665,0.9766666399999999,0.04010402972308892,0.8820618155428803,0.9176005705552726,1166,"{'decomposition': 'ema', 'n_filters': 12, 'slowest': 0.0068481211016550025, 'input_scaling': 0.929634188755156, 'bias_dist': 'foldnorm', 'bias_scaling': 0.0004530104948033912, 'lr': 0.9407030287660403, 'sr': 0.9778712320759426, 'rc_connectivity': 0.020075371100608825, 'learning_rate': 0.0003}",ppo,100,64,0.0003,,,,,,
RepeatPrevious,filterbank+esn,4,192,3.8541666666666665,0.8116666600000001,0.2503108228672991,0.8858346463128947,0.9347299663779929,1148,"{'decomposition': 'ema', 'n_filters': 12, 'slowest': 0.0068481211016550025, 'input_scaling': 0.929634188755156, 'bias_dist': 'foldnorm', 'bias_scaling': 0.0004530104948033912, 'lr': 0.9407030287660403, 'sr': 0.9778712320759426, 'rc_connectivity': 0.020075371100608825, 'learning_rate': 0.0003}",ppo,100,64,0.0003,,,,,,
RepeatPrevious,filterbank+esn,2,192,3.8541666666666665,0.99416664,0.016687527611674535,0.9359848874006926,0.9346026158940396,1172,"{'decomposition': 'ema', 'n_filters': 12, 'slowest': 0.0068481211016550025, 'input_scaling': 0.929634188755156, 'bias_dist': 'foldnorm', 'bias_scaling': 0.0004530104948033912, 'lr': 0.9407030287660403, 'sr': 0.9778712320759426, 'rc_connectivity': 0.020075371100608825, 'learning_rate': 0.0003}",ppo,100,64,0.0003,,,,,,
RepeatPrevious,filterbank+esn,3,192,3.8541666666666665,0.95250002,0.08249998121223787,0.9449564993888775,0.9672482175241977,1182,"{'decomposition': 'ema', 'n_filters': 12, 'slowest': 0.0068481211016550025, 'input_scaling': 0.929634188755156, 'bias_dist': 'foldnorm', 'bias_scaling': 0.0004530104948033912, 'lr': 0.9407030287660403, 'sr': 0.9778712320759426, 'rc_connectivity': 0.020075371100608825, 'learning_rate': 0.0003}",ppo,100,64,0.0003,,,,,,
RepeatPrevious,filterbank+esn,5,192,3.8541666666666665,1.0,0.0,0.9233380415053981,0.9584606535914416,1176,"{'decomposition': 'ema', 'n_filters': 12, 'slowest': 0.0068481211016550025, 'input_scaling': 0.929634188755156, 'bias_dist': 'foldnorm', 'bias_scaling': 0.0004530104948033912, 'lr': 0.9407030287660403, 'sr': 0.9778712320759426, 'rc_connectivity': 0.020075371100608825, 'learning_rate': 0.0003}",ppo,100,64,0.0003,,,,,,
RepeatPrevious,filterbank+esn,7,192,3.8541666666666665,1.0,0.0,0.9279405596862904,0.9597766668364748,1168,"{'decomposition': 'ema', 'n_filters': 12, 'slowest': 0.0068481211016550025, 'input_scaling': 0.929634188755156, 'bias_dist': 'foldnorm', 'bias_scaling': 0.0004530104948033912, 'lr': 0.9407030287660403, 'sr': 0.9778712320759426, 'rc_connectivity': 0.020075371100608825, 'learning_rate': 0.0003}",ppo,100,64,0.0003,,,,,,
RepeatPrevious,filterbank+proj,8,208,0.0,0.83,0.06964190548857778,0.7040300117641067,0.7616530835455936,1272,"{'decomposition': 'legendre', 'n_filters': 12, 'slowest': 0.05503533446959869, 'input_scaling': 0.9095759553753703, 'bias_dist': 'foldnorm', 'bias_scaling': 0.04123764193322552, 'lr': 0.9047782400199377, 'weight_increment': 0.002278223530217896, 'min_window': 11, 'max_window': 59, 'use_full_instance': False, 'max_partners': 20, 'homeostasis': 'mean', 'target': 0.52, 'spread': 0.385, 'learning_rate': 0.003}",ppo,100,64x64,0.003,,,,,,
RepeatPrevious,filterbank+esn,6,192,3.8541666666666665,0.99499998,0.01589901534371233,0.9358809060908536,0.9774579327559857,1200,"{'decomposition': 'ema', 'n_filters': 12, 'slowest': 0.0068481211016550025, 'input_scaling': 0.929634188755156, 'bias_dist': 'foldnorm', 'bias_scaling': 0.0004530104948033912, 'lr': 0.9407030287660403, 'sr': 0.9778712320759426, 'rc_connectivity': 0.020075371100608825, 'learning_rate': 0.0003}",ppo,100,64,0.0003,,,,,,
RepeatPrevious,filterbank+proj,2,208,0.0,-0.50083326,0.03772169446608145,-0.5006556440721125,-0.5005093800305654,1273,"{'decomposition': 'legendre', 'n_filters': 12, 'slowest': 0.05503533446959869, 'input_scaling': 0.9095759553753703, 'bias_dist': 'foldnorm', 'bias_scaling': 0.04123764193322552, 'lr': 0.9047782400199377, 'weight_increment': 0.002278223530217896, 'min_window': 11, 'max_window': 59, 'use_full_instance': False, 'max_partners': 20, 'homeostasis': 'mean', 'target': 0.52, 'spread': 0.385, 'learning_rate': 0.01}",ppo,100,64x64,0.01,,,,,,
RepeatPrevious,filterbank+esn,9,192,3.8541666666666665,1.0,0.0,0.929396216897535,0.9805781594498216,1146,"{'decomposition': 'ema', 'n_filters': 12, 'slowest': 0.0068481211016550025, 'input_scaling': 0.929634188755156, 'bias_dist': 'foldnorm', 'bias_scaling': 0.0004530104948033912, 'lr': 0.9407030287660403, 'sr': 0.9778712320759426, 'rc_connectivity': 0.020075371100608825, 'learning_rate': 0.0003}",ppo,100,64,0.0003,,,,,,
RepeatPrevious,filterbank+proj,9,208,0.0,0.7858333599999999,0.08333744843220484,0.7055472056426971,0.7666836434029547,1285,"{'decomposition': 'legendre', 'n_filters': 12, 'slowest': 0.05503533446959869, 'input_scaling': 0.9095759553753703, 'bias_dist': 'foldnorm', 'bias_scaling': 0.04123764193322552, 'lr': 0.9047782400199377, 'weight_increment': 0.002278223530217896, 'min_window': 11, 'max_window': 59, 'use_full_instance': False, 'max_partners': 20, 'homeostasis': 'mean', 'target': 0.52, 'spread': 0.385, 'learning_rate': 0.003}",ppo,100,64x64,0.003,,,,,,
RepeatPrevious,filterbank+proj,0,208,0.0,-0.49499994,0.032956409932157364,-0.49997661845589736,-0.500700425878757,1285,"{'decomposition': 'legendre', 'n_filters': 12, 'slowest': 0.05503533446959869, 'input_scaling': 0.9095759553753703, 'bias_dist': 'foldnorm', 'bias_scaling': 0.04123764193322552, 'lr': 0.9047782400199377, 'weight_increment': 0.002278223530217896, 'min_window': 11, 'max_window': 59, 'use_full_instance': False, 'max_partners': 20, 'homeostasis': 'mean', 'target': 0.52, 'spread': 0.385, 'learning_rate': 0.01}",ppo,100,64x64,0.01,,,,,,
RepeatPrevious,filterbank+proj,6,208,0.0,-0.49749996,0.03163395363021196,-0.49991720442045223,-0.4992782694854814,1287,"{'decomposition': 'legendre', 'n_filters': 12, 'slowest': 0.05503533446959869, 'input_scaling': 0.9095759553753703, 'bias_dist': 'foldnorm', 'bias_scaling': 0.04123764193322552, 'lr': 0.9047782400199377, 'weight_increment': 0.002278223530217896, 'min_window': 11, 'max_window': 59, 'use_full_instance': False, 'max_partners': 20, 'homeostasis': 'mean', 'target': 0.52, 'spread': 0.385, 'learning_rate': 0.01}",ppo,100,64x64,0.01,,,,,,
RepeatPrevious,filterbank+proj,8,208,0.0,-0.50333332,0.033166416750345526,-0.4993188146261967,-0.5011037096281202,1284,"{'decomposition': 'legendre', 'n_filters': 12, 'slowest': 0.05503533446959869, 'input_scaling': 0.9095759553753703, 'bias_dist': 'foldnorm', 'bias_scaling': 0.04123764193322552, 'lr': 0.9047782400199377, 'weight_increment': 0.002278223530217896, 'min_window': 11, 'max_window': 59, 'use_full_instance': False, 'max_partners': 20, 'homeostasis': 'mean', 'target': 0.52, 'spread': 0.385, 'learning_rate': 0.01}",ppo,100,64x64,0.01,,,,,,
RepeatPrevious,filterbank+esn,8,192,3.8541666666666665,0.97749998,0.04100299704533316,0.9189328669280913,0.9540244111054508,1201,"{'decomposition': 'ema', 'n_filters': 12, 'slowest': 0.0068481211016550025, 'input_scaling': 0.929634188755156, 'bias_dist': 'foldnorm', 'bias_scaling': 0.0004530104948033912, 'lr': 0.9407030287660403, 'sr': 0.9778712320759426, 'rc_connectivity': 0.020075371100608825, 'learning_rate': 0.0003}",ppo,100,64,0.0003,,,,,,
RepeatPrevious,filterbank+proj,3,208,0.0,-0.5041666,0.037500088889494645,-0.5000805961499287,-0.5013796556291391,1304,"{'decomposition': 'legendre', 'n_filters': 12, 'slowest': 0.05503533446959869, 'input_scaling': 0.9095759553753703, 'bias_dist': 'foldnorm', 'bias_scaling': 0.04123764193322552, 'lr': 0.9047782400199377, 'weight_increment': 0.002278223530217896, 'min_window': 11, 'max_window': 59, 'use_full_instance': False, 'max_partners': 20, 'homeostasis': 'mean', 'target': 0.52, 'spread': 0.385, 'learning_rate': 0.01}",ppo,100,64x64,0.01,,,,,,
RepeatPrevious,filterbank+proj,7,208,0.0,-0.50249996,0.035755880325317124,-0.5000508828682013,-0.50099758430973,1301,"{'decomposition': 'legendre', 'n_filters': 12, 'slowest': 0.05503533446959869, 'input_scaling': 0.9095759553753703, 'bias_dist': 'foldnorm', 'bias_scaling': 0.04123764193322552, 'lr': 0.9047782400199377, 'weight_increment': 0.002278223530217896, 'min_window': 11, 'max_window': 59, 'use_full_instance': False, 'max_partners': 20, 'homeostasis': 'mean', 'target': 0.52, 'spread': 0.385, 'learning_rate': 0.01}",ppo,100,64x64,0.01,,,,,,
RepeatPrevious,filterbank+proj,1,208,0.0,-0.5008332600000001,0.03772169446608146,-0.5001888125381952,-0.5010824910850739,1317,"{'decomposition': 'legendre', 'n_filters': 12, 'slowest': 0.05503533446959869, 'input_scaling': 0.9095759553753703, 'bias_dist': 'foldnorm', 'bias_scaling': 0.04123764193322552, 'lr': 0.9047782400199377, 'weight_increment': 0.002278223530217896, 'min_window': 11, 'max_window': 59, 'use_full_instance': False, 'max_partners': 20, 'homeostasis': 'mean', 'target': 0.52, 'spread': 0.385, 'learning_rate': 0.01}",ppo,100,64x64,0.01,,,,,,
RepeatPrevious,filterbank+proj,9,208,0.0,-0.50416666,0.03461111815680621,-0.4997241046037889,-0.500636734080489,1304,"{'decomposition': 'legendre', 'n_filters': 12, 'slowest': 0.05503533446959869, 'input_scaling': 0.9095759553753703, 'bias_dist': 'foldnorm', 'bias_scaling': 0.04123764193322552, 'lr': 0.9047782400199377, 'weight_increment': 0.002278223530217896, 'min_window': 11, 'max_window': 59, 'use_full_instance': False, 'max_partners': 20, 'homeostasis': 'mean', 'target': 0.52, 'spread': 0.385, 'learning_rate': 0.01}",ppo,100,64x64,0.01,,,,,,
RepeatPrevious,filterbank+proj,4,208,0.0,-0.5008332999999999,0.03485105689545154,-0.4998323292422082,-0.4984929052470708,1320,"{'decomposition': 'legendre', 'n_filters': 12, 'slowest': 0.05503533446959869, 'input_scaling': 0.9095759553753703, 'bias_dist': 'foldnorm', 'bias_scaling': 0.04123764193322552, 'lr': 0.9047782400199377, 'weight_increment': 0.002278223530217896, 'min_window': 11, 'max_window': 59, 'use_full_instance': False, 'max_partners': 20, 'homeostasis': 'mean', 'target': 0.52, 'spread': 0.385, 'learning_rate': 0.01}",ppo,100,64x64,0.01,,,,,,
RepeatPrevious,filterbank+esn,0,192,3.8541666666666665,0.9416665999999999,0.09428096013766513,0.8422370095742513,0.854198459500764,1191,"{'decomposition': 'ema', 'n_filters': 12, 'slowest': 0.0068481211016550025, 'input_scaling': 0.929634188755156, 'bias_dist': 'foldnorm', 'bias_scaling': 0.0004530104948033912, 'lr': 0.9407030287660403, 'sr': 0.9778712320759426, 'rc_connectivity': 0.020075371100608825, 'learning_rate': 0.001}",ppo,100,64,0.001,,,,,,
RepeatPrevious,filterbank+esn,1,192,3.8541666666666665,0.97749996,0.03249997230827128,0.7818165376349561,0.8244608298522669,1179,"{'decomposition': 'ema', 'n_filters': 12, 'slowest': 0.0068481211016550025, 'input_scaling': 0.929634188755156, 'bias_dist': 'foldnorm', 'bias_scaling': 0.0004530104948033912, 'lr': 0.9407030287660403, 'sr': 0.9778712320759426, 'rc_connectivity': 0.020075371100608825, 'learning_rate': 0.001}",ppo,100,64,0.001,,,,,,
RepeatPrevious,filterbank+proj,5,208,0.0,-0.50083328,0.03678972652577891,-0.49980261310857615,-0.49972401171676,1443,"{'decomposition': 'legendre', 'n_filters': 12, 'slowest': 0.05503533446959869, 'input_scaling': 0.9095759553753703, 'bias_dist': 'foldnorm', 'bias_scaling': 0.04123764193322552, 'lr': 0.9047782400199377, 'weight_increment': 0.002278223530217896, 'min_window': 11, 'max_window': 59, 'use_full_instance': False, 'max_partners': 20, 'homeostasis': 'mean', 'target': 0.52, 'spread': 0.385, 'learning_rate': 0.01}",ppo,100,64x64,0.01,,,,,,
RepeatPrevious,filterbank+esn,2,192,3.8541666666666665,0.9416666,0.06871838262910442,0.8534897281523733,0.9247749561895059,1153,"{'decomposition': 'ema', 'n_filters': 12, 'slowest': 0.0068481211016550025, 'input_scaling': 0.929634188755156, 'bias_dist': 'foldnorm', 'bias_scaling': 0.0004530104948033912, 'lr': 0.9407030287660403, 'sr': 0.9778712320759426, 'rc_connectivity': 0.020075371100608825, 'learning_rate': 0.001}",ppo,100,64,0.001,,,,,,
RepeatPrevious,filterbank+esn,3,192,3.8541666666666665,0.91499996,0.07859882583269549,0.8356143996231411,0.8734929088130413,1146,"{'decomposition': 'ema', 'n_filters': 12, 'slowest': 0.0068481211016550025, 'input_scaling': 0.929634188755156, 'bias_dist': 'foldnorm', 'bias_scaling': 0.0004530104948033912, 'lr': 0.9407030287660403, 'sr': 0.9778712320759426, 'rc_connectivity': 0.020075371100608825, 'learning_rate': 0.001}",ppo,100,64,0.001,,,,,,
RepeatPrevious,filterbank+esn,4,192,3.8541666666666665,0.93916668,0.08088480464374999,0.7984908440110002,0.8457505369332655,1136,"{'decomposition': 'ema', 'n_filters': 12, 'slowest': 0.0068481211016550025, 'input_scaling': 0.929634188755156, 'bias_dist': 'foldnorm', 'bias_scaling': 0.0004530104948033912, 'lr': 0.9407030287660403, 'sr': 0.9778712320759426, 'rc_connectivity': 0.020075371100608825, 'learning_rate': 0.001}",ppo,100,64,0.001,,,,,,
RepeatPrevious,filterbank+esn,5,192,3.8541666666666665,0.94666668,0.08499994627467479,0.832894053218578,0.8779928262862965,1141,"{'decomposition': 'ema', 'n_filters': 12, 'slowest': 0.0068481211016550025, 'input_scaling': 0.929634188755156, 'bias_dist': 'foldnorm', 'bias_scaling': 0.0004530104948033912, 'lr': 0.9407030287660403, 'sr': 0.9778712320759426, 'rc_connectivity': 0.020075371100608825, 'learning_rate': 0.001}",ppo,100,64,0.001,,,,,,
RepeatPrevious,filterbank+esn,6,192,3.8541666666666665,0.8983333600000001,0.13671741488702308,0.862028465777144,0.9008320127356086,1136,"{'decomposition': 'ema', 'n_filters': 12, 'slowest': 0.0068481211016550025, 'input_scaling': 0.929634188755156, 'bias_dist': 'foldnorm', 'bias_scaling': 0.0004530104948033912, 'lr': 0.9407030287660403, 'sr': 0.9778712320759426, 'rc_connectivity': 0.020075371100608825, 'learning_rate': 0.001}",ppo,100,64,0.001,,,,,,
RepeatPrevious,filterbank+esn,0,192,3.8541666666666665,0.8166666599999999,0.2682245717471544,0.7503585893257283,0.7904992093734081,1134,"{'decomposition': 'ema', 'n_filters': 12, 'slowest': 0.0068481211016550025, 'input_scaling': 0.929634188755156, 'bias_dist': 'foldnorm', 'bias_scaling': 0.0004530104948033912, 'lr': 0.9407030287660403, 'sr': 0.9778712320759426, 'rc_connectivity': 0.020075371100608825, 'learning_rate': 0.003}",ppo,100,64,0.003,,,,,,
RepeatPrevious,filterbank+esn,7,192,3.8541666666666665,0.93083332,0.13759088850653448,0.8351539387859034,0.8746603535404993,1164,"{'decomposition': 'ema', 'n_filters': 12, 'slowest': 0.0068481211016550025, 'input_scaling': 0.929634188755156, 'bias_dist': 'foldnorm', 'bias_scaling': 0.0004530104948033912, 'lr': 0.9407030287660403, 'sr': 0.9778712320759426, 'rc_connectivity': 0.020075371100608825, 'learning_rate': 0.001}",ppo,100,64,0.001,,,,,,
RepeatPrevious,filterbank+esn,8,192,3.8541666666666665,0.76333332,0.3917056630516051,0.8090857509166837,0.8670614355578196,1161,"{'decomposition': 'ema', 'n_filters': 12, 'slowest': 0.0068481211016550025, 'input_scaling': 0.929634188755156, 'bias_dist': 'foldnorm', 'bias_scaling': 0.0004530104948033912, 'lr': 0.9407030287660403, 'sr': 0.9778712320759426, 'rc_connectivity': 0.020075371100608825, 'learning_rate': 0.001}",ppo,100,64,0.001,,,,,,
RepeatPrevious,filterbank+esn,9,192,3.8541666666666665,0.9458333,0.06782837205484148,0.8335773243532287,0.8658727829852265,1159,"{'decomposition': 'ema', 'n_filters': 12, 'slowest': 0.0068481211016550025, 'input_scaling': 0.929634188755156, 'bias_dist': 'foldnorm', 'bias_scaling': 0.0004530104948033912, 'lr': 0.9407030287660403, 'sr': 0.9778712320759426, 'rc_connectivity': 0.020075371100608825, 'learning_rate': 0.001}",ppo,100,64,0.001,,,,,,
RepeatPrevious,filterbank+esn,1,192,3.8541666666666665,0.9508332599999999,0.05047684848910835,0.6953151368404971,0.7124087075904227,1157,"{'decomposition': 'ema', 'n_filters': 12, 'slowest': 0.0068481211016550025, 'input_scaling': 0.929634188755156, 'bias_dist': 'foldnorm', 'bias_scaling': 0.0004530104948033912, 'lr': 0.9407030287660403, 'sr': 0.9778712320759426, 'rc_connectivity': 0.020075371100608825, 'learning_rate': 0.003}",ppo,100,64,0.003,,,,,,
RepeatPrevious,filterbank+esn,2,192,3.8541666666666665,0.8991666400000001,0.1264060198112036,0.7743302855978814,0.8738112954661232,1156,"{'decomposition': 'ema', 'n_filters': 12, 'slowest': 0.0068481211016550025, 'input_scaling': 0.929634188755156, 'bias_dist': 'foldnorm', 'bias_scaling': 0.0004530104948033912, 'lr': 0.9407030287660403, 'sr': 0.9778712320759426, 'rc_connectivity': 0.020075371100608825, 'learning_rate': 0.003}",ppo,100,64,0.003,,,,,,
RepeatPrevious,filterbank+esn,3,192,3.8541666666666665,0.9283333,0.06924184829718223,0.7525420761356691,0.8361775883851247,1150,"{'decomposition': 'ema', 'n_filters': 12, 'slowest': 0.0068481211016550025, 'input_scaling': 0.929634188755156, 'bias_dist': 'foldnorm', 'bias_scaling': 0.0004530104948033912, 'lr': 0.9407030287660403, 'sr': 0.9778712320759426, 'rc_connectivity': 0.020075371100608825, 'learning_rate': 0.003}",ppo,100,64,0.003,,,,,,
RepeatPrevious,filterbank+esn,4,192,3.8541666666666665,0.87499992,0.14092946423283387,0.7065742111937258,0.7528230239429445,1151,"{'decomposition': 'ema', 'n_filters': 12, 'slowest': 0.0068481211016550025, 'input_scaling': 0.929634188755156, 'bias_dist': 'foldnorm', 'bias_scaling': 0.0004530104948033912, 'lr': 0.9407030287660403, 'sr': 0.9778712320759426, 'rc_connectivity': 0.020075371100608825, 'learning_rate': 0.003}",ppo,100,64,0.003,,,,,,
RepeatPrevious,filterbank+esn,7,192,3.8541666666666665,0.7383333799999998,0.2029367032682743,0.7429954111835404,0.8052088354559349,1152,"{'decomposition': 'ema', 'n_filters': 12, 'slowest': 0.0068481211016550025, 'input_scaling': 0.929634188755156, 'bias_dist': 'foldnorm', 'bias_scaling': 0.0004530104948033912, 'lr': 0.9407030287660403, 'sr': 0.9778712320759426, 'rc_connectivity': 0.020075371100608825, 'learning_rate': 0.003}",ppo,100,64,0.003,,,,,,
RepeatPrevious,filterbank+esn,5,192,3.8541666666666665,0.8658333,0.14050747686728277,0.737238552505602,0.819833555272542,1169,"{'decomposition': 'ema', 'n_filters': 12, 'slowest': 0.0068481211016550025, 'input_scaling': 0.929634188755156, 'bias_dist': 'foldnorm', 'bias_scaling': 0.0004530104948033912, 'lr': 0.9407030287660403, 'sr': 0.9778712320759426, 'rc_connectivity': 0.020075371100608825, 'learning_rate': 0.003}",ppo,100,64,0.003,,,,,,
RepeatPrevious,filterbank+esn,6,192,3.8541666666666665,0.91749994,0.12949956709509264,0.7784765849969444,0.8487221594498218,1169,"{'decomposition': 'ema', 'n_filters': 12, 'slowest': 0.0068481211016550025, 'input_scaling': 0.929634188755156, 'bias_dist': 'foldnorm', 'bias_scaling': 0.0004530104948033912, 'lr': 0.9407030287660403, 'sr': 0.9778712320759426, 'rc_connectivity': 0.020075371100608825, 'learning_rate': 0.003}",ppo,100,64,0.003,,,,,,
RepeatPrevious,filterbank+esn,8,192,3.8541666666666665,0.8258332999999999,0.2551810338869447,0.7677013080566306,0.7760867407030057,1189,"{'decomposition': 'ema', 'n_filters': 12, 'slowest': 0.0068481211016550025, 'input_scaling': 0.929634188755156, 'bias_dist': 'foldnorm', 'bias_scaling': 0.0004530104948033912, 'lr': 0.9407030287660403, 'sr': 0.9778712320759426, 'rc_connectivity': 0.020075371100608825, 'learning_rate': 0.003}",ppo,100,64,0.003,,,,,,
RepeatPrevious,filterbank+esn,3,192,3.8541666666666665,0.26249996000000003,0.24625673233899292,0.35330725967610516,0.24314397758532855,1150,"{'decomposition': 'ema', 'n_filters': 12, 'slowest': 0.0068481211016550025, 'input_scaling': 0.929634188755156, 'bias_dist': 'foldnorm', 'bias_scaling': 0.0004530104948033912, 'lr': 0.9407030287660403, 'sr': 0.9778712320759426, 'rc_connectivity': 0.020075371100608825, 'learning_rate': 0.01}",ppo,100,64,0.01,,,,,,
RepeatPrevious,filterbank+esn,1,192,3.8541666666666665,-0.49666664,0.0298610269982531,-0.1133674283458953,-0.4991933611818644,1169,"{'decomposition': 'ema', 'n_filters': 12, 'slowest': 0.0068481211016550025, 'input_scaling': 0.929634188755156, 'bias_dist': 'foldnorm', 'bias_scaling': 0.0004530104948033912, 'lr': 0.9407030287660403, 'sr': 0.9778712320759426, 'rc_connectivity': 0.020075371100608825, 'learning_rate': 0.01}",ppo,100,64,0.01,,,,,,
RepeatPrevious,filterbank+esn,6,192,3.8541666666666665,0.4966666,0.03519803656228569,0.6654337863617844,0.5004669363219562,1158,"{'decomposition': 'ema', 'n_filters': 12, 'slowest': 0.0068481211016550025, 'input_scaling': 0.929634188755156, 'bias_dist': 'foldnorm', 'bias_scaling': 0.0004530104948033912, 'lr': 0.9407030287660403, 'sr': 0.9778712320759426, 'rc_connectivity': 0.020075371100608825, 'learning_rate': 0.01}",ppo,100,64,0.01,,,,,,
RepeatPrevious,filterbank+esn,7,192,3.8541666666666665,1.0,0.0,0.746106203300061,0.9916793902190525,1146,"{'decomposition': 'ema', 'n_filters': 12, 'slowest': 0.0068481211016550025, 'input_scaling': 0.929634188755156, 'bias_dist': 'foldnorm', 'bias_scaling': 0.0004530104948033912, 'lr': 0.9407030287660403, 'sr': 0.9778712320759426, 'rc_connectivity': 0.020075371100608825, 'learning_rate': 0.01}",ppo,100,64,0.01,,,,,,
RepeatPrevious,filterbank+esn,9,192,3.8541666666666665,0.8333333200000002,0.2618045995267799,0.7418580457323284,0.8036381079979622,1212,"{'decomposition': 'ema', 'n_filters': 12, 'slowest': 0.0068481211016550025, 'input_scaling': 0.929634188755156, 'bias_dist': 'foldnorm', 'bias_scaling': 0.0004530104948033912, 'lr': 0.9407030287660403, 'sr': 0.9778712320759426, 'rc_connectivity': 0.020075371100608825, 'learning_rate': 0.003}",ppo,100,64,0.003,,,,,,
RepeatPrevious,filterbank+esn,4,192,3.8541666666666665,0.00499998,0.04051752954042978,0.5670770443063761,0.0009339465104431993,1172,"{'decomposition': 'ema', 'n_filters': 12, 'slowest': 0.0068481211016550025, 'input_scaling': 0.929634188755156, 'bias_dist': 'foldnorm', 'bias_scaling': 0.0004530104948033912, 'lr': 0.9407030287660403, 'sr': 0.9778712320759426, 'rc_connectivity': 0.020075371100608825, 'learning_rate': 0.01}",ppo,100,64,0.01,,,,,,
RepeatPrevious,filterbank+esn,5,192,3.8541666666666665,-0.005,0.04301166508518358,0.143501298991648,-0.002547118695873662,1180,"{'decomposition': 'ema', 'n_filters': 12, 'slowest': 0.0068481211016550025, 'input_scaling': 0.929634188755156, 'bias_dist': 'foldnorm', 'bias_scaling': 0.0004530104948033912, 'lr': 0.9407030287660403, 'sr': 0.9778712320759426, 'rc_connectivity': 0.020075371100608825, 'learning_rate': 0.01}",ppo,100,64,0.01,,,,,,
RepeatPrevious,filterbank+hag,0,208,4.855769230769231,0.9383332999999999,0.051532026719798237,0.7824255639132207,0.8889454768211921,1162,"{'decomposition': 'legendre', 'n_filters': 12, 'slowest': 0.05503533446959869, 'input_scaling': 0.9095759553753703, 'bias_dist': 'foldnorm', 'bias_scaling': 0.04123764193322552, 'lr': 0.9047782400199377, 'weight_increment': 0.002278223530217896, 'min_window': 11, 'max_window': 59, 'use_full_instance': False, 'max_partners': 20, 'homeostasis': 'mean', 'target': 0.52, 'spread': 0.385, 'learning_rate': 0.0003}",ppo,100,64,0.0003,,,,,,
RepeatPrevious,filterbank+esn,2,192,3.8541666666666665,-0.005833359999999999,0.039973980704833496,0.33282617890609084,0.00023348242485990819,1201,"{'decomposition': 'ema', 'n_filters': 12, 'slowest': 0.0068481211016550025, 'input_scaling': 0.929634188755156, 'bias_dist': 'foldnorm', 'bias_scaling': 0.0004530104948033912, 'lr': 0.9407030287660403, 'sr': 0.9778712320759426, 'rc_connectivity': 0.020075371100608825, 'learning_rate': 0.01}",ppo,100,64,0.01,,,,,,
RepeatPrevious,filterbank+hag,3,208,4.581730769230769,0.9108333599999999,0.04787859391868562,0.7846005614687309,0.8965231696383086,1154,"{'decomposition': 'legendre', 'n_filters': 12, 'slowest': 0.05503533446959869, 'input_scaling': 0.9095759553753703, 'bias_dist': 'foldnorm', 'bias_scaling': 0.04123764193322552, 'lr': 0.9047782400199377, 'weight_increment': 0.002278223530217896, 'min_window': 11, 'max_window': 59, 'use_full_instance': False, 'max_partners': 20, 'homeostasis': 'mean', 'target': 0.52, 'spread': 0.385, 'learning_rate': 0.0003}",ppo,100,64,0.0003,,,,,,
RepeatPrevious,filterbank+esn,8,192,3.8541666666666665,-0.00916668,0.04190770653158677,0.22050696195762887,-0.001740537952114111,1179,"{'decomposition': 'ema', 'n_filters': 12, 'slowest': 0.0068481211016550025, 'input_scaling': 0.929634188755156, 'bias_dist': 'foldnorm', 'bias_scaling': 0.0004530104948033912, 'lr': 0.9407030287660403, 'sr': 0.9778712320759426, 'rc_connectivity': 0.020075371100608825, 'learning_rate': 0.01}",ppo,100,64,0.01,,,,,,
RepeatPrevious,filterbank+hag,1,208,4.875,0.9416666599999999,0.04999992000058,0.7846196575677328,0.8891152842587875,1171,"{'decomposition': 'legendre', 'n_filters': 12, 'slowest': 0.05503533446959869, 'input_scaling': 0.9095759553753703, 'bias_dist': 'foldnorm', 'bias_scaling': 0.04123764193322552, 'lr': 0.9047782400199377, 'weight_increment': 0.002278223530217896, 'min_window': 11, 'max_window': 59, 'use_full_instance': False, 'max_partners': 20, 'homeostasis': 'mean', 'target': 0.52, 'spread': 0.385, 'learning_rate': 0.0003}",ppo,100,64,0.0003,,,,,,
RepeatPrevious,filterbank+hag,4,208,4.264423076923077,0.9200000199999999,0.04918775683337877,0.7829369523833775,0.8917897738155883,1164,"{'decomposition': 'legendre', 'n_filters': 12, 'slowest': 0.05503533446959869, 'input_scaling': 0.9095759553753703, 'bias_dist': 'foldnorm', 'bias_scaling': 0.04123764193322552, 'lr': 0.9047782400199377, 'weight_increment': 0.002278223530217896, 'min_window': 11, 'max_window': 59, 'use_full_instance': False, 'max_partners': 20, 'homeostasis': 'mean', 'target': 0.52, 'spread': 0.385, 'learning_rate': 0.0003}",ppo,100,64,0.0003,,,,,,
RepeatPrevious,filterbank+hag,2,208,5.649038461538462,0.9216667000000001,0.05312453084828138,0.7552454666938275,0.8709882679572083,1174,"{'decomposition': 'legendre', 'n_filters': 12, 'slowest': 0.05503533446959869, 'input_scaling': 0.9095759553753703, 'bias_dist': 'foldnorm', 'bias_scaling': 0.04123764193322552, 'lr': 0.9047782400199377, 'weight_increment': 0.002278223530217896, 'min_window': 11, 'max_window': 59, 'use_full_instance': False, 'max_partners': 20, 'homeostasis': 'mean', 'target': 0.52, 'spread': 0.385, 'learning_rate': 0.0003}",ppo,100,64,0.0003,,,,,,
RepeatPrevious,filterbank+esn,9,192,3.8541666666666665,1.0,0.0,0.7930247027398655,0.9596705649516047,1203,"{'decomposition': 'ema', 'n_filters': 12, 'slowest': 0.0068481211016550025, 'input_scaling': 0.929634188755156, 'bias_dist': 'foldnorm', 'bias_scaling': 0.0004530104948033912, 'lr': 0.9407030287660403, 'sr': 0.9778712320759426, 'rc_connectivity': 0.020075371100608825, 'learning_rate': 0.01}",ppo,100,64,0.01,,,,,,
RepeatPrevious,filterbank+esn,0,192,3.8541666666666665,0.4991666,0.03678972380760693,0.7225928349460176,0.49791980285277637,1277,"{'decomposition': 'ema', 'n_filters': 12, 'slowest': 0.0068481211016550025, 'input_scaling': 0.929634188755156, 'bias_dist': 'foldnorm', 'bias_scaling': 0.0004530104948033912, 'lr': 0.9407030287660403, 'sr': 0.9778712320759426, 'rc_connectivity': 0.020075371100608825, 'learning_rate': 0.01}",ppo,100,64,0.01,,,,,,
RepeatPrevious,filterbank+hag,5,208,5.360576923076923,0.96333322,0.03295615808330212,0.7951551530861685,0.9193835751400916,1196,"{'decomposition': 'legendre', 'n_filters': 12, 'slowest': 0.05503533446959869, 'input_scaling': 0.9095759553753703, 'bias_dist': 'foldnorm', 'bias_scaling': 0.04123764193322552, 'lr': 0.9047782400199377, 'weight_increment': 0.002278223530217896, 'min_window': 11, 'max_window': 59, 'use_full_instance': False, 'max_partners': 20, 'homeostasis': 'mean', 'target': 0.52, 'spread': 0.385, 'learning_rate': 0.0003}",ppo,100,64,0.0003,,,,,,
RepeatPrevious,filterbank+hag,6,208,4.288461538461538,0.9491666199999998,0.04432356070303468,0.7935106426461602,0.8914926148751909,1195,"{'decomposition': 'legendre', 'n_filters': 12, 'slowest': 0.05503533446959869, 'input_scaling': 0.9095759553753703, 'bias_dist': 'foldnorm', 'bias_scaling': 0.04123764193322552, 'lr': 0.9047782400199377, 'weight_increment': 0.002278223530217896, 'min_window': 11, 'max_window': 59, 'use_full_instance': False, 'max_partners': 20, 'homeostasis': 'mean', 'target': 0.52, 'spread': 0.385, 'learning_rate': 0.0003}",ppo,100,64,0.0003,,,,,,
RepeatPrevious,filterbank+hag,8,208,5.110576923076923,0.9308333600000002,0.04972837687629066,0.7640749118455896,0.8668916546102904,1156,"{'decomposition': 'legendre', 'n_filters': 12, 'slowest': 0.05503533446959869, 'input_scaling': 0.9095759553753703, 'bias_dist': 'foldnorm', 'bias_scaling': 0.04123764193322552, 'lr': 0.9047782400199377, 'weight_increment': 0.002278223530217896, 'min_window': 11, 'max_window': 59, 'use_full_instance': False, 'max_partners': 20, 'homeostasis': 'mean', 'target': 0.52, 'spread': 0.385, 'learning_rate': 0.0003}",ppo,100,64,0.0003,,,,,,
RepeatPrevious,filterbank+hag,0,208,4.855769230769231,0.9149999599999998,0.06177910811980373,0.8111079967916072,0.9066692037697403,1143,"{'decomposition': 'legendre', 'n_filters': 12, 'slowest': 0.05503533446959869, 'input_scaling': 0.9095759553753703, 'bias_dist': 'foldnorm', 'bias_scaling': 0.04123764193322552, 'lr': 0.9047782400199377, 'weight_increment': 0.002278223530217896, 'min_window': 11, 'max_window': 59, 'use_full_instance': False, 'max_partners': 20, 'homeostasis': 'mean', 'target': 0.52, 'spread': 0.385, 'learning_rate': 0.001}",ppo,100,64,0.001,,,,,,
RepeatPrevious,filterbank+hag,7,208,5.024038461538462,0.9549999,0.0380423068592061,0.802159720462416,0.901999489556801,1190,"{'decomposition': 'legendre', 'n_filters': 12, 'slowest': 0.05503533446959869, 'input_scaling': 0.9095759553753703, 'bias_dist': 'foldnorm', 'bias_scaling': 0.04123764193322552, 'lr': 0.9047782400199377, 'weight_increment': 0.002278223530217896, 'min_window': 11, 'max_window': 59, 'use_full_instance': False, 'max_partners': 20, 'homeostasis': 'mean', 'target': 0.52, 'spread': 0.385, 'learning_rate': 0.0003}",ppo,100,64,0.0003,,,,,,
RepeatPrevious,filterbank+hag,9,208,4.548076923076923,0.92166666,0.052466884371233626,0.7693246264514157,0.8706274467651554,1178,"{'decomposition': 'legendre', 'n_filters': 12, 'slowest': 0.05503533446959869, 'input_scaling': 0.9095759553753703, 'bias_dist': 'foldnorm', 'bias_scaling': 0.04123764193322552, 'lr': 0.9047782400199377, 'weight_increment': 0.002278223530217896, 'min_window': 11, 'max_window': 59, 'use_full_instance': False, 'max_partners': 20, 'homeostasis': 'mean', 'target': 0.52, 'spread': 0.385, 'learning_rate': 0.0003}",ppo,100,64,0.0003,,,,,,
RepeatPrevious,filterbank+hag,1,208,4.875,0.86249996,0.07132183006989094,0.8071399440822977,0.8623068425878758,1161,"{'decomposition': 'legendre', 'n_filters': 12, 'slowest': 0.05503533446959869, 'input_scaling': 0.9095759553753703, 'bias_dist': 'foldnorm', 'bias_scaling': 0.04123764193322552, 'lr': 0.9047782400199377, 'weight_increment': 0.002278223530217896, 'min_window': 11, 'max_window': 59, 'use_full_instance': False, 'max_partners': 20, 'homeostasis': 'mean', 'target': 0.52, 'spread': 0.385, 'learning_rate': 0.001}",ppo,100,64,0.001,,,,,,
RepeatPrevious,filterbank+hag,2,208,5.649038461538462,0.91083328,0.05137682616434767,0.7926873242004482,0.8740660570555273,1147,"{'decomposition': 'legendre', 'n_filters': 12, 'slowest': 0.05503533446959869, 'input_scaling': 0.9095759553753703, 'bias_dist': 'foldnorm', 'bias_scaling': 0.04123764193322552, 'lr': 0.9047782400199377, 'weight_increment': 0.002278223530217896, 'min_window': 11, 'max_window': 59, 'use_full_instance': False, 'max_partners': 20, 'homeostasis': 'mean', 'target': 0.52, 'spread': 0.385, 'learning_rate': 0.001}",ppo,100,64,0.001,,,,,,
RepeatPrevious,filterbank+hag,3,208,4.581730769230769,0.9399999200000001,0.041799699095969575,0.8092321876655124,0.8924689994905757,1155,"{'decomposition': 'legendre', 'n_filters': 12, 'slowest': 0.05503533446959869, 'input_scaling': 0.9095759553753703, 'bias_dist': 'foldnorm', 'bias_scaling': 0.04123764193322552, 'lr': 0.9047782400199377, 'weight_increment': 0.002278223530217896, 'min_window': 11, 'max_window': 59, 'use_full_instance': False, 'max_partners': 20, 'homeostasis': 'mean', 'target': 0.52, 'spread': 0.385, 'learning_rate': 0.001}",ppo,100,64,0.001,,,,,,
RepeatPrevious,filterbank+hag,5,208,5.360576923076923,0.9516665999999999,0.039405226670582674,0.8253632707272357,0.9242443224656138,1156,"{'decomposition': 'legendre', 'n_filters': 12, 'slowest': 0.05503533446959869, 'input_scaling': 0.9095759553753703, 'bias_dist': 'foldnorm', 'bias_scaling': 0.04123764193322552, 'lr': 0.9047782400199377, 'weight_increment': 0.002278223530217896, 'min_window': 11, 'max_window': 59, 'use_full_instance': False, 'max_partners': 20, 'homeostasis': 'mean', 'target': 0.52, 'spread': 0.385, 'learning_rate': 0.001}",ppo,100,64,0.001,,,,,,
RepeatPrevious,filterbank+hag,6,208,4.288461538461538,0.95249994,0.04083321591910683,0.8143630695661032,0.9112964686704025,1166,"{'decomposition': 'legendre', 'n_filters': 12, 'slowest': 0.05503533446959869, 'input_scaling': 0.9095759553753703, 'bias_dist': 'foldnorm', 'bias_scaling': 0.04123764193322552, 'lr': 0.9047782400199377, 'weight_increment': 0.002278223530217896, 'min_window': 11, 'max_window': 59, 'use_full_instance': False, 'max_partners': 20, 'homeostasis': 'mean', 'target': 0.52, 'spread': 0.385, 'learning_rate': 0.001}",ppo,100,64,0.001,,,,,,
RepeatPrevious,filterbank+hag,4,208,4.264423076923077,0.9533332999999999,0.036930756529619045,0.8112353116724385,0.8912803525216506,1172,"{'decomposition': 'legendre', 'n_filters': 12, 'slowest': 0.05503533446959869, 'input_scaling': 0.9095759553753703, 'bias_dist': 'foldnorm', 'bias_scaling': 0.04123764193322552, 'lr': 0.9047782400199377, 'weight_increment': 0.002278223530217896, 'min_window': 11, 'max_window': 59, 'use_full_instance': False, 'max_partners': 20, 'homeostasis': 'mean', 'target': 0.52, 'spread': 0.385, 'learning_rate': 0.001}",ppo,100,64,0.001,,,,,,
RepeatPrevious,filterbank+hag,7,208,5.024038461538462,0.95499996,0.03519773919612451,0.8188297808107557,0.9062871314314824,1161,"{'decomposition': 'legendre', 'n_filters': 12, 'slowest': 0.05503533446959869, 'input_scaling': 0.9095759553753703, 'bias_dist': 'foldnorm', 'bias_scaling': 0.04123764193322552, 'lr': 0.9047782400199377, 'weight_increment': 0.002278223530217896, 'min_window': 11, 'max_window': 59, 'use_full_instance': False, 'max_partners': 20, 'homeostasis': 'mean', 'target': 0.52, 'spread': 0.385, 'learning_rate': 0.001}",ppo,100,64,0.001,,,,,,
RepeatPrevious,filterbank+hag,8,208,5.110576923076923,0.91583332,0.05979706867646273,0.7872848272051335,0.877377306673459,1172,"{'decomposition': 'legendre', 'n_filters': 12, 'slowest': 0.05503533446959869, 'input_scaling': 0.9095759553753703, 'bias_dist': 'foldnorm', 'bias_scaling': 0.04123764193322552, 'lr': 0.9047782400199377, 'weight_increment': 0.002278223530217896, 'min_window': 11, 'max_window': 59, 'use_full_instance': False, 'max_partners': 20, 'homeostasis': 'mean', 'target': 0.52, 'spread': 0.385, 'learning_rate': 0.001}",ppo,100,64,0.001,,,,,,
RepeatPrevious,filterbank+hag,9,208,4.548076923076923,0.9349999199999999,0.047987239508369306,0.8036832842737828,0.8778442776362709,1151,"{'decomposition': 'legendre', 'n_filters': 12, 'slowest': 0.05503533446959869, 'input_scaling': 0.9095759553753703, 'bias_dist': 'foldnorm', 'bias_scaling': 0.04123764193322552, 'lr': 0.9047782400199377, 'weight_increment': 0.002278223530217896, 'min_window': 11, 'max_window': 59, 'use_full_instance': False, 'max_partners': 20, 'homeostasis': 'mean', 'target': 0.52, 'spread': 0.385, 'learning_rate': 0.001}",ppo,100,64,0.001,,,,,,
RepeatPrevious,filterbank+hag,0,208,4.855769230769231,0.9191666800000001,0.04888327866886181,0.793389689753514,0.8844455746306673,1158,"{'decomposition': 'legendre', 'n_filters': 12, 'slowest': 0.05503533446959869, 'input_scaling': 0.9095759553753703, 'bias_dist': 'foldnorm', 'bias_scaling': 0.04123764193322552, 'lr': 0.9047782400199377, 'weight_increment': 0.002278223530217896, 'min_window': 11, 'max_window': 59, 'use_full_instance': False, 'max_partners': 20, 'homeostasis': 'mean', 'target': 0.52, 'spread': 0.385, 'learning_rate': 0.003}",ppo,100,64,0.003,,,,,,
RepeatPrevious,filterbank+hag,3,208,4.581730769230769,0.9316666400000001,0.04696330387856459,0.7963880063149318,0.8785022832399387,1154,"{'decomposition': 'legendre', 'n_filters': 12, 'slowest': 0.05503533446959869, 'input_scaling': 0.9095759553753703, 'bias_dist': 'foldnorm', 'bias_scaling': 0.04123764193322552, 'lr': 0.9047782400199377, 'weight_increment': 0.002278223530217896, 'min_window': 11, 'max_window': 59, 'use_full_instance': False, 'max_partners': 20, 'homeostasis': 'mean', 'target': 0.52, 'spread': 0.385, 'learning_rate': 0.003}",ppo,100,64,0.003,,,,,,
RepeatPrevious,filterbank+hag,1,208,4.875,0.9316665800000001,0.05819033272188431,0.801332160572418,0.9128035180845644,1178,"{'decomposition': 'legendre', 'n_filters': 12, 'slowest': 0.05503533446959869, 'input_scaling': 0.9095759553753703, 'bias_dist': 'foldnorm', 'bias_scaling': 0.04123764193322552, 'lr': 0.9047782400199377, 'weight_increment': 0.002278223530217896, 'min_window': 11, 'max_window': 59, 'use_full_instance': False, 'max_partners': 20, 'homeostasis': 'mean', 'target': 0.52, 'spread': 0.385, 'learning_rate': 0.003}",ppo,100,64,0.003,,,,,,
RepeatPrevious,filterbank+hag,2,208,5.649038461538462,0.9075000199999999,0.06307507281945539,0.7607880090140557,0.8203005654610291,1180,"{'decomposition': 'legendre', 'n_filters': 12, 'slowest': 0.05503533446959869, 'input_scaling': 0.9095759553753703, 'bias_dist': 'foldnorm', 'bias_scaling': 0.04123764193322552, 'lr': 0.9047782400199377, 'weight_increment': 0.002278223530217896, 'min_window': 11, 'max_window': 59, 'use_full_instance': False, 'max_partners': 20, 'homeostasis': 'mean', 'target': 0.52, 'spread': 0.385, 'learning_rate': 0.003}",ppo,100,64,0.003,,,,,,
RepeatPrevious,filterbank+hag,6,208,4.288461538461538,0.9250000799999999,0.043301235549041785,0.7855066401507436,0.8774197722873154,1154,"{'decomposition': 'legendre', 'n_filters': 12, 'slowest': 0.05503533446959869, 'input_scaling': 0.9095759553753703, 'bias_dist': 'foldnorm', 'bias_scaling': 0.04123764193322552, 'lr': 0.9047782400199377, 'weight_increment': 0.002278223530217896, 'min_window': 11, 'max_window': 59, 'use_full_instance': False, 'max_partners': 20, 'homeostasis': 'mean', 'target': 0.52, 'spread': 0.385, 'learning_rate': 0.003}",ppo,100,64,0.003,,,,,,
RepeatPrevious,filterbank+hag,5,208,5.360576923076923,0.9374999599999999,0.04947634114805176,0.8199289531472805,0.9165817366276108,1167,"{'decomposition': 'legendre', 'n_filters': 12, 'slowest': 0.05503533446959869, 'input_scaling': 0.9095759553753703, 'bias_dist': 'foldnorm', 'bias_scaling': 0.04123764193322552, 'lr': 0.9047782400199377, 'weight_increment': 0.002278223530217896, 'min_window': 11, 'max_window': 59, 'use_full_instance': False, 'max_partners': 20, 'homeostasis': 'mean', 'target': 0.52, 'spread': 0.385, 'learning_rate': 0.003}",ppo,100,64,0.003,,,,,,
RepeatPrevious,filterbank+hag,8,208,5.110576923076923,0.8966666599999997,0.05965176499270076,0.7672429839071094,0.8777593734080489,1159,"{'decomposition': 'legendre', 'n_filters': 12, 'slowest': 0.05503533446959869, 'input_scaling': 0.9095759553753703, 'bias_dist': 'foldnorm', 'bias_scaling': 0.04123764193322552, 'lr': 0.9047782400199377, 'weight_increment': 0.002278223530217896, 'min_window': 11, 'max_window': 59, 'use_full_instance': False, 'max_partners': 20, 'homeostasis': 'mean', 'target': 0.52, 'spread': 0.385, 'learning_rate': 0.003}",ppo,100,64,0.003,,,,,,
RepeatPrevious,filterbank+hag,4,208,4.264423076923077,0.93083332,0.053754806917499016,0.8094083113668772,0.9104898777381559,1195,"{'decomposition': 'legendre', 'n_filters': 12, 'slowest': 0.05503533446959869, 'input_scaling': 0.9095759553753703, 'bias_dist': 'foldnorm', 'bias_scaling': 0.04123764193322552, 'lr': 0.9047782400199377, 'weight_increment': 0.002278223530217896, 'min_window': 11, 'max_window': 59, 'use_full_instance': False, 'max_partners': 20, 'homeostasis': 'mean', 'target': 0.52, 'spread': 0.385, 'learning_rate': 0.003}",ppo,100,64,0.003,,,,,,
RepeatPrevious,filterbank+hag,7,208,5.024038461538462,0.91499998,0.05066219761064062,0.7980473777245876,0.8848700962812022,1172,"{'decomposition': 'legendre', 'n_filters': 12, 'slowest': 0.05503533446959869, 'input_scaling': 0.9095759553753703, 'bias_dist': 'foldnorm', 'bias_scaling': 0.04123764193322552, 'lr': 0.9047782400199377, 'weight_increment': 0.002278223530217896, 'min_window': 11, 'max_window': 59, 'use_full_instance': False, 'max_partners': 20, 'homeostasis': 'mean', 'target': 0.52, 'spread': 0.385, 'learning_rate': 0.003}",ppo,100,64,0.003,,,,,,
RepeatPrevious,filterbank+hag,0,208,4.855769230769231,0.38749997999999997,0.06360140154005728,0.5144016904664901,0.3960349836984208,1169,"{'decomposition': 'legendre', 'n_filters': 12, 'slowest': 0.05503533446959869, 'input_scaling': 0.9095759553753703, 'bias_dist': 'foldnorm', 'bias_scaling': 0.04123764193322552, 'lr': 0.9047782400199377, 'weight_increment': 0.002278223530217896, 'min_window': 11, 'max_window': 59, 'use_full_instance': False, 'max_partners': 20, 'homeostasis': 'mean', 'target': 0.52, 'spread': 0.385, 'learning_rate': 0.01}",ppo,100,64,0.01,,,,,,
RepeatPrevious,filterbank+hag,2,208,5.649038461538462,0.40333322000000005,0.07520339294986363,0.5278463819515177,0.37134912328069286,1164,"{'decomposition': 'legendre', 'n_filters': 12, 'slowest': 0.05503533446959869, 'input_scaling': 0.9095759553753703, 'bias_dist': 'foldnorm', 'bias_scaling': 0.04123764193322552, 'lr': 0.9047782400199377, 'weight_increment': 0.002278223530217896, 'min_window': 11, 'max_window': 59, 'use_full_instance': False, 'max_partners': 20, 'homeostasis': 'mean', 'target': 0.52, 'spread': 0.385, 'learning_rate': 0.01}",ppo,100,64,0.01,,,,,,
RepeatPrevious,filterbank+hag,9,208,4.548076923076923,0.92499994,0.052704568640834164,0.78203087833571,0.874214625063678,1200,"{'decomposition': 'legendre', 'n_filters': 12, 'slowest': 0.05503533446959869, 'input_scaling': 0.9095759553753703, 'bias_dist': 'foldnorm', 'bias_scaling': 0.04123764193322552, 'lr': 0.9047782400199377, 'weight_increment': 0.002278223530217896, 'min_window': 11, 'max_window': 59, 'use_full_instance': False, 'max_partners': 20, 'homeostasis': 'mean', 'target': 0.52, 'spread': 0.385, 'learning_rate': 0.003}",ppo,100,64,0.003,,,,,,
RepeatPrevious,filterbank+hag,4,208,4.264423076923077,0.76249994,0.09904059128608028,0.731267401252801,0.7980981472236373,1168,"{'decomposition': 'legendre', 'n_filters': 12, 'slowest': 0.05503533446959869, 'input_scaling': 0.9095759553753703, 'bias_dist': 'foldnorm', 'bias_scaling': 0.04123764193322552, 'lr': 0.9047782400199377, 'weight_increment': 0.002278223530217896, 'min_window': 11, 'max_window': 59, 'use_full_instance': False, 'max_partners': 20, 'homeostasis': 'mean', 'target': 0.52, 'spread': 0.385, 'learning_rate': 0.01}",ppo,100,64,0.01,,,,,,
RepeatPrevious,filterbank+hag,1,208,4.875,0.8450000000000002,0.08621675204622359,0.7402878246078631,0.8122134488028527,1187,"{'decomposition': 'legendre', 'n_filters': 12, 'slowest': 0.05503533446959869, 'input_scaling': 0.9095759553753703, 'bias_dist': 'foldnorm', 'bias_scaling': 0.04123764193322552, 'lr': 0.9047782400199377, 'weight_increment': 0.002278223530217896, 'min_window': 11, 'max_window': 59, 'use_full_instance': False, 'max_partners': 20, 'homeostasis': 'mean', 'target': 0.52, 'spread': 0.385, 'learning_rate': 0.01}",ppo,100,64,0.01,,,,,,
RepeatPrevious,filterbank+hag,6,208,4.288461538461538,0.42250002000000003,0.07454022247578551,0.3818475399266653,0.41590251706571574,1164,"{'decomposition': 'legendre', 'n_filters': 12, 'slowest': 0.05503533446959869, 'input_scaling': 0.9095759553753703, 'bias_dist': 'foldnorm', 'bias_scaling': 0.04123764193322552, 'lr': 0.9047782400199377, 'weight_increment': 0.002278223530217896, 'min_window': 11, 'max_window': 59, 'use_full_instance': False, 'max_partners': 20, 'homeostasis': 'mean', 'target': 0.52, 'spread': 0.385, 'learning_rate': 0.01}",ppo,100,64,0.01,,,,,,
RepeatPrevious,filterbank+hag,5,208,5.360576923076923,0.4416667,0.05590168453105863,0.6013911508963129,0.4080488889454916,1172,"{'decomposition': 'legendre', 'n_filters': 12, 'slowest': 0.05503533446959869, 'input_scaling': 0.9095759553753703, 'bias_dist': 'foldnorm', 'bias_scaling': 0.04123764193322552, 'lr': 0.9047782400199377, 'weight_increment': 0.002278223530217896, 'min_window': 11, 'max_window': 59, 'use_full_instance': False, 'max_partners': 20, 'homeostasis': 'mean', 'target': 0.52, 'spread': 0.385, 'learning_rate': 0.01}",ppo,100,64,0.01,,,,,,
RepeatPrevious,filterbank+hag,7,208,5.024038461538462,0.6658333399999999,0.10357837617564972,0.7307942079853331,0.8131473892002038,1171,"{'decomposition': 'legendre', 'n_filters': 12, 'slowest': 0.05503533446959869, 'input_scaling': 0.9095759553753703, 'bias_dist': 'foldnorm', 'bias_scaling': 0.04123764193322552, 'lr': 0.9047782400199377, 'weight_increment': 0.002278223530217896, 'min_window': 11, 'max_window': 59, 'use_full_instance': False, 'max_partners': 20, 'homeostasis': 'mean', 'target': 0.52, 'spread': 0.385, 'learning_rate': 0.01}",ppo,100,64,0.01,,,,,,
RepeatPrevious,filterbank+hag,8,208,5.110576923076923,0.42083329999999997,0.07180703888484749,0.6533132162864127,0.45565886041772796,1172,"{'decomposition': 'legendre', 'n_filters': 12, 'slowest': 0.05503533446959869, 'input_scaling': 0.9095759553753703, 'bias_dist': 'foldnorm', 'bias_scaling': 0.04123764193322552, 'lr': 0.9047782400199377, 'weight_increment': 0.002278223530217896, 'min_window': 11, 'max_window': 59, 'use_full_instance': False, 'max_partners': 20, 'homeostasis': 'mean', 'target': 0.52, 'spread': 0.385, 'learning_rate': 0.01}",ppo,100,64,0.01,,,,,,
RepeatPrevious,filterbank+hag,3,208,4.581730769230769,0.42166665999999997,0.06381398366490217,0.6082153516500305,0.4064994024452369,1204,"{'decomposition': 'legendre', 'n_filters': 12, 'slowest': 0.05503533446959869, 'input_scaling': 0.9095759553753703, 'bias_dist': 'foldnorm', 'bias_scaling': 0.04123764193322552, 'lr': 0.9047782400199377, 'weight_increment': 0.002278223530217896, 'min_window': 11, 'max_window': 59, 'use_full_instance': False, 'max_partners': 20, 'homeostasis': 'mean', 'target': 0.52, 'spread': 0.385, 'learning_rate': 0.01}",ppo,100,64,0.01,,,,,,
RepeatPrevious,filterbank+proj,0,208,0.0,0.93249998,0.051968142699346104,0.7687304749439805,0.8744481156393276,1188,"{'decomposition': 'legendre', 'n_filters': 12, 'slowest': 0.05503533446959869, 'input_scaling': 0.9095759553753703, 'bias_dist': 'foldnorm', 'bias_scaling': 0.04123764193322552, 'lr': 0.9047782400199377, 'weight_increment': 0.002278223530217896, 'min_window': 11, 'max_window': 59, 'use_full_instance': False, 'max_partners': 20, 'homeostasis': 'mean', 'target': 0.52, 'spread': 0.385, 'learning_rate': 0.0003}",ppo,100,64,0.0003,,,,,,
RepeatPrevious,filterbank+hag,9,208,4.548076923076923,0.39749996000000004,0.06882442331409977,0.3758275601955592,0.41029886500254714,1226,"{'decomposition': 'legendre', 'n_filters': 12, 'slowest': 0.05503533446959869, 'input_scaling': 0.9095759553753703, 'bias_dist': 'foldnorm', 'bias_scaling': 0.04123764193322552, 'lr': 0.9047782400199377, 'weight_increment': 0.002278223530217896, 'min_window': 11, 'max_window': 59, 'use_full_instance': False, 'max_partners': 20, 'homeostasis': 'mean', 'target': 0.52, 'spread': 0.385, 'learning_rate': 0.01}",ppo,100,64,0.01,,,,,,
RepeatPrevious,filterbank+proj,1,208,0.0,0.9058333199999999,0.05640258800283547,0.7549674905276024,0.8803277310239429,1183,"{'decomposition': 'legendre', 'n_filters': 12, 'slowest': 0.05503533446959869, 'input_scaling': 0.9095759553753703, 'bias_dist': 'foldnorm', 'bias_scaling': 0.04123764193322552, 'lr': 0.9047782400199377, 'weight_increment': 0.002278223530217896, 'min_window': 11, 'max_window': 59, 'use_full_instance': False, 'max_partners': 20, 'homeostasis': 'mean', 'target': 0.52, 'spread': 0.385, 'learning_rate': 0.0003}",ppo,100,64,0.0003,,,,,,
RepeatPrevious,filterbank+proj,3,208,0.0,0.9308333000000001,0.04457352664811255,0.7578427381849663,0.8654907376464595,1158,"{'decomposition': 'legendre', 'n_filters': 12, 'slowest': 0.05503533446959869, 'input_scaling': 0.9095759553753703, 'bias_dist': 'foldnorm', 'bias_scaling': 0.04123764193322552, 'lr': 0.9047782400199377, 'weight_increment': 0.002278223530217896, 'min_window': 11, 'max_window': 59, 'use_full_instance': False, 'max_partners': 20, 'homeostasis': 'mean', 'target': 0.52, 'spread': 0.385, 'learning_rate': 0.0003}",ppo,100,64,0.0003,,,,,,
RepeatPrevious,filterbank+proj,4,208,0.0,0.8733333400000001,0.06612276898213201,0.7613354683234874,0.8467694039735099,1144,"{'decomposition': 'legendre', 'n_filters': 12, 'slowest': 0.05503533446959869, 'input_scaling': 0.9095759553753703, 'bias_dist': 'foldnorm', 'bias_scaling': 0.04123764193322552, 'lr': 0.9047782400199377, 'weight_increment': 0.002278223530217896, 'min_window': 11, 'max_window': 59, 'use_full_instance': False, 'max_partners': 20, 'homeostasis': 'mean', 'target': 0.52, 'spread': 0.385, 'learning_rate': 0.0003}",ppo,100,64,0.0003,,,,,,
RepeatPrevious,filterbank+proj,2,208,0.0,0.88833326,0.06260547331465836,0.7482706097474028,0.8606299882832399,1207,"{'decomposition': 'legendre', 'n_filters': 12, 'slowest': 0.05503533446959869, 'input_scaling': 0.9095759553753703, 'bias_dist': 'foldnorm', 'bias_scaling': 0.04123764193322552, 'lr': 0.9047782400199377, 'weight_increment': 0.002278223530217896, 'min_window': 11, 'max_window': 59, 'use_full_instance': False, 'max_partners': 20, 'homeostasis': 'mean', 'target': 0.52, 'spread': 0.385, 'learning_rate': 0.0003}",ppo,100,64,0.0003,,,,,,
RepeatPrevious,filterbank+proj,5,208,0.0,0.9058332800000002,0.047733309591118864,0.759058616266042,0.8708821523178808,1156,"{'decomposition': 'legendre', 'n_filters': 12, 'slowest': 0.05503533446959869, 'input_scaling': 0.9095759553753703, 'bias_dist': 'foldnorm', 'bias_scaling': 0.04123764193322552, 'lr': 0.9047782400199377, 'weight_increment': 0.002278223530217896, 'min_window': 11, 'max_window': 59, 'use_full_instance': False, 'max_partners': 20, 'homeostasis': 'mean', 'target': 0.52, 'spread': 0.385, 'learning_rate': 0.0003}",ppo,100,64,0.0003,,,,,,
RepeatPrevious,filterbank+proj,6,208,0.0,0.9491665400000001,0.04735356856255292,0.7789328274088408,0.8920444865002546,1164,"{'decomposition': 'legendre', 'n_filters': 12, 'slowest': 0.05503533446959869, 'input_scaling': 0.9095759553753703, 'bias_dist': 'foldnorm', 'bias_scaling': 0.04123764193322552, 'lr': 0.9047782400199377, 'weight_increment': 0.002278223530217896, 'min_window': 11, 'max_window': 59, 'use_full_instance': False, 'max_partners': 20, 'homeostasis': 'mean', 'target': 0.52, 'spread': 0.385, 'learning_rate': 0.0003}",ppo,100,64,0.0003,,,,,,
RepeatPrevious,filterbank+proj,7,208,0.0,0.93083332,0.04457353898735886,0.7638436207985333,0.8843819037187979,1165,"{'decomposition': 'legendre', 'n_filters': 12, 'slowest': 0.05503533446959869, 'input_scaling': 0.9095759553753703, 'bias_dist': 'foldnorm', 'bias_scaling': 0.04123764193322552, 'lr': 0.9047782400199377, 'weight_increment': 0.002278223530217896, 'min_window': 11, 'max_window': 59, 'use_full_instance': False, 'max_partners': 20, 'homeostasis': 'mean', 'target': 0.52, 'spread': 0.385, 'learning_rate': 0.0003}",ppo,100,64,0.0003,,,,,,
RepeatPrevious,filterbank+proj,9,208,0.0,0.9366666399999999,0.04349321096528055,0.7612102788246079,0.8843182246561385,1147,"{'decomposition': 'legendre', 'n_filters': 12, 'slowest': 0.05503533446959869, 'input_scaling': 0.9095759553753703, 'bias_dist': 'foldnorm', 'bias_scaling': 0.04123764193322552, 'lr': 0.9047782400199377, 'weight_increment': 0.002278223530217896, 'min_window': 11, 'max_window': 59, 'use_full_instance': False, 'max_partners': 20, 'homeostasis': 'mean', 'target': 0.52, 'spread': 0.385, 'learning_rate': 0.0003}",ppo,100,64,0.0003,,,,,,
RepeatPrevious,filterbank+proj,8,208,0.0,0.9224999999999999,0.047147746500548676,0.7527818823080057,0.8650025445746308,1183,"{'decomposition': 'legendre', 'n_filters': 12, 'slowest': 0.05503533446959869, 'input_scaling': 0.9095759553753703, 'bias_dist': 'foldnorm', 'bias_scaling': 0.04123764193322552, 'lr': 0.9047782400199377, 'weight_increment': 0.002278223530217896, 'min_window': 11, 'max_window': 59, 'use_full_instance': False, 'max_partners': 20, 'homeostasis': 'mean', 'target': 0.52, 'spread': 0.385, 'learning_rate': 0.0003}",ppo,100,64,0.0003,,,,,,
RepeatPrevious,filterbank+proj,0,208,0.0,0.9533332600000002,0.0413655229503073,0.79877520803626,0.8778230585838003,1164,"{'decomposition': 'legendre', 'n_filters': 12, 'slowest': 0.05503533446959869, 'input_scaling': 0.9095759553753703, 'bias_dist': 'foldnorm', 'bias_scaling': 0.04123764193322552, 'lr': 0.9047782400199377, 'weight_increment': 0.002278223530217896, 'min_window': 11, 'max_window': 59, 'use_full_instance': False, 'max_partners': 20, 'homeostasis': 'mean', 'target': 0.52, 'spread': 0.385, 'learning_rate': 0.001}",ppo,100,64,0.001,,,,,,
RepeatPrevious,filterbank+proj,2,208,0.0,0.9058333399999999,0.057014833645503166,0.7861644427581992,0.8347979322465614,1172,"{'decomposition': 'legendre', 'n_filters': 12, 'slowest': 0.05503533446959869, 'input_scaling': 0.9095759553753703, 'bias_dist': 'foldnorm', 'bias_scaling': 0.04123764193322552, 'lr': 0.9047782400199377, 'weight_increment': 0.002278223530217896, 'min_window': 11, 'max_window': 59, 'use_full_instance': False, 'max_partners': 20, 'homeostasis': 'mean', 'target': 0.52, 'spread': 0.385, 'learning_rate': 0.001}",ppo,100,64,0.001,,,,,,
RepeatPrevious,filterbank+proj,3,208,0.0,0.8708333000000001,0.06627488002471223,0.7885473906090854,0.866785523178808,1159,"{'decomposition': 'legendre', 'n_filters': 12, 'slowest': 0.05503533446959869, 'input_scaling': 0.9095759553753703, 'bias_dist': 'foldnorm', 'bias_scaling': 0.04123764193322552, 'lr': 0.9047782400199377, 'weight_increment': 0.002278223530217896, 'min_window': 11, 'max_window': 59, 'use_full_instance': False, 'max_partners': 20, 'homeostasis': 'mean', 'target': 0.52, 'spread': 0.385, 'learning_rate': 0.001}",ppo,100,64,0.001,,,,,,
RepeatPrevious,filterbank+proj,4,208,0.0,0.88083332,0.06614905004833857,0.7885622473518029,0.8581040804890474,1161,"{'decomposition': 'legendre', 'n_filters': 12, 'slowest': 0.05503533446959869, 'input_scaling': 0.9095759553753703, 'bias_dist': 'foldnorm', 'bias_scaling': 0.04123764193322552, 'lr': 0.9047782400199377, 'weight_increment': 0.002278223530217896, 'min_window': 11, 'max_window': 59, 'use_full_instance': False, 'max_partners': 20, 'homeostasis': 'mean', 'target': 0.52, 'spread': 0.385, 'learning_rate': 0.001}",ppo,100,64,0.001,,,,,,
RepeatPrevious,filterbank+proj,5,208,0.0,0.9258333200000002,0.05354767055902245,0.7874991495212874,0.8635591772796739,1157,"{'decomposition': 'legendre', 'n_filters': 12, 'slowest': 0.05503533446959869, 'input_scaling': 0.9095759553753703, 'bias_dist': 'foldnorm', 'bias_scaling': 0.04123764193322552, 'lr': 0.9047782400199377, 'weight_increment': 0.002278223530217896, 'min_window': 11, 'max_window': 59, 'use_full_instance': False, 'max_partners': 20, 'homeostasis': 'mean', 'target': 0.52, 'spread': 0.385, 'learning_rate': 0.001}",ppo,100,64,0.001,,,,,,
RepeatPrevious,filterbank+proj,1,208,0.0,0.7983332999999999,0.08264714420069214,0.7923690313709513,0.8721557147223638,1293,"{'decomposition': 'legendre', 'n_filters': 12, 'slowest': 0.05503533446959869, 'input_scaling': 0.9095759553753703, 'bias_dist': 'foldnorm', 'bias_scaling': 0.04123764193322552, 'lr': 0.9047782400199377, 'weight_increment': 0.002278223530217896, 'min_window': 11, 'max_window': 59, 'use_full_instance': False, 'max_partners': 20, 'homeostasis': 'mean', 'target': 0.52, 'spread': 0.385, 'learning_rate': 0.001}",ppo,100,64,0.001,,,,,,
RepeatPrevious,filterbank+proj,6,208,0.0,0.9524999599999999,0.043309180192638144,0.8068789443369321,0.8991976449312277,1156,"{'decomposition': 'legendre', 'n_filters': 12, 'slowest': 0.05503533446959869, 'input_scaling': 0.9095759553753703, 'bias_dist': 'foldnorm', 'bias_scaling': 0.04123764193322552, 'lr': 0.9047782400199377, 'weight_increment': 0.002278223530217896, 'min_window': 11, 'max_window': 59, 'use_full_instance': False, 'max_partners': 20, 'homeostasis': 'mean', 'target': 0.52, 'spread': 0.385, 'learning_rate': 0.001}",ppo,100,64,0.001,,,,,,
RepeatPrevious,filterbank+proj,7,208,0.0,0.94583334,0.04805228807189518,0.8041819431656142,0.8908133667855324,1174,"{'decomposition': 'legendre', 'n_filters': 12, 'slowest': 0.05503533446959869, 'input_scaling': 0.9095759553753703, 'bias_dist': 'foldnorm', 'bias_scaling': 0.04123764193322552, 'lr': 0.9047782400199377, 'weight_increment': 0.002278223530217896, 'min_window': 11, 'max_window': 59, 'use_full_instance': False, 'max_partners': 20, 'homeostasis': 'mean', 'target': 0.52, 'spread': 0.385, 'learning_rate': 0.001}",ppo,100,64,0.001,,,,,,
RepeatPrevious,filterbank+proj,8,208,0.0,0.8866666599999999,0.054031843903612986,0.7927594692910979,0.8774197641365257,1173,"{'decomposition': 'legendre', 'n_filters': 12, 'slowest': 0.05503533446959869, 'input_scaling': 0.9095759553753703, 'bias_dist': 'foldnorm', 'bias_scaling': 0.04123764193322552, 'lr': 0.9047782400199377, 'weight_increment': 0.002278223530217896, 'min_window': 11, 'max_window': 59, 'use_full_instance': False, 'max_partners': 20, 'homeostasis': 'mean', 'target': 0.52, 'spread': 0.385, 'learning_rate': 0.001}",ppo,100,64,0.001,,,,,,
RepeatPrevious,filterbank+proj,9,208,0.0,0.93083334,0.05503144384062988,0.7865591264514158,0.8516726143657667,1169,"{'decomposition': 'legendre', 'n_filters': 12, 'slowest': 0.05503533446959869, 'input_scaling': 0.9095759553753703, 'bias_dist': 'foldnorm', 'bias_scaling': 0.04123764193322552, 'lr': 0.9047782400199377, 'weight_increment': 0.002278223530217896, 'min_window': 11, 'max_window': 59, 'use_full_instance': False, 'max_partners': 20, 'homeostasis': 'mean', 'target': 0.52, 'spread': 0.385, 'learning_rate': 0.001}",ppo,100,64,0.001,,,,,,
RepeatPrevious,filterbank+proj,0,208,0.0,0.85166668,0.07868717642295725,0.7586766630678345,0.8291305746306673,1151,"{'decomposition': 'legendre', 'n_filters': 12, 'slowest': 0.05503533446959869, 'input_scaling': 0.9095759553753703, 'bias_dist': 'foldnorm', 'bias_scaling': 0.04123764193322552, 'lr': 0.9047782400199377, 'weight_increment': 0.002278223530217896, 'min_window': 11, 'max_window': 59, 'use_full_instance': False, 'max_partners': 20, 'homeostasis': 'mean', 'target': 0.52, 'spread': 0.385, 'learning_rate': 0.003}",ppo,100,64,0.003,,,,,,
RepeatPrevious,filterbank+proj,1,208,0.0,0.83,0.09198425891944774,0.7567775179771847,0.8425029709628121,1150,"{'decomposition': 'legendre', 'n_filters': 12, 'slowest': 0.05503533446959869, 'input_scaling': 0.9095759553753703, 'bias_dist': 'foldnorm', 'bias_scaling': 0.04123764193322552, 'lr': 0.9047782400199377, 'weight_increment': 0.002278223530217896, 'min_window': 11, 'max_window': 59, 'use_full_instance': False, 'max_partners': 20, 'homeostasis': 'mean', 'target': 0.52, 'spread': 0.385, 'learning_rate': 0.003}",ppo,100,64,0.003,,,,,,
RepeatPrevious,filterbank+proj,5,208,0.0,0.8866666800000002,0.055926481702477944,0.762069668364229,0.8035532317880796,1149,"{'decomposition': 'legendre', 'n_filters': 12, 'slowest': 0.05503533446959869, 'input_scaling': 0.9095759553753703, 'bias_dist': 'foldnorm', 'bias_scaling': 0.04123764193322552, 'lr': 0.9047782400199377, 'weight_increment': 0.002278223530217896, 'min_window': 11, 'max_window': 59, 'use_full_instance': False, 'max_partners': 20, 'homeostasis': 'mean', 'target': 0.52, 'spread': 0.385, 'learning_rate': 0.003}",ppo,100,64,0.003,,,,,,
RepeatPrevious,filterbank+proj,4,208,0.0,0.80166664,0.08521213385211288,0.7469910701772255,0.8270928813041263,1159,"{'decomposition': 'legendre', 'n_filters': 12, 'slowest': 0.05503533446959869, 'input_scaling': 0.9095759553753703, 'bias_dist': 'foldnorm', 'bias_scaling': 0.04123764193322552, 'lr': 0.9047782400199377, 'weight_increment': 0.002278223530217896, 'min_window': 11, 'max_window': 59, 'use_full_instance': False, 'max_partners': 20, 'homeostasis': 'mean', 'target': 0.52, 'spread': 0.385, 'learning_rate': 0.003}",ppo,100,64,0.003,,,,,,
RepeatPrevious,filterbank+proj,2,208,0.0,0.84916666,0.06815526546925336,0.7528773716133632,0.8273475975547631,1182,"{'decomposition': 'legendre', 'n_filters': 12, 'slowest': 0.05503533446959869, 'input_scaling': 0.9095759553753703, 'bias_dist': 'foldnorm', 'bias_scaling': 0.04123764193322552, 'lr': 0.9047782400199377, 'weight_increment': 0.002278223530217896, 'min_window': 11, 'max_window': 59, 'use_full_instance': False, 'max_partners': 20, 'homeostasis': 'mean', 'target': 0.52, 'spread': 0.385, 'learning_rate': 0.003}",ppo,100,64,0.003,,,,,,
RepeatPrevious,filterbank+proj,3,208,0.0,0.8358332999999999,0.07139976774058862,0.7486652860562233,0.8129563453897096,1180,"{'decomposition': 'legendre', 'n_filters': 12, 'slowest': 0.05503533446959869, 'input_scaling': 0.9095759553753703, 'bias_dist': 'foldnorm', 'bias_scaling': 0.04123764193322552, 'lr': 0.9047782400199377, 'weight_increment': 0.002278223530217896, 'min_window': 11, 'max_window': 59, 'use_full_instance': False, 'max_partners': 20, 'homeostasis': 'mean', 'target': 0.52, 'spread': 0.385, 'learning_rate': 0.003}",ppo,100,64,0.003,,,,,,
RepeatPrevious,filterbank+proj,6,208,0.0,0.8941666400000001,0.05725788077802391,0.7741690437971074,0.8461963015792155,1152,"{'decomposition': 'legendre', 'n_filters': 12, 'slowest': 0.05503533446959869, 'input_scaling': 0.9095759553753703, 'bias_dist': 'foldnorm', 'bias_scaling': 0.04123764193322552, 'lr': 0.9047782400199377, 'weight_increment': 0.002278223530217896, 'min_window': 11, 'max_window': 59, 'use_full_instance': False, 'max_partners': 20, 'homeostasis': 'mean', 'target': 0.52, 'spread': 0.385, 'learning_rate': 0.003}",ppo,100,64,0.003,,,,,,
RepeatPrevious,filterbank+proj,0,208,0.0,0.6466666999999999,0.08984551061600128,0.7360906001222245,0.7919426092715232,1141,"{'decomposition': 'legendre', 'n_filters': 12, 'slowest': 0.05503533446959869, 'input_scaling': 0.9095759553753703, 'bias_dist': 'foldnorm', 'bias_scaling': 0.04123764193322552, 'lr': 0.9047782400199377, 'weight_increment': 0.002278223530217896, 'min_window': 11, 'max_window': 59, 'use_full_instance': False, 'max_partners': 20, 'homeostasis': 'mean', 'target': 0.52, 'spread': 0.385, 'learning_rate': 0.01}",ppo,100,64,0.01,,,,,,
RepeatPrevious,filterbank+esn,1,192,3.8541666666666665,0.9991666599999999,0.005833380000000002,0.7249970167040131,0.9488028089658685,995,"{'decomposition': 'ema', 'n_filters': 12, 'slowest': 0.0068481211016550025, 'input_scaling': 0.929634188755156, 'bias_dist': 'foldnorm', 'bias_scaling': 0.0004530104948033912, 'lr': 0.9407030287660403, 'sr': 0.9778712320759426, 'rc_connectivity': 0.020075371100608825, 'learning_rate': 0.0003}",ppo,100,linear,0.0003,,,,,,
RepeatPrevious,filterbank+proj,8,208,0.0,0.89583336,0.06574885296908532,0.7515596319005907,0.805866865002547,1151,"{'decomposition': 'legendre', 'n_filters': 12, 'slowest': 0.05503533446959869, 'input_scaling': 0.9095759553753703, 'bias_dist': 'foldnorm', 'bias_scaling': 0.04123764193322552, 'lr': 0.9047782400199377, 'weight_increment': 0.002278223530217896, 'min_window': 11, 'max_window': 59, 'use_full_instance': False, 'max_partners': 20, 'homeostasis': 'mean', 'target': 0.52, 'spread': 0.385, 'learning_rate': 0.003}",ppo,100,64,0.003,,,,,,
RepeatPrevious,filterbank+esn,2,192,3.8541666666666665,1.0,0.0,0.8601356700448155,0.9866063163525216,986,"{'decomposition': 'ema', 'n_filters': 12, 'slowest': 0.0068481211016550025, 'input_scaling': 0.929634188755156, 'bias_dist': 'foldnorm', 'bias_scaling': 0.0004530104948033912, 'lr': 0.9407030287660403, 'sr': 0.9778712320759426, 'rc_connectivity': 0.020075371100608825, 'learning_rate': 0.0003}",ppo,100,linear,0.0003,,,,,,
RepeatPrevious,filterbank+proj,1,208,0.0,0.81250002,0.0932626443621432,0.7587169827867183,0.8198972542027508,1158,"{'decomposition': 'legendre', 'n_filters': 12, 'slowest': 0.05503533446959869, 'input_scaling': 0.9095759553753703, 'bias_dist': 'foldnorm', 'bias_scaling': 0.04123764193322552, 'lr': 0.9047782400199377, 'weight_increment': 0.002278223530217896, 'min_window': 11, 'max_window': 59, 'use_full_instance': False, 'max_partners': 20, 'homeostasis': 'mean', 'target': 0.52, 'spread': 0.385, 'learning_rate': 0.01}",ppo,100,64,0.01,,,,,,
RepeatPrevious,filterbank+proj,2,208,0.0,0.8208333400000001,0.08426558642544654,0.7101836754430637,0.7847894406520631,1156,"{'decomposition': 'legendre', 'n_filters': 12, 'slowest': 0.05503533446959869, 'input_scaling': 0.9095759553753703, 'bias_dist': 'foldnorm', 'bias_scaling': 0.04123764193322552, 'lr': 0.9047782400199377, 'weight_increment': 0.002278223530217896, 'min_window': 11, 'max_window': 59, 'use_full_instance': False, 'max_partners': 20, 'homeostasis': 'mean', 'target': 0.52, 'spread': 0.385, 'learning_rate': 0.01}",ppo,100,64,0.01,,,,,,
RepeatPrevious,filterbank+proj,3,208,0.0,0.8200000000000002,0.08098354771235945,0.7240697345182319,0.7902020662251655,1154,"{'decomposition': 'legendre', 'n_filters': 12, 'slowest': 0.05503533446959869, 'input_scaling': 0.9095759553753703, 'bias_dist': 'foldnorm', 'bias_scaling': 0.04123764193322552, 'lr': 0.9047782400199377, 'weight_increment': 0.002278223530217896, 'min_window': 11, 'max_window': 59, 'use_full_instance': False, 'max_partners': 20, 'homeostasis': 'mean', 'target': 0.52, 'spread': 0.385, 'learning_rate': 0.01}",ppo,100,64,0.01,,,,,,
RepeatPrevious,filterbank+proj,9,208,0.0,0.9125,0.04947640852042517,0.7556380306070483,0.8151426342333163,1174,"{'decomposition': 'legendre', 'n_filters': 12, 'slowest': 0.05503533446959869, 'input_scaling': 0.9095759553753703, 'bias_dist': 'foldnorm', 'bias_scaling': 0.04123764193322552, 'lr': 0.9047782400199377, 'weight_increment': 0.002278223530217896, 'min_window': 11, 'max_window': 59, 'use_full_instance': False, 'max_partners': 20, 'homeostasis': 'mean', 'target': 0.52, 'spread': 0.385, 'learning_rate': 0.003}",ppo,100,64,0.003,,,,,,
RepeatPrevious,filterbank+esn,0,192,3.8541666666666665,0.99583332,0.015023145106721163,0.8220105554084335,0.9665689597554763,1032,"{'decomposition': 'ema', 'n_filters': 12, 'slowest': 0.0068481211016550025, 'input_scaling': 0.929634188755156, 'bias_dist': 'foldnorm', 'bias_scaling': 0.0004530104948033912, 'lr': 0.9407030287660403, 'sr': 0.9778712320759426, 'rc_connectivity': 0.020075371100608825, 'learning_rate': 0.0003}",ppo,100,linear,0.0003,,,,,,
RepeatPrevious,filterbank+proj,7,208,0.0,0.8041666599999999,0.08749994380994995,0.7602469122020779,0.8180506041772797,1191,"{'decomposition': 'legendre', 'n_filters': 12, 'slowest': 0.05503533446959869, 'input_scaling': 0.9095759553753703, 'bias_dist': 'foldnorm', 'bias_scaling': 0.04123764193322552, 'lr': 0.9047782400199377, 'weight_increment': 0.002278223530217896, 'min_window': 11, 'max_window': 59, 'use_full_instance': False, 'max_partners': 20, 'homeostasis': 'mean', 'target': 0.52, 'spread': 0.385, 'learning_rate': 0.003}",ppo,100,64,0.003,,,,,,
RepeatPrevious,filterbank+esn,3,192,3.8541666666666665,1.0,0.0,0.8381861949989814,0.9802385038206824,1006,"{'decomposition': 'ema', 'n_filters': 12, 'slowest': 0.0068481211016550025, 'input_scaling': 0.929634188755156, 'bias_dist': 'foldnorm', 'bias_scaling': 0.0004530104948033912, 'lr': 0.9407030287660403, 'sr': 0.9778712320759426, 'rc_connectivity': 0.020075371100608825, 'learning_rate': 0.0003}",ppo,100,linear,0.0003,,,,,,
RepeatPrevious,filterbank+esn,4,192,3.8541666666666665,1.0,0.0,0.7650997873803219,0.9659958451349975,986,"{'decomposition': 'ema', 'n_filters': 12, 'slowest': 0.0068481211016550025, 'input_scaling': 0.929634188755156, 'bias_dist': 'foldnorm', 'bias_scaling': 0.0004530104948033912, 'lr': 0.9407030287660403, 'sr': 0.9778712320759426, 'rc_connectivity': 0.020075371100608825, 'learning_rate': 0.0003}",ppo,100,linear,0.0003,,,,,,
RepeatPrevious,filterbank+proj,4,208,0.0,0.6741667199999999,0.10823392505772671,0.6990391759014055,0.7061682786551198,1195,"{'decomposition': 'legendre', 'n_filters': 12, 'slowest': 0.05503533446959869, 'input_scaling': 0.9095759553753703, 'bias_dist': 'foldnorm', 'bias_scaling': 0.04123764193322552, 'lr': 0.9047782400199377, 'weight_increment': 0.002278223530217896, 'min_window': 11, 'max_window': 59, 'use_full_instance': False, 'max_partners': 20, 'homeostasis': 'mean', 'target': 0.52, 'spread': 0.385, 'learning_rate': 0.01}",ppo,100,64,0.01,,,,,,
RepeatPrevious,filterbank+proj,5,208,0.0,0.65749994,0.105175139701245,0.7251816379099613,0.7719052460519613,1173,"{'decomposition': 'legendre', 'n_filters': 12, 'slowest': 0.05503533446959869, 'input_scaling': 0.9095759553753703, 'bias_dist': 'foldnorm', 'bias_scaling': 0.04123764193322552, 'lr': 0.9047782400199377, 'weight_increment': 0.002278223530217896, 'min_window': 11, 'max_window': 59, 'use_full_instance': False, 'max_partners': 20, 'homeostasis': 'mean', 'target': 0.52, 'spread': 0.385, 'learning_rate': 0.01}",ppo,100,64,0.01,,,,,,
RepeatPrevious,filterbank+esn,6,192,3.8541666666666665,1.0,0.0,0.8278247034528416,0.9824035649516046,1011,"{'decomposition': 'ema', 'n_filters': 12, 'slowest': 0.0068481211016550025, 'input_scaling': 0.929634188755156, 'bias_dist': 'foldnorm', 'bias_scaling': 0.0004530104948033912, 'lr': 0.9407030287660403, 'sr': 0.9778712320759426, 'rc_connectivity': 0.020075371100608825, 'learning_rate': 0.0003}",ppo,100,linear,0.0003,,,,,,
RepeatPrevious,filterbank+proj,8,208,0.0,0.7208333400000001,0.10043308358237538,0.7323177664493786,0.8070555308201732,1150,"{'decomposition': 'legendre', 'n_filters': 12, 'slowest': 0.05503533446959869, 'input_scaling': 0.9095759553753703, 'bias_dist': 'foldnorm', 'bias_scaling': 0.04123764193322552, 'lr': 0.9047782400199377, 'weight_increment': 0.002278223530217896, 'min_window': 11, 'max_window': 59, 'use_full_instance': False, 'max_partners': 20, 'homeostasis': 'mean', 'target': 0.52, 'spread': 0.385, 'learning_rate': 0.01}",ppo,100,64,0.01,,,,,,
RepeatPrevious,filterbank+proj,9,208,0.0,0.7608333400000002,0.08449611016741776,0.7266309357812182,0.7840889770759043,1144,"{'decomposition': 'legendre', 'n_filters': 12, 'slowest': 0.05503533446959869, 'input_scaling': 0.9095759553753703, 'bias_dist': 'foldnorm', 'bias_scaling': 0.04123764193322552, 'lr': 0.9047782400199377, 'weight_increment': 0.002278223530217896, 'min_window': 11, 'max_window': 59, 'use_full_instance': False, 'max_partners': 20, 'homeostasis': 'mean', 'target': 0.52, 'spread': 0.385, 'learning_rate': 0.01}",ppo,100,64,0.01,,,,,,
RepeatPrevious,filterbank+esn,7,192,3.8541666666666665,0.9991666599999999,0.005833380000000002,0.8003157070177225,0.9718542333163525,1007,"{'decomposition': 'ema', 'n_filters': 12, 'slowest': 0.0068481211016550025, 'input_scaling': 0.929634188755156, 'bias_dist': 'foldnorm', 'bias_scaling': 0.0004530104948033912, 'lr': 0.9407030287660403, 'sr': 0.9778712320759426, 'rc_connectivity': 0.020075371100608825, 'learning_rate': 0.0003}",ppo,100,linear,0.0003,,,,,,
RepeatPrevious,filterbank+proj,7,208,0.0,0.4325000599999999,0.06285451711926836,0.390010693216541,0.4160511115639327,1181,"{'decomposition': 'legendre', 'n_filters': 12, 'slowest': 0.05503533446959869, 'input_scaling': 0.9095759553753703, 'bias_dist': 'foldnorm', 'bias_scaling': 0.04123764193322552, 'lr': 0.9047782400199377, 'weight_increment': 0.002278223530217896, 'min_window': 11, 'max_window': 59, 'use_full_instance': False, 'max_partners': 20, 'homeostasis': 'mean', 'target': 0.52, 'spread': 0.385, 'learning_rate': 0.01}",ppo,100,64,0.01,,,,,,
RepeatPrevious,filterbank+proj,6,208,0.0,0.7908333200000002,0.08436447369774555,0.7419280914646568,0.7874851339786042,1221,"{'decomposition': 'legendre', 'n_filters': 12, 'slowest': 0.05503533446959869, 'input_scaling': 0.9095759553753703, 'bias_dist': 'foldnorm', 'bias_scaling': 0.04123764193322552, 'lr': 0.9047782400199377, 'weight_increment': 0.002278223530217896, 'min_window': 11, 'max_window': 59, 'use_full_instance': False, 'max_partners': 20, 'homeostasis': 'mean', 'target': 0.52, 'spread': 0.385, 'learning_rate': 0.01}",ppo,100,64,0.01,,,,,,
RepeatPrevious,filterbank+esn,8,192,3.8541666666666665,1.0,0.0,0.7928188582705235,0.9647859648497197,997,"{'decomposition': 'ema', 'n_filters': 12, 'slowest': 0.0068481211016550025, 'input_scaling': 0.929634188755156, 'bias_dist': 'foldnorm', 'bias_scaling': 0.0004530104948033912, 'lr': 0.9407030287660403, 'sr': 0.9778712320759426, 'rc_connectivity': 0.020075371100608825, 'learning_rate': 0.0003}",ppo,100,linear,0.0003,,,,,,
RepeatPrevious,filterbank+esn,5,192,3.8541666666666665,0.99833332,0.008165031129003736,0.8427271738643307,0.9828068583800306,1093,"{'decomposition': 'ema', 'n_filters': 12, 'slowest': 0.0068481211016550025, 'input_scaling': 0.929634188755156, 'bias_dist': 'foldnorm', 'bias_scaling': 0.0004530104948033912, 'lr': 0.9407030287660403, 'sr': 0.9778712320759426, 'rc_connectivity': 0.020075371100608825, 'learning_rate': 0.0003}",ppo,100,linear,0.0003,,,,,,
RepeatPrevious,filterbank+esn,9,192,3.8541666666666665,1.0,0.0,0.7818144064982686,0.9687764508405502,998,"{'decomposition': 'ema', 'n_filters': 12, 'slowest': 0.0068481211016550025, 'input_scaling': 0.929634188755156, 'bias_dist': 'foldnorm', 'bias_scaling': 0.0004530104948033912, 'lr': 0.9407030287660403, 'sr': 0.9778712320759426, 'rc_connectivity': 0.020075371100608825, 'learning_rate': 0.0003}",ppo,100,linear,0.0003,,,,,,
RepeatPrevious,filterbank+esn,0,192,3.8541666666666665,0.98499998,0.03511886102964617,0.8913708256773274,0.9533663973509934,997,"{'decomposition': 'ema', 'n_filters': 12, 'slowest': 0.0068481211016550025, 'input_scaling': 0.929634188755156, 'bias_dist': 'foldnorm', 'bias_scaling': 0.0004530104948033912, 'lr': 0.9407030287660403, 'sr': 0.9778712320759426, 'rc_connectivity': 0.020075371100608825, 'learning_rate': 0.001}",ppo,100,linear,0.001,,,,,,
RepeatPrevious,filterbank+esn,1,192,3.8541666666666665,0.99833332,0.008165031129003736,0.8772980253106538,0.9718330035659704,989,"{'decomposition': 'ema', 'n_filters': 12, 'slowest': 0.0068481211016550025, 'input_scaling': 0.929634188755156, 'bias_dist': 'foldnorm', 'bias_scaling': 0.0004530104948033912, 'lr': 0.9407030287660403, 'sr': 0.9778712320759426, 'rc_connectivity': 0.020075371100608825, 'learning_rate': 0.001}",ppo,100,linear,0.001,,,,,,
RepeatPrevious,filterbank+esn,2,192,3.8541666666666665,0.98583328,0.03074316798577531,0.9223258562843755,0.9727881828833418,996,"{'decomposition': 'ema', 'n_filters': 12, 'slowest': 0.0068481211016550025, 'input_scaling': 0.929634188755156, 'bias_dist': 'foldnorm', 'bias_scaling': 0.0004530104948033912, 'lr': 0.9407030287660403, 'sr': 0.9778712320759426, 'rc_connectivity': 0.020075371100608825, 'learning_rate': 0.001}",ppo,100,linear,0.001,,,,,,
RepeatPrevious,filterbank+esn,4,192,3.8541666666666665,0.9899999799999999,0.022912869746489636,0.876005764412304,0.952241408558329,991,"{'decomposition': 'ema', 'n_filters': 12, 'slowest': 0.0068481211016550025, 'input_scaling': 0.929634188755156, 'bias_dist': 'foldnorm', 'bias_scaling': 0.0004530104948033912, 'lr': 0.9407030287660403, 'sr': 0.9778712320759426, 'rc_connectivity': 0.020075371100608825, 'learning_rate': 0.001}",ppo,100,linear,0.001,,,,,,
RepeatPrevious,filterbank+esn,3,192,3.8541666666666665,0.99499998,0.01589901534371233,0.9168427319718884,0.9744438099847171,1008,"{'decomposition': 'ema', 'n_filters': 12, 'slowest': 0.0068481211016550025, 'input_scaling': 0.929634188755156, 'bias_dist': 'foldnorm', 'bias_scaling': 0.0004530104948033912, 'lr': 0.9407030287660403, 'sr': 0.9778712320759426, 'rc_connectivity': 0.020075371100608825, 'learning_rate': 0.001}",ppo,100,linear,0.001,,,,,,
RepeatPrevious,filterbank+esn,5,192,3.8541666666666665,0.9933332999999999,0.01740056193259287,0.9166857100733348,0.9726183728986245,997,"{'decomposition': 'ema', 'n_filters': 12, 'slowest': 0.0068481211016550025, 'input_scaling': 0.929634188755156, 'bias_dist': 'foldnorm', 'bias_scaling': 0.0004530104948033912, 'lr': 0.9407030287660403, 'sr': 0.9778712320759426, 'rc_connectivity': 0.020075371100608825, 'learning_rate': 0.001}",ppo,100,linear,0.001,,,,,,
RepeatPrevious,filterbank+esn,7,192,3.8541666666666665,0.9966666399999999,0.011303973736275223,0.8960200182318191,0.9653590703005603,987,"{'decomposition': 'ema', 'n_filters': 12, 'slowest': 0.0068481211016550025, 'input_scaling': 0.929634188755156, 'bias_dist': 'foldnorm', 'bias_scaling': 0.0004530104948033912, 'lr': 0.9407030287660403, 'sr': 0.9778712320759426, 'rc_connectivity': 0.020075371100608825, 'learning_rate': 0.001}",ppo,100,linear,0.001,,,,,,
RepeatPrevious,filterbank+esn,6,192,3.8541666666666665,0.9933332999999999,0.01740056193259287,0.9080578522102261,0.9692222180336219,991,"{'decomposition': 'ema', 'n_filters': 12, 'slowest': 0.0068481211016550025, 'input_scaling': 0.929634188755156, 'bias_dist': 'foldnorm', 'bias_scaling': 0.0004530104948033912, 'lr': 0.9407030287660403, 'sr': 0.9778712320759426, 'rc_connectivity': 0.020075371100608825, 'learning_rate': 0.001}",ppo,100,linear,0.001,,,,,,
RepeatPrevious,filterbank+esn,8,192,3.8541666666666665,0.99083332,0.02249998222260631,0.8909549186697902,0.9558710519612837,982,"{'decomposition': 'ema', 'n_filters': 12, 'slowest': 0.0068481211016550025, 'input_scaling': 0.929634188755156, 'bias_dist': 'foldnorm', 'bias_scaling': 0.0004530104948033912, 'lr': 0.9407030287660403, 'sr': 0.9778712320759426, 'rc_connectivity': 0.020075371100608825, 'learning_rate': 0.001}",ppo,100,linear,0.001,,,,,,
RepeatPrevious,filterbank+esn,9,192,3.8541666666666665,0.99583332,0.01909409158188994,0.894492206050112,0.9662293321446765,987,"{'decomposition': 'ema', 'n_filters': 12, 'slowest': 0.0068481211016550025, 'input_scaling': 0.929634188755156, 'bias_dist': 'foldnorm', 'bias_scaling': 0.0004530104948033912, 'lr': 0.9407030287660403, 'sr': 0.9778712320759426, 'rc_connectivity': 0.020075371100608825, 'learning_rate': 0.001}",ppo,100,linear,0.001,,,,,,
RepeatPrevious,filterbank+esn,3,192,3.8541666666666665,0.97666658,0.03551217099704832,0.9226377895701772,0.9593096617422311,991,"{'decomposition': 'ema', 'n_filters': 12, 'slowest': 0.0068481211016550025, 'input_scaling': 0.929634188755156, 'bias_dist': 'foldnorm', 'bias_scaling': 0.0004530104948033912, 'lr': 0.9407030287660403, 'sr': 0.9778712320759426, 'rc_connectivity': 0.020075371100608825, 'learning_rate': 0.003}",ppo,100,linear,0.003,,,,,,
RepeatPrevious,filterbank+esn,2,192,3.8541666666666665,0.9766665999999999,0.04096073594211901,0.9283097745976778,0.9623874452368822,999,"{'decomposition': 'ema', 'n_filters': 12, 'slowest': 0.0068481211016550025, 'input_scaling': 0.929634188755156, 'bias_dist': 'foldnorm', 'bias_scaling': 0.0004530104948033912, 'lr': 0.9407030287660403, 'sr': 0.9778712320759426, 'rc_connectivity': 0.020075371100608825, 'learning_rate': 0.003}",ppo,100,linear,0.003,,,,,,
RepeatPrevious,filterbank+esn,5,192,3.8541666666666665,0.97916658,0.026679710352318295,0.9252859896618455,0.9663779358125318,995,"{'decomposition': 'ema', 'n_filters': 12, 'slowest': 0.0068481211016550025, 'input_scaling': 0.929634188755156, 'bias_dist': 'foldnorm', 'bias_scaling': 0.0004530104948033912, 'lr': 0.9407030287660403, 'sr': 0.9778712320759426, 'rc_connectivity': 0.020075371100608825, 'learning_rate': 0.003}",ppo,100,linear,0.003,,,,,,
RepeatPrevious,filterbank+esn,0,192,3.8541666666666665,0.9666666399999998,0.05068970857669632,0.8956783998777755,0.9344964829342842,1008,"{'decomposition': 'ema', 'n_filters': 12, 'slowest': 0.0068481211016550025, 'input_scaling': 0.929634188755156, 'bias_dist': 'foldnorm', 'bias_scaling': 0.0004530104948033912, 'lr': 0.9407030287660403, 'sr': 0.9778712320759426, 'rc_connectivity': 0.020075371100608825, 'learning_rate': 0.003}",ppo,100,linear,0.003,,,,,,
RepeatPrevious,filterbank+esn,6,192,3.8541666666666665,0.9899999399999999,0.019649792761665456,0.9181732067121613,0.9575266887417218,999,"{'decomposition': 'ema', 'n_filters': 12, 'slowest': 0.0068481211016550025, 'input_scaling': 0.929634188755156, 'bias_dist': 'foldnorm', 'bias_scaling': 0.0004530104948033912, 'lr': 0.9407030287660403, 'sr': 0.9778712320759426, 'rc_connectivity': 0.020075371100608825, 'learning_rate': 0.003}",ppo,100,linear,0.003,,,,,,
RepeatPrevious,filterbank+esn,4,192,3.8541666666666665,0.9799999399999999,0.03840571919254215,0.8942991278773682,0.9430505573102393,1008,"{'decomposition': 'ema', 'n_filters': 12, 'slowest': 0.0068481211016550025, 'input_scaling': 0.929634188755156, 'bias_dist': 'foldnorm', 'bias_scaling': 0.0004530104948033912, 'lr': 0.9407030287660403, 'sr': 0.9778712320759426, 'rc_connectivity': 0.020075371100608825, 'learning_rate': 0.003}",ppo,100,linear,0.003,,,,,,
RepeatPrevious,filterbank+esn,7,192,3.8541666666666665,0.98916662,0.02174668787092876,0.9073363997249949,0.952687151299032,993,"{'decomposition': 'ema', 'n_filters': 12, 'slowest': 0.0068481211016550025, 'input_scaling': 0.929634188755156, 'bias_dist': 'foldnorm', 'bias_scaling': 0.0004530104948033912, 'lr': 0.9407030287660403, 'sr': 0.9778712320759426, 'rc_connectivity': 0.020075371100608825, 'learning_rate': 0.003}",ppo,100,linear,0.003,,,,,,
RepeatPrevious,filterbank+esn,1,192,3.8541666666666665,0.9624999399999998,0.04805230888247098,0.9063900033102467,0.9469349032093733,1020,"{'decomposition': 'ema', 'n_filters': 12, 'slowest': 0.0068481211016550025, 'input_scaling': 0.929634188755156, 'bias_dist': 'foldnorm', 'bias_scaling': 0.0004530104948033912, 'lr': 0.9407030287660403, 'sr': 0.9778712320759426, 'rc_connectivity': 0.020075371100608825, 'learning_rate': 0.003}",ppo,100,linear,0.003,,,,,,
RepeatPrevious,filterbank+esn,9,192,3.8541666666666665,0.9908333,0.020899918926397778,0.9090827628844977,0.95451259602649,987,"{'decomposition': 'ema', 'n_filters': 12, 'slowest': 0.0068481211016550025, 'input_scaling': 0.929634188755156, 'bias_dist': 'foldnorm', 'bias_scaling': 0.0004530104948033912, 'lr': 0.9407030287660403, 'sr': 0.9778712320759426, 'rc_connectivity': 0.020075371100608825, 'learning_rate': 0.003}",ppo,100,linear,0.003,,,,,,
RepeatPrevious,filterbank+esn,8,192,3.8541666666666665,0.97749998,0.03556094440112073,0.8966948143715624,0.9433689424350482,994,"{'decomposition': 'ema', 'n_filters': 12, 'slowest': 0.0068481211016550025, 'input_scaling': 0.929634188755156, 'bias_dist': 'foldnorm', 'bias_scaling': 0.0004530104948033912, 'lr': 0.9407030287660403, 'sr': 0.9778712320759426, 'rc_connectivity': 0.020075371100608825, 'learning_rate': 0.003}",ppo,100,linear,0.003,,,,,,
RepeatPrevious,filterbank+esn,0,192,3.8541666666666665,0.8541665999999999,0.08302029203128596,0.8777776061315951,0.884806376464595,997,"{'decomposition': 'ema', 'n_filters': 12, 'slowest': 0.0068481211016550025, 'input_scaling': 0.929634188755156, 'bias_dist': 'foldnorm', 'bias_scaling': 0.0004530104948033912, 'lr': 0.9407030287660403, 'sr': 0.9778712320759426, 'rc_connectivity': 0.020075371100608825, 'learning_rate': 0.01}",ppo,100,linear,0.01,,,,,,
RepeatPrevious,filterbank+esn,3,192,3.8541666666666665,0.9224999399999999,0.09860481242503533,0.8991456638826645,0.925432970962812,989,"{'decomposition': 'ema', 'n_filters': 12, 'slowest': 0.0068481211016550025, 'input_scaling': 0.929634188755156, 'bias_dist': 'foldnorm', 'bias_scaling': 0.0004530104948033912, 'lr': 0.9407030287660403, 'sr': 0.9778712320759426, 'rc_connectivity': 0.020075371100608825, 'learning_rate': 0.01}",ppo,100,linear,0.01,,,,,,
RepeatPrevious,filterbank+esn,1,192,3.8541666666666665,0.93749998,0.10777091057748191,0.8797701105622326,0.8858040056036679,1025,"{'decomposition': 'ema', 'n_filters': 12, 'slowest': 0.0068481211016550025, 'input_scaling': 0.929634188755156, 'bias_dist': 'foldnorm', 'bias_scaling': 0.0004530104948033912, 'lr': 0.9407030287660403, 'sr': 0.9778712320759426, 'rc_connectivity': 0.020075371100608825, 'learning_rate': 0.01}",ppo,100,linear,0.01,,,,,,
RepeatPrevious,filterbank+esn,4,192,3.8541666666666665,0.98333326,0.027638586151834902,0.8532499521287431,0.8795423362200712,986,"{'decomposition': 'ema', 'n_filters': 12, 'slowest': 0.0068481211016550025, 'input_scaling': 0.929634188755156, 'bias_dist': 'foldnorm', 'bias_scaling': 0.0004530104948033912, 'lr': 0.9407030287660403, 'sr': 0.9778712320759426, 'rc_connectivity': 0.020075371100608825, 'learning_rate': 0.01}",ppo,100,linear,0.01,,,,,,
RepeatPrevious,filterbank+esn,2,192,3.8541666666666665,0.99833332,0.008165031129003736,0.9105766206457527,0.9437722526744778,1025,"{'decomposition': 'ema', 'n_filters': 12, 'slowest': 0.0068481211016550025, 'input_scaling': 0.929634188755156, 'bias_dist': 'foldnorm', 'bias_scaling': 0.0004530104948033912, 'lr': 0.9407030287660403, 'sr': 0.9778712320759426, 'rc_connectivity': 0.020075371100608825, 'learning_rate': 0.01}",ppo,100,linear,0.01,,,,,,
RepeatPrevious,filterbank+esn,5,192,3.8541666666666665,0.77833326,0.28067874229772444,0.8739856725402323,0.9205722124299541,1022,"{'decomposition': 'ema', 'n_filters': 12, 'slowest': 0.0068481211016550025, 'input_scaling': 0.929634188755156, 'bias_dist': 'foldnorm', 'bias_scaling': 0.0004530104948033912, 'lr': 0.9407030287660403, 'sr': 0.9778712320759426, 'rc_connectivity': 0.020075371100608825, 'learning_rate': 0.01}",ppo,100,linear,0.01,,,,,,
RepeatPrevious,filterbank+esn,9,192,3.8541666666666665,0.8908333399999999,0.14407020591844935,0.8924975848950907,0.9248386383087112,976,"{'decomposition': 'ema', 'n_filters': 12, 'slowest': 0.0068481211016550025, 'input_scaling': 0.929634188755156, 'bias_dist': 'foldnorm', 'bias_scaling': 0.0004530104948033912, 'lr': 0.9407030287660403, 'sr': 0.9778712320759426, 'rc_connectivity': 0.020075371100608825, 'learning_rate': 0.01}",ppo,100,linear,0.01,,,,,,
RepeatPrevious,filterbank+esn,7,192,3.8541666666666665,0.96499996,0.04437840415786038,0.8792905539824812,0.9151383530310748,995,"{'decomposition': 'ema', 'n_filters': 12, 'slowest': 0.0068481211016550025, 'input_scaling': 0.929634188755156, 'bias_dist': 'foldnorm', 'bias_scaling': 0.0004530104948033912, 'lr': 0.9407030287660403, 'sr': 0.9778712320759426, 'rc_connectivity': 0.020075371100608825, 'learning_rate': 0.01}",ppo,100,linear,0.01,,,,,,
RepeatPrevious,filterbank+esn,8,192,3.8541666666666665,0.8224999399999998,0.16304603927203015,0.8781531905174169,0.8989641283749363,991,"{'decomposition': 'ema', 'n_filters': 12, 'slowest': 0.0068481211016550025, 'input_scaling': 0.929634188755156, 'bias_dist': 'foldnorm', 'bias_scaling': 0.0004530104948033912, 'lr': 0.9407030287660403, 'sr': 0.9778712320759426, 'rc_connectivity': 0.020075371100608825, 'learning_rate': 0.01}",ppo,100,linear,0.01,,,,,,
RepeatPrevious,filterbank+hag,0,208,4.855769230769231,0.8233333199999998,0.10225244501320054,0.39844121409655736,0.6478816520631686,984,"{'decomposition': 'legendre', 'n_filters': 12, 'slowest': 0.05503533446959869, 'input_scaling': 0.9095759553753703, 'bias_dist': 'foldnorm', 'bias_scaling': 0.04123764193322552, 'lr': 0.9047782400199377, 'weight_increment': 0.002278223530217896, 'min_window': 11, 'max_window': 59, 'use_full_instance': False, 'max_partners': 20, 'homeostasis': 'mean', 'target': 0.52, 'spread': 0.385, 'learning_rate': 0.0003}",ppo,100,linear,0.0003,,,,,,
RepeatPrevious,filterbank+esn,6,192,3.8541666666666665,0.8866666800000002,0.11487909692880424,0.8894483410063151,0.9444727096281202,1028,"{'decomposition': 'ema', 'n_filters': 12, 'slowest': 0.0068481211016550025, 'input_scaling': 0.929634188755156, 'bias_dist': 'foldnorm', 'bias_scaling': 0.0004530104948033912, 'lr': 0.9407030287660403, 'sr': 0.9778712320759426, 'rc_connectivity': 0.020075371100608825, 'learning_rate': 0.01}",ppo,100,linear,0.01,,,,,,
RepeatPrevious,filterbank+hag,3,208,4.581730769230769,0.8408332999999999,0.08444678107192718,0.4159812741393359,0.6553531915435558,990,"{'decomposition': 'legendre', 'n_filters': 12, 'slowest': 0.05503533446959869, 'input_scaling': 0.9095759553753703, 'bias_dist': 'foldnorm', 'bias_scaling': 0.04123764193322552, 'lr': 0.9047782400199377, 'weight_increment': 0.002278223530217896, 'min_window': 11, 'max_window': 59, 'use_full_instance': False, 'max_partners': 20, 'homeostasis': 'mean', 'target': 0.52, 'spread': 0.385, 'learning_rate': 0.0003}",ppo,100,linear,0.0003,,,,,,
RepeatPrevious,filterbank+hag,1,208,4.875,0.8199999999999998,0.12650205751544122,0.3946662588612752,0.6454194167091187,1032,"{'decomposition': 'legendre', 'n_filters': 12, 'slowest': 0.05503533446959869, 'input_scaling': 0.9095759553753703, 'bias_dist': 'foldnorm', 'bias_scaling': 0.04123764193322552, 'lr': 0.9047782400199377, 'weight_increment': 0.002278223530217896, 'min_window': 11, 'max_window': 59, 'use_full_instance': False, 'max_partners': 20, 'homeostasis': 'mean', 'target': 0.52, 'spread': 0.385, 'learning_rate': 0.0003}",ppo,100,linear,0.0003,,,,,,
RepeatPrevious,filterbank+hag,6,208,4.288461538461538,0.8625000200000001,0.07324330799970466,0.42987157898757383,0.6707845119714722,990,"{'decomposition': 'legendre', 'n_filters': 12, 'slowest': 0.05503533446959869, 'input_scaling': 0.9095759553753703, 'bias_dist': 'foldnorm', 'bias_scaling': 0.04123764193322552, 'lr': 0.9047782400199377, 'weight_increment': 0.002278223530217896, 'min_window': 11, 'max_window': 59, 'use_full_instance': False, 'max_partners': 20, 'homeostasis': 'mean', 'target': 0.52, 'spread': 0.385, 'learning_rate': 0.0003}",ppo,100,linear,0.0003,,,,,,
RepeatPrevious,filterbank+hag,2,208,5.649038461538462,0.8191667399999999,0.10461901712648805,0.36116911259930745,0.6221344921039226,1034,"{'decomposition': 'legendre', 'n_filters': 12, 'slowest': 0.05503533446959869, 'input_scaling': 0.9095759553753703, 'bias_dist': 'foldnorm', 'bias_scaling': 0.04123764193322552, 'lr': 0.9047782400199377, 'weight_increment': 0.002278223530217896, 'min_window': 11, 'max_window': 59, 'use_full_instance': False, 'max_partners': 20, 'homeostasis': 'mean', 'target': 0.52, 'spread': 0.385, 'learning_rate': 0.0003}",ppo,100,linear,0.0003,,,,,,
RepeatPrevious,filterbank+hag,5,208,5.360576923076923,0.82083328,0.09213891866850621,0.34813183306172335,0.6292027539480388,1011,"{'decomposition': 'legendre', 'n_filters': 12, 'slowest': 0.05503533446959869, 'input_scaling': 0.9095759553753703, 'bias_dist': 'foldnorm', 'bias_scaling': 0.04123764193322552, 'lr': 0.9047782400199377, 'weight_increment': 0.002278223530217896, 'min_window': 11, 'max_window': 59, 'use_full_instance': False, 'max_partners': 20, 'homeostasis': 'mean', 'target': 0.52, 'spread': 0.385, 'learning_rate': 0.0003}",ppo,100,linear,0.0003,,,,,,
RepeatPrevious,filterbank+hag,7,208,5.024038461538462,0.8566666800000001,0.08129165557877144,0.41994296012426163,0.6670487325522161,989,"{'decomposition': 'legendre', 'n_filters': 12, 'slowest': 0.05503533446959869, 'input_scaling': 0.9095759553753703, 'bias_dist': 'foldnorm', 'bias_scaling': 0.04123764193322552, 'lr': 0.9047782400199377, 'weight_increment': 0.002278223530217896, 'min_window': 11, 'max_window': 59, 'use_full_instance': False, 'max_partners': 20, 'homeostasis': 'mean', 'target': 0.52, 'spread': 0.385, 'learning_rate': 0.0003}",ppo,100,linear,0.0003,,,,,,
RepeatPrevious,filterbank+hag,4,208,4.264423076923077,0.8258333400000001,0.09453466495346773,0.4301665318292931,0.6624002328069282,1074,"{'decomposition': 'legendre', 'n_filters': 12, 'slowest': 0.05503533446959869, 'input_scaling': 0.9095759553753703, 'bias_dist': 'foldnorm', 'bias_scaling': 0.04123764193322552, 'lr': 0.9047782400199377, 'weight_increment': 0.002278223530217896, 'min_window': 11, 'max_window': 59, 'use_full_instance': False, 'max_partners': 20, 'homeostasis': 'mean', 'target': 0.52, 'spread': 0.385, 'learning_rate': 0.0003}",ppo,100,linear,0.0003,,,,,,
RepeatPrevious,filterbank+hag,8,208,5.110576923076923,0.8283333200000002,0.08359957721889268,0.3880818398859239,0.6332356974019359,996,"{'decomposition': 'legendre', 'n_filters': 12, 'slowest': 0.05503533446959869, 'input_scaling': 0.9095759553753703, 'bias_dist': 'foldnorm', 'bias_scaling': 0.04123764193322552, 'lr': 0.9047782400199377, 'weight_increment': 0.002278223530217896, 'min_window': 11, 'max_window': 59, 'use_full_instance': False, 'max_partners': 20, 'homeostasis': 'mean', 'target': 0.52, 'spread': 0.385, 'learning_rate': 0.0003}",ppo,100,linear,0.0003,,,,,,
RepeatPrevious,filterbank+hag,9,208,4.548076923076923,0.8433333399999998,0.08188735745635219,0.4201721299653697,0.6541433148242486,1006,"{'decomposition': 'legendre', 'n_filters': 12, 'slowest': 0.05503533446959869, 'input_scaling': 0.9095759553753703, 'bias_dist': 'foldnorm', 'bias_scaling': 0.04123764193322552, 'lr': 0.9047782400199377, 'weight_increment': 0.002278223530217896, 'min_window': 11, 'max_window': 59, 'use_full_instance': False, 'max_partners': 20, 'homeostasis': 'mean', 'target': 0.52, 'spread': 0.385, 'learning_rate': 0.0003}",ppo,100,linear,0.0003,,,,,,
RepeatPrevious,filterbank+hag,0,208,4.855769230769231,0.85999996,0.08849041329160125,0.6219549936850682,0.7717778838512481,1004,"{'decomposition': 'legendre', 'n_filters': 12, 'slowest': 0.05503533446959869, 'input_scaling': 0.9095759553753703, 'bias_dist': 'foldnorm', 'bias_scaling': 0.04123764193322552, 'lr': 0.9047782400199377, 'weight_increment': 0.002278223530217896, 'min_window': 11, 'max_window': 59, 'use_full_instance': False, 'max_partners': 20, 'homeostasis': 'mean', 'target': 0.52, 'spread': 0.385, 'learning_rate': 0.001}",ppo,100,linear,0.001,,,,,,
RepeatPrevious,filterbank+hag,1,208,4.875,0.8816666200000002,0.08008666874827294,0.6238499034426563,0.781117338767193,1004,"{'decomposition': 'legendre', 'n_filters': 12, 'slowest': 0.05503533446959869, 'input_scaling': 0.9095759553753703, 'bias_dist': 'foldnorm', 'bias_scaling': 0.04123764193322552, 'lr': 0.9047782400199377, 'weight_increment': 0.002278223530217896, 'min_window': 11, 'max_window': 59, 'use_full_instance': False, 'max_partners': 20, 'homeostasis': 'mean', 'target': 0.52, 'spread': 0.385, 'learning_rate': 0.001}",ppo,100,linear,0.001,,,,,,
RepeatPrevious,filterbank+hag,2,208,5.649038461538462,0.8624999200000001,0.08385252729282283,0.5988214670503158,0.7561555425369332,992,"{'decomposition': 'legendre', 'n_filters': 12, 'slowest': 0.05503533446959869, 'input_scaling': 0.9095759553753703, 'bias_dist': 'foldnorm', 'bias_scaling': 0.04123764193322552, 'lr': 0.9047782400199377, 'weight_increment': 0.002278223530217896, 'min_window': 11, 'max_window': 59, 'use_full_instance': False, 'max_partners': 20, 'homeostasis': 'mean', 'target': 0.52, 'spread': 0.385, 'learning_rate': 0.001}",ppo,100,linear,0.001,,,,,,
RepeatPrevious,filterbank+hag,3,208,4.581730769230769,0.86666668,0.0702178807559556,0.6398366937258096,0.7836220005094244,998,"{'decomposition': 'legendre', 'n_filters': 12, 'slowest': 0.05503533446959869, 'input_scaling': 0.9095759553753703, 'bias_dist': 'foldnorm', 'bias_scaling': 0.04123764193322552, 'lr': 0.9047782400199377, 'weight_increment': 0.002278223530217896, 'min_window': 11, 'max_window': 59, 'use_full_instance': False, 'max_partners': 20, 'homeostasis': 'mean', 'target': 0.52, 'spread': 0.385, 'learning_rate': 0.001}",ppo,100,linear,0.001,,,,,,
RepeatPrevious,filterbank+hag,4,208,4.264423076923077,0.8658333199999998,0.0791841965158301,0.6379354221328173,0.7823272114111054,985,"{'decomposition': 'legendre', 'n_filters': 12, 'slowest': 0.05503533446959869, 'input_scaling': 0.9095759553753703, 'bias_dist': 'foldnorm', 'bias_scaling': 0.04123764193322552, 'lr': 0.9047782400199377, 'weight_increment': 0.002278223530217896, 'min_window': 11, 'max_window': 59, 'use_full_instance': False, 'max_partners': 20, 'homeostasis': 'mean', 'target': 0.52, 'spread': 0.385, 'learning_rate': 0.001}",ppo,100,linear,0.001,,,,,,
RepeatPrevious,filterbank+hag,5,208,5.360576923076923,0.87166666,0.07160844891229247,0.6096922315644734,0.7768509088130412,1001,"{'decomposition': 'legendre', 'n_filters': 12, 'slowest': 0.05503533446959869, 'input_scaling': 0.9095759553753703, 'bias_dist': 'foldnorm', 'bias_scaling': 0.04123764193322552, 'lr': 0.9047782400199377, 'weight_increment': 0.002278223530217896, 'min_window': 11, 'max_window': 59, 'use_full_instance': False, 'max_partners': 20, 'homeostasis': 'mean', 'target': 0.52, 'spread': 0.385, 'learning_rate': 0.001}",ppo,100,linear,0.001,,,,,,
RepeatPrevious,filterbank+hag,9,208,4.548076923076923,0.8833332799999998,0.07406821780603068,0.6344978585760847,0.7785702052980132,989,"{'decomposition': 'legendre', 'n_filters': 12, 'slowest': 0.05503533446959869, 'input_scaling': 0.9095759553753703, 'bias_dist': 'foldnorm', 'bias_scaling': 0.04123764193322552, 'lr': 0.9047782400199377, 'weight_increment': 0.002278223530217896, 'min_window': 11, 'max_window': 59, 'use_full_instance': False, 'max_partners': 20, 'homeostasis': 'mean', 'target': 0.52, 'spread': 0.385, 'learning_rate': 0.001}",ppo,100,linear,0.001,,,,,,
RepeatPrevious,filterbank+hag,0,208,4.855769230769231,0.9025000400000001,0.0648769349534825,0.7312483014361377,0.8384700300560368,983,"{'decomposition': 'legendre', 'n_filters': 12, 'slowest': 0.05503533446959869, 'input_scaling': 0.9095759553753703, 'bias_dist': 'foldnorm', 'bias_scaling': 0.04123764193322552, 'lr': 0.9047782400199377, 'weight_increment': 0.002278223530217896, 'min_window': 11, 'max_window': 59, 'use_full_instance': False, 'max_partners': 20, 'homeostasis': 'mean', 'target': 0.52, 'spread': 0.385, 'learning_rate': 0.003}",ppo,100,linear,0.003,,,,,,
RepeatPrevious,filterbank+hag,7,208,5.024038461538462,0.8991666200000001,0.05897853686889494,0.6480359204013038,0.7959118619460009,1002,"{'decomposition': 'legendre', 'n_filters': 12, 'slowest': 0.05503533446959869, 'input_scaling': 0.9095759553753703, 'bias_dist': 'foldnorm', 'bias_scaling': 0.04123764193322552, 'lr': 0.9047782400199377, 'weight_increment': 0.002278223530217896, 'min_window': 11, 'max_window': 59, 'use_full_instance': False, 'max_partners': 20, 'homeostasis': 'mean', 'target': 0.52, 'spread': 0.385, 'learning_rate': 0.001}",ppo,100,linear,0.001,,,,,,
RepeatPrevious,filterbank+hag,8,208,5.110576923076923,0.8766666599999999,0.0697017775961589,0.6127839131696884,0.7617379745287824,1006,"{'decomposition': 'legendre', 'n_filters': 12, 'slowest': 0.05503533446959869, 'input_scaling': 0.9095759553753703, 'bias_dist': 'foldnorm', 'bias_scaling': 0.04123764193322552, 'lr': 0.9047782400199377, 'weight_increment': 0.002278223530217896, 'min_window': 11, 'max_window': 59, 'use_full_instance': False, 'max_partners': 20, 'homeostasis': 'mean', 'target': 0.52, 'spread': 0.385, 'learning_rate': 0.001}",ppo,100,linear,0.001,,,,,,
RepeatPrevious,filterbank+hag,1,208,4.875,0.91833332,0.06064465754687382,0.7396321412202077,0.8567880743759552,999,"{'decomposition': 'legendre', 'n_filters': 12, 'slowest': 0.05503533446959869, 'input_scaling': 0.9095759553753703, 'bias_dist': 'foldnorm', 'bias_scaling': 0.04123764193322552, 'lr': 0.9047782400199377, 'weight_increment': 0.002278223530217896, 'min_window': 11, 'max_window': 59, 'use_full_instance': False, 'max_partners': 20, 'homeostasis': 'mean', 'target': 0.52, 'spread': 0.385, 'learning_rate': 0.003}",ppo,100,linear,0.003,,,,,,
RepeatPrevious,filterbank+hag,4,208,4.264423076923077,0.90333334,0.06091879531232048,0.7404660638622937,0.8454533830871116,997,"{'decomposition': 'legendre', 'n_filters': 12, 'slowest': 0.05503533446959869, 'input_scaling': 0.9095759553753703, 'bias_dist': 'foldnorm', 'bias_scaling': 0.04123764193322552, 'lr': 0.9047782400199377, 'weight_increment': 0.002278223530217896, 'min_window': 11, 'max_window': 59, 'use_full_instance': False, 'max_partners': 20, 'homeostasis': 'mean', 'target': 0.52, 'spread': 0.385, 'learning_rate': 0.003}",ppo,100,linear,0.003,,,,,,
RepeatPrevious,filterbank+hag,7,208,5.024038461538462,0.9291666400000002,0.05086054572249889,0.7515490284681197,0.8634530529801324,979,"{'decomposition': 'legendre', 'n_filters': 12, 'slowest': 0.05503533446959869, 'input_scaling': 0.9095759553753703, 'bias_dist': 'foldnorm', 'bias_scaling': 0.04123764193322552, 'lr': 0.9047782400199377, 'weight_increment': 0.002278223530217896, 'min_window': 11, 'max_window': 59, 'use_full_instance': False, 'max_partners': 20, 'homeostasis': 'mean', 'target': 0.52, 'spread': 0.385, 'learning_rate': 0.003}",ppo,100,linear,0.003,,,,,,
RepeatPrevious,filterbank+hag,2,208,5.649038461538462,0.89000006,0.06053002817756159,0.7115544570177225,0.825437255731024,1010,"{'decomposition': 'legendre', 'n_filters': 12, 'slowest': 0.05503533446959869, 'input_scaling': 0.9095759553753703, 'bias_dist': 'foldnorm', 'bias_scaling': 0.04123764193322552, 'lr': 0.9047782400199377, 'weight_increment': 0.002278223530217896, 'min_window': 11, 'max_window': 59, 'use_full_instance': False, 'max_partners': 20, 'homeostasis': 'mean', 'target': 0.52, 'spread': 0.385, 'learning_rate': 0.003}",ppo,100,linear,0.003,,,,,,
RepeatPrevious,filterbank+hag,6,208,4.288461538461538,0.93999996,0.05079914347544061,0.7513474435730292,0.8632195573102395,1000,"{'decomposition': 'legendre', 'n_filters': 12, 'slowest': 0.05503533446959869, 'input_scaling': 0.9095759553753703, 'bias_dist': 'foldnorm', 'bias_scaling': 0.04123764193322552, 'lr': 0.9047782400199377, 'weight_increment': 0.002278223530217896, 'min_window': 11, 'max_window': 59, 'use_full_instance': False, 'max_partners': 20, 'homeostasis': 'mean', 'target': 0.52, 'spread': 0.385, 'learning_rate': 0.003}",ppo,100,linear,0.003,,,,,,
RepeatPrevious,filterbank+hag,3,208,4.581730769230769,0.91999994,0.049888657807726194,0.7453253365247504,0.8501443295975547,1020,"{'decomposition': 'legendre', 'n_filters': 12, 'slowest': 0.05503533446959869, 'input_scaling': 0.9095759553753703, 'bias_dist': 'foldnorm', 'bias_scaling': 0.04123764193322552, 'lr': 0.9047782400199377, 'weight_increment': 0.002278223530217896, 'min_window': 11, 'max_window': 59, 'use_full_instance': False, 'max_partners': 20, 'homeostasis': 'mean', 'target': 0.52, 'spread': 0.385, 'learning_rate': 0.003}",ppo,100,linear,0.003,,,,,,
RepeatPrevious,filterbank+hag,5,208,5.360576923076923,0.93083334,0.05310489441835281,0.735857182318191,0.8641534854814059,1017,"{'decomposition': 'legendre', 'n_filters': 12, 'slowest': 0.05503533446959869, 'input_scaling': 0.9095759553753703, 'bias_dist': 'foldnorm', 'bias_scaling': 0.04123764193322552, 'lr': 0.9047782400199377, 'weight_increment': 0.002278223530217896, 'min_window': 11, 'max_window': 59, 'use_full_instance': False, 'max_partners': 20, 'homeostasis': 'mean', 'target': 0.52, 'spread': 0.385, 'learning_rate': 0.003}",ppo,100,linear,0.003,,,,,,
RepeatPrevious,filterbank+hag,9,208,4.548076923076923,0.90583336,0.05940090272470949,0.7382931819617029,0.846323646968925,982,"{'decomposition': 'legendre', 'n_filters': 12, 'slowest': 0.05503533446959869, 'input_scaling': 0.9095759553753703, 'bias_dist': 'foldnorm', 'bias_scaling': 0.04123764193322552, 'lr': 0.9047782400199377, 'weight_increment': 0.002278223530217896, 'min_window': 11, 'max_window': 59, 'use_full_instance': False, 'max_partners': 20, 'homeostasis': 'mean', 'target': 0.52, 'spread': 0.385, 'learning_rate': 0.003}",ppo,100,linear,0.003,,,,,,
RepeatPrevious,filterbank+hag,8,208,5.110576923076923,0.8908333399999999,0.06002888480710265,0.7219053448258301,0.832632873662761,1023,"{'decomposition': 'legendre', 'n_filters': 12, 'slowest': 0.05503533446959869, 'input_scaling': 0.9095759553753703, 'bias_dist': 'foldnorm', 'bias_scaling': 0.04123764193322552, 'lr': 0.9047782400199377, 'weight_increment': 0.002278223530217896, 'min_window': 11, 'max_window': 59, 'use_full_instance': False, 'max_partners': 20, 'homeostasis': 'mean', 'target': 0.52, 'spread': 0.385, 'learning_rate': 0.003}",ppo,100,linear,0.003,,,,,,
RepeatPrevious,filterbank+hag,2,208,5.649038461538462,0.88333332,0.06454969403535234,0.7686265036667346,0.869502453387672,979,"{'decomposition': 'legendre', 'n_filters': 12, 'slowest': 0.05503533446959869, 'input_scaling': 0.9095759553753703, 'bias_dist': 'foldnorm', 'bias_scaling': 0.04123764193322552, 'lr': 0.9047782400199377, 'weight_increment': 0.002278223530217896, 'min_window': 11, 'max_window': 59, 'use_full_instance': False, 'max_partners': 20, 'homeostasis': 'mean', 'target': 0.52, 'spread': 0.385, 'learning_rate': 0.01}",ppo,100,linear,0.01,,,,,,
RepeatPrevious,filterbank+hag,0,208,4.855769230769231,0.91499996,0.05267820422222458,0.7988070378386637,0.891046853285787,1015,"{'decomposition': 'legendre', 'n_filters': 12, 'slowest': 0.05503533446959869, 'input_scaling': 0.9095759553753703, 'bias_dist': 'foldnorm', 'bias_scaling': 0.04123764193322552, 'lr': 0.9047782400199377, 'weight_increment': 0.002278223530217896, 'min_window': 11, 'max_window': 59, 'use_full_instance': False, 'max_partners': 20, 'homeostasis': 'mean', 'target': 0.52, 'spread': 0.385, 'learning_rate': 0.01}",ppo,100,linear,0.01,,,,,,
RepeatPrevious,filterbank+hag,3,208,4.581730769230769,0.89249996,0.06671349405448945,0.8054275315746587,0.8901129098318901,989,"{'decomposition': 'legendre', 'n_filters': 12, 'slowest': 0.05503533446959869, 'input_scaling': 0.9095759553753703, 'bias_dist': 'foldnorm', 'bias_scaling': 0.04123764193322552, 'lr': 0.9047782400199377, 'weight_increment': 0.002278223530217896, 'min_window': 11, 'max_window': 59, 'use_full_instance': False, 'max_partners': 20, 'homeostasis': 'mean', 'target': 0.52, 'spread': 0.385, 'learning_rate': 0.01}",ppo,100,linear,0.01,,,,,,
RepeatPrevious,filterbank+hag,4,208,4.264423076923077,0.9008333399999998,0.05766879273597116,0.8042540892748015,0.9048437717778911,990,"{'decomposition': 'legendre', 'n_filters': 12, 'slowest': 0.05503533446959869, 'input_scaling': 0.9095759553753703, 'bias_dist': 'foldnorm', 'bias_scaling': 0.04123764193322552, 'lr': 0.9047782400199377, 'weight_increment': 0.002278223530217896, 'min_window': 11, 'max_window': 59, 'use_full_instance': False, 'max_partners': 20, 'homeostasis': 'mean', 'target': 0.52, 'spread': 0.385, 'learning_rate': 0.01}",ppo,100,linear,0.01,,,,,,
RepeatPrevious,filterbank+hag,5,208,5.360576923076923,0.9266666000000001,0.04827574385258087,0.8129646995314728,0.9182798222109018,1000,"{'decomposition': 'legendre', 'n_filters': 12, 'slowest': 0.05503533446959869, 'input_scaling': 0.9095759553753703, 'bias_dist': 'foldnorm', 'bias_scaling': 0.04123764193322552, 'lr': 0.9047782400199377, 'weight_increment': 0.002278223530217896, 'min_window': 11, 'max_window': 59, 'use_full_instance': False, 'max_partners': 20, 'homeostasis': 'mean', 'target': 0.52, 'spread': 0.385, 'learning_rate': 0.01}",ppo,100,linear,0.01,,,,,,
RepeatPrevious,filterbank+hag,1,208,4.875,0.9524999599999999,0.03909559622922254,0.8063123799653698,0.893318036169129,1024,"{'decomposition': 'legendre', 'n_filters': 12, 'slowest': 0.05503533446959869, 'input_scaling': 0.9095759553753703, 'bias_dist': 'foldnorm', 'bias_scaling': 0.04123764193322552, 'lr': 0.9047782400199377, 'weight_increment': 0.002278223530217896, 'min_window': 11, 'max_window': 59, 'use_full_instance': False, 'max_partners': 20, 'homeostasis': 'mean', 'target': 0.52, 'spread': 0.385, 'learning_rate': 0.01}",ppo,100,linear,0.01,,,,,,
RepeatPrevious,filterbank+hag,6,208,4.288461538461538,0.9000000000000001,0.058925569813451956,0.6449442308005704,0.7893954819154356,1148,"{'decomposition': 'legendre', 'n_filters': 12, 'slowest': 0.05503533446959869, 'input_scaling': 0.9095759553753703, 'bias_dist': 'foldnorm', 'bias_scaling': 0.04123764193322552, 'lr': 0.9047782400199377, 'weight_increment': 0.002278223530217896, 'min_window': 11, 'max_window': 59, 'use_full_instance': False, 'max_partners': 20, 'homeostasis': 'mean', 'target': 0.52, 'spread': 0.385, 'learning_rate': 0.001}",ppo,100,linear,0.001,,,,,,
RepeatPrevious,filterbank+hag,7,208,5.024038461538462,0.93083332,0.037831745048538264,0.8172086087288654,0.9082399256240449,996,"{'decomposition': 'legendre', 'n_filters': 12, 'slowest': 0.05503533446959869, 'input_scaling': 0.9095759553753703, 'bias_dist': 'foldnorm', 'bias_scaling': 0.04123764193322552, 'lr': 0.9047782400199377, 'weight_increment': 0.002278223530217896, 'min_window': 11, 'max_window': 59, 'use_full_instance': False, 'max_partners': 20, 'homeostasis': 'mean', 'target': 0.52, 'spread': 0.385, 'learning_rate': 0.01}",ppo,100,linear,0.01,,,,,,
RepeatPrevious,filterbank+hag,6,208,4.288461538461538,0.9441666400000002,0.04378761646436581,0.8096756770217967,0.8983910555272542,1025,"{'decomposition': 'legendre', 'n_filters': 12, 'slowest': 0.05503533446959869, 'input_scaling': 0.9095759553753703, 'bias_dist': 'foldnorm', 'bias_scaling': 0.04123764193322552, 'lr': 0.9047782400199377, 'weight_increment': 0.002278223530217896, 'min_window': 11, 'max_window': 59, 'use_full_instance': False, 'max_partners': 20, 'homeostasis': 'mean', 'target': 0.52, 'spread': 0.385, 'learning_rate': 0.01}",ppo,100,linear,0.01,,,,,,
RepeatPrevious,filterbank+hag,9,208,4.548076923076923,0.8108333599999998,0.06677593195868105,0.7855384655225097,0.8779716311767702,989,"{'decomposition': 'legendre', 'n_filters': 12, 'slowest': 0.05503533446959869, 'input_scaling': 0.9095759553753703, 'bias_dist': 'foldnorm', 'bias_scaling': 0.04123764193322552, 'lr': 0.9047782400199377, 'weight_increment': 0.002278223530217896, 'min_window': 11, 'max_window': 59, 'use_full_instance': False, 'max_partners': 20, 'homeostasis': 'mean', 'target': 0.52, 'spread': 0.385, 'learning_rate': 0.01}",ppo,100,linear,0.01,,,,,,
RepeatPrevious,filterbank+proj,1,208,0.0,0.8116666599999999,0.1128051872333201,0.3208095657975148,0.6025641029037188,1002,"{'decomposition': 'legendre', 'n_filters': 12, 'slowest': 0.05503533446959869, 'input_scaling': 0.9095759553753703, 'bias_dist': 'foldnorm', 'bias_scaling': 0.04123764193322552, 'lr': 0.9047782400199377, 'weight_increment': 0.002278223530217896, 'min_window': 11, 'max_window': 59, 'use_full_instance': False, 'max_partners': 20, 'homeostasis': 'mean', 'target': 0.52, 'spread': 0.385, 'learning_rate': 0.0003}",ppo,100,linear,0.0003,,,,,,
RepeatPrevious,filterbank+hag,8,208,5.110576923076923,0.9258332999999999,0.03934348103676135,0.7790707514768792,0.8827899347936832,1040,"{'decomposition': 'legendre', 'n_filters': 12, 'slowest': 0.05503533446959869, 'input_scaling': 0.9095759553753703, 'bias_dist': 'foldnorm', 'bias_scaling': 0.04123764193322552, 'lr': 0.9047782400199377, 'weight_increment': 0.002278223530217896, 'min_window': 11, 'max_window': 59, 'use_full_instance': False, 'max_partners': 20, 'homeostasis': 'mean', 'target': 0.52, 'spread': 0.385, 'learning_rate': 0.01}",ppo,100,linear,0.01,,,,,,
RepeatPrevious,filterbank+proj,0,208,0.0,0.8183333199999998,0.11141760353668355,0.3430688525157873,0.6186746500254712,1031,"{'decomposition': 'legendre', 'n_filters': 12, 'slowest': 0.05503533446959869, 'input_scaling': 0.9095759553753703, 'bias_dist': 'foldnorm', 'bias_scaling': 0.04123764193322552, 'lr': 0.9047782400199377, 'weight_increment': 0.002278223530217896, 'min_window': 11, 'max_window': 59, 'use_full_instance': False, 'max_partners': 20, 'homeostasis': 'mean', 'target': 0.52, 'spread': 0.385, 'learning_rate': 0.0003}",ppo,100,linear,0.0003,,,,,,
RepeatPrevious,filterbank+proj,2,208,0.0,0.8041666399999999,0.09691421235108089,0.29952213235893255,0.5927152272032603,1001,"{'decomposition': 'legendre', 'n_filters': 12, 'slowest': 0.05503533446959869, 'input_scaling': 0.9095759553753703, 'bias_dist': 'foldnorm', 'bias_scaling': 0.04123764193322552, 'lr': 0.9047782400199377, 'weight_increment': 0.002278223530217896, 'min_window': 11, 'max_window': 59, 'use_full_instance': False, 'max_partners': 20, 'homeostasis': 'mean', 'target': 0.52, 'spread': 0.385, 'learning_rate': 0.0003}",ppo,100,linear,0.0003,,,,,,
RepeatPrevious,filterbank+proj,3,208,0.0,0.81333338,0.099036913320618,0.3498506168262375,0.6179317330616404,993,"{'decomposition': 'legendre', 'n_filters': 12, 'slowest': 0.05503533446959869, 'input_scaling': 0.9095759553753703, 'bias_dist': 'foldnorm', 'bias_scaling': 0.04123764193322552, 'lr': 0.9047782400199377, 'weight_increment': 0.002278223530217896, 'min_window': 11, 'max_window': 59, 'use_full_instance': False, 'max_partners': 20, 'homeostasis': 'mean', 'target': 0.52, 'spread': 0.385, 'learning_rate': 0.0003}",ppo,100,linear,0.0003,,,,,,
RepeatPrevious,filterbank+proj,4,208,0.0,0.8250000000000002,0.09128718420501315,0.3725533899470361,0.6275683509933775,995,"{'decomposition': 'legendre', 'n_filters': 12, 'slowest': 0.05503533446959869, 'input_scaling': 0.9095759553753703, 'bias_dist': 'foldnorm', 'bias_scaling': 0.04123764193322552, 'lr': 0.9047782400199377, 'weight_increment': 0.002278223530217896, 'min_window': 11, 'max_window': 59, 'use_full_instance': False, 'max_partners': 20, 'homeostasis': 'mean', 'target': 0.52, 'spread': 0.385, 'learning_rate': 0.0003}",ppo,100,linear,0.0003,,,,,,
RepeatPrevious,filterbank+proj,7,208,0.0,0.83083332,0.0976851259010173,0.33621070014259524,0.6100993326541009,997,"{'decomposition': 'legendre', 'n_filters': 12, 'slowest': 0.05503533446959869, 'input_scaling': 0.9095759553753703, 'bias_dist': 'foldnorm', 'bias_scaling': 0.04123764193322552, 'lr': 0.9047782400199377, 'weight_increment': 0.002278223530217896, 'min_window': 11, 'max_window': 59, 'use_full_instance': False, 'max_partners': 20, 'homeostasis': 'mean', 'target': 0.52, 'spread': 0.385, 'learning_rate': 0.0003}",ppo,100,linear,0.0003,,,,,,
RepeatPrevious,filterbank+proj,8,208,0.0,0.8333333,0.07682953352904077,0.3359815290792422,0.609016815588385,986,"{'decomposition': 'legendre', 'n_filters': 12, 'slowest': 0.05503533446959869, 'input_scaling': 0.9095759553753703, 'bias_dist': 'foldnorm', 'bias_scaling': 0.04123764193322552, 'lr': 0.9047782400199377, 'weight_increment': 0.002278223530217896, 'min_window': 11, 'max_window': 59, 'use_full_instance': False, 'max_partners': 20, 'homeostasis': 'mean', 'target': 0.52, 'spread': 0.385, 'learning_rate': 0.0003}",ppo,100,linear,0.0003,,,,,,
RepeatPrevious,filterbank+proj,6,208,0.0,0.82999994,0.08326666760124606,0.3721608278162558,0.6262735562913908,1002,"{'decomposition': 'legendre', 'n_filters': 12, 'slowest': 0.05503533446959869, 'input_scaling': 0.9095759553753703, 'bias_dist': 'foldnorm', 'bias_scaling': 0.04123764193322552, 'lr': 0.9047782400199377, 'weight_increment': 0.002278223530217896, 'min_window': 11, 'max_window': 59, 'use_full_instance': False, 'max_partners': 20, 'homeostasis': 'mean', 'target': 0.52, 'spread': 0.385, 'learning_rate': 0.0003}",ppo,100,linear,0.0003,,,,,,
RepeatPrevious,filterbank+proj,5,208,0.0,0.8208332999999999,0.09100142398188064,0.322774494550825,0.6038376581762609,1012,"{'decomposition': 'legendre', 'n_filters': 12, 'slowest': 0.05503533446959869, 'input_scaling': 0.9095759553753703, 'bias_dist': 'foldnorm', 'bias_scaling': 0.04123764193322552, 'lr': 0.9047782400199377, 'weight_increment': 0.002278223530217896, 'min_window': 11, 'max_window': 59, 'use_full_instance': False, 'max_partners': 20, 'homeostasis': 'mean', 'target': 0.52, 'spread': 0.385, 'learning_rate': 0.0003}",ppo,100,linear,0.0003,,,,,,
RepeatPrevious,filterbank+proj,0,208,0.0,0.8558332999999999,0.09361941483159356,0.5904100462415971,0.7577050397350993,984,"{'decomposition': 'legendre', 'n_filters': 12, 'slowest': 0.05503533446959869, 'input_scaling': 0.9095759553753703, 'bias_dist': 'foldnorm', 'bias_scaling': 0.04123764193322552, 'lr': 0.9047782400199377, 'weight_increment': 0.002278223530217896, 'min_window': 11, 'max_window': 59, 'use_full_instance': False, 'max_partners': 20, 'homeostasis': 'mean', 'target': 0.52, 'spread': 0.385, 'learning_rate': 0.001}",ppo,100,linear,0.001,,,,,,
RepeatPrevious,filterbank+proj,9,208,0.0,0.83833328,0.07845735557945857,0.3543788644326747,0.62336558430973,1004,"{'decomposition': 'legendre', 'n_filters': 12, 'slowest': 0.05503533446959869, 'input_scaling': 0.9095759553753703, 'bias_dist': 'foldnorm', 'bias_scaling': 0.04123764193322552, 'lr': 0.9047782400199377, 'weight_increment': 0.002278223530217896, 'min_window': 11, 'max_window': 59, 'use_full_instance': False, 'max_partners': 20, 'homeostasis': 'mean', 'target': 0.52, 'spread': 0.385, 'learning_rate': 0.0003}",ppo,100,linear,0.0003,,,,,,
RepeatPrevious,filterbank+proj,1,208,0.0,0.8591667799999999,0.08575235163639304,0.5839402109390915,0.7558583759551707,992,"{'decomposition': 'legendre', 'n_filters': 12, 'slowest': 0.05503533446959869, 'input_scaling': 0.9095759553753703, 'bias_dist': 'foldnorm', 'bias_scaling': 0.04123764193322552, 'lr': 0.9047782400199377, 'weight_increment': 0.002278223530217896, 'min_window': 11, 'max_window': 59, 'use_full_instance': False, 'max_partners': 20, 'homeostasis': 'mean', 'target': 0.52, 'spread': 0.385, 'learning_rate': 0.001}",ppo,100,linear,0.001,,,,,,
RepeatPrevious,filterbank+proj,2,208,0.0,0.86083332,0.07800015783508134,0.5678727859543696,0.7414459266428934,980,"{'decomposition': 'legendre', 'n_filters': 12, 'slowest': 0.05503533446959869, 'input_scaling': 0.9095759553753703, 'bias_dist': 'foldnorm', 'bias_scaling': 0.04123764193322552, 'lr': 0.9047782400199377, 'weight_increment': 0.002278223530217896, 'min_window': 11, 'max_window': 59, 'use_full_instance': False, 'max_partners': 20, 'homeostasis': 'mean', 'target': 0.52, 'spread': 0.385, 'learning_rate': 0.001}",ppo,100,linear,0.001,,,,,,
RepeatPrevious,filterbank+proj,3,208,0.0,0.8574999999999998,0.07996956365518071,0.6001540515889183,0.7581295629139072,980,"{'decomposition': 'legendre', 'n_filters': 12, 'slowest': 0.05503533446959869, 'input_scaling': 0.9095759553753703, 'bias_dist': 'foldnorm', 'bias_scaling': 0.04123764193322552, 'lr': 0.9047782400199377, 'weight_increment': 0.002278223530217896, 'min_window': 11, 'max_window': 59, 'use_full_instance': False, 'max_partners': 20, 'homeostasis': 'mean', 'target': 0.52, 'spread': 0.385, 'learning_rate': 0.001}",ppo,100,linear,0.001,,,,,,
RepeatPrevious,filterbank+proj,4,208,0.0,0.85833336,0.07359798683897814,0.6089049870645753,0.7647945369332653,994,"{'decomposition': 'legendre', 'n_filters': 12, 'slowest': 0.05503533446959869, 'input_scaling': 0.9095759553753703, 'bias_dist': 'foldnorm', 'bias_scaling': 0.04123764193322552, 'lr': 0.9047782400199377, 'weight_increment': 0.002278223530217896, 'min_window': 11, 'max_window': 59, 'use_full_instance': False, 'max_partners': 20, 'homeostasis': 'mean', 'target': 0.52, 'spread': 0.385, 'learning_rate': 0.001}",ppo,100,linear,0.001,,,,,,
RepeatPrevious,filterbank+proj,8,208,0.0,0.8825,0.06218813302359221,0.5941171012426156,0.7554763107488538,981,"{'decomposition': 'legendre', 'n_filters': 12, 'slowest': 0.05503533446959869, 'input_scaling': 0.9095759553753703, 'bias_dist': 'foldnorm', 'bias_scaling': 0.04123764193322552, 'lr': 0.9047782400199377, 'weight_increment': 0.002278223530217896, 'min_window': 11, 'max_window': 59, 'use_full_instance': False, 'max_partners': 20, 'homeostasis': 'mean', 'target': 0.52, 'spread': 0.385, 'learning_rate': 0.001}",ppo,100,linear,0.001,,,,,,
RepeatPrevious,filterbank+proj,6,208,0.0,0.8816666999999999,0.0658069660283013,0.6064520120187411,0.7650704747834948,987,"{'decomposition': 'legendre', 'n_filters': 12, 'slowest': 0.05503533446959869, 'input_scaling': 0.9095759553753703, 'bias_dist': 'foldnorm', 'bias_scaling': 0.04123764193322552, 'lr': 0.9047782400199377, 'weight_increment': 0.002278223530217896, 'min_window': 11, 'max_window': 59, 'use_full_instance': False, 'max_partners': 20, 'homeostasis': 'mean', 'target': 0.52, 'spread': 0.385, 'learning_rate': 0.001}",ppo,100,linear,0.001,,,,,,
RepeatPrevious,filterbank+proj,7,208,0.0,0.87500002,0.07546151705087567,0.5961584156141779,0.7543301049414162,994,"{'decomposition': 'legendre', 'n_filters': 12, 'slowest': 0.05503533446959869, 'input_scaling': 0.9095759553753703, 'bias_dist': 'foldnorm', 'bias_scaling': 0.04123764193322552, 'lr': 0.9047782400199377, 'weight_increment': 0.002278223530217896, 'min_window': 11, 'max_window': 59, 'use_full_instance': False, 'max_partners': 20, 'homeostasis': 'mean', 'target': 0.52, 'spread': 0.385, 'learning_rate': 0.001}",ppo,100,linear,0.001,,,,,,
RepeatPrevious,filterbank+proj,5,208,0.0,0.86083338,0.07100959786504638,0.5854149707679772,0.7526107987773816,1004,"{'decomposition': 'legendre', 'n_filters': 12, 'slowest': 0.05503533446959869, 'input_scaling': 0.9095759553753703, 'bias_dist': 'foldnorm', 'bias_scaling': 0.04123764193322552, 'lr': 0.9047782400199377, 'weight_increment': 0.002278223530217896, 'min_window': 11, 'max_window': 59, 'use_full_instance': False, 'max_partners': 20, 'homeostasis': 'mean', 'target': 0.52, 'spread': 0.385, 'learning_rate': 0.001}",ppo,100,linear,0.001,,,,,,
RepeatPrevious,filterbank+proj,3,208,0.0,0.9066665999999999,0.056248464670957905,0.7232782463841924,0.8377907906265919,973,"{'decomposition': 'legendre', 'n_filters': 12, 'slowest': 0.05503533446959869, 'input_scaling': 0.9095759553753703, 'bias_dist': 'foldnorm', 'bias_scaling': 0.04123764193322552, 'lr': 0.9047782400199377, 'weight_increment': 0.002278223530217896, 'min_window': 11, 'max_window': 59, 'use_full_instance': False, 'max_partners': 20, 'homeostasis': 'mean', 'target': 0.52, 'spread': 0.385, 'learning_rate': 0.003}",ppo,100,linear,0.003,,,,,,
RepeatPrevious,filterbank+proj,9,208,0.0,0.8733333400000001,0.063987837560152,0.606655719291098,0.7644336867040245,1002,"{'decomposition': 'legendre', 'n_filters': 12, 'slowest': 0.05503533446959869, 'input_scaling': 0.9095759553753703, 'bias_dist': 'foldnorm', 'bias_scaling': 0.04123764193322552, 'lr': 0.9047782400199377, 'weight_increment': 0.002278223530217896, 'min_window': 11, 'max_window': 59, 'use_full_instance': False, 'max_partners': 20, 'homeostasis': 'mean', 'target': 0.52, 'spread': 0.385, 'learning_rate': 0.001}",ppo,100,linear,0.001,,,,,,
RepeatPrevious,filterbank+proj,0,208,0.0,0.9099999400000001,0.06580692955803667,0.718334097983296,0.8353498094752928,1000,"{'decomposition': 'legendre', 'n_filters': 12, 'slowest': 0.05503533446959869, 'input_scaling': 0.9095759553753703, 'bias_dist': 'foldnorm', 'bias_scaling': 0.04123764193322552, 'lr': 0.9047782400199377, 'weight_increment': 0.002278223530217896, 'min_window': 11, 'max_window': 59, 'use_full_instance': False, 'max_partners': 20, 'homeostasis': 'mean', 'target': 0.52, 'spread': 0.385, 'learning_rate': 0.003}",ppo,100,linear,0.003,,,,,,
RepeatPrevious,filterbank+proj,2,208,0.0,0.8891666600000001,0.0729392835025434,0.7035462066103075,0.8232721986754966,1008,"{'decomposition': 'legendre', 'n_filters': 12, 'slowest': 0.05503533446959869, 'input_scaling': 0.9095759553753703, 'bias_dist': 'foldnorm', 'bias_scaling': 0.04123764193322552, 'lr': 0.9047782400199377, 'weight_increment': 0.002278223530217896, 'min_window': 11, 'max_window': 59, 'use_full_instance': False, 'max_partners': 20, 'homeostasis': 'mean', 'target': 0.52, 'spread': 0.385, 'learning_rate': 0.003}",ppo,100,linear,0.003,,,,,,
RepeatPrevious,filterbank+proj,1,208,0.0,0.88916664,0.079324349491883,0.7092500178244042,0.8320173183902191,1024,"{'decomposition': 'legendre', 'n_filters': 12, 'slowest': 0.05503533446959869, 'input_scaling': 0.9095759553753703, 'bias_dist': 'foldnorm', 'bias_scaling': 0.04123764193322552, 'lr': 0.9047782400199377, 'weight_increment': 0.002278223530217896, 'min_window': 11, 'max_window': 59, 'use_full_instance': False, 'max_partners': 20, 'homeostasis': 'mean', 'target': 0.52, 'spread': 0.385, 'learning_rate': 0.003}",ppo,100,linear,0.003,,,,,,
RepeatPrevious,filterbank+proj,5,208,0.0,0.91250002,0.057282153998776966,0.7148710678345896,0.83014942740703,986,"{'decomposition': 'legendre', 'n_filters': 12, 'slowest': 0.05503533446959869, 'input_scaling': 0.9095759553753703, 'bias_dist': 'foldnorm', 'bias_scaling': 0.04123764193322552, 'lr': 0.9047782400199377, 'weight_increment': 0.002278223530217896, 'min_window': 11, 'max_window': 59, 'use_full_instance': False, 'max_partners': 20, 'homeostasis': 'mean', 'target': 0.52, 'spread': 0.385, 'learning_rate': 0.003}",ppo,100,linear,0.003,,,,,,
RepeatPrevious,filterbank+proj,8,208,0.0,0.9125,0.05352175570177047,0.716142123650438,0.8385973835965358,995,"{'decomposition': 'legendre', 'n_filters': 12, 'slowest': 0.05503533446959869, 'input_scaling': 0.9095759553753703, 'bias_dist': 'foldnorm', 'bias_scaling': 0.04123764193322552, 'lr': 0.9047782400199377, 'weight_increment': 0.002278223530217896, 'min_window': 11, 'max_window': 59, 'use_full_instance': False, 'max_partners': 20, 'homeostasis': 'mean', 'target': 0.52, 'spread': 0.385, 'learning_rate': 0.003}",ppo,100,linear,0.003,,,,,,
RepeatPrevious,filterbank+proj,4,208,0.0,0.8833333600000001,0.0629153055047053,0.7179245611631697,0.8353710331125828,1027,"{'decomposition': 'legendre', 'n_filters': 12, 'slowest': 0.05503533446959869, 'input_scaling': 0.9095759553753703, 'bias_dist': 'foldnorm', 'bias_scaling': 0.04123764193322552, 'lr': 0.9047782400199377, 'weight_increment': 0.002278223530217896, 'min_window': 11, 'max_window': 59, 'use_full_instance': False, 'max_partners': 20, 'homeostasis': 'mean', 'target': 0.52, 'spread': 0.385, 'learning_rate': 0.003}",ppo,100,linear,0.003,,,,,,
RepeatPrevious,filterbank+proj,6,208,0.0,0.8949999799999999,0.06413960225835205,0.7237493236911795,0.8431609852266938,1027,"{'decomposition': 'legendre', 'n_filters': 12, 'slowest': 0.05503533446959869, 'input_scaling': 0.9095759553753703, 'bias_dist': 'foldnorm', 'bias_scaling': 0.04123764193322552, 'lr': 0.9047782400199377, 'weight_increment': 0.002278223530217896, 'min_window': 11, 'max_window': 59, 'use_full_instance': False, 'max_partners': 20, 'homeostasis': 'mean', 'target': 0.52, 'spread': 0.385, 'learning_rate': 0.003}",ppo,100,linear,0.003,,,,,,
RepeatPrevious,filterbank+proj,9,208,0.0,0.91583336,0.05802896824544101,0.725200735587696,0.842227021905247,991,"{'decomposition': 'legendre', 'n_filters': 12, 'slowest': 0.05503533446959869, 'input_scaling': 0.9095759553753703, 'bias_dist': 'foldnorm', 'bias_scaling': 0.04123764193322552, 'lr': 0.9047782400199377, 'weight_increment': 0.002278223530217896, 'min_window': 11, 'max_window': 59, 'use_full_instance': False, 'max_partners': 20, 'homeostasis': 'mean', 'target': 0.52, 'spread': 0.385, 'learning_rate': 0.003}",ppo,100,linear,0.003,,,,,,
RepeatPrevious,filterbank+proj,0,208,0.0,0.9333333,0.05068961651354249,0.7905908393257282,0.8851460356597044,1021,"{'decomposition': 'legendre', 'n_filters': 12, 'slowest': 0.05503533446959869, 'input_scaling': 0.9095759553753703, 'bias_dist': 'foldnorm', 'bias_scaling': 0.04123764193322552, 'lr': 0.9047782400199377, 'weight_increment': 0.002278223530217896, 'min_window': 11, 'max_window': 59, 'use_full_instance': False, 'max_partners': 20, 'homeostasis': 'mean', 'target': 0.52, 'spread': 0.385, 'learning_rate': 0.01}",ppo,100,linear,0.01,,,,,,
RepeatPrevious,filterbank+proj,2,208,0.0,0.91166656,0.05751810381720176,0.7726327507129762,0.873917475292919,992,"{'decomposition': 'legendre', 'n_filters': 12, 'slowest': 0.05503533446959869, 'input_scaling': 0.9095759553753703, 'bias_dist': 'foldnorm', 'bias_scaling': 0.04123764193322552, 'lr': 0.9047782400199377, 'weight_increment': 0.002278223530217896, 'min_window': 11, 'max_window': 59, 'use_full_instance': False, 'max_partners': 20, 'homeostasis': 'mean', 'target': 0.52, 'spread': 0.385, 'learning_rate': 0.01}",ppo,100,linear,0.01,,,,,,
RepeatPrevious,filterbank+proj,4,208,0.0,0.9291666400000002,0.048052258590313944,0.7814876557343654,0.8814314747834946,990,"{'decomposition': 'legendre', 'n_filters': 12, 'slowest': 0.05503533446959869, 'input_scaling': 0.9095759553753703, 'bias_dist': 'foldnorm', 'bias_scaling': 0.04123764193322552, 'lr': 0.9047782400199377, 'weight_increment': 0.002278223530217896, 'min_window': 11, 'max_window': 59, 'use_full_instance': False, 'max_partners': 20, 'homeostasis': 'mean', 'target': 0.52, 'spread': 0.385, 'learning_rate': 0.01}",ppo,100,linear,0.01,,,,,,
RepeatPrevious,filterbank+proj,1,208,0.0,0.93249998,0.06002882705716979,0.7838027098187004,0.8678043841059603,1038,"{'decomposition': 'legendre', 'n_filters': 12, 'slowest': 0.05503533446959869, 'input_scaling': 0.9095759553753703, 'bias_dist': 'foldnorm', 'bias_scaling': 0.04123764193322552, 'lr': 0.9047782400199377, 'weight_increment': 0.002278223530217896, 'min_window': 11, 'max_window': 59, 'use_full_instance': False, 'max_partners': 20, 'homeostasis': 'mean', 'target': 0.52, 'spread': 0.385, 'learning_rate': 0.01}",ppo,100,linear,0.01,,,,,,
RepeatPrevious,filterbank+proj,3,208,0.0,0.9324999799999999,0.04321289763831627,0.7933981784986759,0.8839149123790117,1022,"{'decomposition': 'legendre', 'n_filters': 12, 'slowest': 0.05503533446959869, 'input_scaling': 0.9095759553753703, 'bias_dist': 'foldnorm', 'bias_scaling': 0.04123764193322552, 'lr': 0.9047782400199377, 'weight_increment': 0.002278223530217896, 'min_window': 11, 'max_window': 59, 'use_full_instance': False, 'max_partners': 20, 'homeostasis': 'mean', 'target': 0.52, 'spread': 0.385, 'learning_rate': 0.01}",ppo,100,linear,0.01,,,,,,
RepeatPrevious,filterbank+proj,7,208,0.0,0.9175000200000001,0.05236750444979787,0.7147543640761865,0.8323144834437086,1097,"{'decomposition': 'legendre', 'n_filters': 12, 'slowest': 0.05503533446959869, 'input_scaling': 0.9095759553753703, 'bias_dist': 'foldnorm', 'bias_scaling': 0.04123764193322552, 'lr': 0.9047782400199377, 'weight_increment': 0.002278223530217896, 'min_window': 11, 'max_window': 59, 'use_full_instance': False, 'max_partners': 20, 'homeostasis': 'mean', 'target': 0.52, 'spread': 0.385, 'learning_rate': 0.003}",ppo,100,linear,0.003,,,,,,
RepeatPrevious,filterbank+proj,5,208,0.0,0.93416658,0.052763878954106475,0.7862450758301079,0.884084732552216,1000,"{'decomposition': 'legendre', 'n_filters': 12, 'slowest': 0.05503533446959869, 'input_scaling': 0.9095759553753703, 'bias_dist': 'foldnorm', 'bias_scaling': 0.04123764193322552, 'lr': 0.9047782400199377, 'weight_increment': 0.002278223530217896, 'min_window': 11, 'max_window': 59, 'use_full_instance': False, 'max_partners': 20, 'homeostasis': 'mean', 'target': 0.52, 'spread': 0.385, 'learning_rate': 0.01}",ppo,100,linear,0.01,,,,,,
RepeatPrevious,filterbank+proj,8,208,0.0,0.915,0.0571060757622164,0.7895234920044816,0.8840635104431992,1004,"{'decomposition': 'legendre', 'n_filters': 12, 'slowest': 0.05503533446959869, 'input_scaling': 0.9095759553753703, 'bias_dist': 'foldnorm', 'bias_scaling': 0.04123764193322552, 'lr': 0.9047782400199377, 'weight_increment': 0.002278223530217896, 'min_window': 11, 'max_window': 59, 'use_full_instance': False, 'max_partners': 20, 'homeostasis': 'mean', 'target': 0.52, 'spread': 0.385, 'learning_rate': 0.01}",ppo,100,linear,0.01,,,,,,
RepeatPrevious,filterbank+proj,9,208,0.0,0.9200000200000001,0.050579935416522635,0.793875619779996,0.8864832761079979,991,"{'decomposition': 'legendre', 'n_filters': 12, 'slowest': 0.05503533446959869, 'input_scaling': 0.9095759553753703, 'bias_dist': 'foldnorm', 'bias_scaling': 0.04123764193322552, 'lr': 0.9047782400199377, 'weight_increment': 0.002278223530217896, 'min_window': 11, 'max_window': 59, 'use_full_instance': False, 'max_partners': 20, 'homeostasis': 'mean', 'target': 0.52, 'spread': 0.385, 'learning_rate': 0.01}",ppo,100,linear,0.01,,,,,,
RepeatPrevious,filterbank+proj,6,208,0.0,0.9449999200000001,0.04597699400606351,0.7895723010287227,0.8906223408048904,1034,"{'decomposition': 'legendre', 'n_filters': 12, 'slowest': 0.05503533446959869, 'input_scaling': 0.9095759553753703, 'bias_dist': 'foldnorm', 'bias_scaling': 0.04123764193322552, 'lr': 0.9047782400199377, 'weight_increment': 0.002278223530217896, 'min_window': 11, 'max_window': 59, 'use_full_instance': False, 'max_partners': 20, 'homeostasis': 'mean', 'target': 0.52, 'spread': 0.385, 'learning_rate': 0.01}",ppo,100,linear,0.01,,,,,,
RepeatPrevious,filterbank+proj,7,208,0.0,0.9291666199999997,0.05153876696308905,0.7795248506824201,0.8779504095771778,1027,"{'decomposition': 'legendre', 'n_filters': 12, 'slowest': 0.05503533446959869, 'input_scaling': 0.9095759553753703, 'bias_dist': 'foldnorm', 'bias_scaling': 0.04123764193322552, 'lr': 0.9047782400199377, 'weight_increment': 0.002278223530217896, 'min_window': 11, 'max_window': 59, 'use_full_instance': False, 'max_partners': 20, 'homeostasis': 'mean', 'target': 0.52, 'spread': 0.385, 'learning_rate': 0.01}",ppo,100,linear,0.01,,,,,,
RepeatPrevious,filterbank+esn,0,192,3.8541666666666665,0.99833332,0.008165031129003736,0.8282394729943386,0.8955569586734694,745,"{'decomposition': 'ema', 'n_filters': 12, 'slowest': 0.0068481211016550025, 'input_scaling': 0.929634188755156, 'bias_dist': 'foldnorm', 'bias_scaling': 0.0004530104948033912, 'lr': 0.9407030287660403, 'sr': 0.9778712320759426, 'rc_connectivity': 0.020075371100608825, 'learning_rate': 0.0001}",dqn,100,linear,0.0001,,,,,,
RepeatPrevious,filterbank+esn,2,192,3.8541666666666665,0.9974999800000001,0.00989536423481218,0.8280758461773856,0.8988307698979592,748,"{'decomposition': 'ema', 'n_filters': 12, 'slowest': 0.0068481211016550025, 'input_scaling': 0.929634188755156, 'bias_dist': 'foldnorm', 'bias_scaling': 0.0004530104948033912, 'lr': 0.9407030287660403, 'sr': 0.9778712320759426, 'rc_connectivity': 0.020075371100608825, 'learning_rate': 0.0001}",dqn,100,linear,0.0001,,,,,,
RepeatPrevious,filterbank+esn,1,192,3.8541666666666665,0.8691665999999999,0.20800140704658707,0.8075984677921151,0.8598001642857143,752,"{'decomposition': 'ema', 'n_filters': 12, 'slowest': 0.0068481211016550025, 'input_scaling': 0.929634188755156, 'bias_dist': 'foldnorm', 'bias_scaling': 0.0004530104948033912, 'lr': 0.9407030287660403, 'sr': 0.9778712320759426, 'rc_connectivity': 0.020075371100608825, 'learning_rate': 0.0001}",dqn,100,linear,0.0001,,,,,,
RepeatPrevious,filterbank+esn,5,192,3.8541666666666665,0.9924999800000001,0.019878107164908836,0.8362446924057734,0.9005739607142857,743,"{'decomposition': 'ema', 'n_filters': 12, 'slowest': 0.0068481211016550025, 'input_scaling': 0.929634188755156, 'bias_dist': 'foldnorm', 'bias_scaling': 0.0004530104948033912, 'lr': 0.9407030287660403, 'sr': 0.9778712320759426, 'rc_connectivity': 0.020075371100608825, 'learning_rate': 0.0001}",dqn,100,linear,0.0001,,,,,,
RepeatPrevious,filterbank+esn,3,192,3.8541666666666665,0.99333328,0.015275374518538002,0.8310530939970419,0.8892857096938775,759,"{'decomposition': 'ema', 'n_filters': 12, 'slowest': 0.0068481211016550025, 'input_scaling': 0.929634188755156, 'bias_dist': 'foldnorm', 'bias_scaling': 0.0004530104948033912, 'lr': 0.9407030287660403, 'sr': 0.9778712320759426, 'rc_connectivity': 0.020075371100608825, 'learning_rate': 0.0001}",dqn,100,linear,0.0001,,,,,,
RepeatPrevious,filterbank+esn,4,192,3.8541666666666665,0.98583332,0.027144124799624688,0.807218074514204,0.8841411382653062,761,"{'decomposition': 'ema', 'n_filters': 12, 'slowest': 0.0068481211016550025, 'input_scaling': 0.929634188755156, 'bias_dist': 'foldnorm', 'bias_scaling': 0.0004530104948033912, 'lr': 0.9407030287660403, 'sr': 0.9778712320759426, 'rc_connectivity': 0.020075371100608825, 'learning_rate': 0.0001}",dqn,100,linear,0.0001,,,,,,
RepeatPrevious,filterbank+esn,6,192,3.8541666666666665,1.0,0.0,0.8216729458866731,0.8995960785714285,757,"{'decomposition': 'ema', 'n_filters': 12, 'slowest': 0.0068481211016550025, 'input_scaling': 0.929634188755156, 'bias_dist': 'foldnorm', 'bias_scaling': 0.0004530104948033912, 'lr': 0.9407030287660403, 'sr': 0.9778712320759426, 'rc_connectivity': 0.020075371100608825, 'learning_rate': 0.0001}",dqn,100,linear,0.0001,,,,,,
RepeatPrevious,filterbank+esn,9,192,3.8541666666666665,0.9574999599999999,0.05862420755249831,0.8270919263528331,0.8862670035714286,735,"{'decomposition': 'ema', 'n_filters': 12, 'slowest': 0.0068481211016550025, 'input_scaling': 0.929634188755156, 'bias_dist': 'foldnorm', 'bias_scaling': 0.0004530104948033912, 'lr': 0.9407030287660403, 'sr': 0.9778712320759426, 'rc_connectivity': 0.020075371100608825, 'learning_rate': 0.0001}",dqn,100,linear,0.0001,,,,,,
RepeatPrevious,filterbank+esn,8,192,3.8541666666666665,0.95749992,0.0603749891192835,0.8255767394297955,0.8849702275510204,741,"{'decomposition': 'ema', 'n_filters': 12, 'slowest': 0.0068481211016550025, 'input_scaling': 0.929634188755156, 'bias_dist': 'foldnorm', 'bias_scaling': 0.0004530104948033912, 'lr': 0.9407030287660403, 'sr': 0.9778712320759426, 'rc_connectivity': 0.020075371100608825, 'learning_rate': 0.0001}",dqn,100,linear,0.0001,,,,,,
RepeatPrevious,filterbank+esn,7,192,3.8541666666666665,0.9299999399999999,0.07657601481205717,0.8229735014535624,0.8788052586734694,752,"{'decomposition': 'ema', 'n_filters': 12, 'slowest': 0.0068481211016550025, 'input_scaling': 0.929634188755156, 'bias_dist': 'foldnorm', 'bias_scaling': 0.0004530104948033912, 'lr': 0.9407030287660403, 'sr': 0.9778712320759426, 'rc_connectivity': 0.020075371100608825, 'learning_rate': 0.0001}",dqn,100,linear,0.0001,,,,,,
RepeatPrevious,filterbank+esn,1,192,3.8541666666666665,0.89749996,0.11062005353695323,0.734461329117152,0.8040816301020409,750,"{'decomposition': 'ema', 'n_filters': 12, 'slowest': 0.0068481211016550025, 'input_scaling': 0.929634188755156, 'bias_dist': 'foldnorm', 'bias_scaling': 0.0004530104948033912, 'lr': 0.9407030287660403, 'sr': 0.9778712320759426, 'rc_connectivity': 0.020075371100608825, 'learning_rate': 0.0003}",dqn,100,linear,0.0003,,,,,,
RepeatPrevious,filterbank+esn,0,192,3.8541666666666665,0.9533332999999999,0.06802776557355092,0.7412764930382006,0.7982355377551021,757,"{'decomposition': 'ema', 'n_filters': 12, 'slowest': 0.0068481211016550025, 'input_scaling': 0.929634188755156, 'bias_dist': 'foldnorm', 'bias_scaling': 0.0004530104948033912, 'lr': 0.9407030287660403, 'sr': 0.9778712320759426, 'rc_connectivity': 0.020075371100608825, 'learning_rate': 0.0003}",dqn,100,linear,0.0003,,,,,,
RepeatPrevious,filterbank+esn,2,192,3.8541666666666665,0.95749994,0.04525389375574659,0.7818253622685775,0.8587159826530611,754,"{'decomposition': 'ema', 'n_filters': 12, 'slowest': 0.0068481211016550025, 'input_scaling': 0.929634188755156, 'bias_dist': 'foldnorm', 'bias_scaling': 0.0004530104948033912, 'lr': 0.9407030287660403, 'sr': 0.9778712320759426, 'rc_connectivity': 0.020075371100608825, 'learning_rate': 0.0003}",dqn,100,linear,0.0003,,,,,,
RepeatPrevious,filterbank+esn,3,192,3.8541666666666665,0.9508332399999999,0.04540702637811025,0.7793092524098536,0.8327593469387756,760,"{'decomposition': 'ema', 'n_filters': 12, 'slowest': 0.0068481211016550025, 'input_scaling': 0.929634188755156, 'bias_dist': 'foldnorm', 'bias_scaling': 0.0004530104948033912, 'lr': 0.9407030287660403, 'sr': 0.9778712320759426, 'rc_connectivity': 0.020075371100608825, 'learning_rate': 0.0003}",dqn,100,linear,0.0003,,,,,,
RepeatPrevious,filterbank+esn,5,192,3.8541666666666665,0.9458333,0.08670266079498368,0.7777728157290763,0.8259778994897959,754,"{'decomposition': 'ema', 'n_filters': 12, 'slowest': 0.0068481211016550025, 'input_scaling': 0.929634188755156, 'bias_dist': 'foldnorm', 'bias_scaling': 0.0004530104948033912, 'lr': 0.9407030287660403, 'sr': 0.9778712320759426, 'rc_connectivity': 0.020075371100608825, 'learning_rate': 0.0003}",dqn,100,linear,0.0003,,,,,,
RepeatPrevious,filterbank+esn,4,192,3.8541666666666665,0.91250002,0.09437288717306258,0.6958122940276431,0.7710884280612245,766,"{'decomposition': 'ema', 'n_filters': 12, 'slowest': 0.0068481211016550025, 'input_scaling': 0.929634188755156, 'bias_dist': 'foldnorm', 'bias_scaling': 0.0004530104948033912, 'lr': 0.9407030287660403, 'sr': 0.9778712320759426, 'rc_connectivity': 0.020075371100608825, 'learning_rate': 0.0003}",dqn,100,linear,0.0003,,,,,,
RepeatPrevious,filterbank+esn,6,192,3.8541666666666665,0.9541666,0.05086065386091689,0.731335315907584,0.8376913239795919,763,"{'decomposition': 'ema', 'n_filters': 12, 'slowest': 0.0068481211016550025, 'input_scaling': 0.929634188755156, 'bias_dist': 'foldnorm', 'bias_scaling': 0.0004530104948033912, 'lr': 0.9407030287660403, 'sr': 0.9778712320759426, 'rc_connectivity': 0.020075371100608825, 'learning_rate': 0.0003}",dqn,100,linear,0.0003,,,,,,
RepeatPrevious,filterbank+esn,7,192,3.8541666666666665,0.9249999199999999,0.06922179088548346,0.7617815006375275,0.8241496576530613,761,"{'decomposition': 'ema', 'n_filters': 12, 'slowest': 0.0068481211016550025, 'input_scaling': 0.929634188755156, 'bias_dist': 'foldnorm', 'bias_scaling': 0.0004530104948033912, 'lr': 0.9407030287660403, 'sr': 0.9778712320759426, 'rc_connectivity': 0.020075371100608825, 'learning_rate': 0.0003}",dqn,100,linear,0.0003,,,,,,
RepeatPrevious,filterbank+esn,8,192,3.8541666666666665,0.7925000000000001,0.08436452980346658,0.7447382676595093,0.783907319897959,756,"{'decomposition': 'ema', 'n_filters': 12, 'slowest': 0.0068481211016550025, 'input_scaling': 0.929634188755156, 'bias_dist': 'foldnorm', 'bias_scaling': 0.0004530104948033912, 'lr': 0.9407030287660403, 'sr': 0.9778712320759426, 'rc_connectivity': 0.020075371100608825, 'learning_rate': 0.0003}",dqn,100,linear,0.0003,,,,,,
RepeatPrevious,filterbank+esn,0,192,3.8541666666666665,0.42583334,0.12890838861619675,0.3404566418626001,0.3066751801020408,747,"{'decomposition': 'ema', 'n_filters': 12, 'slowest': 0.0068481211016550025, 'input_scaling': 0.929634188755156, 'bias_dist': 'foldnorm', 'bias_scaling': 0.0004530104948033912, 'lr': 0.9407030287660403, 'sr': 0.9778712320759426, 'rc_connectivity': 0.020075371100608825, 'learning_rate': 0.001}",dqn,100,linear,0.001,,,,,,
RepeatPrevious,filterbank+esn,9,192,3.8541666666666665,0.8666666199999998,0.09166660181852276,0.7590762593971541,0.8132652984693877,762,"{'decomposition': 'ema', 'n_filters': 12, 'slowest': 0.0068481211016550025, 'input_scaling': 0.929634188755156, 'bias_dist': 'foldnorm', 'bias_scaling': 0.0004530104948033912, 'lr': 0.9407030287660403, 'sr': 0.9778712320759426, 'rc_connectivity': 0.020075371100608825, 'learning_rate': 0.0003}",dqn,100,linear,0.0003,,,,,,
RepeatPrevious,filterbank+esn,1,192,3.8541666666666665,0.9541666799999998,0.04658465531886653,0.5017871995205794,0.5721088464285713,752,"{'decomposition': 'ema', 'n_filters': 12, 'slowest': 0.0068481211016550025, 'input_scaling': 0.929634188755156, 'bias_dist': 'foldnorm', 'bias_scaling': 0.0004530104948033912, 'lr': 0.9407030287660403, 'sr': 0.9778712320759426, 'rc_connectivity': 0.020075371100608825, 'learning_rate': 0.001}",dqn,100,linear,0.001,,,,,,
RepeatPrevious,filterbank+esn,4,192,3.8541666666666665,0.6016667,0.226562494199393,0.28783512653644105,0.38673469336734695,754,"{'decomposition': 'ema', 'n_filters': 12, 'slowest': 0.0068481211016550025, 'input_scaling': 0.929634188755156, 'bias_dist': 'foldnorm', 'bias_scaling': 0.0004530104948033912, 'lr': 0.9407030287660403, 'sr': 0.9778712320759426, 'rc_connectivity': 0.020075371100608825, 'learning_rate': 0.001}",dqn,100,linear,0.001,,,,,,
RepeatPrevious,filterbank+esn,2,192,3.8541666666666665,0.8216666599999999,0.09790861873351293,0.5686000711990616,0.6506802612244899,763,"{'decomposition': 'ema', 'n_filters': 12, 'slowest': 0.0068481211016550025, 'input_scaling': 0.929634188755156, 'bias_dist': 'foldnorm', 'bias_scaling': 0.0004530104948033912, 'lr': 0.9407030287660403, 'sr': 0.9778712320759426, 'rc_connectivity': 0.020075371100608825, 'learning_rate': 0.001}",dqn,100,linear,0.001,,,,,,
RepeatPrevious,filterbank+esn,3,192,3.8541666666666665,0.43916666000000004,0.23646850922612167,0.5230487393787934,0.526126693877551,768,"{'decomposition': 'ema', 'n_filters': 12, 'slowest': 0.0068481211016550025, 'input_scaling': 0.929634188755156, 'bias_dist': 'foldnorm', 'bias_scaling': 0.0004530104948033912, 'lr': 0.9407030287660403, 'sr': 0.9778712320759426, 'rc_connectivity': 0.020075371100608825, 'learning_rate': 0.001}",dqn,100,linear,0.001,,,,,,
RepeatPrevious,filterbank+esn,6,192,3.8541666666666665,0.6849998999999998,0.22793760062317492,0.3781982631203142,0.531101199489796,749,"{'decomposition': 'ema', 'n_filters': 12, 'slowest': 0.0068481211016550025, 'input_scaling': 0.929634188755156, 'bias_dist': 'foldnorm', 'bias_scaling': 0.0004530104948033912, 'lr': 0.9407030287660403, 'sr': 0.9778712320759426, 'rc_connectivity': 0.020075371100608825, 'learning_rate': 0.001}",dqn,100,linear,0.001,,,,,,
RepeatPrevious,filterbank+esn,5,192,3.8541666666666665,0.5791666400000001,0.21250006745116673,0.4942048752996379,0.47578655969387756,760,"{'decomposition': 'ema', 'n_filters': 12, 'slowest': 0.0068481211016550025, 'input_scaling': 0.929634188755156, 'bias_dist': 'foldnorm', 'bias_scaling': 0.0004530104948033912, 'lr': 0.9407030287660403, 'sr': 0.9778712320759426, 'rc_connectivity': 0.020075371100608825, 'learning_rate': 0.001}",dqn,100,linear,0.001,,,,,,
RepeatPrevious,filterbank+esn,7,192,3.8541666666666665,0.6375,0.21750641114449937,0.5046858281226093,0.5676233020408162,751,"{'decomposition': 'ema', 'n_filters': 12, 'slowest': 0.0068481211016550025, 'input_scaling': 0.929634188755156, 'bias_dist': 'foldnorm', 'bias_scaling': 0.0004530104948033912, 'lr': 0.9407030287660403, 'sr': 0.9778712320759426, 'rc_connectivity': 0.020075371100608825, 'learning_rate': 0.001}",dqn,100,linear,0.001,,,,,,
RepeatPrevious,filterbank+esn,8,192,3.8541666666666665,0.32416674,0.1334088711445847,0.4303161295965727,0.3915603683673469,751,"{'decomposition': 'ema', 'n_filters': 12, 'slowest': 0.0068481211016550025, 'input_scaling': 0.929634188755156, 'bias_dist': 'foldnorm', 'bias_scaling': 0.0004530104948033912, 'lr': 0.9407030287660403, 'sr': 0.9778712320759426, 'rc_connectivity': 0.020075371100608825, 'learning_rate': 0.001}",dqn,100,linear,0.001,,,,,,
RepeatPrevious,filterbank+esn,9,192,3.8541666666666665,0.5108333599999999,0.13814497006996093,0.44664107839037076,0.47510628367346935,755,"{'decomposition': 'ema', 'n_filters': 12, 'slowest': 0.0068481211016550025, 'input_scaling': 0.929634188755156, 'bias_dist': 'foldnorm', 'bias_scaling': 0.0004530104948033912, 'lr': 0.9407030287660403, 'sr': 0.9778712320759426, 'rc_connectivity': 0.020075371100608825, 'learning_rate': 0.001}",dqn,100,linear,0.001,,,,,,
RepeatPrevious,filterbank+esn,1,192,3.8541666666666665,-0.26499997999999997,0.14403891272104075,-0.0473109077370327,-0.058715979591836734,756,"{'decomposition': 'ema', 'n_filters': 12, 'slowest': 0.0068481211016550025, 'input_scaling': 0.929634188755156, 'bias_dist': 'foldnorm', 'bias_scaling': 0.0004530104948033912, 'lr': 0.9407030287660403, 'sr': 0.9778712320759426, 'rc_connectivity': 0.020075371100608825, 'learning_rate': 0.003}",dqn,100,linear,0.003,,,,,,
RepeatPrevious,filterbank+esn,3,192,3.8541666666666665,-0.15,0.2419538557936203,-0.002273848625490902,-0.08758502499999998,751,"{'decomposition': 'ema', 'n_filters': 12, 'slowest': 0.0068481211016550025, 'input_scaling': 0.929634188755156, 'bias_dist': 'foldnorm', 'bias_scaling': 0.0004530104948033912, 'lr': 0.9407030287660403, 'sr': 0.9778712320759426, 'rc_connectivity': 0.020075371100608825, 'learning_rate': 0.003}",dqn,100,linear,0.003,,,,,,
RepeatPrevious,filterbank+esn,2,192,3.8541666666666665,-0.33749998000000003,0.11703808568179676,0.021284912480236652,0.021215986224489794,757,"{'decomposition': 'ema', 'n_filters': 12, 'slowest': 0.0068481211016550025, 'input_scaling': 0.929634188755156, 'bias_dist': 'foldnorm', 'bias_scaling': 0.0004530104948033912, 'lr': 0.9407030287660403, 'sr': 0.9778712320759426, 'rc_connectivity': 0.020075371100608825, 'learning_rate': 0.003}",dqn,100,linear,0.003,,,,,,
RepeatPrevious,filterbank+esn,0,192,3.8541666666666665,0.07666660000000002,0.18415727638222715,-0.11827621099607281,-0.1313775551020408,814,"{'decomposition': 'ema', 'n_filters': 12, 'slowest': 0.0068481211016550025, 'input_scaling': 0.929634188755156, 'bias_dist': 'foldnorm', 'bias_scaling': 0.0004530104948033912, 'lr': 0.9407030287660403, 'sr': 0.9778712320759426, 'rc_connectivity': 0.020075371100608825, 'learning_rate': 0.003}",dqn,100,linear,0.003,,,,,,
RepeatPrevious,filterbank+esn,5,192,3.8541666666666665,-0.0925,0.1051750894676111,-0.04131815025246086,-0.12404336887755103,767,"{'decomposition': 'ema', 'n_filters': 12, 'slowest': 0.0068481211016550025, 'input_scaling': 0.929634188755156, 'bias_dist': 'foldnorm', 'bias_scaling': 0.0004530104948033912, 'lr': 0.9407030287660403, 'sr': 0.9778712320759426, 'rc_connectivity': 0.020075371100608825, 'learning_rate': 0.003}",dqn,100,linear,0.003,,,,,,
RepeatPrevious,filterbank+esn,4,192,3.8541666666666665,-0.29999996,0.20799965972212167,-0.14497373509460906,-0.14043366479591837,790,"{'decomposition': 'ema', 'n_filters': 12, 'slowest': 0.0068481211016550025, 'input_scaling': 0.929634188755156, 'bias_dist': 'foldnorm', 'bias_scaling': 0.0004530104948033912, 'lr': 0.9407030287660403, 'sr': 0.9778712320759426, 'rc_connectivity': 0.020075371100608825, 'learning_rate': 0.003}",dqn,100,linear,0.003,,,,,,
RepeatPrevious,filterbank+esn,6,192,3.8541666666666665,-0.30916666,0.08083340350563249,-0.10333681960524303,-0.06201104846938775,754,"{'decomposition': 'ema', 'n_filters': 12, 'slowest': 0.0068481211016550025, 'input_scaling': 0.929634188755156, 'bias_dist': 'foldnorm', 'bias_scaling': 0.0004530104948033912, 'lr': 0.9407030287660403, 'sr': 0.9778712320759426, 'rc_connectivity': 0.020075371100608825, 'learning_rate': 0.003}",dqn,100,linear,0.003,,,,,,
RepeatPrevious,filterbank+esn,7,192,3.8541666666666665,0.05083334,0.15462544310566875,-0.046006104554495844,-0.03947704540816326,754,"{'decomposition': 'ema', 'n_filters': 12, 'slowest': 0.0068481211016550025, 'input_scaling': 0.929634188755156, 'bias_dist': 'foldnorm', 'bias_scaling': 0.0004530104948033912, 'lr': 0.9407030287660403, 'sr': 0.9778712320759426, 'rc_connectivity': 0.020075371100608825, 'learning_rate': 0.003}",dqn,100,linear,0.003,,,,,,
RepeatPrevious,filterbank+esn,9,192,3.8541666666666665,-0.13833336,0.16696640167695537,-0.0747989660325394,-0.08599065,754,"{'decomposition': 'ema', 'n_filters': 12, 'slowest': 0.0068481211016550025, 'input_scaling': 0.929634188755156, 'bias_dist': 'foldnorm', 'bias_scaling': 0.0004530104948033912, 'lr': 0.9407030287660403, 'sr': 0.9778712320759426, 'rc_connectivity': 0.020075371100608825, 'learning_rate': 0.003}",dqn,100,linear,0.003,,,,,,
RepeatPrevious,filterbank+esn,8,192,3.8541666666666665,-0.15083336,0.21808673162572362,-0.04822044861529045,-0.11721937857142857,760,"{'decomposition': 'ema', 'n_filters': 12, 'slowest': 0.0068481211016550025, 'input_scaling': 0.929634188755156, 'bias_dist': 'foldnorm', 'bias_scaling': 0.0004530104948033912, 'lr': 0.9407030287660403, 'sr': 0.9778712320759426, 'rc_connectivity': 0.020075371100608825, 'learning_rate': 0.003}",dqn,100,linear,0.003,,,,,,
RepeatPrevious,filterbank+hag,0,208,4.855769230769231,0.9708332799999999,0.03359269431232927,0.7643231105217524,0.8415391051020408,769,"{'decomposition': 'legendre', 'n_filters': 12, 'slowest': 0.05503533446959869, 'input_scaling': 0.9095759553753703, 'bias_dist': 'foldnorm', 'bias_scaling': 0.04123764193322552, 'lr': 0.9047782400199377, 'weight_increment': 0.002278223530217896, 'min_window': 11, 'max_window': 59, 'use_full_instance': False, 'max_partners': 20, 'homeostasis': 'mean', 'target': 0.52, 'spread': 0.385, 'learning_rate': 0.0001}",dqn,100,linear,0.0001,,,,,,
RepeatPrevious,filterbank+hag,1,208,4.875,0.46,0.08973727703112012,0.7607104612638343,0.8413265423469388,767,"{'decomposition': 'legendre', 'n_filters': 12, 'slowest': 0.05503533446959869, 'input_scaling': 0.9095759553753703, 'bias_dist': 'foldnorm', 'bias_scaling': 0.04123764193322552, 'lr': 0.9047782400199377, 'weight_increment': 0.002278223530217896, 'min_window': 11, 'max_window': 59, 'use_full_instance': False, 'max_partners': 20, 'homeostasis': 'mean', 'target': 0.52, 'spread': 0.385, 'learning_rate': 0.0001}",dqn,100,linear,0.0001,,,,,,
RepeatPrevious,filterbank+hag,2,208,5.649038461538462,0.9991666599999999,0.005833380000000002,0.7718756869995409,0.8400085035714285,760,"{'decomposition': 'legendre', 'n_filters': 12, 'slowest': 0.05503533446959869, 'input_scaling': 0.9095759553753703, 'bias_dist': 'foldnorm', 'bias_scaling': 0.04123764193322552, 'lr': 0.9047782400199377, 'weight_increment': 0.002278223530217896, 'min_window': 11, 'max_window': 59, 'use_full_instance': False, 'max_partners': 20, 'homeostasis': 'mean', 'target': 0.52, 'spread': 0.385, 'learning_rate': 0.0001}",dqn,100,linear,0.0001,,,,,,
RepeatPrevious,filterbank+hag,3,208,4.581730769230769,0.9608332399999999,0.03375764802326133,0.7703477478451574,0.829166661734694,757,"{'decomposition': 'legendre', 'n_filters': 12, 'slowest': 0.05503533446959869, 'input_scaling': 0.9095759553753703, 'bias_dist': 'foldnorm', 'bias_scaling': 0.04123764193322552, 'lr': 0.9047782400199377, 'weight_increment': 0.002278223530217896, 'min_window': 11, 'max_window': 59, 'use_full_instance': False, 'max_partners': 20, 'homeostasis': 'mean', 'target': 0.52, 'spread': 0.385, 'learning_rate': 0.0001}",dqn,100,linear,0.0001,,,,,,
RepeatPrevious,filterbank+hag,4,208,4.264423076923077,0.89583342,0.06081046373843567,0.732070602743918,0.8200042474489796,755,"{'decomposition': 'legendre', 'n_filters': 12, 'slowest': 0.05503533446959869, 'input_scaling': 0.9095759553753703, 'bias_dist': 'foldnorm', 'bias_scaling': 0.04123764193322552, 'lr': 0.9047782400199377, 'weight_increment': 0.002278223530217896, 'min_window': 11, 'max_window': 59, 'use_full_instance': False, 'max_partners': 20, 'homeostasis': 'mean', 'target': 0.52, 'spread': 0.385, 'learning_rate': 0.0001}",dqn,100,linear,0.0001,,,,,,
RepeatPrevious,filterbank+hag,5,208,5.360576923076923,0.9974999800000001,0.00989536423481218,0.7845603548732595,0.851466831632653,769,"{'decomposition': 'legendre', 'n_filters': 12, 'slowest': 0.05503533446959869, 'input_scaling': 0.9095759553753703, 'bias_dist': 'foldnorm', 'bias_scaling': 0.04123764193322552, 'lr': 0.9047782400199377, 'weight_increment': 0.002278223530217896, 'min_window': 11, 'max_window': 59, 'use_full_instance': False, 'max_partners': 20, 'homeostasis': 'mean', 'target': 0.52, 'spread': 0.385, 'learning_rate': 0.0001}",dqn,100,linear,0.0001,,,,,,
RepeatPrevious,filterbank+hag,6,208,4.288461538461538,0.92333324,0.053593030434772024,0.7634178254704952,0.8430909979591836,759,"{'decomposition': 'legendre', 'n_filters': 12, 'slowest': 0.05503533446959869, 'input_scaling': 0.9095759553753703, 'bias_dist': 'foldnorm', 'bias_scaling': 0.04123764193322552, 'lr': 0.9047782400199377, 'weight_increment': 0.002278223530217896, 'min_window': 11, 'max_window': 59, 'use_full_instance': False, 'max_partners': 20, 'homeostasis': 'mean', 'target': 0.52, 'spread': 0.385, 'learning_rate': 0.0001}",dqn,100,linear,0.0001,,,,,,
RepeatPrevious,filterbank+hag,7,208,5.024038461538462,0.99083328,0.019166742609050713,0.7721795746927118,0.8397533913265306,759,"{'decomposition': 'legendre', 'n_filters': 12, 'slowest': 0.05503533446959869, 'input_scaling': 0.9095759553753703, 'bias_dist': 'foldnorm', 'bias_scaling': 0.04123764193322552, 'lr': 0.9047782400199377, 'weight_increment': 0.002278223530217896, 'min_window': 11, 'max_window': 59, 'use_full_instance': False, 'max_partners': 20, 'homeostasis': 'mean', 'target': 0.52, 'spread': 0.385, 'learning_rate': 0.0001}",dqn,100,linear,0.0001,,,,,,
RepeatPrevious,filterbank+hag,9,208,4.548076923076923,0.85749998,0.06014453304847915,0.7520868397001071,0.8283588494897959,769,"{'decomposition': 'legendre', 'n_filters': 12, 'slowest': 0.05503533446959869, 'input_scaling': 0.9095759553753703, 'bias_dist': 'foldnorm', 'bias_scaling': 0.04123764193322552, 'lr': 0.9047782400199377, 'weight_increment': 0.002278223530217896, 'min_window': 11, 'max_window': 59, 'use_full_instance': False, 'max_partners': 20, 'homeostasis': 'mean', 'target': 0.52, 'spread': 0.385, 'learning_rate': 0.0001}",dqn,100,linear,0.0001,,,,,,
RepeatPrevious,filterbank+hag,0,208,4.855769230769231,0.9958332999999999,0.012500100000000004,0.6910584616208497,0.7603953928571427,767,"{'decomposition': 'legendre', 'n_filters': 12, 'slowest': 0.05503533446959869, 'input_scaling': 0.9095759553753703, 'bias_dist': 'foldnorm', 'bias_scaling': 0.04123764193322552, 'lr': 0.9047782400199377, 'weight_increment': 0.002278223530217896, 'min_window': 11, 'max_window': 59, 'use_full_instance': False, 'max_partners': 20, 'homeostasis': 'mean', 'target': 0.52, 'spread': 0.385, 'learning_rate': 0.0003}",dqn,100,linear,0.0003,,,,,,
RepeatPrevious,filterbank+hag,1,208,4.875,0.9008333199999999,0.06002887842145312,0.6782399118682103,0.7314413275510204,767,"{'decomposition': 'legendre', 'n_filters': 12, 'slowest': 0.05503533446959869, 'input_scaling': 0.9095759553753703, 'bias_dist': 'foldnorm', 'bias_scaling': 0.04123764193322552, 'lr': 0.9047782400199377, 'weight_increment': 0.002278223530217896, 'min_window': 11, 'max_window': 59, 'use_full_instance': False, 'max_partners': 20, 'homeostasis': 'mean', 'target': 0.52, 'spread': 0.385, 'learning_rate': 0.0003}",dqn,100,linear,0.0003,,,,,,
RepeatPrevious,filterbank+hag,8,208,5.110576923076923,0.83250006,0.06640049439286126,0.7468293593104504,0.8259991576530612,800,"{'decomposition': 'legendre', 'n_filters': 12, 'slowest': 0.05503533446959869, 'input_scaling': 0.9095759553753703, 'bias_dist': 'foldnorm', 'bias_scaling': 0.04123764193322552, 'lr': 0.9047782400199377, 'weight_increment': 0.002278223530217896, 'min_window': 11, 'max_window': 59, 'use_full_instance': False, 'max_partners': 20, 'homeostasis': 'mean', 'target': 0.52, 'spread': 0.385, 'learning_rate': 0.0001}",dqn,100,linear,0.0001,,,,,,
RepeatPrevious,filterbank+hag,2,208,5.649038461538462,0.99083326,0.0172604007297745,0.707697930280002,0.7467899709183675,767,"{'decomposition': 'legendre', 'n_filters': 12, 'slowest': 0.05503533446959869, 'input_scaling': 0.9095759553753703, 'bias_dist': 'foldnorm', 'bias_scaling': 0.04123764193322552, 'lr': 0.9047782400199377, 'weight_increment': 0.002278223530217896, 'min_window': 11, 'max_window': 59, 'use_full_instance': False, 'max_partners': 20, 'homeostasis': 'mean', 'target': 0.52, 'spread': 0.385, 'learning_rate': 0.0003}",dqn,100,linear,0.0003,,,,,,
RepeatPrevious,filterbank+hag,5,208,5.360576923076923,0.84583332,0.06249994933388026,0.7164979356352323,0.7397746693877552,743,"{'decomposition': 'legendre', 'n_filters': 12, 'slowest': 0.05503533446959869, 'input_scaling': 0.9095759553753703, 'bias_dist': 'foldnorm', 'bias_scaling': 0.04123764193322552, 'lr': 0.9047782400199377, 'weight_increment': 0.002278223530217896, 'min_window': 11, 'max_window': 59, 'use_full_instance': False, 'max_partners': 20, 'homeostasis': 'mean', 'target': 0.52, 'spread': 0.385, 'learning_rate': 0.0003}",dqn,100,linear,0.0003,,,,,,
RepeatPrevious,filterbank+hag,3,208,4.581730769230769,0.95666662,0.03905116814380333,0.6992676904676901,0.7313350204081632,773,"{'decomposition': 'legendre', 'n_filters': 12, 'slowest': 0.05503533446959869, 'input_scaling': 0.9095759553753703, 'bias_dist': 'foldnorm', 'bias_scaling': 0.04123764193322552, 'lr': 0.9047782400199377, 'weight_increment': 0.002278223530217896, 'min_window': 11, 'max_window': 59, 'use_full_instance': False, 'max_partners': 20, 'homeostasis': 'mean', 'target': 0.52, 'spread': 0.385, 'learning_rate': 0.0003}",dqn,100,linear,0.0003,,,,,,
RepeatPrevious,filterbank+hag,4,208,4.264423076923077,0.92749998,0.03979976116736883,0.6511789996429848,0.7080782367346938,760,"{'decomposition': 'legendre', 'n_filters': 12, 'slowest': 0.05503533446959869, 'input_scaling': 0.9095759553753703, 'bias_dist': 'foldnorm', 'bias_scaling': 0.04123764193322552, 'lr': 0.9047782400199377, 'weight_increment': 0.002278223530217896, 'min_window': 11, 'max_window': 59, 'use_full_instance': False, 'max_partners': 20, 'homeostasis': 'mean', 'target': 0.52, 'spread': 0.385, 'learning_rate': 0.0003}",dqn,100,linear,0.0003,,,,,,
RepeatPrevious,filterbank+hag,6,208,4.288461538461538,0.7566666000000001,0.06788472091273559,0.6705640842046208,0.7237457469387755,773,"{'decomposition': 'legendre', 'n_filters': 12, 'slowest': 0.05503533446959869, 'input_scaling': 0.9095759553753703, 'bias_dist': 'foldnorm', 'bias_scaling': 0.04123764193322552, 'lr': 0.9047782400199377, 'weight_increment': 0.002278223530217896, 'min_window': 11, 'max_window': 59, 'use_full_instance': False, 'max_partners': 20, 'homeostasis': 'mean', 'target': 0.52, 'spread': 0.385, 'learning_rate': 0.0003}",dqn,100,linear,0.0003,,,,,,
RepeatPrevious,filterbank+hag,7,208,5.024038461538462,0.91583332,0.0562051695929974,0.6931176784821746,0.7296981331632653,754,"{'decomposition': 'legendre', 'n_filters': 12, 'slowest': 0.05503533446959869, 'input_scaling': 0.9095759553753703, 'bias_dist': 'foldnorm', 'bias_scaling': 0.04123764193322552, 'lr': 0.9047782400199377, 'weight_increment': 0.002278223530217896, 'min_window': 11, 'max_window': 59, 'use_full_instance': False, 'max_partners': 20, 'homeostasis': 'mean', 'target': 0.52, 'spread': 0.385, 'learning_rate': 0.0003}",dqn,100,linear,0.0003,,,,,,
RepeatPrevious,filterbank+hag,8,208,5.110576923076923,0.92749998,0.048455275943281965,0.6673381931453053,0.7156250045918368,767,"{'decomposition': 'legendre', 'n_filters': 12, 'slowest': 0.05503533446959869, 'input_scaling': 0.9095759553753703, 'bias_dist': 'foldnorm', 'bias_scaling': 0.04123764193322552, 'lr': 0.9047782400199377, 'weight_increment': 0.002278223530217896, 'min_window': 11, 'max_window': 59, 'use_full_instance': False, 'max_partners': 20, 'homeostasis': 'mean', 'target': 0.52, 'spread': 0.385, 'learning_rate': 0.0003}",dqn,100,linear,0.0003,,,,,,
RepeatPrevious,filterbank+hag,9,208,4.548076923076923,0.8325001000000001,0.0752265293782054,0.6848999517519253,0.7427721168367347,771,"{'decomposition': 'legendre', 'n_filters': 12, 'slowest': 0.05503533446959869, 'input_scaling': 0.9095759553753703, 'bias_dist': 'foldnorm', 'bias_scaling': 0.04123764193322552, 'lr': 0.9047782400199377, 'weight_increment': 0.002278223530217896, 'min_window': 11, 'max_window': 59, 'use_full_instance': False, 'max_partners': 20, 'homeostasis': 'mean', 'target': 0.52, 'spread': 0.385, 'learning_rate': 0.0003}",dqn,100,linear,0.0003,,,,,,
RepeatPrevious,filterbank+hag,0,208,4.855769230769231,0.9483333599999999,0.04129826442491742,0.36110615142551133,0.308801012755102,779,"{'decomposition': 'legendre', 'n_filters': 12, 'slowest': 0.05503533446959869, 'input_scaling': 0.9095759553753703, 'bias_dist': 'foldnorm', 'bias_scaling': 0.04123764193322552, 'lr': 0.9047782400199377, 'weight_increment': 0.002278223530217896, 'min_window': 11, 'max_window': 59, 'use_full_instance': False, 'max_partners': 20, 'homeostasis': 'mean', 'target': 0.52, 'spread': 0.385, 'learning_rate': 0.001}",dqn,100,linear,0.001,,,,,,
RepeatPrevious,filterbank+hag,1,208,4.875,0.43083323999999995,0.058100720784017824,0.4233755795889223,0.4018494816326531,762,"{'decomposition': 'legendre', 'n_filters': 12, 'slowest': 0.05503533446959869, 'input_scaling': 0.9095759553753703, 'bias_dist': 'foldnorm', 'bias_scaling': 0.04123764193322552, 'lr': 0.9047782400199377, 'weight_increment': 0.002278223530217896, 'min_window': 11, 'max_window': 59, 'use_full_instance': False, 'max_partners': 20, 'homeostasis': 'mean', 'target': 0.52, 'spread': 0.385, 'learning_rate': 0.001}",dqn,100,linear,0.001,,,,,,
RepeatPrevious,filterbank+hag,3,208,4.581730769230769,0.8666666599999999,0.06066759523159295,0.42156925495996334,0.40678146836734697,762,"{'decomposition': 'legendre', 'n_filters': 12, 'slowest': 0.05503533446959869, 'input_scaling': 0.9095759553753703, 'bias_dist': 'foldnorm', 'bias_scaling': 0.04123764193322552, 'lr': 0.9047782400199377, 'weight_increment': 0.002278223530217896, 'min_window': 11, 'max_window': 59, 'use_full_instance': False, 'max_partners': 20, 'homeostasis': 'mean', 'target': 0.52, 'spread': 0.385, 'learning_rate': 0.001}",dqn,100,linear,0.001,,,,,,
RepeatPrevious,filterbank+hag,2,208,5.649038461538462,0.8258332999999999,0.05874258865840013,0.42991873912378237,0.3780187102040817,775,"{'decomposition': 'legendre', 'n_filters': 12, 'slowest': 0.05503533446959869, 'input_scaling': 0.9095759553753703, 'bias_dist': 'foldnorm', 'bias_scaling': 0.04123764193322552, 'lr': 0.9047782400199377, 'weight_increment': 0.002278223530217896, 'min_window': 11, 'max_window': 59, 'use_full_instance': False, 'max_partners': 20, 'homeostasis': 'mean', 'target': 0.52, 'spread': 0.385, 'learning_rate': 0.001}",dqn,100,linear,0.001,,,,,,
RepeatPrevious,filterbank+hag,4,208,4.264423076923077,0.9083332999999999,0.06123722996192757,0.3224252420564084,0.3406887678571429,765,"{'decomposition': 'legendre', 'n_filters': 12, 'slowest': 0.05503533446959869, 'input_scaling': 0.9095759553753703, 'bias_dist': 'foldnorm', 'bias_scaling': 0.04123764193322552, 'lr': 0.9047782400199377, 'weight_increment': 0.002278223530217896, 'min_window': 11, 'max_window': 59, 'use_full_instance': False, 'max_partners': 20, 'homeostasis': 'mean', 'target': 0.52, 'spread': 0.385, 'learning_rate': 0.001}",dqn,100,linear,0.001,,,,,,
RepeatPrevious,filterbank+hag,5,208,5.360576923076923,0.275,0.08122325884769707,0.46031179405314426,0.31101190306122445,766,"{'decomposition': 'legendre', 'n_filters': 12, 'slowest': 0.05503533446959869, 'input_scaling': 0.9095759553753703, 'bias_dist': 'foldnorm', 'bias_scaling': 0.04123764193322552, 'lr': 0.9047782400199377, 'weight_increment': 0.002278223530217896, 'min_window': 11, 'max_window': 59, 'use_full_instance': False, 'max_partners': 20, 'homeostasis': 'mean', 'target': 0.52, 'spread': 0.385, 'learning_rate': 0.001}",dqn,100,linear,0.001,,,,,,
RepeatPrevious,filterbank+hag,6,208,4.288461538461538,0.7174999400000001,0.08711824014944516,0.3673007935431224,0.3277423367346939,768,"{'decomposition': 'legendre', 'n_filters': 12, 'slowest': 0.05503533446959869, 'input_scaling': 0.9095759553753703, 'bias_dist': 'foldnorm', 'bias_scaling': 0.04123764193322552, 'lr': 0.9047782400199377, 'weight_increment': 0.002278223530217896, 'min_window': 11, 'max_window': 59, 'use_full_instance': False, 'max_partners': 20, 'homeostasis': 'mean', 'target': 0.52, 'spread': 0.385, 'learning_rate': 0.001}",dqn,100,linear,0.001,,,,,,
RepeatPrevious,filterbank+hag,7,208,5.024038461538462,0.05833328,0.09052307931661185,0.41247173861376035,0.37591411836734695,755,"{'decomposition': 'legendre', 'n_filters': 12, 'slowest': 0.05503533446959869, 'input_scaling': 0.9095759553753703, 'bias_dist': 'foldnorm', 'bias_scaling': 0.04123764193322552, 'lr': 0.9047782400199377, 'weight_increment': 0.002278223530217896, 'min_window': 11, 'max_window': 59, 'use_full_instance': False, 'max_partners': 20, 'homeostasis': 'mean', 'target': 0.52, 'spread': 0.385, 'learning_rate': 0.001}",dqn,100,linear,0.001,,,,,,
RepeatPrevious,filterbank+hag,8,208,5.110576923076923,0.0183333,0.09935905483573201,0.40921609425205285,0.33854166275510206,764,"{'decomposition': 'legendre', 'n_filters': 12, 'slowest': 0.05503533446959869, 'input_scaling': 0.9095759553753703, 'bias_dist': 'foldnorm', 'bias_scaling': 0.04123764193322552, 'lr': 0.9047782400199377, 'weight_increment': 0.002278223530217896, 'min_window': 11, 'max_window': 59, 'use_full_instance': False, 'max_partners': 20, 'homeostasis': 'mean', 'target': 0.52, 'spread': 0.385, 'learning_rate': 0.001}",dqn,100,linear,0.001,,,,,,
RepeatPrevious,filterbank+hag,0,208,4.855769230769231,0.10833330000000001,0.07592030543833449,-0.06061823027490182,-0.1182823168367347,787,"{'decomposition': 'legendre', 'n_filters': 12, 'slowest': 0.05503533446959869, 'input_scaling': 0.9095759553753703, 'bias_dist': 'foldnorm', 'bias_scaling': 0.04123764193322552, 'lr': 0.9047782400199377, 'weight_increment': 0.002278223530217896, 'min_window': 11, 'max_window': 59, 'use_full_instance': False, 'max_partners': 20, 'homeostasis': 'mean', 'target': 0.52, 'spread': 0.385, 'learning_rate': 0.003}",dqn,100,linear,0.003,,,,,,
RepeatPrevious,filterbank+hag,1,208,4.875,0.026666600000000002,0.07108288745513931,-0.03830902259397154,-0.09321853673469388,784,"{'decomposition': 'legendre', 'n_filters': 12, 'slowest': 0.05503533446959869, 'input_scaling': 0.9095759553753703, 'bias_dist': 'foldnorm', 'bias_scaling': 0.04123764193322552, 'lr': 0.9047782400199377, 'weight_increment': 0.002278223530217896, 'min_window': 11, 'max_window': 59, 'use_full_instance': False, 'max_partners': 20, 'homeostasis': 'mean', 'target': 0.52, 'spread': 0.385, 'learning_rate': 0.003}",dqn,100,linear,0.003,,,,,,
RepeatPrevious,filterbank+hag,9,208,4.548076923076923,-0.28583332,0.07071569337125672,0.41318576697097975,0.38244047704081635,808,"{'decomposition': 'legendre', 'n_filters': 12, 'slowest': 0.05503533446959869, 'input_scaling': 0.9095759553753703, 'bias_dist': 'foldnorm', 'bias_scaling': 0.04123764193322552, 'lr': 0.9047782400199377, 'weight_increment': 0.002278223530217896, 'min_window': 11, 'max_window': 59, 'use_full_instance': False, 'max_partners': 20, 'homeostasis': 'mean', 'target': 0.52, 'spread': 0.385, 'learning_rate': 0.001}",dqn,100,linear,0.001,,,,,,
RepeatPrevious,filterbank+hag,2,208,5.649038461538462,0.012499939999999998,0.07418535981699084,0.06657698684143418,-0.09238946071428572,760,"{'decomposition': 'legendre', 'n_filters': 12, 'slowest': 0.05503533446959869, 'input_scaling': 0.9095759553753703, 'bias_dist': 'foldnorm', 'bias_scaling': 0.04123764193322552, 'lr': 0.9047782400199377, 'weight_increment': 0.002278223530217896, 'min_window': 11, 'max_window': 59, 'use_full_instance': False, 'max_partners': 20, 'homeostasis': 'mean', 'target': 0.52, 'spread': 0.385, 'learning_rate': 0.003}",dqn,100,linear,0.003,,,,,,
RepeatPrevious,filterbank+hag,4,208,4.264423076923077,0.13416670000000003,0.09799733811614476,-0.08970010531952875,-0.10590985612244899,754,"{'decomposition': 'legendre', 'n_filters': 12, 'slowest': 0.05503533446959869, 'input_scaling': 0.9095759553753703, 'bias_dist': 'foldnorm', 'bias_scaling': 0.04123764193322552, 'lr': 0.9047782400199377, 'weight_increment': 0.002278223530217896, 'min_window': 11, 'max_window': 59, 'use_full_instance': False, 'max_partners': 20, 'homeostasis': 'mean', 'target': 0.52, 'spread': 0.385, 'learning_rate': 0.003}",dqn,100,linear,0.003,,,,,,
RepeatPrevious,filterbank+hag,3,208,4.581730769230769,-0.035833340000000005,0.060098239667933706,0.008574743815984082,-0.10259352908163265,770,"{'decomposition': 'legendre', 'n_filters': 12, 'slowest': 0.05503533446959869, 'input_scaling': 0.9095759553753703, 'bias_dist': 'foldnorm', 'bias_scaling': 0.04123764193322552, 'lr': 0.9047782400199377, 'weight_increment': 0.002278223530217896, 'min_window': 11, 'max_window': 59, 'use_full_instance': False, 'max_partners': 20, 'homeostasis': 'mean', 'target': 0.52, 'spread': 0.385, 'learning_rate': 0.003}",dqn,100,linear,0.003,,,,,,
RepeatPrevious,filterbank+hag,5,208,5.360576923076923,0.32083323999999996,0.10449948378428672,0.011940890141276077,-0.10182822704081633,776,"{'decomposition': 'legendre', 'n_filters': 12, 'slowest': 0.05503533446959869, 'input_scaling': 0.9095759553753703, 'bias_dist': 'foldnorm', 'bias_scaling': 0.04123764193322552, 'lr': 0.9047782400199377, 'weight_increment': 0.002278223530217896, 'min_window': 11, 'max_window': 59, 'use_full_instance': False, 'max_partners': 20, 'homeostasis': 'mean', 'target': 0.52, 'spread': 0.385, 'learning_rate': 0.003}",dqn,100,linear,0.003,,,,,,
RepeatPrevious,filterbank+hag,7,208,5.024038461538462,-0.3316667,0.07118052636367618,-0.037146598816749116,-0.10612246377551021,761,"{'decomposition': 'legendre', 'n_filters': 12, 'slowest': 0.05503533446959869, 'input_scaling': 0.9095759553753703, 'bias_dist': 'foldnorm', 'bias_scaling': 0.04123764193322552, 'lr': 0.9047782400199377, 'weight_increment': 0.002278223530217896, 'min_window': 11, 'max_window': 59, 'use_full_instance': False, 'max_partners': 20, 'homeostasis': 'mean', 'target': 0.52, 'spread': 0.385, 'learning_rate': 0.003}",dqn,100,linear,0.003,,,,,,
RepeatPrevious,filterbank+hag,6,208,4.288461538461538,-0.15000004,0.11577038433450239,-0.0707931683582394,-0.11045919183673471,766,"{'decomposition': 'legendre', 'n_filters': 12, 'slowest': 0.05503533446959869, 'input_scaling': 0.9095759553753703, 'bias_dist': 'foldnorm', 'bias_scaling': 0.04123764193322552, 'lr': 0.9047782400199377, 'weight_increment': 0.002278223530217896, 'min_window': 11, 'max_window': 59, 'use_full_instance': False, 'max_partners': 20, 'homeostasis': 'mean', 'target': 0.52, 'spread': 0.385, 'learning_rate': 0.003}",dqn,100,linear,0.003,,,,,,
RepeatPrevious,filterbank+hag,8,208,5.110576923076923,0.11666665999999999,0.09537933272561934,-0.05318253674708012,-0.12421343214285714,755,"{'decomposition': 'legendre', 'n_filters': 12, 'slowest': 0.05503533446959869, 'input_scaling': 0.9095759553753703, 'bias_dist': 'foldnorm', 'bias_scaling': 0.04123764193322552, 'lr': 0.9047782400199377, 'weight_increment': 0.002278223530217896, 'min_window': 11, 'max_window': 59, 'use_full_instance': False, 'max_partners': 20, 'homeostasis': 'mean', 'target': 0.52, 'spread': 0.385, 'learning_rate': 0.003}",dqn,100,linear,0.003,,,,,,
RepeatPrevious,filterbank+hag,9,208,4.548076923076923,0.18750002,0.1087332247601422,0.0056569954098026195,-0.11124575204081633,756,"{'decomposition': 'legendre', 'n_filters': 12, 'slowest': 0.05503533446959869, 'input_scaling': 0.9095759553753703, 'bias_dist': 'foldnorm', 'bias_scaling': 0.04123764193322552, 'lr': 0.9047782400199377, 'weight_increment': 0.002278223530217896, 'min_window': 11, 'max_window': 59, 'use_full_instance': False, 'max_partners': 20, 'homeostasis': 'mean', 'target': 0.52, 'spread': 0.385, 'learning_rate': 0.003}",dqn,100,linear,0.003,,,,,,
RepeatPrevious,filterbank+proj,0,208,0.0,0.9249999000000001,0.057734969184455275,0.7621533971030754,0.8133290846938774,762,"{'decomposition': 'legendre', 'n_filters': 12, 'slowest': 0.05503533446959869, 'input_scaling': 0.9095759553753703, 'bias_dist': 'foldnorm', 'bias_scaling': 0.04123764193322552, 'lr': 0.9047782400199377, 'weight_increment': 0.002278223530217896, 'min_window': 11, 'max_window': 59, 'use_full_instance': False, 'max_partners': 20, 'homeostasis': 'mean', 'target': 0.52, 'spread': 0.385, 'learning_rate': 0.0001}",dqn,100,linear,0.0001,,,,,,
RepeatPrevious,filterbank+proj,1,208,0.0,0.64666662,0.10349449432523258,0.7541991775386342,0.8138180255102041,774,"{'decomposition': 'legendre', 'n_filters': 12, 'slowest': 0.05503533446959869, 'input_scaling': 0.9095759553753703, 'bias_dist': 'foldnorm', 'bias_scaling': 0.04123764193322552, 'lr': 0.9047782400199377, 'weight_increment': 0.002278223530217896, 'min_window': 11, 'max_window': 59, 'use_full_instance': False, 'max_partners': 20, 'homeostasis': 'mean', 'target': 0.52, 'spread': 0.385, 'learning_rate': 0.0001}",dqn,100,linear,0.0001,,,,,,
RepeatPrevious,filterbank+proj,2,208,0.0,0.95583326,0.04595436951838639,0.7651710239200286,0.817708337755102,755,"{'decomposition': 'legendre', 'n_filters': 12, 'slowest': 0.05503533446959869, 'input_scaling': 0.9095759553753703, 'bias_dist': 'foldnorm', 'bias_scaling': 0.04123764193322552, 'lr': 0.9047782400199377, 'weight_increment': 0.002278223530217896, 'min_window': 11, 'max_window': 59, 'use_full_instance': False, 'max_partners': 20, 'homeostasis': 'mean', 'target': 0.52, 'spread': 0.385, 'learning_rate': 0.0001}",dqn,100,linear,0.0001,,,,,,
RepeatPrevious,filterbank+proj,3,208,0.0,0.94999994,0.041666588000655876,0.7714081670831845,0.8109481295918367,770,"{'decomposition': 'legendre', 'n_filters': 12, 'slowest': 0.05503533446959869, 'input_scaling': 0.9095759553753703, 'bias_dist': 'foldnorm', 'bias_scaling': 0.04123764193322552, 'lr': 0.9047782400199377, 'weight_increment': 0.002278223530217896, 'min_window': 11, 'max_window': 59, 'use_full_instance': False, 'max_partners': 20, 'homeostasis': 'mean', 'target': 0.52, 'spread': 0.385, 'learning_rate': 0.0001}",dqn,100,linear,0.0001,,,,,,
RepeatPrevious,filterbank+proj,5,208,0.0,0.9749999399999999,0.03227484056314454,0.7828347861478044,0.8322704173469389,766,"{'decomposition': 'legendre', 'n_filters': 12, 'slowest': 0.05503533446959869, 'input_scaling': 0.9095759553753703, 'bias_dist': 'foldnorm', 'bias_scaling': 0.04123764193322552, 'lr': 0.9047782400199377, 'weight_increment': 0.002278223530217896, 'min_window': 11, 'max_window': 59, 'use_full_instance': False, 'max_partners': 20, 'homeostasis': 'mean', 'target': 0.52, 'spread': 0.385, 'learning_rate': 0.0001}",dqn,100,linear,0.0001,,,,,,
RepeatPrevious,filterbank+proj,9,208,0.0,0.8350000399999999,0.05333329562551334,0.7478961583108074,0.8073129168367348,744,"{'decomposition': 'legendre', 'n_filters': 12, 'slowest': 0.05503533446959869, 'input_scaling': 0.9095759553753703, 'bias_dist': 'foldnorm', 'bias_scaling': 0.04123764193322552, 'lr': 0.9047782400199377, 'weight_increment': 0.002278223530217896, 'min_window': 11, 'max_window': 59, 'use_full_instance': False, 'max_partners': 20, 'homeostasis': 'mean', 'target': 0.52, 'spread': 0.385, 'learning_rate': 0.0001}",dqn,100,linear,0.0001,,,,,,
RepeatPrevious,filterbank+proj,4,208,0.0,0.86833328,0.06788470912806212,0.7265134892640384,0.7799532331632654,771,"{'decomposition': 'legendre', 'n_filters': 12, 'slowest': 0.05503533446959869, 'input_scaling': 0.9095759553753703, 'bias_dist': 'foldnorm', 'bias_scaling': 0.04123764193322552, 'lr': 0.9047782400199377, 'weight_increment': 0.002278223530217896, 'min_window': 11, 'max_window': 59, 'use_full_instance': False, 'max_partners': 20, 'homeostasis': 'mean', 'target': 0.52, 'spread': 0.385, 'learning_rate': 0.0001}",dqn,100,linear,0.0001,,,,,,
RepeatPrevious,filterbank+proj,6,208,0.0,0.8691666599999999,0.06509081203353051,0.7517935756107512,0.8084608928571428,762,"{'decomposition': 'legendre', 'n_filters': 12, 'slowest': 0.05503533446959869, 'input_scaling': 0.9095759553753703, 'bias_dist': 'foldnorm', 'bias_scaling': 0.04123764193322552, 'lr': 0.9047782400199377, 'weight_increment': 0.002278223530217896, 'min_window': 11, 'max_window': 59, 'use_full_instance': False, 'max_partners': 20, 'homeostasis': 'mean', 'target': 0.52, 'spread': 0.385, 'learning_rate': 0.0001}",dqn,100,linear,0.0001,,,,,,
RepeatPrevious,filterbank+proj,7,208,0.0,0.9708332600000001,0.032542675401269636,0.7646036226857755,0.8223426806122448,762,"{'decomposition': 'legendre', 'n_filters': 12, 'slowest': 0.05503533446959869, 'input_scaling': 0.9095759553753703, 'bias_dist': 'foldnorm', 'bias_scaling': 0.04123764193322552, 'lr': 0.9047782400199377, 'weight_increment': 0.002278223530217896, 'min_window': 11, 'max_window': 59, 'use_full_instance': False, 'max_partners': 20, 'homeostasis': 'mean', 'target': 0.52, 'spread': 0.385, 'learning_rate': 0.0001}",dqn,100,linear,0.0001,,,,,,
RepeatPrevious,filterbank+proj,8,208,0.0,0.9149999799999997,0.050662246957074455,0.7483934298464834,0.8134141137755102,768,"{'decomposition': 'legendre', 'n_filters': 12, 'slowest': 0.05503533446959869, 'input_scaling': 0.9095759553753703, 'bias_dist': 'foldnorm', 'bias_scaling': 0.04123764193322552, 'lr': 0.9047782400199377, 'weight_increment': 0.002278223530217896, 'min_window': 11, 'max_window': 59, 'use_full_instance': False, 'max_partners': 20, 'homeostasis': 'mean', 'target': 0.52, 'spread': 0.385, 'learning_rate': 0.0001}",dqn,100,linear,0.0001,,,,,,
RepeatPrevious,filterbank+proj,1,208,0.0,0.46083328,0.11068295934316899,0.6676378317947672,0.6913477770408163,761,"{'decomposition': 'legendre', 'n_filters': 12, 'slowest': 0.05503533446959869, 'input_scaling': 0.9095759553753703, 'bias_dist': 'foldnorm', 'bias_scaling': 0.04123764193322552, 'lr': 0.9047782400199377, 'weight_increment': 0.002278223530217896, 'min_window': 11, 'max_window': 59, 'use_full_instance': False, 'max_partners': 20, 'homeostasis': 'mean', 'target': 0.52, 'spread': 0.385, 'learning_rate': 0.0003}",dqn,100,linear,0.0003,,,,,,
RepeatPrevious,filterbank+proj,0,208,0.0,0.9824999200000001,0.025124732835069115,0.6780869070230019,0.704570575,769,"{'decomposition': 'legendre', 'n_filters': 12, 'slowest': 0.05503533446959869, 'input_scaling': 0.9095759553753703, 'bias_dist': 'foldnorm', 'bias_scaling': 0.04123764193322552, 'lr': 0.9047782400199377, 'weight_increment': 0.002278223530217896, 'min_window': 11, 'max_window': 59, 'use_full_instance': False, 'max_partners': 20, 'homeostasis': 'mean', 'target': 0.52, 'spread': 0.385, 'learning_rate': 0.0003}",dqn,100,linear,0.0003,,,,,,
RepeatPrevious,filterbank+proj,3,208,0.0,0.8941667000000001,0.06466254583149353,0.6831850017850767,0.6897533979591836,759,"{'decomposition': 'legendre', 'n_filters': 12, 'slowest': 0.05503533446959869, 'input_scaling': 0.9095759553753703, 'bias_dist': 'foldnorm', 'bias_scaling': 0.04123764193322552, 'lr': 0.9047782400199377, 'weight_increment': 0.002278223530217896, 'min_window': 11, 'max_window': 59, 'use_full_instance': False, 'max_partners': 20, 'homeostasis': 'mean', 'target': 0.52, 'spread': 0.385, 'learning_rate': 0.0003}",dqn,100,linear,0.0003,,,,,,
RepeatPrevious,filterbank+esn,0,192,11.744791666666666,1.0000000000000007,0.0,0.550327834179357,0.905351099830796,67,"{'decomposition': 'ema', 'n_filters': 12, 'slowest': 0.02507317538961706, 'input_scaling': 0.06030655020781763, 'bias_dist': 'foldnorm', 'bias_scaling': 0.3675151821918012, 'lr': 0.8146481921811927, 'sr': 0.5626594340200773, 'rc_connectivity': 0.0611833696238945, 'ridge': 0.00029938375658797236, 'gamma': 0.9453529518592982}",lspi,100,linear,,1.0000000000000004,0.0,"[1.0000000000000004, 1.0000000000000004, 1.0000000000000004, 1.0000000000000004, 1.0000000000000004, 1.0000000000000004, 1.0000000000000004, 1.0000000000000004, 1.0000000000000004, 1.0000000000000004, 1.0000000000000004, 1.0000000000000004, 1.0000000000000004, 1.0000000000000004, 1.0000000000000004, 1.0000000000000004, 1.0000000000000004, 1.0000000000000004, 1.0000000000000004, 1.0000000000000004]",,,
RepeatPrevious,filterbank+esn,1,192,11.744791666666666,1.0000000000000007,0.0,0.547451353637902,0.90513959390863,67,"{'decomposition': 'ema', 'n_filters': 12, 'slowest': 0.02507317538961706, 'input_scaling': 0.06030655020781763, 'bias_dist': 'foldnorm', 'bias_scaling': 0.3675151821918012, 'lr': 0.8146481921811927, 'sr': 0.5626594340200773, 'rc_connectivity': 0.0611833696238945, 'ridge': 0.00029938375658797236, 'gamma': 0.9453529518592982}",lspi,100,linear,,1.0000000000000004,0.0,"[1.0000000000000004, 1.0000000000000004, 1.0000000000000004, 1.0000000000000004, 1.0000000000000004, 1.0000000000000004, 1.0000000000000004, 1.0000000000000004, 1.0000000000000004, 1.0000000000000004, 1.0000000000000004, 1.0000000000000004, 1.0000000000000004, 1.0000000000000004, 1.0000000000000004, 1.0000000000000004, 1.0000000000000004, 1.0000000000000004, 1.0000000000000004, 1.0000000000000004]",,,
RepeatPrevious,filterbank+esn,2,192,11.744791666666666,1.0000000000000007,0.0,0.5498202199661592,0.9055626057529615,67,"{'decomposition': 'ema', 'n_filters': 12, 'slowest': 0.02507317538961706, 'input_scaling': 0.06030655020781763, 'bias_dist': 'foldnorm', 'bias_scaling': 0.3675151821918012, 'lr': 0.8146481921811927, 'sr': 0.5626594340200773, 'rc_connectivity': 0.0611833696238945, 'ridge': 0.00029938375658797236, 'gamma': 0.9453529518592982}",lspi,100,linear,,1.0000000000000004,0.0,"[1.0000000000000004, 1.0000000000000004, 1.0000000000000004, 1.0000000000000004, 1.0000000000000004, 1.0000000000000004, 1.0000000000000004, 1.0000000000000004, 1.0000000000000004, 1.0000000000000004, 1.0000000000000004, 1.0000000000000004, 1.0000000000000004, 1.0000000000000004, 1.0000000000000004, 1.0000000000000004, 1.0000000000000004, 1.0000000000000004, 1.0000000000000004, 1.0000000000000004]",,,
RepeatPrevious,filterbank+esn,3,192,11.744791666666666,0.9991666666666674,0.005833333333333343,0.551343062605753,0.9126480541455164,67,"{'decomposition': 'ema', 'n_filters': 12, 'slowest': 0.02507317538961706, 'input_scaling': 0.06030655020781763, 'bias_dist': 'foldnorm', 'bias_scaling': 0.3675151821918012, 'lr': 0.8146481921811927, 'sr': 0.5626594340200773, 'rc_connectivity': 0.0611833696238945, 'ridge': 0.00029938375658797236, 'gamma': 0.9453529518592982}",lspi,100,linear,,1.0000000000000004,0.0,"[1.0000000000000004, 1.0000000000000004, 1.0000000000000004, 1.0000000000000004, 1.0000000000000004, 1.0000000000000004, 1.0000000000000004, 1.0000000000000004, 1.0000000000000004, 1.0000000000000004, 1.0000000000000004, 1.0000000000000004, 1.0000000000000004, 1.0000000000000004, 1.0000000000000004, 1.0000000000000004, 1.0000000000000004, 1.0000000000000004, 1.0000000000000004, 1.0000000000000004]",,,
RepeatPrevious,filterbank+proj,2,208,0.0,0.9666665200000001,0.03435924103483079,0.6865341457132657,0.7078869035714285,782,"{'decomposition': 'legendre', 'n_filters': 12, 'slowest': 0.05503533446959869, 'input_scaling': 0.9095759553753703, 'bias_dist': 'foldnorm', 'bias_scaling': 0.04123764193322552, 'lr': 0.9047782400199377, 'weight_increment': 0.002278223530217896, 'min_window': 11, 'max_window': 59, 'use_full_instance': False, 'max_partners': 20, 'homeostasis': 'mean', 'target': 0.52, 'spread': 0.385, 'learning_rate': 0.0003}",dqn,100,linear,0.0003,,,,,,
RepeatPrevious,filterbank+esn,4,192,11.744791666666666,1.0000000000000007,0.0,0.552865905245347,0.9067258883248736,67,"{'decomposition': 'ema', 'n_filters': 12, 'slowest': 0.02507317538961706, 'input_scaling': 0.06030655020781763, 'bias_dist': 'foldnorm', 'bias_scaling': 0.3675151821918012, 'lr': 0.8146481921811927, 'sr': 0.5626594340200773, 'rc_connectivity': 0.0611833696238945, 'ridge': 0.00029938375658797236, 'gamma': 0.9453529518592982}",lspi,100,linear,,1.0000000000000004,0.0,"[1.0000000000000004, 1.0000000000000004, 1.0000000000000004, 1.0000000000000004, 1.0000000000000004, 1.0000000000000004, 1.0000000000000004, 1.0000000000000004, 1.0000000000000004, 1.0000000000000004, 1.0000000000000004, 1.0000000000000004, 1.0000000000000004, 1.0000000000000004, 1.0000000000000004, 1.0000000000000004, 1.0000000000000004, 1.0000000000000004, 1.0000000000000004, 1.0000000000000004]",,,
RepeatPrevious,filterbank+esn,5,192,11.744791666666666,1.0000000000000007,0.0,0.5503489847715736,0.9115905245346875,67,"{'decomposition': 'ema', 'n_filters': 12, 'slowest': 0.02507317538961706, 'input_scaling': 0.06030655020781763, 'bias_dist': 'foldnorm', 'bias_scaling': 0.3675151821918012, 'lr': 0.8146481921811927, 'sr': 0.5626594340200773, 'rc_connectivity': 0.0611833696238945, 'ridge': 0.00029938375658797236, 'gamma': 0.9453529518592982}",lspi,100,linear,,1.0000000000000004,0.0,"[1.0000000000000004, 1.0000000000000004, 1.0000000000000004, 1.0000000000000004, 1.0000000000000004, 1.0000000000000004, 1.0000000000000004, 1.0000000000000004, 1.0000000000000004, 1.0000000000000004, 1.0000000000000004, 1.0000000000000004, 1.0000000000000004, 1.0000000000000004, 1.0000000000000004, 1.0000000000000004, 1.0000000000000004, 1.0000000000000004, 1.0000000000000004, 1.0000000000000004]",,,
RepeatPrevious,filterbank+esn,6,192,11.744791666666666,1.0000000000000007,0.0,0.5510575296108292,0.9047165820642982,67,"{'decomposition': 'ema', 'n_filters': 12, 'slowest': 0.02507317538961706, 'input_scaling': 0.06030655020781763, 'bias_dist': 'foldnorm', 'bias_scaling': 0.3675151821918012, 'lr': 0.8146481921811927, 'sr': 0.5626594340200773, 'rc_connectivity': 0.0611833696238945, 'ridge': 0.00029938375658797236, 'gamma': 0.9453529518592982}",lspi,100,linear,,1.0000000000000004,0.0,"[1.0000000000000004, 1.0000000000000004, 1.0000000000000004, 1.0000000000000004, 1.0000000000000004, 1.0000000000000004, 1.0000000000000004, 1.0000000000000004, 1.0000000000000004, 1.0000000000000004, 1.0000000000000004, 1.0000000000000004, 1.0000000000000004, 1.0000000000000004, 1.0000000000000004, 1.0000000000000004, 1.0000000000000004, 1.0000000000000004, 1.0000000000000004, 1.0000000000000004]",,,
RepeatPrevious,filterbank+esn,7,192,11.744791666666666,1.0000000000000007,0.0,0.550327834179357,0.9102157360406097,67,"{'decomposition': 'ema', 'n_filters': 12, 'slowest': 0.02507317538961706, 'input_scaling': 0.06030655020781763, 'bias_dist': 'foldnorm', 'bias_scaling': 0.3675151821918012, 'lr': 0.8146481921811927, 'sr': 0.5626594340200773, 'rc_connectivity': 0.0611833696238945, 'ridge': 0.00029938375658797236, 'gamma': 0.9453529518592982}",lspi,100,linear,,1.0000000000000004,0.0,"[1.0000000000000004, 1.0000000000000004, 1.0000000000000004, 1.0000000000000004, 1.0000000000000004, 1.0000000000000004, 1.0000000000000004, 1.0000000000000004, 1.0000000000000004, 1.0000000000000004, 1.0000000000000004, 1.0000000000000004, 1.0000000000000004, 1.0000000000000004, 1.0000000000000004, 1.0000000000000004, 1.0000000000000004, 1.0000000000000004, 1.0000000000000004, 1.0000000000000004]",,,
RepeatPrevious,filterbank+proj,5,208,0.0,0.8924999600000001,0.05718515988609633,0.7064738794308154,0.7094812943877551,765,"{'decomposition': 'legendre', 'n_filters': 12, 'slowest': 0.05503533446959869, 'input_scaling': 0.9095759553753703, 'bias_dist': 'foldnorm', 'bias_scaling': 0.04123764193322552, 'lr': 0.9047782400199377, 'weight_increment': 0.002278223530217896, 'min_window': 11, 'max_window': 59, 'use_full_instance': False, 'max_partners': 20, 'homeostasis': 'mean', 'target': 0.52, 'spread': 0.385, 'learning_rate': 0.0003}",dqn,100,linear,0.0003,,,,,,
RepeatPrevious,filterbank+proj,4,208,0.0,0.9225000600000002,0.041674937446580525,0.6323655646962819,0.646364799489796,776,"{'decomposition': 'legendre', 'n_filters': 12, 'slowest': 0.05503533446959869, 'input_scaling': 0.9095759553753703, 'bias_dist': 'foldnorm', 'bias_scaling': 0.04123764193322552, 'lr': 0.9047782400199377, 'weight_increment': 0.002278223530217896, 'min_window': 11, 'max_window': 59, 'use_full_instance': False, 'max_partners': 20, 'homeostasis': 'mean', 'target': 0.52, 'spread': 0.385, 'learning_rate': 0.0003}",dqn,100,linear,0.0003,,,,,,
RepeatPrevious,filterbank+hag,0,120,4.3,1.0000000000000007,0.0,0.550179780033841,0.9052453468697128,51,"{'decomposition': 'ema', 'n_filters': 6, 'slowest': 0.025449047451326166, 'input_scaling': 0.45634028381379155, 'bias_dist': 'foldnorm', 'bias_scaling': 0.3053488883357672, 'lr': 0.9631125355867912, 'weight_increment': 0.001562997476594326, 'min_window': 10, 'max_window': 37, 'use_full_instance': True, 'max_partners': inf, 'homeostasis': 'mean', 'target': 0.5, 'spread': 0.23, 'ridge': 9.30375589059818e-06, 'gamma': 0.9070029115365931}",lspi,100,linear,,1.0000000000000004,0.0,"[1.0000000000000004, 1.0000000000000004, 1.0000000000000004, 1.0000000000000004, 1.0000000000000004, 1.0000000000000004, 1.0000000000000004, 1.0000000000000004, 1.0000000000000004, 1.0000000000000004, 1.0000000000000004, 1.0000000000000004, 1.0000000000000004, 1.0000000000000004, 1.0000000000000004, 1.0000000000000004, 1.0000000000000004, 1.0000000000000004, 1.0000000000000004, 1.0000000000000004]",,,
RepeatPrevious,filterbank+hag,1,120,4.191666666666666,1.0000000000000007,0.0,0.5474196277495771,0.90513959390863,51,"{'decomposition': 'ema', 'n_filters': 6, 'slowest': 0.025449047451326166, 'input_scaling': 0.45634028381379155, 'bias_dist': 'foldnorm', 'bias_scaling': 0.3053488883357672, 'lr': 0.9631125355867912, 'weight_increment': 0.001562997476594326, 'min_window': 10, 'max_window': 37, 'use_full_instance': True, 'max_partners': inf, 'homeostasis': 'mean', 'target': 0.5, 'spread': 0.23, 'ridge': 9.30375589059818e-06, 'gamma': 0.9070029115365931}",lspi,100,linear,,0.9997916666666671,0.0,"[1.0000000000000004, 1.0000000000000004, 1.0000000000000004, 1.0000000000000004, 1.0000000000000004, 1.0000000000000004, 1.0000000000000004, 1.0000000000000004, 1.0000000000000004, 1.0000000000000004, 1.0000000000000004, 1.0000000000000004, 1.0000000000000004, 1.0000000000000004, 1.0000000000000004, 1.0000000000000004, 0.9958333333333339, 1.0000000000000004, 1.0000000000000004, 1.0000000000000004]",,,
RepeatPrevious,filterbank+hag,3,120,4.566666666666666,1.0000000000000007,0.0,0.5513324873096448,0.9125423011844337,50,"{'decomposition': 'ema', 'n_filters': 6, 'slowest': 0.025449047451326166, 'input_scaling': 0.45634028381379155, 'bias_dist': 'foldnorm', 'bias_scaling': 0.3053488883357672, 'lr': 0.9631125355867912, 'weight_increment': 0.001562997476594326, 'min_window': 10, 'max_window': 37, 'use_full_instance': True, 'max_partners': inf, 'homeostasis': 'mean', 'target': 0.5, 'spread': 0.23, 'ridge': 9.30375589059818e-06, 'gamma': 0.9070029115365931}",lspi,100,linear,,1.0000000000000004,0.0,"[1.0000000000000004, 1.0000000000000004, 1.0000000000000004, 1.0000000000000004, 1.0000000000000004, 1.0000000000000004, 1.0000000000000004, 1.0000000000000004, 1.0000000000000004, 1.0000000000000004, 1.0000000000000004, 1.0000000000000004, 1.0000000000000004, 1.0000000000000004, 1.0000000000000004, 1.0000000000000004, 1.0000000000000004, 1.0000000000000004, 1.0000000000000004, 1.0000000000000004]",,,
RepeatPrevious,filterbank+hag,2,120,4.416666666666667,1.0000000000000007,0.0,0.549777918781726,0.9055626057529615,51,"{'decomposition': 'ema', 'n_filters': 6, 'slowest': 0.025449047451326166, 'input_scaling': 0.45634028381379155, 'bias_dist': 'foldnorm', 'bias_scaling': 0.3053488883357672, 'lr': 0.9631125355867912, 'weight_increment': 0.001562997476594326, 'min_window': 10, 'max_window': 37, 'use_full_instance': True, 'max_partners': inf, 'homeostasis': 'mean', 'target': 0.5, 'spread': 0.23, 'ridge': 9.30375589059818e-06, 'gamma': 0.9070029115365931}",lspi,100,linear,,1.0000000000000004,0.0,"[1.0000000000000004, 1.0000000000000004, 1.0000000000000004, 1.0000000000000004, 1.0000000000000004, 1.0000000000000004, 1.0000000000000004, 1.0000000000000004, 1.0000000000000004, 1.0000000000000004, 1.0000000000000004, 1.0000000000000004, 1.0000000000000004, 1.0000000000000004, 1.0000000000000004, 1.0000000000000004, 1.0000000000000004, 1.0000000000000004, 1.0000000000000004, 1.0000000000000004]",,,
RepeatPrevious,filterbank+proj,7,208,0.0,0.90166662,0.05120764634813438,0.674212862651094,0.6867134423469389,767,"{'decomposition': 'legendre', 'n_filters': 12, 'slowest': 0.05503533446959869, 'input_scaling': 0.9095759553753703, 'bias_dist': 'foldnorm', 'bias_scaling': 0.04123764193322552, 'lr': 0.9047782400199377, 'weight_increment': 0.002278223530217896, 'min_window': 11, 'max_window': 59, 'use_full_instance': False, 'max_partners': 20, 'homeostasis': 'mean', 'target': 0.52, 'spread': 0.385, 'learning_rate': 0.0003}",dqn,100,linear,0.0003,,,,,,
RepeatPrevious,filterbank+hag,4,120,5.316666666666666,1.0000000000000007,0.0,0.5527918781725889,0.9066201353637906,50,"{'decomposition': 'ema', 'n_filters': 6, 'slowest': 0.025449047451326166, 'input_scaling': 0.45634028381379155, 'bias_dist': 'foldnorm', 'bias_scaling': 0.3053488883357672, 'lr': 0.9631125355867912, 'weight_increment': 0.001562997476594326, 'min_window': 10, 'max_window': 37, 'use_full_instance': True, 'max_partners': inf, 'homeostasis': 'mean', 'target': 0.5, 'spread': 0.23, 'ridge': 9.30375589059818e-06, 'gamma': 0.9070029115365931}",lspi,100,linear,,1.0000000000000004,0.0,"[1.0000000000000004, 1.0000000000000004, 1.0000000000000004, 1.0000000000000004, 1.0000000000000004, 1.0000000000000004, 1.0000000000000004, 1.0000000000000004, 1.0000000000000004, 1.0000000000000004, 1.0000000000000004, 1.0000000000000004, 1.0000000000000004, 1.0000000000000004, 1.0000000000000004, 1.0000000000000004, 1.0000000000000004, 1.0000000000000004, 1.0000000000000004, 1.0000000000000004]",,,
RepeatPrevious,filterbank+proj,6,208,0.0,0.6625000200000001,0.07465191558198356,0.6498826947008721,0.6752551147959184,773,"{'decomposition': 'legendre', 'n_filters': 12, 'slowest': 0.05503533446959869, 'input_scaling': 0.9095759553753703, 'bias_dist': 'foldnorm', 'bias_scaling': 0.04123764193322552, 'lr': 0.9047782400199377, 'weight_increment': 0.002278223530217896, 'min_window': 11, 'max_window': 59, 'use_full_instance': False, 'max_partners': 20, 'homeostasis': 'mean', 'target': 0.52, 'spread': 0.385, 'learning_rate': 0.0003}",dqn,100,linear,0.0003,,,,,,
RepeatPrevious,filterbank+esn,8,192,11.744791666666666,1.0000000000000007,0.0,0.5506768189509307,0.902813028764806,67,"{'decomposition': 'ema', 'n_filters': 12, 'slowest': 0.02507317538961706, 'input_scaling': 0.06030655020781763, 'bias_dist': 'foldnorm', 'bias_scaling': 0.3675151821918012, 'lr': 0.8146481921811927, 'sr': 0.5626594340200773, 'rc_connectivity': 0.0611833696238945, 'ridge': 0.00029938375658797236, 'gamma': 0.9453529518592982}",lspi,100,linear,,1.0000000000000004,0.0,"[1.0000000000000004, 1.0000000000000004, 1.0000000000000004, 1.0000000000000004, 1.0000000000000004, 1.0000000000000004, 1.0000000000000004, 1.0000000000000004, 1.0000000000000004, 1.0000000000000004, 1.0000000000000004, 1.0000000000000004, 1.0000000000000004, 1.0000000000000004, 1.0000000000000004, 1.0000000000000004, 1.0000000000000004, 1.0000000000000004, 1.0000000000000004, 1.0000000000000004]",,,
RepeatPrevious,filterbank+hag,5,120,4.558333333333334,1.0000000000000007,0.0,0.5503489847715736,0.9115905245346875,51,"{'decomposition': 'ema', 'n_filters': 6, 'slowest': 0.025449047451326166, 'input_scaling': 0.45634028381379155, 'bias_dist': 'foldnorm', 'bias_scaling': 0.3053488883357672, 'lr': 0.9631125355867912, 'weight_increment': 0.001562997476594326, 'min_window': 10, 'max_window': 37, 'use_full_instance': True, 'max_partners': inf, 'homeostasis': 'mean', 'target': 0.5, 'spread': 0.23, 'ridge': 9.30375589059818e-06, 'gamma': 0.9070029115365931}",lspi,100,linear,,1.0000000000000004,0.0,"[1.0000000000000004, 1.0000000000000004, 1.0000000000000004, 1.0000000000000004, 1.0000000000000004, 1.0000000000000004, 1.0000000000000004, 1.0000000000000004, 1.0000000000000004, 1.0000000000000004, 1.0000000000000004, 1.0000000000000004, 1.0000000000000004, 1.0000000000000004, 1.0000000000000004, 1.0000000000000004, 1.0000000000000004, 1.0000000000000004, 1.0000000000000004, 1.0000000000000004]",,,
RepeatPrevious,filterbank+hag,6,120,4.466666666666667,1.0000000000000007,0.0,0.5510469543147208,0.9047165820642982,50,"{'decomposition': 'ema', 'n_filters': 6, 'slowest': 0.025449047451326166, 'input_scaling': 0.45634028381379155, 'bias_dist': 'foldnorm', 'bias_scaling': 0.3053488883357672, 'lr': 0.9631125355867912, 'weight_increment': 0.001562997476594326, 'min_window': 10, 'max_window': 37, 'use_full_instance': True, 'max_partners': inf, 'homeostasis': 'mean', 'target': 0.5, 'spread': 0.23, 'ridge': 9.30375589059818e-06, 'gamma': 0.9070029115365931}",lspi,100,linear,,1.0000000000000004,0.0,"[1.0000000000000004, 1.0000000000000004, 1.0000000000000004, 1.0000000000000004, 1.0000000000000004, 1.0000000000000004, 1.0000000000000004, 1.0000000000000004, 1.0000000000000004, 1.0000000000000004, 1.0000000000000004, 1.0000000000000004, 1.0000000000000004, 1.0000000000000004, 1.0000000000000004, 1.0000000000000004, 1.0000000000000004, 1.0000000000000004, 1.0000000000000004, 1.0000000000000004]",,,
RepeatPrevious,filterbank+esn,9,192,11.744791666666666,1.0000000000000007,0.0,0.5495558375634519,0.9067258883248737,71,"{'decomposition': 'ema', 'n_filters': 12, 'slowest': 0.02507317538961706, 'input_scaling': 0.06030655020781763, 'bias_dist': 'foldnorm', 'bias_scaling': 0.3675151821918012, 'lr': 0.8146481921811927, 'sr': 0.5626594340200773, 'rc_connectivity': 0.0611833696238945, 'ridge': 0.00029938375658797236, 'gamma': 0.9453529518592982}",lspi,100,linear,,1.0000000000000004,0.0,"[1.0000000000000004, 1.0000000000000004, 1.0000000000000004, 1.0000000000000004, 1.0000000000000004, 1.0000000000000004, 1.0000000000000004, 1.0000000000000004, 1.0000000000000004, 1.0000000000000004, 1.0000000000000004, 1.0000000000000004, 1.0000000000000004, 1.0000000000000004, 1.0000000000000004, 1.0000000000000004, 1.0000000000000004, 1.0000000000000004, 1.0000000000000004, 1.0000000000000004]",,,
RepeatPrevious,filterbank+proj,8,208,0.0,0.9633333000000001,0.03876561047642614,0.6603020177487632,0.7031675234693877,763,"{'decomposition': 'legendre', 'n_filters': 12, 'slowest': 0.05503533446959869, 'input_scaling': 0.9095759553753703, 'bias_dist': 'foldnorm', 'bias_scaling': 0.04123764193322552, 'lr': 0.9047782400199377, 'weight_increment': 0.002278223530217896, 'min_window': 11, 'max_window': 59, 'use_full_instance': False, 'max_partners': 20, 'homeostasis': 'mean', 'target': 0.52, 'spread': 0.385, 'learning_rate': 0.0003}",dqn,100,linear,0.0003,,,,,,
RepeatPrevious,filterbank+hag,7,120,4.783333333333333,1.0000000000000007,0.0,0.5503172588832489,0.9102157360406097,50,"{'decomposition': 'ema', 'n_filters': 6, 'slowest': 0.025449047451326166, 'input_scaling': 0.45634028381379155, 'bias_dist': 'foldnorm', 'bias_scaling': 0.3053488883357672, 'lr': 0.9631125355867912, 'weight_increment': 0.001562997476594326, 'min_window': 10, 'max_window': 37, 'use_full_instance': True, 'max_partners': inf, 'homeostasis': 'mean', 'target': 0.5, 'spread': 0.23, 'ridge': 9.30375589059818e-06, 'gamma': 0.9070029115365931}",lspi,100,linear,,1.0000000000000004,0.0,"[1.0000000000000004, 1.0000000000000004, 1.0000000000000004, 1.0000000000000004, 1.0000000000000004, 1.0000000000000004, 1.0000000000000004, 1.0000000000000004, 1.0000000000000004, 1.0000000000000004, 1.0000000000000004, 1.0000000000000004, 1.0000000000000004, 1.0000000000000004, 1.0000000000000004, 1.0000000000000004, 1.0000000000000004, 1.0000000000000004, 1.0000000000000004, 1.0000000000000004]",,,
RepeatPrevious,filterbank+hag,8,120,4.858333333333333,0.9991666666666674,0.005833333333333344,0.5505499153976312,0.902707275803723,49,"{'decomposition': 'ema', 'n_filters': 6, 'slowest': 0.025449047451326166, 'input_scaling': 0.45634028381379155, 'bias_dist': 'foldnorm', 'bias_scaling': 0.3053488883357672, 'lr': 0.9631125355867912, 'weight_increment': 0.001562997476594326, 'min_window': 10, 'max_window': 37, 'use_full_instance': True, 'max_partners': inf, 'homeostasis': 'mean', 'target': 0.5, 'spread': 0.23, 'ridge': 9.30375589059818e-06, 'gamma': 0.9070029115365931}",lspi,100,linear,,1.0000000000000004,0.0,"[1.0000000000000004, 1.0000000000000004, 1.0000000000000004, 1.0000000000000004, 1.0000000000000004, 1.0000000000000004, 1.0000000000000004, 1.0000000000000004, 1.0000000000000004, 1.0000000000000004, 1.0000000000000004, 1.0000000000000004, 1.0000000000000004, 1.0000000000000004, 1.0000000000000004, 1.0000000000000004, 1.0000000000000004, 1.0000000000000004, 1.0000000000000004, 1.0000000000000004]",,,
RepeatPrevious,filterbank+proj,9,208,0.0,0.62416666,0.0859950127111125,0.664860338858571,0.6961734596938776,777,"{'decomposition': 'legendre', 'n_filters': 12, 'slowest': 0.05503533446959869, 'input_scaling': 0.9095759553753703, 'bias_dist': 'foldnorm', 'bias_scaling': 0.04123764193322552, 'lr': 0.9047782400199377, 'weight_increment': 0.002278223530217896, 'min_window': 11, 'max_window': 59, 'use_full_instance': False, 'max_partners': 20, 'homeostasis': 'mean', 'target': 0.52, 'spread': 0.385, 'learning_rate': 0.0003}",dqn,100,linear,0.0003,,,,,,
RepeatPrevious,filterbank+proj,0,208,0.0,0.81666662,0.07120005539994755,0.3454463531901872,0.25665390561224494,767,"{'decomposition': 'legendre', 'n_filters': 12, 'slowest': 0.05503533446959869, 'input_scaling': 0.9095759553753703, 'bias_dist': 'foldnorm', 'bias_scaling': 0.04123764193322552, 'lr': 0.9047782400199377, 'weight_increment': 0.002278223530217896, 'min_window': 11, 'max_window': 59, 'use_full_instance': False, 'max_partners': 20, 'homeostasis': 'mean', 'target': 0.52, 'spread': 0.385, 'learning_rate': 0.001}",dqn,100,linear,0.001,,,,,,
RepeatPrevious,filterbank+hag,9,120,4.675,1.0000000000000007,0.0,0.5495558375634519,0.9067258883248737,50,"{'decomposition': 'ema', 'n_filters': 6, 'slowest': 0.025449047451326166, 'input_scaling': 0.45634028381379155, 'bias_dist': 'foldnorm', 'bias_scaling': 0.3053488883357672, 'lr': 0.9631125355867912, 'weight_increment': 0.001562997476594326, 'min_window': 10, 'max_window': 37, 'use_full_instance': True, 'max_partners': inf, 'homeostasis': 'mean', 'target': 0.5, 'spread': 0.23, 'ridge': 9.30375589059818e-06, 'gamma': 0.9070029115365931}",lspi,100,linear,,1.0000000000000004,0.0,"[1.0000000000000004, 1.0000000000000004, 1.0000000000000004, 1.0000000000000004, 1.0000000000000004, 1.0000000000000004, 1.0000000000000004, 1.0000000000000004, 1.0000000000000004, 1.0000000000000004, 1.0000000000000004, 1.0000000000000004, 1.0000000000000004, 1.0000000000000004, 1.0000000000000004, 1.0000000000000004, 1.0000000000000004, 1.0000000000000004, 1.0000000000000004, 1.0000000000000004]",,,
RepeatPrevious,filterbank+proj,0,120,0.0,0.19666666666666666,0.11025223605694148,-0.027739001692047374,0.125,49,"{'decomposition': 'ema', 'n_filters': 6, 'slowest': 0.025449047451326166, 'input_scaling': 0.45634028381379155, 'bias_dist': 'foldnorm', 'bias_scaling': 0.3053488883357672, 'lr': 0.9631125355867912, 'weight_increment': 0.001562997476594326, 'min_window': 10, 'max_window': 37, 'use_full_instance': True, 'max_partners': inf, 'homeostasis': 'mean', 'target': 0.5, 'spread': 0.23, 'ridge': 9.30375589059818e-06, 'gamma': 0.9070029115365931}",lspi,100,linear,,0.17187499999999997,0.0,"[0.24999999999999994, 0.16666666666666669, 0.1833333333333333, 0.15833333333333333, 0.21249999999999997, 0.19583333333333333, 0.17083333333333334, 0.19166666666666662, 0.09999999999999999, 0.18333333333333332, 0.20833333333333331, 0.18749999999999994, 0.12499999999999997, 0.06666666666666667, 0.14583333333333331, 0.19999999999999998, 0.14999999999999997, 0.15416666666666665, 0.17916666666666664, 0.20833333333333331]",,,
RepeatPrevious,filterbank+proj,2,120,0.0,0.17916666666666664,0.11464013743498001,-0.031091370558375624,0.13642131979695432,48,"{'decomposition': 'ema', 'n_filters': 6, 'slowest': 0.025449047451326166, 'input_scaling': 0.45634028381379155, 'bias_dist': 'foldnorm', 'bias_scaling': 0.3053488883357672, 'lr': 0.9631125355867912, 'weight_increment': 0.001562997476594326, 'min_window': 10, 'max_window': 37, 'use_full_instance': True, 'max_partners': inf, 'homeostasis': 'mean', 'target': 0.5, 'spread': 0.23, 'ridge': 9.30375589059818e-06, 'gamma': 0.9070029115365931}",lspi,100,linear,,0.17187499999999997,0.0,"[0.23749999999999996, 0.2125, 0.1958333333333333, 0.17916666666666664, 0.18749999999999997, 0.1958333333333333, 0.16249999999999998, 0.17916666666666664, 0.09583333333333331, 0.1958333333333333, 0.19999999999999998, 0.20416666666666666, 0.12916666666666668, 0.0875, 0.14999999999999997, 0.1833333333333333, 0.16249999999999998, 0.14166666666666666, 0.16666666666666663, 0.17083333333333334]",,,
RepeatPrevious,filterbank+proj,1,120,0.0,0.18499999999999997,0.10611838253154401,-0.032497884940778335,0.1200296108291032,49,"{'decomposition': 'ema', 'n_filters': 6, 'slowest': 0.025449047451326166, 'input_scaling': 0.45634028381379155, 'bias_dist': 'foldnorm', 'bias_scaling': 0.3053488883357672, 'lr': 0.9631125355867912, 'weight_increment': 0.001562997476594326, 'min_window': 10, 'max_window': 37, 'use_full_instance': True, 'max_partners': inf, 'homeostasis': 'mean', 'target': 0.5, 'spread': 0.23, 'ridge': 9.30375589059818e-06, 'gamma': 0.9070029115365931}",lspi,100,linear,,0.169375,10.0,"[0.1958333333333333, 0.20416666666666666, 0.17916666666666664, 0.18749999999999997, 0.18333333333333332, 0.19583333333333333, 0.16249999999999998, 0.18749999999999997, 0.10416666666666666, 0.18749999999999997, 0.21249999999999997, 0.19583333333333333, 0.11666666666666663, 0.09583333333333333, 0.15416666666666665, 0.17916666666666664, 0.14583333333333331, 0.1333333333333333, 0.175, 0.19166666666666668]",,,
RepeatPrevious,filterbank+proj,3,120,0.0,0.18416666666666665,0.11306647503914577,-0.030097292724196267,0.13620981387478848,49,"{'decomposition': 'ema', 'n_filters': 6, 'slowest': 0.025449047451326166, 'input_scaling': 0.45634028381379155, 'bias_dist': 'foldnorm', 'bias_scaling': 0.3053488883357672, 'lr': 0.9631125355867912, 'weight_increment': 0.001562997476594326, 'min_window': 10, 'max_window': 37, 'use_full_instance': True, 'max_partners': inf, 'homeostasis': 'mean', 'target': 0.5, 'spread': 0.23, 'ridge': 9.30375589059818e-06, 'gamma': 0.9070029115365931}",lspi,100,linear,,0.17333333333333328,5.0,"[0.20833333333333331, 0.19166666666666665, 0.1875, 0.19999999999999996, 0.20833333333333331, 0.21666666666666665, 0.15416666666666665, 0.19166666666666662, 0.0875, 0.19166666666666665, 0.21666666666666665, 0.21666666666666662, 0.10416666666666666, 0.0875, 0.1583333333333333, 0.18749999999999994, 0.16666666666666663, 0.14999999999999997, 0.1583333333333333, 0.18333333333333332]",,,
RepeatPrevious,filterbank+proj,1,208,0.0,-0.14666666,0.08945825072235876,0.39579189717957874,0.31709184948979596,774,"{'decomposition': 'legendre', 'n_filters': 12, 'slowest': 0.05503533446959869, 'input_scaling': 0.9095759553753703, 'bias_dist': 'foldnorm', 'bias_scaling': 0.04123764193322552, 'lr': 0.9047782400199377, 'weight_increment': 0.002278223530217896, 'min_window': 11, 'max_window': 59, 'use_full_instance': False, 'max_partners': 20, 'homeostasis': 'mean', 'target': 0.52, 'spread': 0.385, 'learning_rate': 0.001}",dqn,100,linear,0.001,,,,,,
RepeatPrevious,filterbank+proj,4,120,0.0,0.17749999999999996,0.10335013304297193,-0.03099619289340101,0.12404822335025378,48,"{'decomposition': 'ema', 'n_filters': 6, 'slowest': 0.025449047451326166, 'input_scaling': 0.45634028381379155, 'bias_dist': 'foldnorm', 'bias_scaling': 0.3053488883357672, 'lr': 0.9631125355867912, 'weight_increment': 0.001562997476594326, 'min_window': 10, 'max_window': 37, 'use_full_instance': True, 'max_partners': inf, 'homeostasis': 'mean', 'target': 0.5, 'spread': 0.23, 'ridge': 9.30375589059818e-06, 'gamma': 0.9070029115365931}",lspi,100,linear,,0.16895833333333332,0.0,"[0.20833333333333331, 0.19166666666666665, 0.17916666666666664, 0.16666666666666666, 0.19166666666666665, 0.19999999999999998, 0.1625, 0.18749999999999994, 0.10833333333333331, 0.175, 0.2041666666666666, 0.2, 0.10416666666666666, 0.075, 0.15416666666666665, 0.19166666666666668, 0.16666666666666666, 0.15833333333333333, 0.1708333333333333, 0.18333333333333332]",,,
RepeatPrevious,filterbank+proj,5,120,0.0,0.17166666666666663,0.10821788720498615,-0.029843485617597282,0.12256768189509305,48,"{'decomposition': 'ema', 'n_filters': 6, 'slowest': 0.025449047451326166, 'input_scaling': 0.45634028381379155, 'bias_dist': 'foldnorm', 'bias_scaling': 0.3053488883357672, 'lr': 0.9631125355867912, 'weight_increment': 0.001562997476594326, 'min_window': 10, 'max_window': 37, 'use_full_instance': True, 'max_partners': inf, 'homeostasis': 'mean', 'target': 0.5, 'spread': 0.23, 'ridge': 9.30375589059818e-06, 'gamma': 0.9070029115365931}",lspi,100,linear,,0.1727083333333333,0.0,"[0.22499999999999995, 0.20833333333333331, 0.16249999999999998, 0.1958333333333333, 0.19583333333333333, 0.19999999999999996, 0.17083333333333334, 0.1958333333333333, 0.08333333333333331, 0.1833333333333333, 0.20833333333333331, 0.19583333333333333, 0.11666666666666665, 0.07916666666666665, 0.14999999999999997, 0.2, 0.1833333333333333, 0.1583333333333333, 0.16249999999999995, 0.17916666666666664]",,,
RepeatPrevious,filterbank+proj,6,120,0.0,0.185,0.10677078252031309,-0.028532148900169196,0.12679780033840946,48,"{'decomposition': 'ema', 'n_filters': 6, 'slowest': 0.025449047451326166, 'input_scaling': 0.45634028381379155, 'bias_dist': 'foldnorm', 'bias_scaling': 0.3053488883357672, 'lr': 0.9631125355867912, 'weight_increment': 0.001562997476594326, 'min_window': 10, 'max_window': 37, 'use_full_instance': True, 'max_partners': inf, 'homeostasis': 'mean', 'target': 0.5, 'spread': 0.23, 'ridge': 9.30375589059818e-06, 'gamma': 0.9070029115365931}",lspi,100,linear,,0.17249999999999996,0.0,"[0.25, 0.17916666666666664, 0.17916666666666664, 0.14999999999999997, 0.1958333333333333, 0.20416666666666666, 0.16666666666666666, 0.1833333333333333, 0.0875, 0.18749999999999997, 0.19166666666666662, 0.20416666666666666, 0.1375, 0.0875, 0.16249999999999995, 0.19999999999999998, 0.16666666666666666, 0.1583333333333333, 0.17499999999999996, 0.18333333333333332]",,,
RepeatPrevious,filterbank+proj,7,120,0.0,0.19,0.10838460325259404,-0.029536802030456846,0.13969966159052452,49,"{'decomposition': 'ema', 'n_filters': 6, 'slowest': 0.025449047451326166, 'input_scaling': 0.45634028381379155, 'bias_dist': 'foldnorm', 'bias_scaling': 0.3053488883357672, 'lr': 0.9631125355867912, 'weight_increment': 0.001562997476594326, 'min_window': 10, 'max_window': 37, 'use_full_instance': True, 'max_partners': inf, 'homeostasis': 'mean', 'target': 0.5, 'spread': 0.23, 'ridge': 9.30375589059818e-06, 'gamma': 0.9070029115365931}",lspi,100,linear,,0.17291666666666666,5.0,"[0.19583333333333333, 0.20833333333333331, 0.1958333333333333, 0.17916666666666664, 0.1875, 0.21666666666666662, 0.175, 0.19166666666666665, 0.09583333333333333, 0.19166666666666665, 0.20833333333333331, 0.19166666666666665, 0.12083333333333332, 0.06666666666666667, 0.16666666666666666, 0.21666666666666662, 0.16249999999999998, 0.14166666666666666, 0.16249999999999998, 0.18333333333333332]",,,
RepeatPrevious,filterbank+proj,8,120,0.0,0.19416666666666665,0.10916666666666665,-0.029557952622673415,0.12954737732656513,49,"{'decomposition': 'ema', 'n_filters': 6, 'slowest': 0.025449047451326166, 'input_scaling': 0.45634028381379155, 'bias_dist': 'foldnorm', 'bias_scaling': 0.3053488883357672, 'lr': 0.9631125355867912, 'weight_increment': 0.001562997476594326, 'min_window': 10, 'max_window': 37, 'use_full_instance': True, 'max_partners': inf, 'homeostasis': 'mean', 'target': 0.5, 'spread': 0.23, 'ridge': 9.30375589059818e-06, 'gamma': 0.9070029115365931}",lspi,100,linear,,0.16874999999999998,15.0,"[0.1958333333333333, 0.1833333333333333, 0.16249999999999998, 0.17083333333333334, 0.19999999999999998, 0.19999999999999998, 0.175, 0.175, 0.09583333333333333, 0.17916666666666664, 0.19999999999999996, 0.2, 0.12499999999999997, 0.0875, 0.15416666666666665, 0.20833333333333331, 0.15, 0.15416666666666665, 0.1708333333333333, 0.18749999999999997]",,,
RepeatPrevious,filterbank+proj,9,120,0.0,0.19583333333333328,0.1090521027358533,-0.028362944162436555,0.1365270727580372,48,"{'decomposition': 'ema', 'n_filters': 6, 'slowest': 0.025449047451326166, 'input_scaling': 0.45634028381379155, 'bias_dist': 'foldnorm', 'bias_scaling': 0.3053488883357672, 'lr': 0.9631125355867912, 'weight_increment': 0.001562997476594326, 'min_window': 10, 'max_window': 37, 'use_full_instance': True, 'max_partners': inf, 'homeostasis': 'mean', 'target': 0.5, 'spread': 0.23, 'ridge': 9.30375589059818e-06, 'gamma': 0.9070029115365931}",lspi,100,linear,,0.16958333333333334,10.0,"[0.18749999999999997, 0.1958333333333333, 0.16666666666666666, 0.17083333333333334, 0.19166666666666665, 0.20416666666666666, 0.14583333333333334, 0.19166666666666662, 0.09583333333333331, 0.1833333333333333, 0.21666666666666665, 0.19999999999999998, 0.11249999999999998, 0.09583333333333333, 0.14999999999999997, 0.21249999999999997, 0.16249999999999998, 0.15416666666666665, 0.16666666666666666, 0.18749999999999997]",,,
RepeatPrevious,filterbank+proj,2,208,0.0,0.14,0.08406347799966404,0.41173432774009283,0.3648809551020408,768,"{'decomposition': 'legendre', 'n_filters': 12, 'slowest': 0.05503533446959869, 'input_scaling': 0.9095759553753703, 'bias_dist': 'foldnorm', 'bias_scaling': 0.04123764193322552, 'lr': 0.9047782400199377, 'weight_increment': 0.002278223530217896, 'min_window': 11, 'max_window': 59, 'use_full_instance': False, 'max_partners': 20, 'homeostasis': 'mean', 'target': 0.52, 'spread': 0.385, 'learning_rate': 0.001}",dqn,100,linear,0.001,,,,,,
RepeatPrevious,filterbank+proj,3,208,0.0,0.63166668,0.06580698071768375,0.3894272463915948,0.31065051683673467,761,"{'decomposition': 'legendre', 'n_filters': 12, 'slowest': 0.05503533446959869, 'input_scaling': 0.9095759553753703, 'bias_dist': 'foldnorm', 'bias_scaling': 0.04123764193322552, 'lr': 0.9047782400199377, 'weight_increment': 0.002278223530217896, 'min_window': 11, 'max_window': 59, 'use_full_instance': False, 'max_partners': 20, 'homeostasis': 'mean', 'target': 0.52, 'spread': 0.385, 'learning_rate': 0.001}",dqn,100,linear,0.001,,,,,,
RepeatPrevious,filterbank+proj,4,208,0.0,0.8083333400000001,0.07993053094947138,0.28505338246544604,0.24468536479591835,764,"{'decomposition': 'legendre', 'n_filters': 12, 'slowest': 0.05503533446959869, 'input_scaling': 0.9095759553753703, 'bias_dist': 'foldnorm', 'bias_scaling': 0.04123764193322552, 'lr': 0.9047782400199377, 'weight_increment': 0.002278223530217896, 'min_window': 11, 'max_window': 59, 'use_full_instance': False, 'max_partners': 20, 'homeostasis': 'mean', 'target': 0.52, 'spread': 0.385, 'learning_rate': 0.001}",dqn,100,linear,0.001,,,,,,
RepeatPrevious,filterbank+esn,0,192,3.8541666666666665,1.0000000000000007,0.0,1.0000000000000004,,81,"{'decomposition': 'ema', 'n_filters': 12, 'slowest': 0.0068481211016550025, 'input_scaling': 0.929634188755156, 'bias_dist': 'foldnorm', 'bias_scaling': 0.0004530104948033912, 'lr': 0.9407030287660403, 'sr': 0.9778712320759426, 'rc_connectivity': 0.020075371100608825}",bc,100,linear,,1.0000000000000004,,"[1.0000000000000004, 1.0000000000000004, 1.0000000000000004, 1.0000000000000004, 1.0000000000000004]",1.0000000000000004,0.0,1.0
RepeatPrevious,filterbank+esn,1,192,3.8541666666666665,1.0000000000000007,0.0,1.0000000000000004,,77,"{'decomposition': 'ema', 'n_filters': 12, 'slowest': 0.0068481211016550025, 'input_scaling': 0.929634188755156, 'bias_dist': 'foldnorm', 'bias_scaling': 0.0004530104948033912, 'lr': 0.9407030287660403, 'sr': 0.9778712320759426, 'rc_connectivity': 0.020075371100608825}",bc,100,linear,,1.0000000000000004,,"[1.0000000000000004, 1.0000000000000004, 1.0000000000000004, 1.0000000000000004, 1.0000000000000004]",1.0000000000000004,0.0,1.0
RepeatPrevious,filterbank+esn,2,192,3.8541666666666665,1.0000000000000007,0.0,1.0000000000000004,,77,"{'decomposition': 'ema', 'n_filters': 12, 'slowest': 0.0068481211016550025, 'input_scaling': 0.929634188755156, 'bias_dist': 'foldnorm', 'bias_scaling': 0.0004530104948033912, 'lr': 0.9407030287660403, 'sr': 0.9778712320759426, 'rc_connectivity': 0.020075371100608825}",bc,100,linear,,1.0000000000000004,,"[1.0000000000000004, 1.0000000000000004, 1.0000000000000004, 1.0000000000000004, 1.0000000000000004]",1.0000000000000004,0.0,1.0
RepeatPrevious,filterbank+esn,3,192,3.8541666666666665,1.0000000000000007,0.0,1.0000000000000004,,77,"{'decomposition': 'ema', 'n_filters': 12, 'slowest': 0.0068481211016550025, 'input_scaling': 0.929634188755156, 'bias_dist': 'foldnorm', 'bias_scaling': 0.0004530104948033912, 'lr': 0.9407030287660403, 'sr': 0.9778712320759426, 'rc_connectivity': 0.020075371100608825}",bc,100,linear,,1.0000000000000004,,"[1.0000000000000004, 1.0000000000000004, 1.0000000000000004, 1.0000000000000004, 1.0000000000000004]",1.0000000000000004,0.0,1.0
RepeatPrevious,filterbank+esn,5,192,3.8541666666666665,1.0000000000000007,0.0,0.9983036471586094,,77,"{'decomposition': 'ema', 'n_filters': 12, 'slowest': 0.0068481211016550025, 'input_scaling': 0.929634188755156, 'bias_dist': 'foldnorm', 'bias_scaling': 0.0004530104948033912, 'lr': 0.9407030287660403, 'sr': 0.9778712320759426, 'rc_connectivity': 0.020075371100608825}",bc,100,linear,,1.0000000000000004,,"[1.0000000000000004, 1.0000000000000004, 1.0000000000000004, 1.0000000000000004, 1.0000000000000004]",1.0000000000000004,0.0,0.9866666399999999
RepeatPrevious,filterbank+esn,4,192,3.8541666666666665,1.0000000000000007,0.0,1.0000000000000004,,79,"{'decomposition': 'ema', 'n_filters': 12, 'slowest': 0.0068481211016550025, 'input_scaling': 0.929634188755156, 'bias_dist': 'foldnorm', 'bias_scaling': 0.0004530104948033912, 'lr': 0.9407030287660403, 'sr': 0.9778712320759426, 'rc_connectivity': 0.020075371100608825}",bc,100,linear,,1.0000000000000004,,"[1.0000000000000004, 1.0000000000000004, 1.0000000000000004, 1.0000000000000004, 1.0000000000000004]",1.0000000000000004,0.0,1.0
RepeatPrevious,filterbank+esn,6,192,3.8541666666666665,1.0000000000000007,0.0,1.0000000000000004,,77,"{'decomposition': 'ema', 'n_filters': 12, 'slowest': 0.0068481211016550025, 'input_scaling': 0.929634188755156, 'bias_dist': 'foldnorm', 'bias_scaling': 0.0004530104948033912, 'lr': 0.9407030287660403, 'sr': 0.9778712320759426, 'rc_connectivity': 0.020075371100608825}",bc,100,linear,,1.0000000000000004,,"[1.0000000000000004, 1.0000000000000004, 1.0000000000000004, 1.0000000000000004, 1.0000000000000004]",1.0000000000000004,0.0,1.0
RepeatPrevious,filterbank+esn,7,192,3.8541666666666665,1.0000000000000007,0.0,1.0000000000000004,,76,"{'decomposition': 'ema', 'n_filters': 12, 'slowest': 0.0068481211016550025, 'input_scaling': 0.929634188755156, 'bias_dist': 'foldnorm', 'bias_scaling': 0.0004530104948033912, 'lr': 0.9407030287660403, 'sr': 0.9778712320759426, 'rc_connectivity': 0.020075371100608825}",bc,100,linear,,1.0000000000000004,,"[1.0000000000000004, 1.0000000000000004, 1.0000000000000004, 1.0000000000000004, 1.0000000000000004]",1.0000000000000004,0.0,1.0
RepeatPrevious,filterbank+esn,9,192,3.8541666666666665,1.0000000000000007,0.0,1.0000000000000004,,77,"{'decomposition': 'ema', 'n_filters': 12, 'slowest': 0.0068481211016550025, 'input_scaling': 0.929634188755156, 'bias_dist': 'foldnorm', 'bias_scaling': 0.0004530104948033912, 'lr': 0.9407030287660403, 'sr': 0.9778712320759426, 'rc_connectivity': 0.020075371100608825}",bc,100,linear,,1.0000000000000004,,"[1.0000000000000004, 1.0000000000000004, 1.0000000000000004, 1.0000000000000004, 1.0000000000000004]",1.0000000000000004,0.0,1.0
RepeatPrevious,filterbank+esn,8,192,3.8541666666666665,1.0000000000000007,0.0,1.0000000000000004,,78,"{'decomposition': 'ema', 'n_filters': 12, 'slowest': 0.0068481211016550025, 'input_scaling': 0.929634188755156, 'bias_dist': 'foldnorm', 'bias_scaling': 0.0004530104948033912, 'lr': 0.9407030287660403, 'sr': 0.9778712320759426, 'rc_connectivity': 0.020075371100608825}",bc,100,linear,,1.0000000000000004,,"[1.0000000000000004, 1.0000000000000004, 1.0000000000000004, 1.0000000000000004, 1.0000000000000004]",1.0000000000000004,0.0,1.0
RepeatPrevious,filterbank+hag,0,208,4.855769230769231,1.0000000000000007,0.0,1.0000000000000004,,82,"{'decomposition': 'legendre', 'n_filters': 12, 'slowest': 0.05503533446959869, 'input_scaling': 0.9095759553753703, 'bias_dist': 'foldnorm', 'bias_scaling': 0.04123764193322552, 'lr': 0.9047782400199377, 'weight_increment': 0.002278223530217896, 'min_window': 11, 'max_window': 59, 'use_full_instance': False, 'max_partners': 20, 'homeostasis': 'mean', 'target': 0.52, 'spread': 0.385}",bc,100,linear,,1.0000000000000004,,"[1.0000000000000004, 1.0000000000000004, 1.0000000000000004, 1.0000000000000004, 1.0000000000000004]",1.0000000000000004,0.0,1.0
RepeatPrevious,filterbank+hag,1,208,4.875,1.0000000000000007,0.0,1.0000000000000004,,82,"{'decomposition': 'legendre', 'n_filters': 12, 'slowest': 0.05503533446959869, 'input_scaling': 0.9095759553753703, 'bias_dist': 'foldnorm', 'bias_scaling': 0.04123764193322552, 'lr': 0.9047782400199377, 'weight_increment': 0.002278223530217896, 'min_window': 11, 'max_window': 59, 'use_full_instance': False, 'max_partners': 20, 'homeostasis': 'mean', 'target': 0.52, 'spread': 0.385}",bc,100,linear,,1.0000000000000004,,"[1.0000000000000004, 1.0000000000000004, 1.0000000000000004, 1.0000000000000004, 1.0000000000000004]",1.0000000000000004,0.0,1.0
RepeatPrevious,filterbank+hag,3,208,4.581730769230769,1.0000000000000007,0.0,1.0000000000000004,,80,"{'decomposition': 'legendre', 'n_filters': 12, 'slowest': 0.05503533446959869, 'input_scaling': 0.9095759553753703, 'bias_dist': 'foldnorm', 'bias_scaling': 0.04123764193322552, 'lr': 0.9047782400199377, 'weight_increment': 0.002278223530217896, 'min_window': 11, 'max_window': 59, 'use_full_instance': False, 'max_partners': 20, 'homeostasis': 'mean', 'target': 0.52, 'spread': 0.385}",bc,100,linear,,1.0000000000000004,,"[1.0000000000000004, 1.0000000000000004, 1.0000000000000004, 1.0000000000000004, 1.0000000000000004]",1.0000000000000004,0.0,1.0
RepeatPrevious,filterbank+hag,2,208,5.649038461538462,1.0000000000000007,0.0,1.0000000000000004,,81,"{'decomposition': 'legendre', 'n_filters': 12, 'slowest': 0.05503533446959869, 'input_scaling': 0.9095759553753703, 'bias_dist': 'foldnorm', 'bias_scaling': 0.04123764193322552, 'lr': 0.9047782400199377, 'weight_increment': 0.002278223530217896, 'min_window': 11, 'max_window': 59, 'use_full_instance': False, 'max_partners': 20, 'homeostasis': 'mean', 'target': 0.52, 'spread': 0.385}",bc,100,linear,,1.0000000000000004,,"[1.0000000000000004, 1.0000000000000004, 1.0000000000000004, 1.0000000000000004, 1.0000000000000004]",1.0000000000000004,0.0,1.0
RepeatPrevious,filterbank+hag,4,208,4.264423076923077,1.0000000000000007,0.0,1.0000000000000004,,82,"{'decomposition': 'legendre', 'n_filters': 12, 'slowest': 0.05503533446959869, 'input_scaling': 0.9095759553753703, 'bias_dist': 'foldnorm', 'bias_scaling': 0.04123764193322552, 'lr': 0.9047782400199377, 'weight_increment': 0.002278223530217896, 'min_window': 11, 'max_window': 59, 'use_full_instance': False, 'max_partners': 20, 'homeostasis': 'mean', 'target': 0.52, 'spread': 0.385}",bc,100,linear,,1.0000000000000004,,"[1.0000000000000004, 1.0000000000000004, 1.0000000000000004, 1.0000000000000004, 1.0000000000000004]",1.0000000000000004,0.0,1.0
RepeatPrevious,filterbank+hag,5,208,5.360576923076923,1.0000000000000007,0.0,0.9983036471586094,,81,"{'decomposition': 'legendre', 'n_filters': 12, 'slowest': 0.05503533446959869, 'input_scaling': 0.9095759553753703, 'bias_dist': 'foldnorm', 'bias_scaling': 0.04123764193322552, 'lr': 0.9047782400199377, 'weight_increment': 0.002278223530217896, 'min_window': 11, 'max_window': 59, 'use_full_instance': False, 'max_partners': 20, 'homeostasis': 'mean', 'target': 0.52, 'spread': 0.385}",bc,100,linear,,1.0000000000000004,,"[1.0000000000000004, 1.0000000000000004, 1.0000000000000004, 1.0000000000000004, 1.0000000000000004]",1.0000000000000004,0.0,0.9866666399999999
RepeatPrevious,filterbank+hag,7,208,5.024038461538462,1.0000000000000007,0.0,1.0000000000000004,,80,"{'decomposition': 'legendre', 'n_filters': 12, 'slowest': 0.05503533446959869, 'input_scaling': 0.9095759553753703, 'bias_dist': 'foldnorm', 'bias_scaling': 0.04123764193322552, 'lr': 0.9047782400199377, 'weight_increment': 0.002278223530217896, 'min_window': 11, 'max_window': 59, 'use_full_instance': False, 'max_partners': 20, 'homeostasis': 'mean', 'target': 0.52, 'spread': 0.385}",bc,100,linear,,1.0000000000000004,,"[1.0000000000000004, 1.0000000000000004, 1.0000000000000004, 1.0000000000000004, 1.0000000000000004]",1.0000000000000004,0.0,1.0
RepeatPrevious,filterbank+hag,6,208,4.288461538461538,1.0000000000000007,0.0,1.0000000000000004,,81,"{'decomposition': 'legendre', 'n_filters': 12, 'slowest': 0.05503533446959869, 'input_scaling': 0.9095759553753703, 'bias_dist': 'foldnorm', 'bias_scaling': 0.04123764193322552, 'lr': 0.9047782400199377, 'weight_increment': 0.002278223530217896, 'min_window': 11, 'max_window': 59, 'use_full_instance': False, 'max_partners': 20, 'homeostasis': 'mean', 'target': 0.52, 'spread': 0.385}",bc,100,linear,,1.0000000000000004,,"[1.0000000000000004, 1.0000000000000004, 1.0000000000000004, 1.0000000000000004, 1.0000000000000004]",1.0000000000000004,0.0,1.0
RepeatPrevious,filterbank+hag,8,208,5.110576923076923,1.0000000000000007,0.0,1.0000000000000004,,81,"{'decomposition': 'legendre', 'n_filters': 12, 'slowest': 0.05503533446959869, 'input_scaling': 0.9095759553753703, 'bias_dist': 'foldnorm', 'bias_scaling': 0.04123764193322552, 'lr': 0.9047782400199377, 'weight_increment': 0.002278223530217896, 'min_window': 11, 'max_window': 59, 'use_full_instance': False, 'max_partners': 20, 'homeostasis': 'mean', 'target': 0.52, 'spread': 0.385}",bc,100,linear,,1.0000000000000004,,"[1.0000000000000004, 1.0000000000000004, 1.0000000000000004, 1.0000000000000004, 1.0000000000000004]",1.0000000000000004,0.0,1.0
RepeatPrevious,filterbank+hag,9,208,4.548076923076923,1.0000000000000007,0.0,1.0000000000000004,,79,"{'decomposition': 'legendre', 'n_filters': 12, 'slowest': 0.05503533446959869, 'input_scaling': 0.9095759553753703, 'bias_dist': 'foldnorm', 'bias_scaling': 0.04123764193322552, 'lr': 0.9047782400199377, 'weight_increment': 0.002278223530217896, 'min_window': 11, 'max_window': 59, 'use_full_instance': False, 'max_partners': 20, 'homeostasis': 'mean', 'target': 0.52, 'spread': 0.385}",bc,100,linear,,1.0000000000000004,,"[1.0000000000000004, 1.0000000000000004, 1.0000000000000004, 1.0000000000000004, 1.0000000000000004]",1.0000000000000004,0.0,1.0
RepeatPrevious,filterbank+proj,5,208,0.0,0.33166663999999996,0.07635807037367039,0.4168940511551997,0.2646258479591837,786,"{'decomposition': 'legendre', 'n_filters': 12, 'slowest': 0.05503533446959869, 'input_scaling': 0.9095759553753703, 'bias_dist': 'foldnorm', 'bias_scaling': 0.04123764193322552, 'lr': 0.9047782400199377, 'weight_increment': 0.002278223530217896, 'min_window': 11, 'max_window': 59, 'use_full_instance': False, 'max_partners': 20, 'homeostasis': 'mean', 'target': 0.52, 'spread': 0.385, 'learning_rate': 0.001}",dqn,100,linear,0.001,,,,,,
RepeatPrevious,filterbank+proj,0,208,0.0,0.9991666666666674,0.005833333333333344,0.9996819338422397,,78,"{'decomposition': 'legendre', 'n_filters': 12, 'slowest': 0.05503533446959869, 'input_scaling': 0.9095759553753703, 'bias_dist': 'foldnorm', 'bias_scaling': 0.04123764193322552, 'lr': 0.9047782400199377, 'weight_increment': 0.002278223530217896, 'min_window': 11, 'max_window': 59, 'use_full_instance': False, 'max_partners': 20, 'homeostasis': 'mean', 'target': 0.52, 'spread': 0.385}",bc,100,linear,,0.9966666666666673,,"[1.0000000000000004, 1.0000000000000004, 0.9958333333333339, 0.9875000000000005, 1.0000000000000004]",1.0000000000000004,0.0,1.0
RepeatPrevious,filterbank+proj,1,208,0.0,0.9941666666666674,0.01865252440466619,0.9960771840542837,,77,"{'decomposition': 'legendre', 'n_filters': 12, 'slowest': 0.05503533446959869, 'input_scaling': 0.9095759553753703, 'bias_dist': 'foldnorm', 'bias_scaling': 0.04123764193322552, 'lr': 0.9047782400199377, 'weight_increment': 0.002278223530217896, 'min_window': 11, 'max_window': 59, 'use_full_instance': False, 'max_partners': 20, 'homeostasis': 'mean', 'target': 0.52, 'spread': 0.385}",bc,100,linear,,0.9875000000000005,,"[0.9958333333333339, 1.0000000000000004, 0.9750000000000005, 0.9708333333333339, 0.9958333333333339]",0.9958333333333339,1.0,1.0
RepeatPrevious,filterbank+proj,2,208,0.0,0.9966666666666675,0.014043582955293956,0.9978795589482615,,78,"{'decomposition': 'legendre', 'n_filters': 12, 'slowest': 0.05503533446959869, 'input_scaling': 0.9095759553753703, 'bias_dist': 'foldnorm', 'bias_scaling': 0.04123764193322552, 'lr': 0.9047782400199377, 'weight_increment': 0.002278223530217896, 'min_window': 11, 'max_window': 59, 'use_full_instance': False, 'max_partners': 20, 'homeostasis': 'mean', 'target': 0.52, 'spread': 0.385}",bc,100,linear,,0.9900000000000005,,"[1.0000000000000004, 1.0000000000000004, 0.9750000000000005, 0.9791666666666673, 0.9958333333333339]",1.0000000000000004,0.0,1.0
RepeatPrevious,filterbank+proj,3,208,0.0,0.9925000000000008,0.019878100736460975,0.9954622561492794,,77,"{'decomposition': 'legendre', 'n_filters': 12, 'slowest': 0.05503533446959869, 'input_scaling': 0.9095759553753703, 'bias_dist': 'foldnorm', 'bias_scaling': 0.04123764193322552, 'lr': 0.9047782400199377, 'weight_increment': 0.002278223530217896, 'min_window': 11, 'max_window': 59, 'use_full_instance': False, 'max_partners': 20, 'homeostasis': 'mean', 'target': 0.52, 'spread': 0.385}",bc,100,linear,,0.9875000000000005,,"[0.9958333333333339, 1.0000000000000004, 0.9750000000000005, 0.9708333333333339, 0.9958333333333339]",0.9958333333333339,1.0,1.0
RepeatPrevious,filterbank+proj,6,208,0.0,0.16666666,0.09204466910790869,0.298940852603662,0.19224064285714285,781,"{'decomposition': 'legendre', 'n_filters': 12, 'slowest': 0.05503533446959869, 'input_scaling': 0.9095759553753703, 'bias_dist': 'foldnorm', 'bias_scaling': 0.04123764193322552, 'lr': 0.9047782400199377, 'weight_increment': 0.002278223530217896, 'min_window': 11, 'max_window': 59, 'use_full_instance': False, 'max_partners': 20, 'homeostasis': 'mean', 'target': 0.52, 'spread': 0.385, 'learning_rate': 0.001}",dqn,100,linear,0.001,,,,,,
RepeatPrevious,filterbank+proj,4,208,0.0,0.9975000000000007,0.012936812246883376,0.9988337574215441,,78,"{'decomposition': 'legendre', 'n_filters': 12, 'slowest': 0.05503533446959869, 'input_scaling': 0.9095759553753703, 'bias_dist': 'foldnorm', 'bias_scaling': 0.04123764193322552, 'lr': 0.9047782400199377, 'weight_increment': 0.002278223530217896, 'min_window': 11, 'max_window': 59, 'use_full_instance': False, 'max_partners': 20, 'homeostasis': 'mean', 'target': 0.52, 'spread': 0.385}",bc,100,linear,,0.9958333333333339,,"[1.0000000000000004, 1.0000000000000004, 0.9875000000000005, 0.9958333333333339, 0.9958333333333339]",1.0000000000000004,0.0,1.0
RepeatPrevious,filterbank+proj,5,208,0.0,0.993333333333334,0.01929306150465041,0.9947625106022057,,77,"{'decomposition': 'legendre', 'n_filters': 12, 'slowest': 0.05503533446959869, 'input_scaling': 0.9095759553753703, 'bias_dist': 'foldnorm', 'bias_scaling': 0.04123764193322552, 'lr': 0.9047782400199377, 'weight_increment': 0.002278223530217896, 'min_window': 11, 'max_window': 59, 'use_full_instance': False, 'max_partners': 20, 'homeostasis': 'mean', 'target': 0.52, 'spread': 0.385}",bc,100,linear,,0.9900000000000005,,"[0.9958333333333339, 1.0000000000000004, 0.983333333333334, 0.9750000000000005, 0.9958333333333339]",0.9958333333333339,1.0,0.9866666399999999
RepeatPrevious,filterbank+proj,6,208,0.0,0.9925000000000006,0.019878100736460975,0.9960559796437664,,80,"{'decomposition': 'legendre', 'n_filters': 12, 'slowest': 0.05503533446959869, 'input_scaling': 0.9095759553753703, 'bias_dist': 'foldnorm', 'bias_scaling': 0.04123764193322552, 'lr': 0.9047782400199377, 'weight_increment': 0.002278223530217896, 'min_window': 11, 'max_window': 59, 'use_full_instance': False, 'max_partners': 20, 'homeostasis': 'mean', 'target': 0.52, 'spread': 0.385}",bc,100,linear,,0.9875000000000005,,"[0.9958333333333339, 1.0000000000000004, 0.9750000000000005, 0.9708333333333339, 0.9958333333333339]",0.9958333333333339,1.0,1.0
RepeatPrevious,filterbank+proj,7,208,0.0,0.9991666666666674,0.005833333333333343,0.9996183206106873,,77,"{'decomposition': 'legendre', 'n_filters': 12, 'slowest': 0.05503533446959869, 'input_scaling': 0.9095759553753703, 'bias_dist': 'foldnorm', 'bias_scaling': 0.04123764193322552, 'lr': 0.9047782400199377, 'weight_increment': 0.002278223530217896, 'min_window': 11, 'max_window': 59, 'use_full_instance': False, 'max_partners': 20, 'homeostasis': 'mean', 'target': 0.52, 'spread': 0.385}",bc,100,linear,,0.9966666666666673,,"[1.0000000000000004, 1.0000000000000004, 0.9958333333333339, 0.9875000000000005, 1.0000000000000004]",1.0000000000000004,0.0,1.0
RepeatPrevious,filterbank+proj,8,208,0.0,0.998333333333334,0.008164965809277275,0.9984096692111962,,75,"{'decomposition': 'legendre', 'n_filters': 12, 'slowest': 0.05503533446959869, 'input_scaling': 0.9095759553753703, 'bias_dist': 'foldnorm', 'bias_scaling': 0.04123764193322552, 'lr': 0.9047782400199377, 'weight_increment': 0.002278223530217896, 'min_window': 11, 'max_window': 59, 'use_full_instance': False, 'max_partners': 20, 'homeostasis': 'mean', 'target': 0.52, 'spread': 0.385}",bc,100,linear,,0.9975000000000005,,"[1.0000000000000004, 1.0000000000000004, 0.9916666666666671, 0.9958333333333339, 1.0000000000000004]",1.0000000000000004,0.0,1.0
RepeatPrevious,filterbank+proj,9,208,0.0,0.993333333333334,0.01929306150465041,0.9965436810856662,,77,"{'decomposition': 'legendre', 'n_filters': 12, 'slowest': 0.05503533446959869, 'input_scaling': 0.9095759553753703, 'bias_dist': 'foldnorm', 'bias_scaling': 0.04123764193322552, 'lr': 0.9047782400199377, 'weight_increment': 0.002278223530217896, 'min_window': 11, 'max_window': 59, 'use_full_instance': False, 'max_partners': 20, 'homeostasis': 'mean', 'target': 0.52, 'spread': 0.385}",bc,100,linear,,0.9900000000000005,,"[0.9958333333333339, 1.0000000000000004, 0.983333333333334, 0.9750000000000005, 0.9958333333333339]",0.9958333333333339,1.0,1.0
RepeatPrevious,filterbank+proj,7,208,0.0,0.62416662,0.09912465177217825,0.41016176482888766,0.3246173484693878,829,"{'decomposition': 'legendre', 'n_filters': 12, 'slowest': 0.05503533446959869, 'input_scaling': 0.9095759553753703, 'bias_dist': 'foldnorm', 'bias_scaling': 0.04123764193322552, 'lr': 0.9047782400199377, 'weight_increment': 0.002278223530217896, 'min_window': 11, 'max_window': 59, 'use_full_instance': False, 'max_partners': 20, 'homeostasis': 'mean', 'target': 0.52, 'spread': 0.385, 'learning_rate': 0.001}",dqn,100,linear,0.001,,,,,,
RepeatPrevious,filterbank+proj,8,208,0.0,0.8591667599999999,0.06916666795229043,0.323396407558525,0.28724488877551024,758,"{'decomposition': 'legendre', 'n_filters': 12, 'slowest': 0.05503533446959869, 'input_scaling': 0.9095759553753703, 'bias_dist': 'foldnorm', 'bias_scaling': 0.04123764193322552, 'lr': 0.9047782400199377, 'weight_increment': 0.002278223530217896, 'min_window': 11, 'max_window': 59, 'use_full_instance': False, 'max_partners': 20, 'homeostasis': 'mean', 'target': 0.52, 'spread': 0.385, 'learning_rate': 0.001}",dqn,100,linear,0.001,,,,,,
RepeatPrevious,filterbank+proj,9,208,0.0,-0.33416663999999996,0.09297921834749096,0.37895479609323207,0.32406462551020404,743,"{'decomposition': 'legendre', 'n_filters': 12, 'slowest': 0.05503533446959869, 'input_scaling': 0.9095759553753703, 'bias_dist': 'foldnorm', 'bias_scaling': 0.04123764193322552, 'lr': 0.9047782400199377, 'weight_increment': 0.002278223530217896, 'min_window': 11, 'max_window': 59, 'use_full_instance': False, 'max_partners': 20, 'homeostasis': 'mean', 'target': 0.52, 'spread': 0.385, 'learning_rate': 0.001}",dqn,100,linear,0.001,,,,,,
RepeatPrevious,filterbank+proj,0,208,0.0,-0.08250002000000001,0.08719793276138833,-0.038483276992910695,-0.08988095306122448,755,"{'decomposition': 'legendre', 'n_filters': 12, 'slowest': 0.05503533446959869, 'input_scaling': 0.9095759553753703, 'bias_dist': 'foldnorm', 'bias_scaling': 0.04123764193322552, 'lr': 0.9047782400199377, 'weight_increment': 0.002278223530217896, 'min_window': 11, 'max_window': 59, 'use_full_instance': False, 'max_partners': 20, 'homeostasis': 'mean', 'target': 0.52, 'spread': 0.385, 'learning_rate': 0.003}",dqn,100,linear,0.003,,,,,,
RepeatPrevious,filterbank+proj,2,208,0.0,-0.1725,0.0964688723547653,-0.008228355026266128,-0.08448129234693878,751,"{'decomposition': 'legendre', 'n_filters': 12, 'slowest': 0.05503533446959869, 'input_scaling': 0.9095759553753703, 'bias_dist': 'foldnorm', 'bias_scaling': 0.04123764193322552, 'lr': 0.9047782400199377, 'weight_increment': 0.002278223530217896, 'min_window': 11, 'max_window': 59, 'use_full_instance': False, 'max_partners': 20, 'homeostasis': 'mean', 'target': 0.52, 'spread': 0.385, 'learning_rate': 0.003}",dqn,100,linear,0.003,,,,,,
RepeatPrevious,filterbank+proj,5,208,0.0,0.35250004,0.10646142817451962,0.04367912740347834,-0.07693451887755101,746,"{'decomposition': 'legendre', 'n_filters': 12, 'slowest': 0.05503533446959869, 'input_scaling': 0.9095759553753703, 'bias_dist': 'foldnorm', 'bias_scaling': 0.04123764193322552, 'lr': 0.9047782400199377, 'weight_increment': 0.002278223530217896, 'min_window': 11, 'max_window': 59, 'use_full_instance': False, 'max_partners': 20, 'homeostasis': 'mean', 'target': 0.52, 'spread': 0.385, 'learning_rate': 0.003}",dqn,100,linear,0.003,,,,,,
RepeatPrevious,filterbank+proj,4,208,0.0,0.1575,0.09401906721553878,-0.10034256413525781,-0.13073978673469386,754,"{'decomposition': 'legendre', 'n_filters': 12, 'slowest': 0.05503533446959869, 'input_scaling': 0.9095759553753703, 'bias_dist': 'foldnorm', 'bias_scaling': 0.04123764193322552, 'lr': 0.9047782400199377, 'weight_increment': 0.002278223530217896, 'min_window': 11, 'max_window': 59, 'use_full_instance': False, 'max_partners': 20, 'homeostasis': 'mean', 'target': 0.52, 'spread': 0.385, 'learning_rate': 0.003}",dqn,100,linear,0.003,,,,,,
RepeatPrevious,filterbank+proj,1,208,0.0,-0.21166670000000004,0.07399317761395303,0.0040334218391390834,-0.07629677040816327,763,"{'decomposition': 'legendre', 'n_filters': 12, 'slowest': 0.05503533446959869, 'input_scaling': 0.9095759553753703, 'bias_dist': 'foldnorm', 'bias_scaling': 0.04123764193322552, 'lr': 0.9047782400199377, 'weight_increment': 0.002278223530217896, 'min_window': 11, 'max_window': 59, 'use_full_instance': False, 'max_partners': 20, 'homeostasis': 'mean', 'target': 0.52, 'spread': 0.385, 'learning_rate': 0.003}",dqn,100,linear,0.003,,,,,,
RepeatPrevious,filterbank+proj,3,208,0.0,0.40250003999999995,0.12179499862046224,0.006606905186923034,-0.11437075510204082,765,"{'decomposition': 'legendre', 'n_filters': 12, 'slowest': 0.05503533446959869, 'input_scaling': 0.9095759553753703, 'bias_dist': 'foldnorm', 'bias_scaling': 0.04123764193322552, 'lr': 0.9047782400199377, 'weight_increment': 0.002278223530217896, 'min_window': 11, 'max_window': 59, 'use_full_instance': False, 'max_partners': 20, 'homeostasis': 'mean', 'target': 0.52, 'spread': 0.385, 'learning_rate': 0.003}",dqn,100,linear,0.003,,,,,,
RepeatPrevious,filterbank+proj,8,208,0.0,0.09749997999999999,0.10226939647626557,-0.04907473473759372,-0.11741071836734693,745,"{'decomposition': 'legendre', 'n_filters': 12, 'slowest': 0.05503533446959869, 'input_scaling': 0.9095759553753703, 'bias_dist': 'foldnorm', 'bias_scaling': 0.04123764193322552, 'lr': 0.9047782400199377, 'weight_increment': 0.002278223530217896, 'min_window': 11, 'max_window': 59, 'use_full_instance': False, 'max_partners': 20, 'homeostasis': 'mean', 'target': 0.52, 'spread': 0.385, 'learning_rate': 0.003}",dqn,100,linear,0.003,,,,,,
RepeatPrevious,filterbank+proj,7,208,0.0,0.07583334,0.10950966010185768,-0.0024289800071403056,-0.07954932346938776,754,"{'decomposition': 'legendre', 'n_filters': 12, 'slowest': 0.05503533446959869, 'input_scaling': 0.9095759553753703, 'bias_dist': 'foldnorm', 'bias_scaling': 0.04123764193322552, 'lr': 0.9047782400199377, 'weight_increment': 0.002278223530217896, 'min_window': 11, 'max_window': 59, 'use_full_instance': False, 'max_partners': 20, 'homeostasis': 'mean', 'target': 0.52, 'spread': 0.385, 'learning_rate': 0.003}",dqn,100,linear,0.003,,,,,,
RepeatPrevious,filterbank+proj,9,208,0.0,-0.34666662000000004,0.07747764638239601,-0.02160367955322079,-0.1080569693877551,750,"{'decomposition': 'legendre', 'n_filters': 12, 'slowest': 0.05503533446959869, 'input_scaling': 0.9095759553753703, 'bias_dist': 'foldnorm', 'bias_scaling': 0.04123764193322552, 'lr': 0.9047782400199377, 'weight_increment': 0.002278223530217896, 'min_window': 11, 'max_window': 59, 'use_full_instance': False, 'max_partners': 20, 'homeostasis': 'mean', 'target': 0.52, 'spread': 0.385, 'learning_rate': 0.003}",dqn,100,linear,0.003,,,,,,
RepeatPrevious,filterbank+proj,6,208,0.0,0.01083336,0.057620641363927916,-0.05798099158463815,-0.11417942346938777,797,"{'decomposition': 'legendre', 'n_filters': 12, 'slowest': 0.05503533446959869, 'input_scaling': 0.9095759553753703, 'bias_dist': 'foldnorm', 'bias_scaling': 0.04123764193322552, 'lr': 0.9047782400199377, 'weight_increment': 0.002278223530217896, 'min_window': 11, 'max_window': 59, 'use_full_instance': False, 'max_partners': 20, 'homeostasis': 'mean', 'target': 0.52, 'spread': 0.385, 'learning_rate': 0.003}",dqn,100,linear,0.003,,,,,,
RepeatPrevious,obs,1,4,,-0.50833338,0.13667685043384487,-0.49326280041760034,-0.4945236953642384,1085,{'learning_rate': 0.0003},ppo,0,64x64,0.0003,,,,,,
RepeatPrevious,obs,4,4,,-0.48416667999999996,0.09533927067802439,-0.49847431676512527,-0.4993632185430464,1084,{'learning_rate': 0.0003},ppo,0,64x64,0.0003,,,,,,
RepeatPrevious,obs,3,4,,-0.48583339999999997,0.09986448985199894,-0.5001209520268893,-0.5019103555781966,1086,{'learning_rate': 0.0003},ppo,0,64x64,0.0003,,,,,,
RepeatPrevious,obs,8,4,,-0.49833326,0.08973730971915973,-0.4988902193420248,-0.4975377865511971,1080,{'learning_rate': 0.0003},ppo,0,64x64,0.0003,,,,,,
RepeatPrevious,obs,6,4,,-0.48833335999999994,0.10834617903364382,-0.4929869464758607,-0.49125489047376464,1085,{'learning_rate': 0.0003},ppo,0,64x64,0.0003,,,,,,
RepeatPrevious,obs,0,4,,-0.49499998,0.12873311893673514,-0.4909795774597678,-0.4890261492613347,1104,{'learning_rate': 0.0003},ppo,0,64x64,0.0003,,,,,,
RepeatPrevious,obs,2,4,,-0.47999998000000005,0.1041632654381553,-0.4913169700550011,-0.48745543046357614,1097,{'learning_rate': 0.0003},ppo,0,64x64,0.0003,,,,,,
RepeatPrevious,obs,0,4,,-0.5125000200000001,0.07916663894785227,-0.49235884497861077,-0.49259211614875187,1072,{'learning_rate': 0.001},ppo,0,64x64,0.001,,,,,,
RepeatPrevious,obs,3,4,,-0.48583339999999997,0.09986448985199894,-0.49996180545936036,-0.5016768700967906,1061,{'learning_rate': 0.001},ppo,0,64x64,0.001,,,,,,
RepeatPrevious,obs,5,4,,-0.4708333,0.1299705789360423,-0.4913403091770217,-0.4900025476311768,1101,{'learning_rate': 0.0003},ppo,0,64x64,0.0003,,,,,,
RepeatPrevious,obs,4,4,,-0.49500005999999996,0.08318318833932972,-0.4977104153595438,-0.4957123479368314,1066,{'learning_rate': 0.001},ppo,0,64x64,0.001,,,,,,
RepeatPrevious,obs,7,4,,-0.5308333199999999,0.09567374096991085,-0.5089440278060706,-0.5118865695364239,1101,{'learning_rate': 0.0003},ppo,0,64x64,0.0003,,,,,,
RepeatPrevious,obs,9,4,,-0.485,0.12548794541516728,-0.49192384935832145,-0.485184238410596,1088,{'learning_rate': 0.0003},ppo,0,64x64,0.0003,,,,,,
RepeatPrevious,obs,2,4,,-0.48666661999999994,0.09480974445971048,-0.49093501991240585,-0.48836814926133465,1074,{'learning_rate': 0.001},ppo,0,64x64,0.001,,,,,,
RepeatPrevious,obs,5,4,,-0.4891667,0.10859257520185253,-0.49305060154817676,-0.4890049266428936,1075,{'learning_rate': 0.001},ppo,0,64x64,0.001,,,,,,
RepeatPrevious,obs,8,4,,-0.49250006,0.11416669007331517,-0.4989071933693216,-0.4965826067244014,1073,{'learning_rate': 0.001},ppo,0,64x64,0.001,,,,,,
RepeatPrevious,obs,1,4,,-0.50000004,0.0909058823427747,-0.5077239083825626,-0.5036721054508405,1070,{'learning_rate': 0.003},ppo,0,64x64,0.003,,,,,,
RepeatPrevious,obs,0,4,,-0.47750004,0.11186860655875891,-0.5017972924220819,-0.5023136281202242,1074,{'learning_rate': 0.003},ppo,0,64x64,0.003,,,,,,
RepeatPrevious,obs,2,4,,-0.48666661999999994,0.09480974445971048,-0.49117904150539815,-0.48817710850738666,1077,{'learning_rate': 0.003},ppo,0,64x64,0.003,,,,,,
RepeatPrevious,obs,6,4,,-0.49833334,0.0812061780631523,-0.4921381630169077,-0.4898327432501273,1102,{'learning_rate': 0.001},ppo,0,64x64,0.001,,,,,,
RepeatPrevious,obs,7,4,,-0.47833326,0.1193848964021513,-0.4919005082501528,-0.492655802343352,1106,{'learning_rate': 0.001},ppo,0,64x64,0.001,,,,,,
RepeatPrevious,obs,3,4,,-0.4758334,0.10900114372519216,-0.5002461475860663,-0.5032900310748853,1075,{'learning_rate': 0.003},ppo,0,64x64,0.003,,,,,,
RepeatPrevious,obs,1,4,,-0.52083326,0.10449951488496202,-0.5087954967916073,-0.5055399984717269,1137,{'learning_rate': 0.001},ppo,0,64x64,0.001,,,,,,
RepeatPrevious,obs,9,4,,-0.49166666,0.125554359188299,-0.500076391525769,-0.4978986291390729,1125,{'learning_rate': 0.001},ppo,0,64x64,0.001,,,,,,
RepeatPrevious,obs,4,4,,-0.50166668,0.11842726065707,-0.4983703419739255,-0.4978349516046867,1080,{'learning_rate': 0.003},ppo,0,64x64,0.003,,,,,,
RepeatPrevious,obs,5,4,,-0.47249995999999994,0.11199273051836178,-0.49166284813607664,-0.4933562654100866,1078,{'learning_rate': 0.003},ppo,0,64x64,0.003,,,,,,
RepeatPrevious,obs,6,4,,-0.4775,0.10967437916177142,-0.4908671176919942,-0.4897690606214977,1079,{'learning_rate': 0.003},ppo,0,64x64,0.003,,,,,,
RepeatPrevious,obs,7,4,,-0.49083334,0.08510204730571645,-0.491821995722143,-0.4931439949057565,1067,{'learning_rate': 0.003},ppo,0,64x64,0.003,,,,,,
RepeatPrevious,obs,8,4,,-0.49916669999999996,0.12289618496051861,-0.49941221592992463,-0.4984929424350483,1074,{'learning_rate': 0.003},ppo,0,64x64,0.003,,,,,,
RepeatPrevious,obs,9,4,,-0.49166666,0.125554359188299,-0.499630779944999,-0.4987688899643403,1073,{'learning_rate': 0.003},ppo,0,64x64,0.003,,,,,,
RepeatPrevious,obs,1,4,,-0.52166672,0.09546666038215434,-0.5095678844978611,-0.5063041202241467,1073,{'learning_rate': 0.01},ppo,0,64x64,0.01,,,,,,
RepeatPrevious,obs,0,4,,-0.5058332799999999,0.12528023724642925,-0.4994291914850275,-0.49870521548650026,1082,{'learning_rate': 0.01},ppo,0,64x64,0.01,,,,,,
RepeatPrevious,obs,3,4,,-0.46750002,0.09063430899355718,-0.4929190445610104,-0.4939718120224147,1069,{'learning_rate': 0.01},ppo,0,64x64,0.01,,,,,,
RepeatPrevious,obs,2,4,,-0.5091667,0.07605277370990489,-0.5076114460684458,-0.506113087111564,1078,{'learning_rate': 0.01},ppo,0,64x64,0.01,,,,,,
RepeatPrevious,obs,4,4,,-0.49500005999999996,0.08318318833932972,-0.49739423915257686,-0.49446000866021395,1070,{'learning_rate': 0.01},ppo,0,64x64,0.01,,,,,,
RepeatPrevious,obs,5,4,,-0.49333333999999995,0.0906611277725156,-0.4907588932572826,-0.49197657259296995,1227,{'learning_rate': 0.01},ppo,0,64x64,0.01,,,,,,
RepeatPrevious,obs,6,4,,-0.46833334,0.09149977765647521,-0.49264530968629044,-0.49193411258278147,1070,{'learning_rate': 0.01},ppo,0,64x64,0.01,,,,,,
RepeatPrevious,obs,8,4,,-0.4633333399999999,0.09153017984416069,-0.49078011417804024,-0.48762523331635255,1071,{'learning_rate': 0.01},ppo,0,64x64,0.01,,,,,,
RepeatPrevious,obs,7,4,,-0.53166672,0.09035424087734675,-0.5089673738032185,-0.5093819088130412,1082,{'learning_rate': 0.01},ppo,0,64x64,0.01,,,,,,
RepeatPrevious,obs,9,4,,-0.51083326,0.09711460257547472,-0.5022874633835812,-0.5141152954661233,1089,{'learning_rate': 0.01},ppo,0,64x64,0.01,,,,,,
RepeatPrevious,filterbank,0,52,,0.99833332,0.008165031129003736,0.889030337441434,0.9021692776362711,1129,"{'decomposition': 'legendre', 'n_filters': 12, 'slowest': 0.08684574748712946, 'learning_rate': 0.0003}",ppo,0,64x64,0.0003,,,,,,
RepeatPrevious,filterbank,4,52,,0.9733332800000001,0.033082354142376265,0.890874310246486,0.9383808323993886,1126,"{'decomposition': 'legendre', 'n_filters': 12, 'slowest': 0.08684574748712946, 'learning_rate': 0.0003}",ppo,0,64x64,0.0003,,,,,,
RepeatPrevious,filterbank,3,52,,0.9974999800000001,0.00989536423481218,0.895548970818904,0.922079276107998,1131,"{'decomposition': 'legendre', 'n_filters': 12, 'slowest': 0.08684574748712946, 'learning_rate': 0.0003}",ppo,0,64x64,0.0003,,,,,,
RepeatPrevious,filterbank,2,52,,0.9524998800000002,0.032285509994819654,0.8935798011815033,0.9425623678043811,1140,"{'decomposition': 'legendre', 'n_filters': 12, 'slowest': 0.08684574748712946, 'learning_rate': 0.0003}",ppo,0,64x64,0.0003,,,,,,
RepeatPrevious,filterbank,6,52,,0.9741665400000001,0.0287349402109766,0.89271192029945,0.9294022465613856,1136,"{'decomposition': 'legendre', 'n_filters': 12, 'slowest': 0.08684574748712946, 'learning_rate': 0.0003}",ppo,0,64x64,0.0003,,,,,,
RepeatPrevious,filterbank,7,52,,0.9516665800000002,0.03851399399443791,0.8913050656956611,0.9027636143657667,1141,"{'decomposition': 'legendre', 'n_filters': 12, 'slowest': 0.08684574748712946, 'learning_rate': 0.0003}",ppo,0,64x64,0.0003,,,,,,
RepeatPrevious,filterbank,0,52,,0.8616667,0.06689543083596966,0.7773201419841109,0.7799286770249617,1136,"{'decomposition': 'legendre', 'n_filters': 12, 'slowest': 0.08684574748712946, 'learning_rate': 0.001}",ppo,0,64x64,0.001,,,,,,
RepeatPrevious,filterbank,8,52,,0.95416664,0.039308160024483466,0.8823758918822568,0.9285319724910851,1145,"{'decomposition': 'legendre', 'n_filters': 12, 'slowest': 0.08684574748712946, 'learning_rate': 0.0003}",ppo,0,64x64,0.0003,,,,,,
RepeatPrevious,filterbank,1,52,,0.96999988,0.03231787465576287,0.8884234547260134,0.9403548583800305,1164,"{'decomposition': 'legendre', 'n_filters': 12, 'slowest': 0.08684574748712946, 'learning_rate': 0.0003}",ppo,0,64x64,0.0003,,,,,,
RepeatPrevious,filterbank,5,52,,0.98583326,0.022988587265693385,0.8936901419841109,0.9293173336729496,1163,"{'decomposition': 'legendre', 'n_filters': 12, 'slowest': 0.08684574748712946, 'learning_rate': 0.0003}",ppo,0,64x64,0.0003,,,,,,
RepeatPrevious,filterbank,1,52,,0.88083338,0.06821637152850919,0.7758602426665309,0.7752801935812531,1140,"{'decomposition': 'legendre', 'n_filters': 12, 'slowest': 0.08684574748712946, 'learning_rate': 0.001}",ppo,0,64x64,0.001,,,,,,
RepeatPrevious,filterbank,3,52,,0.87000002,0.06381401082724389,0.7758432678244042,0.7597215277636271,1136,"{'decomposition': 'legendre', 'n_filters': 12, 'slowest': 0.08684574748712946, 'learning_rate': 0.001}",ppo,0,64x64,0.001,,,,,,
RepeatPrevious,filterbank,2,52,,0.8774999800000001,0.07284402354853553,0.7760957769912407,0.7790371956189506,1140,"{'decomposition': 'legendre', 'n_filters': 12, 'slowest': 0.08684574748712946, 'learning_rate': 0.001}",ppo,0,64x64,0.001,,,,,,
RepeatPrevious,filterbank,4,52,,0.81833336,0.07301065158256294,0.7762846311366878,0.7648157610799795,1146,"{'decomposition': 'legendre', 'n_filters': 12, 'slowest': 0.08684574748712946, 'learning_rate': 0.001}",ppo,0,64x64,0.001,,,,,,
RepeatPrevious,filterbank,9,52,,0.98999992,0.01779527278109555,0.8801605736911795,0.898964158430973,1178,"{'decomposition': 'legendre', 'n_filters': 12, 'slowest': 0.08684574748712946, 'learning_rate': 0.0003}",ppo,0,64x64,0.0003,,,,,,
RepeatPrevious,filterbank,6,52,,0.8883333000000002,0.05859458450582272,0.7786442412915053,0.7563465812531839,1145,"{'decomposition': 'legendre', 'n_filters': 12, 'slowest': 0.08684574748712946, 'learning_rate': 0.001}",ppo,0,64x64,0.001,,,,,,
RepeatPrevious,filterbank,7,52,,0.9091666400000001,0.048369252630885255,0.7769381883275617,0.7511886520631685,1134,"{'decomposition': 'legendre', 'n_filters': 12, 'slowest': 0.08684574748712946, 'learning_rate': 0.001}",ppo,0,64x64,0.001,,,,,,
RepeatPrevious,filterbank,5,52,,0.8591666600000002,0.06555858118312506,0.7876540535241393,0.7523985389709629,1172,"{'decomposition': 'legendre', 'n_filters': 12, 'slowest': 0.08684574748712946, 'learning_rate': 0.001}",ppo,0,64x64,0.001,,,,,,
RepeatPrevious,filterbank,8,52,,0.88,0.06954214948964405,0.7720598259319618,0.7307055527254203,1182,"{'decomposition': 'legendre', 'n_filters': 12, 'slowest': 0.08684574748712946, 'learning_rate': 0.001}",ppo,0,64x64,0.001,,,,,,
RepeatPrevious,filterbank,9,52,,0.8566666599999999,0.0717634716742745,0.7722762626298635,0.7808201788079471,1180,"{'decomposition': 'legendre', 'n_filters': 12, 'slowest': 0.08684574748712946, 'learning_rate': 0.001}",ppo,0,64x64,0.001,,,,,,
RepeatPrevious,filterbank,0,52,,0.8341666999999998,0.07659872315495866,0.7428681132613567,0.7716929893020886,1140,"{'decomposition': 'legendre', 'n_filters': 12, 'slowest': 0.08684574748712946, 'learning_rate': 0.003}",ppo,0,64x64,0.003,,,,,,
RepeatPrevious,filterbank,2,52,,0.8458333599999999,0.07324336830096224,0.7413700169586473,0.7429529587366277,1131,"{'decomposition': 'legendre', 'n_filters': 12, 'slowest': 0.08684574748712946, 'learning_rate': 0.003}",ppo,0,64x64,0.003,,,,,,
RepeatPrevious,filterbank,3,52,,0.86249996,0.08090199901435316,0.7346943540435934,0.7680421192052981,1136,"{'decomposition': 'legendre', 'n_filters': 12, 'slowest': 0.08684574748712946, 'learning_rate': 0.003}",ppo,0,64x64,0.003,,,,,,
RepeatPrevious,filterbank,4,52,,0.80916668,0.09431401792871302,0.7323814247810144,0.7540966240448294,1131,"{'decomposition': 'legendre', 'n_filters': 12, 'slowest': 0.08684574748712946, 'learning_rate': 0.003}",ppo,0,64x64,0.003,,,,,,
RepeatPrevious,filterbank,5,52,,0.84833332,0.07059271964400861,0.7395090635058056,0.7482382424859909,1132,"{'decomposition': 'legendre', 'n_filters': 12, 'slowest': 0.08684574748712946, 'learning_rate': 0.003}",ppo,0,64x64,0.003,,,,,,
RepeatPrevious,filterbank,6,52,,0.87666672,0.058902092398840984,0.7531107834080261,0.8068857172694854,1129,"{'decomposition': 'legendre', 'n_filters': 12, 'slowest': 0.08684574748712946, 'learning_rate': 0.003}",ppo,0,64x64,0.003,,,,,,
RepeatPrevious,filterbank,7,52,,0.9183333399999999,0.052014901498170694,0.7508211974434712,0.80813806673459,1145,"{'decomposition': 'legendre', 'n_filters': 12, 'slowest': 0.08684574748712946, 'learning_rate': 0.003}",ppo,0,64x64,0.003,,,,,,
RepeatPrevious,filterbank,9,52,,0.835,0.07262919523222049,0.7268325168058668,0.7636271013754458,1136,"{'decomposition': 'legendre', 'n_filters': 12, 'slowest': 0.08684574748712946, 'learning_rate': 0.003}",ppo,0,64x64,0.003,,,,,,
RepeatPrevious,filterbank,8,52,,0.79333326,0.10204842107799805,0.7363834275310653,0.785277633723892,1147,"{'decomposition': 'legendre', 'n_filters': 12, 'slowest': 0.08684574748712946, 'learning_rate': 0.003}",ppo,0,64x64,0.003,,,,,,
RepeatPrevious,filterbank,1,52,,0.92333332,0.06144098035299893,0.7360927236198819,0.7702708466632705,1228,"{'decomposition': 'legendre', 'n_filters': 12, 'slowest': 0.08684574748712946, 'learning_rate': 0.003}",ppo,0,64x64,0.003,,,,,,
RepeatPrevious,filterbank,0,52,,-0.4991666,0.03678972380760693,-0.2928379526889387,-0.4991933657666836,1150,"{'decomposition': 'legendre', 'n_filters': 12, 'slowest': 0.08684574748712946, 'learning_rate': 0.01}",ppo,0,64x64,0.01,,,,,,
RepeatPrevious,filterbank,1,52,,-0.49916664,0.032797992148154445,-0.23048649704624163,-0.499554207845135,1140,"{'decomposition': 'legendre', 'n_filters': 12, 'slowest': 0.08684574748712946, 'learning_rate': 0.01}",ppo,0,64x64,0.01,,,,,,
RepeatPrevious,obs,0,4,,-0.51666668,0.10103628391195711,-0.5008296869525363,-0.5011037651553745,977,{'learning_rate': 0.0003},ppo,0,64,0.0003,,,,,,
RepeatPrevious,obs,2,4,,-0.48250002,0.10003120696432488,-0.4916013107048279,-0.48751909933774834,968,{'learning_rate': 0.0003},ppo,0,64,0.0003,,,,,,
RepeatPrevious,obs,1,4,,-0.49416664,0.09090968485299242,-0.4946314619067019,-0.4937383367294957,976,{'learning_rate': 0.0003},ppo,0,64,0.0003,,,,,,
RepeatPrevious,obs,8,4,,-0.495,0.13582054745582495,-0.49289357745976786,-0.49140346765155374,963,{'learning_rate': 0.0003},ppo,0,64,0.0003,,,,,,
RepeatPrevious,obs,6,4,,-0.47416668,0.1198638770535043,-0.4931121444286006,-0.492825594498217,976,{'learning_rate': 0.0003},ppo,0,64,0.0003,,,,,,
RepeatPrevious,obs,3,4,,-0.51833336,0.1140053269712885,-0.5006047538195152,-0.4991297289862456,992,{'learning_rate': 0.0003},ppo,0,64,0.0003,,,,,,
RepeatPrevious,obs,5,4,,-0.50416664,0.12197728932547403,-0.4961147033000611,-0.488049761589404,986,{'learning_rate': 0.0003},ppo,0,64,0.0003,,,,,,
RepeatPrevious,obs,4,4,,-0.48333329999999997,0.09610465071457261,-0.49301665736402533,-0.4865214829342842,996,{'learning_rate': 0.0003},ppo,0,64,0.0003,,,,,,
RepeatPrevious,obs,7,4,,-0.47416660000000005,0.10797697233966139,-0.4906294568649419,-0.48930209373408046,985,{'learning_rate': 0.0003},ppo,0,64,0.0003,,,,,,
RepeatPrevious,obs,9,4,,-0.46583342,0.10661790463596442,-0.49528077780607055,-0.4893445379521141,978,{'learning_rate': 0.0003},ppo,0,64,0.0003,,,,,,
RepeatPrevious,obs,2,4,,-0.49166668,0.1230402743461571,-0.49014352673660627,-0.48887757055527253,971,{'learning_rate': 0.001},ppo,0,64,0.001,,,,,,
RepeatPrevious,filterbank,2,52,,-0.49916664000000005,0.03384012181583276,-0.3257558050519454,-0.49915091543555784,1136,"{'decomposition': 'legendre', 'n_filters': 12, 'slowest': 0.08684574748712946, 'learning_rate': 0.01}",ppo,0,64x64,0.01,,,,,,
RepeatPrevious,filterbank,3,52,,-0.49666661999999995,0.031001984166752948,-0.3544552171012426,-0.4998513728986246,1144,"{'decomposition': 'legendre', 'n_filters': 12, 'slowest': 0.08684574748712946, 'learning_rate': 0.01}",ppo,0,64x64,0.01,,,,,,
RepeatPrevious,obs,1,4,,-0.47583332,0.09468149484845284,-0.4938845364636383,-0.49412040244523686,1001,{'learning_rate': 0.001},ppo,0,64,0.001,,,,,,
RepeatPrevious,filterbank,4,52,,-0.5008332999999999,0.03485105689545154,-0.22651844708698307,-0.4984929052470708,1148,"{'decomposition': 'legendre', 'n_filters': 12, 'slowest': 0.08684574748712946, 'learning_rate': 0.01}",ppo,0,64x64,0.01,,,,,,
RepeatPrevious,filterbank,5,52,,-0.5041666,0.037500088889494645,-0.229283349562029,-0.5002122114111054,1139,"{'decomposition': 'legendre', 'n_filters': 12, 'slowest': 0.08684574748712946, 'learning_rate': 0.01}",ppo,0,64x64,0.01,,,,,,
RepeatPrevious,obs,3,4,,-0.5158332999999999,0.09856252922246872,-0.5011331207985332,-0.5000000045848192,1016,{'learning_rate': 0.001},ppo,0,64,0.001,,,,,,
RepeatPrevious,filterbank,6,52,,-0.4966666,0.03519803656228569,-0.32459721750865755,-0.5009975853285787,1136,"{'decomposition': 'legendre', 'n_filters': 12, 'slowest': 0.08684574748712946, 'learning_rate': 0.01}",ppo,0,64x64,0.01,,,,,,
RepeatPrevious,filterbank,7,52,,-0.49999996,0.033333500000426,-0.30212786448360157,-0.4990023260315843,1135,"{'decomposition': 'legendre', 'n_filters': 12, 'slowest': 0.08684574748712946, 'learning_rate': 0.01}",ppo,0,64x64,0.01,,,,,,
RepeatPrevious,filterbank,8,52,,-0.49333324000000006,0.035707326980080716,-0.3471684314524343,-0.5005730657157412,1132,"{'decomposition': 'legendre', 'n_filters': 12, 'slowest': 0.08684574748712946, 'learning_rate': 0.01}",ppo,0,64x64,0.01,,,,,,
RepeatPrevious,obs,5,4,,-0.46083336,0.12867106590088698,-0.491196012833571,-0.4923374105960265,1014,{'learning_rate': 0.001},ppo,0,64,0.001,,,,,,
RepeatPrevious,obs,4,4,,-0.46416676,0.11211674233218873,-0.49228245655938074,-0.4898964161996943,1026,{'learning_rate': 0.001},ppo,0,64,0.001,,,,,,
RepeatPrevious,filterbank,9,52,,-0.50499998,0.03500014571483382,-0.32193416474842135,-0.49832308965868566,1166,"{'decomposition': 'legendre', 'n_filters': 12, 'slowest': 0.08684574748712946, 'learning_rate': 0.01}",ppo,0,64x64,0.01,,,,,,
RepeatPrevious,obs,0,4,,-0.50666668,0.10012494327957246,-0.4994143458952943,-0.4972618456444218,1147,{'learning_rate': 0.001},ppo,0,64,0.001,,,,,,
RepeatPrevious,obs,6,4,,-0.50583334,0.08079887877430231,-0.5007999744347118,-0.4994481242995415,974,{'learning_rate': 0.001},ppo,0,64,0.001,,,,,,
RepeatPrevious,obs,7,4,,-0.4941667,0.09930659231818399,-0.4971353664697495,-0.4998089633214467,974,{'learning_rate': 0.001},ppo,0,64,0.001,,,,,,
RepeatPrevious,obs,8,4,,-0.46999998,0.10930334659954195,-0.49084589371562437,-0.4900449938869078,964,{'learning_rate': 0.001},ppo,0,64,0.001,,,,,,
RepeatPrevious,obs,0,4,,-0.48999992000000003,0.10191220382738075,-0.49921699831941335,-0.5015494971981661,970,{'learning_rate': 0.003},ppo,0,64,0.003,,,,,,
RepeatPrevious,obs,9,4,,-0.48416674,0.11663381246959391,-0.5013156114279894,-0.500339611818645,973,{'learning_rate': 0.001},ppo,0,64,0.001,,,,,,
RepeatPrevious,obs,1,4,,-0.48249995999999995,0.10377929969179017,-0.4919259717355877,-0.49227373306164035,980,{'learning_rate': 0.003},ppo,0,64,0.003,,,,,,
RepeatPrevious,obs,2,4,,-0.5149999,0.11449166490801853,-0.4999278527704217,-0.49921463219561896,995,{'learning_rate': 0.003},ppo,0,64,0.003,,,,,,
RepeatPrevious,obs,3,4,,-0.51416662,0.10626557762961439,-0.50933659482583,-0.5094031304126337,979,{'learning_rate': 0.003},ppo,0,64,0.003,,,,,,
RepeatPrevious,obs,5,4,,-0.47249995999999994,0.11625227366980141,-0.49151643384599714,-0.4907242328069282,976,{'learning_rate': 0.003},ppo,0,64,0.003,,,,,,
RepeatPrevious,obs,4,4,,-0.46416668,0.13255237271047848,-0.4920532863108576,-0.4932501349974529,988,{'learning_rate': 0.003},ppo,0,64,0.003,,,,,,
RepeatPrevious,obs,6,4,,-0.5008333,0.09297931102051682,-0.5007830004074149,-0.501719306673459,977,{'learning_rate': 0.003},ppo,0,64,0.003,,,,,,
RepeatPrevious,obs,7,4,,-0.49499992,0.10692684041003736,-0.4994228281218171,-0.4998301920529802,956,{'learning_rate': 0.003},ppo,0,64,0.003,,,,,,
RepeatPrevious,obs,9,4,,-0.5191667,0.09972526064729036,-0.4996817078325525,-0.5004457478349466,972,{'learning_rate': 0.003},ppo,0,64,0.003,,,,,,
RepeatPrevious,obs,1,4,,-0.48500002000000003,0.1554027260595502,-0.4938930196577714,-0.4945236912888436,961,{'learning_rate': 0.01},ppo,0,64,0.01,,,,,,
RepeatPrevious,obs,0,4,,-0.4991666799999999,0.09372323629867675,-0.4896385080973722,-0.4892596454406521,978,{'learning_rate': 0.01},ppo,0,64,0.01,,,,,,
RepeatPrevious,obs,2,4,,-0.49666657999999997,0.10763879918023798,-0.4900713826135669,-0.4905119770759042,970,{'learning_rate': 0.01},ppo,0,64,0.01,,,,,,
RepeatPrevious,obs,6,4,,-0.52916658,0.10248647363356592,-0.5090968102974129,-0.5089149210392256,973,{'learning_rate': 0.01},ppo,0,64,0.01,,,,,,
RepeatPrevious,obs,8,4,,-0.44583332,0.097983188467704,-0.49261348125891224,-0.4915945028018339,1019,{'learning_rate': 0.003},ppo,0,64,0.003,,,,,,
RepeatPrevious,obs,3,4,,-0.5033333200000001,0.09783778570254746,-0.5000679027296802,-0.4987476673458991,997,{'learning_rate': 0.01},ppo,0,64,0.01,,,,,,
RepeatPrevious,obs,4,4,,-0.46416668,0.13255237271047848,-0.4927238196170299,-0.495287821192053,997,{'learning_rate': 0.01},ppo,0,64,0.01,,,,,,
RepeatPrevious,obs,7,4,,-0.49666669999999996,0.125510046964257,-0.4993952438887757,-0.500955165562914,980,{'learning_rate': 0.01},ppo,0,64,0.01,,,,,,
RepeatPrevious,obs,5,4,,-0.49749997999999995,0.11408155664584702,-0.4992509522305968,-0.49828069842078454,999,{'learning_rate': 0.01},ppo,0,64,0.01,,,,,,
RepeatPrevious,obs,8,4,,-0.48666668,0.09590211630187105,-0.49937614346098996,-0.4881134340295466,980,{'learning_rate': 0.01},ppo,0,64,0.01,,,,,,
RepeatPrevious,obs,9,4,,-0.47499998000000004,0.0942809459957822,-0.5005474636382155,-0.4986415221599592,973,{'learning_rate': 0.01},ppo,0,64,0.01,,,,,,
RepeatPrevious,filterbank,0,52,,0.99416662,0.014457908639758384,0.9140247808107557,0.9718117671930717,1035,"{'decomposition': 'legendre', 'n_filters': 12, 'slowest': 0.08684574748712946, 'learning_rate': 0.0003}",ppo,0,64,0.0003,,,,,,
RepeatPrevious,filterbank,2,52,,0.98749994,0.02243823992955776,0.9233783459462211,0.9484631930718288,1025,"{'decomposition': 'legendre', 'n_filters': 12, 'slowest': 0.08684574748712946, 'learning_rate': 0.0003}",ppo,0,64,0.0003,,,,,,
RepeatPrevious,filterbank,3,52,,0.9874999199999999,0.020833432000359423,0.9214176627622733,0.9702198303616912,1023,"{'decomposition': 'legendre', 'n_filters': 12, 'slowest': 0.08684574748712946, 'learning_rate': 0.0003}",ppo,0,64,0.0003,,,,,,
RepeatPrevious,filterbank,1,52,,0.9958332999999999,0.012500100000000004,0.9254642280505195,0.9630666709118696,1039,"{'decomposition': 'legendre', 'n_filters': 12, 'slowest': 0.08684574748712946, 'learning_rate': 0.0003}",ppo,0,64,0.0003,,,,,,
RepeatPrevious,filterbank,5,52,,0.9966666399999999,0.011303973736275223,0.9181519753513954,0.9655925506877229,1021,"{'decomposition': 'legendre', 'n_filters': 12, 'slowest': 0.08684574748712946, 'learning_rate': 0.0003}",ppo,0,64,0.0003,,,,,,
RepeatPrevious,filterbank,6,52,,0.99833332,0.008165031129003736,0.9220521248726828,0.9723848792664289,1021,"{'decomposition': 'legendre', 'n_filters': 12, 'slowest': 0.08684574748712946, 'learning_rate': 0.0003}",ppo,0,64,0.0003,,,,,,
RepeatPrevious,filterbank,7,52,,0.97333326,0.03511885343675673,0.9226186819107761,0.9526871528273051,1022,"{'decomposition': 'legendre', 'n_filters': 12, 'slowest': 0.08684574748712946, 'learning_rate': 0.0003}",ppo,0,64,0.0003,,,,,,
RepeatPrevious,filterbank,4,52,,0.98916662,0.02174668787092876,0.9186952000916684,0.9528781956189506,1062,"{'decomposition': 'legendre', 'n_filters': 12, 'slowest': 0.08684574748712946, 'learning_rate': 0.0003}",ppo,0,64,0.0003,,,,,,
RepeatPrevious,filterbank,8,52,,0.9741665799999999,0.031057741386707437,0.9226802221430027,0.9572507508914926,1062,"{'decomposition': 'legendre', 'n_filters': 12, 'slowest': 0.08684574748712946, 'learning_rate': 0.0003}",ppo,0,64,0.0003,,,,,,
RepeatPrevious,filterbank,9,52,,0.99083328,0.019166742609050713,0.9230876325117131,0.9654015109526235,1065,"{'decomposition': 'legendre', 'n_filters': 12, 'slowest': 0.08684574748712946, 'learning_rate': 0.0003}",ppo,0,64,0.0003,,,,,,
RepeatPrevious,filterbank,0,52,,0.97916664,0.032542672840293864,0.8910907461804848,0.8989217070809984,1048,"{'decomposition': 'legendre', 'n_filters': 12, 'slowest': 0.08684574748712946, 'learning_rate': 0.001}",ppo,0,64,0.001,,,,,,
RepeatPrevious,filterbank,2,52,,0.9774998799999999,0.027901177594245017,0.9000963113159501,0.9310790916963829,1032,"{'decomposition': 'legendre', 'n_filters': 12, 'slowest': 0.08684574748712946, 'learning_rate': 0.001}",ppo,0,64,0.001,,,,,,
RepeatPrevious,filterbank,1,52,,0.9058333000000001,0.05762064975206372,0.9101692123141168,0.9249447773815588,1093,"{'decomposition': 'legendre', 'n_filters': 12, 'slowest': 0.08684574748712946, 'learning_rate': 0.001}",ppo,0,64,0.001,,,,,,
RepeatPrevious,filterbank,6,52,,0.9749999399999999,0.03004622919662965,0.9065831191179464,0.9382322552215996,1010,"{'decomposition': 'legendre', 'n_filters': 12, 'slowest': 0.08684574748712946, 'learning_rate': 0.001}",ppo,0,64,0.001,,,,,,
RepeatPrevious,filterbank,4,52,,0.9549999200000001,0.03982595496599674,0.9109394820228152,0.9321191828833418,1024,"{'decomposition': 'legendre', 'n_filters': 12, 'slowest': 0.08684574748712946, 'learning_rate': 0.001}",ppo,0,64,0.001,,,,,,
RepeatPrevious,filterbank,3,52,,0.98999994,0.019649792761665452,0.9116885270421675,0.9666963143148242,1024,"{'decomposition': 'legendre', 'n_filters': 12, 'slowest': 0.08684574748712946, 'learning_rate': 0.001}",ppo,0,64,0.001,,,,,,
RepeatPrevious,filterbank,5,52,,0.9541665800000001,0.03930819606447998,0.9101373797107355,0.9292748843606724,1021,"{'decomposition': 'legendre', 'n_filters': 12, 'slowest': 0.08684574748712946, 'learning_rate': 0.001}",ppo,0,64,0.001,,,,,,
RepeatPrevious,filterbank,7,52,,0.9691666000000001,0.04394601233377154,0.9167578687614586,0.9408855058583799,1032,"{'decomposition': 'legendre', 'n_filters': 12, 'slowest': 0.08684574748712946, 'learning_rate': 0.001}",ppo,0,64,0.001,,,,,,
RepeatPrevious,filterbank,0,52,,0.9383333200000001,0.048045025410937185,0.8568933664697495,0.9036763387671932,1007,"{'decomposition': 'legendre', 'n_filters': 12, 'slowest': 0.08684574748712946, 'learning_rate': 0.003}",ppo,0,64,0.003,,,,,,
RepeatPrevious,filterbank,9,52,,0.9808332600000002,0.026627595753135506,0.9018447978203301,0.9426684966887418,1029,"{'decomposition': 'legendre', 'n_filters': 12, 'slowest': 0.08684574748712946, 'learning_rate': 0.001}",ppo,0,64,0.001,,,,,,
RepeatPrevious,filterbank,8,52,,0.96749988,0.030379524903882217,0.9055369921063353,0.9152020560366785,1036,"{'decomposition': 'legendre', 'n_filters': 12, 'slowest': 0.08684574748712946, 'learning_rate': 0.001}",ppo,0,64,0.001,,,,,,
RepeatPrevious,filterbank,2,52,,0.9133333,0.054543517794601405,0.8682076186596047,0.8500594299541517,1023,"{'decomposition': 'legendre', 'n_filters': 12, 'slowest': 0.08684574748712946, 'learning_rate': 0.003}",ppo,0,64,0.003,,,,,,
RepeatPrevious,filterbank,1,52,,0.9441666000000001,0.05042176337931866,0.8488193384599716,0.8594413245033112,1038,"{'decomposition': 'legendre', 'n_filters': 12, 'slowest': 0.08684574748712946, 'learning_rate': 0.003}",ppo,0,64,0.003,,,,,,
RepeatPrevious,filterbank,3,52,,0.92750002,0.04773331133683897,0.8730117205133426,0.8883723805399898,1004,"{'decomposition': 'legendre', 'n_filters': 12, 'slowest': 0.08684574748712946, 'learning_rate': 0.003}",ppo,0,64,0.003,,,,,,
RepeatPrevious,filterbank,5,52,,0.9350000199999999,0.04422154879535089,0.8564435149724995,0.8772711859398878,1001,"{'decomposition': 'legendre', 'n_filters': 12, 'slowest': 0.08684574748712946, 'learning_rate': 0.003}",ppo,0,64,0.003,,,,,,
RepeatPrevious,filterbank,4,52,,0.93999994,0.05537742741168463,0.8630958329089428,0.8669765634233316,1033,"{'decomposition': 'legendre', 'n_filters': 12, 'slowest': 0.08684574748712946, 'learning_rate': 0.003}",ppo,0,64,0.003,,,,,,
RepeatPrevious,obs,0,4,,-0.5083333600000001,0.10992428758045421,-0.49762553692198,-0.4947359521141111,854,{'learning_rate': 0.0003},ppo,0,linear,0.0003,,,,,,
RepeatPrevious,obs,2,4,,-0.49416672000000006,0.10801554188616377,-0.49817299821755967,-0.4989174722363729,848,{'learning_rate': 0.0003},ppo,0,linear,0.0003,,,,,,
RepeatPrevious,obs,1,4,,-0.49083331999999996,0.0890887589870776,-0.499293390354451,-0.4969222277126847,851,{'learning_rate': 0.0003},ppo,0,linear,0.0003,,,,,,
RepeatPrevious,filterbank,7,52,,0.9499999000000001,0.042491776982964594,0.8644156903646363,0.9014688323993887,1020,"{'decomposition': 'legendre', 'n_filters': 12, 'slowest': 0.08684574748712946, 'learning_rate': 0.003}",ppo,0,64,0.003,,,,,,
RepeatPrevious,filterbank,6,52,,0.88083332,0.055283327203937346,0.8701598163577103,0.850781119205298,1036,"{'decomposition': 'legendre', 'n_filters': 12, 'slowest': 0.08684574748712946, 'learning_rate': 0.003}",ppo,0,64,0.003,,,,,,
RepeatPrevious,filterbank,8,52,,0.9066667199999999,0.04969344311839943,0.875167623243023,0.8766768568517576,1018,"{'decomposition': 'legendre', 'n_filters': 12, 'slowest': 0.08684574748712946, 'learning_rate': 0.003}",ppo,0,64,0.003,,,,,,
RepeatPrevious,filterbank,2,52,,1.0,0.0,0.9707722176614383,1.0,1026,"{'decomposition': 'legendre', 'n_filters': 12, 'slowest': 0.08684574748712946, 'learning_rate': 0.01}",ppo,0,64,0.01,,,,,,
RepeatPrevious,obs,3,4,,-0.48333333999999994,0.08819165808410906,-0.4981814829394989,-0.5025046683647478,886,{'learning_rate': 0.0003},ppo,0,linear,0.0003,,,,,,
RepeatPrevious,filterbank,5,52,,-0.005000019999999999,0.038765775570980134,0.28407642875331024,6.36754966887416e-05,1028,"{'decomposition': 'legendre', 'n_filters': 12, 'slowest': 0.08684574748712946, 'learning_rate': 0.01}",ppo,0,64,0.01,,,,,,
RepeatPrevious,filterbank,0,52,,0.4991666,0.03678972380760693,0.8680378602057447,0.4991933657666836,1046,"{'decomposition': 'legendre', 'n_filters': 12, 'slowest': 0.08684574748712946, 'learning_rate': 0.01}",ppo,0,64,0.01,,,,,,
RepeatPrevious,filterbank,9,52,,0.9333332799999999,0.04930062654613631,0.8748981264514157,0.8577856968925114,1062,"{'decomposition': 'legendre', 'n_filters': 12, 'slowest': 0.08684574748712946, 'learning_rate': 0.003}",ppo,0,64,0.003,,,,,,
RepeatPrevious,filterbank,1,52,,0.5008332600000001,0.03772169446608146,0.5758725098798125,0.5010824910850739,1064,"{'decomposition': 'legendre', 'n_filters': 12, 'slowest': 0.08684574748712946, 'learning_rate': 0.01}",ppo,0,64,0.01,,,,,,
RepeatPrevious,filterbank,3,52,,1.0,0.0,0.965115090955388,1.0,1063,"{'decomposition': 'legendre', 'n_filters': 12, 'slowest': 0.08684574748712946, 'learning_rate': 0.01}",ppo,0,64,0.01,,,,,,
RepeatPrevious,obs,4,4,,-0.45916666,0.11531661010775682,-0.5015490281625585,-0.49949057972491084,883,{'learning_rate': 0.0003},ppo,0,linear,0.0003,,,,,,
RepeatPrevious,obs,6,4,,-0.5033333799999999,0.11481869389047936,-0.4980287059482583,-0.49673119307182884,878,{'learning_rate': 0.0003},ppo,0,linear,0.0003,,,,,,
RepeatPrevious,obs,5,4,,-0.47250004000000007,0.08960176697207706,-0.4992382195966592,-0.5030141044319919,894,{'learning_rate': 0.0003},ppo,0,linear,0.0003,,,,,,
RepeatPrevious,filterbank,6,52,,0.50249996,0.03575588032531713,0.6279303834793237,0.5009339072847682,1022,"{'decomposition': 'legendre', 'n_filters': 12, 'slowest': 0.08684574748712946, 'learning_rate': 0.01}",ppo,0,64,0.01,,,,,,
RepeatPrevious,filterbank,8,52,,0.50333332,0.033166416750345526,0.8628390759319617,0.5010824834437086,1021,"{'decomposition': 'legendre', 'n_filters': 12, 'slowest': 0.08684574748712946, 'learning_rate': 0.01}",ppo,0,64,0.01,,,,,,
RepeatPrevious,filterbank,7,52,,1.0,0.0,0.9765524184151559,1.0,1026,"{'decomposition': 'legendre', 'n_filters': 12, 'slowest': 0.08684574748712946, 'learning_rate': 0.01}",ppo,0,64,0.01,,,,,,
RepeatPrevious,obs,7,4,,-0.46833334,0.09300537547230482,-0.4975067038602566,-0.4939930320937341,856,{'learning_rate': 0.0003},ppo,0,linear,0.0003,,,,,,
RepeatPrevious,obs,8,4,,-0.4741666,0.09048093967527084,-0.4981708779792219,-0.49912972796739685,851,{'learning_rate': 0.0003},ppo,0,linear,0.0003,,,,,,
RepeatPrevious,filterbank,9,52,,-0.50499998,0.03500014571483382,0.13025395859645544,-0.49832308965868566,1046,"{'decomposition': 'legendre', 'n_filters': 12, 'slowest': 0.08684574748712946, 'learning_rate': 0.01}",ppo,0,64,0.01,,,,,,
RepeatPrevious,filterbank,4,52,,0.0033333199999999994,0.039826081349005456,0.35821320650845384,0.0014433774834437087,1168,"{'decomposition': 'legendre', 'n_filters': 12, 'slowest': 0.08684574748712946, 'learning_rate': 0.01}",ppo,0,64,0.01,,,,,,
RepeatPrevious,obs,9,4,,-0.48666660000000006,0.12512218206425268,-0.4977613403442657,-0.4939081334691799,836,{'learning_rate': 0.0003},ppo,0,linear,0.0003,,,,,,
RepeatPrevious,obs,0,4,,-0.49833338000000005,0.1483614622769525,-0.4941370435933999,-0.4916581681100356,845,{'learning_rate': 0.001},ppo,0,linear,0.001,,,,,,
RepeatPrevious,obs,1,4,,-0.49083331999999996,0.0890887589870776,-0.4995819767773477,-0.4972406276107998,851,{'learning_rate': 0.001},ppo,0,linear,0.001,,,,,,
RepeatPrevious,obs,2,4,,-0.47833334,0.1315611381325975,-0.49388878162558564,-0.49257089913397856,848,{'learning_rate': 0.001},ppo,0,linear,0.001,,,,,,
RepeatPrevious,obs,4,4,,-0.475,0.11055412450252591,-0.49650302098187005,-0.4919553397860417,837,{'learning_rate': 0.001},ppo,0,linear,0.001,,,,,,
RepeatPrevious,obs,3,4,,-0.48333333999999994,0.08819165808410906,-0.4954441685170095,-0.49496943555781964,861,{'learning_rate': 0.001},ppo,0,linear,0.001,,,,,,
RepeatPrevious,obs,5,4,,-0.47916668,0.08984950380173282,-0.49609348314320634,-0.49167940040753955,840,{'learning_rate': 0.001},ppo,0,linear,0.001,,,,,,
RepeatPrevious,obs,6,4,,-0.49749996,0.03163395363021196,-0.49794170335098803,-0.49851418339276626,863,{'learning_rate': 0.001},ppo,0,linear,0.001,,,,,,
RepeatPrevious,obs,7,4,,-0.47666669999999994,0.09652283494971539,-0.49511951166225304,-0.4963066754966887,853,{'learning_rate': 0.001},ppo,0,linear,0.001,,,,,,
RepeatPrevious,obs,8,4,,-0.46416667999999994,0.11211659783982744,-0.49563090110002045,-0.4942477447784004,858,{'learning_rate': 0.001},ppo,0,linear,0.001,,,,,,
RepeatPrevious,obs,9,4,,-0.48666664000000004,0.08556995098275096,-0.49508343399877774,-0.4948845226693836,840,{'learning_rate': 0.001},ppo,0,linear,0.001,,,,,,
RepeatPrevious,obs,0,4,,-0.49500007999999995,0.09266129912554431,-0.499380393104502,-0.498047214977076,834,{'learning_rate': 0.003},ppo,0,linear,0.003,,,,,,
RepeatPrevious,obs,1,4,,-0.48416661999999994,0.1361397267110361,-0.49355350779181095,-0.49505434844625573,847,{'learning_rate': 0.003},ppo,0,linear,0.003,,,,,,
RepeatPrevious,obs,3,4,,-0.48750006,0.10008680593513014,-0.4988223167651253,-0.5023773153336729,848,{'learning_rate': 0.003},ppo,0,linear,0.003,,,,,,
RepeatPrevious,obs,2,4,,-0.4875,0.09762811241338223,-0.4987077310552048,-0.496625059602649,856,{'learning_rate': 0.003},ppo,0,linear,0.003,,,,,,
RepeatPrevious,obs,5,4,,-0.49583331999999997,0.07034143634258261,-0.49286811957628857,-0.4914246851757514,861,{'learning_rate': 0.003},ppo,0,linear,0.003,,,,,,
RepeatPrevious,obs,7,4,,-0.50583334,0.0853953058172661,-0.5003692181707069,-0.502907970962812,850,{'learning_rate': 0.003},ppo,0,linear,0.003,,,,,,
RepeatPrevious,obs,4,4,,-0.49833326,0.037230674033012084,-0.499365507384396,-0.49855657463066727,870,{'learning_rate': 0.003},ppo,0,linear,0.003,,,,,,
RepeatPrevious,obs,6,4,,-0.49750002000000004,0.10287870198588045,-0.5001103405988999,-0.5009339444727458,869,{'learning_rate': 0.003},ppo,0,linear,0.003,,,,,,
RepeatPrevious,obs,8,4,,-0.46416667999999994,0.11211659783982744,-0.49150370070279087,-0.4895143509933775,853,{'learning_rate': 0.003},ppo,0,linear,0.003,,,,,,
RepeatPrevious,obs,0,4,,-0.48916668,0.10062645587666098,-0.4999278567936443,-0.4999363301069791,845,{'learning_rate': 0.01},ppo,0,linear,0.01,,,,,,
RepeatPrevious,obs,1,4,,-0.48416661999999994,0.1361397267110361,-0.4914060886127521,-0.4954576377992868,861,{'learning_rate': 0.01},ppo,0,linear,0.01,,,,,,
RepeatPrevious,obs,2,4,,-0.49416664000000005,0.07500464222720084,-0.49883929242208186,-0.4983656113092206,853,{'learning_rate': 0.01},ppo,0,linear,0.01,,,,,,
RepeatPrevious,obs,9,4,,-0.49583326,0.03461110852591116,-0.4990153957017723,-0.5011886128374936,883,{'learning_rate': 0.003},ppo,0,linear,0.003,,,,,,
RepeatPrevious,obs,3,4,,-0.4716666199999999,0.11286671155764041,-0.4916522396109187,-0.49503310545084056,870,{'learning_rate': 0.01},ppo,0,linear,0.01,,,,,,
RepeatPrevious,obs,4,4,,-0.48583326,0.11565330196597243,-0.49244584757588106,-0.4900874538970963,878,{'learning_rate': 0.01},ppo,0,linear,0.01,,,,,,
RepeatPrevious,obs,6,4,,-0.48666674,0.10187147272731654,-0.4920893577612548,-0.48879266123280696,875,{'learning_rate': 0.01},ppo,0,linear,0.01,,,,,,
RepeatPrevious,obs,8,4,,-0.46833334,0.09300537547230482,-0.49274291882257076,-0.49316522109016814,852,{'learning_rate': 0.01},ppo,0,linear,0.01,,,,,,
RepeatPrevious,obs,5,4,,-0.5216666799999999,0.1018032087469624,-0.5079679332348748,-0.5110163010697912,888,{'learning_rate': 0.01},ppo,0,linear,0.01,,,,,,
RepeatPrevious,obs,9,4,,-0.48666664000000004,0.08556995098275096,-0.49166284589529435,-0.4924647697401936,857,{'learning_rate': 0.01},ppo,0,linear,0.01,,,,,,
RepeatPrevious,obs,7,4,,-0.47166662000000004,0.09945688412611568,-0.491433678498676,-0.48996009424350484,891,{'learning_rate': 0.01},ppo,0,linear,0.01,,,,,,
RepeatPrevious,filterbank,0,52,,1.0,0.0,0.6349943924933794,0.928765466632705,897,"{'decomposition': 'legendre', 'n_filters': 12, 'slowest': 0.08684574748712946, 'learning_rate': 0.0003}",ppo,0,linear,0.0003,,,,,,
RepeatPrevious,filterbank,1,52,,1.0,0.0,0.6613023672845794,0.9365766255731024,908,"{'decomposition': 'legendre', 'n_filters': 12, 'slowest': 0.08684574748712946, 'learning_rate': 0.0003}",ppo,0,linear,0.0003,,,,,,
RepeatPrevious,filterbank,2,52,,1.0,0.0,0.6726739050213891,0.9388478130412633,901,"{'decomposition': 'legendre', 'n_filters': 12, 'slowest': 0.08684574748712946, 'learning_rate': 0.0003}",ppo,0,linear,0.0003,,,,,,
RepeatPrevious,filterbank,3,52,,1.0,0.0,0.6688777319209616,0.9315248451349974,925,"{'decomposition': 'legendre', 'n_filters': 12, 'slowest': 0.08684574748712946, 'learning_rate': 0.0003}",ppo,0,linear,0.0003,,,,,,
RepeatPrevious,filterbank,5,52,,1.0,0.0,0.6786620597372173,0.9375742379011717,887,"{'decomposition': 'legendre', 'n_filters': 12, 'slowest': 0.08684574748712946, 'learning_rate': 0.0003}",ppo,0,linear,0.0003,,,,,,
RepeatPrevious,filterbank,7,52,,1.0,0.0,0.679005815695661,0.934008286296485,899,"{'decomposition': 'legendre', 'n_filters': 12, 'slowest': 0.08684574748712946, 'learning_rate': 0.0003}",ppo,0,linear,0.0003,,,,,,
RepeatPrevious,filterbank,6,52,,1.0,0.0,0.6741147127215318,0.9348360993377484,915,"{'decomposition': 'legendre', 'n_filters': 12, 'slowest': 0.08684574748712946, 'learning_rate': 0.0003}",ppo,0,linear,0.0003,,,,,,
RepeatPrevious,filterbank,8,52,,1.0,0.0,0.6755024704114891,0.9357700417727968,907,"{'decomposition': 'legendre', 'n_filters': 12, 'slowest': 0.08684574748712946, 'learning_rate': 0.0003}",ppo,0,linear,0.0003,,,,,,
RepeatPrevious,filterbank,9,52,,1.0,0.0,0.6753963733958036,0.9357063642384106,891,"{'decomposition': 'legendre', 'n_filters': 12, 'slowest': 0.08684574748712946, 'learning_rate': 0.0003}",ppo,0,linear,0.0003,,,,,,
RepeatPrevious,filterbank,1,52,,1.0,0.0,0.8734042428193114,0.9752928537952115,890,"{'decomposition': 'legendre', 'n_filters': 12, 'slowest': 0.08684574748712946, 'learning_rate': 0.001}",ppo,0,linear,0.001,,,,,,
RepeatPrevious,filterbank,4,52,,1.0,0.0,0.6822163303116724,0.9305696780438105,978,"{'decomposition': 'legendre', 'n_filters': 12, 'slowest': 0.08684574748712946, 'learning_rate': 0.0003}",ppo,0,linear,0.0003,,,,,,
RepeatPrevious,filterbank,0,52,,1.0,0.0,0.8696759729069057,0.9715570560366785,913,"{'decomposition': 'legendre', 'n_filters': 12, 'slowest': 0.08684574748712946, 'learning_rate': 0.001}",ppo,0,linear,0.001,,,,,,
RepeatPrevious,filterbank,3,52,,1.0,0.0,0.8719485872377267,0.9715782883341825,902,"{'decomposition': 'legendre', 'n_filters': 12, 'slowest': 0.08684574748712946, 'learning_rate': 0.001}",ppo,0,linear,0.001,,,,,,
RepeatPrevious,filterbank,2,52,,1.0,0.0,0.8699093836830313,0.9656562328069281,914,"{'decomposition': 'legendre', 'n_filters': 12, 'slowest': 0.08684574748712946, 'learning_rate': 0.001}",ppo,0,linear,0.001,,,,,,
RepeatPrevious,filterbank,4,52,,1.0,0.0,0.8675179437258098,0.9700500224146713,904,"{'decomposition': 'legendre', 'n_filters': 12, 'slowest': 0.08684574748712946, 'learning_rate': 0.001}",ppo,0,linear,0.001,,,,,,
RepeatPrevious,filterbank,5,52,,1.0,0.0,0.8688887236198818,0.9748683255221599,899,"{'decomposition': 'legendre', 'n_filters': 12, 'slowest': 0.08684574748712946, 'learning_rate': 0.001}",ppo,0,linear,0.001,,,,,,
RepeatPrevious,obs,0,4,,-0.51166664,0.11578233678411573,-0.4960133258530116,-0.4987457413265306,579,{'learning_rate': 0.0001},dqn,0,linear,0.0001,,,,,,
RepeatPrevious,filterbank,6,52,,1.0,0.0,0.8627456764616013,0.9734886332144677,886,"{'decomposition': 'legendre', 'n_filters': 12, 'slowest': 0.08684574748712946, 'learning_rate': 0.001}",ppo,0,linear,0.001,,,,,,
RepeatPrevious,obs,1,4,,-0.50416664,0.12506940162290056,-0.4954629305860152,-0.49948980102040813,591,{'learning_rate': 0.0001},dqn,0,linear,0.0001,,,,,,
RepeatPrevious,obs,2,4,,-0.5141666199999999,0.10788690421026825,-0.49592407793135107,-0.4922619056122449,593,{'learning_rate': 0.0001},dqn,0,linear,0.0001,,,,,,
RepeatPrevious,obs,3,4,,-0.4716666199999999,0.11286671155764041,-0.495849694394859,-0.4972789025510204,598,{'learning_rate': 0.0001},dqn,0,linear,0.0001,,,,,,
RepeatPrevious,obs,4,4,,-0.49583330000000003,0.1007782673334385,-0.4969249922986688,-0.5006377510204082,584,{'learning_rate': 0.0001},dqn,0,linear,0.0001,,,,,,
RepeatPrevious,filterbank,7,52,,1.0,0.0,0.866206576135669,0.9731065588385124,894,"{'decomposition': 'legendre', 'n_filters': 12, 'slowest': 0.08684574748712946, 'learning_rate': 0.001}",ppo,0,linear,0.001,,,,,,
RepeatPrevious,filterbank,8,52,,0.9991666599999999,0.005833380000000002,0.8668410462925238,0.9677363856342333,905,"{'decomposition': 'legendre', 'n_filters': 12, 'slowest': 0.08684574748712946, 'learning_rate': 0.001}",ppo,0,linear,0.001,,,,,,
RepeatPrevious,obs,5,4,,-0.47916664,0.10112218132353752,-0.4974668902432805,-0.49774660102040813,591,{'learning_rate': 0.0001},dqn,0,linear,0.0001,,,,,,
RepeatPrevious,filterbank,9,52,,0.99833332,0.008165031129003736,0.8658776776329191,0.9599676678553235,906,"{'decomposition': 'legendre', 'n_filters': 12, 'slowest': 0.08684574748712946, 'learning_rate': 0.001}",ppo,0,linear,0.001,,,,,,
RepeatPrevious,filterbank,1,52,,0.9758332599999998,0.02897555118910424,0.9130274665410469,0.9595431507896077,902,"{'decomposition': 'legendre', 'n_filters': 12, 'slowest': 0.08684574748712946, 'learning_rate': 0.003}",ppo,0,linear,0.003,,,,,,
RepeatPrevious,obs,6,4,,-0.4875,0.09939061547510408,-0.4958220720660988,-0.4926870775510204,599,{'learning_rate': 0.0001},dqn,0,linear,0.0001,,,,,,
RepeatPrevious,obs,7,4,,-0.48583338,0.09916667613485691,-0.49697811924312757,-0.4998299301020408,598,{'learning_rate': 0.0001},dqn,0,linear,0.0001,,,,,,
RepeatPrevious,filterbank,0,52,,0.99083328,0.019166742609050713,0.9126073231819107,0.9563592536933265,911,"{'decomposition': 'legendre', 'n_filters': 12, 'slowest': 0.08684574748712946, 'learning_rate': 0.003}",ppo,0,linear,0.003,,,,,,
RepeatPrevious,filterbank,3,52,,0.9975,0.012936790775149762,0.911503910521491,0.9514348267957208,912,"{'decomposition': 'legendre', 'n_filters': 12, 'slowest': 0.08684574748712946, 'learning_rate': 0.003}",ppo,0,linear,0.003,,,,,,
RepeatPrevious,obs,8,4,,-0.4725,0.1123023572527309,-0.49632571454072527,-0.4928996612244898,595,{'learning_rate': 0.0001},dqn,0,linear,0.0001,,,,,,
RepeatPrevious,obs,9,4,,-0.47999998000000005,0.09363044839548511,-0.496417093232009,-0.4901998214285715,591,{'learning_rate': 0.0001},dqn,0,linear,0.0001,,,,,,
RepeatPrevious,obs,0,4,,-0.49916666,0.12430081116237497,-0.4960388283776203,-0.5024872438775511,584,{'learning_rate': 0.0003},dqn,0,linear,0.0003,,,,,,
RepeatPrevious,filterbank,4,52,,0.9908333,0.020899918926397778,0.9134539797820331,0.9539819444727458,912,"{'decomposition': 'legendre', 'n_filters': 12, 'slowest': 0.08684574748712946, 'learning_rate': 0.003}",ppo,0,linear,0.003,,,,,,
RepeatPrevious,filterbank,5,52,,0.9883332800000001,0.022110879172968226,0.9091124652169484,0.9599039933774833,907,"{'decomposition': 'legendre', 'n_filters': 12, 'slowest': 0.08684574748712946, 'learning_rate': 0.003}",ppo,0,linear,0.003,,,,,,
RepeatPrevious,filterbank,7,52,,0.9991666599999999,0.005833380000000002,0.9044335688022002,0.9550856861946,891,"{'decomposition': 'legendre', 'n_filters': 12, 'slowest': 0.08684574748712946, 'learning_rate': 0.003}",ppo,0,linear,0.003,,,,,,
RepeatPrevious,filterbank,6,52,,0.9991666599999999,0.005833380000000002,0.908138488694235,0.9565078344370861,918,"{'decomposition': 'legendre', 'n_filters': 12, 'slowest': 0.08684574748712946, 'learning_rate': 0.003}",ppo,0,linear,0.003,,,,,,
RepeatPrevious,filterbank,8,52,,0.98999994,0.019649792761665452,0.9110010077918109,0.950776814060112,937,"{'decomposition': 'legendre', 'n_filters': 12, 'slowest': 0.08684574748712946, 'learning_rate': 0.003}",ppo,0,linear,0.003,,,,,,
RepeatPrevious,filterbank,2,52,,0.99166662,0.018633968385601603,0.9146592629863516,0.9471684049923587,903,"{'decomposition': 'legendre', 'n_filters': 12, 'slowest': 0.08684574748712946, 'learning_rate': 0.01}",ppo,0,linear,0.01,,,,,,
RepeatPrevious,obs,1,4,,-0.5075000399999999,0.12820613809220835,-0.49676773550262665,-0.5014030530612245,583,{'learning_rate': 0.0003},dqn,0,linear,0.0003,,,,,,
RepeatPrevious,filterbank,0,52,,0.98999996,0.02134378077563579,0.9135961661743737,0.9686490957717777,923,"{'decomposition': 'legendre', 'n_filters': 12, 'slowest': 0.08684574748712946, 'learning_rate': 0.01}",ppo,0,linear,0.01,,,,,,
RepeatPrevious,filterbank,9,52,,0.9958332999999999,0.012500100000000005,0.9054712031982074,0.9518168894549159,939,"{'decomposition': 'legendre', 'n_filters': 12, 'slowest': 0.08684574748712946, 'learning_rate': 0.003}",ppo,0,linear,0.003,,,,,,
RepeatPrevious,filterbank,1,52,,0.9799999199999999,0.026666690000703125,0.9039179472397637,0.9360247585328579,929,"{'decomposition': 'legendre', 'n_filters': 12, 'slowest': 0.08684574748712946, 'learning_rate': 0.01}",ppo,0,linear,0.01,,,,,,
RepeatPrevious,filterbank,4,52,,0.98416658,0.023407691756420584,0.9090382096659196,0.9556163408048904,916,"{'decomposition': 'legendre', 'n_filters': 12, 'slowest': 0.08684574748712946, 'learning_rate': 0.01}",ppo,0,linear,0.01,,,,,,
RepeatPrevious,filterbank,2,52,,0.9933332800000001,0.015275374518538004,0.9107315212874313,0.9480386617422313,1044,"{'decomposition': 'legendre', 'n_filters': 12, 'slowest': 0.08684574748712946, 'learning_rate': 0.003}",ppo,0,linear,0.003,,,,,,
RepeatPrevious,filterbank,3,52,,0.9258332999999999,0.05088784563537741,0.9118328220105928,0.9072635394803873,942,"{'decomposition': 'legendre', 'n_filters': 12, 'slowest': 0.08684574748712946, 'learning_rate': 0.01}",ppo,0,linear,0.01,,,,,,
RepeatPrevious,filterbank,6,52,,0.9658332600000001,0.04223770024838474,0.9056600623344876,0.9312913535404992,899,"{'decomposition': 'legendre', 'n_filters': 12, 'slowest': 0.08684574748712946, 'learning_rate': 0.01}",ppo,0,linear,0.01,,,,,,
RepeatPrevious,filterbank,5,52,,0.9749999199999999,0.031180476442055852,0.9063518201772255,0.9540244044829342,942,"{'decomposition': 'legendre', 'n_filters': 12, 'slowest': 0.08684574748712946, 'learning_rate': 0.01}",ppo,0,linear,0.01,,,,,,
RepeatPrevious,filterbank,7,52,,0.96749988,0.032585349128490246,0.9035402361478915,0.9689250402445237,907,"{'decomposition': 'legendre', 'n_filters': 12, 'slowest': 0.08684574748712946, 'learning_rate': 0.01}",ppo,0,linear,0.01,,,,,,
RepeatPrevious,filterbank,8,52,,0.9541666200000001,0.04583325636429949,0.9086414100122225,0.928065020376974,900,"{'decomposition': 'legendre', 'n_filters': 12, 'slowest': 0.08684574748712946, 'learning_rate': 0.01}",ppo,0,linear,0.01,,,,,,
RepeatPrevious,filterbank,9,52,,0.94833332,0.049693429702704156,0.9057343290894275,0.9487815792154864,928,"{'decomposition': 'legendre', 'n_filters': 12, 'slowest': 0.08684574748712946, 'learning_rate': 0.01}",ppo,0,linear,0.01,,,,,,
RepeatPrevious,obs,2,4,,-0.50249996,0.07967385727701652,-0.4975710199418575,-0.4935161591836735,579,{'learning_rate': 0.0003},dqn,0,linear,0.0003,,,,,,
RepeatPrevious,obs,3,4,,-0.51416668,0.08482420160459868,-0.49664660743611977,-0.49761903928571427,580,{'learning_rate': 0.0003},dqn,0,linear,0.0003,,,,,,
RepeatPrevious,obs,4,4,,-0.49,0.09521900195549206,-0.4967039830162697,-0.4973001775510204,590,{'learning_rate': 0.0003},dqn,0,linear,0.0003,,,,,,
RepeatPrevious,obs,5,4,,-0.52499996,0.11149242774519892,-0.49826805028816235,-0.49545067755102046,594,{'learning_rate': 0.0003},dqn,0,linear,0.0003,,,,,,
RepeatPrevious,obs,6,4,,-0.50166668,0.10440307019785193,-0.4975412673534962,-0.4985969382653061,594,{'learning_rate': 0.0003},dqn,0,linear,0.0003,,,,,,
RepeatPrevious,obs,7,4,,-0.49999996,0.033333500000426,-0.49718213143265155,-0.5014243229591836,590,{'learning_rate': 0.0003},dqn,0,linear,0.0003,,,,,,
RepeatPrevious,obs,8,4,,-0.44583332,0.097983188467704,-0.4970036202376702,-0.49987245306122446,588,{'learning_rate': 0.0003},dqn,0,linear,0.0003,,,,,,
RepeatPrevious,obs,9,4,,-0.49666666,0.1180982875031827,-0.49850393461518844,-0.49613095306122446,590,{'learning_rate': 0.0003},dqn,0,linear,0.0003,,,,,,
RepeatPrevious,obs,0,4,,-0.48333332,0.11118055685369452,-0.4965254751874331,-0.4980016974489796,591,{'learning_rate': 0.001},dqn,0,linear,0.001,,,,,,
RepeatPrevious,obs,1,4,,-0.49750002000000004,0.08097068461325742,-0.497677275768858,-0.5007015295918368,592,{'learning_rate': 0.001},dqn,0,linear,0.001,,,,,,
RepeatPrevious,obs,2,4,,-0.4775,0.10145136218385636,-0.49853793670627844,-0.4976828178571429,595,{'learning_rate': 0.001},dqn,0,linear,0.001,,,,,,
RepeatPrevious,obs,3,4,,-0.5325,0.11312789959492751,-0.49747114520324376,-0.5035289198979591,599,{'learning_rate': 0.001},dqn,0,linear,0.001,,,,,,
RepeatPrevious,obs,4,4,,-0.49083331999999996,0.08986479523315903,-0.4980449196715459,-0.5008716010204081,598,{'learning_rate': 0.001},dqn,0,linear,0.001,,,,,,
RepeatPrevious,obs,5,4,,-0.53999996,0.11271888770085695,-0.49928171790687004,-0.4977253382653061,599,{'learning_rate': 0.001},dqn,0,linear,0.001,,,,,,
RepeatPrevious,obs,6,4,,-0.49916672,0.09185205846643613,-0.4982510497271383,-0.4961521974489796,595,{'learning_rate': 0.001},dqn,0,linear,0.001,,,,,,
RepeatPrevious,obs,9,4,,-0.50416666,0.03461111815680621,-0.49937096944968634,-0.49640730918367343,583,{'learning_rate': 0.001},dqn,0,linear,0.001,,,,,,
RepeatPrevious,obs,8,4,,-0.49333324000000006,0.035707326980080716,-0.4981766720558984,-0.5019132602040817,592,{'learning_rate': 0.001},dqn,0,linear,0.001,,,,,,
RepeatPrevious,obs,2,4,,-0.5316666400000001,0.1316455363637917,-0.4981447951241903,-0.4987670102040816,586,{'learning_rate': 0.003},dqn,0,linear,0.003,,,,,,
RepeatPrevious,obs,7,4,,-0.50166666,0.10102246735842675,-0.4997577407048503,-0.4977253484693877,595,{'learning_rate': 0.001},dqn,0,linear,0.001,,,,,,
RepeatPrevious,obs,1,4,,-0.5075000199999999,0.09416663557555616,-0.4982340495741317,-0.5000850270408164,595,{'learning_rate': 0.003},dqn,0,linear,0.003,,,,,,
RepeatPrevious,obs,0,4,,-0.50000002,0.1178510406312121,-0.4980151636150354,-0.49832057551020403,610,{'learning_rate': 0.003},dqn,0,linear,0.003,,,,,,
RepeatPrevious,obs,3,4,,-0.4825,0.1031079208082483,-0.4988269503238639,-0.5004464321428572,601,{'learning_rate': 0.003},dqn,0,linear,0.003,,,,,,
RepeatPrevious,obs,5,4,,-0.5216666,0.10008322703330462,-0.4981617970112714,-0.4958120770408163,596,{'learning_rate': 0.003},dqn,0,linear,0.003,,,,,,
RepeatPrevious,obs,4,4,,-0.53249998,0.09438759729063771,-0.4979917877798744,-0.4994685336734694,608,{'learning_rate': 0.003},dqn,0,linear,0.003,,,,,,
RepeatPrevious,obs,7,4,,-0.47916676,0.14148278065652514,-0.4986633202937727,-0.49519558571428574,598,{'learning_rate': 0.003},dqn,0,linear,0.003,,,,,,
RepeatPrevious,obs,6,4,,-0.47583328,0.10995258159807617,-0.5013685566379354,-0.5042304301020408,607,{'learning_rate': 0.003},dqn,0,linear,0.003,,,,,,
RepeatPrevious,obs,9,4,,-0.49749997999999995,0.09552847981423969,-0.49947722864283167,-0.4994685367346938,600,{'learning_rate': 0.003},dqn,0,linear,0.003,,,,,,
RepeatPrevious,obs,8,4,,-0.50749998,0.11263570220484977,-0.4991733410516653,-0.49842687448979595,628,{'learning_rate': 0.003},dqn,0,linear,0.003,,,,,,
RepeatPrevious,filterbank,0,52,,1.0,0.0,0.8485447134696791,0.9240858602040817,644,"{'decomposition': 'legendre', 'n_filters': 12, 'slowest': 0.08684574748712946, 'learning_rate': 0.0001}",dqn,0,linear,0.0001,,,,,,
RepeatPrevious,filterbank,3,52,,1.0,0.0,0.8458097212730146,0.9230016729591837,637,"{'decomposition': 'legendre', 'n_filters': 12, 'slowest': 0.08684574748712946, 'learning_rate': 0.0001}",dqn,0,linear,0.0001,,,,,,
RepeatPrevious,filterbank,1,52,,1.0,0.0,0.8437058862651095,0.9205569515306122,649,"{'decomposition': 'legendre', 'n_filters': 12, 'slowest': 0.08684574748712946, 'learning_rate': 0.0001}",dqn,0,linear,0.0001,,,,,,
RepeatPrevious,filterbank,2,52,,1.0,0.0,0.849800642627633,0.9240008188775509,660,"{'decomposition': 'legendre', 'n_filters': 12, 'slowest': 0.08684574748712946, 'learning_rate': 0.0001}",dqn,0,linear,0.0001,,,,,,
RepeatPrevious,filterbank,6,52,,1.0,0.0,0.8480729437445811,0.922661543877551,644,"{'decomposition': 'legendre', 'n_filters': 12, 'slowest': 0.08684574748712946, 'learning_rate': 0.0001}",dqn,0,linear,0.0001,,,,,,
RepeatPrevious,filterbank,5,52,,1.0,0.0,0.8430492318049676,0.9252550744897958,647,"{'decomposition': 'legendre', 'n_filters': 12, 'slowest': 0.08684574748712946, 'learning_rate': 0.0001}",dqn,0,linear,0.0001,,,,,,
RepeatPrevious,filterbank,4,52,,1.0,0.0,0.843782385627582,0.9210671515306121,664,"{'decomposition': 'legendre', 'n_filters': 12, 'slowest': 0.08684574748712946, 'learning_rate': 0.0001}",dqn,0,linear,0.0001,,,,,,
RepeatPrevious,obs,0,4,,-0.49999999999999994,0.1006920497799548,-0.49653130287648045,-0.4906937394247038,15,"{'ridge': 0.00010013934824099954, 'gamma': 0.9986049852463696}",lspi,0,linear,,-0.5008333333333332,5.0,"[-0.5166666666666666, -0.49166666666666653, -0.4958333333333333, -0.5333333333333332, -0.5333333333333331, -0.4166666666666665, -0.5041666666666667, -0.5375, -0.5083333333333333, -0.4916666666666666, -0.5083333333333331, -0.5375, -0.4749999999999998, -0.4833333333333332, -0.4708333333333333, -0.5249999999999998, -0.4541666666666666, -0.49166666666666653, -0.5208333333333333, -0.5208333333333333]",,,
RepeatPrevious,obs,1,4,,-0.47499999999999987,0.11785113019775798,-0.49573815566835866,-0.4827622673434855,15,"{'ridge': 0.00010013934824099954, 'gamma': 0.9986049852463696}",lspi,0,linear,,-0.49229166666666657,5.0,"[-0.5125, -0.48749999999999993, -0.5208333333333333, -0.5166666666666666, -0.47916666666666663, -0.4208333333333332, -0.525, -0.4874999999999998, -0.45833333333333315, -0.5125, -0.5, -0.5041666666666667, -0.4666666666666666, -0.5125, -0.4833333333333333, -0.5499999999999999, -0.42916666666666653, -0.4749999999999998, -0.49583333333333324, -0.5083333333333331]",,,
RepeatPrevious,obs,2,4,,-0.4891666666666666,0.09993400600173878,-0.4943316412859559,-0.4879441624365481,15,"{'ridge': 0.00010013934824099954, 'gamma': 0.9986049852463696}",lspi,0,linear,,-0.4914583333333333,10.0,"[-0.4624999999999999, -0.5249999999999999, -0.5541666666666665, -0.4625, -0.5291666666666666, -0.4666666666666665, -0.4791666666666665, -0.5458333333333332, -0.49583333333333324, -0.5208333333333333, -0.4208333333333332, -0.43333333333333324, -0.4583333333333332, -0.4749999999999998, -0.5208333333333333, -0.5333333333333332, -0.4458333333333332, -0.5083333333333332, -0.4999999999999999, -0.4916666666666666]",,,
RepeatPrevious,obs,3,4,,-0.47166666666666657,0.10750968948580095,-0.4963197969543146,-0.48064720812182726,15,"{'ridge': 0.00010013934824099954, 'gamma': 0.9986049852463696}",lspi,0,linear,,-0.48249999999999993,7.0,"[-0.5125, -0.5083333333333332, -0.5083333333333332, -0.5333333333333333, -0.4208333333333333, -0.4749999999999999, -0.4749999999999998, -0.4083333333333332, -0.48749999999999993, -0.4708333333333332, -0.4583333333333332, -0.4666666666666666, -0.4874999999999998, -0.4708333333333332, -0.525, -0.4833333333333331, -0.5166666666666666, -0.4791666666666664, -0.4958333333333333, -0.4666666666666665]",,,
RepeatPrevious,obs,4,4,,-0.4649999999999999,0.13523641850067197,-0.4940989847715735,-0.4913282571912012,15,"{'ridge': 0.00010013934824099954, 'gamma': 0.9986049852463696}",lspi,0,linear,,-0.5004166666666666,4.0,"[-0.5166666666666666, -0.4624999999999999, -0.49999999999999983, -0.5166666666666666, -0.4583333333333333, -0.5125, -0.5041666666666665, -0.5333333333333334, -0.4833333333333332, -0.4666666666666665, -0.5041666666666667, -0.4708333333333332, -0.5208333333333331, -0.5208333333333333, -0.4749999999999999, -0.4833333333333333, -0.5583333333333332, -0.4749999999999999, -0.4916666666666666, -0.5541666666666665]",,,
RepeatPrevious,obs,5,4,,-0.48499999999999993,0.10129714266015166,-0.49675338409475456,-0.4971446700507613,15,"{'ridge': 0.00010013934824099954, 'gamma': 0.9986049852463696}",lspi,0,linear,,-0.4960416666666666,13.0,"[-0.4749999999999999, -0.5208333333333333, -0.5124999999999998, -0.4833333333333332, -0.4374999999999999, -0.5833333333333333, -0.4708333333333332, -0.4624999999999998, -0.5791666666666666, -0.4624999999999998, -0.4916666666666666, -0.5166666666666666, -0.5249999999999999, -0.4166666666666665, -0.5041666666666667, -0.4958333333333333, -0.4916666666666666, -0.48749999999999993, -0.5458333333333333, -0.4583333333333332]",,,
RepeatPrevious,obs,6,4,,-0.4708333333333332,0.10614782669047498,-0.4932741116751268,-0.4997884940778341,15,"{'ridge': 0.00010013934824099954, 'gamma': 0.9986049852463696}",lspi,0,linear,,-0.4864583333333332,7.0,"[-0.4791666666666665, -0.5208333333333333, -0.5249999999999998, -0.4708333333333332, -0.48749999999999993, -0.4416666666666666, -0.4833333333333332, -0.4083333333333332, -0.5125, -0.4749999999999999, -0.4833333333333332, -0.5208333333333333, -0.5291666666666666, -0.48749999999999993, -0.4958333333333333, -0.5083333333333333, -0.44999999999999984, -0.4833333333333332, -0.4416666666666666, -0.5249999999999998]",,,
RepeatPrevious,obs,7,4,,-0.49083333333333323,0.1214181251342283,-0.5007825719120135,-0.497567681895093,15,"{'ridge': 0.00010013934824099954, 'gamma': 0.9986049852463696}",lspi,0,linear,,-0.49520833333333325,16.0,"[-0.5208333333333333, -0.5583333333333332, -0.49999999999999983, -0.4749999999999998, -0.48749999999999993, -0.4625, -0.49583333333333324, -0.5249999999999998, -0.4666666666666666, -0.5083333333333332, -0.47916666666666663, -0.4708333333333332, -0.5041666666666667, -0.5083333333333332, -0.4749999999999999, -0.5166666666666666, -0.4541666666666666, -0.4999999999999999, -0.48749999999999993, -0.5083333333333332]",,,
RepeatPrevious,obs,8,4,,-0.49666666666666665,0.11721300648344833,-0.4961082910321488,-0.49873096446700493,15,"{'ridge': 0.00010013934824099954, 'gamma': 0.9986049852463696}",lspi,0,linear,,-0.48999999999999994,11.0,"[-0.49166666666666653, -0.4916666666666666, -0.49999999999999983, -0.45833333333333315, -0.5666666666666667, -0.4666666666666666, -0.5166666666666666, -0.5374999999999999, -0.4916666666666666, -0.4666666666666666, -0.4583333333333332, -0.4083333333333332, -0.4916666666666666, -0.49999999999999983, -0.4916666666666666, -0.4916666666666666, -0.5124999999999998, -0.5041666666666667, -0.4624999999999999, -0.4916666666666666]",,,
RepeatPrevious,obs,9,4,,-0.49999999999999994,0.08858454843945546,-0.4960659898477156,-0.49153976311336706,15,"{'ridge': 0.00010013934824099954, 'gamma': 0.9986049852463696}",lspi,0,linear,,-0.4914583333333332,13.0,"[-0.4999999999999999, -0.49583333333333324, -0.4833333333333332, -0.49583333333333324, -0.5208333333333333, -0.5374999999999999, -0.4916666666666666, -0.5291666666666666, -0.4791666666666665, -0.4708333333333332, -0.4499999999999999, -0.4708333333333332, -0.48749999999999993, -0.4374999999999999, -0.4624999999999999, -0.4916666666666666, -0.49583333333333324, -0.4833333333333332, -0.49999999999999983, -0.5458333333333332]",,,
RepeatPrevious,filterbank,7,52,,1.0,0.0,0.8473610396287041,0.9242559290816326,653,"{'decomposition': 'legendre', 'n_filters': 12, 'slowest': 0.08684574748712946, 'learning_rate': 0.0001}",dqn,0,linear,0.0001,,,,,,
RepeatPrevious,filterbank,0,52,,1.0000000000000007,0.0,0.550327834179357,0.905351099830796,28,"{'decomposition': 'legendre', 'n_filters': 12, 'slowest': 0.06659175865566784, 'ridge': 0.001933175482801141, 'gamma': 0.9566446944728219}",lspi,0,linear,,1.0000000000000004,0.0,"[1.0000000000000004, 1.0000000000000004, 1.0000000000000004, 1.0000000000000004, 1.0000000000000004, 1.0000000000000004, 1.0000000000000004, 1.0000000000000004, 1.0000000000000004, 1.0000000000000004, 1.0000000000000004, 1.0000000000000004, 1.0000000000000004, 1.0000000000000004, 1.0000000000000004, 1.0000000000000004, 1.0000000000000004, 1.0000000000000004, 1.0000000000000004, 1.0000000000000004]",,,
RepeatPrevious,filterbank,1,52,,1.0000000000000007,0.0,0.547451353637902,0.90513959390863,28,"{'decomposition': 'legendre', 'n_filters': 12, 'slowest': 0.06659175865566784, 'ridge': 0.001933175482801141, 'gamma': 0.9566446944728219}",lspi,0,linear,,1.0000000000000004,0.0,"[1.0000000000000004, 1.0000000000000004, 1.0000000000000004, 1.0000000000000004, 1.0000000000000004, 1.0000000000000004, 1.0000000000000004, 1.0000000000000004, 1.0000000000000004, 1.0000000000000004, 1.0000000000000004, 1.0000000000000004, 1.0000000000000004, 1.0000000000000004, 1.0000000000000004, 1.0000000000000004, 1.0000000000000004, 1.0000000000000004, 1.0000000000000004, 1.0000000000000004]",,,
RepeatPrevious,filterbank,2,52,,1.0000000000000007,0.0,0.5498202199661592,0.9055626057529615,28,"{'decomposition': 'legendre', 'n_filters': 12, 'slowest': 0.06659175865566784, 'ridge': 0.001933175482801141, 'gamma': 0.9566446944728219}",lspi,0,linear,,1.0000000000000004,0.0,"[1.0000000000000004, 1.0000000000000004, 1.0000000000000004, 1.0000000000000004, 1.0000000000000004, 1.0000000000000004, 1.0000000000000004, 1.0000000000000004, 1.0000000000000004, 1.0000000000000004, 1.0000000000000004, 1.0000000000000004, 1.0000000000000004, 1.0000000000000004, 1.0000000000000004, 1.0000000000000004, 1.0000000000000004, 1.0000000000000004, 1.0000000000000004, 1.0000000000000004]",,,
RepeatPrevious,filterbank,3,52,,1.0000000000000007,0.0,0.551343062605753,0.9126480541455164,28,"{'decomposition': 'legendre', 'n_filters': 12, 'slowest': 0.06659175865566784, 'ridge': 0.001933175482801141, 'gamma': 0.9566446944728219}",lspi,0,linear,,1.0000000000000004,0.0,"[1.0000000000000004, 1.0000000000000004, 1.0000000000000004, 1.0000000000000004, 1.0000000000000004, 1.0000000000000004, 1.0000000000000004, 1.0000000000000004, 1.0000000000000004, 1.0000000000000004, 1.0000000000000004, 1.0000000000000004, 1.0000000000000004, 1.0000000000000004, 1.0000000000000004, 1.0000000000000004, 1.0000000000000004, 1.0000000000000004, 1.0000000000000004, 1.0000000000000004]",,,
RepeatPrevious,filterbank,4,52,,1.0000000000000007,0.0,0.552865905245347,0.9067258883248736,28,"{'decomposition': 'legendre', 'n_filters': 12, 'slowest': 0.06659175865566784, 'ridge': 0.001933175482801141, 'gamma': 0.9566446944728219}",lspi,0,linear,,1.0000000000000004,0.0,"[1.0000000000000004, 1.0000000000000004, 1.0000000000000004, 1.0000000000000004, 1.0000000000000004, 1.0000000000000004, 1.0000000000000004, 1.0000000000000004, 1.0000000000000004, 1.0000000000000004, 1.0000000000000004, 1.0000000000000004, 1.0000000000000004, 1.0000000000000004, 1.0000000000000004, 1.0000000000000004, 1.0000000000000004, 1.0000000000000004, 1.0000000000000004, 1.0000000000000004]",,,
RepeatPrevious,filterbank,5,52,,1.0000000000000007,0.0,0.5503489847715736,0.9115905245346875,28,"{'decomposition': 'legendre', 'n_filters': 12, 'slowest': 0.06659175865566784, 'ridge': 0.001933175482801141, 'gamma': 0.9566446944728219}",lspi,0,linear,,1.0000000000000004,0.0,"[1.0000000000000004, 1.0000000000000004, 1.0000000000000004, 1.0000000000000004, 1.0000000000000004, 1.0000000000000004, 1.0000000000000004, 1.0000000000000004, 1.0000000000000004, 1.0000000000000004, 1.0000000000000004, 1.0000000000000004, 1.0000000000000004, 1.0000000000000004, 1.0000000000000004, 1.0000000000000004, 1.0000000000000004, 1.0000000000000004, 1.0000000000000004, 1.0000000000000004]",,,
RepeatPrevious,filterbank,6,52,,1.0000000000000007,0.0,0.5510575296108292,0.9047165820642982,28,"{'decomposition': 'legendre', 'n_filters': 12, 'slowest': 0.06659175865566784, 'ridge': 0.001933175482801141, 'gamma': 0.9566446944728219}",lspi,0,linear,,1.0000000000000004,0.0,"[1.0000000000000004, 1.0000000000000004, 1.0000000000000004, 1.0000000000000004, 1.0000000000000004, 1.0000000000000004, 1.0000000000000004, 1.0000000000000004, 1.0000000000000004, 1.0000000000000004, 1.0000000000000004, 1.0000000000000004, 1.0000000000000004, 1.0000000000000004, 1.0000000000000004, 1.0000000000000004, 1.0000000000000004, 1.0000000000000004, 1.0000000000000004, 1.0000000000000004]",,,
RepeatPrevious,filterbank,7,52,,1.0000000000000007,0.0,0.550327834179357,0.9102157360406097,28,"{'decomposition': 'legendre', 'n_filters': 12, 'slowest': 0.06659175865566784, 'ridge': 0.001933175482801141, 'gamma': 0.9566446944728219}",lspi,0,linear,,1.0000000000000004,0.0,"[1.0000000000000004, 1.0000000000000004, 1.0000000000000004, 1.0000000000000004, 1.0000000000000004, 1.0000000000000004, 1.0000000000000004, 1.0000000000000004, 1.0000000000000004, 1.0000000000000004, 1.0000000000000004, 1.0000000000000004, 1.0000000000000004, 1.0000000000000004, 1.0000000000000004, 1.0000000000000004, 1.0000000000000004, 1.0000000000000004, 1.0000000000000004, 1.0000000000000004]",,,
RepeatPrevious,filterbank,8,52,,1.0000000000000007,0.0,0.5506768189509307,0.902813028764806,28,"{'decomposition': 'legendre', 'n_filters': 12, 'slowest': 0.06659175865566784, 'ridge': 0.001933175482801141, 'gamma': 0.9566446944728219}",lspi,0,linear,,1.0000000000000004,0.0,"[1.0000000000000004, 1.0000000000000004, 1.0000000000000004, 1.0000000000000004, 1.0000000000000004, 1.0000000000000004, 1.0000000000000004, 1.0000000000000004, 1.0000000000000004, 1.0000000000000004, 1.0000000000000004, 1.0000000000000004, 1.0000000000000004, 1.0000000000000004, 1.0000000000000004, 1.0000000000000004, 1.0000000000000004, 1.0000000000000004, 1.0000000000000004, 1.0000000000000004]",,,
RepeatPrevious,filterbank,9,52,,1.0000000000000007,0.0,0.5495558375634519,0.9067258883248737,28,"{'decomposition': 'legendre', 'n_filters': 12, 'slowest': 0.06659175865566784, 'ridge': 0.001933175482801141, 'gamma': 0.9566446944728219}",lspi,0,linear,,1.0000000000000004,0.0,"[1.0000000000000004, 1.0000000000000004, 1.0000000000000004, 1.0000000000000004, 1.0000000000000004, 1.0000000000000004, 1.0000000000000004, 1.0000000000000004, 1.0000000000000004, 1.0000000000000004, 1.0000000000000004, 1.0000000000000004, 1.0000000000000004, 1.0000000000000004, 1.0000000000000004, 1.0000000000000004, 1.0000000000000004, 1.0000000000000004, 1.0000000000000004, 1.0000000000000004]",,,
RepeatPrevious,obs,0,4,,-0.48583333333333323,0.08724566210165155,-0.1949109414758268,,52,{},bc,0,linear,,-0.5041666666666667,,"[-0.4833333333333332, -0.49999999999999983, -0.5458333333333332, -0.4541666666666666, -0.5374999999999999]",-0.4833333333333332,3.0,1.0
RepeatPrevious,obs,1,4,,-0.4991666666666666,0.08877640452282357,-0.19993638676844766,,53,{},bc,0,linear,,-0.5166666666666666,,"[-0.49583333333333324, -0.5374999999999999, -0.5249999999999999, -0.5249999999999999, -0.5]",-0.49583333333333324,0.0,1.0
RepeatPrevious,obs,2,4,,-0.5141666666666665,0.09560116805423115,-0.20521628498727715,,52,{},bc,0,linear,,-0.5116666666666665,,"[-0.5166666666666665, -0.5125, -0.5249999999999999, -0.5166666666666666, -0.4874999999999998]",-0.5166666666666665,4.0,1.0
RepeatPrevious,obs,3,4,,-0.4791666666666665,0.1054915741764347,-0.19440203562340946,,54,{},bc,0,linear,,-0.49916666666666654,,"[-0.49999999999999983, -0.5124999999999998, -0.48749999999999993, -0.5249999999999999, -0.4708333333333332]",-0.49999999999999983,4.0,1.0
RepeatPrevious,obs,4,4,,-0.48749999999999993,0.08789592962387081,-0.2010602205258692,,52,{},bc,0,linear,,-0.48583333333333323,,"[-0.4708333333333332, -0.4791666666666665, -0.5041666666666667, -0.5124999999999998, -0.4624999999999998]",-0.4708333333333332,4.0,1.0
RepeatPrevious,obs,5,4,,-0.48249999999999993,0.12640598175016177,-0.19834605597964358,,53,{},bc,0,linear,,-0.5008333333333332,,"[-0.5083333333333332, -0.4624999999999998, -0.5083333333333332, -0.5083333333333333, -0.5166666666666666]",-0.5083333333333332,1.0,0.9866666399999999
RepeatPrevious,obs,6,4,,-0.4933333333333331,0.09218037872683225,-0.2004877014418997,,52,{},bc,0,linear,,-0.5033333333333332,,"[-0.49999999999999983, -0.5374999999999999, -0.49999999999999983, -0.49583333333333324, -0.4833333333333332]",-0.49999999999999983,4.0,1.0
RepeatPrevious,obs,7,4,,-0.5025,0.11767717139133942,-0.1945716709075486,,53,{},bc,0,linear,,-0.49833333333333324,,"[-0.5083333333333333, -0.4874999999999998, -0.5083333333333332, -0.4958333333333333, -0.4916666666666666]",-0.5083333333333333,1.0,1.0
RepeatPrevious,obs,8,4,,-0.49083333333333323,0.09215400756945472,-0.20095419847328225,,52,{},bc,0,linear,,-0.48583333333333323,,"[-0.4708333333333332, -0.4791666666666665, -0.5041666666666667, -0.5124999999999998, -0.4624999999999998]",-0.4708333333333332,4.0,1.0
RepeatPrevious,obs,9,4,,-0.49916666666666665,0.10016999439841148,-0.18990670059372333,,53,{},bc,0,linear,,-0.5133333333333333,,"[-0.49166666666666653, -0.55, -0.5249999999999998, -0.5166666666666666, -0.4833333333333332]",-0.49166666666666653,4.0,1.0
RepeatPrevious,filterbank,8,52,,1.0,0.0,0.8490696135053807,0.922640275,635,"{'decomposition': 'legendre', 'n_filters': 12, 'slowest': 0.08684574748712946, 'learning_rate': 0.0001}",dqn,0,linear,0.0001,,,,,,
RepeatPrevious,filterbank,0,52,,1.0000000000000007,0.0,1.0000000000000004,,61,"{'decomposition': 'legendre', 'n_filters': 12, 'slowest': 0.08684574748712946}",bc,0,linear,,1.0000000000000004,,"[1.0000000000000004, 1.0000000000000004, 1.0000000000000004, 1.0000000000000004, 1.0000000000000004]",1.0000000000000004,0.0,1.0
RepeatPrevious,filterbank,9,52,,0.9991666599999999,0.005833380000000002,0.8437866383434488,0.9224489607142856,633,"{'decomposition': 'legendre', 'n_filters': 12, 'slowest': 0.08684574748712946, 'learning_rate': 0.0001}",dqn,0,linear,0.0001,,,,,,
RepeatPrevious,filterbank,1,52,,1.0000000000000007,0.0,1.0000000000000004,,62,"{'decomposition': 'legendre', 'n_filters': 12, 'slowest': 0.08684574748712946}",bc,0,linear,,1.0000000000000004,,"[1.0000000000000004, 1.0000000000000004, 1.0000000000000004, 1.0000000000000004, 1.0000000000000004]",1.0000000000000004,0.0,1.0
RepeatPrevious,filterbank,2,52,,1.0000000000000007,0.0,1.0000000000000004,,60,"{'decomposition': 'legendre', 'n_filters': 12, 'slowest': 0.08684574748712946}",bc,0,linear,,1.0000000000000004,,"[1.0000000000000004, 1.0000000000000004, 1.0000000000000004, 1.0000000000000004, 1.0000000000000004]",1.0000000000000004,0.0,1.0
RepeatPrevious,filterbank,0,52,,0.99833332,0.008165031129003736,0.8212628012444535,0.881164955612245,640,"{'decomposition': 'legendre', 'n_filters': 12, 'slowest': 0.08684574748712946, 'learning_rate': 0.0003}",dqn,0,linear,0.0003,,,,,,
RepeatPrevious,filterbank,4,52,,1.0000000000000007,0.0,1.0000000000000004,,59,"{'decomposition': 'legendre', 'n_filters': 12, 'slowest': 0.08684574748712946}",bc,0,linear,,1.0000000000000004,,"[1.0000000000000004, 1.0000000000000004, 1.0000000000000004, 1.0000000000000004, 1.0000000000000004]",1.0000000000000004,0.0,1.0
RepeatPrevious,filterbank,3,52,,1.0000000000000007,0.0,1.0000000000000004,,61,"{'decomposition': 'legendre', 'n_filters': 12, 'slowest': 0.08684574748712946}",bc,0,linear,,1.0000000000000004,,"[1.0000000000000004, 1.0000000000000004, 1.0000000000000004, 1.0000000000000004, 1.0000000000000004]",1.0000000000000004,0.0,1.0
RepeatPrevious,filterbank,1,52,,0.48916668,0.07110734655025175,0.8034141631050135,0.8689413153061224,644,"{'decomposition': 'legendre', 'n_filters': 12, 'slowest': 0.08684574748712946, 'learning_rate': 0.0003}",dqn,0,linear,0.0003,,,,,,
RepeatPrevious,filterbank,5,52,,1.0000000000000007,0.0,0.9983036471586094,,61,"{'decomposition': 'legendre', 'n_filters': 12, 'slowest': 0.08684574748712946}",bc,0,linear,,1.0000000000000004,,"[1.0000000000000004, 1.0000000000000004, 1.0000000000000004, 1.0000000000000004, 1.0000000000000004]",1.0000000000000004,0.0,0.9866666399999999
RepeatPrevious,filterbank,6,52,,1.0000000000000007,0.0,1.0000000000000004,,59,"{'decomposition': 'legendre', 'n_filters': 12, 'slowest': 0.08684574748712946}",bc,0,linear,,1.0000000000000004,,"[1.0000000000000004, 1.0000000000000004, 1.0000000000000004, 1.0000000000000004, 1.0000000000000004]",1.0000000000000004,0.0,1.0
RepeatPrevious,filterbank,7,52,,1.0000000000000007,0.0,1.0000000000000004,,62,"{'decomposition': 'legendre', 'n_filters': 12, 'slowest': 0.08684574748712946}",bc,0,linear,,1.0000000000000004,,"[1.0000000000000004, 1.0000000000000004, 1.0000000000000004, 1.0000000000000004, 1.0000000000000004]",1.0000000000000004,0.0,1.0
RepeatPrevious,filterbank,3,52,,1.0,0.0,0.8189847021471924,0.8711309448979593,643,"{'decomposition': 'legendre', 'n_filters': 12, 'slowest': 0.08684574748712946, 'learning_rate': 0.0003}",dqn,0,linear,0.0003,,,,,,
RepeatPrevious,filterbank,4,52,,0.9974999800000001,0.00989536423481218,0.80202859907176,0.8557610377551021,642,"{'decomposition': 'legendre', 'n_filters': 12, 'slowest': 0.08684574748712946, 'learning_rate': 0.0003}",dqn,0,linear,0.0003,,,,,,
RepeatPrevious,filterbank,2,52,,1.0,0.0,0.8239765399092162,0.8751488040816325,648,"{'decomposition': 'legendre', 'n_filters': 12, 'slowest': 0.08684574748712946, 'learning_rate': 0.0003}",dqn,0,linear,0.0003,,,,,,
RepeatPrevious,filterbank,6,52,,0.9916666,0.016666800000000002,0.8215178105778548,0.8725552602040816,639,"{'decomposition': 'legendre', 'n_filters': 12, 'slowest': 0.08684574748712946, 'learning_rate': 0.0003}",dqn,0,linear,0.0003,,,,,,
RepeatPrevious,filterbank,8,52,,1.0000000000000007,0.0,1.0000000000000004,,60,"{'decomposition': 'legendre', 'n_filters': 12, 'slowest': 0.08684574748712946}",bc,0,linear,,1.0000000000000004,,"[1.0000000000000004, 1.0000000000000004, 1.0000000000000004, 1.0000000000000004, 1.0000000000000004]",1.0000000000000004,0.0,1.0
RepeatPrevious,filterbank,9,52,,1.0000000000000007,0.0,1.0000000000000004,,59,"{'decomposition': 'legendre', 'n_filters': 12, 'slowest': 0.08684574748712946}",bc,0,linear,,1.0000000000000004,,"[1.0000000000000004, 1.0000000000000004, 1.0000000000000004, 1.0000000000000004, 1.0000000000000004]",1.0000000000000004,0.0,1.0
RepeatPrevious,filterbank,7,52,,1.0,0.0,0.8177627746723108,0.8739370581632654,645,"{'decomposition': 'legendre', 'n_filters': 12, 'slowest': 0.08684574748712946, 'learning_rate': 0.0003}",dqn,0,linear,0.0003,,,,,,
RepeatPrevious,filterbank,5,52,,0.9991666599999999,0.005833380000000002,0.8155760589075329,0.8784226122448979,659,"{'decomposition': 'legendre', 'n_filters': 12, 'slowest': 0.08684574748712946, 'learning_rate': 0.0003}",dqn,0,linear,0.0003,,,,,,
RepeatPrevious,filterbank,8,52,,0.9749999399999999,0.034359202229044844,0.8195011008313358,0.8700680122448979,647,"{'decomposition': 'legendre', 'n_filters': 12, 'slowest': 0.08684574748712946, 'learning_rate': 0.0003}",dqn,0,linear,0.0003,,,,,,
RepeatPrevious,filterbank,9,52,,0.90083322,0.06502671049539259,0.799412615698475,0.8692176719387755,651,"{'decomposition': 'legendre', 'n_filters': 12, 'slowest': 0.08684574748712946, 'learning_rate': 0.0003}",dqn,0,linear,0.0003,,,,,,
RepeatPrevious,filterbank,0,52,,0.90249994,0.055031531063349494,0.6112931585658183,0.5983418341836735,654,"{'decomposition': 'legendre', 'n_filters': 12, 'slowest': 0.08684574748712946, 'learning_rate': 0.001}",dqn,0,linear,0.001,,,,,,
RepeatPrevious,filterbank,1,52,,0.4991667,0.06692135143472522,0.5057419988269496,0.5229591862244898,650,"{'decomposition': 'legendre', 'n_filters': 12, 'slowest': 0.08684574748712946, 'learning_rate': 0.001}",dqn,0,linear,0.001,,,,,,
RepeatPrevious,filterbank,3,52,,0.9633332600000002,0.034999939048409784,0.589519472280308,0.5797193816326531,639,"{'decomposition': 'legendre', 'n_filters': 12, 'slowest': 0.08684574748712946, 'learning_rate': 0.001}",dqn,0,linear,0.001,,,,,,
RepeatPrevious,filterbank,5,52,,0.36666666,0.0816496233920549,0.5606267310144336,0.5577168382653062,635,"{'decomposition': 'legendre', 'n_filters': 12, 'slowest': 0.08684574748712946, 'learning_rate': 0.001}",dqn,0,linear,0.001,,,,,,
RepeatPrevious,filterbank,2,52,,0.83250006,0.0586243226926879,0.6247301119498139,0.5603741576530612,649,"{'decomposition': 'legendre', 'n_filters': 12, 'slowest': 0.08684574748712946, 'learning_rate': 0.001}",dqn,0,linear,0.001,,,,,,
RepeatPrevious,filterbank,6,52,,0.76,0.0775314058234468,0.5551014977814046,0.5513818056122449,645,"{'decomposition': 'legendre', 'n_filters': 12, 'slowest': 0.08684574748712946, 'learning_rate': 0.001}",dqn,0,linear,0.001,,,,,,
RepeatPrevious,filterbank,4,52,,0.7533333400000001,0.07399318256937189,0.5051257172438415,0.5044430076530612,652,"{'decomposition': 'legendre', 'n_filters': 12, 'slowest': 0.08684574748712946, 'learning_rate': 0.001}",dqn,0,linear,0.001,,,,,,
RepeatPrevious,filterbank,7,52,,0.89249996,0.05657461405646882,0.5635678564798287,0.552806112755102,651,"{'decomposition': 'legendre', 'n_filters': 12, 'slowest': 0.08684574748712946, 'learning_rate': 0.001}",dqn,0,linear,0.001,,,,,,
RepeatPrevious,filterbank,8,52,,0.18833326,0.11094289251715225,0.5719024686081501,0.5529124102040817,654,"{'decomposition': 'legendre', 'n_filters': 12, 'slowest': 0.08684574748712946, 'learning_rate': 0.001}",dqn,0,linear,0.001,,,,,,
RepeatPrevious,filterbank,9,52,,0.5341667,0.06384115226317583,0.5394119435915744,0.5764455806122448,651,"{'decomposition': 'legendre', 'n_filters': 12, 'slowest': 0.08684574748712946, 'learning_rate': 0.001}",dqn,0,linear,0.001,,,,,,
RepeatPrevious,filterbank,3,52,,0.8058333600000002,0.06487700174661588,0.12662781945223647,0.06398809948979592,640,"{'decomposition': 'legendre', 'n_filters': 12, 'slowest': 0.08684574748712946, 'learning_rate': 0.003}",dqn,0,linear,0.003,,,,,,
RepeatPrevious,filterbank,2,52,,-0.49249998,0.038810583179586466,0.2014799168154231,0.08626700918367347,646,"{'decomposition': 'legendre', 'n_filters': 12, 'slowest': 0.08684574748712946, 'learning_rate': 0.003}",dqn,0,linear,0.003,,,,,,
RepeatPrevious,filterbank,1,52,,-0.14,0.07806692997447766,0.05942393160605906,0.039370754081632646,655,"{'decomposition': 'legendre', 'n_filters': 12, 'slowest': 0.08684574748712946, 'learning_rate': 0.003}",dqn,0,linear,0.003,,,,,,
RepeatPrevious,filterbank,4,52,,-0.09166662,0.10671883203631682,0.05662730815525068,0.041666663775510204,650,"{'decomposition': 'legendre', 'n_filters': 12, 'slowest': 0.08684574748712946, 'learning_rate': 0.003}",dqn,0,linear,0.003,,,,,,
RepeatPrevious,filterbank,0,52,,0.3416667,0.12247452116015804,0.10857729382363442,0.042665804591836734,676,"{'decomposition': 'legendre', 'n_filters': 12, 'slowest': 0.08684574748712946, 'learning_rate': 0.003}",dqn,0,linear,0.003,,,,,,
RepeatPrevious,filterbank,5,52,,-0.07250000000000001,0.09531020698561093,0.08434274957923192,0.07982567755102041,644,"{'decomposition': 'legendre', 'n_filters': 12, 'slowest': 0.08684574748712946, 'learning_rate': 0.003}",dqn,0,linear,0.003,,,,,,
RepeatPrevious,filterbank,6,52,,0.0799999,0.08969078300254713,0.07741070321823838,0.04107142653061224,637,"{'decomposition': 'legendre', 'n_filters': 12, 'slowest': 0.08684574748712946, 'learning_rate': 0.003}",dqn,0,linear,0.003,,,,,,
RepeatPrevious,filterbank,7,52,,-0.31250001999999993,0.08907315189763748,0.1352620655888203,0.0390731306122449,633,"{'decomposition': 'legendre', 'n_filters': 12, 'slowest': 0.08684574748712946, 'learning_rate': 0.003}",dqn,0,linear,0.003,,,,,,
RepeatPrevious,filterbank,8,52,,0.30333322,0.09355626874930188,0.17739413020859895,0.048384358673469394,647,"{'decomposition': 'legendre', 'n_filters': 12, 'slowest': 0.08684574748712946, 'learning_rate': 0.003}",dqn,0,linear,0.003,,,,,,
RepeatPrevious,filterbank,9,52,,-0.42083333999999994,0.049476329358031396,0.08888407211710105,0.045110545918367335,651,"{'decomposition': 'legendre', 'n_filters': 12, 'slowest': 0.08684574748712946, 'learning_rate': 0.003}",dqn,0,linear,0.003,,,,,,
