env,condition,seed,n_features,connections_per_neuron,eval_return_mean,eval_return_std,train_return_mean,train_return_last10%,time_s,params,method,units,arch,learning_rate,skipped,bc_return,greedy_return_mean,best_round,selection_curve,expert_return_mean,best_iteration
CountRecallMedium,filterbank+esn,5,1040,96.27307692307693,-0.58135924,0.11709617485102748,-0.6398869765504475,-0.6126892541152263,1511.0,"{'decomposition': 'legendre', 'n_filters': 12, 'slowest': 0.0056263882716246225, 'input_scaling': 0.06344812061556386, 'bias_dist': 'foldnorm', 'bias_scaling': 0.24743237591527745, 'lr': 0.7604293811879814, 'sr': 1.3687477885807093, 'rc_connectivity': 0.0925705874783593, 'learning_rate': 0.001}",ppo,1000,64x64,0.001,,,,,,,
CountRecallMedium,filterbank+esn,1,1040,96.27307692307693,-0.5436892799999999,0.11600212680223411,-0.600886291370976,-0.5733748878600823,1609.0,"{'decomposition': 'legendre', 'n_filters': 12, 'slowest': 0.0056263882716246225, 'input_scaling': 0.06344812061556386, 'bias_dist': 'foldnorm', 'bias_scaling': 0.24743237591527745, 'lr': 0.7604293811879814, 'sr': 1.3687477885807093, 'rc_connectivity': 0.0925705874783593, 'learning_rate': 0.0003}",ppo,1000,64x64,0.0003,,,,,,,
CountRecallMedium,filterbank+esn,9,1040,96.27307692307693,-0.58368934,0.08685141790543432,-0.6442924925434537,-0.6109113158436213,1620.0,"{'decomposition': 'legendre', 'n_filters': 12, 'slowest': 0.0056263882716246225, 'input_scaling': 0.06344812061556386, 'bias_dist': 'foldnorm', 'bias_scaling': 0.24743237591527745, 'lr': 0.7604293811879814, 'sr': 1.3687477885807093, 'rc_connectivity': 0.0925705874783593, 'learning_rate': 0.001}",ppo,1000,64x64,0.001,,,,,,,
CountRecallMedium,filterbank+esn,8,1040,96.27307692307693,-0.57941754,0.110226126618549,-0.6421776032088862,-0.6081944763374486,1690.0,"{'decomposition': 'legendre', 'n_filters': 12, 'slowest': 0.0056263882716246225, 'input_scaling': 0.06344812061556386, 'bias_dist': 'foldnorm', 'bias_scaling': 0.24743237591527745, 'lr': 0.7604293811879814, 'sr': 1.3687477885807093, 'rc_connectivity': 0.0925705874783593, 'learning_rate': 0.0003}",ppo,1000,64x64,0.0003,,,,,,,
CountRecallMedium,filterbank+hag,6,1040,4.986538461538461,-0.54718452,0.1174357409589159,-0.6134558182659673,-0.5865396049382715,1704.0,"{'decomposition': 'legendre', 'n_filters': 12, 'slowest': 0.029334592739296388, 'input_scaling': 0.049068279099124805, 'bias_dist': 'uniform', 'bias_scaling': 0.46763789100254544, 'lr': 0.2715862958761201, 'weight_increment': 0.1852507853053407, 'min_window': 9, 'max_window': 16, 'use_full_instance': False, 'max_partners': 5, 'homeostasis': 'mean', 'target': 0.91, 'spread': 0.095, 'learning_rate': 0.0003}",ppo,1000,64x64,0.0003,,,,,,,
CountRecallMedium,filterbank+esn,0,1040,96.27307692307693,-0.5390291400000001,0.13696191432818247,-0.6347784785560012,-0.5995644866255144,1727.0,"{'decomposition': 'legendre', 'n_filters': 12, 'slowest': 0.0056263882716246225, 'input_scaling': 0.06344812061556386, 'bias_dist': 'foldnorm', 'bias_scaling': 0.24743237591527745, 'lr': 0.7604293811879814, 'sr': 1.3687477885807093, 'rc_connectivity': 0.0925705874783593, 'learning_rate': 0.001}",ppo,1000,64x64,0.001,,,,,,,
CountRecallMedium,filterbank+esn,7,1040,96.27307692307693,-0.55922332,0.09514559265345716,-0.5925745031368919,-0.5688201594650205,1777.0,"{'decomposition': 'legendre', 'n_filters': 12, 'slowest': 0.0056263882716246225, 'input_scaling': 0.06344812061556386, 'bias_dist': 'foldnorm', 'bias_scaling': 0.24743237591527745, 'lr': 0.7604293811879814, 'sr': 1.3687477885807093, 'rc_connectivity': 0.0925705874783593, 'learning_rate': 0.0003}",ppo,1000,64x64,0.0003,,,,,,,
CountRecallMedium,filterbank+esn,3,1040,96.27307692307693,-0.56699028,0.09554107545721682,-0.6351539283143063,-0.5949498528806584,1782.0,"{'decomposition': 'legendre', 'n_filters': 12, 'slowest': 0.0056263882716246225, 'input_scaling': 0.06344812061556386, 'bias_dist': 'foldnorm', 'bias_scaling': 0.24743237591527745, 'lr': 0.7604293811879814, 'sr': 1.3687477885807093, 'rc_connectivity': 0.0925705874783593, 'learning_rate': 0.0003}",ppo,1000,64x64,0.0003,,,,,,,
CountRecallMedium,filterbank+esn,4,1040,96.27307692307693,-0.58407764,0.08641010540434724,-0.6616829416846652,-0.6159255041152263,1828.0,"{'decomposition': 'legendre', 'n_filters': 12, 'slowest': 0.0056263882716246225, 'input_scaling': 0.06344812061556386, 'bias_dist': 'foldnorm', 'bias_scaling': 0.24743237591527745, 'lr': 0.7604293811879814, 'sr': 1.3687477885807093, 'rc_connectivity': 0.0925705874783593, 'learning_rate': 0.001}",ppo,1000,64x64,0.001,,,,,,,
CountRecallMedium,filterbank+esn,2,1040,96.27307692307693,-0.5646602000000001,0.11442077920884826,-0.6537466013576057,-0.6130088724279835,1852.0,"{'decomposition': 'legendre', 'n_filters': 12, 'slowest': 0.0056263882716246225, 'input_scaling': 0.06344812061556386, 'bias_dist': 'foldnorm', 'bias_scaling': 0.24743237591527745, 'lr': 0.7604293811879814, 'sr': 1.3687477885807093, 'rc_connectivity': 0.0925705874783593, 'learning_rate': 0.001}",ppo,1000,64x64,0.001,,,,,,,
CountRecallMedium,filterbank+esn,1,1040,96.27307692307693,-0.5735922800000001,0.10866567823577783,-0.6299535680345573,-0.602880640946502,1861.0,"{'decomposition': 'legendre', 'n_filters': 12, 'slowest': 0.0056263882716246225, 'input_scaling': 0.06344812061556386, 'bias_dist': 'foldnorm', 'bias_scaling': 0.24743237591527745, 'lr': 0.7604293811879814, 'sr': 1.3687477885807093, 'rc_connectivity': 0.0925705874783593, 'learning_rate': 0.001}",ppo,1000,64x64,0.001,,,,,,,
CountRecallMedium,filterbank+esn,9,1040,96.27307692307693,-0.5394175,0.09083050716191118,-0.6059668180602694,-0.567961160493827,1882.0,"{'decomposition': 'legendre', 'n_filters': 12, 'slowest': 0.0056263882716246225, 'input_scaling': 0.06344812061556386, 'bias_dist': 'foldnorm', 'bias_scaling': 0.24743237591527745, 'lr': 0.7604293811879814, 'sr': 1.3687477885807093, 'rc_connectivity': 0.0925705874783593, 'learning_rate': 0.0003}",ppo,1000,64x64,0.0003,,,,,,,
CountRecallMedium,filterbank+esn,3,1040,96.27307692307693,-0.6256309999999999,0.09280165992955083,-0.679544685590867,-0.6389387674897119,1864.0,"{'decomposition': 'legendre', 'n_filters': 12, 'slowest': 0.0056263882716246225, 'input_scaling': 0.06344812061556386, 'bias_dist': 'foldnorm', 'bias_scaling': 0.24743237591527745, 'lr': 0.7604293811879814, 'sr': 1.3687477885807093, 'rc_connectivity': 0.0925705874783593, 'learning_rate': 0.003}",ppo,1000,64x64,0.003,,,,,,,
CountRecallMedium,filterbank+esn,2,1040,96.27307692307693,-0.55456308,0.10233651490681907,-0.6326815691658954,-0.593251809670782,1893.0,"{'decomposition': 'legendre', 'n_filters': 12, 'slowest': 0.0056263882716246225, 'input_scaling': 0.06344812061556386, 'bias_dist': 'foldnorm', 'bias_scaling': 0.24743237591527745, 'lr': 0.7604293811879814, 'sr': 1.3687477885807093, 'rc_connectivity': 0.0925705874783593, 'learning_rate': 0.0003}",ppo,1000,64x64,0.0003,,,,,,,
CountRecallMedium,filterbank+esn,2,1040,96.27307692307693,-0.58485426,0.11017695528880984,-0.6743083815694745,-0.6226177139917696,1875.0,"{'decomposition': 'legendre', 'n_filters': 12, 'slowest': 0.0056263882716246225, 'input_scaling': 0.06344812061556386, 'bias_dist': 'foldnorm', 'bias_scaling': 0.24743237591527745, 'lr': 0.7604293811879814, 'sr': 1.3687477885807093, 'rc_connectivity': 0.0925705874783593, 'learning_rate': 0.003}",ppo,1000,64x64,0.003,,,,,,,
CountRecallMedium,filterbank+esn,0,1040,96.27307692307693,-0.54446606,0.131650508495852,-0.5966764741334979,-0.5697191244855967,1920.0,"{'decomposition': 'legendre', 'n_filters': 12, 'slowest': 0.0056263882716246225, 'input_scaling': 0.06344812061556386, 'bias_dist': 'foldnorm', 'bias_scaling': 0.24743237591527745, 'lr': 0.7604293811879814, 'sr': 1.3687477885807093, 'rc_connectivity': 0.0925705874783593, 'learning_rate': 0.0003}",ppo,1000,64x64,0.0003,,,,,,,
CountRecallMedium,filterbank+esn,7,1040,96.27307692307693,-0.5619417200000001,0.11363185366578159,-0.6300494265144503,-0.5980462458847736,1922.0,"{'decomposition': 'legendre', 'n_filters': 12, 'slowest': 0.0056263882716246225, 'input_scaling': 0.06344812061556386, 'bias_dist': 'foldnorm', 'bias_scaling': 0.24743237591527745, 'lr': 0.7604293811879814, 'sr': 1.3687477885807093, 'rc_connectivity': 0.0925705874783593, 'learning_rate': 0.001}",ppo,1000,64x64,0.001,,,,,,,
CountRecallMedium,filterbank+esn,4,1040,96.27307692307693,-0.6190291,0.0858673503572225,-0.6996311770029827,-0.657956700617284,1913.0,"{'decomposition': 'legendre', 'n_filters': 12, 'slowest': 0.0056263882716246225, 'input_scaling': 0.06344812061556386, 'bias_dist': 'foldnorm', 'bias_scaling': 0.24743237591527745, 'lr': 0.7604293811879814, 'sr': 1.3687477885807093, 'rc_connectivity': 0.0925705874783593, 'learning_rate': 0.003}",ppo,1000,64x64,0.003,,,,,,,
CountRecallMedium,filterbank+esn,7,1040,96.27307692307693,-0.5619417600000001,0.1027593606131451,-0.674945452226679,-0.6190418621399176,1915.0,"{'decomposition': 'legendre', 'n_filters': 12, 'slowest': 0.0056263882716246225, 'input_scaling': 0.06344812061556386, 'bias_dist': 'foldnorm', 'bias_scaling': 0.24743237591527745, 'lr': 0.7604293811879814, 'sr': 1.3687477885807093, 'rc_connectivity': 0.0925705874783593, 'learning_rate': 0.003}",ppo,1000,64x64,0.003,,,,,,,
CountRecallMedium,filterbank+esn,5,1040,96.27307692307693,-0.5825242799999999,0.10530285853803589,-0.6178513550344544,-0.5852810617283951,1937.0,"{'decomposition': 'legendre', 'n_filters': 12, 'slowest': 0.0056263882716246225, 'input_scaling': 0.06344812061556386, 'bias_dist': 'foldnorm', 'bias_scaling': 0.24743237591527745, 'lr': 0.7604293811879814, 'sr': 1.3687477885807093, 'rc_connectivity': 0.0925705874783593, 'learning_rate': 0.0003}",ppo,1000,64x64,0.0003,,,,,,,
CountRecallMedium,filterbank+esn,1,1040,96.27307692307693,-0.55611654,0.11520365219596294,-0.6589349738763756,-0.6296495524691358,1921.0,"{'decomposition': 'legendre', 'n_filters': 12, 'slowest': 0.0056263882716246225, 'input_scaling': 0.06344812061556386, 'bias_dist': 'foldnorm', 'bias_scaling': 0.24743237591527745, 'lr': 0.7604293811879814, 'sr': 1.3687477885807093, 'rc_connectivity': 0.0925705874783593, 'learning_rate': 0.003}",ppo,1000,64x64,0.003,,,,,,,
CountRecallMedium,filterbank+esn,7,1040,96.27307692307693,-0.8730098199999999,0.06018921811277831,-0.8624281687750694,-0.8799393703703704,1921.0,"{'decomposition': 'legendre', 'n_filters': 12, 'slowest': 0.0056263882716246225, 'input_scaling': 0.06344812061556386, 'bias_dist': 'foldnorm', 'bias_scaling': 0.24743237591527745, 'lr': 0.7604293811879814, 'sr': 1.3687477885807093, 'rc_connectivity': 0.0925705874783593, 'learning_rate': 0.01}",ppo,1000,64x64,0.01,,,,,,,
CountRecallMedium,filterbank+esn,4,1040,96.27307692307693,-0.9324273400000002,0.037499418488083254,-0.8657752562994959,-0.9295618508230453,1921.0,"{'decomposition': 'legendre', 'n_filters': 12, 'slowest': 0.0056263882716246225, 'input_scaling': 0.06344812061556386, 'bias_dist': 'foldnorm', 'bias_scaling': 0.24743237591527745, 'lr': 0.7604293811879814, 'sr': 1.3687477885807093, 'rc_connectivity': 0.0925705874783593, 'learning_rate': 0.01}",ppo,1000,64x64,0.01,,,,,,,
CountRecallMedium,filterbank+esn,6,1040,96.27307692307693,-0.5937863999999999,0.08803109191234652,-0.6431761347320786,-0.6124295504115226,1943.0,"{'decomposition': 'legendre', 'n_filters': 12, 'slowest': 0.0056263882716246225, 'input_scaling': 0.06344812061556386, 'bias_dist': 'foldnorm', 'bias_scaling': 0.24743237591527745, 'lr': 0.7604293811879814, 'sr': 1.3687477885807093, 'rc_connectivity': 0.0925705874783593, 'learning_rate': 0.001}",ppo,1000,64x64,0.001,,,,,,,
CountRecallMedium,filterbank+esn,9,1040,96.27307692307693,-0.61165046,0.08752945836533207,-0.6600753009359251,-0.6264332932098765,1938.0,"{'decomposition': 'legendre', 'n_filters': 12, 'slowest': 0.0056263882716246225, 'input_scaling': 0.06344812061556386, 'bias_dist': 'foldnorm', 'bias_scaling': 0.24743237591527745, 'lr': 0.7604293811879814, 'sr': 1.3687477885807093, 'rc_connectivity': 0.0925705874783593, 'learning_rate': 0.003}",ppo,1000,64x64,0.003,,,,,,,
CountRecallMedium,filterbank+hag,2,1040,4.973076923076923,-0.5782523799999999,0.10471320843501836,-0.6648482864342281,-0.6308681543209875,1942.0,"{'decomposition': 'legendre', 'n_filters': 12, 'slowest': 0.029334592739296388, 'input_scaling': 0.049068279099124805, 'bias_dist': 'uniform', 'bias_scaling': 0.46763789100254544, 'lr': 0.2715862958761201, 'weight_increment': 0.1852507853053407, 'min_window': 9, 'max_window': 16, 'use_full_instance': False, 'max_partners': 5, 'homeostasis': 'mean', 'target': 0.91, 'spread': 0.095, 'learning_rate': 0.0003}",ppo,1000,64x64,0.0003,,,,,,,
CountRecallMedium,filterbank+esn,0,1040,96.27307692307693,-0.5763107000000001,0.11132088864094646,-0.675099229661627,-0.6177633744855967,1943.0,"{'decomposition': 'legendre', 'n_filters': 12, 'slowest': 0.0056263882716246225, 'input_scaling': 0.06344812061556386, 'bias_dist': 'foldnorm', 'bias_scaling': 0.24743237591527745, 'lr': 0.7604293811879814, 'sr': 1.3687477885807093, 'rc_connectivity': 0.0925705874783593, 'learning_rate': 0.003}",ppo,1000,64x64,0.003,,,,,,,
CountRecallMedium,filterbank+esn,8,1040,96.27307692307693,-0.6365047800000001,0.10297040368150258,-0.6753129007507971,-0.6537216244855967,1944.0,"{'decomposition': 'legendre', 'n_filters': 12, 'slowest': 0.0056263882716246225, 'input_scaling': 0.06344812061556386, 'bias_dist': 'foldnorm', 'bias_scaling': 0.24743237591527745, 'lr': 0.7604293811879814, 'sr': 1.3687477885807093, 'rc_connectivity': 0.0925705874783593, 'learning_rate': 0.003}",ppo,1000,64x64,0.003,,,,,,,
CountRecallMedium,filterbank+esn,4,1040,96.27307692307693,-0.58485436,0.09527545094467094,-0.639335782371696,-0.5929122026748971,1967.0,"{'decomposition': 'legendre', 'n_filters': 12, 'slowest': 0.0056263882716246225, 'input_scaling': 0.06344812061556386, 'bias_dist': 'foldnorm', 'bias_scaling': 0.24743237591527745, 'lr': 0.7604293811879814, 'sr': 1.3687477885807093, 'rc_connectivity': 0.0925705874783593, 'learning_rate': 0.0003}",ppo,1000,64x64,0.0003,,,,,,,
CountRecallMedium,filterbank+esn,3,1040,96.27307692307693,-0.92466038,0.03421896260256293,-0.9049098178545718,-0.9258062119341564,1969.0,"{'decomposition': 'legendre', 'n_filters': 12, 'slowest': 0.0056263882716246225, 'input_scaling': 0.06344812061556386, 'bias_dist': 'foldnorm', 'bias_scaling': 0.24743237591527745, 'lr': 0.7604293811879814, 'sr': 1.3687477885807093, 'rc_connectivity': 0.0925705874783593, 'learning_rate': 0.01}",ppo,1000,64x64,0.01,,,,,,,
CountRecallMedium,filterbank+esn,5,1040,96.27307692307693,-0.9161166399999999,0.03793928063143001,-0.8780192909595804,-0.9242680102880658,1972.0,"{'decomposition': 'legendre', 'n_filters': 12, 'slowest': 0.0056263882716246225, 'input_scaling': 0.06344812061556386, 'bias_dist': 'foldnorm', 'bias_scaling': 0.24743237591527745, 'lr': 0.7604293811879814, 'sr': 1.3687477885807093, 'rc_connectivity': 0.0925705874783593, 'learning_rate': 0.01}",ppo,1000,64x64,0.01,,,,,,,
CountRecallMedium,filterbank+esn,5,1040,96.27307692307693,-0.6621358,0.09376841396099223,-0.6672128145634064,-0.6122097932098765,1977.0,"{'decomposition': 'legendre', 'n_filters': 12, 'slowest': 0.0056263882716246225, 'input_scaling': 0.06344812061556386, 'bias_dist': 'foldnorm', 'bias_scaling': 0.24743237591527745, 'lr': 0.7604293811879814, 'sr': 1.3687477885807093, 'rc_connectivity': 0.0925705874783593, 'learning_rate': 0.003}",ppo,1000,64x64,0.003,,,,,,,
CountRecallMedium,filterbank+esn,1,1040,96.27307692307693,-0.9390293599999999,0.03622492792912639,-0.8969515015941583,-0.94452454218107,1978.0,"{'decomposition': 'legendre', 'n_filters': 12, 'slowest': 0.0056263882716246225, 'input_scaling': 0.06344812061556386, 'bias_dist': 'foldnorm', 'bias_scaling': 0.24743237591527745, 'lr': 0.7604293811879814, 'sr': 1.3687477885807093, 'rc_connectivity': 0.0925705874783593, 'learning_rate': 0.01}",ppo,1000,64x64,0.01,,,,,,,
CountRecallMedium,filterbank+esn,8,1040,96.27307692307693,-0.6066020000000001,0.09391387097122555,-0.6516536795227811,-0.6200407139917695,2000.0,"{'decomposition': 'legendre', 'n_filters': 12, 'slowest': 0.0056263882716246225, 'input_scaling': 0.06344812061556386, 'bias_dist': 'foldnorm', 'bias_scaling': 0.24743237591527745, 'lr': 0.7604293811879814, 'sr': 1.3687477885807093, 'rc_connectivity': 0.0925705874783593, 'learning_rate': 0.001}",ppo,1000,64x64,0.001,,,,,,,
CountRecallMedium,filterbank+hag,3,1040,4.9653846153846155,-0.53592236,0.10320523794609651,-0.6112670285919984,-0.5826440956790123,1987.0,"{'decomposition': 'legendre', 'n_filters': 12, 'slowest': 0.029334592739296388, 'input_scaling': 0.049068279099124805, 'bias_dist': 'uniform', 'bias_scaling': 0.46763789100254544, 'lr': 0.2715862958761201, 'weight_increment': 0.1852507853053407, 'min_window': 9, 'max_window': 16, 'use_full_instance': False, 'max_partners': 5, 'homeostasis': 'mean', 'target': 0.91, 'spread': 0.095, 'learning_rate': 0.0003}",ppo,1000,64x64,0.0003,,,,,,,
CountRecallMedium,filterbank+esn,8,1040,96.27307692307693,-0.91922344,0.049331127151996036,-0.9102180297233363,-0.9228896131687243,1987.0,"{'decomposition': 'legendre', 'n_filters': 12, 'slowest': 0.0056263882716246225, 'input_scaling': 0.06344812061556386, 'bias_dist': 'foldnorm', 'bias_scaling': 0.24743237591527745, 'lr': 0.7604293811879814, 'sr': 1.3687477885807093, 'rc_connectivity': 0.0925705874783593, 'learning_rate': 0.01}",ppo,1000,64x64,0.01,,,,,,,
CountRecallMedium,filterbank+esn,2,1040,96.27307692307693,-0.75223298,0.0722956972856587,-0.8176498952998046,-0.7726437181069958,1988.0,"{'decomposition': 'legendre', 'n_filters': 12, 'slowest': 0.0056263882716246225, 'input_scaling': 0.06344812061556386, 'bias_dist': 'foldnorm', 'bias_scaling': 0.24743237591527745, 'lr': 0.7604293811879814, 'sr': 1.3687477885807093, 'rc_connectivity': 0.0925705874783593, 'learning_rate': 0.01}",ppo,1000,64x64,0.01,,,,,,,
CountRecallMedium,filterbank+hag,7,1040,4.977884615384616,-0.58330098,0.10023697372317063,-0.6275171493366245,-0.6118502201646091,1996.0,"{'decomposition': 'legendre', 'n_filters': 12, 'slowest': 0.029334592739296388, 'input_scaling': 0.049068279099124805, 'bias_dist': 'uniform', 'bias_scaling': 0.46763789100254544, 'lr': 0.2715862958761201, 'weight_increment': 0.1852507853053407, 'min_window': 9, 'max_window': 16, 'use_full_instance': False, 'max_partners': 5, 'homeostasis': 'mean', 'target': 0.91, 'spread': 0.095, 'learning_rate': 0.0003}",ppo,1000,64x64,0.0003,,,,,,,
CountRecallMedium,filterbank+esn,9,1040,96.27307692307693,-0.9269904600000001,0.04138429828773711,-0.8921365627892626,-0.9230294372427983,2006.0,"{'decomposition': 'legendre', 'n_filters': 12, 'slowest': 0.0056263882716246225, 'input_scaling': 0.06344812061556386, 'bias_dist': 'foldnorm', 'bias_scaling': 0.24743237591527745, 'lr': 0.7604293811879814, 'sr': 1.3687477885807093, 'rc_connectivity': 0.0925705874783593, 'learning_rate': 0.01}",ppo,1000,64x64,0.01,,,,,,,
CountRecallMedium,filterbank+esn,6,1040,96.27307692307693,-0.9254370599999998,0.03732205118072158,-0.8938760152216394,-0.9243878693415638,2022.0,"{'decomposition': 'legendre', 'n_filters': 12, 'slowest': 0.0056263882716246225, 'input_scaling': 0.06344812061556386, 'bias_dist': 'foldnorm', 'bias_scaling': 0.24743237591527745, 'lr': 0.7604293811879814, 'sr': 1.3687477885807093, 'rc_connectivity': 0.0925705874783593, 'learning_rate': 0.01}",ppo,1000,64x64,0.01,,,,,,,
CountRecallMedium,filterbank+hag,1,1040,4.9788461538461535,-0.56271846,0.10458357502709686,-0.6061185954952175,-0.5820847685185185,2026.0,"{'decomposition': 'legendre', 'n_filters': 12, 'slowest': 0.029334592739296388, 'input_scaling': 0.049068279099124805, 'bias_dist': 'uniform', 'bias_scaling': 0.46763789100254544, 'lr': 0.2715862958761201, 'weight_increment': 0.1852507853053407, 'min_window': 9, 'max_window': 16, 'use_full_instance': False, 'max_partners': 5, 'homeostasis': 'mean', 'target': 0.91, 'spread': 0.095, 'learning_rate': 0.0003}",ppo,1000,64x64,0.0003,,,,,,,
CountRecallMedium,filterbank+esn,6,1040,96.27307692307693,-0.5836893599999999,0.10867952577827343,-0.6601591782371695,-0.6108513786008232,2032.0,"{'decomposition': 'legendre', 'n_filters': 12, 'slowest': 0.0056263882716246225, 'input_scaling': 0.06344812061556386, 'bias_dist': 'foldnorm', 'bias_scaling': 0.24743237591527745, 'lr': 0.7604293811879814, 'sr': 1.3687477885807093, 'rc_connectivity': 0.0925705874783593, 'learning_rate': 0.003}",ppo,1000,64x64,0.003,,,,,,,
CountRecallMedium,filterbank+esn,6,1040,96.27307692307693,-0.57669902,0.09440960805458098,-0.6260592948678392,-0.5960086100823045,2057.0,"{'decomposition': 'legendre', 'n_filters': 12, 'slowest': 0.0056263882716246225, 'input_scaling': 0.06344812061556386, 'bias_dist': 'foldnorm', 'bias_scaling': 0.24743237591527745, 'lr': 0.7604293811879814, 'sr': 1.3687477885807093, 'rc_connectivity': 0.0925705874783593, 'learning_rate': 0.0003}",ppo,1000,64x64,0.0003,,,,,,,
CountRecallMedium,filterbank+hag,4,1040,4.957692307692308,-0.6586407,0.10521979784474973,-0.7033756720148102,-0.6762554413580247,2037.0,"{'decomposition': 'legendre', 'n_filters': 12, 'slowest': 0.029334592739296388, 'input_scaling': 0.049068279099124805, 'bias_dist': 'uniform', 'bias_scaling': 0.46763789100254544, 'lr': 0.2715862958761201, 'weight_increment': 0.1852507853053407, 'min_window': 9, 'max_window': 16, 'use_full_instance': False, 'max_partners': 5, 'homeostasis': 'mean', 'target': 0.91, 'spread': 0.095, 'learning_rate': 0.0003}",ppo,1000,64x64,0.0003,,,,,,,
CountRecallMedium,filterbank+hag,5,1040,4.9875,-0.5992232599999999,0.1138704915468112,-0.6680316125681374,-0.642774348765432,2052.0,"{'decomposition': 'legendre', 'n_filters': 12, 'slowest': 0.029334592739296388, 'input_scaling': 0.049068279099124805, 'bias_dist': 'uniform', 'bias_scaling': 0.46763789100254544, 'lr': 0.2715862958761201, 'weight_increment': 0.1852507853053407, 'min_window': 9, 'max_window': 16, 'use_full_instance': False, 'max_partners': 5, 'homeostasis': 'mean', 'target': 0.91, 'spread': 0.095, 'learning_rate': 0.0003}",ppo,1000,64x64,0.0003,,,,,,,
CountRecallMedium,filterbank+hag,0,1040,4.954807692307693,-0.52543688,0.1098527946411269,-0.6123774052247248,-0.5835231069958848,2063.0,"{'decomposition': 'legendre', 'n_filters': 12, 'slowest': 0.029334592739296388, 'input_scaling': 0.049068279099124805, 'bias_dist': 'uniform', 'bias_scaling': 0.46763789100254544, 'lr': 0.2715862958761201, 'weight_increment': 0.1852507853053407, 'min_window': 9, 'max_window': 16, 'use_full_instance': False, 'max_partners': 5, 'homeostasis': 'mean', 'target': 0.91, 'spread': 0.095, 'learning_rate': 0.0003}",ppo,1000,64x64,0.0003,,,,,,,
CountRecallMedium,filterbank+esn,0,1040,96.27307692307693,-0.9223302000000001,0.03844470879015733,-0.9173335870616063,-0.9226498888888889,2073.0,"{'decomposition': 'legendre', 'n_filters': 12, 'slowest': 0.0056263882716246225, 'input_scaling': 0.06344812061556386, 'bias_dist': 'foldnorm', 'bias_scaling': 0.24743237591527745, 'lr': 0.7604293811879814, 'sr': 1.3687477885807093, 'rc_connectivity': 0.0925705874783593, 'learning_rate': 0.01}",ppo,1000,64x64,0.01,,,,,,,
CountRecallMedium,filterbank+esn,3,1040,96.27307692307693,-0.58718444,0.09644906504744565,-0.6555619216291269,-0.6385991769547325,2110.0,"{'decomposition': 'legendre', 'n_filters': 12, 'slowest': 0.0056263882716246225, 'input_scaling': 0.06344812061556386, 'bias_dist': 'foldnorm', 'bias_scaling': 0.24743237591527745, 'lr': 0.7604293811879814, 'sr': 1.3687477885807093, 'rc_connectivity': 0.0925705874783593, 'learning_rate': 0.001}",ppo,1000,64x64,0.001,,,,,,,
CountRecallMedium,filterbank+hag,8,1040,4.966346153846154,-0.55805828,0.09045782586068273,-0.6199642517741437,-0.5866394897119341,1687.0,"{'decomposition': 'legendre', 'n_filters': 12, 'slowest': 0.029334592739296388, 'input_scaling': 0.049068279099124805, 'bias_dist': 'uniform', 'bias_scaling': 0.46763789100254544, 'lr': 0.2715862958761201, 'weight_increment': 0.1852507853053407, 'min_window': 9, 'max_window': 16, 'use_full_instance': False, 'max_partners': 5, 'homeostasis': 'mean', 'target': 0.91, 'spread': 0.095, 'learning_rate': 0.0003}",ppo,1000,64x64,0.0003,,,,,,,
CountRecallMedium,filterbank+hag,5,1040,4.9875,-0.7592232800000001,0.06815508343976698,-0.7969382973362131,-0.7905429681069958,1632.0,"{'decomposition': 'legendre', 'n_filters': 12, 'slowest': 0.029334592739296388, 'input_scaling': 0.049068279099124805, 'bias_dist': 'uniform', 'bias_scaling': 0.46763789100254544, 'lr': 0.2715862958761201, 'weight_increment': 0.1852507853053407, 'min_window': 9, 'max_window': 16, 'use_full_instance': False, 'max_partners': 5, 'homeostasis': 'mean', 'target': 0.91, 'spread': 0.095, 'learning_rate': 0.001}",ppo,1000,64x64,0.001,,,,,,,
CountRecallMedium,filterbank+hag,9,1040,4.9490384615384615,-0.5584466199999999,0.09929974680710722,-0.6202418458294765,-0.5914339320987653,1863.0,"{'decomposition': 'legendre', 'n_filters': 12, 'slowest': 0.029334592739296388, 'input_scaling': 0.049068279099124805, 'bias_dist': 'uniform', 'bias_scaling': 0.46763789100254544, 'lr': 0.2715862958761201, 'weight_increment': 0.1852507853053407, 'min_window': 9, 'max_window': 16, 'use_full_instance': False, 'max_partners': 5, 'homeostasis': 'mean', 'target': 0.91, 'spread': 0.095, 'learning_rate': 0.0003}",ppo,1000,64x64,0.0003,,,,,,,
CountRecallMedium,filterbank+hag,0,1040,4.954807692307693,-0.6275727,0.09494244851387602,-0.6992237670472076,-0.6692435864197531,1903.0,"{'decomposition': 'legendre', 'n_filters': 12, 'slowest': 0.029334592739296388, 'input_scaling': 0.049068279099124805, 'bias_dist': 'uniform', 'bias_scaling': 0.46763789100254544, 'lr': 0.2715862958761201, 'weight_increment': 0.1852507853053407, 'min_window': 9, 'max_window': 16, 'use_full_instance': False, 'max_partners': 5, 'homeostasis': 'mean', 'target': 0.91, 'spread': 0.095, 'learning_rate': 0.001}",ppo,1000,64x64,0.001,,,,,,,
CountRecallMedium,filterbank+hag,1,1040,4.9788461538461535,-0.66058248,0.07267840491266714,-0.7085580665432479,-0.6816891594650206,1850.0,"{'decomposition': 'legendre', 'n_filters': 12, 'slowest': 0.029334592739296388, 'input_scaling': 0.049068279099124805, 'bias_dist': 'uniform', 'bias_scaling': 0.46763789100254544, 'lr': 0.2715862958761201, 'weight_increment': 0.1852507853053407, 'min_window': 9, 'max_window': 16, 'use_full_instance': False, 'max_partners': 5, 'homeostasis': 'mean', 'target': 0.91, 'spread': 0.095, 'learning_rate': 0.001}",ppo,1000,64x64,0.001,,,,,,,
CountRecallMedium,filterbank+proj,1,1040,0.0,-0.9289321999999999,0.03875919025676363,-0.9242594177722925,-0.9246875174897119,1592.0,"{'decomposition': 'legendre', 'n_filters': 12, 'slowest': 0.029334592739296388, 'input_scaling': 0.049068279099124805, 'bias_dist': 'uniform', 'bias_scaling': 0.46763789100254544, 'lr': 0.2715862958761201, 'weight_increment': 0.1852507853053407, 'min_window': 9, 'max_window': 16, 'use_full_instance': False, 'max_partners': 5, 'homeostasis': 'mean', 'target': 0.91, 'spread': 0.095, 'learning_rate': 0.0003}",ppo,1000,64x64,0.0003,,,,,,,
CountRecallMedium,filterbank+hag,3,1040,4.9653846153846155,-0.62796114,0.08935071150002333,-0.7003980463848606,-0.6931558806584361,1869.0,"{'decomposition': 'legendre', 'n_filters': 12, 'slowest': 0.029334592739296388, 'input_scaling': 0.049068279099124805, 'bias_dist': 'uniform', 'bias_scaling': 0.46763789100254544, 'lr': 0.2715862958761201, 'weight_increment': 0.1852507853053407, 'min_window': 9, 'max_window': 16, 'use_full_instance': False, 'max_partners': 5, 'homeostasis': 'mean', 'target': 0.91, 'spread': 0.095, 'learning_rate': 0.001}",ppo,1000,64x64,0.001,,,,,,,
CountRecallMedium,filterbank+hag,4,1040,4.957692307692308,-0.7720388200000001,0.08479997132327109,-0.7653446741746375,-0.7553637469135801,1879.0,"{'decomposition': 'legendre', 'n_filters': 12, 'slowest': 0.029334592739296388, 'input_scaling': 0.049068279099124805, 'bias_dist': 'uniform', 'bias_scaling': 0.46763789100254544, 'lr': 0.2715862958761201, 'weight_increment': 0.1852507853053407, 'min_window': 9, 'max_window': 16, 'use_full_instance': False, 'max_partners': 5, 'homeostasis': 'mean', 'target': 0.91, 'spread': 0.095, 'learning_rate': 0.001}",ppo,1000,64x64,0.001,,,,,,,
CountRecallMedium,filterbank+hag,2,1040,4.973076923076923,-0.74407764,0.07616902013883596,-0.7742076656381776,-0.7394022397119342,1931.0,"{'decomposition': 'legendre', 'n_filters': 12, 'slowest': 0.029334592739296388, 'input_scaling': 0.049068279099124805, 'bias_dist': 'uniform', 'bias_scaling': 0.46763789100254544, 'lr': 0.2715862958761201, 'weight_increment': 0.1852507853053407, 'min_window': 9, 'max_window': 16, 'use_full_instance': False, 'max_partners': 5, 'homeostasis': 'mean', 'target': 0.91, 'spread': 0.095, 'learning_rate': 0.001}",ppo,1000,64x64,0.001,,,,,,,
CountRecallMedium,filterbank+hag,7,1040,4.977884615384616,-0.8427185000000001,0.055501442875388385,-0.8463637466831226,-0.8429422386831277,1778.0,"{'decomposition': 'legendre', 'n_filters': 12, 'slowest': 0.029334592739296388, 'input_scaling': 0.049068279099124805, 'bias_dist': 'uniform', 'bias_scaling': 0.46763789100254544, 'lr': 0.2715862958761201, 'weight_increment': 0.1852507853053407, 'min_window': 9, 'max_window': 16, 'use_full_instance': False, 'max_partners': 5, 'homeostasis': 'mean', 'target': 0.91, 'spread': 0.095, 'learning_rate': 0.003}",ppo,1000,64x64,0.003,,,,,,,
CountRecallMedium,filterbank+hag,8,1040,4.966346153846154,-0.7549514,0.062485733416836824,-0.762025542939422,-0.7807143590534978,1884.0,"{'decomposition': 'legendre', 'n_filters': 12, 'slowest': 0.029334592739296388, 'input_scaling': 0.049068279099124805, 'bias_dist': 'uniform', 'bias_scaling': 0.46763789100254544, 'lr': 0.2715862958761201, 'weight_increment': 0.1852507853053407, 'min_window': 9, 'max_window': 16, 'use_full_instance': False, 'max_partners': 5, 'homeostasis': 'mean', 'target': 0.91, 'spread': 0.095, 'learning_rate': 0.001}",ppo,1000,64x64,0.001,,,,,,,
CountRecallMedium,filterbank+hag,6,1040,4.986538461538461,-0.82796118,0.06321990897769152,-0.836430331276355,-0.8268009598765432,1843.0,"{'decomposition': 'legendre', 'n_filters': 12, 'slowest': 0.029334592739296388, 'input_scaling': 0.049068279099124805, 'bias_dist': 'uniform', 'bias_scaling': 0.46763789100254544, 'lr': 0.2715862958761201, 'weight_increment': 0.1852507853053407, 'min_window': 9, 'max_window': 16, 'use_full_instance': False, 'max_partners': 5, 'homeostasis': 'mean', 'target': 0.91, 'spread': 0.095, 'learning_rate': 0.003}",ppo,1000,64x64,0.003,,,,,,,
CountRecallMedium,filterbank+hag,7,1040,4.977884615384616,-0.67650482,0.0752646953782954,-0.7306356359148412,-0.7030643652263374,1927.0,"{'decomposition': 'legendre', 'n_filters': 12, 'slowest': 0.029334592739296388, 'input_scaling': 0.049068279099124805, 'bias_dist': 'uniform', 'bias_scaling': 0.46763789100254544, 'lr': 0.2715862958761201, 'weight_increment': 0.1852507853053407, 'min_window': 9, 'max_window': 16, 'use_full_instance': False, 'max_partners': 5, 'homeostasis': 'mean', 'target': 0.91, 'spread': 0.095, 'learning_rate': 0.001}",ppo,1000,64x64,0.001,,,,,,,
CountRecallMedium,filterbank+hag,9,1040,4.9490384615384615,-0.8108738,0.05193008567449123,-0.8324501715519901,-0.8168924125514403,1845.0,"{'decomposition': 'legendre', 'n_filters': 12, 'slowest': 0.029334592739296388, 'input_scaling': 0.049068279099124805, 'bias_dist': 'uniform', 'bias_scaling': 0.46763789100254544, 'lr': 0.2715862958761201, 'weight_increment': 0.1852507853053407, 'min_window': 9, 'max_window': 16, 'use_full_instance': False, 'max_partners': 5, 'homeostasis': 'mean', 'target': 0.91, 'spread': 0.095, 'learning_rate': 0.003}",ppo,1000,64x64,0.003,,,,,,,
CountRecallMedium,filterbank+hag,1,1040,4.9788461538461535,-0.91922344,0.04416961007623228,-0.9246728153861975,-0.9239683518518519,1858.0,"{'decomposition': 'legendre', 'n_filters': 12, 'slowest': 0.029334592739296388, 'input_scaling': 0.049068279099124805, 'bias_dist': 'uniform', 'bias_scaling': 0.46763789100254544, 'lr': 0.2715862958761201, 'weight_increment': 0.1852507853053407, 'min_window': 9, 'max_window': 16, 'use_full_instance': False, 'max_partners': 5, 'homeostasis': 'mean', 'target': 0.91, 'spread': 0.095, 'learning_rate': 0.01}",ppo,1000,64x64,0.01,,,,,,,
CountRecallMedium,filterbank+hag,6,1040,4.986538461538461,-0.9409710400000002,0.04090777667923791,-0.9430318605368714,-0.9446444002057612,1838.0,"{'decomposition': 'legendre', 'n_filters': 12, 'slowest': 0.029334592739296388, 'input_scaling': 0.049068279099124805, 'bias_dist': 'uniform', 'bias_scaling': 0.46763789100254544, 'lr': 0.2715862958761201, 'weight_increment': 0.1852507853053407, 'min_window': 9, 'max_window': 16, 'use_full_instance': False, 'max_partners': 5, 'homeostasis': 'mean', 'target': 0.91, 'spread': 0.095, 'learning_rate': 0.01}",ppo,1000,64x64,0.01,,,,,,,
CountRecallMedium,filterbank+hag,6,1040,4.986538461538461,-0.7293203000000001,0.08214399048311447,-0.7150744874010079,-0.7387430010288065,2011.0,"{'decomposition': 'legendre', 'n_filters': 12, 'slowest': 0.029334592739296388, 'input_scaling': 0.049068279099124805, 'bias_dist': 'uniform', 'bias_scaling': 0.46763789100254544, 'lr': 0.2715862958761201, 'weight_increment': 0.1852507853053407, 'min_window': 9, 'max_window': 16, 'use_full_instance': False, 'max_partners': 5, 'homeostasis': 'mean', 'target': 0.91, 'spread': 0.095, 'learning_rate': 0.001}",ppo,1000,64x64,0.001,,,,,,,
CountRecallMedium,filterbank+hag,0,1040,4.954807692307693,-0.7887378799999999,0.06811525633296552,-0.8284160917412321,-0.83391270781893,1963.0,"{'decomposition': 'legendre', 'n_filters': 12, 'slowest': 0.029334592739296388, 'input_scaling': 0.049068279099124805, 'bias_dist': 'uniform', 'bias_scaling': 0.46763789100254544, 'lr': 0.2715862958761201, 'weight_increment': 0.1852507853053407, 'min_window': 9, 'max_window': 16, 'use_full_instance': False, 'max_partners': 5, 'homeostasis': 'mean', 'target': 0.91, 'spread': 0.095, 'learning_rate': 0.003}",ppo,1000,64x64,0.003,,,,,,,
CountRecallMedium,filterbank+proj,0,1040,0.0,-0.91262152,0.03946108449155447,-0.9252020358942714,-0.9244278168724279,1856.0,"{'decomposition': 'legendre', 'n_filters': 12, 'slowest': 0.029334592739296388, 'input_scaling': 0.049068279099124805, 'bias_dist': 'uniform', 'bias_scaling': 0.46763789100254544, 'lr': 0.2715862958761201, 'weight_increment': 0.1852507853053407, 'min_window': 9, 'max_window': 16, 'use_full_instance': False, 'max_partners': 5, 'homeostasis': 'mean', 'target': 0.91, 'spread': 0.095, 'learning_rate': 0.0003}",ppo,1000,64x64,0.0003,,,,,,,
CountRecallMedium,filterbank+proj,2,1040,0.0,-0.9196118200000001,0.04164770282677787,-0.9246788003702562,-0.9266851944444444,1856.0,"{'decomposition': 'legendre', 'n_filters': 12, 'slowest': 0.029334592739296388, 'input_scaling': 0.049068279099124805, 'bias_dist': 'uniform', 'bias_scaling': 0.46763789100254544, 'lr': 0.2715862958761201, 'weight_increment': 0.1852507853053407, 'min_window': 9, 'max_window': 16, 'use_full_instance': False, 'max_partners': 5, 'homeostasis': 'mean', 'target': 0.91, 'spread': 0.095, 'learning_rate': 0.0003}",ppo,1000,64x64,0.0003,,,,,,,
CountRecallMedium,filterbank+hag,9,1040,4.9490384615384615,-0.7646601399999998,0.0880141762945061,-0.775324024066646,-0.7826321337448559,1987.0,"{'decomposition': 'legendre', 'n_filters': 12, 'slowest': 0.029334592739296388, 'input_scaling': 0.049068279099124805, 'bias_dist': 'uniform', 'bias_scaling': 0.46763789100254544, 'lr': 0.2715862958761201, 'weight_increment': 0.1852507853053407, 'min_window': 9, 'max_window': 16, 'use_full_instance': False, 'max_partners': 5, 'homeostasis': 'mean', 'target': 0.91, 'spread': 0.095, 'learning_rate': 0.001}",ppo,1000,64x64,0.001,,,,,,,
CountRecallMedium,filterbank+hag,1,1040,4.9788461538461535,-0.85514574,0.05370048895003098,-0.8592967669443587,-0.8572656337448559,1979.0,"{'decomposition': 'legendre', 'n_filters': 12, 'slowest': 0.029334592739296388, 'input_scaling': 0.049068279099124805, 'bias_dist': 'uniform', 'bias_scaling': 0.46763789100254544, 'lr': 0.2715862958761201, 'weight_increment': 0.1852507853053407, 'min_window': 9, 'max_window': 16, 'use_full_instance': False, 'max_partners': 5, 'homeostasis': 'mean', 'target': 0.91, 'spread': 0.095, 'learning_rate': 0.003}",ppo,1000,64x64,0.003,,,,,,,
CountRecallMedium,filterbank+proj,0,1040,0.0,-0.91262152,0.03946108449155447,-0.9253797767150057,-0.9244278168724279,1829.0,"{'decomposition': 'legendre', 'n_filters': 12, 'slowest': 0.029334592739296388, 'input_scaling': 0.049068279099124805, 'bias_dist': 'uniform', 'bias_scaling': 0.46763789100254544, 'lr': 0.2715862958761201, 'weight_increment': 0.1852507853053407, 'min_window': 9, 'max_window': 16, 'use_full_instance': False, 'max_partners': 5, 'homeostasis': 'mean', 'target': 0.91, 'spread': 0.095, 'learning_rate': 0.001}",ppo,1000,64x64,0.001,,,,,,,
CountRecallMedium,filterbank+hag,2,1040,4.973076923076923,-0.8252427399999999,0.05253500685364378,-0.8573116765401625,-0.8598626327160493,1997.0,"{'decomposition': 'legendre', 'n_filters': 12, 'slowest': 0.029334592739296388, 'input_scaling': 0.049068279099124805, 'bias_dist': 'uniform', 'bias_scaling': 0.46763789100254544, 'lr': 0.2715862958761201, 'weight_increment': 0.1852507853053407, 'min_window': 9, 'max_window': 16, 'use_full_instance': False, 'max_partners': 5, 'homeostasis': 'mean', 'target': 0.91, 'spread': 0.095, 'learning_rate': 0.003}",ppo,1000,64x64,0.003,,,,,,,
CountRecallMedium,filterbank+proj,3,1040,0.0,-0.9192234400000001,0.038710527724204434,-0.9240397410264322,-0.9220705442386832,1885.0,"{'decomposition': 'legendre', 'n_filters': 12, 'slowest': 0.029334592739296388, 'input_scaling': 0.049068279099124805, 'bias_dist': 'uniform', 'bias_scaling': 0.46763789100254544, 'lr': 0.2715862958761201, 'weight_increment': 0.1852507853053407, 'min_window': 9, 'max_window': 16, 'use_full_instance': False, 'max_partners': 5, 'homeostasis': 'mean', 'target': 0.91, 'spread': 0.095, 'learning_rate': 0.0003}",ppo,1000,64x64,0.0003,,,,,,,
CountRecallMedium,filterbank+hag,5,1040,4.9875,-0.9133981400000001,0.042578863098495255,-0.9095989383935,-0.9082265761316871,1940.0,"{'decomposition': 'legendre', 'n_filters': 12, 'slowest': 0.029334592739296388, 'input_scaling': 0.049068279099124805, 'bias_dist': 'uniform', 'bias_scaling': 0.46763789100254544, 'lr': 0.2715862958761201, 'weight_increment': 0.1852507853053407, 'min_window': 9, 'max_window': 16, 'use_full_instance': False, 'max_partners': 5, 'homeostasis': 'mean', 'target': 0.91, 'spread': 0.095, 'learning_rate': 0.01}",ppo,1000,64x64,0.01,,,,,,,
CountRecallMedium,filterbank+hag,5,1040,4.9875,-0.89669914,0.04667311690342098,-0.8854783372415921,-0.8924848271604937,1976.0,"{'decomposition': 'legendre', 'n_filters': 12, 'slowest': 0.029334592739296388, 'input_scaling': 0.049068279099124805, 'bias_dist': 'uniform', 'bias_scaling': 0.46763789100254544, 'lr': 0.2715862958761201, 'weight_increment': 0.1852507853053407, 'min_window': 9, 'max_window': 16, 'use_full_instance': False, 'max_partners': 5, 'homeostasis': 'mean', 'target': 0.91, 'spread': 0.095, 'learning_rate': 0.003}",ppo,1000,64x64,0.003,,,,,,,
CountRecallMedium,filterbank+proj,4,1040,0.0,-0.92388362,0.03781977827480749,-0.9240257598477836,-0.9229495411522634,1905.0,"{'decomposition': 'legendre', 'n_filters': 12, 'slowest': 0.029334592739296388, 'input_scaling': 0.049068279099124805, 'bias_dist': 'uniform', 'bias_scaling': 0.46763789100254544, 'lr': 0.2715862958761201, 'weight_increment': 0.1852507853053407, 'min_window': 9, 'max_window': 16, 'use_full_instance': False, 'max_partners': 5, 'homeostasis': 'mean', 'target': 0.91, 'spread': 0.095, 'learning_rate': 0.0003}",ppo,1000,64x64,0.0003,,,,,,,
CountRecallMedium,filterbank+proj,7,1040,0.0,-0.9308739199999999,0.04221420023396867,-0.9241755398539545,-0.9260459465020576,1874.0,"{'decomposition': 'legendre', 'n_filters': 12, 'slowest': 0.029334592739296388, 'input_scaling': 0.049068279099124805, 'bias_dist': 'uniform', 'bias_scaling': 0.46763789100254544, 'lr': 0.2715862958761201, 'weight_increment': 0.1852507853053407, 'min_window': 9, 'max_window': 16, 'use_full_instance': False, 'max_partners': 5, 'homeostasis': 'mean', 'target': 0.91, 'spread': 0.095, 'learning_rate': 0.0003}",ppo,1000,64x64,0.0003,,,,,,,
CountRecallMedium,filterbank+proj,5,1040,0.0,-0.91844676,0.030578717199751866,-0.9246348686619357,-0.9253467438271605,1910.0,"{'decomposition': 'legendre', 'n_filters': 12, 'slowest': 0.029334592739296388, 'input_scaling': 0.049068279099124805, 'bias_dist': 'uniform', 'bias_scaling': 0.46763789100254544, 'lr': 0.2715862958761201, 'weight_increment': 0.1852507853053407, 'min_window': 9, 'max_window': 16, 'use_full_instance': False, 'max_partners': 5, 'homeostasis': 'mean', 'target': 0.91, 'spread': 0.095, 'learning_rate': 0.0003}",ppo,1000,64x64,0.0003,,,,,,,
CountRecallMedium,filterbank+hag,3,1040,4.9653846153846155,-0.8866020599999999,0.050389830276916,-0.8826285212383009,-0.8807983858024692,2010.0,"{'decomposition': 'legendre', 'n_filters': 12, 'slowest': 0.029334592739296388, 'input_scaling': 0.049068279099124805, 'bias_dist': 'uniform', 'bias_scaling': 0.46763789100254544, 'lr': 0.2715862958761201, 'weight_increment': 0.1852507853053407, 'min_window': 9, 'max_window': 16, 'use_full_instance': False, 'max_partners': 5, 'homeostasis': 'mean', 'target': 0.91, 'spread': 0.095, 'learning_rate': 0.003}",ppo,1000,64x64,0.003,,,,,,,
CountRecallMedium,filterbank+proj,6,1040,0.0,-0.92854388,0.03417476045542384,-0.9244012084747507,-0.9226898323045267,1911.0,"{'decomposition': 'legendre', 'n_filters': 12, 'slowest': 0.029334592739296388, 'input_scaling': 0.049068279099124805, 'bias_dist': 'uniform', 'bias_scaling': 0.46763789100254544, 'lr': 0.2715862958761201, 'weight_increment': 0.1852507853053407, 'min_window': 9, 'max_window': 16, 'use_full_instance': False, 'max_partners': 5, 'homeostasis': 'mean', 'target': 0.91, 'spread': 0.095, 'learning_rate': 0.0003}",ppo,1000,64x64,0.0003,,,,,,,
CountRecallMedium,filterbank+hag,8,1040,4.966346153846154,-0.8947573399999998,0.034970923103978827,-0.8903032538311221,-0.8913661255144033,2004.0,"{'decomposition': 'legendre', 'n_filters': 12, 'slowest': 0.029334592739296388, 'input_scaling': 0.049068279099124805, 'bias_dist': 'uniform', 'bias_scaling': 0.46763789100254544, 'lr': 0.2715862958761201, 'weight_increment': 0.1852507853053407, 'min_window': 9, 'max_window': 16, 'use_full_instance': False, 'max_partners': 5, 'homeostasis': 'mean', 'target': 0.91, 'spread': 0.095, 'learning_rate': 0.003}",ppo,1000,64x64,0.003,,,,,,,
CountRecallMedium,filterbank+hag,2,1040,4.973076923076923,-0.9207768399999999,0.03880394918734948,-0.9248505497274505,-0.9274842633744855,1989.0,"{'decomposition': 'legendre', 'n_filters': 12, 'slowest': 0.029334592739296388, 'input_scaling': 0.049068279099124805, 'bias_dist': 'uniform', 'bias_scaling': 0.46763789100254544, 'lr': 0.2715862958761201, 'weight_increment': 0.1852507853053407, 'min_window': 9, 'max_window': 16, 'use_full_instance': False, 'max_partners': 5, 'homeostasis': 'mean', 'target': 0.91, 'spread': 0.095, 'learning_rate': 0.01}",ppo,1000,64x64,0.01,,,,,,,
CountRecallMedium,filterbank+proj,5,1040,0.0,-0.9223302400000002,0.04528902051780763,-0.9249983334361822,-0.925466609053498,1848.0,"{'decomposition': 'legendre', 'n_filters': 12, 'slowest': 0.029334592739296388, 'input_scaling': 0.049068279099124805, 'bias_dist': 'uniform', 'bias_scaling': 0.46763789100254544, 'lr': 0.2715862958761201, 'weight_increment': 0.1852507853053407, 'min_window': 9, 'max_window': 16, 'use_full_instance': False, 'max_partners': 5, 'homeostasis': 'mean', 'target': 0.91, 'spread': 0.095, 'learning_rate': 0.001}",ppo,1000,64x64,0.001,,,,,,,
CountRecallMedium,filterbank+hag,4,1040,4.957692307692308,-0.9130098200000001,0.035003189335082036,-0.8862811606500051,-0.9130210288065843,2046.0,"{'decomposition': 'legendre', 'n_filters': 12, 'slowest': 0.029334592739296388, 'input_scaling': 0.049068279099124805, 'bias_dist': 'uniform', 'bias_scaling': 0.46763789100254544, 'lr': 0.2715862958761201, 'weight_increment': 0.1852507853053407, 'min_window': 9, 'max_window': 16, 'use_full_instance': False, 'max_partners': 5, 'homeostasis': 'mean', 'target': 0.91, 'spread': 0.095, 'learning_rate': 0.003}",ppo,1000,64x64,0.003,,,,,,,
CountRecallMedium,filterbank+proj,8,1040,0.0,-0.92776716,0.040922557742819554,-0.9249843594569578,-0.924507737654321,1922.0,"{'decomposition': 'legendre', 'n_filters': 12, 'slowest': 0.029334592739296388, 'input_scaling': 0.049068279099124805, 'bias_dist': 'uniform', 'bias_scaling': 0.46763789100254544, 'lr': 0.2715862958761201, 'weight_increment': 0.1852507853053407, 'min_window': 9, 'max_window': 16, 'use_full_instance': False, 'max_partners': 5, 'homeostasis': 'mean', 'target': 0.91, 'spread': 0.095, 'learning_rate': 0.0003}",ppo,1000,64x64,0.0003,,,,,,,
CountRecallMedium,filterbank+hag,7,1040,4.977884615384616,-0.9269904999999998,0.033757392965837886,-0.9248206002262678,-0.923768586419753,1984.0,"{'decomposition': 'legendre', 'n_filters': 12, 'slowest': 0.029334592739296388, 'input_scaling': 0.049068279099124805, 'bias_dist': 'uniform', 'bias_scaling': 0.46763789100254544, 'lr': 0.2715862958761201, 'weight_increment': 0.1852507853053407, 'min_window': 9, 'max_window': 16, 'use_full_instance': False, 'max_partners': 5, 'homeostasis': 'mean', 'target': 0.91, 'spread': 0.095, 'learning_rate': 0.01}",ppo,1000,64x64,0.01,,,,,,,
CountRecallMedium,filterbank+hag,3,1040,4.9653846153846155,-0.9200001600000001,0.03895903950887908,-0.9247167441118996,-0.9267651018518519,2023.0,"{'decomposition': 'legendre', 'n_filters': 12, 'slowest': 0.029334592739296388, 'input_scaling': 0.049068279099124805, 'bias_dist': 'uniform', 'bias_scaling': 0.46763789100254544, 'lr': 0.2715862958761201, 'weight_increment': 0.1852507853053407, 'min_window': 9, 'max_window': 16, 'use_full_instance': False, 'max_partners': 5, 'homeostasis': 'mean', 'target': 0.91, 'spread': 0.095, 'learning_rate': 0.01}",ppo,1000,64x64,0.01,,,,,,,
CountRecallMedium,filterbank+proj,3,1040,0.0,-0.9153399799999998,0.04337715714220563,-0.924782649490898,-0.9249671954732509,1904.0,"{'decomposition': 'legendre', 'n_filters': 12, 'slowest': 0.029334592739296388, 'input_scaling': 0.049068279099124805, 'bias_dist': 'uniform', 'bias_scaling': 0.46763789100254544, 'lr': 0.2715862958761201, 'weight_increment': 0.1852507853053407, 'min_window': 9, 'max_window': 16, 'use_full_instance': False, 'max_partners': 5, 'homeostasis': 'mean', 'target': 0.91, 'spread': 0.095, 'learning_rate': 0.001}",ppo,1000,64x64,0.001,,,,,,,
CountRecallMedium,filterbank+proj,1,1040,0.0,-0.9289321999999999,0.03875919025676363,-0.9245150427851486,-0.9246875174897119,1929.0,"{'decomposition': 'legendre', 'n_filters': 12, 'slowest': 0.029334592739296388, 'input_scaling': 0.049068279099124805, 'bias_dist': 'uniform', 'bias_scaling': 0.46763789100254544, 'lr': 0.2715862958761201, 'weight_increment': 0.1852507853053407, 'min_window': 9, 'max_window': 16, 'use_full_instance': False, 'max_partners': 5, 'homeostasis': 'mean', 'target': 0.91, 'spread': 0.095, 'learning_rate': 0.001}",ppo,1000,64x64,0.001,,,,,,,
CountRecallMedium,filterbank+hag,0,1040,4.954807692307693,-0.9196118400000001,0.04182839209358161,-0.9244511349377765,-0.9253667335390946,2074.0,"{'decomposition': 'legendre', 'n_filters': 12, 'slowest': 0.029334592739296388, 'input_scaling': 0.049068279099124805, 'bias_dist': 'uniform', 'bias_scaling': 0.46763789100254544, 'lr': 0.2715862958761201, 'weight_increment': 0.1852507853053407, 'min_window': 9, 'max_window': 16, 'use_full_instance': False, 'max_partners': 5, 'homeostasis': 'mean', 'target': 0.91, 'spread': 0.095, 'learning_rate': 0.01}",ppo,1000,64x64,0.01,,,,,,,
CountRecallMedium,filterbank+hag,8,1040,4.966346153846154,-0.92660212,0.047924611521279976,-0.9248944839041449,-0.9256663878600823,2035.0,"{'decomposition': 'legendre', 'n_filters': 12, 'slowest': 0.029334592739296388, 'input_scaling': 0.049068279099124805, 'bias_dist': 'uniform', 'bias_scaling': 0.46763789100254544, 'lr': 0.2715862958761201, 'weight_increment': 0.1852507853053407, 'min_window': 9, 'max_window': 16, 'use_full_instance': False, 'max_partners': 5, 'homeostasis': 'mean', 'target': 0.91, 'spread': 0.095, 'learning_rate': 0.01}",ppo,1000,64x64,0.01,,,,,,,
CountRecallMedium,filterbank+proj,2,1040,0.0,-0.9246603600000001,0.03934430671584391,-0.9252839115499331,-0.9281035473251028,1964.0,"{'decomposition': 'legendre', 'n_filters': 12, 'slowest': 0.029334592739296388, 'input_scaling': 0.049068279099124805, 'bias_dist': 'uniform', 'bias_scaling': 0.46763789100254544, 'lr': 0.2715862958761201, 'weight_increment': 0.1852507853053407, 'min_window': 9, 'max_window': 16, 'use_full_instance': False, 'max_partners': 5, 'homeostasis': 'mean', 'target': 0.91, 'spread': 0.095, 'learning_rate': 0.001}",ppo,1000,64x64,0.001,,,,,,,
CountRecallMedium,filterbank+proj,9,1040,0.0,-0.9242720000000001,0.04077677142933217,-0.9246688112722412,-0.9239683333333333,1995.0,"{'decomposition': 'legendre', 'n_filters': 12, 'slowest': 0.029334592739296388, 'input_scaling': 0.049068279099124805, 'bias_dist': 'uniform', 'bias_scaling': 0.46763789100254544, 'lr': 0.2715862958761201, 'weight_increment': 0.1852507853053407, 'min_window': 9, 'max_window': 16, 'use_full_instance': False, 'max_partners': 5, 'homeostasis': 'mean', 'target': 0.91, 'spread': 0.095, 'learning_rate': 0.0003}",ppo,1000,64x64,0.0003,,,,,,,
CountRecallMedium,filterbank+proj,4,1040,0.0,-0.91689334,0.04219272403228311,-0.9244191861565361,-0.9237486100823045,1963.0,"{'decomposition': 'legendre', 'n_filters': 12, 'slowest': 0.029334592739296388, 'input_scaling': 0.049068279099124805, 'bias_dist': 'uniform', 'bias_scaling': 0.46763789100254544, 'lr': 0.2715862958761201, 'weight_increment': 0.1852507853053407, 'min_window': 9, 'max_window': 16, 'use_full_instance': False, 'max_partners': 5, 'homeostasis': 'mean', 'target': 0.91, 'spread': 0.095, 'learning_rate': 0.001}",ppo,1000,64x64,0.001,,,,,,,
CountRecallMedium,filterbank+hag,4,1040,4.957692307692308,-0.9308740000000002,0.04038841346227902,-0.920630743597655,-0.9180751779835391,2109.0,"{'decomposition': 'legendre', 'n_filters': 12, 'slowest': 0.029334592739296388, 'input_scaling': 0.049068279099124805, 'bias_dist': 'uniform', 'bias_scaling': 0.46763789100254544, 'lr': 0.2715862958761201, 'weight_increment': 0.1852507853053407, 'min_window': 9, 'max_window': 16, 'use_full_instance': False, 'max_partners': 5, 'homeostasis': 'mean', 'target': 0.91, 'spread': 0.095, 'learning_rate': 0.01}",ppo,1000,64x64,0.01,,,,,,,
CountRecallMedium,filterbank+hag,9,1040,4.9490384615384615,-0.9269904599999998,0.03835828587891279,-0.9247127524426616,-0.924228049382716,2086.0,"{'decomposition': 'legendre', 'n_filters': 12, 'slowest': 0.029334592739296388, 'input_scaling': 0.049068279099124805, 'bias_dist': 'uniform', 'bias_scaling': 0.46763789100254544, 'lr': 0.2715862958761201, 'weight_increment': 0.1852507853053407, 'min_window': 9, 'max_window': 16, 'use_full_instance': False, 'max_partners': 5, 'homeostasis': 'mean', 'target': 0.91, 'spread': 0.095, 'learning_rate': 0.01}",ppo,1000,64x64,0.01,,,,,,,
CountRecallMedium,filterbank+proj,6,1040,0.0,-0.9289322,0.03797301797013243,-0.9244211794713566,-0.9246475596707818,1822.0,"{'decomposition': 'legendre', 'n_filters': 12, 'slowest': 0.029334592739296388, 'input_scaling': 0.049068279099124805, 'bias_dist': 'uniform', 'bias_scaling': 0.46763789100254544, 'lr': 0.2715862958761201, 'weight_increment': 0.1852507853053407, 'min_window': 9, 'max_window': 16, 'use_full_instance': False, 'max_partners': 5, 'homeostasis': 'mean', 'target': 0.91, 'spread': 0.095, 'learning_rate': 0.001}",ppo,1000,64x64,0.001,,,,,,,
CountRecallMedium,filterbank+proj,8,1040,0.0,-0.9300972399999999,0.0462772954601109,-0.9245769573177004,-0.9252269074074073,1762.0,"{'decomposition': 'legendre', 'n_filters': 12, 'slowest': 0.029334592739296388, 'input_scaling': 0.049068279099124805, 'bias_dist': 'uniform', 'bias_scaling': 0.46763789100254544, 'lr': 0.2715862958761201, 'weight_increment': 0.1852507853053407, 'min_window': 9, 'max_window': 16, 'use_full_instance': False, 'max_partners': 5, 'homeostasis': 'mean', 'target': 0.91, 'spread': 0.095, 'learning_rate': 0.001}",ppo,1000,64x64,0.001,,,,,,,
CountRecallMedium,filterbank+proj,0,1040,0.0,-0.9238837,0.049556953231711096,-0.9249124627172683,-0.9241281820987653,1703.0,"{'decomposition': 'legendre', 'n_filters': 12, 'slowest': 0.029334592739296388, 'input_scaling': 0.049068279099124805, 'bias_dist': 'uniform', 'bias_scaling': 0.46763789100254544, 'lr': 0.2715862958761201, 'weight_increment': 0.1852507853053407, 'min_window': 9, 'max_window': 16, 'use_full_instance': False, 'max_partners': 5, 'homeostasis': 'mean', 'target': 0.91, 'spread': 0.095, 'learning_rate': 0.003}",ppo,1000,64x64,0.003,,,,,,,
CountRecallMedium,filterbank+proj,9,1040,0.0,-0.9227185999999999,0.04889046740868818,-0.9243912234906924,-0.9248473343621398,1730.0,"{'decomposition': 'legendre', 'n_filters': 12, 'slowest': 0.029334592739296388, 'input_scaling': 0.049068279099124805, 'bias_dist': 'uniform', 'bias_scaling': 0.46763789100254544, 'lr': 0.2715862958761201, 'weight_increment': 0.1852507853053407, 'min_window': 9, 'max_window': 16, 'use_full_instance': False, 'max_partners': 5, 'homeostasis': 'mean', 'target': 0.91, 'spread': 0.095, 'learning_rate': 0.001}",ppo,1000,64x64,0.001,,,,,,,
CountRecallMedium,filterbank+proj,7,1040,0.0,-0.92038852,0.037501430273652235,-0.9249863531831739,-0.9242280504115227,1888.0,"{'decomposition': 'legendre', 'n_filters': 12, 'slowest': 0.029334592739296388, 'input_scaling': 0.049068279099124805, 'bias_dist': 'uniform', 'bias_scaling': 0.46763789100254544, 'lr': 0.2715862958761201, 'weight_increment': 0.1852507853053407, 'min_window': 9, 'max_window': 16, 'use_full_instance': False, 'max_partners': 5, 'homeostasis': 'mean', 'target': 0.91, 'spread': 0.095, 'learning_rate': 0.001}",ppo,1000,64x64,0.001,,,,,,,
CountRecallMedium,filterbank+proj,2,1040,0.0,-0.92233018,0.04578574733809203,-0.924892492337756,-0.9234489495884773,1760.0,"{'decomposition': 'legendre', 'n_filters': 12, 'slowest': 0.029334592739296388, 'input_scaling': 0.049068279099124805, 'bias_dist': 'uniform', 'bias_scaling': 0.46763789100254544, 'lr': 0.2715862958761201, 'weight_increment': 0.1852507853053407, 'min_window': 9, 'max_window': 16, 'use_full_instance': False, 'max_partners': 5, 'homeostasis': 'mean', 'target': 0.91, 'spread': 0.095, 'learning_rate': 0.003}",ppo,1000,64x64,0.003,,,,,,,
CountRecallMedium,filterbank+proj,3,1040,0.0,-0.9370875000000002,0.035499560814888975,-0.9251081663066955,-0.923488896090535,1776.0,"{'decomposition': 'legendre', 'n_filters': 12, 'slowest': 0.029334592739296388, 'input_scaling': 0.049068279099124805, 'bias_dist': 'uniform', 'bias_scaling': 0.46763789100254544, 'lr': 0.2715862958761201, 'weight_increment': 0.1852507853053407, 'min_window': 9, 'max_window': 16, 'use_full_instance': False, 'max_partners': 5, 'homeostasis': 'mean', 'target': 0.91, 'spread': 0.095, 'learning_rate': 0.003}",ppo,1000,64x64,0.003,,,,,,,
CountRecallMedium,filterbank+proj,4,1040,0.0,-0.92388362,0.03781977827480749,-0.9237501654839042,-0.9229495411522634,1784.0,"{'decomposition': 'legendre', 'n_filters': 12, 'slowest': 0.029334592739296388, 'input_scaling': 0.049068279099124805, 'bias_dist': 'uniform', 'bias_scaling': 0.46763789100254544, 'lr': 0.2715862958761201, 'weight_increment': 0.1852507853053407, 'min_window': 9, 'max_window': 16, 'use_full_instance': False, 'max_partners': 5, 'homeostasis': 'mean', 'target': 0.91, 'spread': 0.095, 'learning_rate': 0.003}",ppo,1000,64x64,0.003,,,,,,,
CountRecallMedium,filterbank+proj,1,1040,0.0,-0.9289321999999999,0.03875919025676363,-0.9244331640440193,-0.9246875174897119,1853.0,"{'decomposition': 'legendre', 'n_filters': 12, 'slowest': 0.029334592739296388, 'input_scaling': 0.049068279099124805, 'bias_dist': 'uniform', 'bias_scaling': 0.46763789100254544, 'lr': 0.2715862958761201, 'weight_increment': 0.1852507853053407, 'min_window': 9, 'max_window': 16, 'use_full_instance': False, 'max_partners': 5, 'homeostasis': 'mean', 'target': 0.91, 'spread': 0.095, 'learning_rate': 0.003}",ppo,1000,64x64,0.003,,,,,,,
CountRecallMedium,filterbank+proj,6,1040,0.0,-0.9246603400000001,0.043874971153317024,-0.9245210321917104,-0.9244078456790122,1712.0,"{'decomposition': 'legendre', 'n_filters': 12, 'slowest': 0.029334592739296388, 'input_scaling': 0.049068279099124805, 'bias_dist': 'uniform', 'bias_scaling': 0.46763789100254544, 'lr': 0.2715862958761201, 'weight_increment': 0.1852507853053407, 'min_window': 9, 'max_window': 16, 'use_full_instance': False, 'max_partners': 5, 'homeostasis': 'mean', 'target': 0.91, 'spread': 0.095, 'learning_rate': 0.003}",ppo,1000,64x64,0.003,,,,,,,
CountRecallMedium,filterbank+proj,5,1040,0.0,-0.9289322,0.03914639579782538,-0.9250003316877506,-0.926525390946502,1756.0,"{'decomposition': 'legendre', 'n_filters': 12, 'slowest': 0.029334592739296388, 'input_scaling': 0.049068279099124805, 'bias_dist': 'uniform', 'bias_scaling': 0.46763789100254544, 'lr': 0.2715862958761201, 'weight_increment': 0.1852507853053407, 'min_window': 9, 'max_window': 16, 'use_full_instance': False, 'max_partners': 5, 'homeostasis': 'mean', 'target': 0.91, 'spread': 0.095, 'learning_rate': 0.003}",ppo,1000,64x64,0.003,,,,,,,
CountRecallMedium,filterbank+proj,8,1040,0.0,-0.92233026,0.040171226694145155,-0.9239758297850458,-0.9222103868312758,1729.0,"{'decomposition': 'legendre', 'n_filters': 12, 'slowest': 0.029334592739296388, 'input_scaling': 0.049068279099124805, 'bias_dist': 'uniform', 'bias_scaling': 0.46763789100254544, 'lr': 0.2715862958761201, 'weight_increment': 0.1852507853053407, 'min_window': 9, 'max_window': 16, 'use_full_instance': False, 'max_partners': 5, 'homeostasis': 'mean', 'target': 0.91, 'spread': 0.095, 'learning_rate': 0.003}",ppo,1000,64x64,0.003,,,,,,,
CountRecallMedium,filterbank+proj,0,1040,0.0,-0.9328157200000001,0.03605808666085321,-0.9251960417566596,-0.9257662623456789,1736.0,"{'decomposition': 'legendre', 'n_filters': 12, 'slowest': 0.029334592739296388, 'input_scaling': 0.049068279099124805, 'bias_dist': 'uniform', 'bias_scaling': 0.46763789100254544, 'lr': 0.2715862958761201, 'weight_increment': 0.1852507853053407, 'min_window': 9, 'max_window': 16, 'use_full_instance': False, 'max_partners': 5, 'homeostasis': 'mean', 'target': 0.91, 'spread': 0.095, 'learning_rate': 0.01}",ppo,1000,64x64,0.01,,,,,,,
CountRecallMedium,filterbank+proj,7,1040,0.0,-0.93941762,0.04176156849778995,-0.9418715665946725,-0.943565640946502,1794.0,"{'decomposition': 'legendre', 'n_filters': 12, 'slowest': 0.029334592739296388, 'input_scaling': 0.049068279099124805, 'bias_dist': 'uniform', 'bias_scaling': 0.46763789100254544, 'lr': 0.2715862958761201, 'weight_increment': 0.1852507853053407, 'min_window': 9, 'max_window': 16, 'use_full_instance': False, 'max_partners': 5, 'homeostasis': 'mean', 'target': 0.91, 'spread': 0.095, 'learning_rate': 0.003}",ppo,1000,64x64,0.003,,,,,,,
CountRecallMedium,filterbank+esn,1,1040,96.27307692307693,-0.5281553400000001,0.10798977655067352,-0.5833460579039391,-0.5576131656378601,1674.0,"{'decomposition': 'legendre', 'n_filters': 12, 'slowest': 0.0056263882716246225, 'input_scaling': 0.06344812061556386, 'bias_dist': 'foldnorm', 'bias_scaling': 0.24743237591527745, 'lr': 0.7604293811879814, 'sr': 1.3687477885807093, 'rc_connectivity': 0.0925705874783593, 'learning_rate': 0.0003}",ppo,1000,64,0.0003,,,,,,,
CountRecallMedium,filterbank+esn,6,1040,96.27307692307693,-0.55456312,0.12246315269494576,-0.6136295700915354,-0.5741339886831275,1650.0,"{'decomposition': 'legendre', 'n_filters': 12, 'slowest': 0.0056263882716246225, 'input_scaling': 0.06344812061556386, 'bias_dist': 'foldnorm', 'bias_scaling': 0.24743237591527745, 'lr': 0.7604293811879814, 'sr': 1.3687477885807093, 'rc_connectivity': 0.0925705874783593, 'learning_rate': 0.0003}",ppo,1000,64,0.0003,,,,,,,
CountRecallMedium,filterbank+esn,3,1040,96.27307692307693,-0.5588349400000001,0.11154754192278914,-0.6278426753059755,-0.5967677417695474,1606.0,"{'decomposition': 'legendre', 'n_filters': 12, 'slowest': 0.0056263882716246225, 'input_scaling': 0.06344812061556386, 'bias_dist': 'foldnorm', 'bias_scaling': 0.24743237591527745, 'lr': 0.7604293811879814, 'sr': 1.3687477885807093, 'rc_connectivity': 0.0925705874783593, 'learning_rate': 0.001}",ppo,1000,64,0.001,,,,,,,
CountRecallMedium,filterbank+esn,4,1040,96.27307692307693,-0.57359222,0.10942629396306723,-0.6494808726730432,-0.6049582191358025,1597.0,"{'decomposition': 'legendre', 'n_filters': 12, 'slowest': 0.0056263882716246225, 'input_scaling': 0.06344812061556386, 'bias_dist': 'foldnorm', 'bias_scaling': 0.24743237591527745, 'lr': 0.7604293811879814, 'sr': 1.3687477885807093, 'rc_connectivity': 0.0925705874783593, 'learning_rate': 0.001}",ppo,1000,64,0.001,,,,,,,
CountRecallMedium,filterbank+esn,8,1040,96.27307692307693,-0.57864078,0.09183865124995903,-0.6227501554047103,-0.5824643209876543,1668.0,"{'decomposition': 'legendre', 'n_filters': 12, 'slowest': 0.0056263882716246225, 'input_scaling': 0.06344812061556386, 'bias_dist': 'foldnorm', 'bias_scaling': 0.24743237591527745, 'lr': 0.7604293811879814, 'sr': 1.3687477885807093, 'rc_connectivity': 0.0925705874783593, 'learning_rate': 0.0003}",ppo,1000,64,0.0003,,,,,,,
CountRecallMedium,filterbank+proj,9,1040,0.0,-0.9335924200000001,0.03865785342208748,-0.9245989237889539,-0.9234889074074074,1828.0,"{'decomposition': 'legendre', 'n_filters': 12, 'slowest': 0.029334592739296388, 'input_scaling': 0.049068279099124805, 'bias_dist': 'uniform', 'bias_scaling': 0.46763789100254544, 'lr': 0.2715862958761201, 'weight_increment': 0.1852507853053407, 'min_window': 9, 'max_window': 16, 'use_full_instance': False, 'max_partners': 5, 'homeostasis': 'mean', 'target': 0.91, 'spread': 0.095, 'learning_rate': 0.003}",ppo,1000,64x64,0.003,,,,,,,
CountRecallMedium,filterbank+esn,3,1040,96.27307692307693,-0.53631074,0.12266190354903352,-0.6067057403064897,-0.5760917088477366,1707.0,"{'decomposition': 'legendre', 'n_filters': 12, 'slowest': 0.0056263882716246225, 'input_scaling': 0.06344812061556386, 'bias_dist': 'foldnorm', 'bias_scaling': 0.24743237591527745, 'lr': 0.7604293811879814, 'sr': 1.3687477885807093, 'rc_connectivity': 0.0925705874783593, 'learning_rate': 0.0003}",ppo,1000,64,0.0003,,,,,,,
CountRecallMedium,filterbank+esn,4,1040,96.27307692307693,-0.53941748,0.11976283736806506,-0.6268401557132572,-0.5805065946502058,1708.0,"{'decomposition': 'legendre', 'n_filters': 12, 'slowest': 0.0056263882716246225, 'input_scaling': 0.06344812061556386, 'bias_dist': 'foldnorm', 'bias_scaling': 0.24743237591527745, 'lr': 0.7604293811879814, 'sr': 1.3687477885807093, 'rc_connectivity': 0.0925705874783593, 'learning_rate': 0.0003}",ppo,1000,64,0.0003,,,,,,,
CountRecallMedium,filterbank+esn,9,1040,96.27307692307693,-0.52504862,0.10305611131648429,-0.5912184997428777,-0.5457269660493828,1697.0,"{'decomposition': 'legendre', 'n_filters': 12, 'slowest': 0.0056263882716246225, 'input_scaling': 0.06344812061556386, 'bias_dist': 'foldnorm', 'bias_scaling': 0.24743237591527745, 'lr': 0.7604293811879814, 'sr': 1.3687477885807093, 'rc_connectivity': 0.0925705874783593, 'learning_rate': 0.0003}",ppo,1000,64,0.0003,,,,,,,
CountRecallMedium,filterbank+proj,7,1040,0.0,-0.92388362,0.04304206839541521,-0.9242594177722925,-0.9241481378600822,1802.0,"{'decomposition': 'legendre', 'n_filters': 12, 'slowest': 0.029334592739296388, 'input_scaling': 0.049068279099124805, 'bias_dist': 'uniform', 'bias_scaling': 0.46763789100254544, 'lr': 0.2715862958761201, 'weight_increment': 0.1852507853053407, 'min_window': 9, 'max_window': 16, 'use_full_instance': False, 'max_partners': 5, 'homeostasis': 'mean', 'target': 0.91, 'spread': 0.095, 'learning_rate': 0.01}",ppo,1000,64x64,0.01,,,,,,,
CountRecallMedium,filterbank+esn,2,1040,96.27307692307693,-0.5452427200000001,0.12275095094198497,-0.6129485674174637,-0.5698189979423868,1798.0,"{'decomposition': 'legendre', 'n_filters': 12, 'slowest': 0.0056263882716246225, 'input_scaling': 0.06344812061556386, 'bias_dist': 'foldnorm', 'bias_scaling': 0.24743237591527745, 'lr': 0.7604293811879814, 'sr': 1.3687477885807093, 'rc_connectivity': 0.0925705874783593, 'learning_rate': 0.0003}",ppo,1000,64,0.0003,,,,,,,
CountRecallMedium,filterbank+esn,1,1040,96.27307692307693,-0.5460195,0.12075667387788552,-0.5978287789776817,-0.5604898302469136,1744.0,"{'decomposition': 'legendre', 'n_filters': 12, 'slowest': 0.0056263882716246225, 'input_scaling': 0.06344812061556386, 'bias_dist': 'foldnorm', 'bias_scaling': 0.24743237591527745, 'lr': 0.7604293811879814, 'sr': 1.3687477885807093, 'rc_connectivity': 0.0925705874783593, 'learning_rate': 0.001}",ppo,1000,64,0.001,,,,,,,
CountRecallMedium,filterbank+proj,6,1040,0.0,-0.9254370599999998,0.03732205118072158,-0.9246887884397821,-0.9243878693415638,1870.0,"{'decomposition': 'legendre', 'n_filters': 12, 'slowest': 0.029334592739296388, 'input_scaling': 0.049068279099124805, 'bias_dist': 'uniform', 'bias_scaling': 0.46763789100254544, 'lr': 0.2715862958761201, 'weight_increment': 0.1852507853053407, 'min_window': 9, 'max_window': 16, 'use_full_instance': False, 'max_partners': 5, 'homeostasis': 'mean', 'target': 0.91, 'spread': 0.095, 'learning_rate': 0.01}",ppo,1000,64x64,0.01,,,,,,,
CountRecallMedium,filterbank+proj,9,1040,0.0,-0.9269904000000001,0.04733417662154905,-0.9245969215262778,-0.9256264248971193,1855.0,"{'decomposition': 'legendre', 'n_filters': 12, 'slowest': 0.029334592739296388, 'input_scaling': 0.049068279099124805, 'bias_dist': 'uniform', 'bias_scaling': 0.46763789100254544, 'lr': 0.2715862958761201, 'weight_increment': 0.1852507853053407, 'min_window': 9, 'max_window': 16, 'use_full_instance': False, 'max_partners': 5, 'homeostasis': 'mean', 'target': 0.91, 'spread': 0.095, 'learning_rate': 0.01}",ppo,1000,64x64,0.01,,,,,,,
CountRecallMedium,filterbank+esn,0,1040,96.27307692307693,-0.60815532,0.11118531439132419,-0.6465012604134526,-0.5991449639917694,1711.0,"{'decomposition': 'legendre', 'n_filters': 12, 'slowest': 0.0056263882716246225, 'input_scaling': 0.06344812061556386, 'bias_dist': 'foldnorm', 'bias_scaling': 0.24743237591527745, 'lr': 0.7604293811879814, 'sr': 1.3687477885807093, 'rc_connectivity': 0.0925705874783593, 'learning_rate': 0.003}",ppo,1000,64,0.003,,,,,,,
CountRecallMedium,filterbank+proj,2,1040,0.0,-0.9203885400000001,0.04499666942217391,-0.9246029179265659,-0.9237685884773662,1921.0,"{'decomposition': 'legendre', 'n_filters': 12, 'slowest': 0.029334592739296388, 'input_scaling': 0.049068279099124805, 'bias_dist': 'uniform', 'bias_scaling': 0.46763789100254544, 'lr': 0.2715862958761201, 'weight_increment': 0.1852507853053407, 'min_window': 9, 'max_window': 16, 'use_full_instance': False, 'max_partners': 5, 'homeostasis': 'mean', 'target': 0.91, 'spread': 0.095, 'learning_rate': 0.01}",ppo,1000,64x64,0.01,,,,,,,
CountRecallMedium,filterbank+esn,0,1040,96.27307692307693,-0.51883494,0.12793685768775315,-0.597750901984984,-0.5623277109053498,1909.0,"{'decomposition': 'legendre', 'n_filters': 12, 'slowest': 0.0056263882716246225, 'input_scaling': 0.06344812061556386, 'bias_dist': 'foldnorm', 'bias_scaling': 0.24743237591527745, 'lr': 0.7604293811879814, 'sr': 1.3687477885807093, 'rc_connectivity': 0.0925705874783593, 'learning_rate': 0.0003}",ppo,1000,64,0.0003,,,,,,,
CountRecallMedium,filterbank+esn,7,1040,96.27307692307693,-0.5390291,0.1156478217664734,-0.6038379471356577,-0.563226658436214,1787.0,"{'decomposition': 'legendre', 'n_filters': 12, 'slowest': 0.0056263882716246225, 'input_scaling': 0.06344812061556386, 'bias_dist': 'foldnorm', 'bias_scaling': 0.24743237591527745, 'lr': 0.7604293811879814, 'sr': 1.3687477885807093, 'rc_connectivity': 0.0925705874783593, 'learning_rate': 0.001}",ppo,1000,64,0.001,,,,,,,
CountRecallMedium,filterbank+esn,0,1040,96.27307692307693,-0.5266019399999999,0.11899529916049793,-0.6070372476601872,-0.5707579259259259,1845.0,"{'decomposition': 'legendre', 'n_filters': 12, 'slowest': 0.0056263882716246225, 'input_scaling': 0.06344812061556386, 'bias_dist': 'foldnorm', 'bias_scaling': 0.24743237591527745, 'lr': 0.7604293811879814, 'sr': 1.3687477885807093, 'rc_connectivity': 0.0925705874783593, 'learning_rate': 0.001}",ppo,1000,64,0.001,,,,,,,
CountRecallMedium,filterbank+esn,1,1040,96.27307692307693,-0.592233,0.0929607972822953,-0.6589030245808906,-0.6095528940329217,1749.0,"{'decomposition': 'legendre', 'n_filters': 12, 'slowest': 0.0056263882716246225, 'input_scaling': 0.06344812061556386, 'bias_dist': 'foldnorm', 'bias_scaling': 0.24743237591527745, 'lr': 0.7604293811879814, 'sr': 1.3687477885807093, 'rc_connectivity': 0.0925705874783593, 'learning_rate': 0.003}",ppo,1000,64,0.003,,,,,,,
CountRecallMedium,filterbank+esn,8,1040,96.27307692307693,-0.5666019400000001,0.09404466847842254,-0.6254821502622647,-0.590614871399177,1789.0,"{'decomposition': 'legendre', 'n_filters': 12, 'slowest': 0.0056263882716246225, 'input_scaling': 0.06344812061556386, 'bias_dist': 'foldnorm', 'bias_scaling': 0.24743237591527745, 'lr': 0.7604293811879814, 'sr': 1.3687477885807093, 'rc_connectivity': 0.0925705874783593, 'learning_rate': 0.001}",ppo,1000,64,0.001,,,,,,,
CountRecallMedium,filterbank+esn,7,1040,96.27307692307693,-0.5211651199999999,0.11979873050673616,-0.5792840346600843,-0.5415318209876543,1892.0,"{'decomposition': 'legendre', 'n_filters': 12, 'slowest': 0.0056263882716246225, 'input_scaling': 0.06344812061556386, 'bias_dist': 'foldnorm', 'bias_scaling': 0.24743237591527745, 'lr': 0.7604293811879814, 'sr': 1.3687477885807093, 'rc_connectivity': 0.0925705874783593, 'learning_rate': 0.0003}",ppo,1000,64,0.0003,,,,,,,
CountRecallMedium,filterbank+esn,3,1040,96.27307692307693,-0.6318446200000001,0.09606917941668701,-0.6782446040316775,-0.6380198333333332,1786.0,"{'decomposition': 'legendre', 'n_filters': 12, 'slowest': 0.0056263882716246225, 'input_scaling': 0.06344812061556386, 'bias_dist': 'foldnorm', 'bias_scaling': 0.24743237591527745, 'lr': 0.7604293811879814, 'sr': 1.3687477885807093, 'rc_connectivity': 0.0925705874783593, 'learning_rate': 0.003}",ppo,1000,64,0.003,,,,,,,
CountRecallMedium,filterbank+proj,1,1040,0.0,-0.9215535800000001,0.04880862325576907,-0.9248725205183586,-0.9241681316872428,2071.0,"{'decomposition': 'legendre', 'n_filters': 12, 'slowest': 0.029334592739296388, 'input_scaling': 0.049068279099124805, 'bias_dist': 'uniform', 'bias_scaling': 0.46763789100254544, 'lr': 0.2715862958761201, 'weight_increment': 0.1852507853053407, 'min_window': 9, 'max_window': 16, 'use_full_instance': False, 'max_partners': 5, 'homeostasis': 'mean', 'target': 0.91, 'spread': 0.095, 'learning_rate': 0.01}",ppo,1000,64x64,0.01,,,,,,,
CountRecallMedium,filterbank+proj,3,1040,0.0,-0.9231069400000002,0.03997554973050903,-0.9250582471459426,-0.9238484794238683,2053.0,"{'decomposition': 'legendre', 'n_filters': 12, 'slowest': 0.029334592739296388, 'input_scaling': 0.049068279099124805, 'bias_dist': 'uniform', 'bias_scaling': 0.46763789100254544, 'lr': 0.2715862958761201, 'weight_increment': 0.1852507853053407, 'min_window': 9, 'max_window': 16, 'use_full_instance': False, 'max_partners': 5, 'homeostasis': 'mean', 'target': 0.91, 'spread': 0.095, 'learning_rate': 0.01}",ppo,1000,64x64,0.01,,,,,,,
CountRecallMedium,filterbank+proj,8,1040,0.0,-0.91922344,0.049331127151996036,-0.923877981692893,-0.9228896131687243,2029.0,"{'decomposition': 'legendre', 'n_filters': 12, 'slowest': 0.029334592739296388, 'input_scaling': 0.049068279099124805, 'bias_dist': 'uniform', 'bias_scaling': 0.46763789100254544, 'lr': 0.2715862958761201, 'weight_increment': 0.1852507853053407, 'min_window': 9, 'max_window': 16, 'use_full_instance': False, 'max_partners': 5, 'homeostasis': 'mean', 'target': 0.91, 'spread': 0.095, 'learning_rate': 0.01}",ppo,1000,64x64,0.01,,,,,,,
CountRecallMedium,filterbank+esn,5,1040,96.27307692307693,-0.5234951,0.12121292721904706,-0.5952545708114779,-0.5558951707818929,1988.0,"{'decomposition': 'legendre', 'n_filters': 12, 'slowest': 0.0056263882716246225, 'input_scaling': 0.06344812061556386, 'bias_dist': 'foldnorm', 'bias_scaling': 0.24743237591527745, 'lr': 0.7604293811879814, 'sr': 1.3687477885807093, 'rc_connectivity': 0.0925705874783593, 'learning_rate': 0.0003}",ppo,1000,64,0.0003,,,,,,,
CountRecallMedium,filterbank+esn,2,1040,96.27307692307693,-0.5712621999999999,0.11655915441440026,-0.6377001926360177,-0.5963681913580248,1976.0,"{'decomposition': 'legendre', 'n_filters': 12, 'slowest': 0.0056263882716246225, 'input_scaling': 0.06344812061556386, 'bias_dist': 'foldnorm', 'bias_scaling': 0.24743237591527745, 'lr': 0.7604293811879814, 'sr': 1.3687477885807093, 'rc_connectivity': 0.0925705874783593, 'learning_rate': 0.001}",ppo,1000,64,0.001,,,,,,,
CountRecallMedium,filterbank+esn,2,1040,96.27307692307693,-0.62563096,0.0972456102168031,-0.667797964825671,-0.6302089207818931,1878.0,"{'decomposition': 'legendre', 'n_filters': 12, 'slowest': 0.0056263882716246225, 'input_scaling': 0.06344812061556386, 'bias_dist': 'foldnorm', 'bias_scaling': 0.24743237591527745, 'lr': 0.7604293811879814, 'sr': 1.3687477885807093, 'rc_connectivity': 0.0925705874783593, 'learning_rate': 0.003}",ppo,1000,64,0.003,,,,,,,
CountRecallMedium,filterbank+esn,6,1040,96.27307692307693,-0.5631068199999999,0.08798056309019396,-0.6186222257533682,-0.5791481759259259,1975.0,"{'decomposition': 'legendre', 'n_filters': 12, 'slowest': 0.0056263882716246225, 'input_scaling': 0.06344812061556386, 'bias_dist': 'foldnorm', 'bias_scaling': 0.24743237591527745, 'lr': 0.7604293811879814, 'sr': 1.3687477885807093, 'rc_connectivity': 0.0925705874783593, 'learning_rate': 0.001}",ppo,1000,64,0.001,,,,,,,
CountRecallMedium,filterbank+esn,5,1040,96.27307692307693,-0.5487378399999999,0.11884756660148496,-0.6144363741643526,-0.5761117109053498,1978.0,"{'decomposition': 'legendre', 'n_filters': 12, 'slowest': 0.0056263882716246225, 'input_scaling': 0.06344812061556386, 'bias_dist': 'foldnorm', 'bias_scaling': 0.24743237591527745, 'lr': 0.7604293811879814, 'sr': 1.3687477885807093, 'rc_connectivity': 0.0925705874783593, 'learning_rate': 0.001}",ppo,1000,64,0.001,,,,,,,
CountRecallMedium,filterbank+proj,4,1040,0.0,-0.9215535800000001,0.034726446102698164,-0.9248106089684252,-0.9226898425925926,2128.0,"{'decomposition': 'legendre', 'n_filters': 12, 'slowest': 0.029334592739296388, 'input_scaling': 0.049068279099124805, 'bias_dist': 'uniform', 'bias_scaling': 0.46763789100254544, 'lr': 0.2715862958761201, 'weight_increment': 0.1852507853053407, 'min_window': 9, 'max_window': 16, 'use_full_instance': False, 'max_partners': 5, 'homeostasis': 'mean', 'target': 0.91, 'spread': 0.095, 'learning_rate': 0.01}",ppo,1000,64x64,0.01,,,,,,,
CountRecallMedium,filterbank+esn,9,1040,96.27307692307693,-0.54912624,0.09175978396913541,-0.6119480291062428,-0.5758320277777778,1972.0,"{'decomposition': 'legendre', 'n_filters': 12, 'slowest': 0.0056263882716246225, 'input_scaling': 0.06344812061556386, 'bias_dist': 'foldnorm', 'bias_scaling': 0.24743237591527745, 'lr': 0.7604293811879814, 'sr': 1.3687477885807093, 'rc_connectivity': 0.0925705874783593, 'learning_rate': 0.001}",ppo,1000,64,0.001,,,,,,,
CountRecallMedium,filterbank+proj,5,1040,0.0,-0.9056312000000001,0.04595181793531134,-0.9248086140080222,-0.924867329218107,2172.0,"{'decomposition': 'legendre', 'n_filters': 12, 'slowest': 0.029334592739296388, 'input_scaling': 0.049068279099124805, 'bias_dist': 'uniform', 'bias_scaling': 0.46763789100254544, 'lr': 0.2715862958761201, 'weight_increment': 0.1852507853053407, 'min_window': 9, 'max_window': 16, 'use_full_instance': False, 'max_partners': 5, 'homeostasis': 'mean', 'target': 0.91, 'spread': 0.095, 'learning_rate': 0.01}",ppo,1000,64x64,0.01,,,,,,,
CountRecallMedium,filterbank+esn,4,1040,96.27307692307693,-0.63456312,0.09565463187167468,-0.6777732941478967,-0.6440328744855969,1741.0,"{'decomposition': 'legendre', 'n_filters': 12, 'slowest': 0.0056263882716246225, 'input_scaling': 0.06344812061556386, 'bias_dist': 'foldnorm', 'bias_scaling': 0.24743237591527745, 'lr': 0.7604293811879814, 'sr': 1.3687477885807093, 'rc_connectivity': 0.0925705874783593, 'learning_rate': 0.003}",ppo,1000,64,0.003,,,,,,,
CountRecallMedium,filterbank+esn,5,1040,96.27307692307693,-0.5650485000000001,0.11598592365407968,-0.6595580569782988,-0.604338927983539,1734.0,"{'decomposition': 'legendre', 'n_filters': 12, 'slowest': 0.0056263882716246225, 'input_scaling': 0.06344812061556386, 'bias_dist': 'foldnorm', 'bias_scaling': 0.24743237591527745, 'lr': 0.7604293811879814, 'sr': 1.3687477885807093, 'rc_connectivity': 0.0925705874783593, 'learning_rate': 0.003}",ppo,1000,64,0.003,,,,,,,
CountRecallMedium,filterbank+esn,7,1040,96.27307692307693,-0.60155336,0.09963560847001639,-0.6611077777434948,-0.6091533343621399,1764.0,"{'decomposition': 'legendre', 'n_filters': 12, 'slowest': 0.0056263882716246225, 'input_scaling': 0.06344812061556386, 'bias_dist': 'foldnorm', 'bias_scaling': 0.24743237591527745, 'lr': 0.7604293811879814, 'sr': 1.3687477885807093, 'rc_connectivity': 0.0925705874783593, 'learning_rate': 0.003}",ppo,1000,64,0.003,,,,,,,
CountRecallMedium,filterbank+esn,8,1040,96.27307692307693,-0.60737854,0.09640845478612547,-0.6740427757893653,-0.6377801306584362,1743.0,"{'decomposition': 'legendre', 'n_filters': 12, 'slowest': 0.0056263882716246225, 'input_scaling': 0.06344812061556386, 'bias_dist': 'foldnorm', 'bias_scaling': 0.24743237591527745, 'lr': 0.7604293811879814, 'sr': 1.3687477885807093, 'rc_connectivity': 0.0925705874783593, 'learning_rate': 0.003}",ppo,1000,64,0.003,,,,,,,
CountRecallMedium,filterbank+esn,6,1040,96.27307692307693,-0.61902904,0.1066999421757969,-0.6652936370461792,-0.629389866255144,1812.0,"{'decomposition': 'legendre', 'n_filters': 12, 'slowest': 0.0056263882716246225, 'input_scaling': 0.06344812061556386, 'bias_dist': 'foldnorm', 'bias_scaling': 0.24743237591527745, 'lr': 0.7604293811879814, 'sr': 1.3687477885807093, 'rc_connectivity': 0.0925705874783593, 'learning_rate': 0.003}",ppo,1000,64,0.003,,,,,,,
CountRecallMedium,filterbank+esn,9,1040,96.27307692307693,-0.60970868,0.09076495317652954,-0.6462396410572868,-0.597546841563786,1746.0,"{'decomposition': 'legendre', 'n_filters': 12, 'slowest': 0.0056263882716246225, 'input_scaling': 0.06344812061556386, 'bias_dist': 'foldnorm', 'bias_scaling': 0.24743237591527745, 'lr': 0.7604293811879814, 'sr': 1.3687477885807093, 'rc_connectivity': 0.0925705874783593, 'learning_rate': 0.003}",ppo,1000,64,0.003,,,,,,,
CountRecallMedium,filterbank+esn,2,1040,96.27307692307693,-0.81825242,0.07084168778059709,-0.864387296204875,-0.8367694094650205,1705.0,"{'decomposition': 'legendre', 'n_filters': 12, 'slowest': 0.0056263882716246225, 'input_scaling': 0.06344812061556386, 'bias_dist': 'foldnorm', 'bias_scaling': 0.24743237591527745, 'lr': 0.7604293811879814, 'sr': 1.3687477885807093, 'rc_connectivity': 0.0925705874783593, 'learning_rate': 0.01}",ppo,1000,64,0.01,,,,,,,
CountRecallMedium,filterbank+esn,0,1040,96.27307692307693,-0.9289322200000001,0.03817104000589453,-0.9066153115293633,-0.9250071522633745,1777.0,"{'decomposition': 'legendre', 'n_filters': 12, 'slowest': 0.0056263882716246225, 'input_scaling': 0.06344812061556386, 'bias_dist': 'foldnorm', 'bias_scaling': 0.24743237591527745, 'lr': 0.7604293811879814, 'sr': 1.3687477885807093, 'rc_connectivity': 0.0925705874783593, 'learning_rate': 0.01}",ppo,1000,64,0.01,,,,,,,
CountRecallMedium,filterbank+esn,3,1040,96.27307692307693,-0.88155356,0.05111637687284185,-0.8656174918235111,-0.8758241358024691,1760.0,"{'decomposition': 'legendre', 'n_filters': 12, 'slowest': 0.0056263882716246225, 'input_scaling': 0.06344812061556386, 'bias_dist': 'foldnorm', 'bias_scaling': 0.24743237591527745, 'lr': 0.7604293811879814, 'sr': 1.3687477885807093, 'rc_connectivity': 0.0925705874783593, 'learning_rate': 0.01}",ppo,1000,64,0.01,,,,,,,
CountRecallMedium,filterbank+esn,4,1040,96.27307692307693,-0.82640782,0.06831094171000426,-0.8536630411395659,-0.8189100853909465,1770.0,"{'decomposition': 'legendre', 'n_filters': 12, 'slowest': 0.0056263882716246225, 'input_scaling': 0.06344812061556386, 'bias_dist': 'foldnorm', 'bias_scaling': 0.24743237591527745, 'lr': 0.7604293811879814, 'sr': 1.3687477885807093, 'rc_connectivity': 0.0925705874783593, 'learning_rate': 0.01}",ppo,1000,64,0.01,,,,,,,
CountRecallMedium,filterbank+esn,1,1040,96.27307692307693,-0.92310696,0.039405522052605786,-0.8680798693818781,-0.9217109588477367,1836.0,"{'decomposition': 'legendre', 'n_filters': 12, 'slowest': 0.0056263882716246225, 'input_scaling': 0.06344812061556386, 'bias_dist': 'foldnorm', 'bias_scaling': 0.24743237591527745, 'lr': 0.7604293811879814, 'sr': 1.3687477885807093, 'rc_connectivity': 0.0925705874783593, 'learning_rate': 0.01}",ppo,1000,64,0.01,,,,,,,
CountRecallMedium,filterbank+esn,5,1040,96.27307692307693,-0.7984466199999999,0.07222574696488504,-0.8432523142034352,-0.8029485771604938,1780.0,"{'decomposition': 'legendre', 'n_filters': 12, 'slowest': 0.0056263882716246225, 'input_scaling': 0.06344812061556386, 'bias_dist': 'foldnorm', 'bias_scaling': 0.24743237591527745, 'lr': 0.7604293811879814, 'sr': 1.3687477885807093, 'rc_connectivity': 0.0925705874783593, 'learning_rate': 0.01}",ppo,1000,64,0.01,,,,,,,
CountRecallMedium,filterbank+esn,9,1040,96.27307692307693,-0.8726214800000001,0.05917214823081549,-0.8510149280057595,-0.8555875761316872,1778.0,"{'decomposition': 'legendre', 'n_filters': 12, 'slowest': 0.0056263882716246225, 'input_scaling': 0.06344812061556386, 'bias_dist': 'foldnorm', 'bias_scaling': 0.24743237591527745, 'lr': 0.7604293811879814, 'sr': 1.3687477885807093, 'rc_connectivity': 0.0925705874783593, 'learning_rate': 0.01}",ppo,1000,64,0.01,,,,,,,
CountRecallMedium,filterbank+hag,6,1040,4.986538461538461,-0.5584466000000001,0.11119342518602437,-0.6289330622235936,-0.5981860853909466,1719.0,"{'decomposition': 'legendre', 'n_filters': 12, 'slowest': 0.029334592739296388, 'input_scaling': 0.049068279099124805, 'bias_dist': 'uniform', 'bias_scaling': 0.46763789100254544, 'lr': 0.2715862958761201, 'weight_increment': 0.1852507853053407, 'min_window': 9, 'max_window': 16, 'use_full_instance': False, 'max_partners': 5, 'homeostasis': 'mean', 'target': 0.91, 'spread': 0.095, 'learning_rate': 0.0003}",ppo,1000,64,0.0003,,,,,,,
CountRecallMedium,filterbank+hag,2,1040,4.973076923076923,-0.7071844199999999,0.07909752146662752,-0.7282890893757071,-0.705181913580247,1793.0,"{'decomposition': 'legendre', 'n_filters': 12, 'slowest': 0.029334592739296388, 'input_scaling': 0.049068279099124805, 'bias_dist': 'uniform', 'bias_scaling': 0.46763789100254544, 'lr': 0.2715862958761201, 'weight_increment': 0.1852507853053407, 'min_window': 9, 'max_window': 16, 'use_full_instance': False, 'max_partners': 5, 'homeostasis': 'mean', 'target': 0.91, 'spread': 0.095, 'learning_rate': 0.0003}",ppo,1000,64,0.0003,,,,,,,
CountRecallMedium,filterbank+hag,1,1040,4.9788461538461535,-0.55611652,0.11154550191634624,-0.6258116515478761,-0.5952894382716049,1833.0,"{'decomposition': 'legendre', 'n_filters': 12, 'slowest': 0.029334592739296388, 'input_scaling': 0.049068279099124805, 'bias_dist': 'uniform', 'bias_scaling': 0.46763789100254544, 'lr': 0.2715862958761201, 'weight_increment': 0.1852507853053407, 'min_window': 9, 'max_window': 16, 'use_full_instance': False, 'max_partners': 5, 'homeostasis': 'mean', 'target': 0.91, 'spread': 0.095, 'learning_rate': 0.0003}",ppo,1000,64,0.0003,,,,,,,
CountRecallMedium,filterbank+esn,8,1040,96.27307692307693,-0.88854382,0.03994717126240106,-0.8845776622441632,-0.9074674732510287,1871.0,"{'decomposition': 'legendre', 'n_filters': 12, 'slowest': 0.0056263882716246225, 'input_scaling': 0.06344812061556386, 'bias_dist': 'foldnorm', 'bias_scaling': 0.24743237591527745, 'lr': 0.7604293811879814, 'sr': 1.3687477885807093, 'rc_connectivity': 0.0925705874783593, 'learning_rate': 0.01}",ppo,1000,64,0.01,,,,,,,
CountRecallMedium,filterbank+hag,4,1040,4.957692307692308,-0.6407767200000001,0.09702909093071829,-0.7030461659981486,-0.6741978621399177,1833.0,"{'decomposition': 'legendre', 'n_filters': 12, 'slowest': 0.029334592739296388, 'input_scaling': 0.049068279099124805, 'bias_dist': 'uniform', 'bias_scaling': 0.46763789100254544, 'lr': 0.2715862958761201, 'weight_increment': 0.1852507853053407, 'min_window': 9, 'max_window': 16, 'use_full_instance': False, 'max_partners': 5, 'homeostasis': 'mean', 'target': 0.91, 'spread': 0.095, 'learning_rate': 0.0003}",ppo,1000,64,0.0003,,,,,,,
CountRecallMedium,filterbank+hag,3,1040,4.9653846153846155,-0.5739805,0.10481189069494931,-0.6297199085673146,-0.6103119989711933,1849.0,"{'decomposition': 'legendre', 'n_filters': 12, 'slowest': 0.029334592739296388, 'input_scaling': 0.049068279099124805, 'bias_dist': 'uniform', 'bias_scaling': 0.46763789100254544, 'lr': 0.2715862958761201, 'weight_increment': 0.1852507853053407, 'min_window': 9, 'max_window': 16, 'use_full_instance': False, 'max_partners': 5, 'homeostasis': 'mean', 'target': 0.91, 'spread': 0.095, 'learning_rate': 0.0003}",ppo,1000,64,0.0003,,,,,,,
CountRecallMedium,filterbank+esn,6,1040,96.27307692307693,-0.8757282200000001,0.06393054166430628,-0.8606168313277793,-0.8863119917695472,1928.0,"{'decomposition': 'legendre', 'n_filters': 12, 'slowest': 0.0056263882716246225, 'input_scaling': 0.06344812061556386, 'bias_dist': 'foldnorm', 'bias_scaling': 0.24743237591527745, 'lr': 0.7604293811879814, 'sr': 1.3687477885807093, 'rc_connectivity': 0.0925705874783593, 'learning_rate': 0.01}",ppo,1000,64,0.01,,,,,,,
CountRecallMedium,filterbank+esn,7,1040,96.27307692307693,-0.79223298,0.06489632181302418,-0.8316473548287565,-0.814615061728395,1894.0,"{'decomposition': 'legendre', 'n_filters': 12, 'slowest': 0.0056263882716246225, 'input_scaling': 0.06344812061556386, 'bias_dist': 'foldnorm', 'bias_scaling': 0.24743237591527745, 'lr': 0.7604293811879814, 'sr': 1.3687477885807093, 'rc_connectivity': 0.0925705874783593, 'learning_rate': 0.01}",ppo,1000,64,0.01,,,,,,,
CountRecallMedium,filterbank+hag,0,1040,4.954807692307693,-0.6100971199999999,0.1055595712294513,-0.688669276869279,-0.6669462613168725,1799.0,"{'decomposition': 'legendre', 'n_filters': 12, 'slowest': 0.029334592739296388, 'input_scaling': 0.049068279099124805, 'bias_dist': 'uniform', 'bias_scaling': 0.46763789100254544, 'lr': 0.2715862958761201, 'weight_increment': 0.1852507853053407, 'min_window': 9, 'max_window': 16, 'use_full_instance': False, 'max_partners': 5, 'homeostasis': 'mean', 'target': 0.91, 'spread': 0.095, 'learning_rate': 0.001}",ppo,1000,64,0.001,,,,,,,
CountRecallMedium,filterbank+hag,8,1040,4.966346153846154,-0.5700970799999999,0.11161305360518366,-0.6407756707806233,-0.6002237335390946,1850.0,"{'decomposition': 'legendre', 'n_filters': 12, 'slowest': 0.029334592739296388, 'input_scaling': 0.049068279099124805, 'bias_dist': 'uniform', 'bias_scaling': 0.46763789100254544, 'lr': 0.2715862958761201, 'weight_increment': 0.1852507853053407, 'min_window': 9, 'max_window': 16, 'use_full_instance': False, 'max_partners': 5, 'homeostasis': 'mean', 'target': 0.91, 'spread': 0.095, 'learning_rate': 0.0003}",ppo,1000,64,0.0003,,,,,,,
CountRecallMedium,filterbank+hag,0,1040,4.954807692307693,-0.5580582599999999,0.12222580129887634,-0.6253683102951764,-0.5894162613168724,2002.0,"{'decomposition': 'legendre', 'n_filters': 12, 'slowest': 0.029334592739296388, 'input_scaling': 0.049068279099124805, 'bias_dist': 'uniform', 'bias_scaling': 0.46763789100254544, 'lr': 0.2715862958761201, 'weight_increment': 0.1852507853053407, 'min_window': 9, 'max_window': 16, 'use_full_instance': False, 'max_partners': 5, 'homeostasis': 'mean', 'target': 0.91, 'spread': 0.095, 'learning_rate': 0.0003}",ppo,1000,64,0.0003,,,,,,,
CountRecallMedium,filterbank+hag,5,1040,4.9875,-0.5794174799999999,0.12848491803246637,-0.6817534465699887,-0.6623116471193414,1973.0,"{'decomposition': 'legendre', 'n_filters': 12, 'slowest': 0.029334592739296388, 'input_scaling': 0.049068279099124805, 'bias_dist': 'uniform', 'bias_scaling': 0.46763789100254544, 'lr': 0.2715862958761201, 'weight_increment': 0.1852507853053407, 'min_window': 9, 'max_window': 16, 'use_full_instance': False, 'max_partners': 5, 'homeostasis': 'mean', 'target': 0.91, 'spread': 0.095, 'learning_rate': 0.0003}",ppo,1000,64,0.0003,,,,,,,
CountRecallMedium,filterbank+hag,1,1040,4.9788461538461535,-0.67572816,0.10016477636781505,-0.6827579647228222,-0.6687042232510289,1858.0,"{'decomposition': 'legendre', 'n_filters': 12, 'slowest': 0.029334592739296388, 'input_scaling': 0.049068279099124805, 'bias_dist': 'uniform', 'bias_scaling': 0.46763789100254544, 'lr': 0.2715862958761201, 'weight_increment': 0.1852507853053407, 'min_window': 9, 'max_window': 16, 'use_full_instance': False, 'max_partners': 5, 'homeostasis': 'mean', 'target': 0.91, 'spread': 0.095, 'learning_rate': 0.001}",ppo,1000,64,0.001,,,,,,,
CountRecallMedium,filterbank+hag,8,1040,4.966346153846154,-0.7048543399999998,0.07337645221666417,-0.7271847044122185,-0.7277157746913581,1797.0,"{'decomposition': 'legendre', 'n_filters': 12, 'slowest': 0.029334592739296388, 'input_scaling': 0.049068279099124805, 'bias_dist': 'uniform', 'bias_scaling': 0.46763789100254544, 'lr': 0.2715862958761201, 'weight_increment': 0.1852507853053407, 'min_window': 9, 'max_window': 16, 'use_full_instance': False, 'max_partners': 5, 'homeostasis': 'mean', 'target': 0.91, 'spread': 0.095, 'learning_rate': 0.001}",ppo,1000,64,0.001,,,,,,,
CountRecallMedium,filterbank+hag,7,1040,4.977884615384616,-0.61203882,0.11418325107277161,-0.6525823091638383,-0.6282511995884774,1973.0,"{'decomposition': 'legendre', 'n_filters': 12, 'slowest': 0.029334592739296388, 'input_scaling': 0.049068279099124805, 'bias_dist': 'uniform', 'bias_scaling': 0.46763789100254544, 'lr': 0.2715862958761201, 'weight_increment': 0.1852507853053407, 'min_window': 9, 'max_window': 16, 'use_full_instance': False, 'max_partners': 5, 'homeostasis': 'mean', 'target': 0.91, 'spread': 0.095, 'learning_rate': 0.0003}",ppo,1000,64,0.0003,,,,,,,
CountRecallMedium,filterbank+hag,9,1040,4.9490384615384615,-0.5491261,0.11423608165238337,-0.6247212580479276,-0.5878381049382716,1962.0,"{'decomposition': 'legendre', 'n_filters': 12, 'slowest': 0.029334592739296388, 'input_scaling': 0.049068279099124805, 'bias_dist': 'uniform', 'bias_scaling': 0.46763789100254544, 'lr': 0.2715862958761201, 'weight_increment': 0.1852507853053407, 'min_window': 9, 'max_window': 16, 'use_full_instance': False, 'max_partners': 5, 'homeostasis': 'mean', 'target': 0.91, 'spread': 0.095, 'learning_rate': 0.0003}",ppo,1000,64,0.0003,,,,,,,
CountRecallMedium,filterbank+hag,1,1040,4.9788461538461535,-0.7526213199999999,0.07009798453177951,-0.7961174953203742,-0.7947580679012345,1803.0,"{'decomposition': 'legendre', 'n_filters': 12, 'slowest': 0.029334592739296388, 'input_scaling': 0.049068279099124805, 'bias_dist': 'uniform', 'bias_scaling': 0.46763789100254544, 'lr': 0.2715862958761201, 'weight_increment': 0.1852507853053407, 'min_window': 9, 'max_window': 16, 'use_full_instance': False, 'max_partners': 5, 'homeostasis': 'mean', 'target': 0.91, 'spread': 0.095, 'learning_rate': 0.003}",ppo,1000,64,0.003,,,,,,,
CountRecallMedium,filterbank+hag,3,1040,4.9653846153846155,-0.77475724,0.06914373038723323,-0.816904986835339,-0.8054257191358024,1794.0,"{'decomposition': 'legendre', 'n_filters': 12, 'slowest': 0.029334592739296388, 'input_scaling': 0.049068279099124805, 'bias_dist': 'uniform', 'bias_scaling': 0.46763789100254544, 'lr': 0.2715862958761201, 'weight_increment': 0.1852507853053407, 'min_window': 9, 'max_window': 16, 'use_full_instance': False, 'max_partners': 5, 'homeostasis': 'mean', 'target': 0.91, 'spread': 0.095, 'learning_rate': 0.003}",ppo,1000,64,0.003,,,,,,,
CountRecallMedium,filterbank+hag,0,1040,4.954807692307693,-0.81281554,0.06342839678194932,-0.8273556490795022,-0.8386072602880658,1848.0,"{'decomposition': 'legendre', 'n_filters': 12, 'slowest': 0.029334592739296388, 'input_scaling': 0.049068279099124805, 'bias_dist': 'uniform', 'bias_scaling': 0.46763789100254544, 'lr': 0.2715862958761201, 'weight_increment': 0.1852507853053407, 'min_window': 9, 'max_window': 16, 'use_full_instance': False, 'max_partners': 5, 'homeostasis': 'mean', 'target': 0.91, 'spread': 0.095, 'learning_rate': 0.003}",ppo,1000,64,0.003,,,,,,,
CountRecallMedium,filterbank+hag,2,1040,4.973076923076923,-0.7297086,0.08126072638267517,-0.7352368847063664,-0.7232210164609053,1966.0,"{'decomposition': 'legendre', 'n_filters': 12, 'slowest': 0.029334592739296388, 'input_scaling': 0.049068279099124805, 'bias_dist': 'uniform', 'bias_scaling': 0.46763789100254544, 'lr': 0.2715862958761201, 'weight_increment': 0.1852507853053407, 'min_window': 9, 'max_window': 16, 'use_full_instance': False, 'max_partners': 5, 'homeostasis': 'mean', 'target': 0.91, 'spread': 0.095, 'learning_rate': 0.001}",ppo,1000,64,0.001,,,,,,,
CountRecallMedium,filterbank+hag,8,1040,4.966346153846154,-0.90291274,0.04927613816557058,-0.8511806772601049,-0.9006753384773662,1785.0,"{'decomposition': 'legendre', 'n_filters': 12, 'slowest': 0.029334592739296388, 'input_scaling': 0.049068279099124805, 'bias_dist': 'uniform', 'bias_scaling': 0.46763789100254544, 'lr': 0.2715862958761201, 'weight_increment': 0.1852507853053407, 'min_window': 9, 'max_window': 16, 'use_full_instance': False, 'max_partners': 5, 'homeostasis': 'mean', 'target': 0.91, 'spread': 0.095, 'learning_rate': 0.003}",ppo,1000,64,0.003,,,,,,,
CountRecallMedium,filterbank+hag,7,1040,4.977884615384616,-0.9118448400000001,0.04414401533950441,-0.8715128400699373,-0.9092653991769547,1790.0,"{'decomposition': 'legendre', 'n_filters': 12, 'slowest': 0.029334592739296388, 'input_scaling': 0.049068279099124805, 'bias_dist': 'uniform', 'bias_scaling': 0.46763789100254544, 'lr': 0.2715862958761201, 'weight_increment': 0.1852507853053407, 'min_window': 9, 'max_window': 16, 'use_full_instance': False, 'max_partners': 5, 'homeostasis': 'mean', 'target': 0.91, 'spread': 0.095, 'learning_rate': 0.003}",ppo,1000,64,0.003,,,,,,,
CountRecallMedium,filterbank+hag,5,1040,4.9875,-0.7452426600000002,0.06800448416291678,-0.7835878933456752,-0.764872700617284,1950.0,"{'decomposition': 'legendre', 'n_filters': 12, 'slowest': 0.029334592739296388, 'input_scaling': 0.049068279099124805, 'bias_dist': 'uniform', 'bias_scaling': 0.46763789100254544, 'lr': 0.2715862958761201, 'weight_increment': 0.1852507853053407, 'min_window': 9, 'max_window': 16, 'use_full_instance': False, 'max_partners': 5, 'homeostasis': 'mean', 'target': 0.91, 'spread': 0.095, 'learning_rate': 0.001}",ppo,1000,64,0.001,,,,,,,
CountRecallMedium,filterbank+hag,6,1040,4.986538461538461,-0.6866018799999999,0.08320201466061744,-0.6993595766738662,-0.7022253425925926,1990.0,"{'decomposition': 'legendre', 'n_filters': 12, 'slowest': 0.029334592739296388, 'input_scaling': 0.049068279099124805, 'bias_dist': 'uniform', 'bias_scaling': 0.46763789100254544, 'lr': 0.2715862958761201, 'weight_increment': 0.1852507853053407, 'min_window': 9, 'max_window': 16, 'use_full_instance': False, 'max_partners': 5, 'homeostasis': 'mean', 'target': 0.91, 'spread': 0.095, 'learning_rate': 0.001}",ppo,1000,64,0.001,,,,,,,
CountRecallMedium,filterbank+hag,3,1040,4.9653846153846155,-0.63067958,0.08396694611788379,-0.6998568413041242,-0.6883214588477367,2038.0,"{'decomposition': 'legendre', 'n_filters': 12, 'slowest': 0.029334592739296388, 'input_scaling': 0.049068279099124805, 'bias_dist': 'uniform', 'bias_scaling': 0.46763789100254544, 'lr': 0.2715862958761201, 'weight_increment': 0.1852507853053407, 'min_window': 9, 'max_window': 16, 'use_full_instance': False, 'max_partners': 5, 'homeostasis': 'mean', 'target': 0.91, 'spread': 0.095, 'learning_rate': 0.001}",ppo,1000,64,0.001,,,,,,,
CountRecallMedium,filterbank+hag,4,1040,4.957692307692308,-0.8299029800000003,0.06493227973711996,-0.8479374400905069,-0.8492749063786007,1892.0,"{'decomposition': 'legendre', 'n_filters': 12, 'slowest': 0.029334592739296388, 'input_scaling': 0.049068279099124805, 'bias_dist': 'uniform', 'bias_scaling': 0.46763789100254544, 'lr': 0.2715862958761201, 'weight_increment': 0.1852507853053407, 'min_window': 9, 'max_window': 16, 'use_full_instance': False, 'max_partners': 5, 'homeostasis': 'mean', 'target': 0.91, 'spread': 0.095, 'learning_rate': 0.003}",ppo,1000,64,0.003,,,,,,,
CountRecallMedium,filterbank+hag,9,1040,4.9490384615384615,-0.7716504,0.06458291645040505,-0.7925926742774864,-0.7625154495884773,1842.0,"{'decomposition': 'legendre', 'n_filters': 12, 'slowest': 0.029334592739296388, 'input_scaling': 0.049068279099124805, 'bias_dist': 'uniform', 'bias_scaling': 0.46763789100254544, 'lr': 0.2715862958761201, 'weight_increment': 0.1852507853053407, 'min_window': 9, 'max_window': 16, 'use_full_instance': False, 'max_partners': 5, 'homeostasis': 'mean', 'target': 0.91, 'spread': 0.095, 'learning_rate': 0.003}",ppo,1000,64,0.003,,,,,,,
CountRecallMedium,filterbank+hag,2,1040,4.973076923076923,-0.87339814,0.04775917427008553,-0.8713091349377763,-0.8778218209876543,1939.0,"{'decomposition': 'legendre', 'n_filters': 12, 'slowest': 0.029334592739296388, 'input_scaling': 0.049068279099124805, 'bias_dist': 'uniform', 'bias_scaling': 0.46763789100254544, 'lr': 0.2715862958761201, 'weight_increment': 0.1852507853053407, 'min_window': 9, 'max_window': 16, 'use_full_instance': False, 'max_partners': 5, 'homeostasis': 'mean', 'target': 0.91, 'spread': 0.095, 'learning_rate': 0.003}",ppo,1000,64,0.003,,,,,,,
CountRecallMedium,filterbank+hag,6,1040,4.986538461538461,-0.90990302,0.04302807680967859,-0.8600576471253728,-0.911462846707819,1909.0,"{'decomposition': 'legendre', 'n_filters': 12, 'slowest': 0.029334592739296388, 'input_scaling': 0.049068279099124805, 'bias_dist': 'uniform', 'bias_scaling': 0.46763789100254544, 'lr': 0.2715862958761201, 'weight_increment': 0.1852507853053407, 'min_window': 9, 'max_window': 16, 'use_full_instance': False, 'max_partners': 5, 'homeostasis': 'mean', 'target': 0.91, 'spread': 0.095, 'learning_rate': 0.003}",ppo,1000,64,0.003,,,,,,,
CountRecallMedium,filterbank+hag,4,1040,4.957692307692308,-0.7464077199999999,0.06033943047097478,-0.7782617174740307,-0.7588197201646091,2067.0,"{'decomposition': 'legendre', 'n_filters': 12, 'slowest': 0.029334592739296388, 'input_scaling': 0.049068279099124805, 'bias_dist': 'uniform', 'bias_scaling': 0.46763789100254544, 'lr': 0.2715862958761201, 'weight_increment': 0.1852507853053407, 'min_window': 9, 'max_window': 16, 'use_full_instance': False, 'max_partners': 5, 'homeostasis': 'mean', 'target': 0.91, 'spread': 0.095, 'learning_rate': 0.001}",ppo,1000,64,0.001,,,,,,,
CountRecallMedium,filterbank+hag,9,1040,4.9490384615384615,-0.72660194,0.09527159406253471,-0.721794617916281,-0.7427383806584363,2043.0,"{'decomposition': 'legendre', 'n_filters': 12, 'slowest': 0.029334592739296388, 'input_scaling': 0.049068279099124805, 'bias_dist': 'uniform', 'bias_scaling': 0.46763789100254544, 'lr': 0.2715862958761201, 'weight_increment': 0.1852507853053407, 'min_window': 9, 'max_window': 16, 'use_full_instance': False, 'max_partners': 5, 'homeostasis': 'mean', 'target': 0.91, 'spread': 0.095, 'learning_rate': 0.001}",ppo,1000,64,0.001,,,,,,,
CountRecallMedium,filterbank+hag,7,1040,4.977884615384616,-0.6947572599999998,0.09646715276482663,-0.7139141940759025,-0.7181668528806584,2083.0,"{'decomposition': 'legendre', 'n_filters': 12, 'slowest': 0.029334592739296388, 'input_scaling': 0.049068279099124805, 'bias_dist': 'uniform', 'bias_scaling': 0.46763789100254544, 'lr': 0.2715862958761201, 'weight_increment': 0.1852507853053407, 'min_window': 9, 'max_window': 16, 'use_full_instance': False, 'max_partners': 5, 'homeostasis': 'mean', 'target': 0.91, 'spread': 0.095, 'learning_rate': 0.001}",ppo,1000,64,0.001,,,,,,,
CountRecallMedium,filterbank+hag,0,1040,4.954807692307693,-0.9130098199999999,0.043806228829101464,-0.925146118687648,-0.9261258539094651,1927.0,"{'decomposition': 'legendre', 'n_filters': 12, 'slowest': 0.029334592739296388, 'input_scaling': 0.049068279099124805, 'bias_dist': 'uniform', 'bias_scaling': 0.46763789100254544, 'lr': 0.2715862958761201, 'weight_increment': 0.1852507853053407, 'min_window': 9, 'max_window': 16, 'use_full_instance': False, 'max_partners': 5, 'homeostasis': 'mean', 'target': 0.91, 'spread': 0.095, 'learning_rate': 0.01}",ppo,1000,64,0.01,,,,,,,
CountRecallMedium,filterbank+hag,5,1040,4.9875,-0.9001942600000001,0.043246537815557,-0.8844838021186875,-0.9027129814814815,2031.0,"{'decomposition': 'legendre', 'n_filters': 12, 'slowest': 0.029334592739296388, 'input_scaling': 0.049068279099124805, 'bias_dist': 'uniform', 'bias_scaling': 0.46763789100254544, 'lr': 0.2715862958761201, 'weight_increment': 0.1852507853053407, 'min_window': 9, 'max_window': 16, 'use_full_instance': False, 'max_partners': 5, 'homeostasis': 'mean', 'target': 0.91, 'spread': 0.095, 'learning_rate': 0.003}",ppo,1000,64,0.003,,,,,,,
CountRecallMedium,filterbank+hag,1,1040,4.9788461538461535,-0.91922344,0.04416961007623228,-0.9244591302067262,-0.9239683518518519,2049.0,"{'decomposition': 'legendre', 'n_filters': 12, 'slowest': 0.029334592739296388, 'input_scaling': 0.049068279099124805, 'bias_dist': 'uniform', 'bias_scaling': 0.46763789100254544, 'lr': 0.2715862958761201, 'weight_increment': 0.1852507853053407, 'min_window': 9, 'max_window': 16, 'use_full_instance': False, 'max_partners': 5, 'homeostasis': 'mean', 'target': 0.91, 'spread': 0.095, 'learning_rate': 0.01}",ppo,1000,64,0.01,,,,,,,
CountRecallMedium,filterbank+hag,2,1040,4.973076923076923,-0.9203885400000001,0.04499666942217391,-0.9247427125372827,-0.9237685884773662,1726.0,"{'decomposition': 'legendre', 'n_filters': 12, 'slowest': 0.029334592739296388, 'input_scaling': 0.049068279099124805, 'bias_dist': 'uniform', 'bias_scaling': 0.46763789100254544, 'lr': 0.2715862958761201, 'weight_increment': 0.1852507853053407, 'min_window': 9, 'max_window': 16, 'use_full_instance': False, 'max_partners': 5, 'homeostasis': 'mean', 'target': 0.91, 'spread': 0.095, 'learning_rate': 0.01}",ppo,1000,64,0.01,,,,,,,
CountRecallMedium,filterbank+hag,4,1040,4.957692307692308,-0.9242720200000001,0.044491100545835015,-0.9247846489766532,-0.9264854444444445,1782.0,"{'decomposition': 'legendre', 'n_filters': 12, 'slowest': 0.029334592739296388, 'input_scaling': 0.049068279099124805, 'bias_dist': 'uniform', 'bias_scaling': 0.46763789100254544, 'lr': 0.2715862958761201, 'weight_increment': 0.1852507853053407, 'min_window': 9, 'max_window': 16, 'use_full_instance': False, 'max_partners': 5, 'homeostasis': 'mean', 'target': 0.91, 'spread': 0.095, 'learning_rate': 0.01}",ppo,1000,64,0.01,,,,,,,
CountRecallMedium,filterbank+hag,6,1040,4.986538461538461,-0.9541749399999999,0.03974861944541471,-0.9568455953923687,-0.9591276100823045,1799.0,"{'decomposition': 'legendre', 'n_filters': 12, 'slowest': 0.029334592739296388, 'input_scaling': 0.049068279099124805, 'bias_dist': 'uniform', 'bias_scaling': 0.46763789100254544, 'lr': 0.2715862958761201, 'weight_increment': 0.1852507853053407, 'min_window': 9, 'max_window': 16, 'use_full_instance': False, 'max_partners': 5, 'homeostasis': 'mean', 'target': 0.91, 'spread': 0.095, 'learning_rate': 0.01}",ppo,1000,64,0.01,,,,,,,
CountRecallMedium,filterbank+hag,5,1040,4.9875,-0.91184482,0.050665862169981875,-0.9250262905481847,-0.9266452427983539,1810.0,"{'decomposition': 'legendre', 'n_filters': 12, 'slowest': 0.029334592739296388, 'input_scaling': 0.049068279099124805, 'bias_dist': 'uniform', 'bias_scaling': 0.46763789100254544, 'lr': 0.2715862958761201, 'weight_increment': 0.1852507853053407, 'min_window': 9, 'max_window': 16, 'use_full_instance': False, 'max_partners': 5, 'homeostasis': 'mean', 'target': 0.91, 'spread': 0.095, 'learning_rate': 0.01}",ppo,1000,64,0.01,,,,,,,
CountRecallMedium,filterbank+proj,0,1040,0.0,-0.9285438599999999,0.046348850258451944,-0.9242074903836264,-0.9215911049382717,1643.0,"{'decomposition': 'legendre', 'n_filters': 12, 'slowest': 0.029334592739296388, 'input_scaling': 0.049068279099124805, 'bias_dist': 'uniform', 'bias_scaling': 0.46763789100254544, 'lr': 0.2715862958761201, 'weight_increment': 0.1852507853053407, 'min_window': 9, 'max_window': 16, 'use_full_instance': False, 'max_partners': 5, 'homeostasis': 'mean', 'target': 0.91, 'spread': 0.095, 'learning_rate': 0.0003}",ppo,1000,64,0.0003,,,,,,,
CountRecallMedium,filterbank+proj,1,1040,0.0,-0.91728166,0.0492469766120155,-0.9243892258562172,-0.9239084176954733,1631.0,"{'decomposition': 'legendre', 'n_filters': 12, 'slowest': 0.029334592739296388, 'input_scaling': 0.049068279099124805, 'bias_dist': 'uniform', 'bias_scaling': 0.46763789100254544, 'lr': 0.2715862958761201, 'weight_increment': 0.1852507853053407, 'min_window': 9, 'max_window': 16, 'use_full_instance': False, 'max_partners': 5, 'homeostasis': 'mean', 'target': 0.91, 'spread': 0.095, 'learning_rate': 0.0003}",ppo,1000,64,0.0003,,,,,,,
CountRecallMedium,filterbank+hag,3,1040,4.9653846153846155,-0.9192234400000001,0.05538042594172061,-0.9232888425383113,-0.9228096934156378,1944.0,"{'decomposition': 'legendre', 'n_filters': 12, 'slowest': 0.029334592739296388, 'input_scaling': 0.049068279099124805, 'bias_dist': 'uniform', 'bias_scaling': 0.46763789100254544, 'lr': 0.2715862958761201, 'weight_increment': 0.1852507853053407, 'min_window': 9, 'max_window': 16, 'use_full_instance': False, 'max_partners': 5, 'homeostasis': 'mean', 'target': 0.91, 'spread': 0.095, 'learning_rate': 0.01}",ppo,1000,64,0.01,,,,,,,
CountRecallMedium,filterbank+proj,5,1040,0.0,-0.8982525399999999,0.04386123109499323,-0.9241455833590455,-0.9184547407407407,1653.0,"{'decomposition': 'legendre', 'n_filters': 12, 'slowest': 0.029334592739296388, 'input_scaling': 0.049068279099124805, 'bias_dist': 'uniform', 'bias_scaling': 0.46763789100254544, 'lr': 0.2715862958761201, 'weight_increment': 0.1852507853053407, 'min_window': 9, 'max_window': 16, 'use_full_instance': False, 'max_partners': 5, 'homeostasis': 'mean', 'target': 0.91, 'spread': 0.095, 'learning_rate': 0.0003}",ppo,1000,64,0.0003,,,,,,,
CountRecallMedium,filterbank+hag,7,1040,4.977884615384616,-0.9254370600000001,0.040797057753426305,-0.9245749547464774,-0.924268007201646,1918.0,"{'decomposition': 'legendre', 'n_filters': 12, 'slowest': 0.029334592739296388, 'input_scaling': 0.049068279099124805, 'bias_dist': 'uniform', 'bias_scaling': 0.46763789100254544, 'lr': 0.2715862958761201, 'weight_increment': 0.1852507853053407, 'min_window': 9, 'max_window': 16, 'use_full_instance': False, 'max_partners': 5, 'homeostasis': 'mean', 'target': 0.91, 'spread': 0.095, 'learning_rate': 0.01}",ppo,1000,64,0.01,,,,,,,
CountRecallMedium,filterbank+hag,9,1040,4.9490384615384615,-0.9211651799999998,0.039491578308641966,-0.9249623907230279,-0.9226099290123456,1816.0,"{'decomposition': 'legendre', 'n_filters': 12, 'slowest': 0.029334592739296388, 'input_scaling': 0.049068279099124805, 'bias_dist': 'uniform', 'bias_scaling': 0.46763789100254544, 'lr': 0.2715862958761201, 'weight_increment': 0.1852507853053407, 'min_window': 9, 'max_window': 16, 'use_full_instance': False, 'max_partners': 5, 'homeostasis': 'mean', 'target': 0.91, 'spread': 0.095, 'learning_rate': 0.01}",ppo,1000,64,0.01,,,,,,,
CountRecallMedium,filterbank+hag,8,1040,4.966346153846154,-0.92776716,0.040922557742819554,-0.912277006068086,-0.924507737654321,1877.0,"{'decomposition': 'legendre', 'n_filters': 12, 'slowest': 0.029334592739296388, 'input_scaling': 0.049068279099124805, 'bias_dist': 'uniform', 'bias_scaling': 0.46763789100254544, 'lr': 0.2715862958761201, 'weight_increment': 0.1852507853053407, 'min_window': 9, 'max_window': 16, 'use_full_instance': False, 'max_partners': 5, 'homeostasis': 'mean', 'target': 0.91, 'spread': 0.095, 'learning_rate': 0.01}",ppo,1000,64,0.01,,,,,,,
CountRecallMedium,filterbank+proj,2,1040,0.0,-0.9467963400000001,0.029781597660709883,-0.9418456052658644,-0.943705480452675,1756.0,"{'decomposition': 'legendre', 'n_filters': 12, 'slowest': 0.029334592739296388, 'input_scaling': 0.049068279099124805, 'bias_dist': 'uniform', 'bias_scaling': 0.46763789100254544, 'lr': 0.2715862958761201, 'weight_increment': 0.1852507853053407, 'min_window': 9, 'max_window': 16, 'use_full_instance': False, 'max_partners': 5, 'homeostasis': 'mean', 'target': 0.91, 'spread': 0.095, 'learning_rate': 0.0003}",ppo,1000,64,0.0003,,,,,,,
CountRecallMedium,filterbank+proj,4,1040,0.0,-0.9250486600000001,0.037251216838975885,-0.9201614349480611,-0.9145792366255143,1687.0,"{'decomposition': 'legendre', 'n_filters': 12, 'slowest': 0.029334592739296388, 'input_scaling': 0.049068279099124805, 'bias_dist': 'uniform', 'bias_scaling': 0.46763789100254544, 'lr': 0.2715862958761201, 'weight_increment': 0.1852507853053407, 'min_window': 9, 'max_window': 16, 'use_full_instance': False, 'max_partners': 5, 'homeostasis': 'mean', 'target': 0.91, 'spread': 0.095, 'learning_rate': 0.0003}",ppo,1000,64,0.0003,,,,,,,
CountRecallMedium,filterbank+proj,3,1040,0.0,-0.9153399799999998,0.04337715714220563,-0.9245869368507663,-0.9249671954732509,1762.0,"{'decomposition': 'legendre', 'n_filters': 12, 'slowest': 0.029334592739296388, 'input_scaling': 0.049068279099124805, 'bias_dist': 'uniform', 'bias_scaling': 0.46763789100254544, 'lr': 0.2715862958761201, 'weight_increment': 0.1852507853053407, 'min_window': 9, 'max_window': 16, 'use_full_instance': False, 'max_partners': 5, 'homeostasis': 'mean', 'target': 0.91, 'spread': 0.095, 'learning_rate': 0.0003}",ppo,1000,64,0.0003,,,,,,,
CountRecallMedium,filterbank+proj,0,1040,0.0,-0.91378652,0.04076006339604491,-0.9248944872981589,-0.9247274742798354,1659.0,"{'decomposition': 'legendre', 'n_filters': 12, 'slowest': 0.029334592739296388, 'input_scaling': 0.049068279099124805, 'bias_dist': 'uniform', 'bias_scaling': 0.46763789100254544, 'lr': 0.2715862958761201, 'weight_increment': 0.1852507853053407, 'min_window': 9, 'max_window': 16, 'use_full_instance': False, 'max_partners': 5, 'homeostasis': 'mean', 'target': 0.91, 'spread': 0.095, 'learning_rate': 0.001}",ppo,1000,64,0.001,,,,,,,
CountRecallMedium,filterbank+proj,7,1040,0.0,-0.92932054,0.042676156105352324,-0.9248585402653502,-0.9243279248971193,1735.0,"{'decomposition': 'legendre', 'n_filters': 12, 'slowest': 0.029334592739296388, 'input_scaling': 0.049068279099124805, 'bias_dist': 'uniform', 'bias_scaling': 0.46763789100254544, 'lr': 0.2715862958761201, 'weight_increment': 0.1852507853053407, 'min_window': 9, 'max_window': 16, 'use_full_instance': False, 'max_partners': 5, 'homeostasis': 'mean', 'target': 0.91, 'spread': 0.095, 'learning_rate': 0.0003}",ppo,1000,64,0.0003,,,,,,,
CountRecallMedium,filterbank+proj,8,1040,0.0,-0.9013594,0.037216799935513,-0.915166764270287,-0.8993568703703703,1726.0,"{'decomposition': 'legendre', 'n_filters': 12, 'slowest': 0.029334592739296388, 'input_scaling': 0.049068279099124805, 'bias_dist': 'uniform', 'bias_scaling': 0.46763789100254544, 'lr': 0.2715862958761201, 'weight_increment': 0.1852507853053407, 'min_window': 9, 'max_window': 16, 'use_full_instance': False, 'max_partners': 5, 'homeostasis': 'mean', 'target': 0.91, 'spread': 0.095, 'learning_rate': 0.0003}",ppo,1000,64,0.0003,,,,,,,
CountRecallMedium,filterbank+proj,1,1040,0.0,-0.91728166,0.0492469766120155,-0.9239279023963798,-0.9239084176954733,1750.0,"{'decomposition': 'legendre', 'n_filters': 12, 'slowest': 0.029334592739296388, 'input_scaling': 0.049068279099124805, 'bias_dist': 'uniform', 'bias_scaling': 0.46763789100254544, 'lr': 0.2715862958761201, 'weight_increment': 0.1852507853053407, 'min_window': 9, 'max_window': 16, 'use_full_instance': False, 'max_partners': 5, 'homeostasis': 'mean', 'target': 0.91, 'spread': 0.095, 'learning_rate': 0.001}",ppo,1000,64,0.001,,,,,,,
CountRecallMedium,filterbank+proj,2,1040,0.0,-0.9467963400000001,0.029781597660709883,-0.9411226666666667,-0.9437254567901234,1760.0,"{'decomposition': 'legendre', 'n_filters': 12, 'slowest': 0.029334592739296388, 'input_scaling': 0.049068279099124805, 'bias_dist': 'uniform', 'bias_scaling': 0.46763789100254544, 'lr': 0.2715862958761201, 'weight_increment': 0.1852507853053407, 'min_window': 9, 'max_window': 16, 'use_full_instance': False, 'max_partners': 5, 'homeostasis': 'mean', 'target': 0.91, 'spread': 0.095, 'learning_rate': 0.001}",ppo,1000,64,0.001,,,,,,,
CountRecallMedium,filterbank+proj,4,1040,0.0,-0.9013593600000002,0.05120332558604373,-0.9162871187904968,-0.9106637695473251,1711.0,"{'decomposition': 'legendre', 'n_filters': 12, 'slowest': 0.029334592739296388, 'input_scaling': 0.049068279099124805, 'bias_dist': 'uniform', 'bias_scaling': 0.46763789100254544, 'lr': 0.2715862958761201, 'weight_increment': 0.1852507853053407, 'min_window': 9, 'max_window': 16, 'use_full_instance': False, 'max_partners': 5, 'homeostasis': 'mean', 'target': 0.91, 'spread': 0.095, 'learning_rate': 0.001}",ppo,1000,64,0.001,,,,,,,
CountRecallMedium,filterbank+proj,9,1040,0.0,-0.9335924200000001,0.03865785342208748,-0.9247047694127327,-0.9234889074074074,1815.0,"{'decomposition': 'legendre', 'n_filters': 12, 'slowest': 0.029334592739296388, 'input_scaling': 0.049068279099124805, 'bias_dist': 'uniform', 'bias_scaling': 0.46763789100254544, 'lr': 0.2715862958761201, 'weight_increment': 0.1852507853053407, 'min_window': 9, 'max_window': 16, 'use_full_instance': False, 'max_partners': 5, 'homeostasis': 'mean', 'target': 0.91, 'spread': 0.095, 'learning_rate': 0.0003}",ppo,1000,64,0.0003,,,,,,,
CountRecallMedium,filterbank+proj,9,1040,0.0,-0.9339807200000001,0.042185630132091194,-0.9249823560629435,-0.9220905329218106,1623.0,"{'decomposition': 'legendre', 'n_filters': 12, 'slowest': 0.029334592739296388, 'input_scaling': 0.049068279099124805, 'bias_dist': 'uniform', 'bias_scaling': 0.46763789100254544, 'lr': 0.2715862958761201, 'weight_increment': 0.1852507853053407, 'min_window': 9, 'max_window': 16, 'use_full_instance': False, 'max_partners': 5, 'homeostasis': 'mean', 'target': 0.91, 'spread': 0.095, 'learning_rate': 0.001}",ppo,1000,64,0.001,,,,,,,
CountRecallMedium,filterbank+proj,6,1040,0.0,-0.92233024,0.049122836985076516,-0.925064238198087,-0.9274243384773663,1683.0,"{'decomposition': 'legendre', 'n_filters': 12, 'slowest': 0.029334592739296388, 'input_scaling': 0.049068279099124805, 'bias_dist': 'uniform', 'bias_scaling': 0.46763789100254544, 'lr': 0.2715862958761201, 'weight_increment': 0.1852507853053407, 'min_window': 9, 'max_window': 16, 'use_full_instance': False, 'max_partners': 5, 'homeostasis': 'mean', 'target': 0.91, 'spread': 0.095, 'learning_rate': 0.001}",ppo,1000,64,0.001,,,,,,,
CountRecallMedium,filterbank+proj,6,1040,0.0,-0.9304856000000001,0.043260527868254225,-0.918513856114368,-0.9200528971193416,1875.0,"{'decomposition': 'legendre', 'n_filters': 12, 'slowest': 0.029334592739296388, 'input_scaling': 0.049068279099124805, 'bias_dist': 'uniform', 'bias_scaling': 0.46763789100254544, 'lr': 0.2715862958761201, 'weight_increment': 0.1852507853053407, 'min_window': 9, 'max_window': 16, 'use_full_instance': False, 'max_partners': 5, 'homeostasis': 'mean', 'target': 0.91, 'spread': 0.095, 'learning_rate': 0.0003}",ppo,1000,64,0.0003,,,,,,,
CountRecallMedium,filterbank+proj,7,1040,0.0,-0.9250487000000003,0.03765400177949218,-0.9246927776406457,-0.9258861244855967,1701.0,"{'decomposition': 'legendre', 'n_filters': 12, 'slowest': 0.029334592739296388, 'input_scaling': 0.049068279099124805, 'bias_dist': 'uniform', 'bias_scaling': 0.46763789100254544, 'lr': 0.2715862958761201, 'weight_increment': 0.1852507853053407, 'min_window': 9, 'max_window': 16, 'use_full_instance': False, 'max_partners': 5, 'homeostasis': 'mean', 'target': 0.91, 'spread': 0.095, 'learning_rate': 0.001}",ppo,1000,64,0.001,,,,,,,
CountRecallMedium,filterbank+proj,5,1040,0.0,-0.9289322,0.03914639579782538,-0.9232249378792554,-0.9209918024691357,1741.0,"{'decomposition': 'legendre', 'n_filters': 12, 'slowest': 0.029334592739296388, 'input_scaling': 0.049068279099124805, 'bias_dist': 'uniform', 'bias_scaling': 0.46763789100254544, 'lr': 0.2715862958761201, 'weight_increment': 0.1852507853053407, 'min_window': 9, 'max_window': 16, 'use_full_instance': False, 'max_partners': 5, 'homeostasis': 'mean', 'target': 0.91, 'spread': 0.095, 'learning_rate': 0.001}",ppo,1000,64,0.001,,,,,,,
CountRecallMedium,filterbank+proj,2,1040,0.0,-0.9161166199999999,0.03892035839294907,-0.924209487298159,-0.9241881059670781,1671.0,"{'decomposition': 'legendre', 'n_filters': 12, 'slowest': 0.029334592739296388, 'input_scaling': 0.049068279099124805, 'bias_dist': 'uniform', 'bias_scaling': 0.46763789100254544, 'lr': 0.2715862958761201, 'weight_increment': 0.1852507853053407, 'min_window': 9, 'max_window': 16, 'use_full_instance': False, 'max_partners': 5, 'homeostasis': 'mean', 'target': 0.91, 'spread': 0.095, 'learning_rate': 0.003}",ppo,1000,64,0.003,,,,,,,
CountRecallMedium,filterbank+proj,4,1040,0.0,-0.9269904999999998,0.043861164866542256,-0.9244810946210019,-0.9232691738683128,1655.0,"{'decomposition': 'legendre', 'n_filters': 12, 'slowest': 0.029334592739296388, 'input_scaling': 0.049068279099124805, 'bias_dist': 'uniform', 'bias_scaling': 0.46763789100254544, 'lr': 0.2715862958761201, 'weight_increment': 0.1852507853053407, 'min_window': 9, 'max_window': 16, 'use_full_instance': False, 'max_partners': 5, 'homeostasis': 'mean', 'target': 0.91, 'spread': 0.095, 'learning_rate': 0.003}",ppo,1000,64,0.003,,,,,,,
CountRecallMedium,filterbank+proj,3,1040,0.0,-0.9192234400000001,0.038710527724204434,-0.9242035001542733,-0.9220705442386832,1842.0,"{'decomposition': 'legendre', 'n_filters': 12, 'slowest': 0.029334592739296388, 'input_scaling': 0.049068279099124805, 'bias_dist': 'uniform', 'bias_scaling': 0.46763789100254544, 'lr': 0.2715862958761201, 'weight_increment': 0.1852507853053407, 'min_window': 9, 'max_window': 16, 'use_full_instance': False, 'max_partners': 5, 'homeostasis': 'mean', 'target': 0.91, 'spread': 0.095, 'learning_rate': 0.001}",ppo,1000,64,0.001,,,,,,,
CountRecallMedium,filterbank+proj,8,1040,0.0,-0.94601962,0.029136631217688842,-0.9418056601871851,-0.9443846831275721,1799.0,"{'decomposition': 'legendre', 'n_filters': 12, 'slowest': 0.029334592739296388, 'input_scaling': 0.049068279099124805, 'bias_dist': 'uniform', 'bias_scaling': 0.46763789100254544, 'lr': 0.2715862958761201, 'weight_increment': 0.1852507853053407, 'min_window': 9, 'max_window': 16, 'use_full_instance': False, 'max_partners': 5, 'homeostasis': 'mean', 'target': 0.91, 'spread': 0.095, 'learning_rate': 0.001}",ppo,1000,64,0.001,,,,,,,
CountRecallMedium,filterbank+proj,5,1040,0.0,-0.9289322,0.03914639579782538,-0.9250722272961021,-0.926525390946502,1675.0,"{'decomposition': 'legendre', 'n_filters': 12, 'slowest': 0.029334592739296388, 'input_scaling': 0.049068279099124805, 'bias_dist': 'uniform', 'bias_scaling': 0.46763789100254544, 'lr': 0.2715862958761201, 'weight_increment': 0.1852507853053407, 'min_window': 9, 'max_window': 16, 'use_full_instance': False, 'max_partners': 5, 'homeostasis': 'mean', 'target': 0.91, 'spread': 0.095, 'learning_rate': 0.003}",ppo,1000,64,0.003,,,,,,,
CountRecallMedium,filterbank+proj,1,1040,0.0,-0.94135932,0.030204046707313918,-0.9243952181425485,-0.9237885545267489,1778.0,"{'decomposition': 'legendre', 'n_filters': 12, 'slowest': 0.029334592739296388, 'input_scaling': 0.049068279099124805, 'bias_dist': 'uniform', 'bias_scaling': 0.46763789100254544, 'lr': 0.2715862958761201, 'weight_increment': 0.1852507853053407, 'min_window': 9, 'max_window': 16, 'use_full_instance': False, 'max_partners': 5, 'homeostasis': 'mean', 'target': 0.91, 'spread': 0.095, 'learning_rate': 0.003}",ppo,1000,64,0.003,,,,,,,
CountRecallMedium,filterbank+proj,0,1040,0.0,-0.91262152,0.03946108449155447,-0.9247966301553018,-0.9244278168724279,1808.0,"{'decomposition': 'legendre', 'n_filters': 12, 'slowest': 0.029334592739296388, 'input_scaling': 0.049068279099124805, 'bias_dist': 'uniform', 'bias_scaling': 0.46763789100254544, 'lr': 0.2715862958761201, 'weight_increment': 0.1852507853053407, 'min_window': 9, 'max_window': 16, 'use_full_instance': False, 'max_partners': 5, 'homeostasis': 'mean', 'target': 0.91, 'spread': 0.095, 'learning_rate': 0.003}",ppo,1000,64,0.003,,,,,,,
CountRecallMedium,filterbank+proj,9,1040,0.0,-0.9262137400000001,0.033180680680667186,-0.9245370151187904,-0.9252269053497941,1725.0,"{'decomposition': 'legendre', 'n_filters': 12, 'slowest': 0.029334592739296388, 'input_scaling': 0.049068279099124805, 'bias_dist': 'uniform', 'bias_scaling': 0.46763789100254544, 'lr': 0.2715862958761201, 'weight_increment': 0.1852507853053407, 'min_window': 9, 'max_window': 16, 'use_full_instance': False, 'max_partners': 5, 'homeostasis': 'mean', 'target': 0.91, 'spread': 0.095, 'learning_rate': 0.003}",ppo,1000,64,0.003,,,,,,,
CountRecallMedium,filterbank+proj,5,1040,0.0,-0.9207768600000001,0.050161849036099146,-0.9239099272858172,-0.9234689331275721,1669.0,"{'decomposition': 'legendre', 'n_filters': 12, 'slowest': 0.029334592739296388, 'input_scaling': 0.049068279099124805, 'bias_dist': 'uniform', 'bias_scaling': 0.46763789100254544, 'lr': 0.2715862958761201, 'weight_increment': 0.1852507853053407, 'min_window': 9, 'max_window': 16, 'use_full_instance': False, 'max_partners': 5, 'homeostasis': 'mean', 'target': 0.91, 'spread': 0.095, 'learning_rate': 0.01}",ppo,1000,64,0.01,,,,,,,
CountRecallMedium,filterbank+proj,7,1040,0.0,-0.9250487000000003,0.03765400177949218,-0.9244511345263807,-0.9258861244855967,1793.0,"{'decomposition': 'legendre', 'n_filters': 12, 'slowest': 0.029334592739296388, 'input_scaling': 0.049068279099124805, 'bias_dist': 'uniform', 'bias_scaling': 0.46763789100254544, 'lr': 0.2715862958761201, 'weight_increment': 0.1852507853053407, 'min_window': 9, 'max_window': 16, 'use_full_instance': False, 'max_partners': 5, 'homeostasis': 'mean', 'target': 0.91, 'spread': 0.095, 'learning_rate': 0.003}",ppo,1000,64,0.003,,,,,,,
CountRecallMedium,filterbank+proj,2,1040,0.0,-0.9347574799999999,0.03839758500595579,-0.9248106047516198,-0.9234289753086419,1716.0,"{'decomposition': 'legendre', 'n_filters': 12, 'slowest': 0.029334592739296388, 'input_scaling': 0.049068279099124805, 'bias_dist': 'uniform', 'bias_scaling': 0.46763789100254544, 'lr': 0.2715862958761201, 'weight_increment': 0.1852507853053407, 'min_window': 9, 'max_window': 16, 'use_full_instance': False, 'max_partners': 5, 'homeostasis': 'mean', 'target': 0.91, 'spread': 0.095, 'learning_rate': 0.01}",ppo,1000,64,0.01,,,,,,,
CountRecallMedium,filterbank+proj,7,1040,0.0,-0.9250487000000003,0.03765400177949218,-0.924566965957009,-0.9258861244855967,1705.0,"{'decomposition': 'legendre', 'n_filters': 12, 'slowest': 0.029334592739296388, 'input_scaling': 0.049068279099124805, 'bias_dist': 'uniform', 'bias_scaling': 0.46763789100254544, 'lr': 0.2715862958761201, 'weight_increment': 0.1852507853053407, 'min_window': 9, 'max_window': 16, 'use_full_instance': False, 'max_partners': 5, 'homeostasis': 'mean', 'target': 0.91, 'spread': 0.095, 'learning_rate': 0.01}",ppo,1000,64,0.01,,,,,,,
CountRecallMedium,filterbank+proj,3,1040,0.0,-0.9231069400000002,0.03997554973050903,-0.9253677940964723,-0.9238484794238683,1928.0,"{'decomposition': 'legendre', 'n_filters': 12, 'slowest': 0.029334592739296388, 'input_scaling': 0.049068279099124805, 'bias_dist': 'uniform', 'bias_scaling': 0.46763789100254544, 'lr': 0.2715862958761201, 'weight_increment': 0.1852507853053407, 'min_window': 9, 'max_window': 16, 'use_full_instance': False, 'max_partners': 5, 'homeostasis': 'mean', 'target': 0.91, 'spread': 0.095, 'learning_rate': 0.003}",ppo,1000,64,0.003,,,,,,,
CountRecallMedium,filterbank+proj,1,1040,0.0,-0.9207768399999999,0.04106972404015397,-0.9248924912064178,-0.9257862520576132,1834.0,"{'decomposition': 'legendre', 'n_filters': 12, 'slowest': 0.029334592739296388, 'input_scaling': 0.049068279099124805, 'bias_dist': 'uniform', 'bias_scaling': 0.46763789100254544, 'lr': 0.2715862958761201, 'weight_increment': 0.1852507853053407, 'min_window': 9, 'max_window': 16, 'use_full_instance': False, 'max_partners': 5, 'homeostasis': 'mean', 'target': 0.91, 'spread': 0.095, 'learning_rate': 0.01}",ppo,1000,64,0.01,,,,,,,
CountRecallMedium,filterbank+proj,8,1040,0.0,-0.9266020799999999,0.03255889064623672,-0.9250163110151189,-0.9263456028806583,1879.0,"{'decomposition': 'legendre', 'n_filters': 12, 'slowest': 0.029334592739296388, 'input_scaling': 0.049068279099124805, 'bias_dist': 'uniform', 'bias_scaling': 0.46763789100254544, 'lr': 0.2715862958761201, 'weight_increment': 0.1852507853053407, 'min_window': 9, 'max_window': 16, 'use_full_instance': False, 'max_partners': 5, 'homeostasis': 'mean', 'target': 0.91, 'spread': 0.095, 'learning_rate': 0.003}",ppo,1000,64,0.003,,,,,,,
CountRecallMedium,filterbank+proj,6,1040,0.0,-0.92000018,0.04906746102976595,-0.9246009131955157,-0.9202926008230453,1951.0,"{'decomposition': 'legendre', 'n_filters': 12, 'slowest': 0.029334592739296388, 'input_scaling': 0.049068279099124805, 'bias_dist': 'uniform', 'bias_scaling': 0.46763789100254544, 'lr': 0.2715862958761201, 'weight_increment': 0.1852507853053407, 'min_window': 9, 'max_window': 16, 'use_full_instance': False, 'max_partners': 5, 'homeostasis': 'mean', 'target': 0.91, 'spread': 0.095, 'learning_rate': 0.003}",ppo,1000,64,0.003,,,,,,,
CountRecallMedium,filterbank+proj,0,1040,0.0,-0.9312623199999999,0.03729174617227786,-0.9240716938187803,-0.925146982510288,1900.0,"{'decomposition': 'legendre', 'n_filters': 12, 'slowest': 0.029334592739296388, 'input_scaling': 0.049068279099124805, 'bias_dist': 'uniform', 'bias_scaling': 0.46763789100254544, 'lr': 0.2715862958761201, 'weight_increment': 0.1852507853053407, 'min_window': 9, 'max_window': 16, 'use_full_instance': False, 'max_partners': 5, 'homeostasis': 'mean', 'target': 0.91, 'spread': 0.095, 'learning_rate': 0.01}",ppo,1000,64,0.01,,,,,,,
CountRecallMedium,filterbank+proj,6,1040,0.0,-0.92932052,0.04389556839920861,-0.9244111938702047,-0.9220306152263376,1823.0,"{'decomposition': 'legendre', 'n_filters': 12, 'slowest': 0.029334592739296388, 'input_scaling': 0.049068279099124805, 'bias_dist': 'uniform', 'bias_scaling': 0.46763789100254544, 'lr': 0.2715862958761201, 'weight_increment': 0.1852507853053407, 'min_window': 9, 'max_window': 16, 'use_full_instance': False, 'max_partners': 5, 'homeostasis': 'mean', 'target': 0.91, 'spread': 0.095, 'learning_rate': 0.01}",ppo,1000,64,0.01,,,,,,,
CountRecallMedium,filterbank+proj,4,1040,0.0,-0.92155356,0.03579564850937053,-0.9241096401316466,-0.9248673055555555,1862.0,"{'decomposition': 'legendre', 'n_filters': 12, 'slowest': 0.029334592739296388, 'input_scaling': 0.049068279099124805, 'bias_dist': 'uniform', 'bias_scaling': 0.46763789100254544, 'lr': 0.2715862958761201, 'weight_increment': 0.1852507853053407, 'min_window': 9, 'max_window': 16, 'use_full_instance': False, 'max_partners': 5, 'homeostasis': 'mean', 'target': 0.91, 'spread': 0.095, 'learning_rate': 0.01}",ppo,1000,64,0.01,,,,,,,
CountRecallMedium,filterbank+proj,3,1040,0.0,-0.93242736,0.0380979195824444,-0.924878511673352,-0.9263056430041152,1876.0,"{'decomposition': 'legendre', 'n_filters': 12, 'slowest': 0.029334592739296388, 'input_scaling': 0.049068279099124805, 'bias_dist': 'uniform', 'bias_scaling': 0.46763789100254544, 'lr': 0.2715862958761201, 'weight_increment': 0.1852507853053407, 'min_window': 9, 'max_window': 16, 'use_full_instance': False, 'max_partners': 5, 'homeostasis': 'mean', 'target': 0.91, 'spread': 0.095, 'learning_rate': 0.01}",ppo,1000,64,0.01,,,,,,,
CountRecallMedium,filterbank+proj,8,1040,0.0,-0.9246603800000002,0.03797900637715,-0.9252020350714798,-0.9256464074074073,1908.0,"{'decomposition': 'legendre', 'n_filters': 12, 'slowest': 0.029334592739296388, 'input_scaling': 0.049068279099124805, 'bias_dist': 'uniform', 'bias_scaling': 0.46763789100254544, 'lr': 0.2715862958761201, 'weight_increment': 0.1852507853053407, 'min_window': 9, 'max_window': 16, 'use_full_instance': False, 'max_partners': 5, 'homeostasis': 'mean', 'target': 0.91, 'spread': 0.095, 'learning_rate': 0.01}",ppo,1000,64,0.01,,,,,,,
CountRecallMedium,filterbank+proj,9,1040,0.0,-0.9250487000000001,0.042896496668259516,-0.924674811477939,-0.924927227366255,1845.0,"{'decomposition': 'legendre', 'n_filters': 12, 'slowest': 0.029334592739296388, 'input_scaling': 0.049068279099124805, 'bias_dist': 'uniform', 'bias_scaling': 0.46763789100254544, 'lr': 0.2715862958761201, 'weight_increment': 0.1852507853053407, 'min_window': 9, 'max_window': 16, 'use_full_instance': False, 'max_partners': 5, 'homeostasis': 'mean', 'target': 0.91, 'spread': 0.095, 'learning_rate': 0.01}",ppo,1000,64,0.01,,,,,,,
CountRecallMedium,filterbank+esn,0,1040,96.27307692307693,-0.6031067800000001,0.09117196485198507,-0.6225684175665948,-0.6031603137860083,1674.0,"{'decomposition': 'legendre', 'n_filters': 12, 'slowest': 0.0056263882716246225, 'input_scaling': 0.06344812061556386, 'bias_dist': 'foldnorm', 'bias_scaling': 0.24743237591527745, 'lr': 0.7604293811879814, 'sr': 1.3687477885807093, 'rc_connectivity': 0.0925705874783593, 'learning_rate': 0.0003}",ppo,1000,linear,0.0003,,,,,,,
CountRecallMedium,filterbank+esn,4,1040,96.27307692307693,-0.57320394,0.08893871006449554,-0.6482167317700298,-0.601602116255144,1359.0,"{'decomposition': 'legendre', 'n_filters': 12, 'slowest': 0.0056263882716246225, 'input_scaling': 0.06344812061556386, 'bias_dist': 'foldnorm', 'bias_scaling': 0.24743237591527745, 'lr': 0.7604293811879814, 'sr': 1.3687477885807093, 'rc_connectivity': 0.0925705874783593, 'learning_rate': 0.0003}",ppo,1000,linear,0.0003,,,,,,,
CountRecallMedium,filterbank+esn,2,1040,96.27307692307693,-0.58446598,0.0956002084283272,-0.67735592039494,-0.612789128600823,1490.0,"{'decomposition': 'legendre', 'n_filters': 12, 'slowest': 0.0056263882716246225, 'input_scaling': 0.06344812061556386, 'bias_dist': 'foldnorm', 'bias_scaling': 0.24743237591527745, 'lr': 0.7604293811879814, 'sr': 1.3687477885807093, 'rc_connectivity': 0.0925705874783593, 'learning_rate': 0.0003}",ppo,1000,linear,0.0003,,,,,,,
CountRecallMedium,filterbank+esn,5,1040,96.27307692307693,-0.5949515000000001,0.11708650818437623,-0.6506291943844492,-0.6043788868312758,1500.0,"{'decomposition': 'legendre', 'n_filters': 12, 'slowest': 0.0056263882716246225, 'input_scaling': 0.06344812061556386, 'bias_dist': 'foldnorm', 'bias_scaling': 0.24743237591527745, 'lr': 0.7604293811879814, 'sr': 1.3687477885807093, 'rc_connectivity': 0.0925705874783593, 'learning_rate': 0.0003}",ppo,1000,linear,0.0003,,,,,,,
CountRecallMedium,filterbank+esn,6,1040,96.27307692307693,-0.5502912600000001,0.11000373252227581,-0.627503181425486,-0.585201153292181,1475.0,"{'decomposition': 'legendre', 'n_filters': 12, 'slowest': 0.0056263882716246225, 'input_scaling': 0.06344812061556386, 'bias_dist': 'foldnorm', 'bias_scaling': 0.24743237591527745, 'lr': 0.7604293811879814, 'sr': 1.3687477885807093, 'rc_connectivity': 0.0925705874783593, 'learning_rate': 0.0003}",ppo,1000,linear,0.0003,,,,,,,
CountRecallMedium,filterbank+esn,3,1040,96.27307692307693,-0.58601938,0.12829874533850905,-0.6653835166100998,-0.609632794238683,1574.0,"{'decomposition': 'legendre', 'n_filters': 12, 'slowest': 0.0056263882716246225, 'input_scaling': 0.06344812061556386, 'bias_dist': 'foldnorm', 'bias_scaling': 0.24743237591527745, 'lr': 0.7604293811879814, 'sr': 1.3687477885807093, 'rc_connectivity': 0.0925705874783593, 'learning_rate': 0.0003}",ppo,1000,linear,0.0003,,,,,,,
CountRecallMedium,filterbank+esn,1,1040,96.27307692307693,-0.55456306,0.1306269470898574,-0.6634703338475778,-0.5932118621399177,1655.0,"{'decomposition': 'legendre', 'n_filters': 12, 'slowest': 0.0056263882716246225, 'input_scaling': 0.06344812061556386, 'bias_dist': 'foldnorm', 'bias_scaling': 0.24743237591527745, 'lr': 0.7604293811879814, 'sr': 1.3687477885807093, 'rc_connectivity': 0.0925705874783593, 'learning_rate': 0.0003}",ppo,1000,linear,0.0003,,,,,,,
CountRecallMedium,filterbank+esn,7,1040,96.27307692307693,-0.60233006,0.09710597120350736,-0.6426948514861668,-0.5969874711934156,1450.0,"{'decomposition': 'legendre', 'n_filters': 12, 'slowest': 0.0056263882716246225, 'input_scaling': 0.06344812061556386, 'bias_dist': 'foldnorm', 'bias_scaling': 0.24743237591527745, 'lr': 0.7604293811879814, 'sr': 1.3687477885807093, 'rc_connectivity': 0.0925705874783593, 'learning_rate': 0.0003}",ppo,1000,linear,0.0003,,,,,,,
CountRecallMedium,filterbank+esn,0,1040,96.27307692307693,-0.67495144,0.08794296276863998,-0.6908680675717371,-0.6605736563786008,1449.0,"{'decomposition': 'legendre', 'n_filters': 12, 'slowest': 0.0056263882716246225, 'input_scaling': 0.06344812061556386, 'bias_dist': 'foldnorm', 'bias_scaling': 0.24743237591527745, 'lr': 0.7604293811879814, 'sr': 1.3687477885807093, 'rc_connectivity': 0.0925705874783593, 'learning_rate': 0.001}",ppo,1000,linear,0.001,,,,,,,
CountRecallMedium,filterbank+esn,9,1040,96.27307692307693,-0.58058244,0.0849943291143968,-0.6201939147382496,-0.5774501296296296,1478.0,"{'decomposition': 'legendre', 'n_filters': 12, 'slowest': 0.0056263882716246225, 'input_scaling': 0.06344812061556386, 'bias_dist': 'foldnorm', 'bias_scaling': 0.24743237591527745, 'lr': 0.7604293811879814, 'sr': 1.3687477885807093, 'rc_connectivity': 0.0925705874783593, 'learning_rate': 0.0003}",ppo,1000,linear,0.0003,,,,,,,
CountRecallMedium,filterbank+esn,2,1040,96.27307692307693,-0.68194168,0.07387729858148308,-0.7523098310192328,-0.6756761522633744,1477.0,"{'decomposition': 'legendre', 'n_filters': 12, 'slowest': 0.0056263882716246225, 'input_scaling': 0.06344812061556386, 'bias_dist': 'foldnorm', 'bias_scaling': 0.24743237591527745, 'lr': 0.7604293811879814, 'sr': 1.3687477885807093, 'rc_connectivity': 0.0925705874783593, 'learning_rate': 0.001}",ppo,1000,linear,0.001,,,,,,,
CountRecallMedium,filterbank+esn,8,1040,96.27307692307693,-0.60000002,0.0934462023871468,-0.6500041068600226,-0.5992648395061728,1523.0,"{'decomposition': 'legendre', 'n_filters': 12, 'slowest': 0.0056263882716246225, 'input_scaling': 0.06344812061556386, 'bias_dist': 'foldnorm', 'bias_scaling': 0.24743237591527745, 'lr': 0.7604293811879814, 'sr': 1.3687477885807093, 'rc_connectivity': 0.0925705874783593, 'learning_rate': 0.0003}",ppo,1000,linear,0.0003,,,,,,,
CountRecallMedium,filterbank+esn,1,1040,96.27307692307693,-0.7343688800000001,0.0597149992308934,-0.7828609632829373,-0.7438970411522633,1543.0,"{'decomposition': 'legendre', 'n_filters': 12, 'slowest': 0.0056263882716246225, 'input_scaling': 0.06344812061556386, 'bias_dist': 'foldnorm', 'bias_scaling': 0.24743237591527745, 'lr': 0.7604293811879814, 'sr': 1.3687477885807093, 'rc_connectivity': 0.0925705874783593, 'learning_rate': 0.001}",ppo,1000,linear,0.001,,,,,,,
CountRecallMedium,filterbank+esn,4,1040,96.27307692307693,-0.6866018599999998,0.09630840942638602,-0.777408972230793,-0.700407462962963,1579.0,"{'decomposition': 'legendre', 'n_filters': 12, 'slowest': 0.0056263882716246225, 'input_scaling': 0.06344812061556386, 'bias_dist': 'foldnorm', 'bias_scaling': 0.24743237591527745, 'lr': 0.7604293811879814, 'sr': 1.3687477885807093, 'rc_connectivity': 0.0925705874783593, 'learning_rate': 0.001}",ppo,1000,linear,0.001,,,,,,,
CountRecallMedium,filterbank+esn,3,1040,96.27307692307693,-0.7219417199999999,0.08494483158945929,-0.7770654752648359,-0.6990290648148149,1658.0,"{'decomposition': 'legendre', 'n_filters': 12, 'slowest': 0.0056263882716246225, 'input_scaling': 0.06344812061556386, 'bias_dist': 'foldnorm', 'bias_scaling': 0.24743237591527745, 'lr': 0.7604293811879814, 'sr': 1.3687477885807093, 'rc_connectivity': 0.0925705874783593, 'learning_rate': 0.001}",ppo,1000,linear,0.001,,,,,,,
CountRecallMedium,filterbank+esn,6,1040,96.27307692307693,-0.65475722,0.09395243254696284,-0.7283609982515684,-0.6482479773662551,1536.0,"{'decomposition': 'legendre', 'n_filters': 12, 'slowest': 0.0056263882716246225, 'input_scaling': 0.06344812061556386, 'bias_dist': 'foldnorm', 'bias_scaling': 0.24743237591527745, 'lr': 0.7604293811879814, 'sr': 1.3687477885807093, 'rc_connectivity': 0.0925705874783593, 'learning_rate': 0.001}",ppo,1000,linear,0.001,,,,,,,
CountRecallMedium,filterbank+esn,5,1040,96.27307692307693,-0.69048538,0.07514434406417823,-0.7435886360176901,-0.6848055658436215,1564.0,"{'decomposition': 'legendre', 'n_filters': 12, 'slowest': 0.0056263882716246225, 'input_scaling': 0.06344812061556386, 'bias_dist': 'foldnorm', 'bias_scaling': 0.24743237591527745, 'lr': 0.7604293811879814, 'sr': 1.3687477885807093, 'rc_connectivity': 0.0925705874783593, 'learning_rate': 0.001}",ppo,1000,linear,0.001,,,,,,,
CountRecallMedium,filterbank+esn,3,1040,96.27307692307693,-0.9172817400000001,0.040135576427807795,-0.9078215459220405,-0.9087060401234568,1492.0,"{'decomposition': 'legendre', 'n_filters': 12, 'slowest': 0.0056263882716246225, 'input_scaling': 0.06344812061556386, 'bias_dist': 'foldnorm', 'bias_scaling': 0.24743237591527745, 'lr': 0.7604293811879814, 'sr': 1.3687477885807093, 'rc_connectivity': 0.0925705874783593, 'learning_rate': 0.003}",ppo,1000,linear,0.003,,,,,,,
CountRecallMedium,filterbank+esn,8,1040,96.27307692307693,-0.6710678,0.07751533813897736,-0.7391970841304124,-0.6587557798353909,1550.0,"{'decomposition': 'legendre', 'n_filters': 12, 'slowest': 0.0056263882716246225, 'input_scaling': 0.06344812061556386, 'bias_dist': 'foldnorm', 'bias_scaling': 0.24743237591527745, 'lr': 0.7604293811879814, 'sr': 1.3687477885807093, 'rc_connectivity': 0.0925705874783593, 'learning_rate': 0.001}",ppo,1000,linear,0.001,,,,,,,
CountRecallMedium,filterbank+esn,2,1040,96.27307692307693,-0.86601956,0.04807545884842286,-0.8823529291370975,-0.869551420781893,1498.0,"{'decomposition': 'legendre', 'n_filters': 12, 'slowest': 0.0056263882716246225, 'input_scaling': 0.06344812061556386, 'bias_dist': 'foldnorm', 'bias_scaling': 0.24743237591527745, 'lr': 0.7604293811879814, 'sr': 1.3687477885807093, 'rc_connectivity': 0.0925705874783593, 'learning_rate': 0.003}",ppo,1000,linear,0.003,,,,,,,
CountRecallMedium,filterbank+esn,1,1040,96.27307692307693,-0.9390293599999999,0.03622492792912639,-0.925257949295485,-0.94452454218107,1519.0,"{'decomposition': 'legendre', 'n_filters': 12, 'slowest': 0.0056263882716246225, 'input_scaling': 0.06344812061556386, 'bias_dist': 'foldnorm', 'bias_scaling': 0.24743237591527745, 'lr': 0.7604293811879814, 'sr': 1.3687477885807093, 'rc_connectivity': 0.0925705874783593, 'learning_rate': 0.003}",ppo,1000,linear,0.003,,,,,,,
CountRecallMedium,filterbank+esn,9,1040,96.27307692307693,-0.7634951200000001,0.057691804951358554,-0.7724142981590044,-0.7495904475308641,1533.0,"{'decomposition': 'legendre', 'n_filters': 12, 'slowest': 0.0056263882716246225, 'input_scaling': 0.06344812061556386, 'bias_dist': 'foldnorm', 'bias_scaling': 0.24743237591527745, 'lr': 0.7604293811879814, 'sr': 1.3687477885807093, 'rc_connectivity': 0.0925705874783593, 'learning_rate': 0.001}",ppo,1000,linear,0.001,,,,,,,
CountRecallMedium,filterbank+esn,0,1040,96.27307692307693,-0.9293205399999998,0.04862297818653646,-0.9162851174534609,-0.9275442109053499,1540.0,"{'decomposition': 'legendre', 'n_filters': 12, 'slowest': 0.0056263882716246225, 'input_scaling': 0.06344812061556386, 'bias_dist': 'foldnorm', 'bias_scaling': 0.24743237591527745, 'lr': 0.7604293811879814, 'sr': 1.3687477885807093, 'rc_connectivity': 0.0925705874783593, 'learning_rate': 0.003}",ppo,1000,linear,0.003,,,,,,,
CountRecallMedium,filterbank+esn,5,1040,96.27307692307693,-0.8664078600000003,0.045228991753082454,-0.9024114843155404,-0.8762636399176953,1488.0,"{'decomposition': 'legendre', 'n_filters': 12, 'slowest': 0.0056263882716246225, 'input_scaling': 0.06344812061556386, 'bias_dist': 'foldnorm', 'bias_scaling': 0.24743237591527745, 'lr': 0.7604293811879814, 'sr': 1.3687477885807093, 'rc_connectivity': 0.0925705874783593, 'learning_rate': 0.003}",ppo,1000,linear,0.003,,,,,,,
CountRecallMedium,filterbank+esn,4,1040,96.27307692307693,-0.8178641600000001,0.05208673372533931,-0.8606827357811374,-0.8293779588477366,1518.0,"{'decomposition': 'legendre', 'n_filters': 12, 'slowest': 0.0056263882716246225, 'input_scaling': 0.06344812061556386, 'bias_dist': 'foldnorm', 'bias_scaling': 0.24743237591527745, 'lr': 0.7604293811879814, 'sr': 1.3687477885807093, 'rc_connectivity': 0.0925705874783593, 'learning_rate': 0.003}",ppo,1000,linear,0.003,,,,,,,
CountRecallMedium,filterbank+esn,6,1040,96.27307692307693,-0.79728152,0.07035033334711073,-0.8342575189756247,-0.7923408600823045,1498.0,"{'decomposition': 'legendre', 'n_filters': 12, 'slowest': 0.0056263882716246225, 'input_scaling': 0.06344812061556386, 'bias_dist': 'foldnorm', 'bias_scaling': 0.24743237591527745, 'lr': 0.7604293811879814, 'sr': 1.3687477885807093, 'rc_connectivity': 0.0925705874783593, 'learning_rate': 0.003}",ppo,1000,linear,0.003,,,,,,,
CountRecallMedium,filterbank+esn,7,1040,96.27307692307693,-0.78679606,0.06504020070123093,-0.8197647935822276,-0.7948979135802469,1667.0,"{'decomposition': 'legendre', 'n_filters': 12, 'slowest': 0.0056263882716246225, 'input_scaling': 0.06344812061556386, 'bias_dist': 'foldnorm', 'bias_scaling': 0.24743237591527745, 'lr': 0.7604293811879814, 'sr': 1.3687477885807093, 'rc_connectivity': 0.0925705874783593, 'learning_rate': 0.001}",ppo,1000,linear,0.001,,,,,,,
CountRecallMedium,filterbank+esn,9,1040,96.27307692307693,-0.8100972399999999,0.059188669364181504,-0.8530119919777845,-0.7971952551440329,1507.0,"{'decomposition': 'legendre', 'n_filters': 12, 'slowest': 0.0056263882716246225, 'input_scaling': 0.06344812061556386, 'bias_dist': 'foldnorm', 'bias_scaling': 0.24743237591527745, 'lr': 0.7604293811879814, 'sr': 1.3687477885807093, 'rc_connectivity': 0.0925705874783593, 'learning_rate': 0.003}",ppo,1000,linear,0.003,,,,,,,
CountRecallMedium,filterbank+esn,7,1040,96.27307692307693,-0.87805834,0.05734442593892104,-0.8766053632623675,-0.876383482510288,1548.0,"{'decomposition': 'legendre', 'n_filters': 12, 'slowest': 0.0056263882716246225, 'input_scaling': 0.06344812061556386, 'bias_dist': 'foldnorm', 'bias_scaling': 0.24743237591527745, 'lr': 0.7604293811879814, 'sr': 1.3687477885807093, 'rc_connectivity': 0.0925705874783593, 'learning_rate': 0.003}",ppo,1000,linear,0.003,,,,,,,
CountRecallMedium,filterbank+esn,0,1040,96.27307692307693,-0.9273788800000001,0.03618330347253552,-0.9217650762110459,-0.9223502304526748,1524.0,"{'decomposition': 'legendre', 'n_filters': 12, 'slowest': 0.0056263882716246225, 'input_scaling': 0.06344812061556386, 'bias_dist': 'foldnorm', 'bias_scaling': 0.24743237591527745, 'lr': 0.7604293811879814, 'sr': 1.3687477885807093, 'rc_connectivity': 0.0925705874783593, 'learning_rate': 0.01}",ppo,1000,linear,0.01,,,,,,,
CountRecallMedium,filterbank+esn,8,1040,96.27307692307693,-0.80815534,0.07007967262840488,-0.8358132356268642,-0.7901234598765431,1570.0,"{'decomposition': 'legendre', 'n_filters': 12, 'slowest': 0.0056263882716246225, 'input_scaling': 0.06344812061556386, 'bias_dist': 'foldnorm', 'bias_scaling': 0.24743237591527745, 'lr': 0.7604293811879814, 'sr': 1.3687477885807093, 'rc_connectivity': 0.0925705874783593, 'learning_rate': 0.003}",ppo,1000,linear,0.003,,,,,,,
CountRecallMedium,filterbank+esn,1,1040,96.27307692307693,-0.9332040800000001,0.03687487263426953,-0.9366911639411705,-0.924967183127572,1598.0,"{'decomposition': 'legendre', 'n_filters': 12, 'slowest': 0.0056263882716246225, 'input_scaling': 0.06344812061556386, 'bias_dist': 'foldnorm', 'bias_scaling': 0.24743237591527745, 'lr': 0.7604293811879814, 'sr': 1.3687477885807093, 'rc_connectivity': 0.0925705874783593, 'learning_rate': 0.01}",ppo,1000,linear,0.01,,,,,,,
CountRecallMedium,filterbank+esn,6,1040,96.27307692307693,-0.9409710400000002,0.04090777667923791,-0.9547346416743804,-0.9446444002057612,1513.0,"{'decomposition': 'legendre', 'n_filters': 12, 'slowest': 0.0056263882716246225, 'input_scaling': 0.06344812061556386, 'bias_dist': 'foldnorm', 'bias_scaling': 0.24743237591527745, 'lr': 0.7604293811879814, 'sr': 1.3687477885807093, 'rc_connectivity': 0.0925705874783593, 'learning_rate': 0.01}",ppo,1000,linear,0.01,,,,,,,
CountRecallMedium,filterbank+esn,4,1040,96.27307692307693,-0.9234952599999998,0.04190046338064057,-0.9198419029106242,-0.9203725339506172,1542.0,"{'decomposition': 'legendre', 'n_filters': 12, 'slowest': 0.0056263882716246225, 'input_scaling': 0.06344812061556386, 'bias_dist': 'foldnorm', 'bias_scaling': 0.24743237591527745, 'lr': 0.7604293811879814, 'sr': 1.3687477885807093, 'rc_connectivity': 0.0925705874783593, 'learning_rate': 0.01}",ppo,1000,linear,0.01,,,,,,,
CountRecallMedium,filterbank+esn,3,1040,96.27307692307693,-0.9285439000000001,0.04435354927049245,-0.9318962105317288,-0.9234090061728394,1563.0,"{'decomposition': 'legendre', 'n_filters': 12, 'slowest': 0.0056263882716246225, 'input_scaling': 0.06344812061556386, 'bias_dist': 'foldnorm', 'bias_scaling': 0.24743237591527745, 'lr': 0.7604293811879814, 'sr': 1.3687477885807093, 'rc_connectivity': 0.0925705874783593, 'learning_rate': 0.01}",ppo,1000,linear,0.01,,,,,,,
CountRecallMedium,filterbank+esn,7,1040,96.27307692307693,-0.85708748,0.05886547056373202,-0.9109229753162604,-0.8623797109053498,1508.0,"{'decomposition': 'legendre', 'n_filters': 12, 'slowest': 0.0056263882716246225, 'input_scaling': 0.06344812061556386, 'bias_dist': 'foldnorm', 'bias_scaling': 0.24743237591527745, 'lr': 0.7604293811879814, 'sr': 1.3687477885807093, 'rc_connectivity': 0.0925705874783593, 'learning_rate': 0.01}",ppo,1000,linear,0.01,,,,,,,
CountRecallMedium,filterbank+esn,2,1040,96.27307692307693,-0.86330106,0.05436342700066287,-0.8914855203126607,-0.8693316604938272,1673.0,"{'decomposition': 'legendre', 'n_filters': 12, 'slowest': 0.0056263882716246225, 'input_scaling': 0.06344812061556386, 'bias_dist': 'foldnorm', 'bias_scaling': 0.24743237591527745, 'lr': 0.7604293811879814, 'sr': 1.3687477885807093, 'rc_connectivity': 0.0925705874783593, 'learning_rate': 0.01}",ppo,1000,linear,0.01,,,,,,,
CountRecallMedium,filterbank+esn,9,1040,96.27307692307693,-0.9262137400000001,0.033180680680667186,-0.9154483564743392,-0.9252269053497941,1504.0,"{'decomposition': 'legendre', 'n_filters': 12, 'slowest': 0.0056263882716246225, 'input_scaling': 0.06344812061556386, 'bias_dist': 'foldnorm', 'bias_scaling': 0.24743237591527745, 'lr': 0.7604293811879814, 'sr': 1.3687477885807093, 'rc_connectivity': 0.0925705874783593, 'learning_rate': 0.01}",ppo,1000,linear,0.01,,,,,,,
CountRecallMedium,filterbank+esn,5,1040,96.27307692307693,-0.8450486599999999,0.06158630139718086,-0.8551828092152628,-0.8452196131687243,1617.0,"{'decomposition': 'legendre', 'n_filters': 12, 'slowest': 0.0056263882716246225, 'input_scaling': 0.06344812061556386, 'bias_dist': 'foldnorm', 'bias_scaling': 0.24743237591527745, 'lr': 0.7604293811879814, 'sr': 1.3687477885807093, 'rc_connectivity': 0.0925705874783593, 'learning_rate': 0.01}",ppo,1000,linear,0.01,,,,,,,
CountRecallMedium,filterbank+esn,8,1040,96.27307692307693,-0.9079613199999998,0.04142983238703243,-0.9168762546539135,-0.9116426306584362,1640.0,"{'decomposition': 'legendre', 'n_filters': 12, 'slowest': 0.0056263882716246225, 'input_scaling': 0.06344812061556386, 'bias_dist': 'foldnorm', 'bias_scaling': 0.24743237591527745, 'lr': 0.7604293811879814, 'sr': 1.3687477885807093, 'rc_connectivity': 0.0925705874783593, 'learning_rate': 0.01}",ppo,1000,linear,0.01,,,,,,,
CountRecallMedium,filterbank+hag,2,1040,4.973076923076923,-0.6229125,0.07630737177606106,-0.7035813817751723,-0.6740580133744856,1609.0,"{'decomposition': 'legendre', 'n_filters': 12, 'slowest': 0.029334592739296388, 'input_scaling': 0.049068279099124805, 'bias_dist': 'uniform', 'bias_scaling': 0.46763789100254544, 'lr': 0.2715862958761201, 'weight_increment': 0.1852507853053407, 'min_window': 9, 'max_window': 16, 'use_full_instance': False, 'max_partners': 5, 'homeostasis': 'mean', 'target': 0.91, 'spread': 0.095, 'learning_rate': 0.0003}",ppo,1000,linear,0.0003,,,,,,,
CountRecallMedium,filterbank+hag,1,1040,4.9788461538461535,-0.6108738,0.10230327707380639,-0.6391500559498097,-0.5867593497942386,1656.0,"{'decomposition': 'legendre', 'n_filters': 12, 'slowest': 0.029334592739296388, 'input_scaling': 0.049068279099124805, 'bias_dist': 'uniform', 'bias_scaling': 0.46763789100254544, 'lr': 0.2715862958761201, 'weight_increment': 0.1852507853053407, 'min_window': 9, 'max_window': 16, 'use_full_instance': False, 'max_partners': 5, 'homeostasis': 'mean', 'target': 0.91, 'spread': 0.095, 'learning_rate': 0.0003}",ppo,1000,linear,0.0003,,,,,,,
CountRecallMedium,filterbank+hag,3,1040,4.9653846153846155,-0.5359223200000001,0.1181916019125623,-0.6312177197367068,-0.5888768734567902,1716.0,"{'decomposition': 'legendre', 'n_filters': 12, 'slowest': 0.029334592739296388, 'input_scaling': 0.049068279099124805, 'bias_dist': 'uniform', 'bias_scaling': 0.46763789100254544, 'lr': 0.2715862958761201, 'weight_increment': 0.1852507853053407, 'min_window': 9, 'max_window': 16, 'use_full_instance': False, 'max_partners': 5, 'homeostasis': 'mean', 'target': 0.91, 'spread': 0.095, 'learning_rate': 0.0003}",ppo,1000,linear,0.0003,,,,,,,
CountRecallMedium,filterbank+hag,0,1040,4.954807692307693,-0.60970868,0.10400576135684791,-0.6592744843155405,-0.6133484814814815,1775.0,"{'decomposition': 'legendre', 'n_filters': 12, 'slowest': 0.029334592739296388, 'input_scaling': 0.049068279099124805, 'bias_dist': 'uniform', 'bias_scaling': 0.46763789100254544, 'lr': 0.2715862958761201, 'weight_increment': 0.1852507853053407, 'min_window': 9, 'max_window': 16, 'use_full_instance': False, 'max_partners': 5, 'homeostasis': 'mean', 'target': 0.91, 'spread': 0.095, 'learning_rate': 0.0003}",ppo,1000,linear,0.0003,,,,,,,
CountRecallMedium,filterbank+hag,7,1040,4.977884615384616,-0.64155328,0.06970945854245032,-0.6837285516815798,-0.6496263888888889,1541.0,"{'decomposition': 'legendre', 'n_filters': 12, 'slowest': 0.029334592739296388, 'input_scaling': 0.049068279099124805, 'bias_dist': 'uniform', 'bias_scaling': 0.46763789100254544, 'lr': 0.2715862958761201, 'weight_increment': 0.1852507853053407, 'min_window': 9, 'max_window': 16, 'use_full_instance': False, 'max_partners': 5, 'homeostasis': 'mean', 'target': 0.91, 'spread': 0.095, 'learning_rate': 0.0003}",ppo,1000,linear,0.0003,,,,,,,
CountRecallMedium,filterbank+hag,5,1040,4.9875,-0.64194174,0.10172671989871884,-0.6778691762830401,-0.6460705144032922,1766.0,"{'decomposition': 'legendre', 'n_filters': 12, 'slowest': 0.029334592739296388, 'input_scaling': 0.049068279099124805, 'bias_dist': 'uniform', 'bias_scaling': 0.46763789100254544, 'lr': 0.2715862958761201, 'weight_increment': 0.1852507853053407, 'min_window': 9, 'max_window': 16, 'use_full_instance': False, 'max_partners': 5, 'homeostasis': 'mean', 'target': 0.91, 'spread': 0.095, 'learning_rate': 0.0003}",ppo,1000,linear,0.0003,,,,,,,
CountRecallMedium,filterbank+hag,6,1040,4.986538461538461,-0.5968932,0.10048866835240679,-0.6295741288696903,-0.5768708220164609,1642.0,"{'decomposition': 'legendre', 'n_filters': 12, 'slowest': 0.029334592739296388, 'input_scaling': 0.049068279099124805, 'bias_dist': 'uniform', 'bias_scaling': 0.46763789100254544, 'lr': 0.2715862958761201, 'weight_increment': 0.1852507853053407, 'min_window': 9, 'max_window': 16, 'use_full_instance': False, 'max_partners': 5, 'homeostasis': 'mean', 'target': 0.91, 'spread': 0.095, 'learning_rate': 0.0003}",ppo,1000,linear,0.0003,,,,,,,
CountRecallMedium,filterbank+hag,4,1040,4.957692307692308,-0.6097086599999999,0.09726188708504682,-0.701672190990435,-0.6457109248971192,1867.0,"{'decomposition': 'legendre', 'n_filters': 12, 'slowest': 0.029334592739296388, 'input_scaling': 0.049068279099124805, 'bias_dist': 'uniform', 'bias_scaling': 0.46763789100254544, 'lr': 0.2715862958761201, 'weight_increment': 0.1852507853053407, 'min_window': 9, 'max_window': 16, 'use_full_instance': False, 'max_partners': 5, 'homeostasis': 'mean', 'target': 0.91, 'spread': 0.095, 'learning_rate': 0.0003}",ppo,1000,linear,0.0003,,,,,,,
CountRecallMedium,filterbank+hag,8,1040,4.966346153846154,-0.6411649800000001,0.09426895677421916,-0.6722614020364085,-0.6413959228395062,1542.0,"{'decomposition': 'legendre', 'n_filters': 12, 'slowest': 0.029334592739296388, 'input_scaling': 0.049068279099124805, 'bias_dist': 'uniform', 'bias_scaling': 0.46763789100254544, 'lr': 0.2715862958761201, 'weight_increment': 0.1852507853053407, 'min_window': 9, 'max_window': 16, 'use_full_instance': False, 'max_partners': 5, 'homeostasis': 'mean', 'target': 0.91, 'spread': 0.095, 'learning_rate': 0.0003}",ppo,1000,linear,0.0003,,,,,,,
CountRecallMedium,filterbank+hag,0,1040,4.954807692307693,-0.9238837,0.049556953231711096,-0.9257132794405019,-0.9365937057613168,1552.0,"{'decomposition': 'legendre', 'n_filters': 12, 'slowest': 0.029334592739296388, 'input_scaling': 0.049068279099124805, 'bias_dist': 'uniform', 'bias_scaling': 0.46763789100254544, 'lr': 0.2715862958761201, 'weight_increment': 0.1852507853053407, 'min_window': 9, 'max_window': 16, 'use_full_instance': False, 'max_partners': 5, 'homeostasis': 'mean', 'target': 0.91, 'spread': 0.095, 'learning_rate': 0.001}",ppo,1000,linear,0.001,,,,,,,
CountRecallMedium,filterbank+hag,1,1040,4.9788461538461535,-0.92388366,0.04801120718524374,-0.9290863268538517,-0.9244278158436214,1541.0,"{'decomposition': 'legendre', 'n_filters': 12, 'slowest': 0.029334592739296388, 'input_scaling': 0.049068279099124805, 'bias_dist': 'uniform', 'bias_scaling': 0.46763789100254544, 'lr': 0.2715862958761201, 'weight_increment': 0.1852507853053407, 'min_window': 9, 'max_window': 16, 'use_full_instance': False, 'max_partners': 5, 'homeostasis': 'mean', 'target': 0.91, 'spread': 0.095, 'learning_rate': 0.001}",ppo,1000,linear,0.001,,,,,,,
CountRecallMedium,filterbank+hag,9,1040,4.9490384615384615,-0.5968931799999999,0.10344682143027692,-0.6558455216496967,-0.5880778024691358,1731.0,"{'decomposition': 'legendre', 'n_filters': 12, 'slowest': 0.029334592739296388, 'input_scaling': 0.049068279099124805, 'bias_dist': 'uniform', 'bias_scaling': 0.46763789100254544, 'lr': 0.2715862958761201, 'weight_increment': 0.1852507853053407, 'min_window': 9, 'max_window': 16, 'use_full_instance': False, 'max_partners': 5, 'homeostasis': 'mean', 'target': 0.91, 'spread': 0.095, 'learning_rate': 0.0003}",ppo,1000,linear,0.0003,,,,,,,
CountRecallMedium,filterbank+hag,3,1040,4.9653846153846155,-0.94330118,0.034916894869784755,-0.9022237571737118,-0.9436255606995885,1523.0,"{'decomposition': 'legendre', 'n_filters': 12, 'slowest': 0.029334592739296388, 'input_scaling': 0.049068279099124805, 'bias_dist': 'uniform', 'bias_scaling': 0.46763789100254544, 'lr': 0.2715862958761201, 'weight_increment': 0.1852507853053407, 'min_window': 9, 'max_window': 16, 'use_full_instance': False, 'max_partners': 5, 'homeostasis': 'mean', 'target': 0.91, 'spread': 0.095, 'learning_rate': 0.001}",ppo,1000,linear,0.001,,,,,,,
CountRecallMedium,filterbank+hag,5,1040,4.9875,-0.9211652000000001,0.04080636829172623,-0.9133614134526381,-0.9237685781893004,1493.0,"{'decomposition': 'legendre', 'n_filters': 12, 'slowest': 0.029334592739296388, 'input_scaling': 0.049068279099124805, 'bias_dist': 'uniform', 'bias_scaling': 0.46763789100254544, 'lr': 0.2715862958761201, 'weight_increment': 0.1852507853053407, 'min_window': 9, 'max_window': 16, 'use_full_instance': False, 'max_partners': 5, 'homeostasis': 'mean', 'target': 0.91, 'spread': 0.095, 'learning_rate': 0.001}",ppo,1000,linear,0.001,,,,,,,
CountRecallMedium,filterbank+hag,6,1040,4.986538461538461,-0.91145644,0.04396428056555003,-0.9107132997017381,-0.9099246347736625,1520.0,"{'decomposition': 'legendre', 'n_filters': 12, 'slowest': 0.029334592739296388, 'input_scaling': 0.049068279099124805, 'bias_dist': 'uniform', 'bias_scaling': 0.46763789100254544, 'lr': 0.2715862958761201, 'weight_increment': 0.1852507853053407, 'min_window': 9, 'max_window': 16, 'use_full_instance': False, 'max_partners': 5, 'homeostasis': 'mean', 'target': 0.91, 'spread': 0.095, 'learning_rate': 0.001}",ppo,1000,linear,0.001,,,,,,,
CountRecallMedium,filterbank+hag,2,1040,4.973076923076923,-0.9106797400000002,0.03745113017456749,-0.9249663779697623,-0.9240682510288066,1643.0,"{'decomposition': 'legendre', 'n_filters': 12, 'slowest': 0.029334592739296388, 'input_scaling': 0.049068279099124805, 'bias_dist': 'uniform', 'bias_scaling': 0.46763789100254544, 'lr': 0.2715862958761201, 'weight_increment': 0.1852507853053407, 'min_window': 9, 'max_window': 16, 'use_full_instance': False, 'max_partners': 5, 'homeostasis': 'mean', 'target': 0.91, 'spread': 0.095, 'learning_rate': 0.001}",ppo,1000,linear,0.001,,,,,,,
CountRecallMedium,filterbank+hag,8,1040,4.966346153846154,-0.91922344,0.049331127151996036,-0.9282096207960507,-0.9228896131687243,1559.0,"{'decomposition': 'legendre', 'n_filters': 12, 'slowest': 0.029334592739296388, 'input_scaling': 0.049068279099124805, 'bias_dist': 'uniform', 'bias_scaling': 0.46763789100254544, 'lr': 0.2715862958761201, 'weight_increment': 0.1852507853053407, 'min_window': 9, 'max_window': 16, 'use_full_instance': False, 'max_partners': 5, 'homeostasis': 'mean', 'target': 0.91, 'spread': 0.095, 'learning_rate': 0.001}",ppo,1000,linear,0.001,,,,,,,
CountRecallMedium,filterbank+hag,4,1040,4.957692307692308,-0.9297088799999998,0.042165923447561315,-0.9270013886660495,-0.923948371399177,1691.0,"{'decomposition': 'legendre', 'n_filters': 12, 'slowest': 0.029334592739296388, 'input_scaling': 0.049068279099124805, 'bias_dist': 'uniform', 'bias_scaling': 0.46763789100254544, 'lr': 0.2715862958761201, 'weight_increment': 0.1852507853053407, 'min_window': 9, 'max_window': 16, 'use_full_instance': False, 'max_partners': 5, 'homeostasis': 'mean', 'target': 0.91, 'spread': 0.095, 'learning_rate': 0.001}",ppo,1000,linear,0.001,,,,,,,
CountRecallMedium,filterbank+hag,7,1040,4.977884615384616,-0.9266020999999999,0.04022566373212505,-0.9212138884089272,-0.9242680092592592,1669.0,"{'decomposition': 'legendre', 'n_filters': 12, 'slowest': 0.029334592739296388, 'input_scaling': 0.049068279099124805, 'bias_dist': 'uniform', 'bias_scaling': 0.46763789100254544, 'lr': 0.2715862958761201, 'weight_increment': 0.1852507853053407, 'min_window': 9, 'max_window': 16, 'use_full_instance': False, 'max_partners': 5, 'homeostasis': 'mean', 'target': 0.91, 'spread': 0.095, 'learning_rate': 0.001}",ppo,1000,linear,0.001,,,,,,,
CountRecallMedium,filterbank+hag,2,1040,4.973076923076923,-0.9328157,0.04204418175455434,-0.9163829762419005,-0.9219706646090534,1464.0,"{'decomposition': 'legendre', 'n_filters': 12, 'slowest': 0.029334592739296388, 'input_scaling': 0.049068279099124805, 'bias_dist': 'uniform', 'bias_scaling': 0.46763789100254544, 'lr': 0.2715862958761201, 'weight_increment': 0.1852507853053407, 'min_window': 9, 'max_window': 16, 'use_full_instance': False, 'max_partners': 5, 'homeostasis': 'mean', 'target': 0.91, 'spread': 0.095, 'learning_rate': 0.003}",ppo,1000,linear,0.003,,,,,,,
CountRecallMedium,filterbank+hag,0,1040,4.954807692307693,-0.9370875399999999,0.03463950392208873,-0.9427522769721277,-0.9431461296296296,1598.0,"{'decomposition': 'legendre', 'n_filters': 12, 'slowest': 0.029334592739296388, 'input_scaling': 0.049068279099124805, 'bias_dist': 'uniform', 'bias_scaling': 0.46763789100254544, 'lr': 0.2715862958761201, 'weight_increment': 0.1852507853053407, 'min_window': 9, 'max_window': 16, 'use_full_instance': False, 'max_partners': 5, 'homeostasis': 'mean', 'target': 0.91, 'spread': 0.095, 'learning_rate': 0.003}",ppo,1000,linear,0.003,,,,,,,
CountRecallMedium,filterbank+hag,1,1040,4.9788461538461535,-0.9234953399999999,0.03482399303216678,-0.923658296307724,-0.9218707716049381,1419.0,"{'decomposition': 'legendre', 'n_filters': 12, 'slowest': 0.029334592739296388, 'input_scaling': 0.049068279099124805, 'bias_dist': 'uniform', 'bias_scaling': 0.46763789100254544, 'lr': 0.2715862958761201, 'weight_increment': 0.1852507853053407, 'min_window': 9, 'max_window': 16, 'use_full_instance': False, 'max_partners': 5, 'homeostasis': 'mean', 'target': 0.91, 'spread': 0.095, 'learning_rate': 0.01}",ppo,1000,linear,0.01,,,,,,,
CountRecallMedium,filterbank+hag,2,1040,4.973076923076923,-0.923107,0.05195197591045023,-0.9248485569268745,-0.9268649917695472,1431.0,"{'decomposition': 'legendre', 'n_filters': 12, 'slowest': 0.029334592739296388, 'input_scaling': 0.049068279099124805, 'bias_dist': 'uniform', 'bias_scaling': 0.46763789100254544, 'lr': 0.2715862958761201, 'weight_increment': 0.1852507853053407, 'min_window': 9, 'max_window': 16, 'use_full_instance': False, 'max_partners': 5, 'homeostasis': 'mean', 'target': 0.91, 'spread': 0.095, 'learning_rate': 0.01}",ppo,1000,linear,0.01,,,,,,,
CountRecallMedium,filterbank+hag,9,1040,4.9490384615384615,-0.8330097399999999,0.0629797506898241,-0.8601794728993108,-0.8531703899176953,1727.0,"{'decomposition': 'legendre', 'n_filters': 12, 'slowest': 0.029334592739296388, 'input_scaling': 0.049068279099124805, 'bias_dist': 'uniform', 'bias_scaling': 0.46763789100254544, 'lr': 0.2715862958761201, 'weight_increment': 0.1852507853053407, 'min_window': 9, 'max_window': 16, 'use_full_instance': False, 'max_partners': 5, 'homeostasis': 'mean', 'target': 0.91, 'spread': 0.095, 'learning_rate': 0.001}",ppo,1000,linear,0.001,,,,,,,
CountRecallMedium,filterbank+hag,4,1040,4.957692307692308,-0.9242720200000001,0.044491100545835015,-0.9273488774040933,-0.9264854444444445,1581.0,"{'decomposition': 'legendre', 'n_filters': 12, 'slowest': 0.029334592739296388, 'input_scaling': 0.049068279099124805, 'bias_dist': 'uniform', 'bias_scaling': 0.46763789100254544, 'lr': 0.2715862958761201, 'weight_increment': 0.1852507853053407, 'min_window': 9, 'max_window': 16, 'use_full_instance': False, 'max_partners': 5, 'homeostasis': 'mean', 'target': 0.91, 'spread': 0.095, 'learning_rate': 0.003}",ppo,1000,linear,0.003,,,,,,,
CountRecallMedium,filterbank+hag,0,1040,4.954807692307693,-0.9223302000000001,0.03844470879015733,-0.9246089129898178,-0.9226498888888889,1503.0,"{'decomposition': 'legendre', 'n_filters': 12, 'slowest': 0.029334592739296388, 'input_scaling': 0.049068279099124805, 'bias_dist': 'uniform', 'bias_scaling': 0.46763789100254544, 'lr': 0.2715862958761201, 'weight_increment': 0.1852507853053407, 'min_window': 9, 'max_window': 16, 'use_full_instance': False, 'max_partners': 5, 'homeostasis': 'mean', 'target': 0.91, 'spread': 0.095, 'learning_rate': 0.01}",ppo,1000,linear,0.01,,,,,,,
CountRecallMedium,filterbank+hag,1,1040,4.9788461538461535,-0.9289321999999999,0.03875919025676363,-0.92996303980253,-0.9246875174897119,1619.0,"{'decomposition': 'legendre', 'n_filters': 12, 'slowest': 0.029334592739296388, 'input_scaling': 0.049068279099124805, 'bias_dist': 'uniform', 'bias_scaling': 0.46763789100254544, 'lr': 0.2715862958761201, 'weight_increment': 0.1852507853053407, 'min_window': 9, 'max_window': 16, 'use_full_instance': False, 'max_partners': 5, 'homeostasis': 'mean', 'target': 0.91, 'spread': 0.095, 'learning_rate': 0.003}",ppo,1000,linear,0.003,,,,,,,
CountRecallMedium,filterbank+hag,3,1040,4.9653846153846155,-0.9040777799999999,0.029933147870072077,-0.9107492520826905,-0.9104040781893004,1615.0,"{'decomposition': 'legendre', 'n_filters': 12, 'slowest': 0.029334592739296388, 'input_scaling': 0.049068279099124805, 'bias_dist': 'uniform', 'bias_scaling': 0.46763789100254544, 'lr': 0.2715862958761201, 'weight_increment': 0.1852507853053407, 'min_window': 9, 'max_window': 16, 'use_full_instance': False, 'max_partners': 5, 'homeostasis': 'mean', 'target': 0.91, 'spread': 0.095, 'learning_rate': 0.003}",ppo,1000,linear,0.003,,,,,,,
CountRecallMedium,filterbank+hag,7,1040,4.977884615384616,-0.86640782,0.07157025809445988,-0.9018962389180294,-0.8752048405349795,1561.0,"{'decomposition': 'legendre', 'n_filters': 12, 'slowest': 0.029334592739296388, 'input_scaling': 0.049068279099124805, 'bias_dist': 'uniform', 'bias_scaling': 0.46763789100254544, 'lr': 0.2715862958761201, 'weight_increment': 0.1852507853053407, 'min_window': 9, 'max_window': 16, 'use_full_instance': False, 'max_partners': 5, 'homeostasis': 'mean', 'target': 0.91, 'spread': 0.095, 'learning_rate': 0.003}",ppo,1000,linear,0.003,,,,,,,
CountRecallMedium,filterbank+hag,5,1040,4.9875,-0.95067982,0.02751812371924365,-0.9434232922966163,-0.9409886481481482,1584.0,"{'decomposition': 'legendre', 'n_filters': 12, 'slowest': 0.029334592739296388, 'input_scaling': 0.049068279099124805, 'bias_dist': 'uniform', 'bias_scaling': 0.46763789100254544, 'lr': 0.2715862958761201, 'weight_increment': 0.1852507853053407, 'min_window': 9, 'max_window': 16, 'use_full_instance': False, 'max_partners': 5, 'homeostasis': 'mean', 'target': 0.91, 'spread': 0.095, 'learning_rate': 0.003}",ppo,1000,linear,0.003,,,,,,,
CountRecallMedium,filterbank+hag,5,1040,4.9875,-0.95067982,0.02751812371924365,-0.9433474036819912,-0.9409886481481482,1446.0,"{'decomposition': 'legendre', 'n_filters': 12, 'slowest': 0.029334592739296388, 'input_scaling': 0.049068279099124805, 'bias_dist': 'uniform', 'bias_scaling': 0.46763789100254544, 'lr': 0.2715862958761201, 'weight_increment': 0.1852507853053407, 'min_window': 9, 'max_window': 16, 'use_full_instance': False, 'max_partners': 5, 'homeostasis': 'mean', 'target': 0.91, 'spread': 0.095, 'learning_rate': 0.01}",ppo,1000,linear,0.01,,,,,,,
CountRecallMedium,filterbank+hag,6,1040,4.986538461538461,-0.91844676,0.029575862736062337,-0.9233986826082484,-0.9240083086419754,1463.0,"{'decomposition': 'legendre', 'n_filters': 12, 'slowest': 0.029334592739296388, 'input_scaling': 0.049068279099124805, 'bias_dist': 'uniform', 'bias_scaling': 0.46763789100254544, 'lr': 0.2715862958761201, 'weight_increment': 0.1852507853053407, 'min_window': 9, 'max_window': 16, 'use_full_instance': False, 'max_partners': 5, 'homeostasis': 'mean', 'target': 0.91, 'spread': 0.095, 'learning_rate': 0.01}",ppo,1000,linear,0.01,,,,,,,
CountRecallMedium,filterbank+hag,9,1040,4.9490384615384615,-0.92233026,0.048660115529172356,-0.9234865558983854,-0.9241281728395061,1602.0,"{'decomposition': 'legendre', 'n_filters': 12, 'slowest': 0.029334592739296388, 'input_scaling': 0.049068279099124805, 'bias_dist': 'uniform', 'bias_scaling': 0.46763789100254544, 'lr': 0.2715862958761201, 'weight_increment': 0.1852507853053407, 'min_window': 9, 'max_window': 16, 'use_full_instance': False, 'max_partners': 5, 'homeostasis': 'mean', 'target': 0.91, 'spread': 0.095, 'learning_rate': 0.003}",ppo,1000,linear,0.003,,,,,,,
CountRecallMedium,filterbank+hag,6,1040,4.986538461538461,-0.9126214999999999,0.04293863846991426,-0.920544871850252,-0.9234889104938272,1648.0,"{'decomposition': 'legendre', 'n_filters': 12, 'slowest': 0.029334592739296388, 'input_scaling': 0.049068279099124805, 'bias_dist': 'uniform', 'bias_scaling': 0.46763789100254544, 'lr': 0.2715862958761201, 'weight_increment': 0.1852507853053407, 'min_window': 9, 'max_window': 16, 'use_full_instance': False, 'max_partners': 5, 'homeostasis': 'mean', 'target': 0.91, 'spread': 0.095, 'learning_rate': 0.003}",ppo,1000,linear,0.003,,,,,,,
CountRecallMedium,filterbank+hag,8,1040,4.966346153846154,-0.9308739199999999,0.04292281557858944,-0.9253578082896227,-0.9242680092592592,1499.0,"{'decomposition': 'legendre', 'n_filters': 12, 'slowest': 0.029334592739296388, 'input_scaling': 0.049068279099124805, 'bias_dist': 'uniform', 'bias_scaling': 0.46763789100254544, 'lr': 0.2715862958761201, 'weight_increment': 0.1852507853053407, 'min_window': 9, 'max_window': 16, 'use_full_instance': False, 'max_partners': 5, 'homeostasis': 'mean', 'target': 0.91, 'spread': 0.095, 'learning_rate': 0.01}",ppo,1000,linear,0.01,,,,,,,
CountRecallMedium,filterbank+hag,7,1040,4.977884615384616,-0.9266020999999999,0.04022566373212505,-0.9239778324591174,-0.9242680092592592,1514.0,"{'decomposition': 'legendre', 'n_filters': 12, 'slowest': 0.029334592739296388, 'input_scaling': 0.049068279099124805, 'bias_dist': 'uniform', 'bias_scaling': 0.46763789100254544, 'lr': 0.2715862958761201, 'weight_increment': 0.1852507853053407, 'min_window': 9, 'max_window': 16, 'use_full_instance': False, 'max_partners': 5, 'homeostasis': 'mean', 'target': 0.91, 'spread': 0.095, 'learning_rate': 0.01}",ppo,1000,linear,0.01,,,,,,,
CountRecallMedium,filterbank+hag,3,1040,4.9653846153846155,-0.90834966,0.04147171058763312,-0.9102419950632522,-0.9096049855967078,1602.0,"{'decomposition': 'legendre', 'n_filters': 12, 'slowest': 0.029334592739296388, 'input_scaling': 0.049068279099124805, 'bias_dist': 'uniform', 'bias_scaling': 0.46763789100254544, 'lr': 0.2715862958761201, 'weight_increment': 0.1852507853053407, 'min_window': 9, 'max_window': 16, 'use_full_instance': False, 'max_partners': 5, 'homeostasis': 'mean', 'target': 0.91, 'spread': 0.095, 'learning_rate': 0.01}",ppo,1000,linear,0.01,,,,,,,
CountRecallMedium,filterbank+proj,1,1040,0.0,-0.94135932,0.030204046707313918,-0.9242134857554252,-0.9237885545267489,1415.0,"{'decomposition': 'legendre', 'n_filters': 12, 'slowest': 0.029334592739296388, 'input_scaling': 0.049068279099124805, 'bias_dist': 'uniform', 'bias_scaling': 0.46763789100254544, 'lr': 0.2715862958761201, 'weight_increment': 0.1852507853053407, 'min_window': 9, 'max_window': 16, 'use_full_instance': False, 'max_partners': 5, 'homeostasis': 'mean', 'target': 0.91, 'spread': 0.095, 'learning_rate': 0.0003}",ppo,1000,linear,0.0003,,,,,,,
CountRecallMedium,filterbank+hag,8,1040,4.966346153846154,-0.9308739199999999,0.04292281557858944,-0.9253717879255374,-0.9242680092592592,1751.0,"{'decomposition': 'legendre', 'n_filters': 12, 'slowest': 0.029334592739296388, 'input_scaling': 0.049068279099124805, 'bias_dist': 'uniform', 'bias_scaling': 0.46763789100254544, 'lr': 0.2715862958761201, 'weight_increment': 0.1852507853053407, 'min_window': 9, 'max_window': 16, 'use_full_instance': False, 'max_partners': 5, 'homeostasis': 'mean', 'target': 0.91, 'spread': 0.095, 'learning_rate': 0.003}",ppo,1000,linear,0.003,,,,,,,
CountRecallMedium,filterbank+proj,5,1040,0.0,-0.9258253999999999,0.039161753615485614,-0.9245070574925435,-0.9258262026748971,1381.0,"{'decomposition': 'legendre', 'n_filters': 12, 'slowest': 0.029334592739296388, 'input_scaling': 0.049068279099124805, 'bias_dist': 'uniform', 'bias_scaling': 0.46763789100254544, 'lr': 0.2715862958761201, 'weight_increment': 0.1852507853053407, 'min_window': 9, 'max_window': 16, 'use_full_instance': False, 'max_partners': 5, 'homeostasis': 'mean', 'target': 0.91, 'spread': 0.095, 'learning_rate': 0.0003}",ppo,1000,linear,0.0003,,,,,,,
CountRecallMedium,filterbank+hag,9,1040,4.9490384615384615,-0.9234953199999998,0.04810058303448723,-0.9240517196338579,-0.9239683487654321,1491.0,"{'decomposition': 'legendre', 'n_filters': 12, 'slowest': 0.029334592739296388, 'input_scaling': 0.049068279099124805, 'bias_dist': 'uniform', 'bias_scaling': 0.46763789100254544, 'lr': 0.2715862958761201, 'weight_increment': 0.1852507853053407, 'min_window': 9, 'max_window': 16, 'use_full_instance': False, 'max_partners': 5, 'homeostasis': 'mean', 'target': 0.91, 'spread': 0.095, 'learning_rate': 0.01}",ppo,1000,linear,0.01,,,,,,,
CountRecallMedium,filterbank+hag,4,1040,4.957692307692308,-0.9269904999999998,0.043861164866542256,-0.9238580068908773,-0.9232691738683128,1682.0,"{'decomposition': 'legendre', 'n_filters': 12, 'slowest': 0.029334592739296388, 'input_scaling': 0.049068279099124805, 'bias_dist': 'uniform', 'bias_scaling': 0.46763789100254544, 'lr': 0.2715862958761201, 'weight_increment': 0.1852507853053407, 'min_window': 9, 'max_window': 16, 'use_full_instance': False, 'max_partners': 5, 'homeostasis': 'mean', 'target': 0.91, 'spread': 0.095, 'learning_rate': 0.01}",ppo,1000,linear,0.01,,,,,,,
CountRecallMedium,filterbank+proj,2,1040,0.0,-0.9211651999999999,0.03891452283094322,-0.9245649715108505,-0.9245476841563784,1483.0,"{'decomposition': 'legendre', 'n_filters': 12, 'slowest': 0.029334592739296388, 'input_scaling': 0.049068279099124805, 'bias_dist': 'uniform', 'bias_scaling': 0.46763789100254544, 'lr': 0.2715862958761201, 'weight_increment': 0.1852507853053407, 'min_window': 9, 'max_window': 16, 'use_full_instance': False, 'max_partners': 5, 'homeostasis': 'mean', 'target': 0.91, 'spread': 0.095, 'learning_rate': 0.0003}",ppo,1000,linear,0.0003,,,,,,,
CountRecallMedium,filterbank+proj,3,1040,0.0,-0.9289322400000001,0.045556341603583586,-0.9245529905378999,-0.9245876430041151,1429.0,"{'decomposition': 'legendre', 'n_filters': 12, 'slowest': 0.029334592739296388, 'input_scaling': 0.049068279099124805, 'bias_dist': 'uniform', 'bias_scaling': 0.46763789100254544, 'lr': 0.2715862958761201, 'weight_increment': 0.1852507853053407, 'min_window': 9, 'max_window': 16, 'use_full_instance': False, 'max_partners': 5, 'homeostasis': 'mean', 'target': 0.91, 'spread': 0.095, 'learning_rate': 0.0003}",ppo,1000,linear,0.0003,,,,,,,
CountRecallMedium,filterbank+proj,8,1040,0.0,-0.9300972399999999,0.0462772954601109,-0.9246049125784223,-0.9251869465020576,1384.0,"{'decomposition': 'legendre', 'n_filters': 12, 'slowest': 0.029334592739296388, 'input_scaling': 0.049068279099124805, 'bias_dist': 'uniform', 'bias_scaling': 0.46763789100254544, 'lr': 0.2715862958761201, 'weight_increment': 0.1852507853053407, 'min_window': 9, 'max_window': 16, 'use_full_instance': False, 'max_partners': 5, 'homeostasis': 'mean', 'target': 0.91, 'spread': 0.095, 'learning_rate': 0.0003}",ppo,1000,linear,0.0003,,,,,,,
CountRecallMedium,filterbank+proj,7,1040,0.0,-0.9320389599999999,0.03522015774806241,-0.925088205492132,-0.9261258539094649,1429.0,"{'decomposition': 'legendre', 'n_filters': 12, 'slowest': 0.029334592739296388, 'input_scaling': 0.049068279099124805, 'bias_dist': 'uniform', 'bias_scaling': 0.46763789100254544, 'lr': 0.2715862958761201, 'weight_increment': 0.1852507853053407, 'min_window': 9, 'max_window': 16, 'use_full_instance': False, 'max_partners': 5, 'homeostasis': 'mean', 'target': 0.91, 'spread': 0.095, 'learning_rate': 0.0003}",ppo,1000,linear,0.0003,,,,,,,
CountRecallMedium,filterbank+proj,6,1040,0.0,-0.92233024,0.049122836985076516,-0.9242913679934176,-0.9274443251028807,1556.0,"{'decomposition': 'legendre', 'n_filters': 12, 'slowest': 0.029334592739296388, 'input_scaling': 0.049068279099124805, 'bias_dist': 'uniform', 'bias_scaling': 0.46763789100254544, 'lr': 0.2715862958761201, 'weight_increment': 0.1852507853053407, 'min_window': 9, 'max_window': 16, 'use_full_instance': False, 'max_partners': 5, 'homeostasis': 'mean', 'target': 0.91, 'spread': 0.095, 'learning_rate': 0.0003}",ppo,1000,linear,0.0003,,,,,,,
CountRecallMedium,filterbank+proj,0,1040,0.0,-0.9289322200000001,0.03817104000589453,-0.9243033504062531,-0.9250071522633745,1654.0,"{'decomposition': 'legendre', 'n_filters': 12, 'slowest': 0.029334592739296388, 'input_scaling': 0.049068279099124805, 'bias_dist': 'uniform', 'bias_scaling': 0.46763789100254544, 'lr': 0.2715862958761201, 'weight_increment': 0.1852507853053407, 'min_window': 9, 'max_window': 16, 'use_full_instance': False, 'max_partners': 5, 'homeostasis': 'mean', 'target': 0.91, 'spread': 0.095, 'learning_rate': 0.0003}",ppo,1000,linear,0.0003,,,,,,,
CountRecallMedium,filterbank+proj,4,1040,0.0,-0.9285438400000001,0.03793922249037795,-0.9232389137097604,-0.9225100277777777,1569.0,"{'decomposition': 'legendre', 'n_filters': 12, 'slowest': 0.029334592739296388, 'input_scaling': 0.049068279099124805, 'bias_dist': 'uniform', 'bias_scaling': 0.46763789100254544, 'lr': 0.2715862958761201, 'weight_increment': 0.1852507853053407, 'min_window': 9, 'max_window': 16, 'use_full_instance': False, 'max_partners': 5, 'homeostasis': 'mean', 'target': 0.91, 'spread': 0.095, 'learning_rate': 0.0003}",ppo,1000,linear,0.0003,,,,,,,
CountRecallMedium,filterbank+proj,9,1040,0.0,-0.9211651799999998,0.039491578308641966,-0.9246308771983957,-0.9226099290123456,1474.0,"{'decomposition': 'legendre', 'n_filters': 12, 'slowest': 0.029334592739296388, 'input_scaling': 0.049068279099124805, 'bias_dist': 'uniform', 'bias_scaling': 0.46763789100254544, 'lr': 0.2715862958761201, 'weight_increment': 0.1852507853053407, 'min_window': 9, 'max_window': 16, 'use_full_instance': False, 'max_partners': 5, 'homeostasis': 'mean', 'target': 0.91, 'spread': 0.095, 'learning_rate': 0.0003}",ppo,1000,linear,0.0003,,,,,,,
CountRecallMedium,filterbank+proj,0,1040,0.0,-0.9273788000000001,0.04407565914833265,-0.9230392096060885,-0.9232292119341563,1447.0,"{'decomposition': 'legendre', 'n_filters': 12, 'slowest': 0.029334592739296388, 'input_scaling': 0.049068279099124805, 'bias_dist': 'uniform', 'bias_scaling': 0.46763789100254544, 'lr': 0.2715862958761201, 'weight_increment': 0.1852507853053407, 'min_window': 9, 'max_window': 16, 'use_full_instance': False, 'max_partners': 5, 'homeostasis': 'mean', 'target': 0.91, 'spread': 0.095, 'learning_rate': 0.001}",ppo,1000,linear,0.001,,,,,,,
CountRecallMedium,filterbank+proj,1,1040,0.0,-0.9289321999999999,0.03875919025676363,-0.9240137789776818,-0.9246875174897119,1441.0,"{'decomposition': 'legendre', 'n_filters': 12, 'slowest': 0.029334592739296388, 'input_scaling': 0.049068279099124805, 'bias_dist': 'uniform', 'bias_scaling': 0.46763789100254544, 'lr': 0.2715862958761201, 'weight_increment': 0.1852507853053407, 'min_window': 9, 'max_window': 16, 'use_full_instance': False, 'max_partners': 5, 'homeostasis': 'mean', 'target': 0.91, 'spread': 0.095, 'learning_rate': 0.001}",ppo,1000,linear,0.001,,,,,,,
CountRecallMedium,filterbank+proj,2,1040,0.0,-0.9200001400000001,0.05596017432603656,-0.9241076416743803,-0.9263455956790123,1431.0,"{'decomposition': 'legendre', 'n_filters': 12, 'slowest': 0.029334592739296388, 'input_scaling': 0.049068279099124805, 'bias_dist': 'uniform', 'bias_scaling': 0.46763789100254544, 'lr': 0.2715862958761201, 'weight_increment': 0.1852507853053407, 'min_window': 9, 'max_window': 16, 'use_full_instance': False, 'max_partners': 5, 'homeostasis': 'mean', 'target': 0.91, 'spread': 0.095, 'learning_rate': 0.001}",ppo,1000,linear,0.001,,,,,,,
CountRecallMedium,filterbank+proj,4,1040,0.0,-0.92155356,0.03579564850937053,-0.923812076108197,-0.9248673055555555,1437.0,"{'decomposition': 'legendre', 'n_filters': 12, 'slowest': 0.029334592739296388, 'input_scaling': 0.049068279099124805, 'bias_dist': 'uniform', 'bias_scaling': 0.46763789100254544, 'lr': 0.2715862958761201, 'weight_increment': 0.1852507853053407, 'min_window': 9, 'max_window': 16, 'use_full_instance': False, 'max_partners': 5, 'homeostasis': 'mean', 'target': 0.91, 'spread': 0.095, 'learning_rate': 0.001}",ppo,1000,linear,0.001,,,,,,,
CountRecallMedium,filterbank+proj,3,1040,0.0,-0.9285439000000001,0.04435354927049245,-0.924852546539134,-0.9234090061728394,1566.0,"{'decomposition': 'legendre', 'n_filters': 12, 'slowest': 0.029334592739296388, 'input_scaling': 0.049068279099124805, 'bias_dist': 'uniform', 'bias_scaling': 0.46763789100254544, 'lr': 0.2715862958761201, 'weight_increment': 0.1852507853053407, 'min_window': 9, 'max_window': 16, 'use_full_instance': False, 'max_partners': 5, 'homeostasis': 'mean', 'target': 0.91, 'spread': 0.095, 'learning_rate': 0.001}",ppo,1000,linear,0.001,,,,,,,
CountRecallMedium,filterbank+proj,5,1040,0.0,-0.9258253999999999,0.039161753615485614,-0.9243153387843259,-0.9258262026748971,1544.0,"{'decomposition': 'legendre', 'n_filters': 12, 'slowest': 0.029334592739296388, 'input_scaling': 0.049068279099124805, 'bias_dist': 'uniform', 'bias_scaling': 0.46763789100254544, 'lr': 0.2715862958761201, 'weight_increment': 0.1852507853053407, 'min_window': 9, 'max_window': 16, 'use_full_instance': False, 'max_partners': 5, 'homeostasis': 'mean', 'target': 0.91, 'spread': 0.095, 'learning_rate': 0.001}",ppo,1000,linear,0.001,,,,,,,
CountRecallMedium,filterbank+proj,8,1040,0.0,-0.9250487599999999,0.03538249273500103,-0.9249643784840068,-0.9252069002057614,1376.0,"{'decomposition': 'legendre', 'n_filters': 12, 'slowest': 0.029334592739296388, 'input_scaling': 0.049068279099124805, 'bias_dist': 'uniform', 'bias_scaling': 0.46763789100254544, 'lr': 0.2715862958761201, 'weight_increment': 0.1852507853053407, 'min_window': 9, 'max_window': 16, 'use_full_instance': False, 'max_partners': 5, 'homeostasis': 'mean', 'target': 0.91, 'spread': 0.095, 'learning_rate': 0.001}",ppo,1000,linear,0.001,,,,,,,
CountRecallMedium,filterbank+proj,7,1040,0.0,-0.92427202,0.04276265468115375,-0.9248645227810346,-0.9242080617283951,1458.0,"{'decomposition': 'legendre', 'n_filters': 12, 'slowest': 0.029334592739296388, 'input_scaling': 0.049068279099124805, 'bias_dist': 'uniform', 'bias_scaling': 0.46763789100254544, 'lr': 0.2715862958761201, 'weight_increment': 0.1852507853053407, 'min_window': 9, 'max_window': 16, 'use_full_instance': False, 'max_partners': 5, 'homeostasis': 'mean', 'target': 0.91, 'spread': 0.095, 'learning_rate': 0.001}",ppo,1000,linear,0.001,,,,,,,
CountRecallMedium,filterbank+proj,6,1040,0.0,-0.9184467599999999,0.04393676574330889,-0.9249124574719738,-0.9223701862139917,1686.0,"{'decomposition': 'legendre', 'n_filters': 12, 'slowest': 0.029334592739296388, 'input_scaling': 0.049068279099124805, 'bias_dist': 'uniform', 'bias_scaling': 0.46763789100254544, 'lr': 0.2715862958761201, 'weight_increment': 0.1852507853053407, 'min_window': 9, 'max_window': 16, 'use_full_instance': False, 'max_partners': 5, 'homeostasis': 'mean', 'target': 0.91, 'spread': 0.095, 'learning_rate': 0.001}",ppo,1000,linear,0.001,,,,,,,
CountRecallMedium,filterbank+proj,1,1040,0.0,-0.9289321999999999,0.03875919025676363,-0.9244631164249717,-0.9246875174897119,1439.0,"{'decomposition': 'legendre', 'n_filters': 12, 'slowest': 0.029334592739296388, 'input_scaling': 0.049068279099124805, 'bias_dist': 'uniform', 'bias_scaling': 0.46763789100254544, 'lr': 0.2715862958761201, 'weight_increment': 0.1852507853053407, 'min_window': 9, 'max_window': 16, 'use_full_instance': False, 'max_partners': 5, 'homeostasis': 'mean', 'target': 0.91, 'spread': 0.095, 'learning_rate': 0.003}",ppo,1000,linear,0.003,,,,,,,
CountRecallMedium,filterbank+proj,9,1040,0.0,-0.94407778,0.04066376723831181,-0.9439624983029928,-0.9449440504115226,1491.0,"{'decomposition': 'legendre', 'n_filters': 12, 'slowest': 0.029334592739296388, 'input_scaling': 0.049068279099124805, 'bias_dist': 'uniform', 'bias_scaling': 0.46763789100254544, 'lr': 0.2715862958761201, 'weight_increment': 0.1852507853053407, 'min_window': 9, 'max_window': 16, 'use_full_instance': False, 'max_partners': 5, 'homeostasis': 'mean', 'target': 0.91, 'spread': 0.095, 'learning_rate': 0.001}",ppo,1000,linear,0.001,,,,,,,
CountRecallMedium,filterbank+proj,2,1040,0.0,-0.9328157,0.04204418175455434,-0.9239638522061092,-0.9219706646090534,1457.0,"{'decomposition': 'legendre', 'n_filters': 12, 'slowest': 0.029334592739296388, 'input_scaling': 0.049068279099124805, 'bias_dist': 'uniform', 'bias_scaling': 0.46763789100254544, 'lr': 0.2715862958761201, 'weight_increment': 0.1852507853053407, 'min_window': 9, 'max_window': 16, 'use_full_instance': False, 'max_partners': 5, 'homeostasis': 'mean', 'target': 0.91, 'spread': 0.095, 'learning_rate': 0.003}",ppo,1000,linear,0.003,,,,,,,
CountRecallMedium,filterbank+proj,3,1040,0.0,-0.9281555,0.04293856611543987,-0.9243213292193768,-0.9233091069958848,1461.0,"{'decomposition': 'legendre', 'n_filters': 12, 'slowest': 0.029334592739296388, 'input_scaling': 0.049068279099124805, 'bias_dist': 'uniform', 'bias_scaling': 0.46763789100254544, 'lr': 0.2715862958761201, 'weight_increment': 0.1852507853053407, 'min_window': 9, 'max_window': 16, 'use_full_instance': False, 'max_partners': 5, 'homeostasis': 'mean', 'target': 0.91, 'spread': 0.095, 'learning_rate': 0.003}",ppo,1000,linear,0.003,,,,,,,
CountRecallMedium,filterbank+proj,4,1040,0.0,-0.9122331799999998,0.051114850196665944,-0.9244711115910726,-0.9267251563786008,1452.0,"{'decomposition': 'legendre', 'n_filters': 12, 'slowest': 0.029334592739296388, 'input_scaling': 0.049068279099124805, 'bias_dist': 'uniform', 'bias_scaling': 0.46763789100254544, 'lr': 0.2715862958761201, 'weight_increment': 0.1852507853053407, 'min_window': 9, 'max_window': 16, 'use_full_instance': False, 'max_partners': 5, 'homeostasis': 'mean', 'target': 0.91, 'spread': 0.095, 'learning_rate': 0.003}",ppo,1000,linear,0.003,,,,,,,
CountRecallMedium,filterbank+proj,0,1040,0.0,-0.91262152,0.03946108449155447,-0.9251960471048029,-0.9244278168724279,1607.0,"{'decomposition': 'legendre', 'n_filters': 12, 'slowest': 0.029334592739296388, 'input_scaling': 0.049068279099124805, 'bias_dist': 'uniform', 'bias_scaling': 0.46763789100254544, 'lr': 0.2715862958761201, 'weight_increment': 0.1852507853053407, 'min_window': 9, 'max_window': 16, 'use_full_instance': False, 'max_partners': 5, 'homeostasis': 'mean', 'target': 0.91, 'spread': 0.095, 'learning_rate': 0.003}",ppo,1000,linear,0.003,,,,,,,
CountRecallMedium,filterbank+proj,8,1040,0.0,-0.92466038,0.0502819552185036,-0.9255275498302992,-0.9233290781893004,1447.0,"{'decomposition': 'legendre', 'n_filters': 12, 'slowest': 0.029334592739296388, 'input_scaling': 0.049068279099124805, 'bias_dist': 'uniform', 'bias_scaling': 0.46763789100254544, 'lr': 0.2715862958761201, 'weight_increment': 0.1852507853053407, 'min_window': 9, 'max_window': 16, 'use_full_instance': False, 'max_partners': 5, 'homeostasis': 'mean', 'target': 0.91, 'spread': 0.095, 'learning_rate': 0.003}",ppo,1000,linear,0.003,,,,,,,
CountRecallMedium,filterbank+proj,5,1040,0.0,-0.9207768600000001,0.050161849036099146,-0.9238859639000309,-0.9234689331275721,1492.0,"{'decomposition': 'legendre', 'n_filters': 12, 'slowest': 0.029334592739296388, 'input_scaling': 0.049068279099124805, 'bias_dist': 'uniform', 'bias_scaling': 0.46763789100254544, 'lr': 0.2715862958761201, 'weight_increment': 0.1852507853053407, 'min_window': 9, 'max_window': 16, 'use_full_instance': False, 'max_partners': 5, 'homeostasis': 'mean', 'target': 0.91, 'spread': 0.095, 'learning_rate': 0.003}",ppo,1000,linear,0.003,,,,,,,
CountRecallMedium,filterbank+proj,7,1040,0.0,-0.92116522,0.04417811368779342,-0.924379239432274,-0.9244078302469135,1507.0,"{'decomposition': 'legendre', 'n_filters': 12, 'slowest': 0.029334592739296388, 'input_scaling': 0.049068279099124805, 'bias_dist': 'uniform', 'bias_scaling': 0.46763789100254544, 'lr': 0.2715862958761201, 'weight_increment': 0.1852507853053407, 'min_window': 9, 'max_window': 16, 'use_full_instance': False, 'max_partners': 5, 'homeostasis': 'mean', 'target': 0.91, 'spread': 0.095, 'learning_rate': 0.003}",ppo,1000,linear,0.003,,,,,,,
CountRecallMedium,filterbank+proj,6,1040,0.0,-0.9293205600000001,0.04031368011440286,-0.9244351625012855,-0.9233290781893004,1518.0,"{'decomposition': 'legendre', 'n_filters': 12, 'slowest': 0.029334592739296388, 'input_scaling': 0.049068279099124805, 'bias_dist': 'uniform', 'bias_scaling': 0.46763789100254544, 'lr': 0.2715862958761201, 'weight_increment': 0.1852507853053407, 'min_window': 9, 'max_window': 16, 'use_full_instance': False, 'max_partners': 5, 'homeostasis': 'mean', 'target': 0.91, 'spread': 0.095, 'learning_rate': 0.003}",ppo,1000,linear,0.003,,,,,,,
CountRecallMedium,filterbank+proj,2,1040,0.0,-0.9215535800000001,0.03959643392180161,-0.9248545452020981,-0.9252468652263374,1421.0,"{'decomposition': 'legendre', 'n_filters': 12, 'slowest': 0.029334592739296388, 'input_scaling': 0.049068279099124805, 'bias_dist': 'uniform', 'bias_scaling': 0.46763789100254544, 'lr': 0.2715862958761201, 'weight_increment': 0.1852507853053407, 'min_window': 9, 'max_window': 16, 'use_full_instance': False, 'max_partners': 5, 'homeostasis': 'mean', 'target': 0.91, 'spread': 0.095, 'learning_rate': 0.01}",ppo,1000,linear,0.01,,,,,,,
CountRecallMedium,filterbank+proj,0,1040,0.0,-0.9130098199999999,0.043806228829101464,-0.9250502592821146,-0.9261258539094651,1467.0,"{'decomposition': 'legendre', 'n_filters': 12, 'slowest': 0.029334592739296388, 'input_scaling': 0.049068279099124805, 'bias_dist': 'uniform', 'bias_scaling': 0.46763789100254544, 'lr': 0.2715862958761201, 'weight_increment': 0.1852507853053407, 'min_window': 9, 'max_window': 16, 'use_full_instance': False, 'max_partners': 5, 'homeostasis': 'mean', 'target': 0.91, 'spread': 0.095, 'learning_rate': 0.01}",ppo,1000,linear,0.01,,,,,,,
CountRecallMedium,filterbank+proj,1,1040,0.0,-0.9203885400000001,0.038883552899502384,-0.9243652605163014,-0.9229694958847736,1464.0,"{'decomposition': 'legendre', 'n_filters': 12, 'slowest': 0.029334592739296388, 'input_scaling': 0.049068279099124805, 'bias_dist': 'uniform', 'bias_scaling': 0.46763789100254544, 'lr': 0.2715862958761201, 'weight_increment': 0.1852507853053407, 'min_window': 9, 'max_window': 16, 'use_full_instance': False, 'max_partners': 5, 'homeostasis': 'mean', 'target': 0.91, 'spread': 0.095, 'learning_rate': 0.01}",ppo,1000,linear,0.01,,,,,,,
CountRecallMedium,filterbank+proj,9,1040,0.0,-0.9250487000000001,0.042896496668259516,-0.9247107584078987,-0.924927227366255,1541.0,"{'decomposition': 'legendre', 'n_filters': 12, 'slowest': 0.029334592739296388, 'input_scaling': 0.049068279099124805, 'bias_dist': 'uniform', 'bias_scaling': 0.46763789100254544, 'lr': 0.2715862958761201, 'weight_increment': 0.1852507853053407, 'min_window': 9, 'max_window': 16, 'use_full_instance': False, 'max_partners': 5, 'homeostasis': 'mean', 'target': 0.91, 'spread': 0.095, 'learning_rate': 0.003}",ppo,1000,linear,0.003,,,,,,,
CountRecallMedium,filterbank+proj,3,1040,0.0,-0.93242736,0.0380979195824444,-0.9247826528849122,-0.9263056430041152,1478.0,"{'decomposition': 'legendre', 'n_filters': 12, 'slowest': 0.029334592739296388, 'input_scaling': 0.049068279099124805, 'bias_dist': 'uniform', 'bias_scaling': 0.46763789100254544, 'lr': 0.2715862958761201, 'weight_increment': 0.1852507853053407, 'min_window': 9, 'max_window': 16, 'use_full_instance': False, 'max_partners': 5, 'homeostasis': 'mean', 'target': 0.91, 'spread': 0.095, 'learning_rate': 0.01}",ppo,1000,linear,0.01,,,,,,,
CountRecallMedium,filterbank+proj,4,1040,0.0,-0.92388362,0.03781977827480749,-0.9236762751208475,-0.9229495411522634,1471.0,"{'decomposition': 'legendre', 'n_filters': 12, 'slowest': 0.029334592739296388, 'input_scaling': 0.049068279099124805, 'bias_dist': 'uniform', 'bias_scaling': 0.46763789100254544, 'lr': 0.2715862958761201, 'weight_increment': 0.1852507853053407, 'min_window': 9, 'max_window': 16, 'use_full_instance': False, 'max_partners': 5, 'homeostasis': 'mean', 'target': 0.91, 'spread': 0.095, 'learning_rate': 0.01}",ppo,1000,linear,0.01,,,,,,,
CountRecallMedium,filterbank+proj,6,1040,0.0,-0.9262137600000001,0.041826597341194274,-0.9247666705749253,-0.9248473292181071,1511.0,"{'decomposition': 'legendre', 'n_filters': 12, 'slowest': 0.029334592739296388, 'input_scaling': 0.049068279099124805, 'bias_dist': 'uniform', 'bias_scaling': 0.46763789100254544, 'lr': 0.2715862958761201, 'weight_increment': 0.1852507853053407, 'min_window': 9, 'max_window': 16, 'use_full_instance': False, 'max_partners': 5, 'homeostasis': 'mean', 'target': 0.91, 'spread': 0.095, 'learning_rate': 0.01}",ppo,1000,linear,0.01,,,,,,,
CountRecallMedium,filterbank+proj,7,1040,0.0,-0.9269904600000001,0.04996902495715122,-0.9241176243957628,-0.9243279372427983,1520.0,"{'decomposition': 'legendre', 'n_filters': 12, 'slowest': 0.029334592739296388, 'input_scaling': 0.049068279099124805, 'bias_dist': 'uniform', 'bias_scaling': 0.46763789100254544, 'lr': 0.2715862958761201, 'weight_increment': 0.1852507853053407, 'min_window': 9, 'max_window': 16, 'use_full_instance': False, 'max_partners': 5, 'homeostasis': 'mean', 'target': 0.91, 'spread': 0.095, 'learning_rate': 0.01}",ppo,1000,linear,0.01,,,,,,,
CountRecallMedium,filterbank+proj,9,1040,0.0,-0.9262137400000001,0.033180680680667186,-0.9245050595495218,-0.9252269053497941,1510.0,"{'decomposition': 'legendre', 'n_filters': 12, 'slowest': 0.029334592739296388, 'input_scaling': 0.049068279099124805, 'bias_dist': 'uniform', 'bias_scaling': 0.46763789100254544, 'lr': 0.2715862958761201, 'weight_increment': 0.1852507853053407, 'min_window': 9, 'max_window': 16, 'use_full_instance': False, 'max_partners': 5, 'homeostasis': 'mean', 'target': 0.91, 'spread': 0.095, 'learning_rate': 0.01}",ppo,1000,linear,0.01,,,,,,,
CountRecallMedium,filterbank+esn,0,1040,96.27307692307693,-0.8411650800000001,0.06436423847163579,-0.8932980033992585,-0.8792313969072164,1528.0,"{'decomposition': 'legendre', 'n_filters': 12, 'slowest': 0.0056263882716246225, 'input_scaling': 0.06344812061556386, 'bias_dist': 'foldnorm', 'bias_scaling': 0.24743237591527745, 'lr': 0.7604293811879814, 'sr': 1.3687477885807093, 'rc_connectivity': 0.0925705874783593, 'learning_rate': 0.0001}",dqn,1000,linear,0.0001,,,,,,,
CountRecallMedium,filterbank+proj,5,1040,0.0,-0.9289322,0.03914639579782538,-0.9247786585416025,-0.926525390946502,1645.0,"{'decomposition': 'legendre', 'n_filters': 12, 'slowest': 0.029334592739296388, 'input_scaling': 0.049068279099124805, 'bias_dist': 'uniform', 'bias_scaling': 0.46763789100254544, 'lr': 0.2715862958761201, 'weight_increment': 0.1852507853053407, 'min_window': 9, 'max_window': 16, 'use_full_instance': False, 'max_partners': 5, 'homeostasis': 'mean', 'target': 0.91, 'spread': 0.095, 'learning_rate': 0.01}",ppo,1000,linear,0.01,,,,,,,
CountRecallMedium,filterbank+esn,5,1040,96.27307692307693,-0.90407784,0.055250969981117976,-0.8987104223320971,-0.887679030927835,1482.0,"{'decomposition': 'legendre', 'n_filters': 12, 'slowest': 0.0056263882716246225, 'input_scaling': 0.06344812061556386, 'bias_dist': 'foldnorm', 'bias_scaling': 0.24743237591527745, 'lr': 0.7604293811879814, 'sr': 1.3687477885807093, 'rc_connectivity': 0.0925705874783593, 'learning_rate': 0.0001}",dqn,1000,linear,0.0001,,,,,,,
CountRecallMedium,filterbank+esn,2,1040,96.27307692307693,-0.9238836399999998,0.042866504880505495,-0.8908238156159869,-0.8747673845360825,1550.0,"{'decomposition': 'legendre', 'n_filters': 12, 'slowest': 0.0056263882716246225, 'input_scaling': 0.06344812061556386, 'bias_dist': 'foldnorm', 'bias_scaling': 0.24743237591527745, 'lr': 0.7604293811879814, 'sr': 1.3687477885807093, 'rc_connectivity': 0.0925705874783593, 'learning_rate': 0.0001}",dqn,1000,linear,0.0001,,,,,,,
CountRecallMedium,filterbank+proj,8,1040,0.0,-0.9219419399999998,0.042628440204356535,-0.9238819690424765,-0.9246475576131687,1644.0,"{'decomposition': 'legendre', 'n_filters': 12, 'slowest': 0.029334592739296388, 'input_scaling': 0.049068279099124805, 'bias_dist': 'uniform', 'bias_scaling': 0.46763789100254544, 'lr': 0.2715862958761201, 'weight_increment': 0.1852507853053407, 'min_window': 9, 'max_window': 16, 'use_full_instance': False, 'max_partners': 5, 'homeostasis': 'mean', 'target': 0.91, 'spread': 0.095, 'learning_rate': 0.01}",ppo,1000,linear,0.01,,,,,,,
CountRecallMedium,filterbank+esn,3,1040,96.27307692307693,-0.9052428799999999,0.05132100959982764,-0.9014626347342397,-0.8879592721649484,1553.0,"{'decomposition': 'legendre', 'n_filters': 12, 'slowest': 0.0056263882716246225, 'input_scaling': 0.06344812061556386, 'bias_dist': 'foldnorm', 'bias_scaling': 0.24743237591527745, 'lr': 0.7604293811879814, 'sr': 1.3687477885807093, 'rc_connectivity': 0.0925705874783593, 'learning_rate': 0.0001}",dqn,1000,linear,0.0001,,,,,,,
CountRecallMedium,filterbank+esn,4,1040,96.27307692307693,-0.8594175799999998,0.049361740472592744,-0.8666859480840543,-0.8500451051546393,1543.0,"{'decomposition': 'legendre', 'n_filters': 12, 'slowest': 0.0056263882716246225, 'input_scaling': 0.06344812061556386, 'bias_dist': 'foldnorm', 'bias_scaling': 0.24743237591527745, 'lr': 0.7604293811879814, 'sr': 1.3687477885807093, 'rc_connectivity': 0.0925705874783593, 'learning_rate': 0.0001}",dqn,1000,linear,0.0001,,,,,,,
CountRecallMedium,filterbank+esn,6,1040,96.27307692307693,-0.8477670599999999,0.0638549739247962,-0.8963862442315615,-0.8841958721649485,1525.0,"{'decomposition': 'legendre', 'n_filters': 12, 'slowest': 0.0056263882716246225, 'input_scaling': 0.06344812061556386, 'bias_dist': 'foldnorm', 'bias_scaling': 0.24743237591527745, 'lr': 0.7604293811879814, 'sr': 1.3687477885807093, 'rc_connectivity': 0.0925705874783593, 'learning_rate': 0.0001}",dqn,1000,linear,0.0001,,,,,,,
CountRecallMedium,filterbank+esn,1,1040,96.27307692307693,-0.8337864400000001,0.06142317068213265,-0.9007665884837247,-0.8962267360824742,1645.0,"{'decomposition': 'legendre', 'n_filters': 12, 'slowest': 0.0056263882716246225, 'input_scaling': 0.06344812061556386, 'bias_dist': 'foldnorm', 'bias_scaling': 0.24743237591527745, 'lr': 0.7604293811879814, 'sr': 1.3687477885807093, 'rc_connectivity': 0.0925705874783593, 'learning_rate': 0.0001}",dqn,1000,linear,0.0001,,,,,,,
CountRecallMedium,filterbank+esn,9,1040,96.27307692307693,-0.91184484,0.051110409398618606,-0.905478947672023,-0.8996097649484537,1520.0,"{'decomposition': 'legendre', 'n_filters': 12, 'slowest': 0.0056263882716246225, 'input_scaling': 0.06344812061556386, 'bias_dist': 'foldnorm', 'bias_scaling': 0.24743237591527745, 'lr': 0.7604293811879814, 'sr': 1.3687477885807093, 'rc_connectivity': 0.0925705874783593, 'learning_rate': 0.0001}",dqn,1000,linear,0.0001,,,,,,,
CountRecallMedium,filterbank+esn,1,1040,96.27307692307693,-0.9332040599999999,0.02884269164444263,-0.9129115186444169,-0.9032930855670104,1518.0,"{'decomposition': 'legendre', 'n_filters': 12, 'slowest': 0.0056263882716246225, 'input_scaling': 0.06344812061556386, 'bias_dist': 'foldnorm', 'bias_scaling': 0.24743237591527745, 'lr': 0.7604293811879814, 'sr': 1.3687477885807093, 'rc_connectivity': 0.0925705874783593, 'learning_rate': 0.0003}",dqn,1000,linear,0.0003,,,,,,,
CountRecallMedium,filterbank+esn,0,1040,96.27307692307693,-0.9293206,0.0406860016398761,-0.9117434265554183,-0.902592455670103,1536.0,"{'decomposition': 'legendre', 'n_filters': 12, 'slowest': 0.0056263882716246225, 'input_scaling': 0.06344812061556386, 'bias_dist': 'foldnorm', 'bias_scaling': 0.24743237591527745, 'lr': 0.7604293811879814, 'sr': 1.3687477885807093, 'rc_connectivity': 0.0925705874783593, 'learning_rate': 0.0003}",dqn,1000,linear,0.0003,,,,,,,
CountRecallMedium,filterbank+esn,8,1040,96.27307692307693,-0.90058268,0.04404655085994363,-0.8718583518747425,-0.860614618556701,1574.0,"{'decomposition': 'legendre', 'n_filters': 12, 'slowest': 0.0056263882716246225, 'input_scaling': 0.06344812061556386, 'bias_dist': 'foldnorm', 'bias_scaling': 0.24743237591527745, 'lr': 0.7604293811879814, 'sr': 1.3687477885807093, 'rc_connectivity': 0.0925705874783593, 'learning_rate': 0.0001}",dqn,1000,linear,0.0001,,,,,,,
CountRecallMedium,filterbank+esn,7,1040,96.27307692307693,-0.85087384,0.05484409111995932,-0.8869435149361351,-0.8748474567010308,1667.0,"{'decomposition': 'legendre', 'n_filters': 12, 'slowest': 0.0056263882716246225, 'input_scaling': 0.06344812061556386, 'bias_dist': 'foldnorm', 'bias_scaling': 0.24743237591527745, 'lr': 0.7604293811879814, 'sr': 1.3687477885807093, 'rc_connectivity': 0.0925705874783593, 'learning_rate': 0.0001}",dqn,1000,linear,0.0001,,,,,,,
CountRecallMedium,filterbank+esn,2,1040,96.27307692307693,-0.9071845799999998,0.04533729344770816,-0.9160477625669552,-0.9085978639175257,1513.0,"{'decomposition': 'legendre', 'n_filters': 12, 'slowest': 0.0056263882716246225, 'input_scaling': 0.06344812061556386, 'bias_dist': 'foldnorm', 'bias_scaling': 0.24743237591527745, 'lr': 0.7604293811879814, 'sr': 1.3687477885807093, 'rc_connectivity': 0.0925705874783593, 'learning_rate': 0.0003}",dqn,1000,linear,0.0003,,,,,,,
CountRecallMedium,filterbank+esn,3,1040,96.27307692307693,-0.9277671399999999,0.03474376980179901,-0.8978123558920477,-0.892223118556701,1538.0,"{'decomposition': 'legendre', 'n_filters': 12, 'slowest': 0.0056263882716246225, 'input_scaling': 0.06344812061556386, 'bias_dist': 'foldnorm', 'bias_scaling': 0.24743237591527745, 'lr': 0.7604293811879814, 'sr': 1.3687477885807093, 'rc_connectivity': 0.0925705874783593, 'learning_rate': 0.0003}",dqn,1000,linear,0.0003,,,,,,,
CountRecallMedium,filterbank+esn,5,1040,96.27307692307693,-0.9141749,0.04074712924231597,-0.9215901873712401,-0.9194876958762886,1534.0,"{'decomposition': 'legendre', 'n_filters': 12, 'slowest': 0.0056263882716246225, 'input_scaling': 0.06344812061556386, 'bias_dist': 'foldnorm', 'bias_scaling': 0.24743237591527745, 'lr': 0.7604293811879814, 'sr': 1.3687477885807093, 'rc_connectivity': 0.0925705874783593, 'learning_rate': 0.0003}",dqn,1000,linear,0.0003,,,,,,,
CountRecallMedium,filterbank+esn,4,1040,96.27307692307693,-0.84077676,0.057339207964379836,-0.8830192076637825,-0.8813933597938143,1635.0,"{'decomposition': 'legendre', 'n_filters': 12, 'slowest': 0.0056263882716246225, 'input_scaling': 0.06344812061556386, 'bias_dist': 'foldnorm', 'bias_scaling': 0.24743237591527745, 'lr': 0.7604293811879814, 'sr': 1.3687477885807093, 'rc_connectivity': 0.0925705874783593, 'learning_rate': 0.0003}",dqn,1000,linear,0.0003,,,,,,,
CountRecallMedium,filterbank+esn,6,1040,96.27307692307693,-0.9126215200000002,0.04132782389927638,-0.9069890662340337,-0.8989291659793814,1663.0,"{'decomposition': 'legendre', 'n_filters': 12, 'slowest': 0.0056263882716246225, 'input_scaling': 0.06344812061556386, 'bias_dist': 'foldnorm', 'bias_scaling': 0.24743237591527745, 'lr': 0.7604293811879814, 'sr': 1.3687477885807093, 'rc_connectivity': 0.0925705874783593, 'learning_rate': 0.0003}",dqn,1000,linear,0.0003,,,,,,,
CountRecallMedium,filterbank+esn,7,1040,96.27307692307693,-0.9180583600000002,0.05022949619287855,-0.9110173724763082,-0.9116205989690721,1594.0,"{'decomposition': 'legendre', 'n_filters': 12, 'slowest': 0.0056263882716246225, 'input_scaling': 0.06344812061556386, 'bias_dist': 'foldnorm', 'bias_scaling': 0.24743237591527745, 'lr': 0.7604293811879814, 'sr': 1.3687477885807093, 'rc_connectivity': 0.0925705874783593, 'learning_rate': 0.0003}",dqn,1000,linear,0.0003,,,,,,,
CountRecallMedium,filterbank+esn,8,1040,96.27307692307693,-0.8920388799999999,0.03344325017975377,-0.8854594043057271,-0.8796918278350515,1569.0,"{'decomposition': 'legendre', 'n_filters': 12, 'slowest': 0.0056263882716246225, 'input_scaling': 0.06344812061556386, 'bias_dist': 'foldnorm', 'bias_scaling': 0.24743237591527745, 'lr': 0.7604293811879814, 'sr': 1.3687477885807093, 'rc_connectivity': 0.0925705874783593, 'learning_rate': 0.0003}",dqn,1000,linear,0.0003,,,,,,,
CountRecallMedium,filterbank+esn,9,1040,96.27307692307693,-0.9262137199999999,0.040358513943424636,-0.9143616305109188,-0.9123212257731959,1562.0,"{'decomposition': 'legendre', 'n_filters': 12, 'slowest': 0.0056263882716246225, 'input_scaling': 0.06344812061556386, 'bias_dist': 'foldnorm', 'bias_scaling': 0.24743237591527745, 'lr': 0.7604293811879814, 'sr': 1.3687477885807093, 'rc_connectivity': 0.0925705874783593, 'learning_rate': 0.0003}",dqn,1000,linear,0.0003,,,,,,,
CountRecallMedium,filterbank+esn,0,1040,96.27307692307693,-0.9188351,0.04876693255362696,-0.914337629789864,-0.9119208670103093,1555.0,"{'decomposition': 'legendre', 'n_filters': 12, 'slowest': 0.0056263882716246225, 'input_scaling': 0.06344812061556386, 'bias_dist': 'foldnorm', 'bias_scaling': 0.24743237591527745, 'lr': 0.7604293811879814, 'sr': 1.3687477885807093, 'rc_connectivity': 0.0925705874783593, 'learning_rate': 0.001}",dqn,1000,linear,0.001,,,,,,,
CountRecallMedium,filterbank+esn,1,1040,96.27307692307693,-0.92388364,0.03919061421144611,-0.9218162098269467,-0.9189672278350515,1561.0,"{'decomposition': 'legendre', 'n_filters': 12, 'slowest': 0.0056263882716246225, 'input_scaling': 0.06344812061556386, 'bias_dist': 'foldnorm', 'bias_scaling': 0.24743237591527745, 'lr': 0.7604293811879814, 'sr': 1.3687477885807093, 'rc_connectivity': 0.0925705874783593, 'learning_rate': 0.001}",dqn,1000,linear,0.001,,,,,,,
CountRecallMedium,filterbank+esn,2,1040,96.27307692307693,-0.9685438600000001,0.024833192281307686,-0.9274986487433045,-0.9301573134020619,1584.0,"{'decomposition': 'legendre', 'n_filters': 12, 'slowest': 0.0056263882716246225, 'input_scaling': 0.06344812061556386, 'bias_dist': 'foldnorm', 'bias_scaling': 0.24743237591527745, 'lr': 0.7604293811879814, 'sr': 1.3687477885807093, 'rc_connectivity': 0.0925705874783593, 'learning_rate': 0.001}",dqn,1000,linear,0.001,,,,,,,
CountRecallMedium,filterbank+esn,3,1040,96.27307692307693,-0.93669916,0.041247419625649324,-0.9222502359909351,-0.9222301546391751,1648.0,"{'decomposition': 'legendre', 'n_filters': 12, 'slowest': 0.0056263882716246225, 'input_scaling': 0.06344812061556386, 'bias_dist': 'foldnorm', 'bias_scaling': 0.24743237591527745, 'lr': 0.7604293811879814, 'sr': 1.3687477885807093, 'rc_connectivity': 0.0925705874783593, 'learning_rate': 0.001}",dqn,1000,linear,0.001,,,,,,,
CountRecallMedium,filterbank+esn,4,1040,96.27307692307693,-0.88466036,0.045190698688451374,-0.8880655980634528,-0.8813533154639176,1597.0,"{'decomposition': 'legendre', 'n_filters': 12, 'slowest': 0.0056263882716246225, 'input_scaling': 0.06344812061556386, 'bias_dist': 'foldnorm', 'bias_scaling': 0.24743237591527745, 'lr': 0.7604293811879814, 'sr': 1.3687477885807093, 'rc_connectivity': 0.0925705874783593, 'learning_rate': 0.001}",dqn,1000,linear,0.001,,,,,,,
CountRecallMedium,filterbank+esn,5,1040,96.27307692307693,-0.9669905200000002,0.03231707001399724,-0.9255024915533581,-0.9255531608247423,1596.0,"{'decomposition': 'legendre', 'n_filters': 12, 'slowest': 0.0056263882716246225, 'input_scaling': 0.06344812061556386, 'bias_dist': 'foldnorm', 'bias_scaling': 0.24743237591527745, 'lr': 0.7604293811879814, 'sr': 1.3687477885807093, 'rc_connectivity': 0.0925705874783593, 'learning_rate': 0.001}",dqn,1000,linear,0.001,,,,,,,
CountRecallMedium,filterbank+esn,6,1040,96.27307692307693,-0.8761166,0.05280555511156,-0.9027827400082407,-0.8918027319587628,1577.0,"{'decomposition': 'legendre', 'n_filters': 12, 'slowest': 0.0056263882716246225, 'input_scaling': 0.06344812061556386, 'bias_dist': 'foldnorm', 'bias_scaling': 0.24743237591527745, 'lr': 0.7604293811879814, 'sr': 1.3687477885807093, 'rc_connectivity': 0.0925705874783593, 'learning_rate': 0.001}",dqn,1000,linear,0.001,,,,,,,
CountRecallMedium,filterbank+esn,7,1040,96.27307692307693,-0.88310686,0.04603055713675862,-0.8889576722290895,-0.8857372680412372,1589.0,"{'decomposition': 'legendre', 'n_filters': 12, 'slowest': 0.0056263882716246225, 'input_scaling': 0.06344812061556386, 'bias_dist': 'foldnorm', 'bias_scaling': 0.24743237591527745, 'lr': 0.7604293811879814, 'sr': 1.3687477885807093, 'rc_connectivity': 0.0925705874783593, 'learning_rate': 0.001}",dqn,1000,linear,0.001,,,,,,,
CountRecallMedium,filterbank+esn,9,1040,96.27307692307693,-0.86524276,0.0604642070407146,-0.9052029304697158,-0.9100391793814432,1535.0,"{'decomposition': 'legendre', 'n_filters': 12, 'slowest': 0.0056263882716246225, 'input_scaling': 0.06344812061556386, 'bias_dist': 'foldnorm', 'bias_scaling': 0.24743237591527745, 'lr': 0.7604293811879814, 'sr': 1.3687477885807093, 'rc_connectivity': 0.0925705874783593, 'learning_rate': 0.001}",dqn,1000,linear,0.001,,,,,,,
CountRecallMedium,filterbank+esn,8,1040,96.27307692307693,-0.88388362,0.05085608453229172,-0.8896957338277709,-0.8846162628865979,1623.0,"{'decomposition': 'legendre', 'n_filters': 12, 'slowest': 0.0056263882716246225, 'input_scaling': 0.06344812061556386, 'bias_dist': 'foldnorm', 'bias_scaling': 0.24743237591527745, 'lr': 0.7604293811879814, 'sr': 1.3687477885807093, 'rc_connectivity': 0.0925705874783593, 'learning_rate': 0.001}",dqn,1000,linear,0.001,,,,,,,
CountRecallMedium,filterbank+esn,0,1040,96.27307692307693,-0.9514565200000001,0.03231715172860381,-0.9266505761227853,-0.9267942649484535,1601.0,"{'decomposition': 'legendre', 'n_filters': 12, 'slowest': 0.0056263882716246225, 'input_scaling': 0.06344812061556386, 'bias_dist': 'foldnorm', 'bias_scaling': 0.24743237591527745, 'lr': 0.7604293811879814, 'sr': 1.3687477885807093, 'rc_connectivity': 0.0925705874783593, 'learning_rate': 0.003}",dqn,1000,linear,0.003,,,,,,,
CountRecallMedium,filterbank+esn,2,1040,96.27307692307693,-0.9036894999999998,0.04253454209521952,-0.9202420897198187,-0.9146433144329897,1587.0,"{'decomposition': 'legendre', 'n_filters': 12, 'slowest': 0.0056263882716246225, 'input_scaling': 0.06344812061556386, 'bias_dist': 'foldnorm', 'bias_scaling': 0.24743237591527745, 'lr': 0.7604293811879814, 'sr': 1.3687477885807093, 'rc_connectivity': 0.0925705874783593, 'learning_rate': 0.003}",dqn,1000,linear,0.003,,,,,,,
CountRecallMedium,filterbank+esn,3,1040,96.27307692307693,-0.9429128,0.035254419818797185,-0.9258985228677379,-0.924672356701031,1562.0,"{'decomposition': 'legendre', 'n_filters': 12, 'slowest': 0.0056263882716246225, 'input_scaling': 0.06344812061556386, 'bias_dist': 'foldnorm', 'bias_scaling': 0.24743237591527745, 'lr': 0.7604293811879814, 'sr': 1.3687477885807093, 'rc_connectivity': 0.0925705874783593, 'learning_rate': 0.003}",dqn,1000,linear,0.003,,,,,,,
CountRecallMedium,filterbank+esn,1,1040,96.27307692307693,-0.92737888,0.038603282554539334,-0.9231143061392665,-0.9206087051546391,1663.0,"{'decomposition': 'legendre', 'n_filters': 12, 'slowest': 0.0056263882716246225, 'input_scaling': 0.06344812061556386, 'bias_dist': 'foldnorm', 'bias_scaling': 0.24743237591527745, 'lr': 0.7604293811879814, 'sr': 1.3687477885807093, 'rc_connectivity': 0.0925705874783593, 'learning_rate': 0.003}",dqn,1000,linear,0.003,,,,,,,
CountRecallMedium,filterbank+esn,4,1040,96.27307692307693,-0.9277672000000001,0.05137966995183991,-0.9271786206221674,-0.9301172721649484,1606.0,"{'decomposition': 'legendre', 'n_filters': 12, 'slowest': 0.0056263882716246225, 'input_scaling': 0.06344812061556386, 'bias_dist': 'foldnorm', 'bias_scaling': 0.24743237591527745, 'lr': 0.7604293811879814, 'sr': 1.3687477885807093, 'rc_connectivity': 0.0925705874783593, 'learning_rate': 0.003}",dqn,1000,linear,0.003,,,,,,,
CountRecallMedium,filterbank+esn,7,1040,96.27307692307693,-0.89398068,0.05762914789737569,-0.9235923446641945,-0.9256332206185566,1548.0,"{'decomposition': 'legendre', 'n_filters': 12, 'slowest': 0.0056263882716246225, 'input_scaling': 0.06344812061556386, 'bias_dist': 'foldnorm', 'bias_scaling': 0.24743237591527745, 'lr': 0.7604293811879814, 'sr': 1.3687477885807093, 'rc_connectivity': 0.0925705874783593, 'learning_rate': 0.003}",dqn,1000,linear,0.003,,,,,,,
CountRecallMedium,filterbank+esn,6,1040,96.27307692307693,-0.9215535600000001,0.04739780778692619,-0.9271206148537288,-0.9281955402061857,1635.0,"{'decomposition': 'legendre', 'n_filters': 12, 'slowest': 0.0056263882716246225, 'input_scaling': 0.06344812061556386, 'bias_dist': 'foldnorm', 'bias_scaling': 0.24743237591527745, 'lr': 0.7604293811879814, 'sr': 1.3687477885807093, 'rc_connectivity': 0.0925705874783593, 'learning_rate': 0.003}",dqn,1000,linear,0.003,,,,,,,
CountRecallMedium,filterbank+esn,8,1040,96.27307692307693,-0.8768933200000001,0.0538968337784104,-0.8924319459208898,-0.886638087628866,1613.0,"{'decomposition': 'legendre', 'n_filters': 12, 'slowest': 0.0056263882716246225, 'input_scaling': 0.06344812061556386, 'bias_dist': 'foldnorm', 'bias_scaling': 0.24743237591527745, 'lr': 0.7604293811879814, 'sr': 1.3687477885807093, 'rc_connectivity': 0.0925705874783593, 'learning_rate': 0.003}",dqn,1000,linear,0.003,,,,,,,
CountRecallMedium,filterbank+esn,5,1040,96.27307692307693,-0.9467963200000001,0.036391104176949615,-0.9274706434899053,-0.9266741690721649,1679.0,"{'decomposition': 'legendre', 'n_filters': 12, 'slowest': 0.0056263882716246225, 'input_scaling': 0.06344812061556386, 'bias_dist': 'foldnorm', 'bias_scaling': 0.24743237591527745, 'lr': 0.7604293811879814, 'sr': 1.3687477885807093, 'rc_connectivity': 0.0925705874783593, 'learning_rate': 0.003}",dqn,1000,linear,0.003,,,,,,,
CountRecallMedium,filterbank+esn,9,1040,96.27307692307693,-0.8850487,0.04269026339588455,-0.9068730569633292,-0.9080173453608247,1645.0,"{'decomposition': 'legendre', 'n_filters': 12, 'slowest': 0.0056263882716246225, 'input_scaling': 0.06344812061556386, 'bias_dist': 'foldnorm', 'bias_scaling': 0.24743237591527745, 'lr': 0.7604293811879814, 'sr': 1.3687477885807093, 'rc_connectivity': 0.0925705874783593, 'learning_rate': 0.003}",dqn,1000,linear,0.003,,,,,,,
CountRecallMedium,filterbank+hag,0,1040,4.954807692307693,-0.9324273799999999,0.03709506689676675,-0.9142476236093945,-0.9078972381443299,1635.0,"{'decomposition': 'legendre', 'n_filters': 12, 'slowest': 0.029334592739296388, 'input_scaling': 0.049068279099124805, 'bias_dist': 'uniform', 'bias_scaling': 0.46763789100254544, 'lr': 0.2715862958761201, 'weight_increment': 0.1852507853053407, 'min_window': 9, 'max_window': 16, 'use_full_instance': False, 'max_partners': 5, 'homeostasis': 'mean', 'target': 0.91, 'spread': 0.095, 'learning_rate': 0.0001}",dqn,1000,linear,0.0001,,,,,,,
CountRecallMedium,filterbank+hag,2,1040,4.973076923076923,-0.9036894000000001,0.05252921029903268,-0.9085631819118253,-0.9084977773195876,1633.0,"{'decomposition': 'legendre', 'n_filters': 12, 'slowest': 0.029334592739296388, 'input_scaling': 0.049068279099124805, 'bias_dist': 'uniform', 'bias_scaling': 0.46763789100254544, 'lr': 0.2715862958761201, 'weight_increment': 0.1852507853053407, 'min_window': 9, 'max_window': 16, 'use_full_instance': False, 'max_partners': 5, 'homeostasis': 'mean', 'target': 0.91, 'spread': 0.095, 'learning_rate': 0.0001}",dqn,1000,linear,0.0001,,,,,,,
CountRecallMedium,filterbank+hag,3,1040,4.9653846153846155,-0.8473787199999999,0.057733762223863436,-0.9113613963741246,-0.9092384443298969,1649.0,"{'decomposition': 'legendre', 'n_filters': 12, 'slowest': 0.029334592739296388, 'input_scaling': 0.049068279099124805, 'bias_dist': 'uniform', 'bias_scaling': 0.46763789100254544, 'lr': 0.2715862958761201, 'weight_increment': 0.1852507853053407, 'min_window': 9, 'max_window': 16, 'use_full_instance': False, 'max_partners': 5, 'homeostasis': 'mean', 'target': 0.91, 'spread': 0.095, 'learning_rate': 0.0001}",dqn,1000,linear,0.0001,,,,,,,
CountRecallMedium,filterbank+hag,5,1040,4.9875,-0.9926214600000001,0.012212866209387534,-0.9210361377214669,-0.9189671896907217,1625.0,"{'decomposition': 'legendre', 'n_filters': 12, 'slowest': 0.029334592739296388, 'input_scaling': 0.049068279099124805, 'bias_dist': 'uniform', 'bias_scaling': 0.46763789100254544, 'lr': 0.2715862958761201, 'weight_increment': 0.1852507853053407, 'min_window': 9, 'max_window': 16, 'use_full_instance': False, 'max_partners': 5, 'homeostasis': 'mean', 'target': 0.91, 'spread': 0.095, 'learning_rate': 0.0001}",dqn,1000,linear,0.0001,,,,,,,
CountRecallMedium,filterbank+hag,6,1040,4.986538461538461,-0.9335923400000001,0.03365233888965818,-0.9128735134940255,-0.9084177041237114,1624.0,"{'decomposition': 'legendre', 'n_filters': 12, 'slowest': 0.029334592739296388, 'input_scaling': 0.049068279099124805, 'bias_dist': 'uniform', 'bias_scaling': 0.46763789100254544, 'lr': 0.2715862958761201, 'weight_increment': 0.1852507853053407, 'min_window': 9, 'max_window': 16, 'use_full_instance': False, 'max_partners': 5, 'homeostasis': 'mean', 'target': 0.91, 'spread': 0.095, 'learning_rate': 0.0001}",dqn,1000,linear,0.0001,,,,,,,
CountRecallMedium,filterbank+hag,0,1040,4.954807692307693,-0.9118447800000001,0.04853755768568914,-0.9237243454882571,-0.9231309680412371,1565.0,"{'decomposition': 'legendre', 'n_filters': 12, 'slowest': 0.029334592739296388, 'input_scaling': 0.049068279099124805, 'bias_dist': 'uniform', 'bias_scaling': 0.46763789100254544, 'lr': 0.2715862958761201, 'weight_increment': 0.1852507853053407, 'min_window': 9, 'max_window': 16, 'use_full_instance': False, 'max_partners': 5, 'homeostasis': 'mean', 'target': 0.91, 'spread': 0.095, 'learning_rate': 0.0003}",dqn,1000,linear,0.0003,,,,,,,
CountRecallMedium,filterbank+hag,9,1040,4.9490384615384615,-0.92504872,0.040917098090182305,-0.9172378451792337,-0.9138826206185567,1591.0,"{'decomposition': 'legendre', 'n_filters': 12, 'slowest': 0.029334592739296388, 'input_scaling': 0.049068279099124805, 'bias_dist': 'uniform', 'bias_scaling': 0.46763789100254544, 'lr': 0.2715862958761201, 'weight_increment': 0.1852507853053407, 'min_window': 9, 'max_window': 16, 'use_full_instance': False, 'max_partners': 5, 'homeostasis': 'mean', 'target': 0.91, 'spread': 0.095, 'learning_rate': 0.0001}",dqn,1000,linear,0.0001,,,,,,,
CountRecallMedium,filterbank+hag,8,1040,4.966346153846154,-0.9957282400000002,0.008931897392066259,-0.9096332693654718,-0.9069163567010309,1623.0,"{'decomposition': 'legendre', 'n_filters': 12, 'slowest': 0.029334592739296388, 'input_scaling': 0.049068279099124805, 'bias_dist': 'uniform', 'bias_scaling': 0.46763789100254544, 'lr': 0.2715862958761201, 'weight_increment': 0.1852507853053407, 'min_window': 9, 'max_window': 16, 'use_full_instance': False, 'max_partners': 5, 'homeostasis': 'mean', 'target': 0.91, 'spread': 0.095, 'learning_rate': 0.0001}",dqn,1000,linear,0.0001,,,,,,,
CountRecallMedium,filterbank+hag,6,1040,4.986538461538461,-0.8578642199999998,0.0436681829831698,-0.9233443225175113,-0.921329343298969,1507.0,"{'decomposition': 'legendre', 'n_filters': 12, 'slowest': 0.029334592739296388, 'input_scaling': 0.049068279099124805, 'bias_dist': 'uniform', 'bias_scaling': 0.46763789100254544, 'lr': 0.2715862958761201, 'weight_increment': 0.1852507853053407, 'min_window': 9, 'max_window': 16, 'use_full_instance': False, 'max_partners': 5, 'homeostasis': 'mean', 'target': 0.91, 'spread': 0.095, 'learning_rate': 0.0003}",dqn,1000,linear,0.0003,,,,,,,
CountRecallMedium,filterbank+hag,4,1040,4.957692307692308,-0.8854369799999999,0.047443913521331704,-0.8940140628347756,-0.8932039927835052,1775.0,"{'decomposition': 'legendre', 'n_filters': 12, 'slowest': 0.029334592739296388, 'input_scaling': 0.049068279099124805, 'bias_dist': 'uniform', 'bias_scaling': 0.46763789100254544, 'lr': 0.2715862958761201, 'weight_increment': 0.1852507853053407, 'min_window': 9, 'max_window': 16, 'use_full_instance': False, 'max_partners': 5, 'homeostasis': 'mean', 'target': 0.91, 'spread': 0.095, 'learning_rate': 0.0001}",dqn,1000,linear,0.0001,,,,,,,
CountRecallMedium,filterbank+hag,5,1040,4.9875,-0.90679622,0.05587378511942431,-0.9247084235681912,-0.9240718072164948,1575.0,"{'decomposition': 'legendre', 'n_filters': 12, 'slowest': 0.029334592739296388, 'input_scaling': 0.049068279099124805, 'bias_dist': 'uniform', 'bias_scaling': 0.46763789100254544, 'lr': 0.2715862958761201, 'weight_increment': 0.1852507853053407, 'min_window': 9, 'max_window': 16, 'use_full_instance': False, 'max_partners': 5, 'homeostasis': 'mean', 'target': 0.91, 'spread': 0.095, 'learning_rate': 0.0003}",dqn,1000,linear,0.0003,,,,,,,
CountRecallMedium,filterbank+hag,1,1040,4.9788461538461535,-0.9968932599999999,0.008108865380088634,-0.9252144596209312,-0.9264739690721648,1658.0,"{'decomposition': 'legendre', 'n_filters': 12, 'slowest': 0.029334592739296388, 'input_scaling': 0.049068279099124805, 'bias_dist': 'uniform', 'bias_scaling': 0.46763789100254544, 'lr': 0.2715862958761201, 'weight_increment': 0.1852507853053407, 'min_window': 9, 'max_window': 16, 'use_full_instance': False, 'max_partners': 5, 'homeostasis': 'mean', 'target': 0.91, 'spread': 0.095, 'learning_rate': 0.0003}",dqn,1000,linear,0.0003,,,,,,,
CountRecallMedium,filterbank+hag,7,1040,4.977884615384616,-0.9386409200000001,0.03042042044603593,-0.9074951043469305,-0.9076369999999999,1705.0,"{'decomposition': 'legendre', 'n_filters': 12, 'slowest': 0.029334592739296388, 'input_scaling': 0.049068279099124805, 'bias_dist': 'uniform', 'bias_scaling': 0.46763789100254544, 'lr': 0.2715862958761201, 'weight_increment': 0.1852507853053407, 'min_window': 9, 'max_window': 16, 'use_full_instance': False, 'max_partners': 5, 'homeostasis': 'mean', 'target': 0.91, 'spread': 0.095, 'learning_rate': 0.0001}",dqn,1000,linear,0.0001,,,,,,,
CountRecallMedium,filterbank+hag,2,1040,4.973076923076923,-0.9161166600000001,0.03930589369069733,-0.9134535681911824,-0.914403118556701,1675.0,"{'decomposition': 'legendre', 'n_filters': 12, 'slowest': 0.029334592739296388, 'input_scaling': 0.049068279099124805, 'bias_dist': 'uniform', 'bias_scaling': 0.46763789100254544, 'lr': 0.2715862958761201, 'weight_increment': 0.1852507853053407, 'min_window': 9, 'max_window': 16, 'use_full_instance': False, 'max_partners': 5, 'homeostasis': 'mean', 'target': 0.91, 'spread': 0.095, 'learning_rate': 0.0003}",dqn,1000,linear,0.0003,,,,,,,
CountRecallMedium,filterbank+hag,1,1040,4.9788461538461535,-0.9285438400000001,0.037539629576947085,-0.9111233785537701,-0.9112402474226803,1946.0,"{'decomposition': 'legendre', 'n_filters': 12, 'slowest': 0.029334592739296388, 'input_scaling': 0.049068279099124805, 'bias_dist': 'uniform', 'bias_scaling': 0.46763789100254544, 'lr': 0.2715862958761201, 'weight_increment': 0.1852507853053407, 'min_window': 9, 'max_window': 16, 'use_full_instance': False, 'max_partners': 5, 'homeostasis': 'mean', 'target': 0.91, 'spread': 0.095, 'learning_rate': 0.0001}",dqn,1000,linear,0.0001,,,,,,,
CountRecallMedium,filterbank+hag,7,1040,4.977884615384616,-0.92932054,0.042676156105352324,-0.9254224750721055,-0.924091818556701,1640.0,"{'decomposition': 'legendre', 'n_filters': 12, 'slowest': 0.029334592739296388, 'input_scaling': 0.049068279099124805, 'bias_dist': 'uniform', 'bias_scaling': 0.46763789100254544, 'lr': 0.2715862958761201, 'weight_increment': 0.1852507853053407, 'min_window': 9, 'max_window': 16, 'use_full_instance': False, 'max_partners': 5, 'homeostasis': 'mean', 'target': 0.91, 'spread': 0.095, 'learning_rate': 0.0003}",dqn,1000,linear,0.0003,,,,,,,
CountRecallMedium,filterbank+hag,8,1040,4.966346153846154,-0.9813594000000001,0.022295355432017668,-0.9230783005768438,-0.9251527855670103,1638.0,"{'decomposition': 'legendre', 'n_filters': 12, 'slowest': 0.029334592739296388, 'input_scaling': 0.049068279099124805, 'bias_dist': 'uniform', 'bias_scaling': 0.46763789100254544, 'lr': 0.2715862958761201, 'weight_increment': 0.1852507853053407, 'min_window': 9, 'max_window': 16, 'use_full_instance': False, 'max_partners': 5, 'homeostasis': 'mean', 'target': 0.91, 'spread': 0.095, 'learning_rate': 0.0003}",dqn,1000,linear,0.0003,,,,,,,
CountRecallMedium,filterbank+hag,0,1040,4.954807692307693,-0.8326213999999998,0.06224393640861735,-0.9234943297280596,-0.9225904793814433,1554.0,"{'decomposition': 'legendre', 'n_filters': 12, 'slowest': 0.029334592739296388, 'input_scaling': 0.049068279099124805, 'bias_dist': 'uniform', 'bias_scaling': 0.46763789100254544, 'lr': 0.2715862958761201, 'weight_increment': 0.1852507853053407, 'min_window': 9, 'max_window': 16, 'use_full_instance': False, 'max_partners': 5, 'homeostasis': 'mean', 'target': 0.91, 'spread': 0.095, 'learning_rate': 0.001}",dqn,1000,linear,0.001,,,,,,,
CountRecallMedium,filterbank+hag,4,1040,4.957692307692308,-0.8788350199999999,0.05346839764252901,-0.9202420831273177,-0.9174658597938143,1703.0,"{'decomposition': 'legendre', 'n_filters': 12, 'slowest': 0.029334592739296388, 'input_scaling': 0.049068279099124805, 'bias_dist': 'uniform', 'bias_scaling': 0.46763789100254544, 'lr': 0.2715862958761201, 'weight_increment': 0.1852507853053407, 'min_window': 9, 'max_window': 16, 'use_full_instance': False, 'max_partners': 5, 'homeostasis': 'mean', 'target': 0.91, 'spread': 0.095, 'learning_rate': 0.0003}",dqn,1000,linear,0.0003,,,,,,,
CountRecallMedium,filterbank+hag,3,1040,4.9653846153846155,-0.9242720200000002,0.04549666674141745,-0.9235983389987638,-0.9234312257731958,1738.0,"{'decomposition': 'legendre', 'n_filters': 12, 'slowest': 0.029334592739296388, 'input_scaling': 0.049068279099124805, 'bias_dist': 'uniform', 'bias_scaling': 0.46763789100254544, 'lr': 0.2715862958761201, 'weight_increment': 0.1852507853053407, 'min_window': 9, 'max_window': 16, 'use_full_instance': False, 'max_partners': 5, 'homeostasis': 'mean', 'target': 0.91, 'spread': 0.095, 'learning_rate': 0.0003}",dqn,1000,linear,0.0003,,,,,,,
CountRecallMedium,filterbank+hag,1,1040,4.9788461538461535,-0.9126215000000001,0.040405188098188584,-0.9268325859085292,-0.9280353639175256,1586.0,"{'decomposition': 'legendre', 'n_filters': 12, 'slowest': 0.029334592739296388, 'input_scaling': 0.049068279099124805, 'bias_dist': 'uniform', 'bias_scaling': 0.46763789100254544, 'lr': 0.2715862958761201, 'weight_increment': 0.1852507853053407, 'min_window': 9, 'max_window': 16, 'use_full_instance': False, 'max_partners': 5, 'homeostasis': 'mean', 'target': 0.91, 'spread': 0.095, 'learning_rate': 0.001}",dqn,1000,linear,0.001,,,,,,,
CountRecallMedium,filterbank+hag,9,1040,4.9490384615384615,-0.91262142,0.03888350096433705,-0.9233643175731356,-0.9262137195876289,1688.0,"{'decomposition': 'legendre', 'n_filters': 12, 'slowest': 0.029334592739296388, 'input_scaling': 0.049068279099124805, 'bias_dist': 'uniform', 'bias_scaling': 0.46763789100254544, 'lr': 0.2715862958761201, 'weight_increment': 0.1852507853053407, 'min_window': 9, 'max_window': 16, 'use_full_instance': False, 'max_partners': 5, 'homeostasis': 'mean', 'target': 0.91, 'spread': 0.095, 'learning_rate': 0.0003}",dqn,1000,linear,0.0003,,,,,,,
CountRecallMedium,filterbank+hag,3,1040,4.9653846153846155,-0.9145632000000002,0.04146439592903773,-0.9217501966419449,-0.9205486474226804,1563.0,"{'decomposition': 'legendre', 'n_filters': 12, 'slowest': 0.029334592739296388, 'input_scaling': 0.049068279099124805, 'bias_dist': 'uniform', 'bias_scaling': 0.46763789100254544, 'lr': 0.2715862958761201, 'weight_increment': 0.1852507853053407, 'min_window': 9, 'max_window': 16, 'use_full_instance': False, 'max_partners': 5, 'homeostasis': 'mean', 'target': 0.91, 'spread': 0.095, 'learning_rate': 0.001}",dqn,1000,linear,0.001,,,,,,,
CountRecallMedium,filterbank+hag,2,1040,4.973076923076923,-0.9033010400000001,0.04350385704093834,-0.9182119300576843,-0.9153639752577318,1705.0,"{'decomposition': 'legendre', 'n_filters': 12, 'slowest': 0.029334592739296388, 'input_scaling': 0.049068279099124805, 'bias_dist': 'uniform', 'bias_scaling': 0.46763789100254544, 'lr': 0.2715862958761201, 'weight_increment': 0.1852507853053407, 'min_window': 9, 'max_window': 16, 'use_full_instance': False, 'max_partners': 5, 'homeostasis': 'mean', 'target': 0.91, 'spread': 0.095, 'learning_rate': 0.001}",dqn,1000,linear,0.001,,,,,,,
CountRecallMedium,filterbank+hag,8,1040,4.966346153846154,-0.88466032,0.05592915351636926,-0.9269645907498971,-0.9287960474226805,1519.0,"{'decomposition': 'legendre', 'n_filters': 12, 'slowest': 0.029334592739296388, 'input_scaling': 0.049068279099124805, 'bias_dist': 'uniform', 'bias_scaling': 0.46763789100254544, 'lr': 0.2715862958761201, 'weight_increment': 0.1852507853053407, 'min_window': 9, 'max_window': 16, 'use_full_instance': False, 'max_partners': 5, 'homeostasis': 'mean', 'target': 0.91, 'spread': 0.095, 'learning_rate': 0.001}",dqn,1000,linear,0.001,,,,,,,
CountRecallMedium,filterbank+hag,6,1040,4.986538461538461,-0.97475746,0.022053990376537293,-0.927202618355995,-0.926514013402062,1572.0,"{'decomposition': 'legendre', 'n_filters': 12, 'slowest': 0.029334592739296388, 'input_scaling': 0.049068279099124805, 'bias_dist': 'uniform', 'bias_scaling': 0.46763789100254544, 'lr': 0.2715862958761201, 'weight_increment': 0.1852507853053407, 'min_window': 9, 'max_window': 16, 'use_full_instance': False, 'max_partners': 5, 'homeostasis': 'mean', 'target': 0.91, 'spread': 0.095, 'learning_rate': 0.001}",dqn,1000,linear,0.001,,,,,,,
CountRecallMedium,filterbank+hag,9,1040,4.9490384615384615,-0.9759225,0.03420115915360179,-0.926660573444582,-0.9259735030927834,1519.0,"{'decomposition': 'legendre', 'n_filters': 12, 'slowest': 0.029334592739296388, 'input_scaling': 0.049068279099124805, 'bias_dist': 'uniform', 'bias_scaling': 0.46763789100254544, 'lr': 0.2715862958761201, 'weight_increment': 0.1852507853053407, 'min_window': 9, 'max_window': 16, 'use_full_instance': False, 'max_partners': 5, 'homeostasis': 'mean', 'target': 0.91, 'spread': 0.095, 'learning_rate': 0.001}",dqn,1000,linear,0.001,,,,,,,
CountRecallMedium,filterbank+hag,4,1040,4.957692307692308,-0.9013593200000001,0.04559429725631924,-0.9159977543263288,-0.9189271711340206,1684.0,"{'decomposition': 'legendre', 'n_filters': 12, 'slowest': 0.029334592739296388, 'input_scaling': 0.049068279099124805, 'bias_dist': 'uniform', 'bias_scaling': 0.46763789100254544, 'lr': 0.2715862958761201, 'weight_increment': 0.1852507853053407, 'min_window': 9, 'max_window': 16, 'use_full_instance': False, 'max_partners': 5, 'homeostasis': 'mean', 'target': 0.91, 'spread': 0.095, 'learning_rate': 0.001}",dqn,1000,linear,0.001,,,,,,,
CountRecallMedium,filterbank+hag,5,1040,4.9875,-0.9056312000000001,0.04595181793531134,-0.9275246371034198,-0.9280754175257732,1670.0,"{'decomposition': 'legendre', 'n_filters': 12, 'slowest': 0.029334592739296388, 'input_scaling': 0.049068279099124805, 'bias_dist': 'uniform', 'bias_scaling': 0.46763789100254544, 'lr': 0.2715862958761201, 'weight_increment': 0.1852507853053407, 'min_window': 9, 'max_window': 16, 'use_full_instance': False, 'max_partners': 5, 'homeostasis': 'mean', 'target': 0.91, 'spread': 0.095, 'learning_rate': 0.001}",dqn,1000,linear,0.001,,,,,,,
CountRecallMedium,filterbank+hag,7,1040,4.977884615384616,-0.9168933600000001,0.042371127093699085,-0.926502560774619,-0.9285158082474226,1664.0,"{'decomposition': 'legendre', 'n_filters': 12, 'slowest': 0.029334592739296388, 'input_scaling': 0.049068279099124805, 'bias_dist': 'uniform', 'bias_scaling': 0.46763789100254544, 'lr': 0.2715862958761201, 'weight_increment': 0.1852507853053407, 'min_window': 9, 'max_window': 16, 'use_full_instance': False, 'max_partners': 5, 'homeostasis': 'mean', 'target': 0.91, 'spread': 0.095, 'learning_rate': 0.001}",dqn,1000,linear,0.001,,,,,,,
CountRecallMedium,filterbank+hag,0,1040,4.954807692307693,-0.99417482,0.011811123588702295,-0.9258465092707046,-0.9250927257731959,1578.0,"{'decomposition': 'legendre', 'n_filters': 12, 'slowest': 0.029334592739296388, 'input_scaling': 0.049068279099124805, 'bias_dist': 'uniform', 'bias_scaling': 0.46763789100254544, 'lr': 0.2715862958761201, 'weight_increment': 0.1852507853053407, 'min_window': 9, 'max_window': 16, 'use_full_instance': False, 'max_partners': 5, 'homeostasis': 'mean', 'target': 0.91, 'spread': 0.095, 'learning_rate': 0.003}",dqn,1000,linear,0.003,,,,,,,
CountRecallMedium,filterbank+hag,2,1040,4.973076923076923,-0.9153399400000001,0.03740275543080217,-0.9224422503090235,-0.917906249484536,1548.0,"{'decomposition': 'legendre', 'n_filters': 12, 'slowest': 0.029334592739296388, 'input_scaling': 0.049068279099124805, 'bias_dist': 'uniform', 'bias_scaling': 0.46763789100254544, 'lr': 0.2715862958761201, 'weight_increment': 0.1852507853053407, 'min_window': 9, 'max_window': 16, 'use_full_instance': False, 'max_partners': 5, 'homeostasis': 'mean', 'target': 0.91, 'spread': 0.095, 'learning_rate': 0.003}",dqn,1000,linear,0.003,,,,,,,
CountRecallMedium,filterbank+hag,4,1040,4.957692307692308,-0.89669916,0.04618583646286382,-0.9197700455294603,-0.9202483680412371,1492.0,"{'decomposition': 'legendre', 'n_filters': 12, 'slowest': 0.029334592739296388, 'input_scaling': 0.049068279099124805, 'bias_dist': 'uniform', 'bias_scaling': 0.46763789100254544, 'lr': 0.2715862958761201, 'weight_increment': 0.1852507853053407, 'min_window': 9, 'max_window': 16, 'use_full_instance': False, 'max_partners': 5, 'homeostasis': 'mean', 'target': 0.91, 'spread': 0.095, 'learning_rate': 0.003}",dqn,1000,linear,0.003,,,,,,,
CountRecallMedium,filterbank+esn,0,1008,,,,,,,,lspi,1000,linear,,LSPI system larger than 10000 unknowns,,,,,,
CountRecallMedium,filterbank+esn,1,1008,,,,,,,,lspi,1000,linear,,LSPI system larger than 10000 unknowns,,,,,,
CountRecallMedium,filterbank+esn,2,1008,,,,,,,,lspi,1000,linear,,LSPI system larger than 10000 unknowns,,,,,,
CountRecallMedium,filterbank+esn,3,1008,,,,,,,,lspi,1000,linear,,LSPI system larger than 10000 unknowns,,,,,,
CountRecallMedium,filterbank+esn,4,1008,,,,,,,,lspi,1000,linear,,LSPI system larger than 10000 unknowns,,,,,,
CountRecallMedium,filterbank+esn,5,1008,,,,,,,,lspi,1000,linear,,LSPI system larger than 10000 unknowns,,,,,,
CountRecallMedium,filterbank+esn,6,1008,,,,,,,,lspi,1000,linear,,LSPI system larger than 10000 unknowns,,,,,,
CountRecallMedium,filterbank+esn,7,1008,,,,,,,,lspi,1000,linear,,LSPI system larger than 10000 unknowns,,,,,,
CountRecallMedium,filterbank+esn,8,1008,,,,,,,,lspi,1000,linear,,LSPI system larger than 10000 unknowns,,,,,,
CountRecallMedium,filterbank+esn,9,1008,,,,,,,,lspi,1000,linear,,LSPI system larger than 10000 unknowns,,,,,,
CountRecallMedium,filterbank+hag,0,1040,,,,,,,,lspi,1000,linear,,LSPI system larger than 10000 unknowns,,,,,,
CountRecallMedium,filterbank+hag,3,1040,4.9653846153846155,-0.9813594400000001,0.01690987601984117,-0.9232763123197364,-0.9228907360824743,1546.0,"{'decomposition': 'legendre', 'n_filters': 12, 'slowest': 0.029334592739296388, 'input_scaling': 0.049068279099124805, 'bias_dist': 'uniform', 'bias_scaling': 0.46763789100254544, 'lr': 0.2715862958761201, 'weight_increment': 0.1852507853053407, 'min_window': 9, 'max_window': 16, 'use_full_instance': False, 'max_partners': 5, 'homeostasis': 'mean', 'target': 0.91, 'spread': 0.095, 'learning_rate': 0.003}",dqn,1000,linear,0.003,,,,,,,
CountRecallMedium,filterbank+hag,5,1040,4.9875,-0.9289321799999999,0.04264966057998118,-0.9264445551091882,-0.926093637113402,1518.0,"{'decomposition': 'legendre', 'n_filters': 12, 'slowest': 0.029334592739296388, 'input_scaling': 0.049068279099124805, 'bias_dist': 'uniform', 'bias_scaling': 0.46763789100254544, 'lr': 0.2715862958761201, 'weight_increment': 0.1852507853053407, 'min_window': 9, 'max_window': 16, 'use_full_instance': False, 'max_partners': 5, 'homeostasis': 'mean', 'target': 0.91, 'spread': 0.095, 'learning_rate': 0.003}",dqn,1000,linear,0.003,,,,,,,
CountRecallMedium,filterbank+hag,1,1040,,,,,,,,lspi,1000,linear,,LSPI system larger than 10000 unknowns,,,,,,
CountRecallMedium,filterbank+hag,2,1040,,,,,,,,lspi,1000,linear,,LSPI system larger than 10000 unknowns,,,,,,
CountRecallMedium,filterbank+hag,6,1040,4.986538461538461,-0.8718448,0.050335967011273366,-0.9255504872270292,-0.924812486597938,1534.0,"{'decomposition': 'legendre', 'n_filters': 12, 'slowest': 0.029334592739296388, 'input_scaling': 0.049068279099124805, 'bias_dist': 'uniform', 'bias_scaling': 0.46763789100254544, 'lr': 0.2715862958761201, 'weight_increment': 0.1852507853053407, 'min_window': 9, 'max_window': 16, 'use_full_instance': False, 'max_partners': 5, 'homeostasis': 'mean', 'target': 0.91, 'spread': 0.095, 'learning_rate': 0.003}",dqn,1000,linear,0.003,,,,,,,
CountRecallMedium,filterbank+hag,3,1040,,,,,,,,lspi,1000,linear,,LSPI system larger than 10000 unknowns,,,,,,
CountRecallMedium,filterbank+hag,4,1040,,,,,,,,lspi,1000,linear,,LSPI system larger than 10000 unknowns,,,,,,
CountRecallMedium,filterbank+hag,6,1040,,,,,,,,lspi,1000,linear,,LSPI system larger than 10000 unknowns,,,,,,
CountRecallMedium,filterbank+hag,7,1040,,,,,,,,lspi,1000,linear,,LSPI system larger than 10000 unknowns,,,,,,
CountRecallMedium,filterbank+proj,0,1040,,,,,,,,lspi,1000,linear,,LSPI system larger than 10000 unknowns,,,,,,
CountRecallMedium,filterbank+proj,1,1040,,,,,,,,lspi,1000,linear,,LSPI system larger than 10000 unknowns,,,,,,
CountRecallMedium,filterbank+proj,2,1040,,,,,,,,lspi,1000,linear,,LSPI system larger than 10000 unknowns,,,,,,
CountRecallMedium,filterbank+proj,3,1040,,,,,,,,lspi,1000,linear,,LSPI system larger than 10000 unknowns,,,,,,
CountRecallMedium,filterbank+proj,4,1040,,,,,,,,lspi,1000,linear,,LSPI system larger than 10000 unknowns,,,,,,
CountRecallMedium,filterbank+proj,5,1040,,,,,,,,lspi,1000,linear,,LSPI system larger than 10000 unknowns,,,,,,
CountRecallMedium,filterbank+proj,6,1040,,,,,,,,lspi,1000,linear,,LSPI system larger than 10000 unknowns,,,,,,
CountRecallMedium,filterbank+proj,7,1040,,,,,,,,lspi,1000,linear,,LSPI system larger than 10000 unknowns,,,,,,
CountRecallMedium,filterbank+hag,8,1040,,,,,,,,lspi,1000,linear,,LSPI system larger than 10000 unknowns,,,,,,
CountRecallMedium,filterbank+proj,8,1040,,,,,,,,lspi,1000,linear,,LSPI system larger than 10000 unknowns,,,,,,
CountRecallMedium,filterbank+proj,9,1040,,,,,,,,lspi,1000,linear,,LSPI system larger than 10000 unknowns,,,,,,
CountRecallMedium,filterbank+hag,9,1040,,,,,,,,lspi,1000,linear,,LSPI system larger than 10000 unknowns,,,,,,
CountRecallMedium,filterbank+hag,5,1040,,,,,,,,lspi,1000,linear,,LSPI system larger than 10000 unknowns,,,,,,
CountRecallMedium,filterbank+hag,1,1040,4.9788461538461535,-1.0,0.0,-0.9283747059126494,-0.9295367278350515,1804.0,"{'decomposition': 'legendre', 'n_filters': 12, 'slowest': 0.029334592739296388, 'input_scaling': 0.049068279099124805, 'bias_dist': 'uniform', 'bias_scaling': 0.46763789100254544, 'lr': 0.2715862958761201, 'weight_increment': 0.1852507853053407, 'min_window': 9, 'max_window': 16, 'use_full_instance': False, 'max_partners': 5, 'homeostasis': 'mean', 'target': 0.91, 'spread': 0.095, 'learning_rate': 0.003}",dqn,1000,linear,0.003,,,,,,,
CountRecallMedium,filterbank+proj,1,1040,0.0,-0.87067976,0.04472100893117687,-0.8858214290276061,-0.8827946144329897,1463.0,"{'decomposition': 'legendre', 'n_filters': 12, 'slowest': 0.029334592739296388, 'input_scaling': 0.049068279099124805, 'bias_dist': 'uniform', 'bias_scaling': 0.46763789100254544, 'lr': 0.2715862958761201, 'weight_increment': 0.1852507853053407, 'min_window': 9, 'max_window': 16, 'use_full_instance': False, 'max_partners': 5, 'homeostasis': 'mean', 'target': 0.91, 'spread': 0.095, 'learning_rate': 0.0001}",dqn,1000,linear,0.0001,,,,,,,
CountRecallMedium,filterbank+hag,9,1040,4.9490384615384615,-0.94601962,0.02642208885602348,-0.926380548001648,-0.9264939876288658,1538.0,"{'decomposition': 'legendre', 'n_filters': 12, 'slowest': 0.029334592739296388, 'input_scaling': 0.049068279099124805, 'bias_dist': 'uniform', 'bias_scaling': 0.46763789100254544, 'lr': 0.2715862958761201, 'weight_increment': 0.1852507853053407, 'min_window': 9, 'max_window': 16, 'use_full_instance': False, 'max_partners': 5, 'homeostasis': 'mean', 'target': 0.91, 'spread': 0.095, 'learning_rate': 0.003}",dqn,1000,linear,0.003,,,,,,,
CountRecallMedium,filterbank+proj,0,1040,0.0,-0.8803884999999998,0.043654484235299364,-0.8854314018335392,-0.8810730670103091,1511.0,"{'decomposition': 'legendre', 'n_filters': 12, 'slowest': 0.029334592739296388, 'input_scaling': 0.049068279099124805, 'bias_dist': 'uniform', 'bias_scaling': 0.46763789100254544, 'lr': 0.2715862958761201, 'weight_increment': 0.1852507853053407, 'min_window': 9, 'max_window': 16, 'use_full_instance': False, 'max_partners': 5, 'homeostasis': 'mean', 'target': 0.91, 'spread': 0.095, 'learning_rate': 0.0001}",dqn,1000,linear,0.0001,,,,,,,
CountRecallMedium,filterbank+proj,3,1040,0.0,-0.89592244,0.047206521735522956,-0.8858934343840132,-0.8843960731958763,1456.0,"{'decomposition': 'legendre', 'n_filters': 12, 'slowest': 0.029334592739296388, 'input_scaling': 0.049068279099124805, 'bias_dist': 'uniform', 'bias_scaling': 0.46763789100254544, 'lr': 0.2715862958761201, 'weight_increment': 0.1852507853053407, 'min_window': 9, 'max_window': 16, 'use_full_instance': False, 'max_partners': 5, 'homeostasis': 'mean', 'target': 0.91, 'spread': 0.095, 'learning_rate': 0.0001}",dqn,1000,linear,0.0001,,,,,,,
CountRecallMedium,filterbank+proj,2,1040,0.0,-0.9328157,0.03749338517672151,-0.9284847014833126,-0.9296368030927835,1557.0,"{'decomposition': 'legendre', 'n_filters': 12, 'slowest': 0.029334592739296388, 'input_scaling': 0.049068279099124805, 'bias_dist': 'uniform', 'bias_scaling': 0.46763789100254544, 'lr': 0.2715862958761201, 'weight_increment': 0.1852507853053407, 'min_window': 9, 'max_window': 16, 'use_full_instance': False, 'max_partners': 5, 'homeostasis': 'mean', 'target': 0.91, 'spread': 0.095, 'learning_rate': 0.0001}",dqn,1000,linear,0.0001,,,,,,,
CountRecallMedium,filterbank+esn,1,1040,96.27307692307693,-0.6147572815533979,0.09827314720698757,-0.6253124222056261,,249.0,"{'decomposition': 'legendre', 'n_filters': 12, 'slowest': 0.0056263882716246225, 'input_scaling': 0.06344812061556386, 'bias_dist': 'foldnorm', 'bias_scaling': 0.24743237591527745, 'lr': 0.7604293811879814, 'sr': 1.3687477885807093, 'rc_connectivity': 0.0925705874783593}",bc,1000,linear,,,-0.6097087378640775,-0.6229126213592232,2.0,"[-0.6097087378640775, -0.6563106796116503, -0.5999999999999999, -0.6155339805825242, -0.633009708737864]",-0.61747572,
CountRecallMedium,filterbank+esn,0,1040,96.27307692307693,-0.5763106796116503,0.08362509643462113,-0.5800647249190938,,250.0,"{'decomposition': 'legendre', 'n_filters': 12, 'slowest': 0.0056263882716246225, 'input_scaling': 0.06344812061556386, 'bias_dist': 'foldnorm', 'bias_scaling': 0.24743237591527745, 'lr': 0.7604293811879814, 'sr': 1.3687477885807093, 'rc_connectivity': 0.0925705874783593}",bc,1000,linear,,,-0.5766990291262135,-0.5922330097087378,3.0,"[-0.5766990291262135, -0.6524271844660193, -0.6155339805825242, -0.549514563106796, -0.5669902912621358]",-0.58990288,
CountRecallMedium,filterbank+esn,2,1040,96.27307692307693,-0.5774757281553397,0.10842952121442272,-0.6012347523027135,,251.0,"{'decomposition': 'legendre', 'n_filters': 12, 'slowest': 0.0056263882716246225, 'input_scaling': 0.06344812061556386, 'bias_dist': 'foldnorm', 'bias_scaling': 0.24743237591527745, 'lr': 0.7604293811879814, 'sr': 1.3687477885807093, 'rc_connectivity': 0.0925705874783593}",bc,1000,linear,,,-0.549514563106796,-0.6,0.0,"[-0.549514563106796, -0.6349514563106795, -0.6174757281553397, -0.6058252427184465, -0.5922330097087378]",-0.5937864,
CountRecallMedium,filterbank+hag,7,1040,4.977884615384616,-0.90951472,0.053050689183851335,-0.9228222835805522,-0.9206887721649484,1755.0,"{'decomposition': 'legendre', 'n_filters': 12, 'slowest': 0.029334592739296388, 'input_scaling': 0.049068279099124805, 'bias_dist': 'uniform', 'bias_scaling': 0.46763789100254544, 'lr': 0.2715862958761201, 'weight_increment': 0.1852507853053407, 'min_window': 9, 'max_window': 16, 'use_full_instance': False, 'max_partners': 5, 'homeostasis': 'mean', 'target': 0.91, 'spread': 0.095, 'learning_rate': 0.003}",dqn,1000,linear,0.003,,,,,,,
CountRecallMedium,filterbank+hag,8,1040,4.966346153846154,-0.99533986,0.010677776704932532,-0.9279806711990111,-0.9296568298969072,1730.0,"{'decomposition': 'legendre', 'n_filters': 12, 'slowest': 0.029334592739296388, 'input_scaling': 0.049068279099124805, 'bias_dist': 'uniform', 'bias_scaling': 0.46763789100254544, 'lr': 0.2715862958761201, 'weight_increment': 0.1852507853053407, 'min_window': 9, 'max_window': 16, 'use_full_instance': False, 'max_partners': 5, 'homeostasis': 'mean', 'target': 0.91, 'spread': 0.095, 'learning_rate': 0.003}",dqn,1000,linear,0.003,,,,,,,
CountRecallMedium,filterbank+proj,5,1040,0.0,-0.92233024,0.03340711855072809,-0.9296327889369593,-0.9310180453608247,1493.0,"{'decomposition': 'legendre', 'n_filters': 12, 'slowest': 0.029334592739296388, 'input_scaling': 0.049068279099124805, 'bias_dist': 'uniform', 'bias_scaling': 0.46763789100254544, 'lr': 0.2715862958761201, 'weight_increment': 0.1852507853053407, 'min_window': 9, 'max_window': 16, 'use_full_instance': False, 'max_partners': 5, 'homeostasis': 'mean', 'target': 0.91, 'spread': 0.095, 'learning_rate': 0.0001}",dqn,1000,linear,0.0001,,,,,,,
CountRecallMedium,filterbank+esn,3,1040,96.27307692307693,-0.5864077669902911,0.09593490739445144,-0.6047996016928056,,253.0,"{'decomposition': 'legendre', 'n_filters': 12, 'slowest': 0.0056263882716246225, 'input_scaling': 0.06344812061556386, 'bias_dist': 'foldnorm', 'bias_scaling': 0.24743237591527745, 'lr': 0.7604293811879814, 'sr': 1.3687477885807093, 'rc_connectivity': 0.0925705874783593}",bc,1000,linear,,,-0.5475728155339805,-0.5891262135922328,0.0,"[-0.5475728155339805, -0.6233009708737863, -0.603883495145631, -0.5864077669902912, -0.5844660194174757]",-0.6,
CountRecallMedium,filterbank+proj,6,1040,0.0,-0.9184467400000002,0.050185906453828255,-0.9291367557684386,-0.930057193814433,1498.0,"{'decomposition': 'legendre', 'n_filters': 12, 'slowest': 0.029334592739296388, 'input_scaling': 0.049068279099124805, 'bias_dist': 'uniform', 'bias_scaling': 0.46763789100254544, 'lr': 0.2715862958761201, 'weight_increment': 0.1852507853053407, 'min_window': 9, 'max_window': 16, 'use_full_instance': False, 'max_partners': 5, 'homeostasis': 'mean', 'target': 0.91, 'spread': 0.095, 'learning_rate': 0.0001}",dqn,1000,linear,0.0001,,,,,,,
CountRecallMedium,filterbank+esn,4,1040,96.27307692307693,-0.5871844660194173,0.09605744974063152,-0.5959770973363205,,280.0,"{'decomposition': 'legendre', 'n_filters': 12, 'slowest': 0.0056263882716246225, 'input_scaling': 0.06344812061556386, 'bias_dist': 'foldnorm', 'bias_scaling': 0.24743237591527745, 'lr': 0.7604293811879814, 'sr': 1.3687477885807093, 'rc_connectivity': 0.0925705874783593}",bc,1000,linear,,,-0.633009708737864,-0.6104854368932038,4.0,"[-0.633009708737864, -0.633009708737864, -0.5999999999999999, -0.6116504854368932, -0.574757281553398]",-0.6081553000000001,
CountRecallMedium,filterbank+proj,9,1040,0.0,-0.9735924,0.026270297905429237,-0.9295927891429748,-0.9318187845360825,1473.0,"{'decomposition': 'legendre', 'n_filters': 12, 'slowest': 0.029334592739296388, 'input_scaling': 0.049068279099124805, 'bias_dist': 'uniform', 'bias_scaling': 0.46763789100254544, 'lr': 0.2715862958761201, 'weight_increment': 0.1852507853053407, 'min_window': 9, 'max_window': 16, 'use_full_instance': False, 'max_partners': 5, 'homeostasis': 'mean', 'target': 0.91, 'spread': 0.095, 'learning_rate': 0.0001}",dqn,1000,linear,0.0001,,,,,,,
CountRecallMedium,filterbank+proj,7,1040,0.0,-0.8807768,0.05267981976772511,-0.8861754555006178,-0.88351526185567,1522.0,"{'decomposition': 'legendre', 'n_filters': 12, 'slowest': 0.029334592739296388, 'input_scaling': 0.049068279099124805, 'bias_dist': 'uniform', 'bias_scaling': 0.46763789100254544, 'lr': 0.2715862958761201, 'weight_increment': 0.1852507853053407, 'min_window': 9, 'max_window': 16, 'use_full_instance': False, 'max_partners': 5, 'homeostasis': 'mean', 'target': 0.91, 'spread': 0.095, 'learning_rate': 0.0001}",dqn,1000,linear,0.0001,,,,,,,
CountRecallMedium,filterbank+esn,5,1040,96.27307692307693,-0.589902912621359,0.09422098755181824,-0.6047000248941996,,260.0,"{'decomposition': 'legendre', 'n_filters': 12, 'slowest': 0.0056263882716246225, 'input_scaling': 0.06344812061556386, 'bias_dist': 'foldnorm', 'bias_scaling': 0.24743237591527745, 'lr': 0.7604293811879814, 'sr': 1.3687477885807093, 'rc_connectivity': 0.0925705874783593}",bc,1000,linear,,,-0.5417475728155339,-0.5922330097087378,0.0,"[-0.5417475728155339, -0.6504854368932038, -0.6213592233009708, -0.5650485436893203, -0.5825242718446602]",-0.6054369,
CountRecallMedium,filterbank+esn,7,1040,96.27307692307693,-0.5875728155339803,0.09469359629749541,-0.6200149365197908,,259.0,"{'decomposition': 'legendre', 'n_filters': 12, 'slowest': 0.0056263882716246225, 'input_scaling': 0.06344812061556386, 'bias_dist': 'foldnorm', 'bias_scaling': 0.24743237591527745, 'lr': 0.7604293811879814, 'sr': 1.3687477885807093, 'rc_connectivity': 0.0925705874783593}",bc,1000,linear,,,-0.607766990291262,-0.6139805825242718,4.0,"[-0.607766990291262, -0.6349514563106795, -0.6427184466019417, -0.6213592233009708, -0.5631067961165048]",-0.60737866,
CountRecallMedium,filterbank+proj,8,1040,0.0,-0.9289322,0.05514161340548534,-0.9295407832715286,-0.9301172474226803,1556.0,"{'decomposition': 'legendre', 'n_filters': 12, 'slowest': 0.029334592739296388, 'input_scaling': 0.049068279099124805, 'bias_dist': 'uniform', 'bias_scaling': 0.46763789100254544, 'lr': 0.2715862958761201, 'weight_increment': 0.1852507853053407, 'min_window': 9, 'max_window': 16, 'use_full_instance': False, 'max_partners': 5, 'homeostasis': 'mean', 'target': 0.91, 'spread': 0.095, 'learning_rate': 0.0001}",dqn,1000,linear,0.0001,,,,,,,
CountRecallMedium,filterbank+esn,6,1040,96.27307692307693,-0.5681553398058251,0.08406309432170211,-0.5902813044560616,,291.0,"{'decomposition': 'legendre', 'n_filters': 12, 'slowest': 0.0056263882716246225, 'input_scaling': 0.06344812061556386, 'bias_dist': 'foldnorm', 'bias_scaling': 0.24743237591527745, 'lr': 0.7604293811879814, 'sr': 1.3687477885807093, 'rc_connectivity': 0.0925705874783593}",bc,1000,linear,,,-0.549514563106796,-0.5895145631067961,0.0,"[-0.549514563106796, -0.6640776699029125, -0.5553398058252427, -0.5805825242718445, -0.5980582524271844]",-0.5992232999999999,
CountRecallMedium,filterbank+esn,8,1040,96.27307692307693,-0.5817475728155338,0.10068742889388331,-0.6006372915110779,,259.0,"{'decomposition': 'legendre', 'n_filters': 12, 'slowest': 0.0056263882716246225, 'input_scaling': 0.06344812061556386, 'bias_dist': 'foldnorm', 'bias_scaling': 0.24743237591527745, 'lr': 0.7604293811879814, 'sr': 1.3687477885807093, 'rc_connectivity': 0.0925705874783593}",bc,1000,linear,,,-0.5805825242718445,-0.607378640776699,0.0,"[-0.5805825242718445, -0.6524271844660193, -0.6174757281553397, -0.5999999999999999, -0.5864077669902912]",-0.6058252000000001,
CountRecallMedium,filterbank+proj,4,1040,0.0,-0.9339807599999999,0.04109907440931487,-0.929398777606098,-0.9335803639175259,1702.0,"{'decomposition': 'legendre', 'n_filters': 12, 'slowest': 0.029334592739296388, 'input_scaling': 0.049068279099124805, 'bias_dist': 'uniform', 'bias_scaling': 0.46763789100254544, 'lr': 0.2715862958761201, 'weight_increment': 0.1852507853053407, 'min_window': 9, 'max_window': 16, 'use_full_instance': False, 'max_partners': 5, 'homeostasis': 'mean', 'target': 0.91, 'spread': 0.095, 'learning_rate': 0.0001}",dqn,1000,linear,0.0001,,,,,,,
CountRecallMedium,filterbank+proj,0,1040,0.0,-0.94174776,0.03340707205162405,-0.9310809053358056,-0.9311381618556701,1538.0,"{'decomposition': 'legendre', 'n_filters': 12, 'slowest': 0.029334592739296388, 'input_scaling': 0.049068279099124805, 'bias_dist': 'uniform', 'bias_scaling': 0.46763789100254544, 'lr': 0.2715862958761201, 'weight_increment': 0.1852507853053407, 'min_window': 9, 'max_window': 16, 'use_full_instance': False, 'max_partners': 5, 'homeostasis': 'mean', 'target': 0.91, 'spread': 0.095, 'learning_rate': 0.0003}",dqn,1000,linear,0.0003,,,,,,,
CountRecallMedium,filterbank+proj,1,1040,0.0,-0.8866020200000001,0.05414100438096435,-0.8859394367531933,-0.885917412371134,1533.0,"{'decomposition': 'legendre', 'n_filters': 12, 'slowest': 0.029334592739296388, 'input_scaling': 0.049068279099124805, 'bias_dist': 'uniform', 'bias_scaling': 0.46763789100254544, 'lr': 0.2715862958761201, 'weight_increment': 0.1852507853053407, 'min_window': 9, 'max_window': 16, 'use_full_instance': False, 'max_partners': 5, 'homeostasis': 'mean', 'target': 0.91, 'spread': 0.095, 'learning_rate': 0.0003}",dqn,1000,linear,0.0003,,,,,,,
CountRecallMedium,filterbank+esn,9,1040,96.27307692307693,-0.586019417475728,0.09942354350415218,-0.5962559123724172,,271.0,"{'decomposition': 'legendre', 'n_filters': 12, 'slowest': 0.0056263882716246225, 'input_scaling': 0.06344812061556386, 'bias_dist': 'foldnorm', 'bias_scaling': 0.24743237591527745, 'lr': 0.7604293811879814, 'sr': 1.3687477885807093, 'rc_connectivity': 0.0925705874783593}",bc,1000,linear,,,-0.6388349514563105,-0.6128155339805824,4.0,"[-0.6388349514563105, -0.666019417475728, -0.5999999999999999, -0.5864077669902912, -0.5728155339805825]",-0.5957281799999999,
CountRecallMedium,filterbank+proj,5,1040,0.0,-0.9262137399999999,0.038640323050311065,-0.9303688518747424,-0.9303974865979381,1480.0,"{'decomposition': 'legendre', 'n_filters': 12, 'slowest': 0.029334592739296388, 'input_scaling': 0.049068279099124805, 'bias_dist': 'uniform', 'bias_scaling': 0.46763789100254544, 'lr': 0.2715862958761201, 'weight_increment': 0.1852507853053407, 'min_window': 9, 'max_window': 16, 'use_full_instance': False, 'max_partners': 5, 'homeostasis': 'mean', 'target': 0.91, 'spread': 0.095, 'learning_rate': 0.0003}",dqn,1000,linear,0.0003,,,,,,,
CountRecallMedium,filterbank+hag,2,1040,4.973076923076923,-0.5833009708737863,0.10770732188777324,-0.60302713467762,,305.0,"{'decomposition': 'legendre', 'n_filters': 12, 'slowest': 0.029334592739296388, 'input_scaling': 0.049068279099124805, 'bias_dist': 'uniform', 'bias_scaling': 0.46763789100254544, 'lr': 0.2715862958761201, 'weight_increment': 0.1852507853053407, 'min_window': 9, 'max_window': 16, 'use_full_instance': False, 'max_partners': 5, 'homeostasis': 'mean', 'target': 0.91, 'spread': 0.095}",bc,1000,linear,,,-0.5650485436893203,-0.607766990291262,0.0,"[-0.5650485436893203, -0.6563106796116503, -0.6174757281553397, -0.5844660194174757, -0.6155339805825242]",-0.5937864,
CountRecallMedium,filterbank+proj,2,1040,0.0,-0.8796117800000001,0.04236395416355278,-0.8882136151627522,-0.8805125577319587,1578.0,"{'decomposition': 'legendre', 'n_filters': 12, 'slowest': 0.029334592739296388, 'input_scaling': 0.049068279099124805, 'bias_dist': 'uniform', 'bias_scaling': 0.46763789100254544, 'lr': 0.2715862958761201, 'weight_increment': 0.1852507853053407, 'min_window': 9, 'max_window': 16, 'use_full_instance': False, 'max_partners': 5, 'homeostasis': 'mean', 'target': 0.91, 'spread': 0.095, 'learning_rate': 0.0003}",dqn,1000,linear,0.0003,,,,,,,
CountRecallMedium,filterbank+hag,1,1040,4.9788461538461535,-0.6128155339805824,0.09372105705239049,-0.6240378391834702,,324.0,"{'decomposition': 'legendre', 'n_filters': 12, 'slowest': 0.029334592739296388, 'input_scaling': 0.049068279099124805, 'bias_dist': 'uniform', 'bias_scaling': 0.46763789100254544, 'lr': 0.2715862958761201, 'weight_increment': 0.1852507853053407, 'min_window': 9, 'max_window': 16, 'use_full_instance': False, 'max_partners': 5, 'homeostasis': 'mean', 'target': 0.91, 'spread': 0.095}",bc,1000,linear,,,-0.633009708737864,-0.6271844660194174,2.0,"[-0.633009708737864, -0.666019417475728, -0.5980582524271844, -0.6135922330097087, -0.6252427184466018]",-0.61747572,
CountRecallMedium,filterbank+proj,6,1040,0.0,-0.93514578,0.035721877539283964,-0.9292287625669552,-0.9297969659793814,1532.0,"{'decomposition': 'legendre', 'n_filters': 12, 'slowest': 0.029334592739296388, 'input_scaling': 0.049068279099124805, 'bias_dist': 'uniform', 'bias_scaling': 0.46763789100254544, 'lr': 0.2715862958761201, 'weight_increment': 0.1852507853053407, 'min_window': 9, 'max_window': 16, 'use_full_instance': False, 'max_partners': 5, 'homeostasis': 'mean', 'target': 0.91, 'spread': 0.095, 'learning_rate': 0.0003}",dqn,1000,linear,0.0003,,,,,,,
CountRecallMedium,filterbank+hag,0,1040,4.954807692307693,-0.5817475728155338,0.07163022314597596,-0.5813990540204131,,332.0,"{'decomposition': 'legendre', 'n_filters': 12, 'slowest': 0.029334592739296388, 'input_scaling': 0.049068279099124805, 'bias_dist': 'uniform', 'bias_scaling': 0.46763789100254544, 'lr': 0.2715862958761201, 'weight_increment': 0.1852507853053407, 'min_window': 9, 'max_window': 16, 'use_full_instance': False, 'max_partners': 5, 'homeostasis': 'mean', 'target': 0.91, 'spread': 0.095}",bc,1000,linear,,,-0.578640776699029,-0.5902912621359222,3.0,"[-0.578640776699029, -0.6427184466019417, -0.607766990291262, -0.545631067961165, -0.5766990291262135]",-0.58990288,
CountRecallMedium,filterbank+hag,3,1040,4.9653846153846155,-0.5910679611650483,0.08476434317050174,-0.6073686830968383,,327.0,"{'decomposition': 'legendre', 'n_filters': 12, 'slowest': 0.029334592739296388, 'input_scaling': 0.049068279099124805, 'bias_dist': 'uniform', 'bias_scaling': 0.46763789100254544, 'lr': 0.2715862958761201, 'weight_increment': 0.1852507853053407, 'min_window': 9, 'max_window': 16, 'use_full_instance': False, 'max_partners': 5, 'homeostasis': 'mean', 'target': 0.91, 'spread': 0.095}",bc,1000,linear,,,-0.5766990291262135,-0.6050485436893204,0.0,"[-0.5766990291262135, -0.6310679611650485, -0.6135922330097087, -0.5961165048543688, -0.607766990291262]",-0.6,
CountRecallMedium,filterbank+hag,5,1040,4.9875,-0.6066019417475726,0.0958216522871294,-0.6135822753298481,,319.0,"{'decomposition': 'legendre', 'n_filters': 12, 'slowest': 0.029334592739296388, 'input_scaling': 0.049068279099124805, 'bias_dist': 'uniform', 'bias_scaling': 0.46763789100254544, 'lr': 0.2715862958761201, 'weight_increment': 0.1852507853053407, 'min_window': 9, 'max_window': 16, 'use_full_instance': False, 'max_partners': 5, 'homeostasis': 'mean', 'target': 0.91, 'spread': 0.095}",bc,1000,linear,,,-0.5650485436893203,-0.6093203883495144,0.0,"[-0.5650485436893203, -0.6427184466019417, -0.6563106796116503, -0.5805825242718445, -0.6019417475728155]",-0.6054369,
CountRecallMedium,filterbank+hag,4,1040,4.957692307692308,-0.59378640776699,0.08621359223300969,-0.6040229026636793,,327.0,"{'decomposition': 'legendre', 'n_filters': 12, 'slowest': 0.029334592739296388, 'input_scaling': 0.049068279099124805, 'bias_dist': 'uniform', 'bias_scaling': 0.46763789100254544, 'lr': 0.2715862958761201, 'weight_increment': 0.1852507853053407, 'min_window': 9, 'max_window': 16, 'use_full_instance': False, 'max_partners': 5, 'homeostasis': 'mean', 'target': 0.91, 'spread': 0.095}",bc,1000,linear,,,-0.6194174757281552,-0.6085436893203882,4.0,"[-0.6194174757281552, -0.6271844660194174, -0.607766990291262, -0.6252427184466018, -0.5631067961165048]",-0.6081553000000001,
CountRecallMedium,filterbank+hag,6,1040,4.986538461538461,-0.5662135922330096,0.08749592991086018,-0.5891262135922329,,319.0,"{'decomposition': 'legendre', 'n_filters': 12, 'slowest': 0.029334592739296388, 'input_scaling': 0.049068279099124805, 'bias_dist': 'uniform', 'bias_scaling': 0.46763789100254544, 'lr': 0.2715862958761201, 'weight_increment': 0.1852507853053407, 'min_window': 9, 'max_window': 16, 'use_full_instance': False, 'max_partners': 5, 'homeostasis': 'mean', 'target': 0.91, 'spread': 0.095}",bc,1000,linear,,,-0.5514563106796115,-0.5887378640776698,2.0,"[-0.5514563106796115, -0.6718446601941747, -0.5436893203883495, -0.5922330097087378, -0.5844660194174757]",-0.5992232999999999,
CountRecallMedium,filterbank+proj,1,1040,0.0,-0.797281553398058,0.07912806001776808,-0.7686631814787153,,253.0,"{'decomposition': 'legendre', 'n_filters': 12, 'slowest': 0.029334592739296388, 'input_scaling': 0.049068279099124805, 'bias_dist': 'uniform', 'bias_scaling': 0.46763789100254544, 'lr': 0.2715862958761201, 'weight_increment': 0.1852507853053407, 'min_window': 9, 'max_window': 16, 'use_full_instance': False, 'max_partners': 5, 'homeostasis': 'mean', 'target': 0.91, 'spread': 0.095}",bc,1000,linear,,,-0.7941747572815532,-0.7988349514563103,2.0,"[-0.7941747572815532, -0.8330097087378638, -0.7650485436893202, -0.7766990291262135, -0.8252427184466017]",-0.61747572,
CountRecallMedium,filterbank+proj,3,1040,0.0,-0.8757283199999999,0.05093162806879044,-0.8892156924186237,-0.886177669072165,1599.0,"{'decomposition': 'legendre', 'n_filters': 12, 'slowest': 0.029334592739296388, 'input_scaling': 0.049068279099124805, 'bias_dist': 'uniform', 'bias_scaling': 0.46763789100254544, 'lr': 0.2715862958761201, 'weight_increment': 0.1852507853053407, 'min_window': 9, 'max_window': 16, 'use_full_instance': False, 'max_partners': 5, 'homeostasis': 'mean', 'target': 0.91, 'spread': 0.095, 'learning_rate': 0.0003}",dqn,1000,linear,0.0003,,,,,,,
CountRecallMedium,filterbank+proj,0,1040,0.0,-0.89242728,0.03964400236910498,-0.8870155201895344,-0.8810530587628865,1499.0,"{'decomposition': 'legendre', 'n_filters': 12, 'slowest': 0.029334592739296388, 'input_scaling': 0.049068279099124805, 'bias_dist': 'uniform', 'bias_scaling': 0.46763789100254544, 'lr': 0.2715862958761201, 'weight_increment': 0.1852507853053407, 'min_window': 9, 'max_window': 16, 'use_full_instance': False, 'max_partners': 5, 'homeostasis': 'mean', 'target': 0.91, 'spread': 0.095, 'learning_rate': 0.001}",dqn,1000,linear,0.001,,,,,,,
CountRecallMedium,filterbank+proj,0,1040,0.0,-0.7724271844660194,0.07796448988787323,-0.7390888722927555,,278.0,"{'decomposition': 'legendre', 'n_filters': 12, 'slowest': 0.029334592739296388, 'input_scaling': 0.049068279099124805, 'bias_dist': 'uniform', 'bias_scaling': 0.46763789100254544, 'lr': 0.2715862958761201, 'weight_increment': 0.1852507853053407, 'min_window': 9, 'max_window': 16, 'use_full_instance': False, 'max_partners': 5, 'homeostasis': 'mean', 'target': 0.91, 'spread': 0.095}",bc,1000,linear,,,-0.7844660194174755,-0.7933980582524269,4.0,"[-0.7844660194174755, -0.8213592233009706, -0.8058252427184464, -0.7864077669902911, -0.7689320388349513]",-0.58990288,
CountRecallMedium,filterbank+proj,7,1040,0.0,-0.8718446999999999,0.05224723074967706,-0.8865834877420683,-0.8819538567010309,1525.0,"{'decomposition': 'legendre', 'n_filters': 12, 'slowest': 0.029334592739296388, 'input_scaling': 0.049068279099124805, 'bias_dist': 'uniform', 'bias_scaling': 0.46763789100254544, 'lr': 0.2715862958761201, 'weight_increment': 0.1852507853053407, 'min_window': 9, 'max_window': 16, 'use_full_instance': False, 'max_partners': 5, 'homeostasis': 'mean', 'target': 0.91, 'spread': 0.095, 'learning_rate': 0.0003}",dqn,1000,linear,0.0003,,,,,,,
CountRecallMedium,filterbank+proj,8,1040,0.0,-0.8765049400000001,0.04232128159468237,-0.8868155044293365,-0.8824543092783506,1523.0,"{'decomposition': 'legendre', 'n_filters': 12, 'slowest': 0.029334592739296388, 'input_scaling': 0.049068279099124805, 'bias_dist': 'uniform', 'bias_scaling': 0.46763789100254544, 'lr': 0.2715862958761201, 'weight_increment': 0.1852507853053407, 'min_window': 9, 'max_window': 16, 'use_full_instance': False, 'max_partners': 5, 'homeostasis': 'mean', 'target': 0.91, 'spread': 0.095, 'learning_rate': 0.0003}",dqn,1000,linear,0.0003,,,,,,,
CountRecallMedium,filterbank+hag,8,1040,4.966346153846154,-0.5848543689320386,0.09938182006243226,-0.6020114513318395,,312.0,"{'decomposition': 'legendre', 'n_filters': 12, 'slowest': 0.029334592739296388, 'input_scaling': 0.049068279099124805, 'bias_dist': 'uniform', 'bias_scaling': 0.46763789100254544, 'lr': 0.2715862958761201, 'weight_increment': 0.1852507853053407, 'min_window': 9, 'max_window': 16, 'use_full_instance': False, 'max_partners': 5, 'homeostasis': 'mean', 'target': 0.91, 'spread': 0.095}",bc,1000,linear,,,-0.5844660194174757,-0.607766990291262,0.0,"[-0.5844660194174757, -0.6466019417475727, -0.6174757281553397, -0.5941747572815533, -0.5961165048543688]",-0.6058252000000001,
CountRecallMedium,filterbank+proj,9,1040,0.0,-0.93203898,0.0366882726835102,-0.9296867970745777,-0.9268542989690722,1515.0,"{'decomposition': 'legendre', 'n_filters': 12, 'slowest': 0.029334592739296388, 'input_scaling': 0.049068279099124805, 'bias_dist': 'uniform', 'bias_scaling': 0.46763789100254544, 'lr': 0.2715862958761201, 'weight_increment': 0.1852507853053407, 'min_window': 9, 'max_window': 16, 'use_full_instance': False, 'max_partners': 5, 'homeostasis': 'mean', 'target': 0.91, 'spread': 0.095, 'learning_rate': 0.0003}",dqn,1000,linear,0.0003,,,,,,,
CountRecallMedium,filterbank+hag,7,1040,4.977884615384616,-0.593398058252427,0.10350880618055336,-0.6188200149365197,,341.0,"{'decomposition': 'legendre', 'n_filters': 12, 'slowest': 0.029334592739296388, 'input_scaling': 0.049068279099124805, 'bias_dist': 'uniform', 'bias_scaling': 0.46763789100254544, 'lr': 0.2715862958761201, 'weight_increment': 0.1852507853053407, 'min_window': 9, 'max_window': 16, 'use_full_instance': False, 'max_partners': 5, 'homeostasis': 'mean', 'target': 0.91, 'spread': 0.095}",bc,1000,linear,,,-0.6116504854368932,-0.6182524271844658,4.0,"[-0.6116504854368932, -0.6582524271844659, -0.6349514563106795, -0.6310679611650485, -0.5553398058252427]",-0.60737866,
CountRecallMedium,filterbank+proj,2,1040,0.0,-0.7933980582524269,0.06757281553398055,-0.7483694299228278,,247.0,"{'decomposition': 'legendre', 'n_filters': 12, 'slowest': 0.029334592739296388, 'input_scaling': 0.049068279099124805, 'bias_dist': 'uniform', 'bias_scaling': 0.46763789100254544, 'lr': 0.2715862958761201, 'weight_increment': 0.1852507853053407, 'min_window': 9, 'max_window': 16, 'use_full_instance': False, 'max_partners': 5, 'homeostasis': 'mean', 'target': 0.91, 'spread': 0.095}",bc,1000,linear,,,-0.7611650485436892,-0.7763106796116503,0.0,"[-0.7611650485436892, -0.7902912621359222, -0.7747572815533978, -0.7650485436893202, -0.7902912621359222]",-0.5937864,
CountRecallMedium,filterbank+proj,3,1040,0.0,-0.7856310679611649,0.07408829403767599,-0.7542444610405774,,243.0,"{'decomposition': 'legendre', 'n_filters': 12, 'slowest': 0.029334592739296388, 'input_scaling': 0.049068279099124805, 'bias_dist': 'uniform', 'bias_scaling': 0.46763789100254544, 'lr': 0.2715862958761201, 'weight_increment': 0.1852507853053407, 'min_window': 9, 'max_window': 16, 'use_full_instance': False, 'max_partners': 5, 'homeostasis': 'mean', 'target': 0.91, 'spread': 0.095}",bc,1000,linear,,,-0.7417475728155338,-0.7856310679611649,0.0,"[-0.7417475728155338, -0.8097087378640774, -0.8038834951456308, -0.7844660194174755, -0.7883495145631066]",-0.6,
CountRecallMedium,filterbank+hag,9,1040,4.9490384615384615,-0.5875728155339803,0.09169983861243079,-0.5998008464027881,,318.0,"{'decomposition': 'legendre', 'n_filters': 12, 'slowest': 0.029334592739296388, 'input_scaling': 0.049068279099124805, 'bias_dist': 'uniform', 'bias_scaling': 0.46763789100254544, 'lr': 0.2715862958761201, 'weight_increment': 0.1852507853053407, 'min_window': 9, 'max_window': 16, 'use_full_instance': False, 'max_partners': 5, 'homeostasis': 'mean', 'target': 0.91, 'spread': 0.095}",bc,1000,linear,,,-0.633009708737864,-0.6143689320388349,3.0,"[-0.633009708737864, -0.6679611650485435, -0.6019417475728155, -0.574757281553398, -0.5941747572815533]",-0.5957281799999999,
CountRecallMedium,filterbank+proj,5,1040,0.0,-0.7844660194174756,0.07542883339633019,-0.7506995270102065,,246.0,"{'decomposition': 'legendre', 'n_filters': 12, 'slowest': 0.029334592739296388, 'input_scaling': 0.049068279099124805, 'bias_dist': 'uniform', 'bias_scaling': 0.46763789100254544, 'lr': 0.2715862958761201, 'weight_increment': 0.1852507853053407, 'min_window': 9, 'max_window': 16, 'use_full_instance': False, 'max_partners': 5, 'homeostasis': 'mean', 'target': 0.91, 'spread': 0.095}",bc,1000,linear,,,-0.7436893203883493,-0.7580582524271844,3.0,"[-0.7436893203883493, -0.7766990291262135, -0.7669902912621358, -0.7417475728155338, -0.7611650485436892]",-0.6054369,
CountRecallMedium,filterbank+proj,1,1040,0.0,-0.86912628,0.04624635699816365,-0.886899513700041,-0.8801322195876289,1538.0,"{'decomposition': 'legendre', 'n_filters': 12, 'slowest': 0.029334592739296388, 'input_scaling': 0.049068279099124805, 'bias_dist': 'uniform', 'bias_scaling': 0.46763789100254544, 'lr': 0.2715862958761201, 'weight_increment': 0.1852507853053407, 'min_window': 9, 'max_window': 16, 'use_full_instance': False, 'max_partners': 5, 'homeostasis': 'mean', 'target': 0.91, 'spread': 0.095, 'learning_rate': 0.001}",dqn,1000,linear,0.001,,,,,,,
CountRecallMedium,filterbank+proj,4,1040,0.0,-0.7642718446601942,0.06579172615221202,-0.734388847398556,,266.0,"{'decomposition': 'legendre', 'n_filters': 12, 'slowest': 0.029334592739296388, 'input_scaling': 0.049068279099124805, 'bias_dist': 'uniform', 'bias_scaling': 0.46763789100254544, 'lr': 0.2715862958761201, 'weight_increment': 0.1852507853053407, 'min_window': 9, 'max_window': 16, 'use_full_instance': False, 'max_partners': 5, 'homeostasis': 'mean', 'target': 0.91, 'spread': 0.095}",bc,1000,linear,,,-0.7631067961165047,-0.7724271844660192,1.0,"[-0.7631067961165047, -0.7553398058252425, -0.78252427184466, -0.7844660194174755, -0.7766990291262135]",-0.6081553000000001,
CountRecallMedium,filterbank+proj,2,1040,0.0,-0.86524282,0.04519070401650765,-0.8879455935311082,-0.8835152639175258,1520.0,"{'decomposition': 'legendre', 'n_filters': 12, 'slowest': 0.029334592739296388, 'input_scaling': 0.049068279099124805, 'bias_dist': 'uniform', 'bias_scaling': 0.46763789100254544, 'lr': 0.2715862958761201, 'weight_increment': 0.1852507853053407, 'min_window': 9, 'max_window': 16, 'use_full_instance': False, 'max_partners': 5, 'homeostasis': 'mean', 'target': 0.91, 'spread': 0.095, 'learning_rate': 0.001}",dqn,1000,linear,0.001,,,,,,,
CountRecallMedium,filterbank+proj,4,1040,0.0,-0.9122331799999998,0.051114850196665944,-0.9290307444375773,-0.9321390711340206,1671.0,"{'decomposition': 'legendre', 'n_filters': 12, 'slowest': 0.029334592739296388, 'input_scaling': 0.049068279099124805, 'bias_dist': 'uniform', 'bias_scaling': 0.46763789100254544, 'lr': 0.2715862958761201, 'weight_increment': 0.1852507853053407, 'min_window': 9, 'max_window': 16, 'use_full_instance': False, 'max_partners': 5, 'homeostasis': 'mean', 'target': 0.91, 'spread': 0.095, 'learning_rate': 0.0003}",dqn,1000,linear,0.0003,,,,,,,
CountRecallMedium,filterbank+proj,6,1040,0.0,-0.7662135922330094,0.07958417712081327,-0.7469156086631814,,254.0,"{'decomposition': 'legendre', 'n_filters': 12, 'slowest': 0.029334592739296388, 'input_scaling': 0.049068279099124805, 'bias_dist': 'uniform', 'bias_scaling': 0.46763789100254544, 'lr': 0.2715862958761201, 'weight_increment': 0.1852507853053407, 'min_window': 9, 'max_window': 16, 'use_full_instance': False, 'max_partners': 5, 'homeostasis': 'mean', 'target': 0.91, 'spread': 0.095}",bc,1000,linear,,,-0.7728155339805823,-0.7836893203883494,2.0,"[-0.7728155339805823, -0.807766990291262, -0.7436893203883493, -0.811650485436893, -0.78252427184466]",-0.5992232999999999,
CountRecallMedium,filterbank+proj,5,1040,0.0,-0.9227186,0.04155348037457273,-0.9313729340749898,-0.9352418597938145,1521.0,"{'decomposition': 'legendre', 'n_filters': 12, 'slowest': 0.029334592739296388, 'input_scaling': 0.049068279099124805, 'bias_dist': 'uniform', 'bias_scaling': 0.46763789100254544, 'lr': 0.2715862958761201, 'weight_increment': 0.1852507853053407, 'min_window': 9, 'max_window': 16, 'use_full_instance': False, 'max_partners': 5, 'homeostasis': 'mean', 'target': 0.91, 'spread': 0.095, 'learning_rate': 0.001}",dqn,1000,linear,0.001,,,,,,,
CountRecallMedium,filterbank+proj,7,1040,0.0,-0.7829126213592229,0.07062090808721633,-0.7512969878018421,,253.0,"{'decomposition': 'legendre', 'n_filters': 12, 'slowest': 0.029334592739296388, 'input_scaling': 0.049068279099124805, 'bias_dist': 'uniform', 'bias_scaling': 0.46763789100254544, 'lr': 0.2715862958761201, 'weight_increment': 0.1852507853053407, 'min_window': 9, 'max_window': 16, 'use_full_instance': False, 'max_partners': 5, 'homeostasis': 'mean', 'target': 0.91, 'spread': 0.095}",bc,1000,linear,,,-0.7572815533980581,-0.77126213592233,4.0,"[-0.7572815533980581, -0.7864077669902911, -0.7844660194174755, -0.7941747572815532, -0.7339805825242717]",-0.60737866,
CountRecallMedium,filterbank+proj,3,1040,0.0,-0.87495154,0.05312869243119391,-0.8910078258137619,-0.8851967762886599,1546.0,"{'decomposition': 'legendre', 'n_filters': 12, 'slowest': 0.029334592739296388, 'input_scaling': 0.049068279099124805, 'bias_dist': 'uniform', 'bias_scaling': 0.46763789100254544, 'lr': 0.2715862958761201, 'weight_increment': 0.1852507853053407, 'min_window': 9, 'max_window': 16, 'use_full_instance': False, 'max_partners': 5, 'homeostasis': 'mean', 'target': 0.91, 'spread': 0.095, 'learning_rate': 0.001}",dqn,1000,linear,0.001,,,,,,,
CountRecallMedium,filterbank+proj,8,1040,0.0,-0.7922330097087378,0.08055327577744284,-0.7535673388100571,,238.0,"{'decomposition': 'legendre', 'n_filters': 12, 'slowest': 0.029334592739296388, 'input_scaling': 0.049068279099124805, 'bias_dist': 'uniform', 'bias_scaling': 0.46763789100254544, 'lr': 0.2715862958761201, 'weight_increment': 0.1852507853053407, 'min_window': 9, 'max_window': 16, 'use_full_instance': False, 'max_partners': 5, 'homeostasis': 'mean', 'target': 0.91, 'spread': 0.095}",bc,1000,linear,,,-0.7669902912621358,-0.7852427184466018,0.0,"[-0.7669902912621358, -0.7922330097087377, -0.7902912621359222, -0.8097087378640774, -0.7669902912621358]",-0.6058252000000001,
CountRecallMedium,filterbank+proj,9,1040,0.0,-0.7654368932038832,0.07548779380080968,-0.7353248693054516,,241.0,"{'decomposition': 'legendre', 'n_filters': 12, 'slowest': 0.029334592739296388, 'input_scaling': 0.049068279099124805, 'bias_dist': 'uniform', 'bias_scaling': 0.46763789100254544, 'lr': 0.2715862958761201, 'weight_increment': 0.1852507853053407, 'min_window': 9, 'max_window': 16, 'use_full_instance': False, 'max_partners': 5, 'homeostasis': 'mean', 'target': 0.91, 'spread': 0.095}",bc,1000,linear,,,-0.7728155339805823,-0.7778640776699028,2.0,"[-0.7728155339805823, -0.8194174757281552, -0.7436893203883493, -0.7980582524271843, -0.7553398058252425]",-0.5957281799999999,
CountRecallMedium,filterbank+proj,7,1040,0.0,-0.8718447400000001,0.04643990726899011,-0.8869895216316439,-0.8840357402061856,1510.0,"{'decomposition': 'legendre', 'n_filters': 12, 'slowest': 0.029334592739296388, 'input_scaling': 0.049068279099124805, 'bias_dist': 'uniform', 'bias_scaling': 0.46763789100254544, 'lr': 0.2715862958761201, 'weight_increment': 0.1852507853053407, 'min_window': 9, 'max_window': 16, 'use_full_instance': False, 'max_partners': 5, 'homeostasis': 'mean', 'target': 0.91, 'spread': 0.095, 'learning_rate': 0.001}",dqn,1000,linear,0.001,,,,,,,
CountRecallMedium,filterbank+proj,6,1040,0.0,-0.91961176,0.0446197165632235,-0.9286847270292543,-0.931978930927835,1567.0,"{'decomposition': 'legendre', 'n_filters': 12, 'slowest': 0.029334592739296388, 'input_scaling': 0.049068279099124805, 'bias_dist': 'uniform', 'bias_scaling': 0.46763789100254544, 'lr': 0.2715862958761201, 'weight_increment': 0.1852507853053407, 'min_window': 9, 'max_window': 16, 'use_full_instance': False, 'max_partners': 5, 'homeostasis': 'mean', 'target': 0.91, 'spread': 0.095, 'learning_rate': 0.001}",dqn,1000,linear,0.001,,,,,,,
CountRecallMedium,filterbank+proj,9,1040,0.0,-0.93203898,0.0366882726835102,-0.9301168383807169,-0.9321991268041236,1471.0,"{'decomposition': 'legendre', 'n_filters': 12, 'slowest': 0.029334592739296388, 'input_scaling': 0.049068279099124805, 'bias_dist': 'uniform', 'bias_scaling': 0.46763789100254544, 'lr': 0.2715862958761201, 'weight_increment': 0.1852507853053407, 'min_window': 9, 'max_window': 16, 'use_full_instance': False, 'max_partners': 5, 'homeostasis': 'mean', 'target': 0.91, 'spread': 0.095, 'learning_rate': 0.001}",dqn,1000,linear,0.001,,,,,,,
CountRecallMedium,filterbank+proj,8,1040,0.0,-0.9266020799999999,0.03255889064623672,-0.9295267914091471,-0.931458456701031,1539.0,"{'decomposition': 'legendre', 'n_filters': 12, 'slowest': 0.029334592739296388, 'input_scaling': 0.049068279099124805, 'bias_dist': 'uniform', 'bias_scaling': 0.46763789100254544, 'lr': 0.2715862958761201, 'weight_increment': 0.1852507853053407, 'min_window': 9, 'max_window': 16, 'use_full_instance': False, 'max_partners': 5, 'homeostasis': 'mean', 'target': 0.91, 'spread': 0.095, 'learning_rate': 0.001}",dqn,1000,linear,0.001,,,,,,,
CountRecallMedium,filterbank+proj,0,1040,0.0,-0.98834962,0.024252347245485327,-0.9263465523279768,-0.923351169072165,1467.0,"{'decomposition': 'legendre', 'n_filters': 12, 'slowest': 0.029334592739296388, 'input_scaling': 0.049068279099124805, 'bias_dist': 'uniform', 'bias_scaling': 0.46763789100254544, 'lr': 0.2715862958761201, 'weight_increment': 0.1852507853053407, 'min_window': 9, 'max_window': 16, 'use_full_instance': False, 'max_partners': 5, 'homeostasis': 'mean', 'target': 0.91, 'spread': 0.095, 'learning_rate': 0.003}",dqn,1000,linear,0.003,,,,,,,
CountRecallMedium,filterbank+proj,4,1040,0.0,-0.91961174,0.042008287163277674,-0.928476710341986,-0.9352418628865978,1645.0,"{'decomposition': 'legendre', 'n_filters': 12, 'slowest': 0.029334592739296388, 'input_scaling': 0.049068279099124805, 'bias_dist': 'uniform', 'bias_scaling': 0.46763789100254544, 'lr': 0.2715862958761201, 'weight_increment': 0.1852507853053407, 'min_window': 9, 'max_window': 16, 'use_full_instance': False, 'max_partners': 5, 'homeostasis': 'mean', 'target': 0.91, 'spread': 0.095, 'learning_rate': 0.001}",dqn,1000,linear,0.001,,,,,,,
CountRecallMedium,filterbank+proj,2,1040,0.0,-0.9211651999999999,0.03891452283094322,-0.9296328025339926,-0.9279553164948454,1467.0,"{'decomposition': 'legendre', 'n_filters': 12, 'slowest': 0.029334592739296388, 'input_scaling': 0.049068279099124805, 'bias_dist': 'uniform', 'bias_scaling': 0.46763789100254544, 'lr': 0.2715862958761201, 'weight_increment': 0.1852507853053407, 'min_window': 9, 'max_window': 16, 'use_full_instance': False, 'max_partners': 5, 'homeostasis': 'mean', 'target': 0.91, 'spread': 0.095, 'learning_rate': 0.003}",dqn,1000,linear,0.003,,,,,,,
CountRecallMedium,filterbank+proj,1,1040,0.0,-0.9149516400000001,0.04234441741281135,-0.9303148556860322,-0.9305176195876288,1488.0,"{'decomposition': 'legendre', 'n_filters': 12, 'slowest': 0.029334592739296388, 'input_scaling': 0.049068279099124805, 'bias_dist': 'uniform', 'bias_scaling': 0.46763789100254544, 'lr': 0.2715862958761201, 'weight_increment': 0.1852507853053407, 'min_window': 9, 'max_window': 16, 'use_full_instance': False, 'max_partners': 5, 'homeostasis': 'mean', 'target': 0.91, 'spread': 0.095, 'learning_rate': 0.003}",dqn,1000,linear,0.003,,,,,,,
CountRecallMedium,filterbank+proj,3,1040,0.0,-0.92621374,0.043764809932551975,-0.9293467763700041,-0.9291363690721649,1452.0,"{'decomposition': 'legendre', 'n_filters': 12, 'slowest': 0.029334592739296388, 'input_scaling': 0.049068279099124805, 'bias_dist': 'uniform', 'bias_scaling': 0.46763789100254544, 'lr': 0.2715862958761201, 'weight_increment': 0.1852507853053407, 'min_window': 9, 'max_window': 16, 'use_full_instance': False, 'max_partners': 5, 'homeostasis': 'mean', 'target': 0.91, 'spread': 0.095, 'learning_rate': 0.003}",dqn,1000,linear,0.003,,,,,,,
CountRecallMedium,filterbank+proj,4,1040,0.0,-0.8819418,0.049404476258331095,-0.8942220795220436,-0.8861976865979382,1457.0,"{'decomposition': 'legendre', 'n_filters': 12, 'slowest': 0.029334592739296388, 'input_scaling': 0.049068279099124805, 'bias_dist': 'uniform', 'bias_scaling': 0.46763789100254544, 'lr': 0.2715862958761201, 'weight_increment': 0.1852507853053407, 'min_window': 9, 'max_window': 16, 'use_full_instance': False, 'max_partners': 5, 'homeostasis': 'mean', 'target': 0.91, 'spread': 0.095, 'learning_rate': 0.003}",dqn,1000,linear,0.003,,,,,,,
CountRecallMedium,filterbank+proj,6,1040,0.0,-0.9095147000000001,0.0471825334462871,-0.9301528438401317,-0.9303774989690721,1438.0,"{'decomposition': 'legendre', 'n_filters': 12, 'slowest': 0.029334592739296388, 'input_scaling': 0.049068279099124805, 'bias_dist': 'uniform', 'bias_scaling': 0.46763789100254544, 'lr': 0.2715862958761201, 'weight_increment': 0.1852507853053407, 'min_window': 9, 'max_window': 16, 'use_full_instance': False, 'max_partners': 5, 'homeostasis': 'mean', 'target': 0.91, 'spread': 0.095, 'learning_rate': 0.003}",dqn,1000,linear,0.003,,,,,,,
CountRecallMedium,filterbank+proj,7,1040,0.0,-0.9227186,0.047640616413308516,-0.9284707106510095,-0.9330799072164949,1443.0,"{'decomposition': 'legendre', 'n_filters': 12, 'slowest': 0.029334592739296388, 'input_scaling': 0.049068279099124805, 'bias_dist': 'uniform', 'bias_scaling': 0.46763789100254544, 'lr': 0.2715862958761201, 'weight_increment': 0.1852507853053407, 'min_window': 9, 'max_window': 16, 'use_full_instance': False, 'max_partners': 5, 'homeostasis': 'mean', 'target': 0.91, 'spread': 0.095, 'learning_rate': 0.003}",dqn,1000,linear,0.003,,,,,,,
CountRecallMedium,filterbank+proj,8,1040,0.0,-0.9130098800000002,0.04397796476220336,-0.9294647929542647,-0.9307177989690721,1395.0,"{'decomposition': 'legendre', 'n_filters': 12, 'slowest': 0.029334592739296388, 'input_scaling': 0.049068279099124805, 'bias_dist': 'uniform', 'bias_scaling': 0.46763789100254544, 'lr': 0.2715862958761201, 'weight_increment': 0.1852507853053407, 'min_window': 9, 'max_window': 16, 'use_full_instance': False, 'max_partners': 5, 'homeostasis': 'mean', 'target': 0.91, 'spread': 0.095, 'learning_rate': 0.003}",dqn,1000,linear,0.003,,,,,,,
CountRecallMedium,filterbank+proj,5,1040,0.0,-0.9056312000000001,0.04595181793531134,-0.9309008969921714,-0.9329598030927834,1574.0,"{'decomposition': 'legendre', 'n_filters': 12, 'slowest': 0.029334592739296388, 'input_scaling': 0.049068279099124805, 'bias_dist': 'uniform', 'bias_scaling': 0.46763789100254544, 'lr': 0.2715862958761201, 'weight_increment': 0.1852507853053407, 'min_window': 9, 'max_window': 16, 'use_full_instance': False, 'max_partners': 5, 'homeostasis': 'mean', 'target': 0.91, 'spread': 0.095, 'learning_rate': 0.003}",dqn,1000,linear,0.003,,,,,,,
CountRecallMedium,filterbank+proj,9,1040,0.0,-0.91456322,0.04896904319763254,-0.9287667339307789,-0.9308979608247422,1314.0,"{'decomposition': 'legendre', 'n_filters': 12, 'slowest': 0.029334592739296388, 'input_scaling': 0.049068279099124805, 'bias_dist': 'uniform', 'bias_scaling': 0.46763789100254544, 'lr': 0.2715862958761201, 'weight_increment': 0.1852507853053407, 'min_window': 9, 'max_window': 16, 'use_full_instance': False, 'max_partners': 5, 'homeostasis': 'mean', 'target': 0.91, 'spread': 0.095, 'learning_rate': 0.003}",dqn,1000,linear,0.003,,,,,,,
CountRecallMedium,filterbank+esn,0,416,38.50961538461539,-0.60466012,0.12552518091357445,-0.6927393184202406,-0.6527028076131687,857.0,"{'decomposition': 'legendre', 'n_filters': 12, 'slowest': 0.0056263882716246225, 'input_scaling': 0.06344812061556386, 'bias_dist': 'foldnorm', 'bias_scaling': 0.24743237591527745, 'lr': 0.7604293811879814, 'sr': 1.3687477885807093, 'rc_connectivity': 0.0925705874783593, 'learning_rate': 0.0003}",ppo,300,64x64,0.0003,,,,,,,
CountRecallMedium,filterbank+esn,7,416,38.50961538461539,-0.5634951399999999,0.09346558151341272,-0.6150654538722617,-0.5838427355967079,830.0,"{'decomposition': 'legendre', 'n_filters': 12, 'slowest': 0.0056263882716246225, 'input_scaling': 0.06344812061556386, 'bias_dist': 'foldnorm', 'bias_scaling': 0.24743237591527745, 'lr': 0.7604293811879814, 'sr': 1.3687477885807093, 'rc_connectivity': 0.0925705874783593, 'learning_rate': 0.0003}",ppo,300,64x64,0.0003,,,,,,,
CountRecallMedium,filterbank+esn,3,416,38.50961538461539,-0.53747574,0.12570107303723546,-0.6021544284685796,-0.5826241399176956,853.0,"{'decomposition': 'legendre', 'n_filters': 12, 'slowest': 0.0056263882716246225, 'input_scaling': 0.06344812061556386, 'bias_dist': 'foldnorm', 'bias_scaling': 0.24743237591527745, 'lr': 0.7604293811879814, 'sr': 1.3687477885807093, 'rc_connectivity': 0.0925705874783593, 'learning_rate': 0.0003}",ppo,300,64x64,0.0003,,,,,,,
CountRecallMedium,filterbank+esn,0,416,38.50961538461539,-0.67495138,0.08647296190853877,-0.7148168813123521,-0.695932646090535,834.0,"{'decomposition': 'legendre', 'n_filters': 12, 'slowest': 0.0056263882716246225, 'input_scaling': 0.06344812061556386, 'bias_dist': 'foldnorm', 'bias_scaling': 0.24743237591527745, 'lr': 0.7604293811879814, 'sr': 1.3687477885807093, 'rc_connectivity': 0.0925705874783593, 'learning_rate': 0.001}",ppo,300,64x64,0.001,,,,,,,
CountRecallMedium,filterbank+esn,3,416,38.50961538461539,-0.5794175,0.11372798117301651,-0.644414321711406,-0.6124694989711935,834.0,"{'decomposition': 'legendre', 'n_filters': 12, 'slowest': 0.0056263882716246225, 'input_scaling': 0.06344812061556386, 'bias_dist': 'foldnorm', 'bias_scaling': 0.24743237591527745, 'lr': 0.7604293811879814, 'sr': 1.3687477885807093, 'rc_connectivity': 0.0925705874783593, 'learning_rate': 0.001}",ppo,300,64x64,0.001,,,,,,,
CountRecallMedium,filterbank+esn,2,416,38.50961538461539,-0.52116506,0.12382258833757434,-0.6193751255785251,-0.572755598765432,881.0,"{'decomposition': 'legendre', 'n_filters': 12, 'slowest': 0.0056263882716246225, 'input_scaling': 0.06344812061556386, 'bias_dist': 'foldnorm', 'bias_scaling': 0.24743237591527745, 'lr': 0.7604293811879814, 'sr': 1.3687477885807093, 'rc_connectivity': 0.0925705874783593, 'learning_rate': 0.0003}",ppo,300,64x64,0.0003,,,,,,,
CountRecallMedium,filterbank+esn,7,416,38.50961538461539,-0.6058252199999999,0.11639146442970635,-0.6575150587267304,-0.6400974351851852,828.0,"{'decomposition': 'legendre', 'n_filters': 12, 'slowest': 0.0056263882716246225, 'input_scaling': 0.06344812061556386, 'bias_dist': 'foldnorm', 'bias_scaling': 0.24743237591527745, 'lr': 0.7604293811879814, 'sr': 1.3687477885807093, 'rc_connectivity': 0.0925705874783593, 'learning_rate': 0.001}",ppo,300,64x64,0.001,,,,,,,
CountRecallMedium,filterbank+esn,4,416,38.50961538461539,-0.5530097199999999,0.11731043967457287,-0.610865616682094,-0.5738143713991769,887.0,"{'decomposition': 'legendre', 'n_filters': 12, 'slowest': 0.0056263882716246225, 'input_scaling': 0.06344812061556386, 'bias_dist': 'foldnorm', 'bias_scaling': 0.24743237591527745, 'lr': 0.7604293811879814, 'sr': 1.3687477885807093, 'rc_connectivity': 0.0925705874783593, 'learning_rate': 0.0003}",ppo,300,64x64,0.0003,,,,,,,
CountRecallMedium,filterbank+esn,1,416,38.50961538461539,-0.61631066,0.10539659786247561,-0.6888929722307929,-0.6468895658436215,919.0,"{'decomposition': 'legendre', 'n_filters': 12, 'slowest': 0.0056263882716246225, 'input_scaling': 0.06344812061556386, 'bias_dist': 'foldnorm', 'bias_scaling': 0.24743237591527745, 'lr': 0.7604293811879814, 'sr': 1.3687477885807093, 'rc_connectivity': 0.0925705874783593, 'learning_rate': 0.0003}",ppo,300,64x64,0.0003,,,,,,,
CountRecallMedium,filterbank+esn,6,416,38.50961538461539,-0.5526214,0.10383966862158218,-0.6266444387534712,-0.5906348497942387,895.0,"{'decomposition': 'legendre', 'n_filters': 12, 'slowest': 0.0056263882716246225, 'input_scaling': 0.06344812061556386, 'bias_dist': 'foldnorm', 'bias_scaling': 0.24743237591527745, 'lr': 0.7604293811879814, 'sr': 1.3687477885807093, 'rc_connectivity': 0.0925705874783593, 'learning_rate': 0.0003}",ppo,300,64x64,0.0003,,,,,,,
CountRecallMedium,filterbank+esn,1,416,38.50961538461539,-0.664466,0.07718682612311507,-0.7180641113853748,-0.6967117458847737,876.0,"{'decomposition': 'legendre', 'n_filters': 12, 'slowest': 0.0056263882716246225, 'input_scaling': 0.06344812061556386, 'bias_dist': 'foldnorm', 'bias_scaling': 0.24743237591527745, 'lr': 0.7604293811879814, 'sr': 1.3687477885807093, 'rc_connectivity': 0.0925705874783593, 'learning_rate': 0.001}",ppo,300,64x64,0.001,,,,,,,
CountRecallMedium,filterbank+esn,9,416,38.50961538461539,-0.5425243200000001,0.11296633297924474,-0.5940842811889334,-0.5612689166666666,890.0,"{'decomposition': 'legendre', 'n_filters': 12, 'slowest': 0.0056263882716246225, 'input_scaling': 0.06344812061556386, 'bias_dist': 'foldnorm', 'bias_scaling': 0.24743237591527745, 'lr': 0.7604293811879814, 'sr': 1.3687477885807093, 'rc_connectivity': 0.0925705874783593, 'learning_rate': 0.0003}",ppo,300,64x64,0.0003,,,,,,,
CountRecallMedium,filterbank+esn,0,416,38.50961538461539,-0.6854368400000002,0.0917360372964431,-0.7520921386403373,-0.7233808137860082,853.0,"{'decomposition': 'legendre', 'n_filters': 12, 'slowest': 0.0056263882716246225, 'input_scaling': 0.06344812061556386, 'bias_dist': 'foldnorm', 'bias_scaling': 0.24743237591527745, 'lr': 0.7604293811879814, 'sr': 1.3687477885807093, 'rc_connectivity': 0.0925705874783593, 'learning_rate': 0.003}",ppo,300,64x64,0.003,,,,,,,
CountRecallMedium,filterbank+esn,8,416,38.50961538461539,-0.60194176,0.09986316531285397,-0.6481148753471151,-0.6343640843621399,861.0,"{'decomposition': 'legendre', 'n_filters': 12, 'slowest': 0.0056263882716246225, 'input_scaling': 0.06344812061556386, 'bias_dist': 'foldnorm', 'bias_scaling': 0.24743237591527745, 'lr': 0.7604293811879814, 'sr': 1.3687477885807093, 'rc_connectivity': 0.0925705874783593, 'learning_rate': 0.001}",ppo,300,64x64,0.001,,,,,,,
CountRecallMedium,filterbank+esn,9,416,38.50961538461539,-0.5522330200000001,0.10986994010146542,-0.6299455751311324,-0.5989851450617284,860.0,"{'decomposition': 'legendre', 'n_filters': 12, 'slowest': 0.0056263882716246225, 'input_scaling': 0.06344812061556386, 'bias_dist': 'foldnorm', 'bias_scaling': 0.24743237591527745, 'lr': 0.7604293811879814, 'sr': 1.3687477885807093, 'rc_connectivity': 0.0925705874783593, 'learning_rate': 0.001}",ppo,300,64x64,0.001,,,,,,,
CountRecallMedium,filterbank+esn,5,416,38.50961538461539,-0.54873788,0.13523039869432316,-0.6118601640440193,-0.5812057973251029,923.0,"{'decomposition': 'legendre', 'n_filters': 12, 'slowest': 0.0056263882716246225, 'input_scaling': 0.06344812061556386, 'bias_dist': 'foldnorm', 'bias_scaling': 0.24743237591527745, 'lr': 0.7604293811879814, 'sr': 1.3687477885807093, 'rc_connectivity': 0.0925705874783593, 'learning_rate': 0.0003}",ppo,300,64x64,0.0003,,,,,,,
CountRecallMedium,filterbank+esn,5,416,38.50961538461539,-0.57553394,0.11295623958691436,-0.6524724692995988,-0.6187022664609052,884.0,"{'decomposition': 'legendre', 'n_filters': 12, 'slowest': 0.0056263882716246225, 'input_scaling': 0.06344812061556386, 'bias_dist': 'foldnorm', 'bias_scaling': 0.24743237591527745, 'lr': 0.7604293811879814, 'sr': 1.3687477885807093, 'rc_connectivity': 0.0925705874783593, 'learning_rate': 0.001}",ppo,300,64x64,0.001,,,,,,,
CountRecallMedium,filterbank+esn,8,416,38.50961538461539,-0.55611648,0.09433049434668304,-0.6115466195618636,-0.5907946666666667,916.0,"{'decomposition': 'legendre', 'n_filters': 12, 'slowest': 0.0056263882716246225, 'input_scaling': 0.06344812061556386, 'bias_dist': 'foldnorm', 'bias_scaling': 0.24743237591527745, 'lr': 0.7604293811879814, 'sr': 1.3687477885807093, 'rc_connectivity': 0.0925705874783593, 'learning_rate': 0.0003}",ppo,300,64x64,0.0003,,,,,,,
CountRecallMedium,filterbank+esn,2,416,38.50961538461539,-0.63689312,0.09671772512412397,-0.7147230129589633,-0.698090153292181,842.0,"{'decomposition': 'legendre', 'n_filters': 12, 'slowest': 0.0056263882716246225, 'input_scaling': 0.06344812061556386, 'bias_dist': 'foldnorm', 'bias_scaling': 0.24743237591527745, 'lr': 0.7604293811879814, 'sr': 1.3687477885807093, 'rc_connectivity': 0.0925705874783593, 'learning_rate': 0.003}",ppo,300,64x64,0.003,,,,,,,
CountRecallMedium,filterbank+esn,2,416,38.50961538461539,-0.5359223,0.11761600475092664,-0.6538125084850355,-0.6100922705761317,896.0,"{'decomposition': 'legendre', 'n_filters': 12, 'slowest': 0.0056263882716246225, 'input_scaling': 0.06344812061556386, 'bias_dist': 'foldnorm', 'bias_scaling': 0.24743237591527745, 'lr': 0.7604293811879814, 'sr': 1.3687477885807093, 'rc_connectivity': 0.0925705874783593, 'learning_rate': 0.001}",ppo,300,64x64,0.001,,,,,,,
CountRecallMedium,filterbank+esn,6,416,38.50961538461539,-0.6170872999999999,0.1118849938199489,-0.6579703897973876,-0.6221382798353909,893.0,"{'decomposition': 'legendre', 'n_filters': 12, 'slowest': 0.0056263882716246225, 'input_scaling': 0.06344812061556386, 'bias_dist': 'foldnorm', 'bias_scaling': 0.24743237591527745, 'lr': 0.7604293811879814, 'sr': 1.3687477885807093, 'rc_connectivity': 0.0925705874783593, 'learning_rate': 0.001}",ppo,300,64x64,0.001,,,,,,,
CountRecallMedium,filterbank+esn,4,416,38.50961538461539,-0.55300966,0.11069588114082836,-0.6604886881620899,-0.61606533436214,906.0,"{'decomposition': 'legendre', 'n_filters': 12, 'slowest': 0.0056263882716246225, 'input_scaling': 0.06344812061556386, 'bias_dist': 'foldnorm', 'bias_scaling': 0.24743237591527745, 'lr': 0.7604293811879814, 'sr': 1.3687477885807093, 'rc_connectivity': 0.0925705874783593, 'learning_rate': 0.001}",ppo,300,64x64,0.001,,,,,,,
CountRecallMedium,filterbank+esn,1,416,38.50961538461539,-0.71961154,0.06105374731700258,-0.7540812117659159,-0.7187062150205762,872.0,"{'decomposition': 'legendre', 'n_filters': 12, 'slowest': 0.0056263882716246225, 'input_scaling': 0.06344812061556386, 'bias_dist': 'foldnorm', 'bias_scaling': 0.24743237591527745, 'lr': 0.7604293811879814, 'sr': 1.3687477885807093, 'rc_connectivity': 0.0925705874783593, 'learning_rate': 0.003}",ppo,300,64x64,0.003,,,,,,,
CountRecallMedium,filterbank+esn,5,416,38.50961538461539,-0.6873785000000001,0.08607446560978464,-0.715310154787617,-0.7021454300411522,834.0,"{'decomposition': 'legendre', 'n_filters': 12, 'slowest': 0.0056263882716246225, 'input_scaling': 0.06344812061556386, 'bias_dist': 'foldnorm', 'bias_scaling': 0.24743237591527745, 'lr': 0.7604293811879814, 'sr': 1.3687477885807093, 'rc_connectivity': 0.0925705874783593, 'learning_rate': 0.003}",ppo,300,64x64,0.003,,,,,,,
CountRecallMedium,filterbank+esn,1,416,38.50961538461539,-0.86873796,0.06364205850315027,-0.8699551258870718,-0.8617404711934157,836.0,"{'decomposition': 'legendre', 'n_filters': 12, 'slowest': 0.0056263882716246225, 'input_scaling': 0.06344812061556386, 'bias_dist': 'foldnorm', 'bias_scaling': 0.24743237591527745, 'lr': 0.7604293811879814, 'sr': 1.3687477885807093, 'rc_connectivity': 0.0925705874783593, 'learning_rate': 0.01}",ppo,300,64x64,0.01,,,,,,,
CountRecallMedium,filterbank+esn,4,416,38.50961538461539,-0.6240776399999999,0.09113888084890225,-0.6837365294662141,-0.6370609722222224,893.0,"{'decomposition': 'legendre', 'n_filters': 12, 'slowest': 0.0056263882716246225, 'input_scaling': 0.06344812061556386, 'bias_dist': 'foldnorm', 'bias_scaling': 0.24743237591527745, 'lr': 0.7604293811879814, 'sr': 1.3687477885807093, 'rc_connectivity': 0.0925705874783593, 'learning_rate': 0.003}",ppo,300,64x64,0.003,,,,,,,
CountRecallMedium,filterbank+esn,9,416,38.50961538461539,-0.58291264,0.09458835109267102,-0.6603049577290959,-0.6361619866255145,845.0,"{'decomposition': 'legendre', 'n_filters': 12, 'slowest': 0.0056263882716246225, 'input_scaling': 0.06344812061556386, 'bias_dist': 'foldnorm', 'bias_scaling': 0.24743237591527745, 'lr': 0.7604293811879814, 'sr': 1.3687477885807093, 'rc_connectivity': 0.0925705874783593, 'learning_rate': 0.003}",ppo,300,64x64,0.003,,,,,,,
CountRecallMedium,filterbank+esn,8,416,38.50961538461539,-0.63728156,0.07829258643937113,-0.6722174503753985,-0.6372007973251028,858.0,"{'decomposition': 'legendre', 'n_filters': 12, 'slowest': 0.0056263882716246225, 'input_scaling': 0.06344812061556386, 'bias_dist': 'foldnorm', 'bias_scaling': 0.24743237591527745, 'lr': 0.7604293811879814, 'sr': 1.3687477885807093, 'rc_connectivity': 0.0925705874783593, 'learning_rate': 0.003}",ppo,300,64x64,0.003,,,,,,,
CountRecallMedium,filterbank+esn,6,416,38.50961538461539,-0.64776692,0.08127642343824931,-0.6909579239946518,-0.6589955051440329,888.0,"{'decomposition': 'legendre', 'n_filters': 12, 'slowest': 0.0056263882716246225, 'input_scaling': 0.06344812061556386, 'bias_dist': 'foldnorm', 'bias_scaling': 0.24743237591527745, 'lr': 0.7604293811879814, 'sr': 1.3687477885807093, 'rc_connectivity': 0.0925705874783593, 'learning_rate': 0.003}",ppo,300,64x64,0.003,,,,,,,
CountRecallMedium,filterbank+esn,3,416,38.50961538461539,-0.9370875000000002,0.035499560814888975,-0.9259349527923482,-0.923488896090535,836.0,"{'decomposition': 'legendre', 'n_filters': 12, 'slowest': 0.0056263882716246225, 'input_scaling': 0.06344812061556386, 'bias_dist': 'foldnorm', 'bias_scaling': 0.24743237591527745, 'lr': 0.7604293811879814, 'sr': 1.3687477885807093, 'rc_connectivity': 0.0925705874783593, 'learning_rate': 0.01}",ppo,300,64x64,0.01,,,,,,,
CountRecallMedium,filterbank+esn,3,416,38.50961538461539,-0.61436894,0.10956754024936584,-0.6700426508279338,-0.657117675925926,917.0,"{'decomposition': 'legendre', 'n_filters': 12, 'slowest': 0.0056263882716246225, 'input_scaling': 0.06344812061556386, 'bias_dist': 'foldnorm', 'bias_scaling': 0.24743237591527745, 'lr': 0.7604293811879814, 'sr': 1.3687477885807093, 'rc_connectivity': 0.0925705874783593, 'learning_rate': 0.003}",ppo,300,64x64,0.003,,,,,,,
CountRecallMedium,filterbank+esn,7,416,38.50961538461539,-0.61592224,0.09538619072498074,-0.6774078266995783,-0.639717859053498,913.0,"{'decomposition': 'legendre', 'n_filters': 12, 'slowest': 0.0056263882716246225, 'input_scaling': 0.06344812061556386, 'bias_dist': 'foldnorm', 'bias_scaling': 0.24743237591527745, 'lr': 0.7604293811879814, 'sr': 1.3687477885807093, 'rc_connectivity': 0.0925705874783593, 'learning_rate': 0.003}",ppo,300,64x64,0.003,,,,,,,
CountRecallMedium,filterbank+esn,0,416,38.50961538461539,-0.9293205399999998,0.04862297818653646,-0.9239478744214749,-0.9275442109053499,904.0,"{'decomposition': 'legendre', 'n_filters': 12, 'slowest': 0.0056263882716246225, 'input_scaling': 0.06344812061556386, 'bias_dist': 'foldnorm', 'bias_scaling': 0.24743237591527745, 'lr': 0.7604293811879814, 'sr': 1.3687477885807093, 'rc_connectivity': 0.0925705874783593, 'learning_rate': 0.01}",ppo,300,64x64,0.01,,,,,,,
CountRecallMedium,filterbank+esn,5,416,38.50961538461539,-0.9227186199999999,0.03590719840304448,-0.9201135063252083,-0.9232691718106996,832.0,"{'decomposition': 'legendre', 'n_filters': 12, 'slowest': 0.0056263882716246225, 'input_scaling': 0.06344812061556386, 'bias_dist': 'foldnorm', 'bias_scaling': 0.24743237591527745, 'lr': 0.7604293811879814, 'sr': 1.3687477885807093, 'rc_connectivity': 0.0925705874783593, 'learning_rate': 0.01}",ppo,300,64x64,0.01,,,,,,,
CountRecallMedium,filterbank+esn,7,416,38.50961538461539,-0.7553397799999999,0.07234158090677587,-0.8362206377661215,-0.793939019547325,847.0,"{'decomposition': 'legendre', 'n_filters': 12, 'slowest': 0.0056263882716246225, 'input_scaling': 0.06344812061556386, 'bias_dist': 'foldnorm', 'bias_scaling': 0.24743237591527745, 'lr': 0.7604293811879814, 'sr': 1.3687477885807093, 'rc_connectivity': 0.0925705874783593, 'learning_rate': 0.01}",ppo,300,64x64,0.01,,,,,,,
CountRecallMedium,filterbank+esn,8,416,38.50961538461539,-0.85475732,0.05577118639385037,-0.8561553778669135,-0.8887491594650205,839.0,"{'decomposition': 'legendre', 'n_filters': 12, 'slowest': 0.0056263882716246225, 'input_scaling': 0.06344812061556386, 'bias_dist': 'foldnorm', 'bias_scaling': 0.24743237591527745, 'lr': 0.7604293811879814, 'sr': 1.3687477885807093, 'rc_connectivity': 0.0925705874783593, 'learning_rate': 0.01}",ppo,300,64x64,0.01,,,,,,,
CountRecallMedium,filterbank+esn,4,416,38.50961538461539,-0.9176700200000001,0.04351598735475964,-0.8674008779183379,-0.9095650534979424,900.0,"{'decomposition': 'legendre', 'n_filters': 12, 'slowest': 0.0056263882716246225, 'input_scaling': 0.06344812061556386, 'bias_dist': 'foldnorm', 'bias_scaling': 0.24743237591527745, 'lr': 0.7604293811879814, 'sr': 1.3687477885807093, 'rc_connectivity': 0.0925705874783593, 'learning_rate': 0.01}",ppo,300,64x64,0.01,,,,,,,
CountRecallMedium,filterbank+esn,2,416,38.50961538461539,-0.92233018,0.04578574733809203,-0.9189731802941481,-0.9234489495884773,946.0,"{'decomposition': 'legendre', 'n_filters': 12, 'slowest': 0.0056263882716246225, 'input_scaling': 0.06344812061556386, 'bias_dist': 'foldnorm', 'bias_scaling': 0.24743237591527745, 'lr': 0.7604293811879814, 'sr': 1.3687477885807093, 'rc_connectivity': 0.0925705874783593, 'learning_rate': 0.01}",ppo,300,64x64,0.01,,,,,,,
CountRecallMedium,filterbank+esn,6,416,38.50961538461539,-0.82834962,0.058942271124513015,-0.8100230900956495,-0.8059251450617283,891.0,"{'decomposition': 'legendre', 'n_filters': 12, 'slowest': 0.0056263882716246225, 'input_scaling': 0.06344812061556386, 'bias_dist': 'foldnorm', 'bias_scaling': 0.24743237591527745, 'lr': 0.7604293811879814, 'sr': 1.3687477885807093, 'rc_connectivity': 0.0925705874783593, 'learning_rate': 0.01}",ppo,300,64x64,0.01,,,,,,,
CountRecallMedium,filterbank+hag,0,416,4.8485576923076925,-0.5607767,0.11221143146315352,-0.6086329113442353,-0.5788884794238683,824.0,"{'decomposition': 'legendre', 'n_filters': 12, 'slowest': 0.029334592739296388, 'input_scaling': 0.049068279099124805, 'bias_dist': 'uniform', 'bias_scaling': 0.46763789100254544, 'lr': 0.2715862958761201, 'weight_increment': 0.1852507853053407, 'min_window': 9, 'max_window': 16, 'use_full_instance': False, 'max_partners': 5, 'homeostasis': 'mean', 'target': 0.91, 'spread': 0.095, 'learning_rate': 0.0003}",ppo,300,64x64,0.0003,,,,,,,
CountRecallMedium,filterbank+hag,1,416,4.954326923076923,-0.56116506,0.10977308172105035,-0.6230956479481642,-0.5802069413580246,826.0,"{'decomposition': 'legendre', 'n_filters': 12, 'slowest': 0.029334592739296388, 'input_scaling': 0.049068279099124805, 'bias_dist': 'uniform', 'bias_scaling': 0.46763789100254544, 'lr': 0.2715862958761201, 'weight_increment': 0.1852507853053407, 'min_window': 9, 'max_window': 16, 'use_full_instance': False, 'max_partners': 5, 'homeostasis': 'mean', 'target': 0.91, 'spread': 0.095, 'learning_rate': 0.0003}",ppo,300,64x64,0.0003,,,,,,,
CountRecallMedium,filterbank+hag,2,416,4.961538461538462,-0.52194174,0.1056346251839443,-0.6068794822585621,-0.5700787294238682,831.0,"{'decomposition': 'legendre', 'n_filters': 12, 'slowest': 0.029334592739296388, 'input_scaling': 0.049068279099124805, 'bias_dist': 'uniform', 'bias_scaling': 0.46763789100254544, 'lr': 0.2715862958761201, 'weight_increment': 0.1852507853053407, 'min_window': 9, 'max_window': 16, 'use_full_instance': False, 'max_partners': 5, 'homeostasis': 'mean', 'target': 0.91, 'spread': 0.095, 'learning_rate': 0.0003}",ppo,300,64x64,0.0003,,,,,,,
CountRecallMedium,filterbank+esn,9,416,38.50961538461539,-0.9254370199999999,0.03393562602015176,-0.913646998868662,-0.9246275895061727,918.0,"{'decomposition': 'legendre', 'n_filters': 12, 'slowest': 0.0056263882716246225, 'input_scaling': 0.06344812061556386, 'bias_dist': 'foldnorm', 'bias_scaling': 0.24743237591527745, 'lr': 0.7604293811879814, 'sr': 1.3687477885807093, 'rc_connectivity': 0.0925705874783593, 'learning_rate': 0.01}",ppo,300,64x64,0.01,,,,,,,
CountRecallMedium,filterbank+hag,3,416,4.836538461538462,-0.53864072,0.10646438413291837,-0.6208229894065617,-0.5875983786008231,845.0,"{'decomposition': 'legendre', 'n_filters': 12, 'slowest': 0.029334592739296388, 'input_scaling': 0.049068279099124805, 'bias_dist': 'uniform', 'bias_scaling': 0.46763789100254544, 'lr': 0.2715862958761201, 'weight_increment': 0.1852507853053407, 'min_window': 9, 'max_window': 16, 'use_full_instance': False, 'max_partners': 5, 'homeostasis': 'mean', 'target': 0.91, 'spread': 0.095, 'learning_rate': 0.0003}",ppo,300,64x64,0.0003,,,,,,,
CountRecallMedium,filterbank+hag,5,416,4.923076923076923,-0.5627184000000001,0.12008979297409085,-0.660630484932634,-0.6175236399176954,827.0,"{'decomposition': 'legendre', 'n_filters': 12, 'slowest': 0.029334592739296388, 'input_scaling': 0.049068279099124805, 'bias_dist': 'uniform', 'bias_scaling': 0.46763789100254544, 'lr': 0.2715862958761201, 'weight_increment': 0.1852507853053407, 'min_window': 9, 'max_window': 16, 'use_full_instance': False, 'max_partners': 5, 'homeostasis': 'mean', 'target': 0.91, 'spread': 0.095, 'learning_rate': 0.0003}",ppo,300,64x64,0.0003,,,,,,,
CountRecallMedium,filterbank+hag,4,416,4.913461538461538,-0.5716505000000001,0.11224641098177705,-0.6472721158078781,-0.6285308549382717,909.0,"{'decomposition': 'legendre', 'n_filters': 12, 'slowest': 0.029334592739296388, 'input_scaling': 0.049068279099124805, 'bias_dist': 'uniform', 'bias_scaling': 0.46763789100254544, 'lr': 0.2715862958761201, 'weight_increment': 0.1852507853053407, 'min_window': 9, 'max_window': 16, 'use_full_instance': False, 'max_partners': 5, 'homeostasis': 'mean', 'target': 0.91, 'spread': 0.095, 'learning_rate': 0.0003}",ppo,300,64x64,0.0003,,,,,,,
CountRecallMedium,filterbank+hag,6,416,4.920673076923077,-0.5568932400000001,0.12848963188951237,-0.6104821790599608,-0.5796475895061729,940.0,"{'decomposition': 'legendre', 'n_filters': 12, 'slowest': 0.029334592739296388, 'input_scaling': 0.049068279099124805, 'bias_dist': 'uniform', 'bias_scaling': 0.46763789100254544, 'lr': 0.2715862958761201, 'weight_increment': 0.1852507853053407, 'min_window': 9, 'max_window': 16, 'use_full_instance': False, 'max_partners': 5, 'homeostasis': 'mean', 'target': 0.91, 'spread': 0.095, 'learning_rate': 0.0003}",ppo,300,64x64,0.0003,,,,,,,
CountRecallMedium,filterbank+hag,7,416,4.935096153846154,-0.60349506,0.11012222054488549,-0.6318208280366142,-0.6050980504115226,865.0,"{'decomposition': 'legendre', 'n_filters': 12, 'slowest': 0.029334592739296388, 'input_scaling': 0.049068279099124805, 'bias_dist': 'uniform', 'bias_scaling': 0.46763789100254544, 'lr': 0.2715862958761201, 'weight_increment': 0.1852507853053407, 'min_window': 9, 'max_window': 16, 'use_full_instance': False, 'max_partners': 5, 'homeostasis': 'mean', 'target': 0.91, 'spread': 0.095, 'learning_rate': 0.0003}",ppo,300,64x64,0.0003,,,,,,,
CountRecallMedium,filterbank+hag,8,416,4.877403846153846,-0.61475722,0.09994690635898441,-0.6788736840481332,-0.6390386625514405,834.0,"{'decomposition': 'legendre', 'n_filters': 12, 'slowest': 0.029334592739296388, 'input_scaling': 0.049068279099124805, 'bias_dist': 'uniform', 'bias_scaling': 0.46763789100254544, 'lr': 0.2715862958761201, 'weight_increment': 0.1852507853053407, 'min_window': 9, 'max_window': 16, 'use_full_instance': False, 'max_partners': 5, 'homeostasis': 'mean', 'target': 0.91, 'spread': 0.095, 'learning_rate': 0.0003}",ppo,300,64x64,0.0003,,,,,,,
CountRecallMedium,filterbank+hag,9,416,4.896634615384615,-0.6069902800000001,0.10190452136172173,-0.6813640199526895,-0.6365615380658436,832.0,"{'decomposition': 'legendre', 'n_filters': 12, 'slowest': 0.029334592739296388, 'input_scaling': 0.049068279099124805, 'bias_dist': 'uniform', 'bias_scaling': 0.46763789100254544, 'lr': 0.2715862958761201, 'weight_increment': 0.1852507853053407, 'min_window': 9, 'max_window': 16, 'use_full_instance': False, 'max_partners': 5, 'homeostasis': 'mean', 'target': 0.91, 'spread': 0.095, 'learning_rate': 0.0003}",ppo,300,64x64,0.0003,,,,,,,
CountRecallMedium,filterbank+hag,1,416,4.954326923076923,-0.62097082,0.117999437315894,-0.6743563062840687,-0.6494465709876542,831.0,"{'decomposition': 'legendre', 'n_filters': 12, 'slowest': 0.029334592739296388, 'input_scaling': 0.049068279099124805, 'bias_dist': 'uniform', 'bias_scaling': 0.46763789100254544, 'lr': 0.2715862958761201, 'weight_increment': 0.1852507853053407, 'min_window': 9, 'max_window': 16, 'use_full_instance': False, 'max_partners': 5, 'homeostasis': 'mean', 'target': 0.91, 'spread': 0.095, 'learning_rate': 0.001}",ppo,300,64x64,0.001,,,,,,,
CountRecallMedium,filterbank+hag,2,416,4.961538461538462,-0.5743689399999999,0.10005860089855544,-0.6491553510233466,-0.6088137602880659,833.0,"{'decomposition': 'legendre', 'n_filters': 12, 'slowest': 0.029334592739296388, 'input_scaling': 0.049068279099124805, 'bias_dist': 'uniform', 'bias_scaling': 0.46763789100254544, 'lr': 0.2715862958761201, 'weight_increment': 0.1852507853053407, 'min_window': 9, 'max_window': 16, 'use_full_instance': False, 'max_partners': 5, 'homeostasis': 'mean', 'target': 0.91, 'spread': 0.095, 'learning_rate': 0.001}",ppo,300,64x64,0.001,,,,,,,
CountRecallMedium,filterbank+hag,3,416,4.836538461538462,-0.5949514600000001,0.09198298585547438,-0.6547491276355034,-0.6319269197530865,836.0,"{'decomposition': 'legendre', 'n_filters': 12, 'slowest': 0.029334592739296388, 'input_scaling': 0.049068279099124805, 'bias_dist': 'uniform', 'bias_scaling': 0.46763789100254544, 'lr': 0.2715862958761201, 'weight_increment': 0.1852507853053407, 'min_window': 9, 'max_window': 16, 'use_full_instance': False, 'max_partners': 5, 'homeostasis': 'mean', 'target': 0.91, 'spread': 0.095, 'learning_rate': 0.001}",ppo,300,64x64,0.001,,,,,,,
CountRecallMedium,filterbank+hag,0,416,4.8485576923076925,-0.61592234,0.1032811859946641,-0.6625496526792142,-0.651763896090535,865.0,"{'decomposition': 'legendre', 'n_filters': 12, 'slowest': 0.029334592739296388, 'input_scaling': 0.049068279099124805, 'bias_dist': 'uniform', 'bias_scaling': 0.46763789100254544, 'lr': 0.2715862958761201, 'weight_increment': 0.1852507853053407, 'min_window': 9, 'max_window': 16, 'use_full_instance': False, 'max_partners': 5, 'homeostasis': 'mean', 'target': 0.91, 'spread': 0.095, 'learning_rate': 0.001}",ppo,300,64x64,0.001,,,,,,,
CountRecallMedium,filterbank+hag,8,416,4.877403846153846,-0.6520387599999999,0.09213295551680951,-0.7111183012444718,-0.6956529619341564,810.0,"{'decomposition': 'legendre', 'n_filters': 12, 'slowest': 0.029334592739296388, 'input_scaling': 0.049068279099124805, 'bias_dist': 'uniform', 'bias_scaling': 0.46763789100254544, 'lr': 0.2715862958761201, 'weight_increment': 0.1852507853053407, 'min_window': 9, 'max_window': 16, 'use_full_instance': False, 'max_partners': 5, 'homeostasis': 'mean', 'target': 0.91, 'spread': 0.095, 'learning_rate': 0.001}",ppo,300,64x64,0.001,,,,,,,
CountRecallMedium,filterbank+hag,6,416,4.920673076923077,-0.56621356,0.11090824386170037,-0.6538784005965237,-0.6330655936213991,830.0,"{'decomposition': 'legendre', 'n_filters': 12, 'slowest': 0.029334592739296388, 'input_scaling': 0.049068279099124805, 'bias_dist': 'uniform', 'bias_scaling': 0.46763789100254544, 'lr': 0.2715862958761201, 'weight_increment': 0.1852507853053407, 'min_window': 9, 'max_window': 16, 'use_full_instance': False, 'max_partners': 5, 'homeostasis': 'mean', 'target': 0.91, 'spread': 0.095, 'learning_rate': 0.001}",ppo,300,64x64,0.001,,,,,,,
CountRecallMedium,filterbank+hag,0,416,4.8485576923076925,-0.87689328,0.04157526212643283,-0.8227763672734754,-0.8260817644032922,817.0,"{'decomposition': 'legendre', 'n_filters': 12, 'slowest': 0.029334592739296388, 'input_scaling': 0.049068279099124805, 'bias_dist': 'uniform', 'bias_scaling': 0.46763789100254544, 'lr': 0.2715862958761201, 'weight_increment': 0.1852507853053407, 'min_window': 9, 'max_window': 16, 'use_full_instance': False, 'max_partners': 5, 'homeostasis': 'mean', 'target': 0.91, 'spread': 0.095, 'learning_rate': 0.003}",ppo,300,64x64,0.003,,,,,,,
CountRecallMedium,filterbank+hag,5,416,4.923076923076923,-0.6229126,0.0955282917958863,-0.700937262367582,-0.6696831039094651,853.0,"{'decomposition': 'legendre', 'n_filters': 12, 'slowest': 0.029334592739296388, 'input_scaling': 0.049068279099124805, 'bias_dist': 'uniform', 'bias_scaling': 0.46763789100254544, 'lr': 0.2715862958761201, 'weight_increment': 0.1852507853053407, 'min_window': 9, 'max_window': 16, 'use_full_instance': False, 'max_partners': 5, 'homeostasis': 'mean', 'target': 0.91, 'spread': 0.095, 'learning_rate': 0.001}",ppo,300,64x64,0.001,,,,,,,
CountRecallMedium,filterbank+hag,9,416,4.896634615384615,-0.6450484400000001,0.08658008930144621,-0.7181100384654941,-0.684485913580247,828.0,"{'decomposition': 'legendre', 'n_filters': 12, 'slowest': 0.029334592739296388, 'input_scaling': 0.049068279099124805, 'bias_dist': 'uniform', 'bias_scaling': 0.46763789100254544, 'lr': 0.2715862958761201, 'weight_increment': 0.1852507853053407, 'min_window': 9, 'max_window': 16, 'use_full_instance': False, 'max_partners': 5, 'homeostasis': 'mean', 'target': 0.91, 'spread': 0.095, 'learning_rate': 0.001}",ppo,300,64x64,0.001,,,,,,,
CountRecallMedium,filterbank+hag,6,416,4.920673076923077,-0.7615533999999999,0.07065837095801177,-0.7887323448524117,-0.7895640997942386,816.0,"{'decomposition': 'legendre', 'n_filters': 12, 'slowest': 0.029334592739296388, 'input_scaling': 0.049068279099124805, 'bias_dist': 'uniform', 'bias_scaling': 0.46763789100254544, 'lr': 0.2715862958761201, 'weight_increment': 0.1852507853053407, 'min_window': 9, 'max_window': 16, 'use_full_instance': False, 'max_partners': 5, 'homeostasis': 'mean', 'target': 0.91, 'spread': 0.095, 'learning_rate': 0.003}",ppo,300,64x64,0.003,,,,,,,
CountRecallMedium,filterbank+hag,4,416,4.913461538461538,-0.6302912,0.0929575600288648,-0.7020935650519388,-0.6572974650205762,881.0,"{'decomposition': 'legendre', 'n_filters': 12, 'slowest': 0.029334592739296388, 'input_scaling': 0.049068279099124805, 'bias_dist': 'uniform', 'bias_scaling': 0.46763789100254544, 'lr': 0.2715862958761201, 'weight_increment': 0.1852507853053407, 'min_window': 9, 'max_window': 16, 'use_full_instance': False, 'max_partners': 5, 'homeostasis': 'mean', 'target': 0.91, 'spread': 0.095, 'learning_rate': 0.001}",ppo,300,64x64,0.001,,,,,,,
CountRecallMedium,filterbank+hag,2,416,4.961538461538462,-0.7398057600000001,0.08490579040502715,-0.7957540344543865,-0.7902033569958847,847.0,"{'decomposition': 'legendre', 'n_filters': 12, 'slowest': 0.029334592739296388, 'input_scaling': 0.049068279099124805, 'bias_dist': 'uniform', 'bias_scaling': 0.46763789100254544, 'lr': 0.2715862958761201, 'weight_increment': 0.1852507853053407, 'min_window': 9, 'max_window': 16, 'use_full_instance': False, 'max_partners': 5, 'homeostasis': 'mean', 'target': 0.91, 'spread': 0.095, 'learning_rate': 0.003}",ppo,300,64x64,0.003,,,,,,,
CountRecallMedium,filterbank+hag,0,416,4.8485576923076925,-0.9285438599999999,0.046348850258451944,-0.9239618510747714,-0.9215911049382717,832.0,"{'decomposition': 'legendre', 'n_filters': 12, 'slowest': 0.029334592739296388, 'input_scaling': 0.049068279099124805, 'bias_dist': 'uniform', 'bias_scaling': 0.46763789100254544, 'lr': 0.2715862958761201, 'weight_increment': 0.1852507853053407, 'min_window': 9, 'max_window': 16, 'use_full_instance': False, 'max_partners': 5, 'homeostasis': 'mean', 'target': 0.91, 'spread': 0.095, 'learning_rate': 0.01}",ppo,300,64x64,0.01,,,,,,,
CountRecallMedium,filterbank+hag,7,416,4.935096153846154,-0.58563106,0.12575627158188335,-0.6734116993726216,-0.6559790010288066,884.0,"{'decomposition': 'legendre', 'n_filters': 12, 'slowest': 0.029334592739296388, 'input_scaling': 0.049068279099124805, 'bias_dist': 'uniform', 'bias_scaling': 0.46763789100254544, 'lr': 0.2715862958761201, 'weight_increment': 0.1852507853053407, 'min_window': 9, 'max_window': 16, 'use_full_instance': False, 'max_partners': 5, 'homeostasis': 'mean', 'target': 0.91, 'spread': 0.095, 'learning_rate': 0.001}",ppo,300,64x64,0.001,,,,,,,
CountRecallMedium,filterbank+hag,1,416,4.954326923076923,-0.88310686,0.03969720169382724,-0.8559656550447393,-0.8867914310699588,871.0,"{'decomposition': 'legendre', 'n_filters': 12, 'slowest': 0.029334592739296388, 'input_scaling': 0.049068279099124805, 'bias_dist': 'uniform', 'bias_scaling': 0.46763789100254544, 'lr': 0.2715862958761201, 'weight_increment': 0.1852507853053407, 'min_window': 9, 'max_window': 16, 'use_full_instance': False, 'max_partners': 5, 'homeostasis': 'mean', 'target': 0.91, 'spread': 0.095, 'learning_rate': 0.003}",ppo,300,64x64,0.003,,,,,,,
CountRecallMedium,filterbank+hag,4,416,4.913461538461538,-0.79689326,0.06615751341875235,-0.8034627195310089,-0.7797954176954732,867.0,"{'decomposition': 'legendre', 'n_filters': 12, 'slowest': 0.029334592739296388, 'input_scaling': 0.049068279099124805, 'bias_dist': 'uniform', 'bias_scaling': 0.46763789100254544, 'lr': 0.2715862958761201, 'weight_increment': 0.1852507853053407, 'min_window': 9, 'max_window': 16, 'use_full_instance': False, 'max_partners': 5, 'homeostasis': 'mean', 'target': 0.91, 'spread': 0.095, 'learning_rate': 0.003}",ppo,300,64x64,0.003,,,,,,,
CountRecallMedium,filterbank+hag,2,416,4.961538461538462,-0.9203885400000001,0.04499666942217391,-0.9200136541190991,-0.9237685884773662,812.0,"{'decomposition': 'legendre', 'n_filters': 12, 'slowest': 0.029334592739296388, 'input_scaling': 0.049068279099124805, 'bias_dist': 'uniform', 'bias_scaling': 0.46763789100254544, 'lr': 0.2715862958761201, 'weight_increment': 0.1852507853053407, 'min_window': 9, 'max_window': 16, 'use_full_instance': False, 'max_partners': 5, 'homeostasis': 'mean', 'target': 0.91, 'spread': 0.095, 'learning_rate': 0.01}",ppo,300,64x64,0.01,,,,,,,
CountRecallMedium,filterbank+hag,5,416,4.923076923076923,-0.8535923599999999,0.050962763676143,-0.8538966935102336,-0.8494347181069959,886.0,"{'decomposition': 'legendre', 'n_filters': 12, 'slowest': 0.029334592739296388, 'input_scaling': 0.049068279099124805, 'bias_dist': 'uniform', 'bias_scaling': 0.46763789100254544, 'lr': 0.2715862958761201, 'weight_increment': 0.1852507853053407, 'min_window': 9, 'max_window': 16, 'use_full_instance': False, 'max_partners': 5, 'homeostasis': 'mean', 'target': 0.91, 'spread': 0.095, 'learning_rate': 0.003}",ppo,300,64x64,0.003,,,,,,,
CountRecallMedium,filterbank+hag,7,416,4.935096153846154,-0.8054369,0.058958862864627905,-0.8292808248482978,-0.8263814238683128,882.0,"{'decomposition': 'legendre', 'n_filters': 12, 'slowest': 0.029334592739296388, 'input_scaling': 0.049068279099124805, 'bias_dist': 'uniform', 'bias_scaling': 0.46763789100254544, 'lr': 0.2715862958761201, 'weight_increment': 0.1852507853053407, 'min_window': 9, 'max_window': 16, 'use_full_instance': False, 'max_partners': 5, 'homeostasis': 'mean', 'target': 0.91, 'spread': 0.095, 'learning_rate': 0.003}",ppo,300,64x64,0.003,,,,,,,
CountRecallMedium,filterbank+hag,8,416,4.877403846153846,-0.8710680399999999,0.047524866174229255,-0.8860195482875657,-0.8899277932098765,879.0,"{'decomposition': 'legendre', 'n_filters': 12, 'slowest': 0.029334592739296388, 'input_scaling': 0.049068279099124805, 'bias_dist': 'uniform', 'bias_scaling': 0.46763789100254544, 'lr': 0.2715862958761201, 'weight_increment': 0.1852507853053407, 'min_window': 9, 'max_window': 16, 'use_full_instance': False, 'max_partners': 5, 'homeostasis': 'mean', 'target': 0.91, 'spread': 0.095, 'learning_rate': 0.003}",ppo,300,64x64,0.003,,,,,,,
CountRecallMedium,filterbank+hag,1,416,4.954326923076923,-0.9289321999999999,0.03875919025676363,-0.9244151875964208,-0.9246875174897119,876.0,"{'decomposition': 'legendre', 'n_filters': 12, 'slowest': 0.029334592739296388, 'input_scaling': 0.049068279099124805, 'bias_dist': 'uniform', 'bias_scaling': 0.46763789100254544, 'lr': 0.2715862958761201, 'weight_increment': 0.1852507853053407, 'min_window': 9, 'max_window': 16, 'use_full_instance': False, 'max_partners': 5, 'homeostasis': 'mean', 'target': 0.91, 'spread': 0.095, 'learning_rate': 0.01}",ppo,300,64x64,0.01,,,,,,,
CountRecallMedium,filterbank+hag,3,416,4.836538461538462,-0.9161166199999999,0.035686001384795135,-0.9262984239432274,-0.9255864763374485,836.0,"{'decomposition': 'legendre', 'n_filters': 12, 'slowest': 0.029334592739296388, 'input_scaling': 0.049068279099124805, 'bias_dist': 'uniform', 'bias_scaling': 0.46763789100254544, 'lr': 0.2715862958761201, 'weight_increment': 0.1852507853053407, 'min_window': 9, 'max_window': 16, 'use_full_instance': False, 'max_partners': 5, 'homeostasis': 'mean', 'target': 0.91, 'spread': 0.095, 'learning_rate': 0.01}",ppo,300,64x64,0.01,,,,,,,
CountRecallMedium,filterbank+hag,3,416,4.836538461538462,-0.8178641800000002,0.05531634544569625,-0.803185125784223,-0.8227456502057613,910.0,"{'decomposition': 'legendre', 'n_filters': 12, 'slowest': 0.029334592739296388, 'input_scaling': 0.049068279099124805, 'bias_dist': 'uniform', 'bias_scaling': 0.46763789100254544, 'lr': 0.2715862958761201, 'weight_increment': 0.1852507853053407, 'min_window': 9, 'max_window': 16, 'use_full_instance': False, 'max_partners': 5, 'homeostasis': 'mean', 'target': 0.91, 'spread': 0.095, 'learning_rate': 0.003}",ppo,300,64x64,0.003,,,,,,,
CountRecallMedium,filterbank+hag,9,416,4.896634615384615,-0.9021360599999998,0.041819386359156455,-0.8365361750488531,-0.889188658436214,891.0,"{'decomposition': 'legendre', 'n_filters': 12, 'slowest': 0.029334592739296388, 'input_scaling': 0.049068279099124805, 'bias_dist': 'uniform', 'bias_scaling': 0.46763789100254544, 'lr': 0.2715862958761201, 'weight_increment': 0.1852507853053407, 'min_window': 9, 'max_window': 16, 'use_full_instance': False, 'max_partners': 5, 'homeostasis': 'mean', 'target': 0.91, 'spread': 0.095, 'learning_rate': 0.003}",ppo,300,64x64,0.003,,,,,,,
CountRecallMedium,filterbank+hag,5,416,4.923076923076923,-0.93203898,0.041691119609571545,-0.9239259094929548,-0.9252268940329219,831.0,"{'decomposition': 'legendre', 'n_filters': 12, 'slowest': 0.029334592739296388, 'input_scaling': 0.049068279099124805, 'bias_dist': 'uniform', 'bias_scaling': 0.46763789100254544, 'lr': 0.2715862958761201, 'weight_increment': 0.1852507853053407, 'min_window': 9, 'max_window': 16, 'use_full_instance': False, 'max_partners': 5, 'homeostasis': 'mean', 'target': 0.91, 'spread': 0.095, 'learning_rate': 0.01}",ppo,300,64x64,0.01,,,,,,,
CountRecallMedium,filterbank+hag,4,416,4.913461538461538,-0.9390292999999998,0.037251307746306035,-0.9246049126812712,-0.9232691574074073,860.0,"{'decomposition': 'legendre', 'n_filters': 12, 'slowest': 0.029334592739296388, 'input_scaling': 0.049068279099124805, 'bias_dist': 'uniform', 'bias_scaling': 0.46763789100254544, 'lr': 0.2715862958761201, 'weight_increment': 0.1852507853053407, 'min_window': 9, 'max_window': 16, 'use_full_instance': False, 'max_partners': 5, 'homeostasis': 'mean', 'target': 0.91, 'spread': 0.095, 'learning_rate': 0.01}",ppo,300,64x64,0.01,,,,,,,
CountRecallMedium,filterbank+proj,1,416,0.0,-0.9196118,0.03643255304477029,-0.9241196211045973,-0.9246275833333334,798.0,"{'decomposition': 'legendre', 'n_filters': 12, 'slowest': 0.029334592739296388, 'input_scaling': 0.049068279099124805, 'bias_dist': 'uniform', 'bias_scaling': 0.46763789100254544, 'lr': 0.2715862958761201, 'weight_increment': 0.1852507853053407, 'min_window': 9, 'max_window': 16, 'use_full_instance': False, 'max_partners': 5, 'homeostasis': 'mean', 'target': 0.91, 'spread': 0.095, 'learning_rate': 0.0003}",ppo,300,64x64,0.0003,,,,,,,
CountRecallMedium,filterbank+proj,0,416,0.0,-0.9281554599999999,0.04150988651114817,-0.9246588313277795,-0.9237885596707819,848.0,"{'decomposition': 'legendre', 'n_filters': 12, 'slowest': 0.029334592739296388, 'input_scaling': 0.049068279099124805, 'bias_dist': 'uniform', 'bias_scaling': 0.46763789100254544, 'lr': 0.2715862958761201, 'weight_increment': 0.1852507853053407, 'min_window': 9, 'max_window': 16, 'use_full_instance': False, 'max_partners': 5, 'homeostasis': 'mean', 'target': 0.91, 'spread': 0.095, 'learning_rate': 0.0003}",ppo,300,64x64,0.0003,,,,,,,
CountRecallMedium,filterbank+proj,2,416,0.0,-0.9347574799999999,0.03839758500595579,-0.9246688145634063,-0.9234289753086419,822.0,"{'decomposition': 'legendre', 'n_filters': 12, 'slowest': 0.029334592739296388, 'input_scaling': 0.049068279099124805, 'bias_dist': 'uniform', 'bias_scaling': 0.46763789100254544, 'lr': 0.2715862958761201, 'weight_increment': 0.1852507853053407, 'min_window': 9, 'max_window': 16, 'use_full_instance': False, 'max_partners': 5, 'homeostasis': 'mean', 'target': 0.91, 'spread': 0.095, 'learning_rate': 0.0003}",ppo,300,64x64,0.0003,,,,,,,
CountRecallMedium,filterbank+hag,7,416,4.935096153846154,-0.92388362,0.04304206839541521,-0.9244151880078166,-0.9241481378600822,903.0,"{'decomposition': 'legendre', 'n_filters': 12, 'slowest': 0.029334592739296388, 'input_scaling': 0.049068279099124805, 'bias_dist': 'uniform', 'bias_scaling': 0.46763789100254544, 'lr': 0.2715862958761201, 'weight_increment': 0.1852507853053407, 'min_window': 9, 'max_window': 16, 'use_full_instance': False, 'max_partners': 5, 'homeostasis': 'mean', 'target': 0.91, 'spread': 0.095, 'learning_rate': 0.01}",ppo,300,64x64,0.01,,,,,,,
CountRecallMedium,filterbank+hag,8,416,4.877403846153846,-0.9234953199999998,0.046506363242653156,-0.9246488449038363,-0.924787403292181,909.0,"{'decomposition': 'legendre', 'n_filters': 12, 'slowest': 0.029334592739296388, 'input_scaling': 0.049068279099124805, 'bias_dist': 'uniform', 'bias_scaling': 0.46763789100254544, 'lr': 0.2715862958761201, 'weight_increment': 0.1852507853053407, 'min_window': 9, 'max_window': 16, 'use_full_instance': False, 'max_partners': 5, 'homeostasis': 'mean', 'target': 0.91, 'spread': 0.095, 'learning_rate': 0.01}",ppo,300,64x64,0.01,,,,,,,
CountRecallMedium,filterbank+hag,9,416,4.896634615384615,-0.9269904600000001,0.04138429828773711,-0.9239259034248687,-0.9230294372427983,872.0,"{'decomposition': 'legendre', 'n_filters': 12, 'slowest': 0.029334592739296388, 'input_scaling': 0.049068279099124805, 'bias_dist': 'uniform', 'bias_scaling': 0.46763789100254544, 'lr': 0.2715862958761201, 'weight_increment': 0.1852507853053407, 'min_window': 9, 'max_window': 16, 'use_full_instance': False, 'max_partners': 5, 'homeostasis': 'mean', 'target': 0.91, 'spread': 0.095, 'learning_rate': 0.01}",ppo,300,64x64,0.01,,,,,,,
CountRecallMedium,filterbank+proj,7,416,0.0,-0.88388364,0.05040927541901788,-0.9051215095135248,-0.8889289609053497,797.0,"{'decomposition': 'legendre', 'n_filters': 12, 'slowest': 0.029334592739296388, 'input_scaling': 0.049068279099124805, 'bias_dist': 'uniform', 'bias_scaling': 0.46763789100254544, 'lr': 0.2715862958761201, 'weight_increment': 0.1852507853053407, 'min_window': 9, 'max_window': 16, 'use_full_instance': False, 'max_partners': 5, 'homeostasis': 'mean', 'target': 0.91, 'spread': 0.095, 'learning_rate': 0.0003}",ppo,300,64x64,0.0003,,,,,,,
CountRecallMedium,filterbank+hag,6,416,4.920673076923077,-0.9304856200000002,0.042022580588007695,-0.9248205957009155,-0.9252468713991768,927.0,"{'decomposition': 'legendre', 'n_filters': 12, 'slowest': 0.029334592739296388, 'input_scaling': 0.049068279099124805, 'bias_dist': 'uniform', 'bias_scaling': 0.46763789100254544, 'lr': 0.2715862958761201, 'weight_increment': 0.1852507853053407, 'min_window': 9, 'max_window': 16, 'use_full_instance': False, 'max_partners': 5, 'homeostasis': 'mean', 'target': 0.91, 'spread': 0.095, 'learning_rate': 0.01}",ppo,300,64x64,0.01,,,,,,,
CountRecallMedium,filterbank+proj,3,416,0.0,-0.9227185399999999,0.04486910087898354,-0.9246208847063662,-0.9247274681069958,848.0,"{'decomposition': 'legendre', 'n_filters': 12, 'slowest': 0.029334592739296388, 'input_scaling': 0.049068279099124805, 'bias_dist': 'uniform', 'bias_scaling': 0.46763789100254544, 'lr': 0.2715862958761201, 'weight_increment': 0.1852507853053407, 'min_window': 9, 'max_window': 16, 'use_full_instance': False, 'max_partners': 5, 'homeostasis': 'mean', 'target': 0.91, 'spread': 0.095, 'learning_rate': 0.0003}",ppo,300,64x64,0.0003,,,,,,,
CountRecallMedium,filterbank+proj,4,416,0.0,-0.9215535800000001,0.034726446102698164,-0.924894485035483,-0.9226898425925926,863.0,"{'decomposition': 'legendre', 'n_filters': 12, 'slowest': 0.029334592739296388, 'input_scaling': 0.049068279099124805, 'bias_dist': 'uniform', 'bias_scaling': 0.46763789100254544, 'lr': 0.2715862958761201, 'weight_increment': 0.1852507853053407, 'min_window': 9, 'max_window': 16, 'use_full_instance': False, 'max_partners': 5, 'homeostasis': 'mean', 'target': 0.91, 'spread': 0.095, 'learning_rate': 0.0003}",ppo,300,64x64,0.0003,,,,,,,
CountRecallMedium,filterbank+proj,5,416,0.0,-0.88466032,0.053728595275305685,-0.8991962052864342,-0.8818771224279834,869.0,"{'decomposition': 'legendre', 'n_filters': 12, 'slowest': 0.029334592739296388, 'input_scaling': 0.049068279099124805, 'bias_dist': 'uniform', 'bias_scaling': 0.46763789100254544, 'lr': 0.2715862958761201, 'weight_increment': 0.1852507853053407, 'min_window': 9, 'max_window': 16, 'use_full_instance': False, 'max_partners': 5, 'homeostasis': 'mean', 'target': 0.91, 'spread': 0.095, 'learning_rate': 0.0003}",ppo,300,64x64,0.0003,,,,,,,
CountRecallMedium,filterbank+proj,8,416,0.0,-0.88504868,0.04390926375034772,-0.9094551484109842,-0.890626980452675,849.0,"{'decomposition': 'legendre', 'n_filters': 12, 'slowest': 0.029334592739296388, 'input_scaling': 0.049068279099124805, 'bias_dist': 'uniform', 'bias_scaling': 0.46763789100254544, 'lr': 0.2715862958761201, 'weight_increment': 0.1852507853053407, 'min_window': 9, 'max_window': 16, 'use_full_instance': False, 'max_partners': 5, 'homeostasis': 'mean', 'target': 0.91, 'spread': 0.095, 'learning_rate': 0.0003}",ppo,300,64x64,0.0003,,,,,,,
CountRecallMedium,filterbank+proj,6,416,0.0,-0.9188350799999998,0.04371140767847223,-0.9254436790085366,-0.9284231893004115,875.0,"{'decomposition': 'legendre', 'n_filters': 12, 'slowest': 0.029334592739296388, 'input_scaling': 0.049068279099124805, 'bias_dist': 'uniform', 'bias_scaling': 0.46763789100254544, 'lr': 0.2715862958761201, 'weight_increment': 0.1852507853053407, 'min_window': 9, 'max_window': 16, 'use_full_instance': False, 'max_partners': 5, 'homeostasis': 'mean', 'target': 0.91, 'spread': 0.095, 'learning_rate': 0.0003}",ppo,300,64x64,0.0003,,,,,,,
CountRecallMedium,filterbank+proj,9,416,0.0,-0.94407778,0.04066376723831181,-0.9426803807466831,-0.9449440504115226,817.0,"{'decomposition': 'legendre', 'n_filters': 12, 'slowest': 0.029334592739296388, 'input_scaling': 0.049068279099124805, 'bias_dist': 'uniform', 'bias_scaling': 0.46763789100254544, 'lr': 0.2715862958761201, 'weight_increment': 0.1852507853053407, 'min_window': 9, 'max_window': 16, 'use_full_instance': False, 'max_partners': 5, 'homeostasis': 'mean', 'target': 0.91, 'spread': 0.095, 'learning_rate': 0.0003}",ppo,300,64x64,0.0003,,,,,,,
CountRecallMedium,filterbank+proj,0,416,0.0,-0.9281554599999999,0.04150988651114817,-0.9248285788336934,-0.9237885596707819,849.0,"{'decomposition': 'legendre', 'n_filters': 12, 'slowest': 0.029334592739296388, 'input_scaling': 0.049068279099124805, 'bias_dist': 'uniform', 'bias_scaling': 0.46763789100254544, 'lr': 0.2715862958761201, 'weight_increment': 0.1852507853053407, 'min_window': 9, 'max_window': 16, 'use_full_instance': False, 'max_partners': 5, 'homeostasis': 'mean', 'target': 0.91, 'spread': 0.095, 'learning_rate': 0.001}",ppo,300,64x64,0.001,,,,,,,
CountRecallMedium,filterbank+proj,1,416,0.0,-0.9036894800000002,0.0547780132294847,-0.9141023286022834,-0.911043329218107,844.0,"{'decomposition': 'legendre', 'n_filters': 12, 'slowest': 0.029334592739296388, 'input_scaling': 0.049068279099124805, 'bias_dist': 'uniform', 'bias_scaling': 0.46763789100254544, 'lr': 0.2715862958761201, 'weight_increment': 0.1852507853053407, 'min_window': 9, 'max_window': 16, 'use_full_instance': False, 'max_partners': 5, 'homeostasis': 'mean', 'target': 0.91, 'spread': 0.095, 'learning_rate': 0.001}",ppo,300,64x64,0.001,,,,,,,
CountRecallMedium,filterbank+proj,2,416,0.0,-0.8846602400000001,0.03188500260721959,-0.9121032610305461,-0.900056066872428,878.0,"{'decomposition': 'legendre', 'n_filters': 12, 'slowest': 0.029334592739296388, 'input_scaling': 0.049068279099124805, 'bias_dist': 'uniform', 'bias_scaling': 0.46763789100254544, 'lr': 0.2715862958761201, 'weight_increment': 0.1852507853053407, 'min_window': 9, 'max_window': 16, 'use_full_instance': False, 'max_partners': 5, 'homeostasis': 'mean', 'target': 0.91, 'spread': 0.095, 'learning_rate': 0.001}",ppo,300,64x64,0.001,,,,,,,
CountRecallMedium,filterbank+proj,3,416,0.0,-0.9192234400000001,0.05538042594172061,-0.9242694029620486,-0.9228096934156378,871.0,"{'decomposition': 'legendre', 'n_filters': 12, 'slowest': 0.029334592739296388, 'input_scaling': 0.049068279099124805, 'bias_dist': 'uniform', 'bias_scaling': 0.46763789100254544, 'lr': 0.2715862958761201, 'weight_increment': 0.1852507853053407, 'min_window': 9, 'max_window': 16, 'use_full_instance': False, 'max_partners': 5, 'homeostasis': 'mean', 'target': 0.91, 'spread': 0.095, 'learning_rate': 0.001}",ppo,300,64x64,0.001,,,,,,,
CountRecallMedium,filterbank+proj,5,416,0.0,-0.9056312000000001,0.04595181793531134,-0.9248884953203743,-0.924867329218107,851.0,"{'decomposition': 'legendre', 'n_filters': 12, 'slowest': 0.029334592739296388, 'input_scaling': 0.049068279099124805, 'bias_dist': 'uniform', 'bias_scaling': 0.46763789100254544, 'lr': 0.2715862958761201, 'weight_increment': 0.1852507853053407, 'min_window': 9, 'max_window': 16, 'use_full_instance': False, 'max_partners': 5, 'homeostasis': 'mean', 'target': 0.91, 'spread': 0.095, 'learning_rate': 0.001}",ppo,300,64x64,0.001,,,,,,,
CountRecallMedium,filterbank+proj,4,416,0.0,-0.91805838,0.036901498868143555,-0.92424343885632,-0.926105883744856,926.0,"{'decomposition': 'legendre', 'n_filters': 12, 'slowest': 0.029334592739296388, 'input_scaling': 0.049068279099124805, 'bias_dist': 'uniform', 'bias_scaling': 0.46763789100254544, 'lr': 0.2715862958761201, 'weight_increment': 0.1852507853053407, 'min_window': 9, 'max_window': 16, 'use_full_instance': False, 'max_partners': 5, 'homeostasis': 'mean', 'target': 0.91, 'spread': 0.095, 'learning_rate': 0.001}",ppo,300,64x64,0.001,,,,,,,
CountRecallMedium,filterbank+proj,6,416,0.0,-0.9188350799999998,0.04371140767847223,-0.9255874698138437,-0.9283832376543208,841.0,"{'decomposition': 'legendre', 'n_filters': 12, 'slowest': 0.029334592739296388, 'input_scaling': 0.049068279099124805, 'bias_dist': 'uniform', 'bias_scaling': 0.46763789100254544, 'lr': 0.2715862958761201, 'weight_increment': 0.1852507853053407, 'min_window': 9, 'max_window': 16, 'use_full_instance': False, 'max_partners': 5, 'homeostasis': 'mean', 'target': 0.91, 'spread': 0.095, 'learning_rate': 0.001}",ppo,300,64x64,0.001,,,,,,,
CountRecallMedium,filterbank+proj,7,416,0.0,-0.92427202,0.04276265468115375,-0.9249024648770956,-0.9242080617283951,809.0,"{'decomposition': 'legendre', 'n_filters': 12, 'slowest': 0.029334592739296388, 'input_scaling': 0.049068279099124805, 'bias_dist': 'uniform', 'bias_scaling': 0.46763789100254544, 'lr': 0.2715862958761201, 'weight_increment': 0.1852507853053407, 'min_window': 9, 'max_window': 16, 'use_full_instance': False, 'max_partners': 5, 'homeostasis': 'mean', 'target': 0.91, 'spread': 0.095, 'learning_rate': 0.001}",ppo,300,64x64,0.001,,,,,,,
CountRecallMedium,filterbank+proj,8,416,0.0,-0.9095147399999999,0.04317679388690643,-0.9110847559395248,-0.8951417633744855,806.0,"{'decomposition': 'legendre', 'n_filters': 12, 'slowest': 0.029334592739296388, 'input_scaling': 0.049068279099124805, 'bias_dist': 'uniform', 'bias_scaling': 0.46763789100254544, 'lr': 0.2715862958761201, 'weight_increment': 0.1852507853053407, 'min_window': 9, 'max_window': 16, 'use_full_instance': False, 'max_partners': 5, 'homeostasis': 'mean', 'target': 0.91, 'spread': 0.095, 'learning_rate': 0.001}",ppo,300,64x64,0.001,,,,,,,
CountRecallMedium,filterbank+proj,1,416,0.0,-0.9196118,0.03643255304477029,-0.9240756860022626,-0.9246275833333334,809.0,"{'decomposition': 'legendre', 'n_filters': 12, 'slowest': 0.029334592739296388, 'input_scaling': 0.049068279099124805, 'bias_dist': 'uniform', 'bias_scaling': 0.46763789100254544, 'lr': 0.2715862958761201, 'weight_increment': 0.1852507853053407, 'min_window': 9, 'max_window': 16, 'use_full_instance': False, 'max_partners': 5, 'homeostasis': 'mean', 'target': 0.91, 'spread': 0.095, 'learning_rate': 0.003}",ppo,300,64x64,0.003,,,,,,,
CountRecallMedium,filterbank+proj,2,416,0.0,-0.9339807400000001,0.03745112602676187,-0.9241156293325106,-0.9232292273662551,807.0,"{'decomposition': 'legendre', 'n_filters': 12, 'slowest': 0.029334592739296388, 'input_scaling': 0.049068279099124805, 'bias_dist': 'uniform', 'bias_scaling': 0.46763789100254544, 'lr': 0.2715862958761201, 'weight_increment': 0.1852507853053407, 'min_window': 9, 'max_window': 16, 'use_full_instance': False, 'max_partners': 5, 'homeostasis': 'mean', 'target': 0.91, 'spread': 0.095, 'learning_rate': 0.003}",ppo,300,64x64,0.003,,,,,,,
CountRecallMedium,filterbank+proj,9,416,0.0,-0.94407778,0.04066376723831181,-0.9415220835133188,-0.9449440504115226,826.0,"{'decomposition': 'legendre', 'n_filters': 12, 'slowest': 0.029334592739296388, 'input_scaling': 0.049068279099124805, 'bias_dist': 'uniform', 'bias_scaling': 0.46763789100254544, 'lr': 0.2715862958761201, 'weight_increment': 0.1852507853053407, 'min_window': 9, 'max_window': 16, 'use_full_instance': False, 'max_partners': 5, 'homeostasis': 'mean', 'target': 0.91, 'spread': 0.095, 'learning_rate': 0.001}",ppo,300,64x64,0.001,,,,,,,
CountRecallMedium,filterbank+proj,4,416,0.0,-0.9433011600000002,0.03761980925967596,-0.9405674850354828,-0.9441250041152263,815.0,"{'decomposition': 'legendre', 'n_filters': 12, 'slowest': 0.029334592739296388, 'input_scaling': 0.049068279099124805, 'bias_dist': 'uniform', 'bias_scaling': 0.46763789100254544, 'lr': 0.2715862958761201, 'weight_increment': 0.1852507853053407, 'min_window': 9, 'max_window': 16, 'use_full_instance': False, 'max_partners': 5, 'homeostasis': 'mean', 'target': 0.91, 'spread': 0.095, 'learning_rate': 0.003}",ppo,300,64x64,0.003,,,,,,,
CountRecallMedium,filterbank+proj,0,416,0.0,-0.9328157200000001,0.03605808666085321,-0.925329843772498,-0.9257462849794238,845.0,"{'decomposition': 'legendre', 'n_filters': 12, 'slowest': 0.029334592739296388, 'input_scaling': 0.049068279099124805, 'bias_dist': 'uniform', 'bias_scaling': 0.46763789100254544, 'lr': 0.2715862958761201, 'weight_increment': 0.1852507853053407, 'min_window': 9, 'max_window': 16, 'use_full_instance': False, 'max_partners': 5, 'homeostasis': 'mean', 'target': 0.91, 'spread': 0.095, 'learning_rate': 0.003}",ppo,300,64x64,0.003,,,,,,,
CountRecallMedium,filterbank+proj,3,416,0.0,-0.9227185399999999,0.04486910087898354,-0.9249923412526997,-0.9247274681069958,837.0,"{'decomposition': 'legendre', 'n_filters': 12, 'slowest': 0.029334592739296388, 'input_scaling': 0.049068279099124805, 'bias_dist': 'uniform', 'bias_scaling': 0.46763789100254544, 'lr': 0.2715862958761201, 'weight_increment': 0.1852507853053407, 'min_window': 9, 'max_window': 16, 'use_full_instance': False, 'max_partners': 5, 'homeostasis': 'mean', 'target': 0.91, 'spread': 0.095, 'learning_rate': 0.003}",ppo,300,64x64,0.003,,,,,,,
CountRecallMedium,filterbank+esn,2,416,38.50961538461539,-0.5464076999999999,0.12498340376005927,-0.6300813903116322,-0.5875983672839505,735.0,"{'decomposition': 'legendre', 'n_filters': 12, 'slowest': 0.0056263882716246225, 'input_scaling': 0.06344812061556386, 'bias_dist': 'foldnorm', 'bias_scaling': 0.24743237591527745, 'lr': 0.7604293811879814, 'sr': 1.3687477885807093, 'rc_connectivity': 0.0925705874783593, 'learning_rate': 0.0003}",ppo,300,64,0.0003,,,,,,,
CountRecallMedium,filterbank+proj,6,416,0.0,-0.9095147000000001,0.0471825334462871,-0.9245849402447804,-0.9233690339506172,831.0,"{'decomposition': 'legendre', 'n_filters': 12, 'slowest': 0.029334592739296388, 'input_scaling': 0.049068279099124805, 'bias_dist': 'uniform', 'bias_scaling': 0.46763789100254544, 'lr': 0.2715862958761201, 'weight_increment': 0.1852507853053407, 'min_window': 9, 'max_window': 16, 'use_full_instance': False, 'max_partners': 5, 'homeostasis': 'mean', 'target': 0.91, 'spread': 0.095, 'learning_rate': 0.003}",ppo,300,64x64,0.003,,,,,,,
CountRecallMedium,filterbank+proj,7,416,0.0,-0.92233026,0.0480361612466317,-0.9254197163426925,-0.9258861275720165,836.0,"{'decomposition': 'legendre', 'n_filters': 12, 'slowest': 0.029334592739296388, 'input_scaling': 0.049068279099124805, 'bias_dist': 'uniform', 'bias_scaling': 0.46763789100254544, 'lr': 0.2715862958761201, 'weight_increment': 0.1852507853053407, 'min_window': 9, 'max_window': 16, 'use_full_instance': False, 'max_partners': 5, 'homeostasis': 'mean', 'target': 0.91, 'spread': 0.095, 'learning_rate': 0.003}",ppo,300,64x64,0.003,,,,,,,
CountRecallMedium,filterbank+esn,3,416,38.50961538461539,-0.49320396,0.14640575727832017,-0.5958337188110665,-0.5551360473251028,727.0,"{'decomposition': 'legendre', 'n_filters': 12, 'slowest': 0.0056263882716246225, 'input_scaling': 0.06344812061556386, 'bias_dist': 'foldnorm', 'bias_scaling': 0.24743237591527745, 'lr': 0.7604293811879814, 'sr': 1.3687477885807093, 'rc_connectivity': 0.0925705874783593, 'learning_rate': 0.0003}",ppo,300,64,0.0003,,,,,,,
CountRecallMedium,filterbank+proj,5,416,0.0,-0.91844676,0.030578717199751866,-0.9243133402242106,-0.9253467438271605,847.0,"{'decomposition': 'legendre', 'n_filters': 12, 'slowest': 0.029334592739296388, 'input_scaling': 0.049068279099124805, 'bias_dist': 'uniform', 'bias_scaling': 0.46763789100254544, 'lr': 0.2715862958761201, 'weight_increment': 0.1852507853053407, 'min_window': 9, 'max_window': 16, 'use_full_instance': False, 'max_partners': 5, 'homeostasis': 'mean', 'target': 0.91, 'spread': 0.095, 'learning_rate': 0.003}",ppo,300,64x64,0.003,,,,,,,
CountRecallMedium,filterbank+esn,4,416,38.50961538461539,-0.5588348999999999,0.12151300529922714,-0.6074366681065515,-0.5669622932098765,735.0,"{'decomposition': 'legendre', 'n_filters': 12, 'slowest': 0.0056263882716246225, 'input_scaling': 0.06344812061556386, 'bias_dist': 'foldnorm', 'bias_scaling': 0.24743237591527745, 'lr': 0.7604293811879814, 'sr': 1.3687477885807093, 'rc_connectivity': 0.0925705874783593, 'learning_rate': 0.0003}",ppo,300,64,0.0003,,,,,,,
CountRecallMedium,filterbank+proj,9,416,0.0,-0.9254370199999999,0.03393562602015176,-0.9245130481332922,-0.9246275895061727,833.0,"{'decomposition': 'legendre', 'n_filters': 12, 'slowest': 0.029334592739296388, 'input_scaling': 0.049068279099124805, 'bias_dist': 'uniform', 'bias_scaling': 0.46763789100254544, 'lr': 0.2715862958761201, 'weight_increment': 0.1852507853053407, 'min_window': 9, 'max_window': 16, 'use_full_instance': False, 'max_partners': 5, 'homeostasis': 'mean', 'target': 0.91, 'spread': 0.095, 'learning_rate': 0.003}",ppo,300,64x64,0.003,,,,,,,
CountRecallMedium,filterbank+proj,0,416,0.0,-0.9370875399999999,0.03463950392208873,-0.9427482842744009,-0.9431461296296296,824.0,"{'decomposition': 'legendre', 'n_filters': 12, 'slowest': 0.029334592739296388, 'input_scaling': 0.049068279099124805, 'bias_dist': 'uniform', 'bias_scaling': 0.46763789100254544, 'lr': 0.2715862958761201, 'weight_increment': 0.1852507853053407, 'min_window': 9, 'max_window': 16, 'use_full_instance': False, 'max_partners': 5, 'homeostasis': 'mean', 'target': 0.91, 'spread': 0.095, 'learning_rate': 0.01}",ppo,300,64x64,0.01,,,,,,,
CountRecallMedium,filterbank+proj,8,416,0.0,-0.92466038,0.0502819552185036,-0.9243133364188008,-0.9233290781893004,846.0,"{'decomposition': 'legendre', 'n_filters': 12, 'slowest': 0.029334592739296388, 'input_scaling': 0.049068279099124805, 'bias_dist': 'uniform', 'bias_scaling': 0.46763789100254544, 'lr': 0.2715862958761201, 'weight_increment': 0.1852507853053407, 'min_window': 9, 'max_window': 16, 'use_full_instance': False, 'max_partners': 5, 'homeostasis': 'mean', 'target': 0.91, 'spread': 0.095, 'learning_rate': 0.003}",ppo,300,64x64,0.003,,,,,,,
CountRecallMedium,filterbank+esn,0,416,38.50961538461539,-0.60077672,0.13072786040703643,-0.7063453387843258,-0.6504254629629629,788.0,"{'decomposition': 'legendre', 'n_filters': 12, 'slowest': 0.0056263882716246225, 'input_scaling': 0.06344812061556386, 'bias_dist': 'foldnorm', 'bias_scaling': 0.24743237591527745, 'lr': 0.7604293811879814, 'sr': 1.3687477885807093, 'rc_connectivity': 0.0925705874783593, 'learning_rate': 0.0003}",ppo,300,64,0.0003,,,,,,,
CountRecallMedium,filterbank+esn,1,416,38.50961538461539,-0.5976699000000001,0.10867118733155538,-0.6975103172889026,-0.6443524917695473,809.0,"{'decomposition': 'legendre', 'n_filters': 12, 'slowest': 0.0056263882716246225, 'input_scaling': 0.06344812061556386, 'bias_dist': 'foldnorm', 'bias_scaling': 0.24743237591527745, 'lr': 0.7604293811879814, 'sr': 1.3687477885807093, 'rc_connectivity': 0.0925705874783593, 'learning_rate': 0.0003}",ppo,300,64,0.0003,,,,,,,
CountRecallMedium,filterbank+proj,8,416,0.0,-0.92466038,0.0502819552185036,-0.9242014973773527,-0.9233290781893004,826.0,"{'decomposition': 'legendre', 'n_filters': 12, 'slowest': 0.029334592739296388, 'input_scaling': 0.049068279099124805, 'bias_dist': 'uniform', 'bias_scaling': 0.46763789100254544, 'lr': 0.2715862958761201, 'weight_increment': 0.1852507853053407, 'min_window': 9, 'max_window': 16, 'use_full_instance': False, 'max_partners': 5, 'homeostasis': 'mean', 'target': 0.91, 'spread': 0.095, 'learning_rate': 0.01}",ppo,300,64x64,0.01,,,,,,,
CountRecallMedium,filterbank+esn,0,416,38.50961538461539,-0.63961168,0.11888562664467729,-0.6931726890877301,-0.6533021141975309,742.0,"{'decomposition': 'legendre', 'n_filters': 12, 'slowest': 0.0056263882716246225, 'input_scaling': 0.06344812061556386, 'bias_dist': 'foldnorm', 'bias_scaling': 0.24743237591527745, 'lr': 0.7604293811879814, 'sr': 1.3687477885807093, 'rc_connectivity': 0.0925705874783593, 'learning_rate': 0.001}",ppo,300,64,0.001,,,,,,,
CountRecallMedium,filterbank+proj,1,416,0.0,-0.93398078,0.04512222345952823,-0.9243752460146045,-0.9244278137860082,887.0,"{'decomposition': 'legendre', 'n_filters': 12, 'slowest': 0.029334592739296388, 'input_scaling': 0.049068279099124805, 'bias_dist': 'uniform', 'bias_scaling': 0.46763789100254544, 'lr': 0.2715862958761201, 'weight_increment': 0.1852507853053407, 'min_window': 9, 'max_window': 16, 'use_full_instance': False, 'max_partners': 5, 'homeostasis': 'mean', 'target': 0.91, 'spread': 0.095, 'learning_rate': 0.01}",ppo,300,64x64,0.01,,,,,,,
CountRecallMedium,filterbank+esn,6,416,38.50961538461539,-0.51262132,0.1111554133208887,-0.6018688474750592,-0.5631467335390946,766.0,"{'decomposition': 'legendre', 'n_filters': 12, 'slowest': 0.0056263882716246225, 'input_scaling': 0.06344812061556386, 'bias_dist': 'foldnorm', 'bias_scaling': 0.24743237591527745, 'lr': 0.7604293811879814, 'sr': 1.3687477885807093, 'rc_connectivity': 0.0925705874783593, 'learning_rate': 0.0003}",ppo,300,64,0.0003,,,,,,,
CountRecallMedium,filterbank+proj,7,416,0.0,-0.9149515799999999,0.048797921150840036,-0.9250742203023758,-0.9239084146090534,859.0,"{'decomposition': 'legendre', 'n_filters': 12, 'slowest': 0.029334592739296388, 'input_scaling': 0.049068279099124805, 'bias_dist': 'uniform', 'bias_scaling': 0.46763789100254544, 'lr': 0.2715862958761201, 'weight_increment': 0.1852507853053407, 'min_window': 9, 'max_window': 16, 'use_full_instance': False, 'max_partners': 5, 'homeostasis': 'mean', 'target': 0.91, 'spread': 0.095, 'learning_rate': 0.01}",ppo,300,64x64,0.01,,,,,,,
CountRecallMedium,filterbank+proj,9,416,0.0,-0.9242720000000001,0.04077677142933217,-0.9246508379101102,-0.9239683333333333,855.0,"{'decomposition': 'legendre', 'n_filters': 12, 'slowest': 0.029334592739296388, 'input_scaling': 0.049068279099124805, 'bias_dist': 'uniform', 'bias_scaling': 0.46763789100254544, 'lr': 0.2715862958761201, 'weight_increment': 0.1852507853053407, 'min_window': 9, 'max_window': 16, 'use_full_instance': False, 'max_partners': 5, 'homeostasis': 'mean', 'target': 0.91, 'spread': 0.095, 'learning_rate': 0.01}",ppo,300,64x64,0.01,,,,,,,
CountRecallMedium,filterbank+proj,4,416,0.0,-0.9324273400000002,0.037499418488083254,-0.9243173347732182,-0.924268,889.0,"{'decomposition': 'legendre', 'n_filters': 12, 'slowest': 0.029334592739296388, 'input_scaling': 0.049068279099124805, 'bias_dist': 'uniform', 'bias_scaling': 0.46763789100254544, 'lr': 0.2715862958761201, 'weight_increment': 0.1852507853053407, 'min_window': 9, 'max_window': 16, 'use_full_instance': False, 'max_partners': 5, 'homeostasis': 'mean', 'target': 0.91, 'spread': 0.095, 'learning_rate': 0.01}",ppo,300,64x64,0.01,,,,,,,
CountRecallMedium,filterbank+esn,8,416,38.50961538461539,-0.55766996,0.1081320791891028,-0.6028893471150879,-0.5711973981481481,774.0,"{'decomposition': 'legendre', 'n_filters': 12, 'slowest': 0.0056263882716246225, 'input_scaling': 0.06344812061556386, 'bias_dist': 'foldnorm', 'bias_scaling': 0.24743237591527745, 'lr': 0.7604293811879814, 'sr': 1.3687477885807093, 'rc_connectivity': 0.0925705874783593, 'learning_rate': 0.0003}",ppo,300,64,0.0003,,,,,,,
CountRecallMedium,filterbank+proj,3,416,0.0,-0.9192234400000001,0.038710527724204434,-0.9237182117659158,-0.9220705442386832,908.0,"{'decomposition': 'legendre', 'n_filters': 12, 'slowest': 0.029334592739296388, 'input_scaling': 0.049068279099124805, 'bias_dist': 'uniform', 'bias_scaling': 0.46763789100254544, 'lr': 0.2715862958761201, 'weight_increment': 0.1852507853053407, 'min_window': 9, 'max_window': 16, 'use_full_instance': False, 'max_partners': 5, 'homeostasis': 'mean', 'target': 0.91, 'spread': 0.095, 'learning_rate': 0.01}",ppo,300,64x64,0.01,,,,,,,
CountRecallMedium,filterbank+proj,5,416,0.0,-0.9281554799999998,0.04276266285452299,-0.9240716923788954,-0.9251469845679011,888.0,"{'decomposition': 'legendre', 'n_filters': 12, 'slowest': 0.029334592739296388, 'input_scaling': 0.049068279099124805, 'bias_dist': 'uniform', 'bias_scaling': 0.46763789100254544, 'lr': 0.2715862958761201, 'weight_increment': 0.1852507853053407, 'min_window': 9, 'max_window': 16, 'use_full_instance': False, 'max_partners': 5, 'homeostasis': 'mean', 'target': 0.91, 'spread': 0.095, 'learning_rate': 0.01}",ppo,300,64x64,0.01,,,,,,,
CountRecallMedium,filterbank+esn,9,416,38.50961538461539,-0.54407764,0.13021227612030442,-0.5846521404916178,-0.5456870051440328,784.0,"{'decomposition': 'legendre', 'n_filters': 12, 'slowest': 0.0056263882716246225, 'input_scaling': 0.06344812061556386, 'bias_dist': 'foldnorm', 'bias_scaling': 0.24743237591527745, 'lr': 0.7604293811879814, 'sr': 1.3687477885807093, 'rc_connectivity': 0.0925705874783593, 'learning_rate': 0.0003}",ppo,300,64,0.0003,,,,,,,
CountRecallMedium,filterbank+esn,5,416,38.50961538461539,-0.52699034,0.12814119108040317,-0.6152971147793891,-0.5707778827160495,806.0,"{'decomposition': 'legendre', 'n_filters': 12, 'slowest': 0.0056263882716246225, 'input_scaling': 0.06344812061556386, 'bias_dist': 'foldnorm', 'bias_scaling': 0.24743237591527745, 'lr': 0.7604293811879814, 'sr': 1.3687477885807093, 'rc_connectivity': 0.0925705874783593, 'learning_rate': 0.0003}",ppo,300,64,0.0003,,,,,,,
CountRecallMedium,filterbank+esn,2,416,38.50961538461539,-0.5219418,0.1318038898717333,-0.6245814630258152,-0.5744136779835392,761.0,"{'decomposition': 'legendre', 'n_filters': 12, 'slowest': 0.0056263882716246225, 'input_scaling': 0.06344812061556386, 'bias_dist': 'foldnorm', 'bias_scaling': 0.24743237591527745, 'lr': 0.7604293811879814, 'sr': 1.3687477885807093, 'rc_connectivity': 0.0925705874783593, 'learning_rate': 0.001}",ppo,300,64,0.001,,,,,,,
CountRecallMedium,filterbank+proj,6,416,0.0,-0.9254370599999998,0.03732205118072158,-0.9249703776612157,-0.9243878693415638,899.0,"{'decomposition': 'legendre', 'n_filters': 12, 'slowest': 0.029334592739296388, 'input_scaling': 0.049068279099124805, 'bias_dist': 'uniform', 'bias_scaling': 0.46763789100254544, 'lr': 0.2715862958761201, 'weight_increment': 0.1852507853053407, 'min_window': 9, 'max_window': 16, 'use_full_instance': False, 'max_partners': 5, 'homeostasis': 'mean', 'target': 0.91, 'spread': 0.095, 'learning_rate': 0.01}",ppo,300,64x64,0.01,,,,,,,
CountRecallMedium,filterbank+esn,7,416,38.50961538461539,-0.5413591600000001,0.1049901747603765,-0.5986935104391649,-0.5615685730452675,809.0,"{'decomposition': 'legendre', 'n_filters': 12, 'slowest': 0.0056263882716246225, 'input_scaling': 0.06344812061556386, 'bias_dist': 'foldnorm', 'bias_scaling': 0.24743237591527745, 'lr': 0.7604293811879814, 'sr': 1.3687477885807093, 'rc_connectivity': 0.0925705874783593, 'learning_rate': 0.0003}",ppo,300,64,0.0003,,,,,,,
CountRecallMedium,filterbank+proj,2,416,0.0,-0.9207768399999999,0.03880394918734948,-0.9251361321608559,-0.9274842633744855,946.0,"{'decomposition': 'legendre', 'n_filters': 12, 'slowest': 0.029334592739296388, 'input_scaling': 0.049068279099124805, 'bias_dist': 'uniform', 'bias_scaling': 0.46763789100254544, 'lr': 0.2715862958761201, 'weight_increment': 0.1852507853053407, 'min_window': 9, 'max_window': 16, 'use_full_instance': False, 'max_partners': 5, 'homeostasis': 'mean', 'target': 0.91, 'spread': 0.095, 'learning_rate': 0.01}",ppo,300,64x64,0.01,,,,,,,
CountRecallMedium,filterbank+esn,4,416,38.50961538461539,-0.54951452,0.10811193232612948,-0.6327354865782167,-0.5890566748971192,762.0,"{'decomposition': 'legendre', 'n_filters': 12, 'slowest': 0.0056263882716246225, 'input_scaling': 0.06344812061556386, 'bias_dist': 'foldnorm', 'bias_scaling': 0.24743237591527745, 'lr': 0.7604293811879814, 'sr': 1.3687477885807093, 'rc_connectivity': 0.0925705874783593, 'learning_rate': 0.001}",ppo,300,64,0.001,,,,,,,
CountRecallMedium,filterbank+esn,7,416,38.50961538461539,-0.57669902,0.10621193670854326,-0.6212922992903426,-0.5930720339506173,747.0,"{'decomposition': 'legendre', 'n_filters': 12, 'slowest': 0.0056263882716246225, 'input_scaling': 0.06344812061556386, 'bias_dist': 'foldnorm', 'bias_scaling': 0.24743237591527745, 'lr': 0.7604293811879814, 'sr': 1.3687477885807093, 'rc_connectivity': 0.0925705874783593, 'learning_rate': 0.001}",ppo,300,64,0.001,,,,,,,
CountRecallMedium,filterbank+esn,1,416,38.50961538461539,-0.6446601,0.09498700839425359,-0.703233893654222,-0.6708018004115227,827.0,"{'decomposition': 'legendre', 'n_filters': 12, 'slowest': 0.0056263882716246225, 'input_scaling': 0.06344812061556386, 'bias_dist': 'foldnorm', 'bias_scaling': 0.24743237591527745, 'lr': 0.7604293811879814, 'sr': 1.3687477885807093, 'rc_connectivity': 0.0925705874783593, 'learning_rate': 0.001}",ppo,300,64,0.001,,,,,,,
CountRecallMedium,filterbank+esn,3,416,38.50961538461539,-0.55106798,0.12186005527316818,-0.6179751737118174,-0.5743337644032922,807.0,"{'decomposition': 'legendre', 'n_filters': 12, 'slowest': 0.0056263882716246225, 'input_scaling': 0.06344812061556386, 'bias_dist': 'foldnorm', 'bias_scaling': 0.24743237591527745, 'lr': 0.7604293811879814, 'sr': 1.3687477885807093, 'rc_connectivity': 0.0925705874783593, 'learning_rate': 0.001}",ppo,300,64,0.001,,,,,,,
CountRecallMedium,filterbank+esn,5,416,38.50961538461539,-0.56854362,0.10715133195716982,-0.6347784810243752,-0.5980861944444444,770.0,"{'decomposition': 'legendre', 'n_filters': 12, 'slowest': 0.0056263882716246225, 'input_scaling': 0.06344812061556386, 'bias_dist': 'foldnorm', 'bias_scaling': 0.24743237591527745, 'lr': 0.7604293811879814, 'sr': 1.3687477885807093, 'rc_connectivity': 0.0925705874783593, 'learning_rate': 0.001}",ppo,300,64,0.001,,,,,,,
CountRecallMedium,filterbank+esn,6,416,38.50961538461539,-0.56038842,0.10576794766186777,-0.6375843504062532,-0.599804195473251,803.0,"{'decomposition': 'legendre', 'n_filters': 12, 'slowest': 0.0056263882716246225, 'input_scaling': 0.06344812061556386, 'bias_dist': 'foldnorm', 'bias_scaling': 0.24743237591527745, 'lr': 0.7604293811879814, 'sr': 1.3687477885807093, 'rc_connectivity': 0.0925705874783593, 'learning_rate': 0.001}",ppo,300,64,0.001,,,,,,,
CountRecallMedium,filterbank+esn,9,416,38.50961538461539,-0.54135928,0.08964808452879292,-0.6070951666152422,-0.5640457160493827,744.0,"{'decomposition': 'legendre', 'n_filters': 12, 'slowest': 0.0056263882716246225, 'input_scaling': 0.06344812061556386, 'bias_dist': 'foldnorm', 'bias_scaling': 0.24743237591527745, 'lr': 0.7604293811879814, 'sr': 1.3687477885807093, 'rc_connectivity': 0.0925705874783593, 'learning_rate': 0.001}",ppo,300,64,0.001,,,,,,,
CountRecallMedium,filterbank+esn,8,416,38.50961538461539,-0.5592233600000001,0.08129869109985967,-0.6191155011827626,-0.5875783868312758,801.0,"{'decomposition': 'legendre', 'n_filters': 12, 'slowest': 0.0056263882716246225, 'input_scaling': 0.06344812061556386, 'bias_dist': 'foldnorm', 'bias_scaling': 0.24743237591527745, 'lr': 0.7604293811879814, 'sr': 1.3687477885807093, 'rc_connectivity': 0.0925705874783593, 'learning_rate': 0.001}",ppo,300,64,0.001,,,,,,,
CountRecallMedium,filterbank+esn,0,416,38.50961538461539,-0.6722330199999998,0.10124230159384763,-0.7179283184202407,-0.6860441388888888,777.0,"{'decomposition': 'legendre', 'n_filters': 12, 'slowest': 0.0056263882716246225, 'input_scaling': 0.06344812061556386, 'bias_dist': 'foldnorm', 'bias_scaling': 0.24743237591527745, 'lr': 0.7604293811879814, 'sr': 1.3687477885807093, 'rc_connectivity': 0.0925705874783593, 'learning_rate': 0.003}",ppo,300,64,0.003,,,,,,,
CountRecallMedium,filterbank+esn,1,416,38.50961538461539,-0.6994174,0.07998870647085125,-0.7365569487812403,-0.7114546347736626,825.0,"{'decomposition': 'legendre', 'n_filters': 12, 'slowest': 0.0056263882716246225, 'input_scaling': 0.06344812061556386, 'bias_dist': 'foldnorm', 'bias_scaling': 0.24743237591527745, 'lr': 0.7604293811879814, 'sr': 1.3687477885807093, 'rc_connectivity': 0.0925705874783593, 'learning_rate': 0.003}",ppo,300,64,0.003,,,,,,,
CountRecallMedium,filterbank+esn,2,416,38.50961538461539,-0.552233,0.10495570421563566,-0.666969177825774,-0.6095528744855967,768.0,"{'decomposition': 'legendre', 'n_filters': 12, 'slowest': 0.0056263882716246225, 'input_scaling': 0.06344812061556386, 'bias_dist': 'foldnorm', 'bias_scaling': 0.24743237591527745, 'lr': 0.7604293811879814, 'sr': 1.3687477885807093, 'rc_connectivity': 0.0925705874783593, 'learning_rate': 0.003}",ppo,300,64,0.003,,,,,,,
CountRecallMedium,filterbank+esn,3,416,38.50961538461539,-0.55883496,0.11792275319105468,-0.6540881096369434,-0.6012025853909465,805.0,"{'decomposition': 'legendre', 'n_filters': 12, 'slowest': 0.0056263882716246225, 'input_scaling': 0.06344812061556386, 'bias_dist': 'foldnorm', 'bias_scaling': 0.24743237591527745, 'lr': 0.7604293811879814, 'sr': 1.3687477885807093, 'rc_connectivity': 0.0925705874783593, 'learning_rate': 0.003}",ppo,300,64,0.003,,,,,,,
CountRecallMedium,filterbank+esn,5,416,38.50961538461539,-0.63378638,0.11811247927562778,-0.6791173251054202,-0.6436333374485598,771.0,"{'decomposition': 'legendre', 'n_filters': 12, 'slowest': 0.0056263882716246225, 'input_scaling': 0.06344812061556386, 'bias_dist': 'foldnorm', 'bias_scaling': 0.24743237591527745, 'lr': 0.7604293811879814, 'sr': 1.3687477885807093, 'rc_connectivity': 0.0925705874783593, 'learning_rate': 0.003}",ppo,300,64,0.003,,,,,,,
CountRecallMedium,filterbank+esn,6,416,38.50961538461539,-0.61941736,0.08804480887360937,-0.6681514314511982,-0.6443524979423868,750.0,"{'decomposition': 'legendre', 'n_filters': 12, 'slowest': 0.0056263882716246225, 'input_scaling': 0.06344812061556386, 'bias_dist': 'foldnorm', 'bias_scaling': 0.24743237591527745, 'lr': 0.7604293811879814, 'sr': 1.3687477885807093, 'rc_connectivity': 0.0925705874783593, 'learning_rate': 0.003}",ppo,300,64,0.003,,,,,,,
CountRecallMedium,filterbank+esn,8,416,38.50961538461539,-0.61475722,0.09727040347449784,-0.6532173742672014,-0.609333151234568,733.0,"{'decomposition': 'legendre', 'n_filters': 12, 'slowest': 0.0056263882716246225, 'input_scaling': 0.06344812061556386, 'bias_dist': 'foldnorm', 'bias_scaling': 0.24743237591527745, 'lr': 0.7604293811879814, 'sr': 1.3687477885807093, 'rc_connectivity': 0.0925705874783593, 'learning_rate': 0.003}",ppo,300,64,0.003,,,,,,,
CountRecallMedium,filterbank+esn,7,416,38.50961538461539,-0.61941738,0.0688156113552412,-0.65501673269567,-0.6197210812757202,759.0,"{'decomposition': 'legendre', 'n_filters': 12, 'slowest': 0.0056263882716246225, 'input_scaling': 0.06344812061556386, 'bias_dist': 'foldnorm', 'bias_scaling': 0.24743237591527745, 'lr': 0.7604293811879814, 'sr': 1.3687477885807093, 'rc_connectivity': 0.0925705874783593, 'learning_rate': 0.003}",ppo,300,64,0.003,,,,,,,
CountRecallMedium,filterbank+esn,4,416,38.50961538461539,-0.6186408,0.0922899694046975,-0.6635961308238199,-0.6246154012345679,817.0,"{'decomposition': 'legendre', 'n_filters': 12, 'slowest': 0.0056263882716246225, 'input_scaling': 0.06344812061556386, 'bias_dist': 'foldnorm', 'bias_scaling': 0.24743237591527745, 'lr': 0.7604293811879814, 'sr': 1.3687477885807093, 'rc_connectivity': 0.0925705874783593, 'learning_rate': 0.003}",ppo,300,64,0.003,,,,,,,
CountRecallMedium,filterbank+esn,9,416,38.50961538461539,-0.60194174,0.1095840341697293,-0.6489356654324797,-0.623816316872428,770.0,"{'decomposition': 'legendre', 'n_filters': 12, 'slowest': 0.0056263882716246225, 'input_scaling': 0.06344812061556386, 'bias_dist': 'foldnorm', 'bias_scaling': 0.24743237591527745, 'lr': 0.7604293811879814, 'sr': 1.3687477885807093, 'rc_connectivity': 0.0925705874783593, 'learning_rate': 0.003}",ppo,300,64,0.003,,,,,,,
CountRecallMedium,filterbank+esn,0,416,38.50961538461539,-0.9289322200000001,0.03817104000589453,-0.8922803502005554,-0.9250071522633745,765.0,"{'decomposition': 'legendre', 'n_filters': 12, 'slowest': 0.0056263882716246225, 'input_scaling': 0.06344812061556386, 'bias_dist': 'foldnorm', 'bias_scaling': 0.24743237591527745, 'lr': 0.7604293811879814, 'sr': 1.3687477885807093, 'rc_connectivity': 0.0925705874783593, 'learning_rate': 0.01}",ppo,300,64,0.01,,,,,,,
CountRecallMedium,filterbank+esn,1,416,38.50961538461539,-0.8225242999999999,0.0594073749462977,-0.8561733515375914,-0.8332534557613168,763.0,"{'decomposition': 'legendre', 'n_filters': 12, 'slowest': 0.0056263882716246225, 'input_scaling': 0.06344812061556386, 'bias_dist': 'foldnorm', 'bias_scaling': 0.24743237591527745, 'lr': 0.7604293811879814, 'sr': 1.3687477885807093, 'rc_connectivity': 0.0925705874783593, 'learning_rate': 0.01}",ppo,300,64,0.01,,,,,,,
CountRecallMedium,filterbank+esn,6,416,38.50961538461539,-0.7452426,0.08424958217012117,-0.8049265751311323,-0.7629349670781892,754.0,"{'decomposition': 'legendre', 'n_filters': 12, 'slowest': 0.0056263882716246225, 'input_scaling': 0.06344812061556386, 'bias_dist': 'foldnorm', 'bias_scaling': 0.24743237591527745, 'lr': 0.7604293811879814, 'sr': 1.3687477885807093, 'rc_connectivity': 0.0925705874783593, 'learning_rate': 0.01}",ppo,300,64,0.01,,,,,,,
CountRecallMedium,filterbank+esn,2,416,38.50961538461539,-0.91689334,0.03845253727732932,-0.9170200409338682,-0.9252668590534979,772.0,"{'decomposition': 'legendre', 'n_filters': 12, 'slowest': 0.0056263882716246225, 'input_scaling': 0.06344812061556386, 'bias_dist': 'foldnorm', 'bias_scaling': 0.24743237591527745, 'lr': 0.7604293811879814, 'sr': 1.3687477885807093, 'rc_connectivity': 0.0925705874783593, 'learning_rate': 0.01}",ppo,300,64,0.01,,,,,,,
CountRecallMedium,filterbank+esn,8,416,38.50961538461539,-0.82834956,0.06918302964373849,-0.855959665021084,-0.8572656471193415,747.0,"{'decomposition': 'legendre', 'n_filters': 12, 'slowest': 0.0056263882716246225, 'input_scaling': 0.06344812061556386, 'bias_dist': 'foldnorm', 'bias_scaling': 0.24743237591527745, 'lr': 0.7604293811879814, 'sr': 1.3687477885807093, 'rc_connectivity': 0.0925705874783593, 'learning_rate': 0.01}",ppo,300,64,0.01,,,,,,,
CountRecallMedium,filterbank+esn,3,416,38.50961538461539,-0.9242720200000002,0.04549666674141745,-0.8791476314923375,-0.9232092345679013,777.0,"{'decomposition': 'legendre', 'n_filters': 12, 'slowest': 0.0056263882716246225, 'input_scaling': 0.06344812061556386, 'bias_dist': 'foldnorm', 'bias_scaling': 0.24743237591527745, 'lr': 0.7604293811879814, 'sr': 1.3687477885807093, 'rc_connectivity': 0.0925705874783593, 'learning_rate': 0.01}",ppo,300,64,0.01,,,,,,,
CountRecallMedium,filterbank+esn,4,416,38.50961538461539,-0.8904856000000001,0.06878944949365419,-0.8368776682094002,-0.8800192757201646,780.0,"{'decomposition': 'legendre', 'n_filters': 12, 'slowest': 0.0056263882716246225, 'input_scaling': 0.06344812061556386, 'bias_dist': 'foldnorm', 'bias_scaling': 0.24743237591527745, 'lr': 0.7604293811879814, 'sr': 1.3687477885807093, 'rc_connectivity': 0.0925705874783593, 'learning_rate': 0.01}",ppo,300,64,0.01,,,,,,,
CountRecallMedium,filterbank+esn,5,416,38.50961538461539,-0.9227186199999999,0.03590719840304448,-0.8849271484109843,-0.9232691718106996,790.0,"{'decomposition': 'legendre', 'n_filters': 12, 'slowest': 0.0056263882716246225, 'input_scaling': 0.06344812061556386, 'bias_dist': 'foldnorm', 'bias_scaling': 0.24743237591527745, 'lr': 0.7604293811879814, 'sr': 1.3687477885807093, 'rc_connectivity': 0.0925705874783593, 'learning_rate': 0.01}",ppo,300,64,0.01,,,,,,,
CountRecallMedium,filterbank+esn,9,416,38.50961538461539,-0.8147573,0.06739974495656494,-0.8523130183071069,-0.8270606388888889,779.0,"{'decomposition': 'legendre', 'n_filters': 12, 'slowest': 0.0056263882716246225, 'input_scaling': 0.06344812061556386, 'bias_dist': 'foldnorm', 'bias_scaling': 0.24743237591527745, 'lr': 0.7604293811879814, 'sr': 1.3687477885807093, 'rc_connectivity': 0.0925705874783593, 'learning_rate': 0.01}",ppo,300,64,0.01,,,,,,,
CountRecallMedium,filterbank+hag,0,416,4.8485576923076925,-0.55456312,0.10723010362069786,-0.621352213925743,-0.5846417973251029,780.0,"{'decomposition': 'legendre', 'n_filters': 12, 'slowest': 0.029334592739296388, 'input_scaling': 0.049068279099124805, 'bias_dist': 'uniform', 'bias_scaling': 0.46763789100254544, 'lr': 0.2715862958761201, 'weight_increment': 0.1852507853053407, 'min_window': 9, 'max_window': 16, 'use_full_instance': False, 'max_partners': 5, 'homeostasis': 'mean', 'target': 0.91, 'spread': 0.095, 'learning_rate': 0.0003}",ppo,300,64,0.0003,,,,,,,
CountRecallMedium,filterbank+esn,7,416,38.50961538461539,-0.8236893200000001,0.07488612509869635,-0.8555642444718707,-0.8308762181069959,804.0,"{'decomposition': 'legendre', 'n_filters': 12, 'slowest': 0.0056263882716246225, 'input_scaling': 0.06344812061556386, 'bias_dist': 'foldnorm', 'bias_scaling': 0.24743237591527745, 'lr': 0.7604293811879814, 'sr': 1.3687477885807093, 'rc_connectivity': 0.0925705874783593, 'learning_rate': 0.01}",ppo,300,64,0.01,,,,,,,
CountRecallMedium,filterbank+hag,2,416,4.961538461538462,-0.55417476,0.11766155994164959,-0.6474658385272034,-0.6045786697530864,771.0,"{'decomposition': 'legendre', 'n_filters': 12, 'slowest': 0.029334592739296388, 'input_scaling': 0.049068279099124805, 'bias_dist': 'uniform', 'bias_scaling': 0.46763789100254544, 'lr': 0.2715862958761201, 'weight_increment': 0.1852507853053407, 'min_window': 9, 'max_window': 16, 'use_full_instance': False, 'max_partners': 5, 'homeostasis': 'mean', 'target': 0.91, 'spread': 0.095, 'learning_rate': 0.0003}",ppo,300,64,0.0003,,,,,,,
CountRecallMedium,filterbank+hag,1,416,4.954326923076923,-0.5615533599999999,0.12281237766638345,-0.633662123315849,-0.6058372016460905,817.0,"{'decomposition': 'legendre', 'n_filters': 12, 'slowest': 0.029334592739296388, 'input_scaling': 0.049068279099124805, 'bias_dist': 'uniform', 'bias_scaling': 0.46763789100254544, 'lr': 0.2715862958761201, 'weight_increment': 0.1852507853053407, 'min_window': 9, 'max_window': 16, 'use_full_instance': False, 'max_partners': 5, 'homeostasis': 'mean', 'target': 0.91, 'spread': 0.095, 'learning_rate': 0.0003}",ppo,300,64,0.0003,,,,,,,
CountRecallMedium,filterbank+hag,0,416,4.8485576923076925,-0.5813591600000001,0.10450564255433484,-0.6375404141725806,-0.6030803971193415,746.0,"{'decomposition': 'legendre', 'n_filters': 12, 'slowest': 0.029334592739296388, 'input_scaling': 0.049068279099124805, 'bias_dist': 'uniform', 'bias_scaling': 0.46763789100254544, 'lr': 0.2715862958761201, 'weight_increment': 0.1852507853053407, 'min_window': 9, 'max_window': 16, 'use_full_instance': False, 'max_partners': 5, 'homeostasis': 'mean', 'target': 0.91, 'spread': 0.095, 'learning_rate': 0.001}",ppo,300,64,0.001,,,,,,,
CountRecallMedium,filterbank+hag,8,416,4.877403846153846,-0.63067958,0.10681300734032162,-0.6877686190476191,-0.6526029228395063,767.0,"{'decomposition': 'legendre', 'n_filters': 12, 'slowest': 0.029334592739296388, 'input_scaling': 0.049068279099124805, 'bias_dist': 'uniform', 'bias_scaling': 0.46763789100254544, 'lr': 0.2715862958761201, 'weight_increment': 0.1852507853053407, 'min_window': 9, 'max_window': 16, 'use_full_instance': False, 'max_partners': 5, 'homeostasis': 'mean', 'target': 0.91, 'spread': 0.095, 'learning_rate': 0.0003}",ppo,300,64,0.0003,,,,,,,
CountRecallMedium,filterbank+hag,5,416,4.923076923076923,-0.6108737,0.10021820955080968,-0.6758281589015737,-0.6418354146090535,777.0,"{'decomposition': 'legendre', 'n_filters': 12, 'slowest': 0.029334592739296388, 'input_scaling': 0.049068279099124805, 'bias_dist': 'uniform', 'bias_scaling': 0.46763789100254544, 'lr': 0.2715862958761201, 'weight_increment': 0.1852507853053407, 'min_window': 9, 'max_window': 16, 'use_full_instance': False, 'max_partners': 5, 'homeostasis': 'mean', 'target': 0.91, 'spread': 0.095, 'learning_rate': 0.0003}",ppo,300,64,0.0003,,,,,,,
CountRecallMedium,filterbank+hag,4,416,4.913461538461538,-0.62718446,0.09638583689841781,-0.6888470244780418,-0.644811962962963,796.0,"{'decomposition': 'legendre', 'n_filters': 12, 'slowest': 0.029334592739296388, 'input_scaling': 0.049068279099124805, 'bias_dist': 'uniform', 'bias_scaling': 0.46763789100254544, 'lr': 0.2715862958761201, 'weight_increment': 0.1852507853053407, 'min_window': 9, 'max_window': 16, 'use_full_instance': False, 'max_partners': 5, 'homeostasis': 'mean', 'target': 0.91, 'spread': 0.095, 'learning_rate': 0.0003}",ppo,300,64,0.0003,,,,,,,
CountRecallMedium,filterbank+hag,9,416,4.896634615384615,-0.6100970400000001,0.08930681616986692,-0.6821388897459632,-0.6391585277777778,773.0,"{'decomposition': 'legendre', 'n_filters': 12, 'slowest': 0.029334592739296388, 'input_scaling': 0.049068279099124805, 'bias_dist': 'uniform', 'bias_scaling': 0.46763789100254544, 'lr': 0.2715862958761201, 'weight_increment': 0.1852507853053407, 'min_window': 9, 'max_window': 16, 'use_full_instance': False, 'max_partners': 5, 'homeostasis': 'mean', 'target': 0.91, 'spread': 0.095, 'learning_rate': 0.0003}",ppo,300,64,0.0003,,,,,,,
CountRecallMedium,filterbank+hag,7,416,4.935096153846154,-0.5712620799999999,0.12100304155430804,-0.6312097264218862,-0.5919932736625514,798.0,"{'decomposition': 'legendre', 'n_filters': 12, 'slowest': 0.029334592739296388, 'input_scaling': 0.049068279099124805, 'bias_dist': 'uniform', 'bias_scaling': 0.46763789100254544, 'lr': 0.2715862958761201, 'weight_increment': 0.1852507853053407, 'min_window': 9, 'max_window': 16, 'use_full_instance': False, 'max_partners': 5, 'homeostasis': 'mean', 'target': 0.91, 'spread': 0.095, 'learning_rate': 0.0003}",ppo,300,64,0.0003,,,,,,,
CountRecallMedium,filterbank+hag,3,416,4.836538461538462,-0.5530097,0.11503861377368037,-0.6319466417772293,-0.5993447458847736,833.0,"{'decomposition': 'legendre', 'n_filters': 12, 'slowest': 0.029334592739296388, 'input_scaling': 0.049068279099124805, 'bias_dist': 'uniform', 'bias_scaling': 0.46763789100254544, 'lr': 0.2715862958761201, 'weight_increment': 0.1852507853053407, 'min_window': 9, 'max_window': 16, 'use_full_instance': False, 'max_partners': 5, 'homeostasis': 'mean', 'target': 0.91, 'spread': 0.095, 'learning_rate': 0.0003}",ppo,300,64,0.0003,,,,,,,
CountRecallMedium,filterbank+hag,2,416,4.961538461538462,-0.6054369,0.12172379858651307,-0.6783364671397717,-0.6602540524691359,786.0,"{'decomposition': 'legendre', 'n_filters': 12, 'slowest': 0.029334592739296388, 'input_scaling': 0.049068279099124805, 'bias_dist': 'uniform', 'bias_scaling': 0.46763789100254544, 'lr': 0.2715862958761201, 'weight_increment': 0.1852507853053407, 'min_window': 9, 'max_window': 16, 'use_full_instance': False, 'max_partners': 5, 'homeostasis': 'mean', 'target': 0.91, 'spread': 0.095, 'learning_rate': 0.001}",ppo,300,64,0.001,,,,,,,
CountRecallMedium,filterbank+hag,1,416,4.954326923076923,-0.58330094,0.09963340150760888,-0.658861087010182,-0.622477878600823,800.0,"{'decomposition': 'legendre', 'n_filters': 12, 'slowest': 0.029334592739296388, 'input_scaling': 0.049068279099124805, 'bias_dist': 'uniform', 'bias_scaling': 0.46763789100254544, 'lr': 0.2715862958761201, 'weight_increment': 0.1852507853053407, 'min_window': 9, 'max_window': 16, 'use_full_instance': False, 'max_partners': 5, 'homeostasis': 'mean', 'target': 0.91, 'spread': 0.095, 'learning_rate': 0.001}",ppo,300,64,0.001,,,,,,,
CountRecallMedium,filterbank+hag,6,416,4.920673076923077,-0.59300972,0.09854896723883817,-0.6430583087524426,-0.6330056707818931,788.0,"{'decomposition': 'legendre', 'n_filters': 12, 'slowest': 0.029334592739296388, 'input_scaling': 0.049068279099124805, 'bias_dist': 'uniform', 'bias_scaling': 0.46763789100254544, 'lr': 0.2715862958761201, 'weight_increment': 0.1852507853053407, 'min_window': 9, 'max_window': 16, 'use_full_instance': False, 'max_partners': 5, 'homeostasis': 'mean', 'target': 0.91, 'spread': 0.095, 'learning_rate': 0.001}",ppo,300,64,0.001,,,,,,,
CountRecallMedium,filterbank+hag,6,416,4.920673076923077,-0.57514558,0.09729217354075095,-0.6375723739586547,-0.6146669516460905,829.0,"{'decomposition': 'legendre', 'n_filters': 12, 'slowest': 0.029334592739296388, 'input_scaling': 0.049068279099124805, 'bias_dist': 'uniform', 'bias_scaling': 0.46763789100254544, 'lr': 0.2715862958761201, 'weight_increment': 0.1852507853053407, 'min_window': 9, 'max_window': 16, 'use_full_instance': False, 'max_partners': 5, 'homeostasis': 'mean', 'target': 0.91, 'spread': 0.095, 'learning_rate': 0.0003}",ppo,300,64,0.0003,,,,,,,
CountRecallMedium,filterbank+hag,4,416,4.913461538461538,-0.64310672,0.09238224660399638,-0.6699487899825157,-0.6429141748971193,799.0,"{'decomposition': 'legendre', 'n_filters': 12, 'slowest': 0.029334592739296388, 'input_scaling': 0.049068279099124805, 'bias_dist': 'uniform', 'bias_scaling': 0.46763789100254544, 'lr': 0.2715862958761201, 'weight_increment': 0.1852507853053407, 'min_window': 9, 'max_window': 16, 'use_full_instance': False, 'max_partners': 5, 'homeostasis': 'mean', 'target': 0.91, 'spread': 0.095, 'learning_rate': 0.001}",ppo,300,64,0.001,,,,,,,
CountRecallMedium,filterbank+hag,5,416,4.923076923076923,-0.6667960599999999,0.09539173937808451,-0.7091731613699476,-0.6814294629629629,815.0,"{'decomposition': 'legendre', 'n_filters': 12, 'slowest': 0.029334592739296388, 'input_scaling': 0.049068279099124805, 'bias_dist': 'uniform', 'bias_scaling': 0.46763789100254544, 'lr': 0.2715862958761201, 'weight_increment': 0.1852507853053407, 'min_window': 9, 'max_window': 16, 'use_full_instance': False, 'max_partners': 5, 'homeostasis': 'mean', 'target': 0.91, 'spread': 0.095, 'learning_rate': 0.001}",ppo,300,64,0.001,,,,,,,
CountRecallMedium,filterbank+hag,3,416,4.836538461538462,-0.6446601599999999,0.09402945316088145,-0.6680176299496039,-0.6677453456790122,824.0,"{'decomposition': 'legendre', 'n_filters': 12, 'slowest': 0.029334592739296388, 'input_scaling': 0.049068279099124805, 'bias_dist': 'uniform', 'bias_scaling': 0.46763789100254544, 'lr': 0.2715862958761201, 'weight_increment': 0.1852507853053407, 'min_window': 9, 'max_window': 16, 'use_full_instance': False, 'max_partners': 5, 'homeostasis': 'mean', 'target': 0.91, 'spread': 0.095, 'learning_rate': 0.001}",ppo,300,64,0.001,,,,,,,
CountRecallMedium,filterbank+hag,8,416,4.877403846153846,-0.6532038400000001,0.0894898305604296,-0.7154199886866194,-0.6694034063786009,805.0,"{'decomposition': 'legendre', 'n_filters': 12, 'slowest': 0.029334592739296388, 'input_scaling': 0.049068279099124805, 'bias_dist': 'uniform', 'bias_scaling': 0.46763789100254544, 'lr': 0.2715862958761201, 'weight_increment': 0.1852507853053407, 'min_window': 9, 'max_window': 16, 'use_full_instance': False, 'max_partners': 5, 'homeostasis': 'mean', 'target': 0.91, 'spread': 0.095, 'learning_rate': 0.001}",ppo,300,64,0.001,,,,,,,
CountRecallMedium,filterbank+hag,7,416,4.935096153846154,-0.59728154,0.12006276838774126,-0.6470264761904762,-0.6143673127572017,815.0,"{'decomposition': 'legendre', 'n_filters': 12, 'slowest': 0.029334592739296388, 'input_scaling': 0.049068279099124805, 'bias_dist': 'uniform', 'bias_scaling': 0.46763789100254544, 'lr': 0.2715862958761201, 'weight_increment': 0.1852507853053407, 'min_window': 9, 'max_window': 16, 'use_full_instance': False, 'max_partners': 5, 'homeostasis': 'mean', 'target': 0.91, 'spread': 0.095, 'learning_rate': 0.001}",ppo,300,64,0.001,,,,,,,
CountRecallMedium,filterbank+hag,1,416,4.954326923076923,-0.8190291399999998,0.06046796423462924,-0.7672219193664507,-0.7859682644032921,775.0,"{'decomposition': 'legendre', 'n_filters': 12, 'slowest': 0.029334592739296388, 'input_scaling': 0.049068279099124805, 'bias_dist': 'uniform', 'bias_scaling': 0.46763789100254544, 'lr': 0.2715862958761201, 'weight_increment': 0.1852507853053407, 'min_window': 9, 'max_window': 16, 'use_full_instance': False, 'max_partners': 5, 'homeostasis': 'mean', 'target': 0.91, 'spread': 0.095, 'learning_rate': 0.003}",ppo,300,64,0.003,,,,,,,
CountRecallMedium,filterbank+hag,4,416,4.913461538461538,-0.7603883199999999,0.0730273354744482,-0.7852214953203744,-0.7828918117283952,775.0,"{'decomposition': 'legendre', 'n_filters': 12, 'slowest': 0.029334592739296388, 'input_scaling': 0.049068279099124805, 'bias_dist': 'uniform', 'bias_scaling': 0.46763789100254544, 'lr': 0.2715862958761201, 'weight_increment': 0.1852507853053407, 'min_window': 9, 'max_window': 16, 'use_full_instance': False, 'max_partners': 5, 'homeostasis': 'mean', 'target': 0.91, 'spread': 0.095, 'learning_rate': 0.003}",ppo,300,64,0.003,,,,,,,
CountRecallMedium,filterbank+hag,9,416,4.896634615384615,-0.6135921799999999,0.10386072670585163,-0.6894601274298056,-0.6563585576131687,814.0,"{'decomposition': 'legendre', 'n_filters': 12, 'slowest': 0.029334592739296388, 'input_scaling': 0.049068279099124805, 'bias_dist': 'uniform', 'bias_scaling': 0.46763789100254544, 'lr': 0.2715862958761201, 'weight_increment': 0.1852507853053407, 'min_window': 9, 'max_window': 16, 'use_full_instance': False, 'max_partners': 5, 'homeostasis': 'mean', 'target': 0.91, 'spread': 0.095, 'learning_rate': 0.001}",ppo,300,64,0.001,,,,,,,
CountRecallMedium,filterbank+hag,0,416,4.8485576923076925,-0.8275728800000001,0.05742332550580469,-0.78085190805307,-0.7684285915637861,808.0,"{'decomposition': 'legendre', 'n_filters': 12, 'slowest': 0.029334592739296388, 'input_scaling': 0.049068279099124805, 'bias_dist': 'uniform', 'bias_scaling': 0.46763789100254544, 'lr': 0.2715862958761201, 'weight_increment': 0.1852507853053407, 'min_window': 9, 'max_window': 16, 'use_full_instance': False, 'max_partners': 5, 'homeostasis': 'mean', 'target': 0.91, 'spread': 0.095, 'learning_rate': 0.003}",ppo,300,64,0.003,,,,,,,
CountRecallMedium,filterbank+hag,2,416,4.961538461538462,-0.8132039,0.07085555609188314,-0.8063584722822174,-0.833912702674897,797.0,"{'decomposition': 'legendre', 'n_filters': 12, 'slowest': 0.029334592739296388, 'input_scaling': 0.049068279099124805, 'bias_dist': 'uniform', 'bias_scaling': 0.46763789100254544, 'lr': 0.2715862958761201, 'weight_increment': 0.1852507853053407, 'min_window': 9, 'max_window': 16, 'use_full_instance': False, 'max_partners': 5, 'homeostasis': 'mean', 'target': 0.91, 'spread': 0.095, 'learning_rate': 0.003}",ppo,300,64,0.003,,,,,,,
CountRecallMedium,filterbank+hag,5,416,4.923076923076923,-0.79145634,0.07221739186777931,-0.8342475373855806,-0.8013104917695473,763.0,"{'decomposition': 'legendre', 'n_filters': 12, 'slowest': 0.029334592739296388, 'input_scaling': 0.049068279099124805, 'bias_dist': 'uniform', 'bias_scaling': 0.46763789100254544, 'lr': 0.2715862958761201, 'weight_increment': 0.1852507853053407, 'min_window': 9, 'max_window': 16, 'use_full_instance': False, 'max_partners': 5, 'homeostasis': 'mean', 'target': 0.91, 'spread': 0.095, 'learning_rate': 0.003}",ppo,300,64,0.003,,,,,,,
CountRecallMedium,filterbank+hag,6,416,4.920673076923077,-0.78563104,0.06913942560824757,-0.7710123500977064,-0.7605576965020576,810.0,"{'decomposition': 'legendre', 'n_filters': 12, 'slowest': 0.029334592739296388, 'input_scaling': 0.049068279099124805, 'bias_dist': 'uniform', 'bias_scaling': 0.46763789100254544, 'lr': 0.2715862958761201, 'weight_increment': 0.1852507853053407, 'min_window': 9, 'max_window': 16, 'use_full_instance': False, 'max_partners': 5, 'homeostasis': 'mean', 'target': 0.91, 'spread': 0.095, 'learning_rate': 0.003}",ppo,300,64,0.003,,,,,,,
CountRecallMedium,filterbank+hag,3,416,4.836538461538462,-0.7968932199999998,0.06336298785798851,-0.7811394860639721,-0.786607524691358,875.0,"{'decomposition': 'legendre', 'n_filters': 12, 'slowest': 0.029334592739296388, 'input_scaling': 0.049068279099124805, 'bias_dist': 'uniform', 'bias_scaling': 0.46763789100254544, 'lr': 0.2715862958761201, 'weight_increment': 0.1852507853053407, 'min_window': 9, 'max_window': 16, 'use_full_instance': False, 'max_partners': 5, 'homeostasis': 'mean', 'target': 0.91, 'spread': 0.095, 'learning_rate': 0.003}",ppo,300,64,0.003,,,,,,,
CountRecallMedium,filterbank+hag,7,416,4.935096153846154,-0.71495142,0.08047744182939465,-0.7801888849120642,-0.7549042685185186,813.0,"{'decomposition': 'legendre', 'n_filters': 12, 'slowest': 0.029334592739296388, 'input_scaling': 0.049068279099124805, 'bias_dist': 'uniform', 'bias_scaling': 0.46763789100254544, 'lr': 0.2715862958761201, 'weight_increment': 0.1852507853053407, 'min_window': 9, 'max_window': 16, 'use_full_instance': False, 'max_partners': 5, 'homeostasis': 'mean', 'target': 0.91, 'spread': 0.095, 'learning_rate': 0.003}",ppo,300,64,0.003,,,,,,,
CountRecallMedium,filterbank+hag,8,416,4.877403846153846,-0.92038854,0.04977097303336957,-0.8907545981692894,-0.9187943487654322,826.0,"{'decomposition': 'legendre', 'n_filters': 12, 'slowest': 0.029334592739296388, 'input_scaling': 0.049068279099124805, 'bias_dist': 'uniform', 'bias_scaling': 0.46763789100254544, 'lr': 0.2715862958761201, 'weight_increment': 0.1852507853053407, 'min_window': 9, 'max_window': 16, 'use_full_instance': False, 'max_partners': 5, 'homeostasis': 'mean', 'target': 0.91, 'spread': 0.095, 'learning_rate': 0.003}",ppo,300,64,0.003,,,,,,,
CountRecallMedium,filterbank+hag,9,416,4.896634615384615,-0.9091264400000001,0.04172550673444723,-0.8575133838321506,-0.9113030257201645,818.0,"{'decomposition': 'legendre', 'n_filters': 12, 'slowest': 0.029334592739296388, 'input_scaling': 0.049068279099124805, 'bias_dist': 'uniform', 'bias_scaling': 0.46763789100254544, 'lr': 0.2715862958761201, 'weight_increment': 0.1852507853053407, 'min_window': 9, 'max_window': 16, 'use_full_instance': False, 'max_partners': 5, 'homeostasis': 'mean', 'target': 0.91, 'spread': 0.095, 'learning_rate': 0.003}",ppo,300,64,0.003,,,,,,,
CountRecallMedium,filterbank+hag,0,416,4.8485576923076925,-0.9130098199999999,0.043806228829101464,-0.9133554225033426,-0.9261258539094651,835.0,"{'decomposition': 'legendre', 'n_filters': 12, 'slowest': 0.029334592739296388, 'input_scaling': 0.049068279099124805, 'bias_dist': 'uniform', 'bias_scaling': 0.46763789100254544, 'lr': 0.2715862958761201, 'weight_increment': 0.1852507853053407, 'min_window': 9, 'max_window': 16, 'use_full_instance': False, 'max_partners': 5, 'homeostasis': 'mean', 'target': 0.91, 'spread': 0.095, 'learning_rate': 0.01}",ppo,300,64,0.01,,,,,,,
CountRecallMedium,filterbank+hag,4,416,4.913461538461538,-0.9242720200000001,0.044491100545835015,-0.9248765142445747,-0.9265253981481483,734.0,"{'decomposition': 'legendre', 'n_filters': 12, 'slowest': 0.029334592739296388, 'input_scaling': 0.049068279099124805, 'bias_dist': 'uniform', 'bias_scaling': 0.46763789100254544, 'lr': 0.2715862958761201, 'weight_increment': 0.1852507853053407, 'min_window': 9, 'max_window': 16, 'use_full_instance': False, 'max_partners': 5, 'homeostasis': 'mean', 'target': 0.91, 'spread': 0.095, 'learning_rate': 0.01}",ppo,300,64,0.01,,,,,,,
CountRecallMedium,filterbank+hag,1,416,4.954326923076923,-0.9332040800000001,0.03687487263426953,-0.9187634806129794,-0.924967183127572,835.0,"{'decomposition': 'legendre', 'n_filters': 12, 'slowest': 0.029334592739296388, 'input_scaling': 0.049068279099124805, 'bias_dist': 'uniform', 'bias_scaling': 0.46763789100254544, 'lr': 0.2715862958761201, 'weight_increment': 0.1852507853053407, 'min_window': 9, 'max_window': 16, 'use_full_instance': False, 'max_partners': 5, 'homeostasis': 'mean', 'target': 0.91, 'spread': 0.095, 'learning_rate': 0.01}",ppo,300,64,0.01,,,,,,,
CountRecallMedium,filterbank+hag,2,416,4.961538461538462,-0.92233018,0.04578574733809203,-0.9251960466934075,-0.9234489495884773,762.0,"{'decomposition': 'legendre', 'n_filters': 12, 'slowest': 0.029334592739296388, 'input_scaling': 0.049068279099124805, 'bias_dist': 'uniform', 'bias_scaling': 0.46763789100254544, 'lr': 0.2715862958761201, 'weight_increment': 0.1852507853053407, 'min_window': 9, 'max_window': 16, 'use_full_instance': False, 'max_partners': 5, 'homeostasis': 'mean', 'target': 0.91, 'spread': 0.095, 'learning_rate': 0.01}",ppo,300,64,0.01,,,,,,,
CountRecallMedium,filterbank+hag,5,416,4.923076923076923,-0.9227186199999999,0.03590719840304448,-0.92275363128664,-0.9232691718106996,758.0,"{'decomposition': 'legendre', 'n_filters': 12, 'slowest': 0.029334592739296388, 'input_scaling': 0.049068279099124805, 'bias_dist': 'uniform', 'bias_scaling': 0.46763789100254544, 'lr': 0.2715862958761201, 'weight_increment': 0.1852507853053407, 'min_window': 9, 'max_window': 16, 'use_full_instance': False, 'max_partners': 5, 'homeostasis': 'mean', 'target': 0.91, 'spread': 0.095, 'learning_rate': 0.01}",ppo,300,64,0.01,,,,,,,
CountRecallMedium,filterbank+hag,3,416,4.836538461538462,-0.9242720200000002,0.04549666674141745,-0.9248205962151599,-0.9232092345679013,806.0,"{'decomposition': 'legendre', 'n_filters': 12, 'slowest': 0.029334592739296388, 'input_scaling': 0.049068279099124805, 'bias_dist': 'uniform', 'bias_scaling': 0.46763789100254544, 'lr': 0.2715862958761201, 'weight_increment': 0.1852507853053407, 'min_window': 9, 'max_window': 16, 'use_full_instance': False, 'max_partners': 5, 'homeostasis': 'mean', 'target': 0.91, 'spread': 0.095, 'learning_rate': 0.01}",ppo,300,64,0.01,,,,,,,
CountRecallMedium,filterbank+hag,6,416,4.920673076923077,-0.90330106,0.04732298416685491,-0.9072723571942816,-0.9184347530864199,778.0,"{'decomposition': 'legendre', 'n_filters': 12, 'slowest': 0.029334592739296388, 'input_scaling': 0.049068279099124805, 'bias_dist': 'uniform', 'bias_scaling': 0.46763789100254544, 'lr': 0.2715862958761201, 'weight_increment': 0.1852507853053407, 'min_window': 9, 'max_window': 16, 'use_full_instance': False, 'max_partners': 5, 'homeostasis': 'mean', 'target': 0.91, 'spread': 0.095, 'learning_rate': 0.01}",ppo,300,64,0.01,,,,,,,
CountRecallMedium,filterbank+proj,2,416,0.0,-0.87961176,0.04461801459480689,-0.91243277630361,-0.8830557613168725,735.0,"{'decomposition': 'legendre', 'n_filters': 12, 'slowest': 0.029334592739296388, 'input_scaling': 0.049068279099124805, 'bias_dist': 'uniform', 'bias_scaling': 0.46763789100254544, 'lr': 0.2715862958761201, 'weight_increment': 0.1852507853053407, 'min_window': 9, 'max_window': 16, 'use_full_instance': False, 'max_partners': 5, 'homeostasis': 'mean', 'target': 0.91, 'spread': 0.095, 'learning_rate': 0.0003}",ppo,300,64,0.0003,,,,,,,
CountRecallMedium,filterbank+hag,7,416,4.935096153846154,-0.94951476,0.028004355586629736,-0.9369028562172169,-0.9441249897119341,780.0,"{'decomposition': 'legendre', 'n_filters': 12, 'slowest': 0.029334592739296388, 'input_scaling': 0.049068279099124805, 'bias_dist': 'uniform', 'bias_scaling': 0.46763789100254544, 'lr': 0.2715862958761201, 'weight_increment': 0.1852507853053407, 'min_window': 9, 'max_window': 16, 'use_full_instance': False, 'max_partners': 5, 'homeostasis': 'mean', 'target': 0.91, 'spread': 0.095, 'learning_rate': 0.01}",ppo,300,64,0.01,,,,,,,
CountRecallMedium,filterbank+proj,1,416,0.0,-0.9036893800000001,0.03724112115062597,-0.9146634999485754,-0.8984978693415637,747.0,"{'decomposition': 'legendre', 'n_filters': 12, 'slowest': 0.029334592739296388, 'input_scaling': 0.049068279099124805, 'bias_dist': 'uniform', 'bias_scaling': 0.46763789100254544, 'lr': 0.2715862958761201, 'weight_increment': 0.1852507853053407, 'min_window': 9, 'max_window': 16, 'use_full_instance': False, 'max_partners': 5, 'homeostasis': 'mean', 'target': 0.91, 'spread': 0.095, 'learning_rate': 0.0003}",ppo,300,64,0.0003,,,,,,,
CountRecallMedium,filterbank+hag,9,416,4.896634615384615,-0.9335924200000001,0.03865785342208748,-0.9258810394939833,-0.9234889074074074,771.0,"{'decomposition': 'legendre', 'n_filters': 12, 'slowest': 0.029334592739296388, 'input_scaling': 0.049068279099124805, 'bias_dist': 'uniform', 'bias_scaling': 0.46763789100254544, 'lr': 0.2715862958761201, 'weight_increment': 0.1852507853053407, 'min_window': 9, 'max_window': 16, 'use_full_instance': False, 'max_partners': 5, 'homeostasis': 'mean', 'target': 0.91, 'spread': 0.095, 'learning_rate': 0.01}",ppo,300,64,0.01,,,,,,,
CountRecallMedium,filterbank+proj,0,416,0.0,-0.8838835800000001,0.04779858243843222,-0.9100382893139976,-0.8808183456790124,756.0,"{'decomposition': 'legendre', 'n_filters': 12, 'slowest': 0.029334592739296388, 'input_scaling': 0.049068279099124805, 'bias_dist': 'uniform', 'bias_scaling': 0.46763789100254544, 'lr': 0.2715862958761201, 'weight_increment': 0.1852507853053407, 'min_window': 9, 'max_window': 16, 'use_full_instance': False, 'max_partners': 5, 'homeostasis': 'mean', 'target': 0.91, 'spread': 0.095, 'learning_rate': 0.0003}",ppo,300,64,0.0003,,,,,,,
CountRecallMedium,filterbank+hag,8,416,4.877403846153846,-0.92776716,0.040922557742819554,-0.9233128120950322,-0.924507737654321,793.0,"{'decomposition': 'legendre', 'n_filters': 12, 'slowest': 0.029334592739296388, 'input_scaling': 0.049068279099124805, 'bias_dist': 'uniform', 'bias_scaling': 0.46763789100254544, 'lr': 0.2715862958761201, 'weight_increment': 0.1852507853053407, 'min_window': 9, 'max_window': 16, 'use_full_instance': False, 'max_partners': 5, 'homeostasis': 'mean', 'target': 0.91, 'spread': 0.095, 'learning_rate': 0.01}",ppo,300,64,0.01,,,,,,,
CountRecallMedium,filterbank+proj,3,416,0.0,-0.92271858,0.04063593514764488,-0.9245230341458398,-0.9244677942386832,766.0,"{'decomposition': 'legendre', 'n_filters': 12, 'slowest': 0.029334592739296388, 'input_scaling': 0.049068279099124805, 'bias_dist': 'uniform', 'bias_scaling': 0.46763789100254544, 'lr': 0.2715862958761201, 'weight_increment': 0.1852507853053407, 'min_window': 9, 'max_window': 16, 'use_full_instance': False, 'max_partners': 5, 'homeostasis': 'mean', 'target': 0.91, 'spread': 0.095, 'learning_rate': 0.0003}",ppo,300,64,0.0003,,,,,,,
CountRecallMedium,filterbank+proj,5,416,0.0,-0.9122332200000001,0.03543144388663268,-0.9149171320580067,-0.8991770699588477,747.0,"{'decomposition': 'legendre', 'n_filters': 12, 'slowest': 0.029334592739296388, 'input_scaling': 0.049068279099124805, 'bias_dist': 'uniform', 'bias_scaling': 0.46763789100254544, 'lr': 0.2715862958761201, 'weight_increment': 0.1852507853053407, 'min_window': 9, 'max_window': 16, 'use_full_instance': False, 'max_partners': 5, 'homeostasis': 'mean', 'target': 0.91, 'spread': 0.095, 'learning_rate': 0.0003}",ppo,300,64,0.0003,,,,,,,
CountRecallMedium,filterbank+proj,4,416,0.0,-0.9064078999999999,0.04030056916335054,-0.912686406356063,-0.9022535154320988,773.0,"{'decomposition': 'legendre', 'n_filters': 12, 'slowest': 0.029334592739296388, 'input_scaling': 0.049068279099124805, 'bias_dist': 'uniform', 'bias_scaling': 0.46763789100254544, 'lr': 0.2715862958761201, 'weight_increment': 0.1852507853053407, 'min_window': 9, 'max_window': 16, 'use_full_instance': False, 'max_partners': 5, 'homeostasis': 'mean', 'target': 0.91, 'spread': 0.095, 'learning_rate': 0.0003}",ppo,300,64,0.0003,,,,,,,
CountRecallMedium,filterbank+proj,9,416,0.0,-0.89436898,0.048993719614860855,-0.912820207754808,-0.9000360864197532,761.0,"{'decomposition': 'legendre', 'n_filters': 12, 'slowest': 0.029334592739296388, 'input_scaling': 0.049068279099124805, 'bias_dist': 'uniform', 'bias_scaling': 0.46763789100254544, 'lr': 0.2715862958761201, 'weight_increment': 0.1852507853053407, 'min_window': 9, 'max_window': 16, 'use_full_instance': False, 'max_partners': 5, 'homeostasis': 'mean', 'target': 0.91, 'spread': 0.095, 'learning_rate': 0.0003}",ppo,300,64,0.0003,,,,,,,
CountRecallMedium,filterbank+proj,8,416,0.0,-0.9180583999999999,0.037509445690918984,-0.916442893551373,-0.9087859372427983,786.0,"{'decomposition': 'legendre', 'n_filters': 12, 'slowest': 0.029334592739296388, 'input_scaling': 0.049068279099124805, 'bias_dist': 'uniform', 'bias_scaling': 0.46763789100254544, 'lr': 0.2715862958761201, 'weight_increment': 0.1852507853053407, 'min_window': 9, 'max_window': 16, 'use_full_instance': False, 'max_partners': 5, 'homeostasis': 'mean', 'target': 0.91, 'spread': 0.095, 'learning_rate': 0.0003}",ppo,300,64,0.0003,,,,,,,
CountRecallMedium,filterbank+proj,7,416,0.0,-0.9099030200000001,0.04123831828214629,-0.9142161597243649,-0.9059092757201644,800.0,"{'decomposition': 'legendre', 'n_filters': 12, 'slowest': 0.029334592739296388, 'input_scaling': 0.049068279099124805, 'bias_dist': 'uniform', 'bias_scaling': 0.46763789100254544, 'lr': 0.2715862958761201, 'weight_increment': 0.1852507853053407, 'min_window': 9, 'max_window': 16, 'use_full_instance': False, 'max_partners': 5, 'homeostasis': 'mean', 'target': 0.91, 'spread': 0.095, 'learning_rate': 0.0003}",ppo,300,64,0.0003,,,,,,,
CountRecallMedium,filterbank+proj,6,416,0.0,-0.8935923399999999,0.04516229841520912,-0.9151567801090197,-0.9012546604938272,814.0,"{'decomposition': 'legendre', 'n_filters': 12, 'slowest': 0.029334592739296388, 'input_scaling': 0.049068279099124805, 'bias_dist': 'uniform', 'bias_scaling': 0.46763789100254544, 'lr': 0.2715862958761201, 'weight_increment': 0.1852507853053407, 'min_window': 9, 'max_window': 16, 'use_full_instance': False, 'max_partners': 5, 'homeostasis': 'mean', 'target': 0.91, 'spread': 0.095, 'learning_rate': 0.0003}",ppo,300,64,0.0003,,,,,,,
CountRecallMedium,filterbank+proj,1,416,0.0,-0.9308739600000001,0.03687483177179797,-0.924395220096678,-0.9234090010288065,755.0,"{'decomposition': 'legendre', 'n_filters': 12, 'slowest': 0.029334592739296388, 'input_scaling': 0.049068279099124805, 'bias_dist': 'uniform', 'bias_scaling': 0.46763789100254544, 'lr': 0.2715862958761201, 'weight_increment': 0.1852507853053407, 'min_window': 9, 'max_window': 16, 'use_full_instance': False, 'max_partners': 5, 'homeostasis': 'mean', 'target': 0.91, 'spread': 0.095, 'learning_rate': 0.001}",ppo,300,64,0.001,,,,,,,
CountRecallMedium,filterbank+proj,0,416,0.0,-0.8885438199999999,0.04753283424189642,-0.9106773531831739,-0.8925447685185185,784.0,"{'decomposition': 'legendre', 'n_filters': 12, 'slowest': 0.029334592739296388, 'input_scaling': 0.049068279099124805, 'bias_dist': 'uniform', 'bias_scaling': 0.46763789100254544, 'lr': 0.2715862958761201, 'weight_increment': 0.1852507853053407, 'min_window': 9, 'max_window': 16, 'use_full_instance': False, 'max_partners': 5, 'homeostasis': 'mean', 'target': 0.91, 'spread': 0.095, 'learning_rate': 0.001}",ppo,300,64,0.001,,,,,,,
CountRecallMedium,filterbank+proj,4,416,0.0,-0.9200001600000002,0.03263990618023282,-0.924752694024478,-0.9231093384773663,766.0,"{'decomposition': 'legendre', 'n_filters': 12, 'slowest': 0.029334592739296388, 'input_scaling': 0.049068279099124805, 'bias_dist': 'uniform', 'bias_scaling': 0.46763789100254544, 'lr': 0.2715862958761201, 'weight_increment': 0.1852507853053407, 'min_window': 9, 'max_window': 16, 'use_full_instance': False, 'max_partners': 5, 'homeostasis': 'mean', 'target': 0.91, 'spread': 0.095, 'learning_rate': 0.001}",ppo,300,64,0.001,,,,,,,
CountRecallMedium,filterbank+proj,3,416,0.0,-0.8916506000000001,0.04463320224496559,-0.9147513778669134,-0.9028927839506172,780.0,"{'decomposition': 'legendre', 'n_filters': 12, 'slowest': 0.029334592739296388, 'input_scaling': 0.049068279099124805, 'bias_dist': 'uniform', 'bias_scaling': 0.46763789100254544, 'lr': 0.2715862958761201, 'weight_increment': 0.1852507853053407, 'min_window': 9, 'max_window': 16, 'use_full_instance': False, 'max_partners': 5, 'homeostasis': 'mean', 'target': 0.91, 'spread': 0.095, 'learning_rate': 0.001}",ppo,300,64,0.001,,,,,,,
CountRecallMedium,filterbank+proj,6,416,0.0,-0.8998059199999999,0.042427985426055775,-0.9105335627892626,-0.8950818302469135,761.0,"{'decomposition': 'legendre', 'n_filters': 12, 'slowest': 0.029334592739296388, 'input_scaling': 0.049068279099124805, 'bias_dist': 'uniform', 'bias_scaling': 0.46763789100254544, 'lr': 0.2715862958761201, 'weight_increment': 0.1852507853053407, 'min_window': 9, 'max_window': 16, 'use_full_instance': False, 'max_partners': 5, 'homeostasis': 'mean', 'target': 0.91, 'spread': 0.095, 'learning_rate': 0.001}",ppo,300,64,0.001,,,,,,,
CountRecallMedium,filterbank+proj,5,416,0.0,-0.9102914,0.048018900291864265,-0.9117178297850458,-0.9087060329218106,789.0,"{'decomposition': 'legendre', 'n_filters': 12, 'slowest': 0.029334592739296388, 'input_scaling': 0.049068279099124805, 'bias_dist': 'uniform', 'bias_scaling': 0.46763789100254544, 'lr': 0.2715862958761201, 'weight_increment': 0.1852507853053407, 'min_window': 9, 'max_window': 16, 'use_full_instance': False, 'max_partners': 5, 'homeostasis': 'mean', 'target': 0.91, 'spread': 0.095, 'learning_rate': 0.001}",ppo,300,64,0.001,,,,,,,
CountRecallMedium,filterbank+proj,2,416,0.0,-0.8869904200000001,0.044734499323045976,-0.9080272435462307,-0.885712677983539,801.0,"{'decomposition': 'legendre', 'n_filters': 12, 'slowest': 0.029334592739296388, 'input_scaling': 0.049068279099124805, 'bias_dist': 'uniform', 'bias_scaling': 0.46763789100254544, 'lr': 0.2715862958761201, 'weight_increment': 0.1852507853053407, 'min_window': 9, 'max_window': 16, 'use_full_instance': False, 'max_partners': 5, 'homeostasis': 'mean', 'target': 0.91, 'spread': 0.095, 'learning_rate': 0.001}",ppo,300,64,0.001,,,,,,,
CountRecallMedium,filterbank+proj,8,416,0.0,-0.9005826,0.04300705181990507,-0.9095789660598581,-0.8962604557613167,770.0,"{'decomposition': 'legendre', 'n_filters': 12, 'slowest': 0.029334592739296388, 'input_scaling': 0.049068279099124805, 'bias_dist': 'uniform', 'bias_scaling': 0.46763789100254544, 'lr': 0.2715862958761201, 'weight_increment': 0.1852507853053407, 'min_window': 9, 'max_window': 16, 'use_full_instance': False, 'max_partners': 5, 'homeostasis': 'mean', 'target': 0.91, 'spread': 0.095, 'learning_rate': 0.001}",ppo,300,64,0.001,,,,,,,
CountRecallMedium,filterbank+proj,9,416,0.0,-0.89087388,0.039200274202938944,-0.9026511357605678,-0.8864318508230452,772.0,"{'decomposition': 'legendre', 'n_filters': 12, 'slowest': 0.029334592739296388, 'input_scaling': 0.049068279099124805, 'bias_dist': 'uniform', 'bias_scaling': 0.46763789100254544, 'lr': 0.2715862958761201, 'weight_increment': 0.1852507853053407, 'min_window': 9, 'max_window': 16, 'use_full_instance': False, 'max_partners': 5, 'homeostasis': 'mean', 'target': 0.91, 'spread': 0.095, 'learning_rate': 0.001}",ppo,300,64,0.001,,,,,,,
CountRecallMedium,filterbank+proj,5,416,0.0,-0.9056312000000001,0.04595181793531134,-0.9247886448626966,-0.924867329218107,747.0,"{'decomposition': 'legendre', 'n_filters': 12, 'slowest': 0.029334592739296388, 'input_scaling': 0.049068279099124805, 'bias_dist': 'uniform', 'bias_scaling': 0.46763789100254544, 'lr': 0.2715862958761201, 'weight_increment': 0.1852507853053407, 'min_window': 9, 'max_window': 16, 'use_full_instance': False, 'max_partners': 5, 'homeostasis': 'mean', 'target': 0.91, 'spread': 0.095, 'learning_rate': 0.003}",ppo,300,64,0.003,,,,,,,
CountRecallMedium,filterbank+proj,0,416,0.0,-0.9153399200000001,0.05543487182409284,-0.9241515739997943,-0.9235488292181069,790.0,"{'decomposition': 'legendre', 'n_filters': 12, 'slowest': 0.029334592739296388, 'input_scaling': 0.049068279099124805, 'bias_dist': 'uniform', 'bias_scaling': 0.46763789100254544, 'lr': 0.2715862958761201, 'weight_increment': 0.1852507853053407, 'min_window': 9, 'max_window': 16, 'use_full_instance': False, 'max_partners': 5, 'homeostasis': 'mean', 'target': 0.91, 'spread': 0.095, 'learning_rate': 0.003}",ppo,300,64,0.003,,,,,,,
CountRecallMedium,filterbank+proj,8,416,0.0,-0.91922344,0.049331127151996036,-0.9239239144297028,-0.9228896131687243,740.0,"{'decomposition': 'legendre', 'n_filters': 12, 'slowest': 0.029334592739296388, 'input_scaling': 0.049068279099124805, 'bias_dist': 'uniform', 'bias_scaling': 0.46763789100254544, 'lr': 0.2715862958761201, 'weight_increment': 0.1852507853053407, 'min_window': 9, 'max_window': 16, 'use_full_instance': False, 'max_partners': 5, 'homeostasis': 'mean', 'target': 0.91, 'spread': 0.095, 'learning_rate': 0.003}",ppo,300,64,0.003,,,,,,,
CountRecallMedium,filterbank+proj,7,416,0.0,-0.8986409000000001,0.04346913080439959,-0.9108351259899209,-0.8966799763374484,814.0,"{'decomposition': 'legendre', 'n_filters': 12, 'slowest': 0.029334592739296388, 'input_scaling': 0.049068279099124805, 'bias_dist': 'uniform', 'bias_scaling': 0.46763789100254544, 'lr': 0.2715862958761201, 'weight_increment': 0.1852507853053407, 'min_window': 9, 'max_window': 16, 'use_full_instance': False, 'max_partners': 5, 'homeostasis': 'mean', 'target': 0.91, 'spread': 0.095, 'learning_rate': 0.001}",ppo,300,64,0.001,,,,,,,
CountRecallMedium,filterbank+proj,3,416,0.0,-0.9285439000000001,0.04435354927049245,-0.9248325745140389,-0.9234090061728394,769.0,"{'decomposition': 'legendre', 'n_filters': 12, 'slowest': 0.029334592739296388, 'input_scaling': 0.049068279099124805, 'bias_dist': 'uniform', 'bias_scaling': 0.46763789100254544, 'lr': 0.2715862958761201, 'weight_increment': 0.1852507853053407, 'min_window': 9, 'max_window': 16, 'use_full_instance': False, 'max_partners': 5, 'homeostasis': 'mean', 'target': 0.91, 'spread': 0.095, 'learning_rate': 0.003}",ppo,300,64,0.003,,,,,,,
CountRecallMedium,filterbank+proj,6,416,0.0,-0.9254370599999998,0.03732205118072158,-0.9249224459528953,-0.9243878693415638,765.0,"{'decomposition': 'legendre', 'n_filters': 12, 'slowest': 0.029334592739296388, 'input_scaling': 0.049068279099124805, 'bias_dist': 'uniform', 'bias_scaling': 0.46763789100254544, 'lr': 0.2715862958761201, 'weight_increment': 0.1852507853053407, 'min_window': 9, 'max_window': 16, 'use_full_instance': False, 'max_partners': 5, 'homeostasis': 'mean', 'target': 0.91, 'spread': 0.095, 'learning_rate': 0.003}",ppo,300,64,0.003,,,,,,,
CountRecallMedium,filterbank+proj,1,416,0.0,-0.9215535800000001,0.04880862325576907,-0.9252000389797387,-0.9241681316872428,801.0,"{'decomposition': 'legendre', 'n_filters': 12, 'slowest': 0.029334592739296388, 'input_scaling': 0.049068279099124805, 'bias_dist': 'uniform', 'bias_scaling': 0.46763789100254544, 'lr': 0.2715862958761201, 'weight_increment': 0.1852507853053407, 'min_window': 9, 'max_window': 16, 'use_full_instance': False, 'max_partners': 5, 'homeostasis': 'mean', 'target': 0.91, 'spread': 0.095, 'learning_rate': 0.003}",ppo,300,64,0.003,,,,,,,
CountRecallMedium,filterbank+proj,2,416,0.0,-0.9200001400000001,0.05596017432603656,-0.9241196235729713,-0.9263455956790123,801.0,"{'decomposition': 'legendre', 'n_filters': 12, 'slowest': 0.029334592739296388, 'input_scaling': 0.049068279099124805, 'bias_dist': 'uniform', 'bias_scaling': 0.46763789100254544, 'lr': 0.2715862958761201, 'weight_increment': 0.1852507853053407, 'min_window': 9, 'max_window': 16, 'use_full_instance': False, 'max_partners': 5, 'homeostasis': 'mean', 'target': 0.91, 'spread': 0.095, 'learning_rate': 0.003}",ppo,300,64,0.003,,,,,,,
CountRecallMedium,filterbank+proj,7,416,0.0,-0.9269904999999998,0.033757392965837886,-0.9244551376118482,-0.923768586419753,786.0,"{'decomposition': 'legendre', 'n_filters': 12, 'slowest': 0.029334592739296388, 'input_scaling': 0.049068279099124805, 'bias_dist': 'uniform', 'bias_scaling': 0.46763789100254544, 'lr': 0.2715862958761201, 'weight_increment': 0.1852507853053407, 'min_window': 9, 'max_window': 16, 'use_full_instance': False, 'max_partners': 5, 'homeostasis': 'mean', 'target': 0.91, 'spread': 0.095, 'learning_rate': 0.003}",ppo,300,64,0.003,,,,,,,
CountRecallMedium,filterbank+proj,4,416,0.0,-0.9363108800000001,0.03364109762872788,-0.9250462646302581,-0.9240882037037036,790.0,"{'decomposition': 'legendre', 'n_filters': 12, 'slowest': 0.029334592739296388, 'input_scaling': 0.049068279099124805, 'bias_dist': 'uniform', 'bias_scaling': 0.46763789100254544, 'lr': 0.2715862958761201, 'weight_increment': 0.1852507853053407, 'min_window': 9, 'max_window': 16, 'use_full_instance': False, 'max_partners': 5, 'homeostasis': 'mean', 'target': 0.91, 'spread': 0.095, 'learning_rate': 0.003}",ppo,300,64,0.003,,,,,,,
CountRecallMedium,filterbank+proj,9,416,0.0,-0.9238836,0.03919064552466571,-0.9239558622853028,-0.9243878652263374,781.0,"{'decomposition': 'legendre', 'n_filters': 12, 'slowest': 0.029334592739296388, 'input_scaling': 0.049068279099124805, 'bias_dist': 'uniform', 'bias_scaling': 0.46763789100254544, 'lr': 0.2715862958761201, 'weight_increment': 0.1852507853053407, 'min_window': 9, 'max_window': 16, 'use_full_instance': False, 'max_partners': 5, 'homeostasis': 'mean', 'target': 0.91, 'spread': 0.095, 'learning_rate': 0.003}",ppo,300,64,0.003,,,,,,,
CountRecallMedium,filterbank+proj,1,416,0.0,-0.94485456,0.030420511851157274,-0.9427303056669752,-0.9440650617283951,807.0,"{'decomposition': 'legendre', 'n_filters': 12, 'slowest': 0.029334592739296388, 'input_scaling': 0.049068279099124805, 'bias_dist': 'uniform', 'bias_scaling': 0.46763789100254544, 'lr': 0.2715862958761201, 'weight_increment': 0.1852507853053407, 'min_window': 9, 'max_window': 16, 'use_full_instance': False, 'max_partners': 5, 'homeostasis': 'mean', 'target': 0.91, 'spread': 0.095, 'learning_rate': 0.01}",ppo,300,64,0.01,,,,,,,
CountRecallMedium,filterbank+proj,0,416,0.0,-0.9223302000000001,0.03844470879015733,-0.9250302938393499,-0.9226498888888889,811.0,"{'decomposition': 'legendre', 'n_filters': 12, 'slowest': 0.029334592739296388, 'input_scaling': 0.049068279099124805, 'bias_dist': 'uniform', 'bias_scaling': 0.46763789100254544, 'lr': 0.2715862958761201, 'weight_increment': 0.1852507853053407, 'min_window': 9, 'max_window': 16, 'use_full_instance': False, 'max_partners': 5, 'homeostasis': 'mean', 'target': 0.91, 'spread': 0.095, 'learning_rate': 0.01}",ppo,300,64,0.01,,,,,,,
CountRecallMedium,filterbank+proj,2,416,0.0,-0.9211651999999999,0.03891452283094322,-0.9244591273269566,-0.9245476841563784,819.0,"{'decomposition': 'legendre', 'n_filters': 12, 'slowest': 0.029334592739296388, 'input_scaling': 0.049068279099124805, 'bias_dist': 'uniform', 'bias_scaling': 0.46763789100254544, 'lr': 0.2715862958761201, 'weight_increment': 0.1852507853053407, 'min_window': 9, 'max_window': 16, 'use_full_instance': False, 'max_partners': 5, 'homeostasis': 'mean', 'target': 0.91, 'spread': 0.095, 'learning_rate': 0.01}",ppo,300,64,0.01,,,,,,,
CountRecallMedium,filterbank+proj,3,416,0.0,-0.9215534999999998,0.03804240892806343,-0.9246168933456751,-0.9250071491769547,810.0,"{'decomposition': 'legendre', 'n_filters': 12, 'slowest': 0.029334592739296388, 'input_scaling': 0.049068279099124805, 'bias_dist': 'uniform', 'bias_scaling': 0.46763789100254544, 'lr': 0.2715862958761201, 'weight_increment': 0.1852507853053407, 'min_window': 9, 'max_window': 16, 'use_full_instance': False, 'max_partners': 5, 'homeostasis': 'mean', 'target': 0.91, 'spread': 0.095, 'learning_rate': 0.01}",ppo,300,64,0.01,,,,,,,
CountRecallMedium,filterbank+proj,4,416,0.0,-0.9269904999999998,0.043861164866542256,-0.9242793888717475,-0.9232691738683128,834.0,"{'decomposition': 'legendre', 'n_filters': 12, 'slowest': 0.029334592739296388, 'input_scaling': 0.049068279099124805, 'bias_dist': 'uniform', 'bias_scaling': 0.46763789100254544, 'lr': 0.2715862958761201, 'weight_increment': 0.1852507853053407, 'min_window': 9, 'max_window': 16, 'use_full_instance': False, 'max_partners': 5, 'homeostasis': 'mean', 'target': 0.91, 'spread': 0.095, 'learning_rate': 0.01}",ppo,300,64,0.01,,,,,,,
CountRecallMedium,filterbank+proj,5,416,0.0,-0.9161166399999999,0.03793928063143001,-0.9242614209606089,-0.9242680102880658,803.0,"{'decomposition': 'legendre', 'n_filters': 12, 'slowest': 0.029334592739296388, 'input_scaling': 0.049068279099124805, 'bias_dist': 'uniform', 'bias_scaling': 0.46763789100254544, 'lr': 0.2715862958761201, 'weight_increment': 0.1852507853053407, 'min_window': 9, 'max_window': 16, 'use_full_instance': False, 'max_partners': 5, 'homeostasis': 'mean', 'target': 0.91, 'spread': 0.095, 'learning_rate': 0.01}",ppo,300,64,0.01,,,,,,,
CountRecallMedium,filterbank+proj,6,416,0.0,-0.92854388,0.03417476045542384,-0.9240277587164456,-0.9226898323045267,777.0,"{'decomposition': 'legendre', 'n_filters': 12, 'slowest': 0.029334592739296388, 'input_scaling': 0.049068279099124805, 'bias_dist': 'uniform', 'bias_scaling': 0.46763789100254544, 'lr': 0.2715862958761201, 'weight_increment': 0.1852507853053407, 'min_window': 9, 'max_window': 16, 'use_full_instance': False, 'max_partners': 5, 'homeostasis': 'mean', 'target': 0.91, 'spread': 0.095, 'learning_rate': 0.01}",ppo,300,64,0.01,,,,,,,
CountRecallMedium,filterbank+esn,1,416,38.50961538461539,-0.64271846,0.11335544536531272,-0.7241032632932223,-0.6708617788065843,629.0,"{'decomposition': 'legendre', 'n_filters': 12, 'slowest': 0.0056263882716246225, 'input_scaling': 0.06344812061556386, 'bias_dist': 'foldnorm', 'bias_scaling': 0.24743237591527745, 'lr': 0.7604293811879814, 'sr': 1.3687477885807093, 'rc_connectivity': 0.0925705874783593, 'learning_rate': 0.0003}",ppo,300,linear,0.0003,,,,,,,
CountRecallMedium,filterbank+proj,7,416,0.0,-0.92116522,0.04417811368779342,-0.9243592683328191,-0.9244078302469135,815.0,"{'decomposition': 'legendre', 'n_filters': 12, 'slowest': 0.029334592739296388, 'input_scaling': 0.049068279099124805, 'bias_dist': 'uniform', 'bias_scaling': 0.46763789100254544, 'lr': 0.2715862958761201, 'weight_increment': 0.1852507853053407, 'min_window': 9, 'max_window': 16, 'use_full_instance': False, 'max_partners': 5, 'homeostasis': 'mean', 'target': 0.91, 'spread': 0.095, 'learning_rate': 0.01}",ppo,300,64,0.01,,,,,,,
CountRecallMedium,filterbank+esn,2,416,38.50961538461539,-0.51883492,0.11984153264521277,-0.6426489284171552,-0.5674817129629629,621.0,"{'decomposition': 'legendre', 'n_filters': 12, 'slowest': 0.0056263882716246225, 'input_scaling': 0.06344812061556386, 'bias_dist': 'foldnorm', 'bias_scaling': 0.24743237591527745, 'lr': 0.7604293811879814, 'sr': 1.3687477885807093, 'rc_connectivity': 0.0925705874783593, 'learning_rate': 0.0003}",ppo,300,linear,0.0003,,,,,,,
CountRecallMedium,filterbank+esn,3,416,38.50961538461539,-0.5335922200000001,0.13382513142205987,-0.5982781246528849,-0.5493427510288067,620.0,"{'decomposition': 'legendre', 'n_filters': 12, 'slowest': 0.0056263882716246225, 'input_scaling': 0.06344812061556386, 'bias_dist': 'foldnorm', 'bias_scaling': 0.24743237591527745, 'lr': 0.7604293811879814, 'sr': 1.3687477885807093, 'rc_connectivity': 0.0925705874783593, 'learning_rate': 0.0003}",ppo,300,linear,0.0003,,,,,,,
CountRecallMedium,filterbank+esn,5,416,38.50961538461539,-0.5405825200000001,0.11524306051736738,-0.6036881703178031,-0.5569539248971194,614.0,"{'decomposition': 'legendre', 'n_filters': 12, 'slowest': 0.0056263882716246225, 'input_scaling': 0.06344812061556386, 'bias_dist': 'foldnorm', 'bias_scaling': 0.24743237591527745, 'lr': 0.7604293811879814, 'sr': 1.3687477885807093, 'rc_connectivity': 0.0925705874783593, 'learning_rate': 0.0003}",ppo,300,linear,0.0003,,,,,,,
CountRecallMedium,filterbank+esn,0,416,38.50961538461539,-0.6194174399999999,0.0971649319228208,-0.7028864307312558,-0.6519037644032921,695.0,"{'decomposition': 'legendre', 'n_filters': 12, 'slowest': 0.0056263882716246225, 'input_scaling': 0.06344812061556386, 'bias_dist': 'foldnorm', 'bias_scaling': 0.24743237591527745, 'lr': 0.7604293811879814, 'sr': 1.3687477885807093, 'rc_connectivity': 0.0925705874783593, 'learning_rate': 0.0003}",ppo,300,linear,0.0003,,,,,,,
CountRecallMedium,filterbank+esn,6,416,38.50961538461539,-0.5409708200000001,0.11459656232691974,-0.6136914736192532,-0.557912804526749,624.0,"{'decomposition': 'legendre', 'n_filters': 12, 'slowest': 0.0056263882716246225, 'input_scaling': 0.06344812061556386, 'bias_dist': 'foldnorm', 'bias_scaling': 0.24743237591527745, 'lr': 0.7604293811879814, 'sr': 1.3687477885807093, 'rc_connectivity': 0.0925705874783593, 'learning_rate': 0.0003}",ppo,300,linear,0.0003,,,,,,,
CountRecallMedium,filterbank+esn,9,416,38.50961538461539,-0.50834946,0.1248433464790511,-0.5848578391442971,-0.5303248220164609,620.0,"{'decomposition': 'legendre', 'n_filters': 12, 'slowest': 0.0056263882716246225, 'input_scaling': 0.06344812061556386, 'bias_dist': 'foldnorm', 'bias_scaling': 0.24743237591527745, 'lr': 0.7604293811879814, 'sr': 1.3687477885807093, 'rc_connectivity': 0.0925705874783593, 'learning_rate': 0.0003}",ppo,300,linear,0.0003,,,,,,,
CountRecallMedium,filterbank+esn,4,416,38.50961538461539,-0.5429126,0.11658306393057269,-0.6093898015015942,-0.5631267644032921,651.0,"{'decomposition': 'legendre', 'n_filters': 12, 'slowest': 0.0056263882716246225, 'input_scaling': 0.06344812061556386, 'bias_dist': 'foldnorm', 'bias_scaling': 0.24743237591527745, 'lr': 0.7604293811879814, 'sr': 1.3687477885807093, 'rc_connectivity': 0.0925705874783593, 'learning_rate': 0.0003}",ppo,300,linear,0.0003,,,,,,,
CountRecallMedium,filterbank+esn,7,416,38.50961538461539,-0.5394175,0.10267705150855277,-0.5983919558778155,-0.558572054526749,644.0,"{'decomposition': 'legendre', 'n_filters': 12, 'slowest': 0.0056263882716246225, 'input_scaling': 0.06344812061556386, 'bias_dist': 'foldnorm', 'bias_scaling': 0.24743237591527745, 'lr': 0.7604293811879814, 'sr': 1.3687477885807093, 'rc_connectivity': 0.0925705874783593, 'learning_rate': 0.0003}",ppo,300,linear,0.0003,,,,,,,
CountRecallMedium,filterbank+proj,8,416,0.0,-0.9223302200000001,0.03824804942754076,-0.9244890828962254,-0.9249072664609054,805.0,"{'decomposition': 'legendre', 'n_filters': 12, 'slowest': 0.029334592739296388, 'input_scaling': 0.049068279099124805, 'bias_dist': 'uniform', 'bias_scaling': 0.46763789100254544, 'lr': 0.2715862958761201, 'weight_increment': 0.1852507853053407, 'min_window': 9, 'max_window': 16, 'use_full_instance': False, 'max_partners': 5, 'homeostasis': 'mean', 'target': 0.91, 'spread': 0.095, 'learning_rate': 0.01}",ppo,300,64,0.01,,,,,,,
CountRecallMedium,filterbank+esn,3,416,38.50961538461539,-0.56932038,0.1127344049404422,-0.6234511352463232,-0.5804866275720164,621.0,"{'decomposition': 'legendre', 'n_filters': 12, 'slowest': 0.0056263882716246225, 'input_scaling': 0.06344812061556386, 'bias_dist': 'foldnorm', 'bias_scaling': 0.24743237591527745, 'lr': 0.7604293811879814, 'sr': 1.3687477885807093, 'rc_connectivity': 0.0925705874783593, 'learning_rate': 0.001}",ppo,300,linear,0.001,,,,,,,
CountRecallMedium,filterbank+esn,0,416,38.50961538461539,-0.63650482,0.12126457309646375,-0.7051650717885426,-0.650944859053498,643.0,"{'decomposition': 'legendre', 'n_filters': 12, 'slowest': 0.0056263882716246225, 'input_scaling': 0.06344812061556386, 'bias_dist': 'foldnorm', 'bias_scaling': 0.24743237591527745, 'lr': 0.7604293811879814, 'sr': 1.3687477885807093, 'rc_connectivity': 0.0925705874783593, 'learning_rate': 0.001}",ppo,300,linear,0.001,,,,,,,
CountRecallMedium,filterbank+esn,1,416,38.50961538461539,-0.6796115999999999,0.0892570432203532,-0.7600384724879153,-0.7116544187242798,634.0,"{'decomposition': 'legendre', 'n_filters': 12, 'slowest': 0.0056263882716246225, 'input_scaling': 0.06344812061556386, 'bias_dist': 'foldnorm', 'bias_scaling': 0.24743237591527745, 'lr': 0.7604293811879814, 'sr': 1.3687477885807093, 'rc_connectivity': 0.0925705874783593, 'learning_rate': 0.001}",ppo,300,linear,0.001,,,,,,,
CountRecallMedium,filterbank+esn,8,416,38.50961538461539,-0.54291262,0.1131696421505149,-0.6003251140594468,-0.5451276512345679,667.0,"{'decomposition': 'legendre', 'n_filters': 12, 'slowest': 0.0056263882716246225, 'input_scaling': 0.06344812061556386, 'bias_dist': 'foldnorm', 'bias_scaling': 0.24743237591527745, 'lr': 0.7604293811879814, 'sr': 1.3687477885807093, 'rc_connectivity': 0.0925705874783593, 'learning_rate': 0.0003}",ppo,300,linear,0.0003,,,,,,,
CountRecallMedium,filterbank+proj,9,416,0.0,-0.9234953199999998,0.04810058303448723,-0.924610897356783,-0.9239683487654321,779.0,"{'decomposition': 'legendre', 'n_filters': 12, 'slowest': 0.029334592739296388, 'input_scaling': 0.049068279099124805, 'bias_dist': 'uniform', 'bias_scaling': 0.46763789100254544, 'lr': 0.2715862958761201, 'weight_increment': 0.1852507853053407, 'min_window': 9, 'max_window': 16, 'use_full_instance': False, 'max_partners': 5, 'homeostasis': 'mean', 'target': 0.91, 'spread': 0.095, 'learning_rate': 0.01}",ppo,300,64,0.01,,,,,,,
CountRecallMedium,filterbank+esn,4,416,38.50961538461539,-0.5996116600000001,0.10354362577495729,-0.667482429291371,-0.6182028641975309,622.0,"{'decomposition': 'legendre', 'n_filters': 12, 'slowest': 0.0056263882716246225, 'input_scaling': 0.06344812061556386, 'bias_dist': 'foldnorm', 'bias_scaling': 0.24743237591527745, 'lr': 0.7604293811879814, 'sr': 1.3687477885807093, 'rc_connectivity': 0.0925705874783593, 'learning_rate': 0.001}",ppo,300,linear,0.001,,,,,,,
CountRecallMedium,filterbank+esn,2,416,38.50961538461539,-0.54330092,0.12380003101192505,-0.6446759413761184,-0.5824843096707819,661.0,"{'decomposition': 'legendre', 'n_filters': 12, 'slowest': 0.0056263882716246225, 'input_scaling': 0.06344812061556386, 'bias_dist': 'foldnorm', 'bias_scaling': 0.24743237591527745, 'lr': 0.7604293811879814, 'sr': 1.3687477885807093, 'rc_connectivity': 0.0925705874783593, 'learning_rate': 0.001}",ppo,300,linear,0.001,,,,,,,
CountRecallMedium,filterbank+esn,6,416,38.50961538461539,-0.55766992,0.12220920735424808,-0.6417622183482464,-0.5862199598765432,627.0,"{'decomposition': 'legendre', 'n_filters': 12, 'slowest': 0.0056263882716246225, 'input_scaling': 0.06344812061556386, 'bias_dist': 'foldnorm', 'bias_scaling': 0.24743237591527745, 'lr': 0.7604293811879814, 'sr': 1.3687477885807093, 'rc_connectivity': 0.0925705874783593, 'learning_rate': 0.001}",ppo,300,linear,0.001,,,,,,,
CountRecallMedium,filterbank+esn,5,416,38.50961538461539,-0.57941744,0.10257199329098758,-0.6389104176694436,-0.5910743456790123,643.0,"{'decomposition': 'legendre', 'n_filters': 12, 'slowest': 0.0056263882716246225, 'input_scaling': 0.06344812061556386, 'bias_dist': 'foldnorm', 'bias_scaling': 0.24743237591527745, 'lr': 0.7604293811879814, 'sr': 1.3687477885807093, 'rc_connectivity': 0.0925705874783593, 'learning_rate': 0.001}",ppo,300,linear,0.001,,,,,,,
CountRecallMedium,filterbank+esn,8,416,38.50961538461539,-0.5739806199999999,0.07991028825248724,-0.6272874876067057,-0.5712772860082305,621.0,"{'decomposition': 'legendre', 'n_filters': 12, 'slowest': 0.0056263882716246225, 'input_scaling': 0.06344812061556386, 'bias_dist': 'foldnorm', 'bias_scaling': 0.24743237591527745, 'lr': 0.7604293811879814, 'sr': 1.3687477885807093, 'rc_connectivity': 0.0925705874783593, 'learning_rate': 0.001}",ppo,300,linear,0.001,,,,,,,
CountRecallMedium,filterbank+esn,0,416,38.50961538461539,-0.82718448,0.04869881712905971,-0.8645790151187904,-0.8275201162551441,617.0,"{'decomposition': 'legendre', 'n_filters': 12, 'slowest': 0.0056263882716246225, 'input_scaling': 0.06344812061556386, 'bias_dist': 'foldnorm', 'bias_scaling': 0.24743237591527745, 'lr': 0.7604293811879814, 'sr': 1.3687477885807093, 'rc_connectivity': 0.0925705874783593, 'learning_rate': 0.003}",ppo,300,linear,0.003,,,,,,,
CountRecallMedium,filterbank+esn,1,416,38.50961538461539,-0.7619416800000001,0.06588346965223978,-0.829865958860434,-0.7917615411522634,621.0,"{'decomposition': 'legendre', 'n_filters': 12, 'slowest': 0.0056263882716246225, 'input_scaling': 0.06344812061556386, 'bias_dist': 'foldnorm', 'bias_scaling': 0.24743237591527745, 'lr': 0.7604293811879814, 'sr': 1.3687477885807093, 'rc_connectivity': 0.0925705874783593, 'learning_rate': 0.003}",ppo,300,linear,0.003,,,,,,,
CountRecallMedium,filterbank+esn,9,416,38.50961538461539,-0.5479611999999999,0.09747796920063528,-0.6181369363365217,-0.5796475833333333,657.0,"{'decomposition': 'legendre', 'n_filters': 12, 'slowest': 0.0056263882716246225, 'input_scaling': 0.06344812061556386, 'bias_dist': 'foldnorm', 'bias_scaling': 0.24743237591527745, 'lr': 0.7604293811879814, 'sr': 1.3687477885807093, 'rc_connectivity': 0.0925705874783593, 'learning_rate': 0.001}",ppo,300,linear,0.001,,,,,,,
CountRecallMedium,filterbank+esn,7,416,38.50961538461539,-0.6120388400000001,0.11325494987988119,-0.6656531053172888,-0.6312477098765432,681.0,"{'decomposition': 'legendre', 'n_filters': 12, 'slowest': 0.0056263882716246225, 'input_scaling': 0.06344812061556386, 'bias_dist': 'foldnorm', 'bias_scaling': 0.24743237591527745, 'lr': 0.7604293811879814, 'sr': 1.3687477885807093, 'rc_connectivity': 0.0925705874783593, 'learning_rate': 0.001}",ppo,300,linear,0.001,,,,,,,
CountRecallMedium,filterbank+esn,2,416,38.50961538461539,-0.75262136,0.07618094191325281,-0.7516567764064589,-0.7045027006172839,662.0,"{'decomposition': 'legendre', 'n_filters': 12, 'slowest': 0.0056263882716246225, 'input_scaling': 0.06344812061556386, 'bias_dist': 'foldnorm', 'bias_scaling': 0.24743237591527745, 'lr': 0.7604293811879814, 'sr': 1.3687477885807093, 'rc_connectivity': 0.0925705874783593, 'learning_rate': 0.003}",ppo,300,linear,0.003,,,,,,,
CountRecallMedium,filterbank+esn,3,416,38.50961538461539,-0.60504854,0.10374162574978475,-0.6846851542733724,-0.616724554526749,658.0,"{'decomposition': 'legendre', 'n_filters': 12, 'slowest': 0.0056263882716246225, 'input_scaling': 0.06344812061556386, 'bias_dist': 'foldnorm', 'bias_scaling': 0.24743237591527745, 'lr': 0.7604293811879814, 'sr': 1.3687477885807093, 'rc_connectivity': 0.0925705874783593, 'learning_rate': 0.003}",ppo,300,linear,0.003,,,,,,,
CountRecallMedium,filterbank+esn,4,416,38.50961538461539,-0.7813592600000001,0.07488310491447585,-0.8041776715005657,-0.782192633744856,666.0,"{'decomposition': 'legendre', 'n_filters': 12, 'slowest': 0.0056263882716246225, 'input_scaling': 0.06344812061556386, 'bias_dist': 'foldnorm', 'bias_scaling': 0.24743237591527745, 'lr': 0.7604293811879814, 'sr': 1.3687477885807093, 'rc_connectivity': 0.0925705874783593, 'learning_rate': 0.003}",ppo,300,linear,0.003,,,,,,,
CountRecallMedium,filterbank+esn,5,416,38.50961538461539,-0.74213588,0.07389265059277275,-0.7749925173300422,-0.7322305596707819,659.0,"{'decomposition': 'legendre', 'n_filters': 12, 'slowest': 0.0056263882716246225, 'input_scaling': 0.06344812061556386, 'bias_dist': 'foldnorm', 'bias_scaling': 0.24743237591527745, 'lr': 0.7604293811879814, 'sr': 1.3687477885807093, 'rc_connectivity': 0.0925705874783593, 'learning_rate': 0.003}",ppo,300,linear,0.003,,,,,,,
CountRecallMedium,filterbank+esn,9,416,38.50961538461539,-0.7833009400000001,0.0666289383746762,-0.8008845055024169,-0.781393566872428,632.0,"{'decomposition': 'legendre', 'n_filters': 12, 'slowest': 0.0056263882716246225, 'input_scaling': 0.06344812061556386, 'bias_dist': 'foldnorm', 'bias_scaling': 0.24743237591527745, 'lr': 0.7604293811879814, 'sr': 1.3687477885807093, 'rc_connectivity': 0.0925705874783593, 'learning_rate': 0.003}",ppo,300,linear,0.003,,,,,,,
CountRecallMedium,filterbank+esn,7,416,38.50961538461539,-0.7829125600000001,0.08235304713686312,-0.8224688263910316,-0.7849094969135801,647.0,"{'decomposition': 'legendre', 'n_filters': 12, 'slowest': 0.0056263882716246225, 'input_scaling': 0.06344812061556386, 'bias_dist': 'foldnorm', 'bias_scaling': 0.24743237591527745, 'lr': 0.7604293811879814, 'sr': 1.3687477885807093, 'rc_connectivity': 0.0925705874783593, 'learning_rate': 0.003}",ppo,300,linear,0.003,,,,,,,
CountRecallMedium,filterbank+esn,6,416,38.50961538461539,-0.7417474800000001,0.06512825376201636,-0.8020408124035793,-0.7443165473251029,667.0,"{'decomposition': 'legendre', 'n_filters': 12, 'slowest': 0.0056263882716246225, 'input_scaling': 0.06344812061556386, 'bias_dist': 'foldnorm', 'bias_scaling': 0.24743237591527745, 'lr': 0.7604293811879814, 'sr': 1.3687477885807093, 'rc_connectivity': 0.0925705874783593, 'learning_rate': 0.003}",ppo,300,linear,0.003,,,,,,,
CountRecallMedium,filterbank+esn,1,416,38.50961538461539,-0.8345632199999998,0.0676264231709145,-0.8801681317494602,-0.8461185668724279,652.0,"{'decomposition': 'legendre', 'n_filters': 12, 'slowest': 0.0056263882716246225, 'input_scaling': 0.06344812061556386, 'bias_dist': 'foldnorm', 'bias_scaling': 0.24743237591527745, 'lr': 0.7604293811879814, 'sr': 1.3687477885807093, 'rc_connectivity': 0.0925705874783593, 'learning_rate': 0.01}",ppo,300,linear,0.01,,,,,,,
CountRecallMedium,filterbank+esn,8,416,38.50961538461539,-0.6590290600000002,0.08063835530153378,-0.7168299213205801,-0.6870229814814814,659.0,"{'decomposition': 'legendre', 'n_filters': 12, 'slowest': 0.0056263882716246225, 'input_scaling': 0.06344812061556386, 'bias_dist': 'foldnorm', 'bias_scaling': 0.24743237591527745, 'lr': 0.7604293811879814, 'sr': 1.3687477885807093, 'rc_connectivity': 0.0925705874783593, 'learning_rate': 0.003}",ppo,300,linear,0.003,,,,,,,
CountRecallMedium,filterbank+esn,5,416,38.50961538461539,-0.9533982400000002,0.03684207160872472,-0.9468203022729609,-0.9546128508230453,633.0,"{'decomposition': 'legendre', 'n_filters': 12, 'slowest': 0.0056263882716246225, 'input_scaling': 0.06344812061556386, 'bias_dist': 'foldnorm', 'bias_scaling': 0.24743237591527745, 'lr': 0.7604293811879814, 'sr': 1.3687477885807093, 'rc_connectivity': 0.0925705874783593, 'learning_rate': 0.01}",ppo,300,linear,0.01,,,,,,,
CountRecallMedium,filterbank+esn,2,416,38.50961538461539,-0.9207768399999999,0.03880394918734948,-0.9274447415406768,-0.9200928281893005,661.0,"{'decomposition': 'legendre', 'n_filters': 12, 'slowest': 0.0056263882716246225, 'input_scaling': 0.06344812061556386, 'bias_dist': 'foldnorm', 'bias_scaling': 0.24743237591527745, 'lr': 0.7604293811879814, 'sr': 1.3687477885807093, 'rc_connectivity': 0.0925705874783593, 'learning_rate': 0.01}",ppo,300,linear,0.01,,,,,,,
CountRecallMedium,filterbank+esn,3,416,38.50961538461539,-0.9293205400000001,0.0405002756302769,-0.94288603980253,-0.9252868148148148,674.0,"{'decomposition': 'legendre', 'n_filters': 12, 'slowest': 0.0056263882716246225, 'input_scaling': 0.06344812061556386, 'bias_dist': 'foldnorm', 'bias_scaling': 0.24743237591527745, 'lr': 0.7604293811879814, 'sr': 1.3687477885807093, 'rc_connectivity': 0.0925705874783593, 'learning_rate': 0.01}",ppo,300,linear,0.01,,,,,,,
CountRecallMedium,filterbank+esn,0,416,38.50961538461539,-0.9009709799999999,0.04096122462255738,-0.9147034454386506,-0.9095850267489711,690.0,"{'decomposition': 'legendre', 'n_filters': 12, 'slowest': 0.0056263882716246225, 'input_scaling': 0.06344812061556386, 'bias_dist': 'foldnorm', 'bias_scaling': 0.24743237591527745, 'lr': 0.7604293811879814, 'sr': 1.3687477885807093, 'rc_connectivity': 0.0925705874783593, 'learning_rate': 0.01}",ppo,300,linear,0.01,,,,,,,
CountRecallMedium,filterbank+esn,4,416,38.50961538461539,-0.87145644,0.05875388602336361,-0.8797427558366758,-0.8921452191358024,675.0,"{'decomposition': 'legendre', 'n_filters': 12, 'slowest': 0.0056263882716246225, 'input_scaling': 0.06344812061556386, 'bias_dist': 'foldnorm', 'bias_scaling': 0.24743237591527745, 'lr': 0.7604293811879814, 'sr': 1.3687477885807093, 'rc_connectivity': 0.0925705874783593, 'learning_rate': 0.01}",ppo,300,linear,0.01,,,,,,,
CountRecallMedium,filterbank+esn,6,416,38.50961538461539,-0.89864092,0.05604776119091289,-0.8499005589838527,-0.8956012263374485,681.0,"{'decomposition': 'legendre', 'n_filters': 12, 'slowest': 0.0056263882716246225, 'input_scaling': 0.06344812061556386, 'bias_dist': 'foldnorm', 'bias_scaling': 0.24743237591527745, 'lr': 0.7604293811879814, 'sr': 1.3687477885807093, 'rc_connectivity': 0.0925705874783593, 'learning_rate': 0.01}",ppo,300,linear,0.01,,,,,,,
CountRecallMedium,filterbank+esn,7,416,38.50961538461539,-0.7677668999999999,0.07170917356552088,-0.8165475140388768,-0.791142269547325,670.0,"{'decomposition': 'legendre', 'n_filters': 12, 'slowest': 0.0056263882716246225, 'input_scaling': 0.06344812061556386, 'bias_dist': 'foldnorm', 'bias_scaling': 0.24743237591527745, 'lr': 0.7604293811879814, 'sr': 1.3687477885807093, 'rc_connectivity': 0.0925705874783593, 'learning_rate': 0.01}",ppo,300,linear,0.01,,,,,,,
CountRecallMedium,filterbank+esn,9,416,38.50961538461539,-0.9238836,0.03919064552466571,-0.925092194795845,-0.9243878652263374,658.0,"{'decomposition': 'legendre', 'n_filters': 12, 'slowest': 0.0056263882716246225, 'input_scaling': 0.06344812061556386, 'bias_dist': 'foldnorm', 'bias_scaling': 0.24743237591527745, 'lr': 0.7604293811879814, 'sr': 1.3687477885807093, 'rc_connectivity': 0.0925705874783593, 'learning_rate': 0.01}",ppo,300,linear,0.01,,,,,,,
CountRecallMedium,filterbank+hag,0,416,4.8485576923076925,-0.58174756,0.10472548153246374,-0.6354654757790805,-0.5826241440329218,665.0,"{'decomposition': 'legendre', 'n_filters': 12, 'slowest': 0.029334592739296388, 'input_scaling': 0.049068279099124805, 'bias_dist': 'uniform', 'bias_scaling': 0.46763789100254544, 'lr': 0.2715862958761201, 'weight_increment': 0.1852507853053407, 'min_window': 9, 'max_window': 16, 'use_full_instance': False, 'max_partners': 5, 'homeostasis': 'mean', 'target': 0.91, 'spread': 0.095, 'learning_rate': 0.0003}",ppo,300,linear,0.0003,,,,,,,
CountRecallMedium,filterbank+esn,8,416,38.50961538461539,-0.87533996,0.0620254897592788,-0.8873196415715315,-0.8676536059670782,688.0,"{'decomposition': 'legendre', 'n_filters': 12, 'slowest': 0.0056263882716246225, 'input_scaling': 0.06344812061556386, 'bias_dist': 'foldnorm', 'bias_scaling': 0.24743237591527745, 'lr': 0.7604293811879814, 'sr': 1.3687477885807093, 'rc_connectivity': 0.0925705874783593, 'learning_rate': 0.01}",ppo,300,linear,0.01,,,,,,,
CountRecallMedium,filterbank+hag,1,416,4.954326923076923,-0.55456314,0.11522989355354105,-0.6419399532037436,-0.5965679495884774,652.0,"{'decomposition': 'legendre', 'n_filters': 12, 'slowest': 0.029334592739296388, 'input_scaling': 0.049068279099124805, 'bias_dist': 'uniform', 'bias_scaling': 0.46763789100254544, 'lr': 0.2715862958761201, 'weight_increment': 0.1852507853053407, 'min_window': 9, 'max_window': 16, 'use_full_instance': False, 'max_partners': 5, 'homeostasis': 'mean', 'target': 0.91, 'spread': 0.095, 'learning_rate': 0.0003}",ppo,300,linear,0.0003,,,,,,,
CountRecallMedium,filterbank+hag,2,416,4.961538461538462,-0.55029126,0.10255366658092922,-0.6331628568343104,-0.5848215895061728,643.0,"{'decomposition': 'legendre', 'n_filters': 12, 'slowest': 0.029334592739296388, 'input_scaling': 0.049068279099124805, 'bias_dist': 'uniform', 'bias_scaling': 0.46763789100254544, 'lr': 0.2715862958761201, 'weight_increment': 0.1852507853053407, 'min_window': 9, 'max_window': 16, 'use_full_instance': False, 'max_partners': 5, 'homeostasis': 'mean', 'target': 0.91, 'spread': 0.095, 'learning_rate': 0.0003}",ppo,300,linear,0.0003,,,,,,,
CountRecallMedium,filterbank+hag,3,416,4.836538461538462,-0.61475726,0.1132462777540719,-0.6514060465905585,-0.615366133744856,663.0,"{'decomposition': 'legendre', 'n_filters': 12, 'slowest': 0.029334592739296388, 'input_scaling': 0.049068279099124805, 'bias_dist': 'uniform', 'bias_scaling': 0.46763789100254544, 'lr': 0.2715862958761201, 'weight_increment': 0.1852507853053407, 'min_window': 9, 'max_window': 16, 'use_full_instance': False, 'max_partners': 5, 'homeostasis': 'mean', 'target': 0.91, 'spread': 0.095, 'learning_rate': 0.0003}",ppo,300,linear,0.0003,,,,,,,
CountRecallMedium,filterbank+hag,4,416,4.913461538461538,-0.5949515000000001,0.09923906870366127,-0.6869558116836367,-0.6326261121399177,646.0,"{'decomposition': 'legendre', 'n_filters': 12, 'slowest': 0.029334592739296388, 'input_scaling': 0.049068279099124805, 'bias_dist': 'uniform', 'bias_scaling': 0.46763789100254544, 'lr': 0.2715862958761201, 'weight_increment': 0.1852507853053407, 'min_window': 9, 'max_window': 16, 'use_full_instance': False, 'max_partners': 5, 'homeostasis': 'mean', 'target': 0.91, 'spread': 0.095, 'learning_rate': 0.0003}",ppo,300,linear,0.0003,,,,,,,
CountRecallMedium,filterbank+hag,5,416,4.923076923076923,-0.64737866,0.09796567826062555,-0.7124962891083,-0.6637699557613168,636.0,"{'decomposition': 'legendre', 'n_filters': 12, 'slowest': 0.029334592739296388, 'input_scaling': 0.049068279099124805, 'bias_dist': 'uniform', 'bias_scaling': 0.46763789100254544, 'lr': 0.2715862958761201, 'weight_increment': 0.1852507853053407, 'min_window': 9, 'max_window': 16, 'use_full_instance': False, 'max_partners': 5, 'homeostasis': 'mean', 'target': 0.91, 'spread': 0.095, 'learning_rate': 0.0003}",ppo,300,linear,0.0003,,,,,,,
CountRecallMedium,filterbank+hag,7,416,4.935096153846154,-0.57708744,0.12109331292225183,-0.6467968189859097,-0.5991649444444445,626.0,"{'decomposition': 'legendre', 'n_filters': 12, 'slowest': 0.029334592739296388, 'input_scaling': 0.049068279099124805, 'bias_dist': 'uniform', 'bias_scaling': 0.46763789100254544, 'lr': 0.2715862958761201, 'weight_increment': 0.1852507853053407, 'min_window': 9, 'max_window': 16, 'use_full_instance': False, 'max_partners': 5, 'homeostasis': 'mean', 'target': 0.91, 'spread': 0.095, 'learning_rate': 0.0003}",ppo,300,linear,0.0003,,,,,,,
CountRecallMedium,filterbank+hag,9,416,4.896634615384615,-0.6497086600000002,0.10104253050960474,-0.7243628649593747,-0.6866234537037037,641.0,"{'decomposition': 'legendre', 'n_filters': 12, 'slowest': 0.029334592739296388, 'input_scaling': 0.049068279099124805, 'bias_dist': 'uniform', 'bias_scaling': 0.46763789100254544, 'lr': 0.2715862958761201, 'weight_increment': 0.1852507853053407, 'min_window': 9, 'max_window': 16, 'use_full_instance': False, 'max_partners': 5, 'homeostasis': 'mean', 'target': 0.91, 'spread': 0.095, 'learning_rate': 0.0003}",ppo,300,linear,0.0003,,,,,,,
CountRecallMedium,filterbank+hag,1,416,4.954326923076923,-0.69475726,0.09607547807693907,-0.7734927267304329,-0.7207638477366255,634.0,"{'decomposition': 'legendre', 'n_filters': 12, 'slowest': 0.029334592739296388, 'input_scaling': 0.049068279099124805, 'bias_dist': 'uniform', 'bias_scaling': 0.46763789100254544, 'lr': 0.2715862958761201, 'weight_increment': 0.1852507853053407, 'min_window': 9, 'max_window': 16, 'use_full_instance': False, 'max_partners': 5, 'homeostasis': 'mean', 'target': 0.91, 'spread': 0.095, 'learning_rate': 0.001}",ppo,300,linear,0.001,,,,,,,
CountRecallMedium,filterbank+hag,6,416,4.920673076923077,-0.53203882,0.10202951972888827,-0.6258635836675923,-0.5715370288065843,688.0,"{'decomposition': 'legendre', 'n_filters': 12, 'slowest': 0.029334592739296388, 'input_scaling': 0.049068279099124805, 'bias_dist': 'uniform', 'bias_scaling': 0.46763789100254544, 'lr': 0.2715862958761201, 'weight_increment': 0.1852507853053407, 'min_window': 9, 'max_window': 16, 'use_full_instance': False, 'max_partners': 5, 'homeostasis': 'mean', 'target': 0.91, 'spread': 0.095, 'learning_rate': 0.0003}",ppo,300,linear,0.0003,,,,,,,
CountRecallMedium,filterbank+hag,2,416,4.961538461538462,-0.6605824800000001,0.10305823940554001,-0.6976481024375193,-0.654320927983539,648.0,"{'decomposition': 'legendre', 'n_filters': 12, 'slowest': 0.029334592739296388, 'input_scaling': 0.049068279099124805, 'bias_dist': 'uniform', 'bias_scaling': 0.46763789100254544, 'lr': 0.2715862958761201, 'weight_increment': 0.1852507853053407, 'min_window': 9, 'max_window': 16, 'use_full_instance': False, 'max_partners': 5, 'homeostasis': 'mean', 'target': 0.91, 'spread': 0.095, 'learning_rate': 0.001}",ppo,300,linear,0.001,,,,,,,
CountRecallMedium,filterbank+hag,4,416,4.913461538461538,-0.6928154999999999,0.09366311474177015,-0.7262061591072714,-0.7069998117283951,637.0,"{'decomposition': 'legendre', 'n_filters': 12, 'slowest': 0.029334592739296388, 'input_scaling': 0.049068279099124805, 'bias_dist': 'uniform', 'bias_scaling': 0.46763789100254544, 'lr': 0.2715862958761201, 'weight_increment': 0.1852507853053407, 'min_window': 9, 'max_window': 16, 'use_full_instance': False, 'max_partners': 5, 'homeostasis': 'mean', 'target': 0.91, 'spread': 0.095, 'learning_rate': 0.001}",ppo,300,linear,0.001,,,,,,,
CountRecallMedium,filterbank+hag,8,416,4.877403846153846,-0.66019414,0.08746487311326988,-0.7145592615447908,-0.6709616306584362,687.0,"{'decomposition': 'legendre', 'n_filters': 12, 'slowest': 0.029334592739296388, 'input_scaling': 0.049068279099124805, 'bias_dist': 'uniform', 'bias_scaling': 0.46763789100254544, 'lr': 0.2715862958761201, 'weight_increment': 0.1852507853053407, 'min_window': 9, 'max_window': 16, 'use_full_instance': False, 'max_partners': 5, 'homeostasis': 'mean', 'target': 0.91, 'spread': 0.095, 'learning_rate': 0.0003}",ppo,300,linear,0.0003,,,,,,,
CountRecallMedium,filterbank+hag,3,416,4.836538461538462,-0.64582516,0.09276269324040996,-0.6907402621618842,-0.6378001183127572,667.0,"{'decomposition': 'legendre', 'n_filters': 12, 'slowest': 0.029334592739296388, 'input_scaling': 0.049068279099124805, 'bias_dist': 'uniform', 'bias_scaling': 0.46763789100254544, 'lr': 0.2715862958761201, 'weight_increment': 0.1852507853053407, 'min_window': 9, 'max_window': 16, 'use_full_instance': False, 'max_partners': 5, 'homeostasis': 'mean', 'target': 0.91, 'spread': 0.095, 'learning_rate': 0.001}",ppo,300,linear,0.001,,,,,,,
CountRecallMedium,filterbank+hag,7,416,4.935096153846154,-0.6784464999999998,0.07719860299234696,-0.7109106269669855,-0.6602141049382716,639.0,"{'decomposition': 'legendre', 'n_filters': 12, 'slowest': 0.029334592739296388, 'input_scaling': 0.049068279099124805, 'bias_dist': 'uniform', 'bias_scaling': 0.46763789100254544, 'lr': 0.2715862958761201, 'weight_increment': 0.1852507853053407, 'min_window': 9, 'max_window': 16, 'use_full_instance': False, 'max_partners': 5, 'homeostasis': 'mean', 'target': 0.91, 'spread': 0.095, 'learning_rate': 0.001}",ppo,300,linear,0.001,,,,,,,
CountRecallMedium,filterbank+hag,6,416,4.920673076923077,-0.5813591800000001,0.10436119417267896,-0.6369892351126195,-0.5763114732510287,647.0,"{'decomposition': 'legendre', 'n_filters': 12, 'slowest': 0.029334592739296388, 'input_scaling': 0.049068279099124805, 'bias_dist': 'uniform', 'bias_scaling': 0.46763789100254544, 'lr': 0.2715862958761201, 'weight_increment': 0.1852507853053407, 'min_window': 9, 'max_window': 16, 'use_full_instance': False, 'max_partners': 5, 'homeostasis': 'mean', 'target': 0.91, 'spread': 0.095, 'learning_rate': 0.001}",ppo,300,linear,0.001,,,,,,,
CountRecallMedium,filterbank+hag,8,416,4.877403846153846,-0.8337864400000001,0.07988684371538532,-0.8060249596832253,-0.7685684218106994,650.0,"{'decomposition': 'legendre', 'n_filters': 12, 'slowest': 0.029334592739296388, 'input_scaling': 0.049068279099124805, 'bias_dist': 'uniform', 'bias_scaling': 0.46763789100254544, 'lr': 0.2715862958761201, 'weight_increment': 0.1852507853053407, 'min_window': 9, 'max_window': 16, 'use_full_instance': False, 'max_partners': 5, 'homeostasis': 'mean', 'target': 0.91, 'spread': 0.095, 'learning_rate': 0.001}",ppo,300,linear,0.001,,,,,,,
CountRecallMedium,filterbank+hag,9,416,4.896634615384615,-0.7304853,0.08030867092045539,-0.7392010679831327,-0.7281153333333333,647.0,"{'decomposition': 'legendre', 'n_filters': 12, 'slowest': 0.029334592739296388, 'input_scaling': 0.049068279099124805, 'bias_dist': 'uniform', 'bias_scaling': 0.46763789100254544, 'lr': 0.2715862958761201, 'weight_increment': 0.1852507853053407, 'min_window': 9, 'max_window': 16, 'use_full_instance': False, 'max_partners': 5, 'homeostasis': 'mean', 'target': 0.91, 'spread': 0.095, 'learning_rate': 0.001}",ppo,300,linear,0.001,,,,,,,
CountRecallMedium,filterbank+hag,0,416,4.8485576923076925,-0.6648543399999999,0.08716775913068088,-0.7228650597552195,-0.683487077160494,700.0,"{'decomposition': 'legendre', 'n_filters': 12, 'slowest': 0.029334592739296388, 'input_scaling': 0.049068279099124805, 'bias_dist': 'uniform', 'bias_scaling': 0.46763789100254544, 'lr': 0.2715862958761201, 'weight_increment': 0.1852507853053407, 'min_window': 9, 'max_window': 16, 'use_full_instance': False, 'max_partners': 5, 'homeostasis': 'mean', 'target': 0.91, 'spread': 0.095, 'learning_rate': 0.001}",ppo,300,linear,0.001,,,,,,,
CountRecallMedium,filterbank+hag,5,416,4.923076923076923,-0.6702911999999999,0.09904737716486996,-0.6866163103980253,-0.6576770226337448,675.0,"{'decomposition': 'legendre', 'n_filters': 12, 'slowest': 0.029334592739296388, 'input_scaling': 0.049068279099124805, 'bias_dist': 'uniform', 'bias_scaling': 0.46763789100254544, 'lr': 0.2715862958761201, 'weight_increment': 0.1852507853053407, 'min_window': 9, 'max_window': 16, 'use_full_instance': False, 'max_partners': 5, 'homeostasis': 'mean', 'target': 0.91, 'spread': 0.095, 'learning_rate': 0.001}",ppo,300,linear,0.001,,,,,,,
CountRecallMedium,filterbank+hag,0,416,4.8485576923076925,-0.9304855800000001,0.035399585997629976,-0.9263982794405019,-0.92650541563786,641.0,"{'decomposition': 'legendre', 'n_filters': 12, 'slowest': 0.029334592739296388, 'input_scaling': 0.049068279099124805, 'bias_dist': 'uniform', 'bias_scaling': 0.46763789100254544, 'lr': 0.2715862958761201, 'weight_increment': 0.1852507853053407, 'min_window': 9, 'max_window': 16, 'use_full_instance': False, 'max_partners': 5, 'homeostasis': 'mean', 'target': 0.91, 'spread': 0.095, 'learning_rate': 0.003}",ppo,300,linear,0.003,,,,,,,
CountRecallMedium,filterbank+hag,1,416,4.954326923076923,-0.94135932,0.030204046707313918,-0.9249583910315745,-0.9237885545267489,643.0,"{'decomposition': 'legendre', 'n_filters': 12, 'slowest': 0.029334592739296388, 'input_scaling': 0.049068279099124805, 'bias_dist': 'uniform', 'bias_scaling': 0.46763789100254544, 'lr': 0.2715862958761201, 'weight_increment': 0.1852507853053407, 'min_window': 9, 'max_window': 16, 'use_full_instance': False, 'max_partners': 5, 'homeostasis': 'mean', 'target': 0.91, 'spread': 0.095, 'learning_rate': 0.003}",ppo,300,linear,0.003,,,,,,,
CountRecallMedium,filterbank+hag,2,416,4.961538461538462,-0.92233018,0.04578574733809203,-0.9177629579347939,-0.9234489495884773,666.0,"{'decomposition': 'legendre', 'n_filters': 12, 'slowest': 0.029334592739296388, 'input_scaling': 0.049068279099124805, 'bias_dist': 'uniform', 'bias_scaling': 0.46763789100254544, 'lr': 0.2715862958761201, 'weight_increment': 0.1852507853053407, 'min_window': 9, 'max_window': 16, 'use_full_instance': False, 'max_partners': 5, 'homeostasis': 'mean', 'target': 0.91, 'spread': 0.095, 'learning_rate': 0.003}",ppo,300,linear,0.003,,,,,,,
CountRecallMedium,filterbank+hag,4,416,4.913461538461538,-0.91961176,0.0432465782251313,-0.9211519846755117,-0.925027146090535,641.0,"{'decomposition': 'legendre', 'n_filters': 12, 'slowest': 0.029334592739296388, 'input_scaling': 0.049068279099124805, 'bias_dist': 'uniform', 'bias_scaling': 0.46763789100254544, 'lr': 0.2715862958761201, 'weight_increment': 0.1852507853053407, 'min_window': 9, 'max_window': 16, 'use_full_instance': False, 'max_partners': 5, 'homeostasis': 'mean', 'target': 0.91, 'spread': 0.095, 'learning_rate': 0.003}",ppo,300,linear,0.003,,,,,,,
CountRecallMedium,filterbank+hag,3,416,4.836538461538462,-0.8827185200000001,0.04707850751212915,-0.9002706316980356,-0.8943227139917694,646.0,"{'decomposition': 'legendre', 'n_filters': 12, 'slowest': 0.029334592739296388, 'input_scaling': 0.049068279099124805, 'bias_dist': 'uniform', 'bias_scaling': 0.46763789100254544, 'lr': 0.2715862958761201, 'weight_increment': 0.1852507853053407, 'min_window': 9, 'max_window': 16, 'use_full_instance': False, 'max_partners': 5, 'homeostasis': 'mean', 'target': 0.91, 'spread': 0.095, 'learning_rate': 0.003}",ppo,300,linear,0.003,,,,,,,
CountRecallMedium,filterbank+hag,5,416,4.923076923076923,-0.9281554799999998,0.04276266285452299,-0.9277762458089068,-0.9251469845679011,646.0,"{'decomposition': 'legendre', 'n_filters': 12, 'slowest': 0.029334592739296388, 'input_scaling': 0.049068279099124805, 'bias_dist': 'uniform', 'bias_scaling': 0.46763789100254544, 'lr': 0.2715862958761201, 'weight_increment': 0.1852507853053407, 'min_window': 9, 'max_window': 16, 'use_full_instance': False, 'max_partners': 5, 'homeostasis': 'mean', 'target': 0.91, 'spread': 0.095, 'learning_rate': 0.003}",ppo,300,linear,0.003,,,,,,,
CountRecallMedium,filterbank+hag,6,416,4.920673076923077,-0.9141748999999999,0.042201671998749066,-0.8949164868867633,-0.8716689567901234,649.0,"{'decomposition': 'legendre', 'n_filters': 12, 'slowest': 0.029334592739296388, 'input_scaling': 0.049068279099124805, 'bias_dist': 'uniform', 'bias_scaling': 0.46763789100254544, 'lr': 0.2715862958761201, 'weight_increment': 0.1852507853053407, 'min_window': 9, 'max_window': 16, 'use_full_instance': False, 'max_partners': 5, 'homeostasis': 'mean', 'target': 0.91, 'spread': 0.095, 'learning_rate': 0.003}",ppo,300,linear,0.003,,,,,,,
CountRecallMedium,filterbank+hag,7,416,4.935096153846154,-0.92543706,0.045015168802709164,-0.9181184326853852,-0.923049420781893,648.0,"{'decomposition': 'legendre', 'n_filters': 12, 'slowest': 0.029334592739296388, 'input_scaling': 0.049068279099124805, 'bias_dist': 'uniform', 'bias_scaling': 0.46763789100254544, 'lr': 0.2715862958761201, 'weight_increment': 0.1852507853053407, 'min_window': 9, 'max_window': 16, 'use_full_instance': False, 'max_partners': 5, 'homeostasis': 'mean', 'target': 0.91, 'spread': 0.095, 'learning_rate': 0.003}",ppo,300,linear,0.003,,,,,,,
CountRecallMedium,filterbank+hag,9,416,4.896634615384615,-0.9234953199999998,0.04810058303448723,-0.9209243097809319,-0.9239683487654321,644.0,"{'decomposition': 'legendre', 'n_filters': 12, 'slowest': 0.029334592739296388, 'input_scaling': 0.049068279099124805, 'bias_dist': 'uniform', 'bias_scaling': 0.46763789100254544, 'lr': 0.2715862958761201, 'weight_increment': 0.1852507853053407, 'min_window': 9, 'max_window': 16, 'use_full_instance': False, 'max_partners': 5, 'homeostasis': 'mean', 'target': 0.91, 'spread': 0.095, 'learning_rate': 0.003}",ppo,300,linear,0.003,,,,,,,
CountRecallMedium,filterbank+hag,8,416,4.877403846153846,-0.9238837,0.05105582473146429,-0.9204589913606911,-0.9224301183127572,661.0,"{'decomposition': 'legendre', 'n_filters': 12, 'slowest': 0.029334592739296388, 'input_scaling': 0.049068279099124805, 'bias_dist': 'uniform', 'bias_scaling': 0.46763789100254544, 'lr': 0.2715862958761201, 'weight_increment': 0.1852507853053407, 'min_window': 9, 'max_window': 16, 'use_full_instance': False, 'max_partners': 5, 'homeostasis': 'mean', 'target': 0.91, 'spread': 0.095, 'learning_rate': 0.003}",ppo,300,linear,0.003,,,,,,,
CountRecallMedium,filterbank+hag,0,416,4.8485576923076925,-0.9836894200000001,0.02276398405647833,-0.9815951606500051,-0.9828000936213992,639.0,"{'decomposition': 'legendre', 'n_filters': 12, 'slowest': 0.029334592739296388, 'input_scaling': 0.049068279099124805, 'bias_dist': 'uniform', 'bias_scaling': 0.46763789100254544, 'lr': 0.2715862958761201, 'weight_increment': 0.1852507853053407, 'min_window': 9, 'max_window': 16, 'use_full_instance': False, 'max_partners': 5, 'homeostasis': 'mean', 'target': 0.91, 'spread': 0.095, 'learning_rate': 0.01}",ppo,300,linear,0.01,,,,,,,
CountRecallMedium,filterbank+hag,1,416,4.954326923076923,-0.9165049800000001,0.0366882430451446,-0.9094890970893755,-0.909025663580247,648.0,"{'decomposition': 'legendre', 'n_filters': 12, 'slowest': 0.029334592739296388, 'input_scaling': 0.049068279099124805, 'bias_dist': 'uniform', 'bias_scaling': 0.46763789100254544, 'lr': 0.2715862958761201, 'weight_increment': 0.1852507853053407, 'min_window': 9, 'max_window': 16, 'use_full_instance': False, 'max_partners': 5, 'homeostasis': 'mean', 'target': 0.91, 'spread': 0.095, 'learning_rate': 0.01}",ppo,300,linear,0.01,,,,,,,
CountRecallMedium,filterbank+hag,2,416,4.961538461538462,-0.9200001400000001,0.05596017432603656,-0.9238979470328088,-0.9263455956790123,655.0,"{'decomposition': 'legendre', 'n_filters': 12, 'slowest': 0.029334592739296388, 'input_scaling': 0.049068279099124805, 'bias_dist': 'uniform', 'bias_scaling': 0.46763789100254544, 'lr': 0.2715862958761201, 'weight_increment': 0.1852507853053407, 'min_window': 9, 'max_window': 16, 'use_full_instance': False, 'max_partners': 5, 'homeostasis': 'mean', 'target': 0.91, 'spread': 0.095, 'learning_rate': 0.01}",ppo,300,linear,0.01,,,,,,,
CountRecallMedium,filterbank+hag,5,416,4.923076923076923,-0.9227186199999999,0.03590719840304448,-0.9244611253728273,-0.9232691718106996,659.0,"{'decomposition': 'legendre', 'n_filters': 12, 'slowest': 0.029334592739296388, 'input_scaling': 0.049068279099124805, 'bias_dist': 'uniform', 'bias_scaling': 0.46763789100254544, 'lr': 0.2715862958761201, 'weight_increment': 0.1852507853053407, 'min_window': 9, 'max_window': 16, 'use_full_instance': False, 'max_partners': 5, 'homeostasis': 'mean', 'target': 0.91, 'spread': 0.095, 'learning_rate': 0.01}",ppo,300,linear,0.01,,,,,,,
CountRecallMedium,filterbank+hag,8,416,4.877403846153846,-0.9246603800000002,0.03797900637715,-0.9251541051115909,-0.9256464074074073,651.0,"{'decomposition': 'legendre', 'n_filters': 12, 'slowest': 0.029334592739296388, 'input_scaling': 0.049068279099124805, 'bias_dist': 'uniform', 'bias_scaling': 0.46763789100254544, 'lr': 0.2715862958761201, 'weight_increment': 0.1852507853053407, 'min_window': 9, 'max_window': 16, 'use_full_instance': False, 'max_partners': 5, 'homeostasis': 'mean', 'target': 0.91, 'spread': 0.095, 'learning_rate': 0.01}",ppo,300,linear,0.01,,,,,,,
CountRecallMedium,filterbank+hag,9,416,4.896634615384615,-0.93203898,0.0366882726835102,-0.9229972719325311,-0.9230294320987654,649.0,"{'decomposition': 'legendre', 'n_filters': 12, 'slowest': 0.029334592739296388, 'input_scaling': 0.049068279099124805, 'bias_dist': 'uniform', 'bias_scaling': 0.46763789100254544, 'lr': 0.2715862958761201, 'weight_increment': 0.1852507853053407, 'min_window': 9, 'max_window': 16, 'use_full_instance': False, 'max_partners': 5, 'homeostasis': 'mean', 'target': 0.91, 'spread': 0.095, 'learning_rate': 0.01}",ppo,300,linear,0.01,,,,,,,
CountRecallMedium,filterbank+hag,4,416,4.913461538461538,-0.9324273200000001,0.04397800502953267,-0.9223801757687957,-0.9235887849794238,677.0,"{'decomposition': 'legendre', 'n_filters': 12, 'slowest': 0.029334592739296388, 'input_scaling': 0.049068279099124805, 'bias_dist': 'uniform', 'bias_scaling': 0.46763789100254544, 'lr': 0.2715862958761201, 'weight_increment': 0.1852507853053407, 'min_window': 9, 'max_window': 16, 'use_full_instance': False, 'max_partners': 5, 'homeostasis': 'mean', 'target': 0.91, 'spread': 0.095, 'learning_rate': 0.01}",ppo,300,linear,0.01,,,,,,,
CountRecallMedium,filterbank+hag,3,416,4.836538461538462,-0.9192234400000001,0.05538042594172061,-0.9029307253933971,-0.9228096934156378,683.0,"{'decomposition': 'legendre', 'n_filters': 12, 'slowest': 0.029334592739296388, 'input_scaling': 0.049068279099124805, 'bias_dist': 'uniform', 'bias_scaling': 0.46763789100254544, 'lr': 0.2715862958761201, 'weight_increment': 0.1852507853053407, 'min_window': 9, 'max_window': 16, 'use_full_instance': False, 'max_partners': 5, 'homeostasis': 'mean', 'target': 0.91, 'spread': 0.095, 'learning_rate': 0.01}",ppo,300,linear,0.01,,,,,,,
CountRecallMedium,filterbank+hag,7,416,4.935096153846154,-0.9320389599999999,0.03522015774806241,-0.925723273269567,-0.9261258539094649,659.0,"{'decomposition': 'legendre', 'n_filters': 12, 'slowest': 0.029334592739296388, 'input_scaling': 0.049068279099124805, 'bias_dist': 'uniform', 'bias_scaling': 0.46763789100254544, 'lr': 0.2715862958761201, 'weight_increment': 0.1852507853053407, 'min_window': 9, 'max_window': 16, 'use_full_instance': False, 'max_partners': 5, 'homeostasis': 'mean', 'target': 0.91, 'spread': 0.095, 'learning_rate': 0.01}",ppo,300,linear,0.01,,,,,,,
CountRecallMedium,filterbank+proj,0,416,0.0,-0.9130098199999999,0.043806228829101464,-0.9249064677568651,-0.9261258539094651,662.0,"{'decomposition': 'legendre', 'n_filters': 12, 'slowest': 0.029334592739296388, 'input_scaling': 0.049068279099124805, 'bias_dist': 'uniform', 'bias_scaling': 0.46763789100254544, 'lr': 0.2715862958761201, 'weight_increment': 0.1852507853053407, 'min_window': 9, 'max_window': 16, 'use_full_instance': False, 'max_partners': 5, 'homeostasis': 'mean', 'target': 0.91, 'spread': 0.095, 'learning_rate': 0.0003}",ppo,300,linear,0.0003,,,,,,,
CountRecallMedium,filterbank+hag,6,416,4.920673076923077,-0.92854388,0.03417476045542384,-0.9235504547979018,-0.9226898323045267,701.0,"{'decomposition': 'legendre', 'n_filters': 12, 'slowest': 0.029334592739296388, 'input_scaling': 0.049068279099124805, 'bias_dist': 'uniform', 'bias_scaling': 0.46763789100254544, 'lr': 0.2715862958761201, 'weight_increment': 0.1852507853053407, 'min_window': 9, 'max_window': 16, 'use_full_instance': False, 'max_partners': 5, 'homeostasis': 'mean', 'target': 0.91, 'spread': 0.095, 'learning_rate': 0.01}",ppo,300,linear,0.01,,,,,,,
CountRecallMedium,filterbank+proj,1,416,0.0,-0.9180583600000002,0.05509783898475876,-0.9238959509410676,-0.923229218106996,673.0,"{'decomposition': 'legendre', 'n_filters': 12, 'slowest': 0.029334592739296388, 'input_scaling': 0.049068279099124805, 'bias_dist': 'uniform', 'bias_scaling': 0.46763789100254544, 'lr': 0.2715862958761201, 'weight_increment': 0.1852507853053407, 'min_window': 9, 'max_window': 16, 'use_full_instance': False, 'max_partners': 5, 'homeostasis': 'mean', 'target': 0.91, 'spread': 0.095, 'learning_rate': 0.0003}",ppo,300,linear,0.0003,,,,,,,
CountRecallMedium,filterbank+proj,3,416,0.0,-0.9227185399999999,0.04486910087898354,-0.9236762704926462,-0.9247274681069958,672.0,"{'decomposition': 'legendre', 'n_filters': 12, 'slowest': 0.029334592739296388, 'input_scaling': 0.049068279099124805, 'bias_dist': 'uniform', 'bias_scaling': 0.46763789100254544, 'lr': 0.2715862958761201, 'weight_increment': 0.1852507853053407, 'min_window': 9, 'max_window': 16, 'use_full_instance': False, 'max_partners': 5, 'homeostasis': 'mean', 'target': 0.91, 'spread': 0.095, 'learning_rate': 0.0003}",ppo,300,linear,0.0003,,,,,,,
CountRecallMedium,filterbank+proj,2,416,0.0,-0.9110680799999998,0.03943039828043334,-0.9199677162398437,-0.9170763323045268,678.0,"{'decomposition': 'legendre', 'n_filters': 12, 'slowest': 0.029334592739296388, 'input_scaling': 0.049068279099124805, 'bias_dist': 'uniform', 'bias_scaling': 0.46763789100254544, 'lr': 0.2715862958761201, 'weight_increment': 0.1852507853053407, 'min_window': 9, 'max_window': 16, 'use_full_instance': False, 'max_partners': 5, 'homeostasis': 'mean', 'target': 0.91, 'spread': 0.095, 'learning_rate': 0.0003}",ppo,300,linear,0.0003,,,,,,,
CountRecallMedium,filterbank+proj,4,416,0.0,-0.9122331799999998,0.051114850196665944,-0.9248225921012034,-0.9267251563786008,674.0,"{'decomposition': 'legendre', 'n_filters': 12, 'slowest': 0.029334592739296388, 'input_scaling': 0.049068279099124805, 'bias_dist': 'uniform', 'bias_scaling': 0.46763789100254544, 'lr': 0.2715862958761201, 'weight_increment': 0.1852507853053407, 'min_window': 9, 'max_window': 16, 'use_full_instance': False, 'max_partners': 5, 'homeostasis': 'mean', 'target': 0.91, 'spread': 0.095, 'learning_rate': 0.0003}",ppo,300,linear,0.0003,,,,,,,
CountRecallMedium,filterbank+proj,6,416,0.0,-0.9293205400000001,0.039748495950518686,-0.9237801237272448,-0.9236087602880658,649.0,"{'decomposition': 'legendre', 'n_filters': 12, 'slowest': 0.029334592739296388, 'input_scaling': 0.049068279099124805, 'bias_dist': 'uniform', 'bias_scaling': 0.46763789100254544, 'lr': 0.2715862958761201, 'weight_increment': 0.1852507853053407, 'min_window': 9, 'max_window': 16, 'use_full_instance': False, 'max_partners': 5, 'homeostasis': 'mean', 'target': 0.91, 'spread': 0.095, 'learning_rate': 0.0003}",ppo,300,linear,0.0003,,,,,,,
CountRecallMedium,filterbank+proj,8,416,0.0,-0.92233026,0.040171226694145155,-0.923560440090507,-0.9222103868312758,630.0,"{'decomposition': 'legendre', 'n_filters': 12, 'slowest': 0.029334592739296388, 'input_scaling': 0.049068279099124805, 'bias_dist': 'uniform', 'bias_scaling': 0.46763789100254544, 'lr': 0.2715862958761201, 'weight_increment': 0.1852507853053407, 'min_window': 9, 'max_window': 16, 'use_full_instance': False, 'max_partners': 5, 'homeostasis': 'mean', 'target': 0.91, 'spread': 0.095, 'learning_rate': 0.0003}",ppo,300,linear,0.0003,,,,,,,
CountRecallMedium,filterbank+proj,5,416,0.0,-0.9289322,0.03914639579782538,-0.9247287273475264,-0.926525390946502,694.0,"{'decomposition': 'legendre', 'n_filters': 12, 'slowest': 0.029334592739296388, 'input_scaling': 0.049068279099124805, 'bias_dist': 'uniform', 'bias_scaling': 0.46763789100254544, 'lr': 0.2715862958761201, 'weight_increment': 0.1852507853053407, 'min_window': 9, 'max_window': 16, 'use_full_instance': False, 'max_partners': 5, 'homeostasis': 'mean', 'target': 0.91, 'spread': 0.095, 'learning_rate': 0.0003}",ppo,300,linear,0.0003,,,,,,,
CountRecallMedium,filterbank+proj,7,416,0.0,-0.9269904999999998,0.033757392965837886,-0.9236822689499126,-0.923768586419753,642.0,"{'decomposition': 'legendre', 'n_filters': 12, 'slowest': 0.029334592739296388, 'input_scaling': 0.049068279099124805, 'bias_dist': 'uniform', 'bias_scaling': 0.46763789100254544, 'lr': 0.2715862958761201, 'weight_increment': 0.1852507853053407, 'min_window': 9, 'max_window': 16, 'use_full_instance': False, 'max_partners': 5, 'homeostasis': 'mean', 'target': 0.91, 'spread': 0.095, 'learning_rate': 0.0003}",ppo,300,linear,0.0003,,,,,,,
CountRecallMedium,filterbank+proj,9,416,0.0,-0.94601962,0.02642208885602348,-0.9415160937982103,-0.944164945473251,623.0,"{'decomposition': 'legendre', 'n_filters': 12, 'slowest': 0.029334592739296388, 'input_scaling': 0.049068279099124805, 'bias_dist': 'uniform', 'bias_scaling': 0.46763789100254544, 'lr': 0.2715862958761201, 'weight_increment': 0.1852507853053407, 'min_window': 9, 'max_window': 16, 'use_full_instance': False, 'max_partners': 5, 'homeostasis': 'mean', 'target': 0.91, 'spread': 0.095, 'learning_rate': 0.0003}",ppo,300,linear,0.0003,,,,,,,
CountRecallMedium,filterbank+proj,1,416,0.0,-0.9269904200000001,0.041747176777401376,-0.9242454381363777,-0.9237885545267488,642.0,"{'decomposition': 'legendre', 'n_filters': 12, 'slowest': 0.029334592739296388, 'input_scaling': 0.049068279099124805, 'bias_dist': 'uniform', 'bias_scaling': 0.46763789100254544, 'lr': 0.2715862958761201, 'weight_increment': 0.1852507853053407, 'min_window': 9, 'max_window': 16, 'use_full_instance': False, 'max_partners': 5, 'homeostasis': 'mean', 'target': 0.91, 'spread': 0.095, 'learning_rate': 0.001}",ppo,300,linear,0.001,,,,,,,
CountRecallMedium,filterbank+proj,0,416,0.0,-0.9238837,0.049556953231711096,-0.9244970732284274,-0.9241281820987653,669.0,"{'decomposition': 'legendre', 'n_filters': 12, 'slowest': 0.029334592739296388, 'input_scaling': 0.049068279099124805, 'bias_dist': 'uniform', 'bias_scaling': 0.46763789100254544, 'lr': 0.2715862958761201, 'weight_increment': 0.1852507853053407, 'min_window': 9, 'max_window': 16, 'use_full_instance': False, 'max_partners': 5, 'homeostasis': 'mean', 'target': 0.91, 'spread': 0.095, 'learning_rate': 0.001}",ppo,300,linear,0.001,,,,,,,
CountRecallMedium,filterbank+proj,2,416,0.0,-0.91805844,0.0318565705324098,-0.9233227899825157,-0.9210916738683128,683.0,"{'decomposition': 'legendre', 'n_filters': 12, 'slowest': 0.029334592739296388, 'input_scaling': 0.049068279099124805, 'bias_dist': 'uniform', 'bias_scaling': 0.46763789100254544, 'lr': 0.2715862958761201, 'weight_increment': 0.1852507853053407, 'min_window': 9, 'max_window': 16, 'use_full_instance': False, 'max_partners': 5, 'homeostasis': 'mean', 'target': 0.91, 'spread': 0.095, 'learning_rate': 0.001}",ppo,300,linear,0.001,,,,,,,
CountRecallMedium,filterbank+proj,3,416,0.0,-0.9343691599999999,0.03599109976055747,-0.9243313135863417,-0.9248473518518517,627.0,"{'decomposition': 'legendre', 'n_filters': 12, 'slowest': 0.029334592739296388, 'input_scaling': 0.049068279099124805, 'bias_dist': 'uniform', 'bias_scaling': 0.46763789100254544, 'lr': 0.2715862958761201, 'weight_increment': 0.1852507853053407, 'min_window': 9, 'max_window': 16, 'use_full_instance': False, 'max_partners': 5, 'homeostasis': 'mean', 'target': 0.91, 'spread': 0.095, 'learning_rate': 0.001}",ppo,300,linear,0.001,,,,,,,
CountRecallMedium,filterbank+proj,4,416,0.0,-0.91805838,0.036901498868143555,-0.9243113377558367,-0.926105883744856,622.0,"{'decomposition': 'legendre', 'n_filters': 12, 'slowest': 0.029334592739296388, 'input_scaling': 0.049068279099124805, 'bias_dist': 'uniform', 'bias_scaling': 0.46763789100254544, 'lr': 0.2715862958761201, 'weight_increment': 0.1852507853053407, 'min_window': 9, 'max_window': 16, 'use_full_instance': False, 'max_partners': 5, 'homeostasis': 'mean', 'target': 0.91, 'spread': 0.095, 'learning_rate': 0.001}",ppo,300,linear,0.001,,,,,,,
CountRecallMedium,filterbank+proj,5,416,0.0,-0.9254370199999999,0.04079714647104134,-0.9247846475367685,-0.9262856666666668,620.0,"{'decomposition': 'legendre', 'n_filters': 12, 'slowest': 0.029334592739296388, 'input_scaling': 0.049068279099124805, 'bias_dist': 'uniform', 'bias_scaling': 0.46763789100254544, 'lr': 0.2715862958761201, 'weight_increment': 0.1852507853053407, 'min_window': 9, 'max_window': 16, 'use_full_instance': False, 'max_partners': 5, 'homeostasis': 'mean', 'target': 0.91, 'spread': 0.095, 'learning_rate': 0.001}",ppo,300,linear,0.001,,,,,,,
CountRecallMedium,filterbank+proj,6,416,0.0,-0.9184467599999999,0.04393676574330889,-0.9237681368919058,-0.9223701862139917,625.0,"{'decomposition': 'legendre', 'n_filters': 12, 'slowest': 0.029334592739296388, 'input_scaling': 0.049068279099124805, 'bias_dist': 'uniform', 'bias_scaling': 0.46763789100254544, 'lr': 0.2715862958761201, 'weight_increment': 0.1852507853053407, 'min_window': 9, 'max_window': 16, 'use_full_instance': False, 'max_partners': 5, 'homeostasis': 'mean', 'target': 0.91, 'spread': 0.095, 'learning_rate': 0.001}",ppo,300,linear,0.001,,,,,,,
CountRecallMedium,filterbank+proj,8,416,0.0,-0.92233026,0.040171226694145155,-0.922482021906819,-0.9222103868312758,622.0,"{'decomposition': 'legendre', 'n_filters': 12, 'slowest': 0.029334592739296388, 'input_scaling': 0.049068279099124805, 'bias_dist': 'uniform', 'bias_scaling': 0.46763789100254544, 'lr': 0.2715862958761201, 'weight_increment': 0.1852507853053407, 'min_window': 9, 'max_window': 16, 'use_full_instance': False, 'max_partners': 5, 'homeostasis': 'mean', 'target': 0.91, 'spread': 0.095, 'learning_rate': 0.001}",ppo,300,linear,0.001,,,,,,,
CountRecallMedium,filterbank+proj,9,416,0.0,-0.94601962,0.02642208885602348,-0.9408350934896637,-0.944164945473251,626.0,"{'decomposition': 'legendre', 'n_filters': 12, 'slowest': 0.029334592739296388, 'input_scaling': 0.049068279099124805, 'bias_dist': 'uniform', 'bias_scaling': 0.46763789100254544, 'lr': 0.2715862958761201, 'weight_increment': 0.1852507853053407, 'min_window': 9, 'max_window': 16, 'use_full_instance': False, 'max_partners': 5, 'homeostasis': 'mean', 'target': 0.91, 'spread': 0.095, 'learning_rate': 0.001}",ppo,300,linear,0.001,,,,,,,
CountRecallMedium,filterbank+proj,7,416,0.0,-0.93941762,0.04176156849778995,-0.9449470521443998,-0.943565640946502,682.0,"{'decomposition': 'legendre', 'n_filters': 12, 'slowest': 0.029334592739296388, 'input_scaling': 0.049068279099124805, 'bias_dist': 'uniform', 'bias_scaling': 0.46763789100254544, 'lr': 0.2715862958761201, 'weight_increment': 0.1852507853053407, 'min_window': 9, 'max_window': 16, 'use_full_instance': False, 'max_partners': 5, 'homeostasis': 'mean', 'target': 0.91, 'spread': 0.095, 'learning_rate': 0.001}",ppo,300,linear,0.001,,,,,,,
CountRecallMedium,filterbank+proj,3,416,0.0,-0.9176700599999998,0.04351596486551116,-0.9247167477116116,-0.9248273477366254,629.0,"{'decomposition': 'legendre', 'n_filters': 12, 'slowest': 0.029334592739296388, 'input_scaling': 0.049068279099124805, 'bias_dist': 'uniform', 'bias_scaling': 0.46763789100254544, 'lr': 0.2715862958761201, 'weight_increment': 0.1852507853053407, 'min_window': 9, 'max_window': 16, 'use_full_instance': False, 'max_partners': 5, 'homeostasis': 'mean', 'target': 0.91, 'spread': 0.095, 'learning_rate': 0.003}",ppo,300,linear,0.003,,,,,,,
CountRecallMedium,filterbank+proj,0,416,0.0,-0.9285438599999999,0.046348850258451944,-0.9239658475779082,-0.9215911049382717,656.0,"{'decomposition': 'legendre', 'n_filters': 12, 'slowest': 0.029334592739296388, 'input_scaling': 0.049068279099124805, 'bias_dist': 'uniform', 'bias_scaling': 0.46763789100254544, 'lr': 0.2715862958761201, 'weight_increment': 0.1852507853053407, 'min_window': 9, 'max_window': 16, 'use_full_instance': False, 'max_partners': 5, 'homeostasis': 'mean', 'target': 0.91, 'spread': 0.095, 'learning_rate': 0.003}",ppo,300,linear,0.003,,,,,,,
CountRecallMedium,filterbank+proj,2,416,0.0,-0.91805844,0.0318565705324098,-0.9235923973053584,-0.9210916738683128,639.0,"{'decomposition': 'legendre', 'n_filters': 12, 'slowest': 0.029334592739296388, 'input_scaling': 0.049068279099124805, 'bias_dist': 'uniform', 'bias_scaling': 0.46763789100254544, 'lr': 0.2715862958761201, 'weight_increment': 0.1852507853053407, 'min_window': 9, 'max_window': 16, 'use_full_instance': False, 'max_partners': 5, 'homeostasis': 'mean', 'target': 0.91, 'spread': 0.095, 'learning_rate': 0.003}",ppo,300,linear,0.003,,,,,,,
CountRecallMedium,filterbank+proj,4,416,0.0,-0.9192234200000001,0.052154717090246036,-0.923748169392163,-0.9245476841563786,639.0,"{'decomposition': 'legendre', 'n_filters': 12, 'slowest': 0.029334592739296388, 'input_scaling': 0.049068279099124805, 'bias_dist': 'uniform', 'bias_scaling': 0.46763789100254544, 'lr': 0.2715862958761201, 'weight_increment': 0.1852507853053407, 'min_window': 9, 'max_window': 16, 'use_full_instance': False, 'max_partners': 5, 'homeostasis': 'mean', 'target': 0.91, 'spread': 0.095, 'learning_rate': 0.003}",ppo,300,linear,0.003,,,,,,,
CountRecallMedium,filterbank+proj,8,416,0.0,-0.92660212,0.0400378091691541,-0.9243452920909184,-0.9233690298353908,626.0,"{'decomposition': 'legendre', 'n_filters': 12, 'slowest': 0.029334592739296388, 'input_scaling': 0.049068279099124805, 'bias_dist': 'uniform', 'bias_scaling': 0.46763789100254544, 'lr': 0.2715862958761201, 'weight_increment': 0.1852507853053407, 'min_window': 9, 'max_window': 16, 'use_full_instance': False, 'max_partners': 5, 'homeostasis': 'mean', 'target': 0.91, 'spread': 0.095, 'learning_rate': 0.003}",ppo,300,linear,0.003,,,,,,,
CountRecallMedium,filterbank+proj,5,416,0.0,-0.9056312000000001,0.04595181793531134,-0.9246109046590558,-0.924867329218107,657.0,"{'decomposition': 'legendre', 'n_filters': 12, 'slowest': 0.029334592739296388, 'input_scaling': 0.049068279099124805, 'bias_dist': 'uniform', 'bias_scaling': 0.46763789100254544, 'lr': 0.2715862958761201, 'weight_increment': 0.1852507853053407, 'min_window': 9, 'max_window': 16, 'use_full_instance': False, 'max_partners': 5, 'homeostasis': 'mean', 'target': 0.91, 'spread': 0.095, 'learning_rate': 0.003}",ppo,300,linear,0.003,,,,,,,
CountRecallMedium,filterbank+proj,1,416,0.0,-0.923107,0.03784368980688856,-0.9248665244266172,-0.9258062294238684,672.0,"{'decomposition': 'legendre', 'n_filters': 12, 'slowest': 0.029334592739296388, 'input_scaling': 0.049068279099124805, 'bias_dist': 'uniform', 'bias_scaling': 0.46763789100254544, 'lr': 0.2715862958761201, 'weight_increment': 0.1852507853053407, 'min_window': 9, 'max_window': 16, 'use_full_instance': False, 'max_partners': 5, 'homeostasis': 'mean', 'target': 0.91, 'spread': 0.095, 'learning_rate': 0.003}",ppo,300,linear,0.003,,,,,,,
CountRecallMedium,filterbank+proj,9,416,0.0,-0.9335924200000001,0.03865785342208748,-0.9245110508073638,-0.9234889074074074,647.0,"{'decomposition': 'legendre', 'n_filters': 12, 'slowest': 0.029334592739296388, 'input_scaling': 0.049068279099124805, 'bias_dist': 'uniform', 'bias_scaling': 0.46763789100254544, 'lr': 0.2715862958761201, 'weight_increment': 0.1852507853053407, 'min_window': 9, 'max_window': 16, 'use_full_instance': False, 'max_partners': 5, 'homeostasis': 'mean', 'target': 0.91, 'spread': 0.095, 'learning_rate': 0.003}",ppo,300,linear,0.003,,,,,,,
CountRecallMedium,filterbank+proj,2,416,0.0,-0.9200001400000001,0.05596017432603656,-0.9238560082279133,-0.9263455956790123,622.0,"{'decomposition': 'legendre', 'n_filters': 12, 'slowest': 0.029334592739296388, 'input_scaling': 0.049068279099124805, 'bias_dist': 'uniform', 'bias_scaling': 0.46763789100254544, 'lr': 0.2715862958761201, 'weight_increment': 0.1852507853053407, 'min_window': 9, 'max_window': 16, 'use_full_instance': False, 'max_partners': 5, 'homeostasis': 'mean', 'target': 0.91, 'spread': 0.095, 'learning_rate': 0.01}",ppo,300,linear,0.01,,,,,,,
CountRecallMedium,filterbank+proj,7,416,0.0,-0.92038852,0.037501430273652235,-0.9255934597346498,-0.9242280504115227,681.0,"{'decomposition': 'legendre', 'n_filters': 12, 'slowest': 0.029334592739296388, 'input_scaling': 0.049068279099124805, 'bias_dist': 'uniform', 'bias_scaling': 0.46763789100254544, 'lr': 0.2715862958761201, 'weight_increment': 0.1852507853053407, 'min_window': 9, 'max_window': 16, 'use_full_instance': False, 'max_partners': 5, 'homeostasis': 'mean', 'target': 0.91, 'spread': 0.095, 'learning_rate': 0.003}",ppo,300,linear,0.003,,,,,,,
CountRecallMedium,filterbank+proj,3,416,0.0,-0.9343691599999999,0.03599109976055747,-0.9246049112413862,-0.9248473518518517,627.0,"{'decomposition': 'legendre', 'n_filters': 12, 'slowest': 0.029334592739296388, 'input_scaling': 0.049068279099124805, 'bias_dist': 'uniform', 'bias_scaling': 0.46763789100254544, 'lr': 0.2715862958761201, 'weight_increment': 0.1852507853053407, 'min_window': 9, 'max_window': 16, 'use_full_instance': False, 'max_partners': 5, 'homeostasis': 'mean', 'target': 0.91, 'spread': 0.095, 'learning_rate': 0.01}",ppo,300,linear,0.01,,,,,,,
CountRecallMedium,filterbank+proj,6,416,0.0,-0.9304856000000001,0.043260527868254225,-0.9249683825979635,-0.9267651152263373,693.0,"{'decomposition': 'legendre', 'n_filters': 12, 'slowest': 0.029334592739296388, 'input_scaling': 0.049068279099124805, 'bias_dist': 'uniform', 'bias_scaling': 0.46763789100254544, 'lr': 0.2715862958761201, 'weight_increment': 0.1852507853053407, 'min_window': 9, 'max_window': 16, 'use_full_instance': False, 'max_partners': 5, 'homeostasis': 'mean', 'target': 0.91, 'spread': 0.095, 'learning_rate': 0.003}",ppo,300,linear,0.003,,,,,,,
CountRecallMedium,filterbank+proj,0,416,0.0,-0.92194194,0.04007534602541069,-0.9236003835236041,-0.9243878693415638,655.0,"{'decomposition': 'legendre', 'n_filters': 12, 'slowest': 0.029334592739296388, 'input_scaling': 0.049068279099124805, 'bias_dist': 'uniform', 'bias_scaling': 0.46763789100254544, 'lr': 0.2715862958761201, 'weight_increment': 0.1852507853053407, 'min_window': 9, 'max_window': 16, 'use_full_instance': False, 'max_partners': 5, 'homeostasis': 'mean', 'target': 0.91, 'spread': 0.095, 'learning_rate': 0.01}",ppo,300,linear,0.01,,,,,,,
CountRecallMedium,filterbank+proj,4,416,0.0,-0.9269904999999998,0.043861164866542256,-0.9240477293016557,-0.9232691738683128,621.0,"{'decomposition': 'legendre', 'n_filters': 12, 'slowest': 0.029334592739296388, 'input_scaling': 0.049068279099124805, 'bias_dist': 'uniform', 'bias_scaling': 0.46763789100254544, 'lr': 0.2715862958761201, 'weight_increment': 0.1852507853053407, 'min_window': 9, 'max_window': 16, 'use_full_instance': False, 'max_partners': 5, 'homeostasis': 'mean', 'target': 0.91, 'spread': 0.095, 'learning_rate': 0.01}",ppo,300,linear,0.01,,,,,,,
CountRecallMedium,filterbank+proj,1,416,0.0,-0.9196117400000002,0.0394151614939277,-0.9246069073331274,-0.9245676502057613,676.0,"{'decomposition': 'legendre', 'n_filters': 12, 'slowest': 0.029334592739296388, 'input_scaling': 0.049068279099124805, 'bias_dist': 'uniform', 'bias_scaling': 0.46763789100254544, 'lr': 0.2715862958761201, 'weight_increment': 0.1852507853053407, 'min_window': 9, 'max_window': 16, 'use_full_instance': False, 'max_partners': 5, 'homeostasis': 'mean', 'target': 0.91, 'spread': 0.095, 'learning_rate': 0.01}",ppo,300,linear,0.01,,,,,,,
CountRecallMedium,filterbank+proj,6,416,0.0,-0.9246603400000001,0.043874971153317024,-0.9243512801604444,-0.9244078456790122,624.0,"{'decomposition': 'legendre', 'n_filters': 12, 'slowest': 0.029334592739296388, 'input_scaling': 0.049068279099124805, 'bias_dist': 'uniform', 'bias_scaling': 0.46763789100254544, 'lr': 0.2715862958761201, 'weight_increment': 0.1852507853053407, 'min_window': 9, 'max_window': 16, 'use_full_instance': False, 'max_partners': 5, 'homeostasis': 'mean', 'target': 0.91, 'spread': 0.095, 'learning_rate': 0.01}",ppo,300,linear,0.01,,,,,,,
CountRecallMedium,filterbank+esn,0,416,38.50961538461539,-0.88310694,0.057665649728901876,-0.8863574685826122,-0.8690221979381444,581.0,"{'decomposition': 'legendre', 'n_filters': 12, 'slowest': 0.0056263882716246225, 'input_scaling': 0.06344812061556386, 'bias_dist': 'foldnorm', 'bias_scaling': 0.24743237591527745, 'lr': 0.7604293811879814, 'sr': 1.3687477885807093, 'rc_connectivity': 0.0925705874783593, 'learning_rate': 0.0001}",dqn,300,linear,0.0001,,,,,,,
CountRecallMedium,filterbank+proj,5,416,0.0,-0.95067982,0.02751812371924365,-0.9433813542116631,-0.9409886481481482,654.0,"{'decomposition': 'legendre', 'n_filters': 12, 'slowest': 0.029334592739296388, 'input_scaling': 0.049068279099124805, 'bias_dist': 'uniform', 'bias_scaling': 0.46763789100254544, 'lr': 0.2715862958761201, 'weight_increment': 0.1852507853053407, 'min_window': 9, 'max_window': 16, 'use_full_instance': False, 'max_partners': 5, 'homeostasis': 'mean', 'target': 0.91, 'spread': 0.095, 'learning_rate': 0.01}",ppo,300,linear,0.01,,,,,,,
CountRecallMedium,filterbank+esn,1,416,38.50961538461539,-0.86174762,0.06811523922879226,-0.8891376873712402,-0.8689020917525774,576.0,"{'decomposition': 'legendre', 'n_filters': 12, 'slowest': 0.0056263882716246225, 'input_scaling': 0.06344812061556386, 'bias_dist': 'foldnorm', 'bias_scaling': 0.24743237591527745, 'lr': 0.7604293811879814, 'sr': 1.3687477885807093, 'rc_connectivity': 0.0925705874783593, 'learning_rate': 0.0001}",dqn,300,linear,0.0001,,,,,,,
CountRecallMedium,filterbank+esn,4,416,38.50961538461539,-0.8093204199999999,0.06552528930026635,-0.8683520791100126,-0.8600541226804123,572.0,"{'decomposition': 'legendre', 'n_filters': 12, 'slowest': 0.0056263882716246225, 'input_scaling': 0.06344812061556386, 'bias_dist': 'foldnorm', 'bias_scaling': 0.24743237591527745, 'lr': 0.7604293811879814, 'sr': 1.3687477885807093, 'rc_connectivity': 0.0925705874783593, 'learning_rate': 0.0001}",dqn,300,linear,0.0001,,,,,,,
CountRecallMedium,filterbank+esn,3,416,38.50961538461539,-0.82019418,0.06519312909860671,-0.8659398923568192,-0.8426384257731959,573.0,"{'decomposition': 'legendre', 'n_filters': 12, 'slowest': 0.0056263882716246225, 'input_scaling': 0.06344812061556386, 'bias_dist': 'foldnorm', 'bias_scaling': 0.24743237591527745, 'lr': 0.7604293811879814, 'sr': 1.3687477885807093, 'rc_connectivity': 0.0925705874783593, 'learning_rate': 0.0001}",dqn,300,linear,0.0001,,,,,,,
CountRecallMedium,filterbank+esn,2,416,38.50961538461539,-0.8772816,0.06468569646714797,-0.8899557526782036,-0.8827746072164949,583.0,"{'decomposition': 'legendre', 'n_filters': 12, 'slowest': 0.0056263882716246225, 'input_scaling': 0.06344812061556386, 'bias_dist': 'foldnorm', 'bias_scaling': 0.24743237591527745, 'lr': 0.7604293811879814, 'sr': 1.3687477885807093, 'rc_connectivity': 0.0925705874783593, 'learning_rate': 0.0001}",dqn,300,linear,0.0001,,,,,,,
CountRecallMedium,filterbank+proj,9,416,0.0,-0.9114565,0.04167488121698729,-0.92534981610614,-0.9250271183127573,638.0,"{'decomposition': 'legendre', 'n_filters': 12, 'slowest': 0.029334592739296388, 'input_scaling': 0.049068279099124805, 'bias_dist': 'uniform', 'bias_scaling': 0.46763789100254544, 'lr': 0.2715862958761201, 'weight_increment': 0.1852507853053407, 'min_window': 9, 'max_window': 16, 'use_full_instance': False, 'max_partners': 5, 'homeostasis': 'mean', 'target': 0.91, 'spread': 0.095, 'learning_rate': 0.01}",ppo,300,linear,0.01,,,,,,,
CountRecallMedium,filterbank+esn,6,416,38.50961538461539,-0.8671845,0.0463358877075858,-0.8779628229295428,-0.8573717082474226,604.0,"{'decomposition': 'legendre', 'n_filters': 12, 'slowest': 0.0056263882716246225, 'input_scaling': 0.06344812061556386, 'bias_dist': 'foldnorm', 'bias_scaling': 0.24743237591527745, 'lr': 0.7604293811879814, 'sr': 1.3687477885807093, 'rc_connectivity': 0.0925705874783593, 'learning_rate': 0.0001}",dqn,300,linear,0.0001,,,,,,,
CountRecallMedium,filterbank+proj,8,416,0.0,-0.9250487599999999,0.03538249273500103,-0.9251940442250332,-0.9252069002057614,689.0,"{'decomposition': 'legendre', 'n_filters': 12, 'slowest': 0.029334592739296388, 'input_scaling': 0.049068279099124805, 'bias_dist': 'uniform', 'bias_scaling': 0.46763789100254544, 'lr': 0.2715862958761201, 'weight_increment': 0.1852507853053407, 'min_window': 9, 'max_window': 16, 'use_full_instance': False, 'max_partners': 5, 'homeostasis': 'mean', 'target': 0.91, 'spread': 0.095, 'learning_rate': 0.01}",ppo,300,linear,0.01,,,,,,,
CountRecallMedium,filterbank+esn,5,416,38.50961538461539,-0.7627184,0.0727874167699335,-0.8756326447259991,-0.8522671288659794,631.0,"{'decomposition': 'legendre', 'n_filters': 12, 'slowest': 0.0056263882716246225, 'input_scaling': 0.06344812061556386, 'bias_dist': 'foldnorm', 'bias_scaling': 0.24743237591527745, 'lr': 0.7604293811879814, 'sr': 1.3687477885807093, 'rc_connectivity': 0.0925705874783593, 'learning_rate': 0.0001}",dqn,300,linear,0.0001,,,,,,,
CountRecallMedium,filterbank+proj,7,416,0.0,-0.92932054,0.042676156105352324,-0.9246168962254449,-0.9243279248971193,709.0,"{'decomposition': 'legendre', 'n_filters': 12, 'slowest': 0.029334592739296388, 'input_scaling': 0.049068279099124805, 'bias_dist': 'uniform', 'bias_scaling': 0.46763789100254544, 'lr': 0.2715862958761201, 'weight_increment': 0.1852507853053407, 'min_window': 9, 'max_window': 16, 'use_full_instance': False, 'max_partners': 5, 'homeostasis': 'mean', 'target': 0.91, 'spread': 0.095, 'learning_rate': 0.01}",ppo,300,linear,0.01,,,,,,,
CountRecallMedium,filterbank+esn,8,416,38.50961538461539,-0.8598058399999999,0.045668637847152846,-0.86181157447466,-0.8329096515463916,599.0,"{'decomposition': 'legendre', 'n_filters': 12, 'slowest': 0.0056263882716246225, 'input_scaling': 0.06344812061556386, 'bias_dist': 'foldnorm', 'bias_scaling': 0.24743237591527745, 'lr': 0.7604293811879814, 'sr': 1.3687477885807093, 'rc_connectivity': 0.0925705874783593, 'learning_rate': 0.0001}",dqn,300,linear,0.0001,,,,,,,
CountRecallMedium,filterbank+esn,2,416,38.50961538461539,-0.8862136599999999,0.04562251662484656,-0.9020526855170993,-0.894625286597938,567.0,"{'decomposition': 'legendre', 'n_filters': 12, 'slowest': 0.0056263882716246225, 'input_scaling': 0.06344812061556386, 'bias_dist': 'foldnorm', 'bias_scaling': 0.24743237591527745, 'lr': 0.7604293811879814, 'sr': 1.3687477885807093, 'rc_connectivity': 0.0925705874783593, 'learning_rate': 0.0003}",dqn,300,linear,0.0003,,,,,,,
CountRecallMedium,filterbank+esn,9,416,38.50961538461539,-0.8341748400000002,0.0537005515771896,-0.8731164487021014,-0.850325349484536,604.0,"{'decomposition': 'legendre', 'n_filters': 12, 'slowest': 0.0056263882716246225, 'input_scaling': 0.06344812061556386, 'bias_dist': 'foldnorm', 'bias_scaling': 0.24743237591527745, 'lr': 0.7604293811879814, 'sr': 1.3687477885807093, 'rc_connectivity': 0.0925705874783593, 'learning_rate': 0.0001}",dqn,300,linear,0.0001,,,,,,,
CountRecallMedium,filterbank+esn,6,416,38.50961538461539,-0.8753399399999999,0.042557603041247526,-0.904266854552946,-0.8989691896907216,565.0,"{'decomposition': 'legendre', 'n_filters': 12, 'slowest': 0.0056263882716246225, 'input_scaling': 0.06344812061556386, 'bias_dist': 'foldnorm', 'bias_scaling': 0.24743237591527745, 'lr': 0.7604293811879814, 'sr': 1.3687477885807093, 'rc_connectivity': 0.0925705874783593, 'learning_rate': 0.0003}",dqn,300,linear,0.0003,,,,,,,
CountRecallMedium,filterbank+esn,1,416,38.50961538461539,-0.9021361199999999,0.03744309024246797,-0.9120674616810878,-0.9060756144329896,617.0,"{'decomposition': 'legendre', 'n_filters': 12, 'slowest': 0.0056263882716246225, 'input_scaling': 0.06344812061556386, 'bias_dist': 'foldnorm', 'bias_scaling': 0.24743237591527745, 'lr': 0.7604293811879814, 'sr': 1.3687477885807093, 'rc_connectivity': 0.0925705874783593, 'learning_rate': 0.0003}",dqn,300,linear,0.0003,,,,,,,
CountRecallMedium,filterbank+esn,0,416,38.50961538461539,-0.87300982,0.04915510109874255,-0.9014266321590441,-0.8876590010309278,633.0,"{'decomposition': 'legendre', 'n_filters': 12, 'slowest': 0.0056263882716246225, 'input_scaling': 0.06344812061556386, 'bias_dist': 'foldnorm', 'bias_scaling': 0.24743237591527745, 'lr': 0.7604293811879814, 'sr': 1.3687477885807093, 'rc_connectivity': 0.0925705874783593, 'learning_rate': 0.0003}",dqn,300,linear,0.0003,,,,,,,
CountRecallMedium,filterbank+esn,3,416,38.50961538461539,-0.8500970999999999,0.053816989855342154,-0.8824571737742067,-0.8666000422680411,614.0,"{'decomposition': 'legendre', 'n_filters': 12, 'slowest': 0.0056263882716246225, 'input_scaling': 0.06344812061556386, 'bias_dist': 'foldnorm', 'bias_scaling': 0.24743237591527745, 'lr': 0.7604293811879814, 'sr': 1.3687477885807093, 'rc_connectivity': 0.0925705874783593, 'learning_rate': 0.0003}",dqn,300,linear,0.0003,,,,,,,
CountRecallMedium,filterbank+esn,7,416,38.50961538461539,-0.8889321799999997,0.05628256643035746,-0.8993704780593327,-0.8949856103092784,584.0,"{'decomposition': 'legendre', 'n_filters': 12, 'slowest': 0.0056263882716246225, 'input_scaling': 0.06344812061556386, 'bias_dist': 'foldnorm', 'bias_scaling': 0.24743237591527745, 'lr': 0.7604293811879814, 'sr': 1.3687477885807093, 'rc_connectivity': 0.0925705874783593, 'learning_rate': 0.0003}",dqn,300,linear,0.0003,,,,,,,
CountRecallMedium,filterbank+esn,5,416,38.50961538461539,-0.8508738799999999,0.058824453596999955,-0.9113253980222497,-0.9035332989690721,621.0,"{'decomposition': 'legendre', 'n_filters': 12, 'slowest': 0.0056263882716246225, 'input_scaling': 0.06344812061556386, 'bias_dist': 'foldnorm', 'bias_scaling': 0.24743237591527745, 'lr': 0.7604293811879814, 'sr': 1.3687477885807093, 'rc_connectivity': 0.0925705874783593, 'learning_rate': 0.0003}",dqn,300,linear,0.0003,,,,,,,
CountRecallMedium,filterbank+esn,4,416,38.50961538461539,-0.8431068399999999,0.0616290454326075,-0.8856934180057685,-0.8793114762886597,654.0,"{'decomposition': 'legendre', 'n_filters': 12, 'slowest': 0.0056263882716246225, 'input_scaling': 0.06344812061556386, 'bias_dist': 'foldnorm', 'bias_scaling': 0.24743237591527745, 'lr': 0.7604293811879814, 'sr': 1.3687477885807093, 'rc_connectivity': 0.0925705874783593, 'learning_rate': 0.0003}",dqn,300,linear,0.0003,,,,,,,
CountRecallMedium,filterbank+esn,7,416,38.50961538461539,-0.8256311199999999,0.06375211305757324,-0.8693481602801812,-0.8521269907216493,736.0,"{'decomposition': 'legendre', 'n_filters': 12, 'slowest': 0.0056263882716246225, 'input_scaling': 0.06344812061556386, 'bias_dist': 'foldnorm', 'bias_scaling': 0.24743237591527745, 'lr': 0.7604293811879814, 'sr': 1.3687477885807093, 'rc_connectivity': 0.0925705874783593, 'learning_rate': 0.0001}",dqn,300,linear,0.0001,,,,,,,
CountRecallMedium,filterbank+esn,9,416,38.50961538461539,-0.8858253400000001,0.055418479990923614,-0.8911738459002885,-0.8779702793814433,597.0,"{'decomposition': 'legendre', 'n_filters': 12, 'slowest': 0.0056263882716246225, 'input_scaling': 0.06344812061556386, 'bias_dist': 'foldnorm', 'bias_scaling': 0.24743237591527745, 'lr': 0.7604293811879814, 'sr': 1.3687477885807093, 'rc_connectivity': 0.0925705874783593, 'learning_rate': 0.0003}",dqn,300,linear,0.0003,,,,,,,
CountRecallMedium,filterbank+esn,8,416,38.50961538461539,-0.90019428,0.04578745882577019,-0.8919719043057274,-0.8715845020618556,617.0,"{'decomposition': 'legendre', 'n_filters': 12, 'slowest': 0.0056263882716246225, 'input_scaling': 0.06344812061556386, 'bias_dist': 'foldnorm', 'bias_scaling': 0.24743237591527745, 'lr': 0.7604293811879814, 'sr': 1.3687477885807093, 'rc_connectivity': 0.0925705874783593, 'learning_rate': 0.0003}",dqn,300,linear,0.0003,,,,,,,
CountRecallMedium,filterbank+esn,2,416,38.50961538461539,-0.8772817200000002,0.0540127781733323,-0.9074430998145858,-0.8982485494845361,594.0,"{'decomposition': 'legendre', 'n_filters': 12, 'slowest': 0.0056263882716246225, 'input_scaling': 0.06344812061556386, 'bias_dist': 'foldnorm', 'bias_scaling': 0.24743237591527745, 'lr': 0.7604293811879814, 'sr': 1.3687477885807093, 'rc_connectivity': 0.0925705874783593, 'learning_rate': 0.001}",dqn,300,linear,0.001,,,,,,,
CountRecallMedium,filterbank+esn,1,416,38.50961538461539,-0.9413594000000001,0.03611658494708491,-0.9223182458796868,-0.9225504329896907,606.0,"{'decomposition': 'legendre', 'n_filters': 12, 'slowest': 0.0056263882716246225, 'input_scaling': 0.06344812061556386, 'bias_dist': 'foldnorm', 'bias_scaling': 0.24743237591527745, 'lr': 0.7604293811879814, 'sr': 1.3687477885807093, 'rc_connectivity': 0.0925705874783593, 'learning_rate': 0.001}",dqn,300,linear,0.001,,,,,,,
CountRecallMedium,filterbank+esn,0,416,38.50961538461539,-0.9227186200000002,0.04063600166300321,-0.9179899071899464,-0.9128817278350514,618.0,"{'decomposition': 'legendre', 'n_filters': 12, 'slowest': 0.0056263882716246225, 'input_scaling': 0.06344812061556386, 'bias_dist': 'foldnorm', 'bias_scaling': 0.24743237591527745, 'lr': 0.7604293811879814, 'sr': 1.3687477885807093, 'rc_connectivity': 0.0925705874783593, 'learning_rate': 0.001}",dqn,300,linear,0.001,,,,,,,
CountRecallMedium,filterbank+esn,4,416,38.50961538461539,-0.9207768399999999,0.039190593600179124,-0.9227642828594974,-0.925453062886598,565.0,"{'decomposition': 'legendre', 'n_filters': 12, 'slowest': 0.0056263882716246225, 'input_scaling': 0.06344812061556386, 'bias_dist': 'foldnorm', 'bias_scaling': 0.24743237591527745, 'lr': 0.7604293811879814, 'sr': 1.3687477885807093, 'rc_connectivity': 0.0925705874783593, 'learning_rate': 0.001}",dqn,300,linear,0.001,,,,,,,
CountRecallMedium,filterbank+esn,3,416,38.50961538461539,-0.89592246,0.04406696673845842,-0.9041048436341163,-0.901331330927835,588.0,"{'decomposition': 'legendre', 'n_filters': 12, 'slowest': 0.0056263882716246225, 'input_scaling': 0.06344812061556386, 'bias_dist': 'foldnorm', 'bias_scaling': 0.24743237591527745, 'lr': 0.7604293811879814, 'sr': 1.3687477885807093, 'rc_connectivity': 0.0925705874783593, 'learning_rate': 0.001}",dqn,300,linear,0.001,,,,,,,
CountRecallMedium,filterbank+esn,5,416,38.50961538461539,-0.9825244600000002,0.018318325804734435,-0.9211321530696334,-0.9258734350515463,575.0,"{'decomposition': 'legendre', 'n_filters': 12, 'slowest': 0.0056263882716246225, 'input_scaling': 0.06344812061556386, 'bias_dist': 'foldnorm', 'bias_scaling': 0.24743237591527745, 'lr': 0.7604293811879814, 'sr': 1.3687477885807093, 'rc_connectivity': 0.0925705874783593, 'learning_rate': 0.001}",dqn,300,linear,0.001,,,,,,,
CountRecallMedium,filterbank+esn,6,416,38.50961538461539,-0.87378648,0.052283198395369816,-0.9018726696538937,-0.8952458422680412,609.0,"{'decomposition': 'legendre', 'n_filters': 12, 'slowest': 0.0056263882716246225, 'input_scaling': 0.06344812061556386, 'bias_dist': 'foldnorm', 'bias_scaling': 0.24743237591527745, 'lr': 0.7604293811879814, 'sr': 1.3687477885807093, 'rc_connectivity': 0.0925705874783593, 'learning_rate': 0.001}",dqn,300,linear,0.001,,,,,,,
CountRecallMedium,filterbank+esn,9,416,38.50961538461539,-0.87650496,0.057570217584080756,-0.9209561398846313,-0.9239316938144329,591.0,"{'decomposition': 'legendre', 'n_filters': 12, 'slowest': 0.0056263882716246225, 'input_scaling': 0.06344812061556386, 'bias_dist': 'foldnorm', 'bias_scaling': 0.24743237591527745, 'lr': 0.7604293811879814, 'sr': 1.3687477885807093, 'rc_connectivity': 0.0925705874783593, 'learning_rate': 0.001}",dqn,300,linear,0.001,,,,,,,
CountRecallMedium,filterbank+esn,7,416,38.50961538461539,-0.8407767800000001,0.061526203383368304,-0.8854453991553358,-0.8769693597938144,598.0,"{'decomposition': 'legendre', 'n_filters': 12, 'slowest': 0.0056263882716246225, 'input_scaling': 0.06344812061556386, 'bias_dist': 'foldnorm', 'bias_scaling': 0.24743237591527745, 'lr': 0.7604293811879814, 'sr': 1.3687477885807093, 'rc_connectivity': 0.0925705874783593, 'learning_rate': 0.001}",dqn,300,linear,0.001,,,,,,,
CountRecallMedium,filterbank+esn,2,416,38.50961538461539,-0.9491263600000002,0.03782977599762389,-0.9240583783477544,-0.9233711865979382,585.0,"{'decomposition': 'legendre', 'n_filters': 12, 'slowest': 0.0056263882716246225, 'input_scaling': 0.06344812061556386, 'bias_dist': 'foldnorm', 'bias_scaling': 0.24743237591527745, 'lr': 0.7604293811879814, 'sr': 1.3687477885807093, 'rc_connectivity': 0.0925705874783593, 'learning_rate': 0.003}",dqn,300,linear,0.003,,,,,,,
CountRecallMedium,filterbank+esn,1,416,38.50961538461539,-0.89048558,0.04508208290223069,-0.9279106790276063,-0.9256132020618556,592.0,"{'decomposition': 'legendre', 'n_filters': 12, 'slowest': 0.0056263882716246225, 'input_scaling': 0.06344812061556386, 'bias_dist': 'foldnorm', 'bias_scaling': 0.24743237591527745, 'lr': 0.7604293811879814, 'sr': 1.3687477885807093, 'rc_connectivity': 0.0925705874783593, 'learning_rate': 0.003}",dqn,300,linear,0.003,,,,,,,
CountRecallMedium,filterbank+esn,5,416,38.50961538461539,-0.9363107999999998,0.03452606071882514,-0.896004223629996,-0.8935042752577319,565.0,"{'decomposition': 'legendre', 'n_filters': 12, 'slowest': 0.0056263882716246225, 'input_scaling': 0.06344812061556386, 'bias_dist': 'foldnorm', 'bias_scaling': 0.24743237591527745, 'lr': 0.7604293811879814, 'sr': 1.3687477885807093, 'rc_connectivity': 0.0925705874783593, 'learning_rate': 0.003}",dqn,300,linear,0.003,,,,,,,
CountRecallMedium,filterbank+esn,8,416,38.50961538461539,-0.9001943,0.04324653135004011,-0.9050209100741656,-0.8871585381443299,609.0,"{'decomposition': 'legendre', 'n_filters': 12, 'slowest': 0.0056263882716246225, 'input_scaling': 0.06344812061556386, 'bias_dist': 'foldnorm', 'bias_scaling': 0.24743237591527745, 'lr': 0.7604293811879814, 'sr': 1.3687477885807093, 'rc_connectivity': 0.0925705874783593, 'learning_rate': 0.001}",dqn,300,linear,0.001,,,,,,,
CountRecallMedium,filterbank+esn,3,416,38.50961538461539,-0.9168933399999999,0.04595678391341588,-0.9227322803873096,-0.9214894896907216,582.0,"{'decomposition': 'legendre', 'n_filters': 12, 'slowest': 0.0056263882716246225, 'input_scaling': 0.06344812061556386, 'bias_dist': 'foldnorm', 'bias_scaling': 0.24743237591527745, 'lr': 0.7604293811879814, 'sr': 1.3687477885807093, 'rc_connectivity': 0.0925705874783593, 'learning_rate': 0.003}",dqn,300,linear,0.003,,,,,,,
CountRecallMedium,filterbank+esn,0,416,38.50961538461539,-0.93359234,0.04547012156729296,-0.9260985314173877,-0.9270144670103092,637.0,"{'decomposition': 'legendre', 'n_filters': 12, 'slowest': 0.0056263882716246225, 'input_scaling': 0.06344812061556386, 'bias_dist': 'foldnorm', 'bias_scaling': 0.24743237591527745, 'lr': 0.7604293811879814, 'sr': 1.3687477885807093, 'rc_connectivity': 0.0925705874783593, 'learning_rate': 0.003}",dqn,300,linear,0.003,,,,,,,
CountRecallMedium,filterbank+esn,4,416,38.50961538461539,-0.9172816400000001,0.04591900034877067,-0.925746513906057,-0.9280954505154638,607.0,"{'decomposition': 'legendre', 'n_filters': 12, 'slowest': 0.0056263882716246225, 'input_scaling': 0.06344812061556386, 'bias_dist': 'foldnorm', 'bias_scaling': 0.24743237591527745, 'lr': 0.7604293811879814, 'sr': 1.3687477885807093, 'rc_connectivity': 0.0925705874783593, 'learning_rate': 0.003}",dqn,300,linear,0.003,,,,,,,
CountRecallMedium,filterbank+esn,8,416,38.50961538461539,-0.9351458199999999,0.03777385505065112,-0.9245984220230736,-0.9292364587628865,591.0,"{'decomposition': 'legendre', 'n_filters': 12, 'slowest': 0.0056263882716246225, 'input_scaling': 0.06344812061556386, 'bias_dist': 'foldnorm', 'bias_scaling': 0.24743237591527745, 'lr': 0.7604293811879814, 'sr': 1.3687477885807093, 'rc_connectivity': 0.0925705874783593, 'learning_rate': 0.003}",dqn,300,linear,0.003,,,,,,,
CountRecallMedium,filterbank+hag,1,416,4.954326923076923,-0.9467963399999999,0.0401355276609689,-0.9109193635146272,-0.9143830783505154,599.0,"{'decomposition': 'legendre', 'n_filters': 12, 'slowest': 0.029334592739296388, 'input_scaling': 0.049068279099124805, 'bias_dist': 'uniform', 'bias_scaling': 0.46763789100254544, 'lr': 0.2715862958761201, 'weight_increment': 0.1852507853053407, 'min_window': 9, 'max_window': 16, 'use_full_instance': False, 'max_partners': 5, 'homeostasis': 'mean', 'target': 0.91, 'spread': 0.095, 'learning_rate': 0.0001}",dqn,300,linear,0.0001,,,,,,,
CountRecallMedium,filterbank+esn,6,416,38.50961538461539,-0.9266021400000001,0.03458068162197501,-0.9266585808611454,-0.9239316948453608,625.0,"{'decomposition': 'legendre', 'n_filters': 12, 'slowest': 0.0056263882716246225, 'input_scaling': 0.06344812061556386, 'bias_dist': 'foldnorm', 'bias_scaling': 0.24743237591527745, 'lr': 0.7604293811879814, 'sr': 1.3687477885807093, 'rc_connectivity': 0.0925705874783593, 'learning_rate': 0.003}",dqn,300,linear,0.003,,,,,,,
CountRecallMedium,filterbank+esn,7,416,38.50961538461539,-0.9704856,0.030637763496051733,-0.9275406475072105,-0.9321190567010309,626.0,"{'decomposition': 'legendre', 'n_filters': 12, 'slowest': 0.0056263882716246225, 'input_scaling': 0.06344812061556386, 'bias_dist': 'foldnorm', 'bias_scaling': 0.24743237591527745, 'lr': 0.7604293811879814, 'sr': 1.3687477885807093, 'rc_connectivity': 0.0925705874783593, 'learning_rate': 0.003}",dqn,300,linear,0.003,,,,,,,
CountRecallMedium,filterbank+hag,0,416,4.8485576923076925,-0.9312623800000001,0.043455314614850055,-0.8900577539142974,-0.8939446670103092,616.0,"{'decomposition': 'legendre', 'n_filters': 12, 'slowest': 0.029334592739296388, 'input_scaling': 0.049068279099124805, 'bias_dist': 'uniform', 'bias_scaling': 0.46763789100254544, 'lr': 0.2715862958761201, 'weight_increment': 0.1852507853053407, 'min_window': 9, 'max_window': 16, 'use_full_instance': False, 'max_partners': 5, 'homeostasis': 'mean', 'target': 0.91, 'spread': 0.095, 'learning_rate': 0.0001}",dqn,300,linear,0.0001,,,,,,,
CountRecallMedium,filterbank+hag,3,416,4.836538461538462,-0.8994175599999998,0.04353855575838961,-0.904496867840956,-0.9036534092783506,584.0,"{'decomposition': 'legendre', 'n_filters': 12, 'slowest': 0.029334592739296388, 'input_scaling': 0.049068279099124805, 'bias_dist': 'uniform', 'bias_scaling': 0.46763789100254544, 'lr': 0.2715862958761201, 'weight_increment': 0.1852507853053407, 'min_window': 9, 'max_window': 16, 'use_full_instance': False, 'max_partners': 5, 'homeostasis': 'mean', 'target': 0.91, 'spread': 0.095, 'learning_rate': 0.0001}",dqn,300,linear,0.0001,,,,,,,
CountRecallMedium,filterbank+hag,5,416,4.923076923076923,-0.9386409200000001,0.03948204526254434,-0.9155017093119079,-0.9114604350515464,586.0,"{'decomposition': 'legendre', 'n_filters': 12, 'slowest': 0.029334592739296388, 'input_scaling': 0.049068279099124805, 'bias_dist': 'uniform', 'bias_scaling': 0.46763789100254544, 'lr': 0.2715862958761201, 'weight_increment': 0.1852507853053407, 'min_window': 9, 'max_window': 16, 'use_full_instance': False, 'max_partners': 5, 'homeostasis': 'mean', 'target': 0.91, 'spread': 0.095, 'learning_rate': 0.0001}",dqn,300,linear,0.0001,,,,,,,
CountRecallMedium,filterbank+hag,2,416,4.961538461538462,-0.8912623000000001,0.03902868202501848,-0.8906157971775857,-0.8858373587628866,609.0,"{'decomposition': 'legendre', 'n_filters': 12, 'slowest': 0.029334592739296388, 'input_scaling': 0.049068279099124805, 'bias_dist': 'uniform', 'bias_scaling': 0.46763789100254544, 'lr': 0.2715862958761201, 'weight_increment': 0.1852507853053407, 'min_window': 9, 'max_window': 16, 'use_full_instance': False, 'max_partners': 5, 'homeostasis': 'mean', 'target': 0.91, 'spread': 0.095, 'learning_rate': 0.0001}",dqn,300,linear,0.0001,,,,,,,
CountRecallMedium,filterbank+hag,7,416,4.935096153846154,-0.8365049399999998,0.07161761685797985,-0.8849533590852905,-0.89860886185567,576.0,"{'decomposition': 'legendre', 'n_filters': 12, 'slowest': 0.029334592739296388, 'input_scaling': 0.049068279099124805, 'bias_dist': 'uniform', 'bias_scaling': 0.46763789100254544, 'lr': 0.2715862958761201, 'weight_increment': 0.1852507853053407, 'min_window': 9, 'max_window': 16, 'use_full_instance': False, 'max_partners': 5, 'homeostasis': 'mean', 'target': 0.91, 'spread': 0.095, 'learning_rate': 0.0001}",dqn,300,linear,0.0001,,,,,,,
CountRecallMedium,filterbank+hag,8,416,4.877403846153846,-0.93126228,0.04293159925557864,-0.9151216847960445,-0.914142862886598,576.0,"{'decomposition': 'legendre', 'n_filters': 12, 'slowest': 0.029334592739296388, 'input_scaling': 0.049068279099124805, 'bias_dist': 'uniform', 'bias_scaling': 0.46763789100254544, 'lr': 0.2715862958761201, 'weight_increment': 0.1852507853053407, 'min_window': 9, 'max_window': 16, 'use_full_instance': False, 'max_partners': 5, 'homeostasis': 'mean', 'target': 0.91, 'spread': 0.095, 'learning_rate': 0.0001}",dqn,300,linear,0.0001,,,,,,,
CountRecallMedium,filterbank+hag,6,416,4.920673076923077,-0.8279611800000001,0.06369524890874986,-0.9002645369798106,-0.8893805577319587,593.0,"{'decomposition': 'legendre', 'n_filters': 12, 'slowest': 0.029334592739296388, 'input_scaling': 0.049068279099124805, 'bias_dist': 'uniform', 'bias_scaling': 0.46763789100254544, 'lr': 0.2715862958761201, 'weight_increment': 0.1852507853053407, 'min_window': 9, 'max_window': 16, 'use_full_instance': False, 'max_partners': 5, 'homeostasis': 'mean', 'target': 0.91, 'spread': 0.095, 'learning_rate': 0.0001}",dqn,300,linear,0.0001,,,,,,,
CountRecallMedium,filterbank+esn,9,416,38.50961538461539,-0.95961178,0.04125290371806087,-0.9255645015451175,-0.926253780412371,656.0,"{'decomposition': 'legendre', 'n_filters': 12, 'slowest': 0.0056263882716246225, 'input_scaling': 0.06344812061556386, 'bias_dist': 'foldnorm', 'bias_scaling': 0.24743237591527745, 'lr': 0.7604293811879814, 'sr': 1.3687477885807093, 'rc_connectivity': 0.0925705874783593, 'learning_rate': 0.003}",dqn,300,linear,0.003,,,,,,,
CountRecallMedium,filterbank+hag,0,416,4.8485576923076925,-0.8897088999999998,0.04536223322644071,-0.9201520731355584,-0.9132420463917525,577.0,"{'decomposition': 'legendre', 'n_filters': 12, 'slowest': 0.029334592739296388, 'input_scaling': 0.049068279099124805, 'bias_dist': 'uniform', 'bias_scaling': 0.46763789100254544, 'lr': 0.2715862958761201, 'weight_increment': 0.1852507853053407, 'min_window': 9, 'max_window': 16, 'use_full_instance': False, 'max_partners': 5, 'homeostasis': 'mean', 'target': 0.91, 'spread': 0.095, 'learning_rate': 0.0003}",dqn,300,linear,0.0003,,,,,,,
CountRecallMedium,filterbank+hag,4,416,4.913461538461538,-0.93165066,0.03585466379349275,-0.9151156801606922,-0.9089381701030926,636.0,"{'decomposition': 'legendre', 'n_filters': 12, 'slowest': 0.029334592739296388, 'input_scaling': 0.049068279099124805, 'bias_dist': 'uniform', 'bias_scaling': 0.46763789100254544, 'lr': 0.2715862958761201, 'weight_increment': 0.1852507853053407, 'min_window': 9, 'max_window': 16, 'use_full_instance': False, 'max_partners': 5, 'homeostasis': 'mean', 'target': 0.91, 'spread': 0.095, 'learning_rate': 0.0001}",dqn,300,linear,0.0001,,,,,,,
CountRecallMedium,filterbank+hag,1,416,4.954326923076923,-0.9514565400000001,0.025833314821145193,-0.9100772984136795,-0.9050746865979381,590.0,"{'decomposition': 'legendre', 'n_filters': 12, 'slowest': 0.029334592739296388, 'input_scaling': 0.049068279099124805, 'bias_dist': 'uniform', 'bias_scaling': 0.46763789100254544, 'lr': 0.2715862958761201, 'weight_increment': 0.1852507853053407, 'min_window': 9, 'max_window': 16, 'use_full_instance': False, 'max_partners': 5, 'homeostasis': 'mean', 'target': 0.91, 'spread': 0.095, 'learning_rate': 0.0003}",dqn,300,linear,0.0003,,,,,,,
CountRecallMedium,filterbank+hag,9,416,4.896634615384615,-0.9219419600000002,0.04315578357808372,-0.9114473993613514,-0.9106997659793814,632.0,"{'decomposition': 'legendre', 'n_filters': 12, 'slowest': 0.029334592739296388, 'input_scaling': 0.049068279099124805, 'bias_dist': 'uniform', 'bias_scaling': 0.46763789100254544, 'lr': 0.2715862958761201, 'weight_increment': 0.1852507853053407, 'min_window': 9, 'max_window': 16, 'use_full_instance': False, 'max_partners': 5, 'homeostasis': 'mean', 'target': 0.91, 'spread': 0.095, 'learning_rate': 0.0001}",dqn,300,linear,0.0001,,,,,,,
CountRecallMedium,filterbank+hag,5,416,4.923076923076923,-0.9355341600000001,0.03987734514451031,-0.9237243459002885,-0.9245522525773195,587.0,"{'decomposition': 'legendre', 'n_filters': 12, 'slowest': 0.029334592739296388, 'input_scaling': 0.049068279099124805, 'bias_dist': 'uniform', 'bias_scaling': 0.46763789100254544, 'lr': 0.2715862958761201, 'weight_increment': 0.1852507853053407, 'min_window': 9, 'max_window': 16, 'use_full_instance': False, 'max_partners': 5, 'homeostasis': 'mean', 'target': 0.91, 'spread': 0.095, 'learning_rate': 0.0003}",dqn,300,linear,0.0003,,,,,,,
CountRecallMedium,filterbank+hag,2,416,4.961538461538462,-0.9250487400000001,0.04428044606180476,-0.9101313067573134,-0.9053349237113403,595.0,"{'decomposition': 'legendre', 'n_filters': 12, 'slowest': 0.029334592739296388, 'input_scaling': 0.049068279099124805, 'bias_dist': 'uniform', 'bias_scaling': 0.46763789100254544, 'lr': 0.2715862958761201, 'weight_increment': 0.1852507853053407, 'min_window': 9, 'max_window': 16, 'use_full_instance': False, 'max_partners': 5, 'homeostasis': 'mean', 'target': 0.91, 'spread': 0.095, 'learning_rate': 0.0003}",dqn,300,linear,0.0003,,,,,,,
CountRecallMedium,filterbank+hag,4,416,4.913461538461538,-0.9965049400000001,0.007459767799094024,-0.921234156880923,-0.9159845268041236,602.0,"{'decomposition': 'legendre', 'n_filters': 12, 'slowest': 0.029334592739296388, 'input_scaling': 0.049068279099124805, 'bias_dist': 'uniform', 'bias_scaling': 0.46763789100254544, 'lr': 0.2715862958761201, 'weight_increment': 0.1852507853053407, 'min_window': 9, 'max_window': 16, 'use_full_instance': False, 'max_partners': 5, 'homeostasis': 'mean', 'target': 0.91, 'spread': 0.095, 'learning_rate': 0.0003}",dqn,300,linear,0.0003,,,,,,,
CountRecallMedium,filterbank+hag,7,416,4.935096153846154,-0.92621374,0.041645866157788106,-0.9211841504944376,-0.9181865010309278,584.0,"{'decomposition': 'legendre', 'n_filters': 12, 'slowest': 0.029334592739296388, 'input_scaling': 0.049068279099124805, 'bias_dist': 'uniform', 'bias_scaling': 0.46763789100254544, 'lr': 0.2715862958761201, 'weight_increment': 0.1852507853053407, 'min_window': 9, 'max_window': 16, 'use_full_instance': False, 'max_partners': 5, 'homeostasis': 'mean', 'target': 0.91, 'spread': 0.095, 'learning_rate': 0.0003}",dqn,300,linear,0.0003,,,,,,,
CountRecallMedium,filterbank+hag,6,416,4.920673076923077,-0.923107,0.041274820757939104,-0.918009911207252,-0.9234512360824743,619.0,"{'decomposition': 'legendre', 'n_filters': 12, 'slowest': 0.029334592739296388, 'input_scaling': 0.049068279099124805, 'bias_dist': 'uniform', 'bias_scaling': 0.46763789100254544, 'lr': 0.2715862958761201, 'weight_increment': 0.1852507853053407, 'min_window': 9, 'max_window': 16, 'use_full_instance': False, 'max_partners': 5, 'homeostasis': 'mean', 'target': 0.91, 'spread': 0.095, 'learning_rate': 0.0003}",dqn,300,linear,0.0003,,,,,,,
CountRecallMedium,filterbank+hag,8,416,4.877403846153846,-0.90252442,0.04384918938046176,-0.9219822127111661,-0.9213293391752577,599.0,"{'decomposition': 'legendre', 'n_filters': 12, 'slowest': 0.029334592739296388, 'input_scaling': 0.049068279099124805, 'bias_dist': 'uniform', 'bias_scaling': 0.46763789100254544, 'lr': 0.2715862958761201, 'weight_increment': 0.1852507853053407, 'min_window': 9, 'max_window': 16, 'use_full_instance': False, 'max_partners': 5, 'homeostasis': 'mean', 'target': 0.91, 'spread': 0.095, 'learning_rate': 0.0003}",dqn,300,linear,0.0003,,,,,,,
CountRecallMedium,filterbank+hag,3,416,4.836538461538462,-0.91145652,0.044645059460701825,-0.9230562965595386,-0.9192474639175258,640.0,"{'decomposition': 'legendre', 'n_filters': 12, 'slowest': 0.029334592739296388, 'input_scaling': 0.049068279099124805, 'bias_dist': 'uniform', 'bias_scaling': 0.46763789100254544, 'lr': 0.2715862958761201, 'weight_increment': 0.1852507853053407, 'min_window': 9, 'max_window': 16, 'use_full_instance': False, 'max_partners': 5, 'homeostasis': 'mean', 'target': 0.91, 'spread': 0.095, 'learning_rate': 0.0003}",dqn,300,linear,0.0003,,,,,,,
CountRecallMedium,filterbank+hag,2,416,4.961538461538462,-0.8706797000000001,0.05459182855345661,-0.9243704015245159,-0.9273547731958763,593.0,"{'decomposition': 'legendre', 'n_filters': 12, 'slowest': 0.029334592739296388, 'input_scaling': 0.049068279099124805, 'bias_dist': 'uniform', 'bias_scaling': 0.46763789100254544, 'lr': 0.2715862958761201, 'weight_increment': 0.1852507853053407, 'min_window': 9, 'max_window': 16, 'use_full_instance': False, 'max_partners': 5, 'homeostasis': 'mean', 'target': 0.91, 'spread': 0.095, 'learning_rate': 0.001}",dqn,300,linear,0.001,,,,,,,
CountRecallMedium,filterbank+hag,1,416,4.954326923076923,-0.8916506,0.04360778309017785,-0.9209461329831067,-0.9185468257731958,621.0,"{'decomposition': 'legendre', 'n_filters': 12, 'slowest': 0.029334592739296388, 'input_scaling': 0.049068279099124805, 'bias_dist': 'uniform', 'bias_scaling': 0.46763789100254544, 'lr': 0.2715862958761201, 'weight_increment': 0.1852507853053407, 'min_window': 9, 'max_window': 16, 'use_full_instance': False, 'max_partners': 5, 'homeostasis': 'mean', 'target': 0.91, 'spread': 0.095, 'learning_rate': 0.001}",dqn,300,linear,0.001,,,,,,,
CountRecallMedium,filterbank+hag,9,416,4.896634615384615,-0.91184478,0.04884734473327696,-0.9227782717346517,-0.9242119237113401,647.0,"{'decomposition': 'legendre', 'n_filters': 12, 'slowest': 0.029334592739296388, 'input_scaling': 0.049068279099124805, 'bias_dist': 'uniform', 'bias_scaling': 0.46763789100254544, 'lr': 0.2715862958761201, 'weight_increment': 0.1852507853053407, 'min_window': 9, 'max_window': 16, 'use_full_instance': False, 'max_partners': 5, 'homeostasis': 'mean', 'target': 0.91, 'spread': 0.095, 'learning_rate': 0.0003}",dqn,300,linear,0.0003,,,,,,,
CountRecallMedium,filterbank+hag,0,416,4.8485576923076925,-0.9176700600000001,0.04653069060927854,-0.926458558920478,-0.9272947113402061,641.0,"{'decomposition': 'legendre', 'n_filters': 12, 'slowest': 0.029334592739296388, 'input_scaling': 0.049068279099124805, 'bias_dist': 'uniform', 'bias_scaling': 0.46763789100254544, 'lr': 0.2715862958761201, 'weight_increment': 0.1852507853053407, 'min_window': 9, 'max_window': 16, 'use_full_instance': False, 'max_partners': 5, 'homeostasis': 'mean', 'target': 0.91, 'spread': 0.095, 'learning_rate': 0.001}",dqn,300,linear,0.001,,,,,,,
CountRecallMedium,filterbank+hag,4,416,4.913461538461538,-0.9192234200000001,0.052154717090246036,-0.9264165555212197,-0.9261937113402061,592.0,"{'decomposition': 'legendre', 'n_filters': 12, 'slowest': 0.029334592739296388, 'input_scaling': 0.049068279099124805, 'bias_dist': 'uniform', 'bias_scaling': 0.46763789100254544, 'lr': 0.2715862958761201, 'weight_increment': 0.1852507853053407, 'min_window': 9, 'max_window': 16, 'use_full_instance': False, 'max_partners': 5, 'homeostasis': 'mean', 'target': 0.91, 'spread': 0.095, 'learning_rate': 0.001}",dqn,300,linear,0.001,,,,,,,
CountRecallMedium,filterbank+hag,3,416,4.836538461538462,-0.89436908,0.05355287433923226,-0.9254764811495674,-0.9260736123711341,667.0,"{'decomposition': 'legendre', 'n_filters': 12, 'slowest': 0.029334592739296388, 'input_scaling': 0.049068279099124805, 'bias_dist': 'uniform', 'bias_scaling': 0.46763789100254544, 'lr': 0.2715862958761201, 'weight_increment': 0.1852507853053407, 'min_window': 9, 'max_window': 16, 'use_full_instance': False, 'max_partners': 5, 'homeostasis': 'mean', 'target': 0.91, 'spread': 0.095, 'learning_rate': 0.001}",dqn,300,linear,0.001,,,,,,,
CountRecallMedium,filterbank+hag,6,416,4.920673076923077,-0.9246603400000001,0.043874971153317024,-0.9245524148125257,-0.9240317742268042,599.0,"{'decomposition': 'legendre', 'n_filters': 12, 'slowest': 0.029334592739296388, 'input_scaling': 0.049068279099124805, 'bias_dist': 'uniform', 'bias_scaling': 0.46763789100254544, 'lr': 0.2715862958761201, 'weight_increment': 0.1852507853053407, 'min_window': 9, 'max_window': 16, 'use_full_instance': False, 'max_partners': 5, 'homeostasis': 'mean', 'target': 0.91, 'spread': 0.095, 'learning_rate': 0.001}",dqn,300,linear,0.001,,,,,,,
CountRecallMedium,filterbank+hag,5,416,4.923076923076923,-0.93631088,0.032732179995619,-0.9270426028018127,-0.9262537752577319,656.0,"{'decomposition': 'legendre', 'n_filters': 12, 'slowest': 0.029334592739296388, 'input_scaling': 0.049068279099124805, 'bias_dist': 'uniform', 'bias_scaling': 0.46763789100254544, 'lr': 0.2715862958761201, 'weight_increment': 0.1852507853053407, 'min_window': 9, 'max_window': 16, 'use_full_instance': False, 'max_partners': 5, 'homeostasis': 'mean', 'target': 0.91, 'spread': 0.095, 'learning_rate': 0.001}",dqn,300,linear,0.001,,,,,,,
CountRecallMedium,filterbank+hag,7,416,4.935096153846154,-0.92388362,0.04304206839541521,-0.9260965304903173,-0.9243720845360825,643.0,"{'decomposition': 'legendre', 'n_filters': 12, 'slowest': 0.029334592739296388, 'input_scaling': 0.049068279099124805, 'bias_dist': 'uniform', 'bias_scaling': 0.46763789100254544, 'lr': 0.2715862958761201, 'weight_increment': 0.1852507853053407, 'min_window': 9, 'max_window': 16, 'use_full_instance': False, 'max_partners': 5, 'homeostasis': 'mean', 'target': 0.91, 'spread': 0.095, 'learning_rate': 0.001}",dqn,300,linear,0.001,,,,,,,
CountRecallMedium,filterbank+hag,8,416,4.877403846153846,-0.9281554799999999,0.04582693747142177,-0.9254584792954265,-0.9238315917525772,572.0,"{'decomposition': 'legendre', 'n_filters': 12, 'slowest': 0.029334592739296388, 'input_scaling': 0.049068279099124805, 'bias_dist': 'uniform', 'bias_scaling': 0.46763789100254544, 'lr': 0.2715862958761201, 'weight_increment': 0.1852507853053407, 'min_window': 9, 'max_window': 16, 'use_full_instance': False, 'max_partners': 5, 'homeostasis': 'mean', 'target': 0.91, 'spread': 0.095, 'learning_rate': 0.001}",dqn,300,linear,0.001,,,,,,,
CountRecallMedium,filterbank+hag,9,416,4.896634615384615,-0.9215536200000001,0.03472641344791599,-0.9271786126905646,-0.9294566659793814,601.0,"{'decomposition': 'legendre', 'n_filters': 12, 'slowest': 0.029334592739296388, 'input_scaling': 0.049068279099124805, 'bias_dist': 'uniform', 'bias_scaling': 0.46763789100254544, 'lr': 0.2715862958761201, 'weight_increment': 0.1852507853053407, 'min_window': 9, 'max_window': 16, 'use_full_instance': False, 'max_partners': 5, 'homeostasis': 'mean', 'target': 0.91, 'spread': 0.095, 'learning_rate': 0.001}",dqn,300,linear,0.001,,,,,,,
CountRecallMedium,filterbank+hag,1,416,4.954326923076923,-0.9215535800000001,0.04880862325576907,-0.9268085867325918,-0.9285558608247422,582.0,"{'decomposition': 'legendre', 'n_filters': 12, 'slowest': 0.029334592739296388, 'input_scaling': 0.049068279099124805, 'bias_dist': 'uniform', 'bias_scaling': 0.46763789100254544, 'lr': 0.2715862958761201, 'weight_increment': 0.1852507853053407, 'min_window': 9, 'max_window': 16, 'use_full_instance': False, 'max_partners': 5, 'homeostasis': 'mean', 'target': 0.91, 'spread': 0.095, 'learning_rate': 0.003}",dqn,300,linear,0.003,,,,,,,
CountRecallMedium,filterbank+hag,0,416,4.8485576923076925,-0.9409709400000001,0.03248241081164391,-0.9250124492171404,-0.9262737948453609,622.0,"{'decomposition': 'legendre', 'n_filters': 12, 'slowest': 0.029334592739296388, 'input_scaling': 0.049068279099124805, 'bias_dist': 'uniform', 'bias_scaling': 0.46763789100254544, 'lr': 0.2715862958761201, 'weight_increment': 0.1852507853053407, 'min_window': 9, 'max_window': 16, 'use_full_instance': False, 'max_partners': 5, 'homeostasis': 'mean', 'target': 0.91, 'spread': 0.095, 'learning_rate': 0.003}",dqn,300,linear,0.003,,,,,,,
CountRecallMedium,filterbank+hag,3,416,4.836538461538462,-0.9231069400000002,0.03997554973050903,-0.9275086415327566,-0.9290763113402062,597.0,"{'decomposition': 'legendre', 'n_filters': 12, 'slowest': 0.029334592739296388, 'input_scaling': 0.049068279099124805, 'bias_dist': 'uniform', 'bias_scaling': 0.46763789100254544, 'lr': 0.2715862958761201, 'weight_increment': 0.1852507853053407, 'min_window': 9, 'max_window': 16, 'use_full_instance': False, 'max_partners': 5, 'homeostasis': 'mean', 'target': 0.91, 'spread': 0.095, 'learning_rate': 0.003}",dqn,300,linear,0.003,,,,,,,
CountRecallMedium,filterbank+hag,2,416,4.961538461538462,-0.92582542,0.04439611036209817,-0.9271666102183768,-0.9273947958762886,620.0,"{'decomposition': 'legendre', 'n_filters': 12, 'slowest': 0.029334592739296388, 'input_scaling': 0.049068279099124805, 'bias_dist': 'uniform', 'bias_scaling': 0.46763789100254544, 'lr': 0.2715862958761201, 'weight_increment': 0.1852507853053407, 'min_window': 9, 'max_window': 16, 'use_full_instance': False, 'max_partners': 5, 'homeostasis': 'mean', 'target': 0.91, 'spread': 0.095, 'learning_rate': 0.003}",dqn,300,linear,0.003,,,,,,,
CountRecallMedium,filterbank+hag,4,416,4.913461538461538,-0.9106798199999999,0.03941322630574158,-0.9142356219612692,-0.915404012371134,585.0,"{'decomposition': 'legendre', 'n_filters': 12, 'slowest': 0.029334592739296388, 'input_scaling': 0.049068279099124805, 'bias_dist': 'uniform', 'bias_scaling': 0.46763789100254544, 'lr': 0.2715862958761201, 'weight_increment': 0.1852507853053407, 'min_window': 9, 'max_window': 16, 'use_full_instance': False, 'max_partners': 5, 'homeostasis': 'mean', 'target': 0.91, 'spread': 0.095, 'learning_rate': 0.003}",dqn,300,linear,0.003,,,,,,,
CountRecallMedium,filterbank+hag,9,416,4.896634615384615,-0.9269904600000001,0.04138429828773711,-0.9275406436959207,-0.9272146474226803,573.0,"{'decomposition': 'legendre', 'n_filters': 12, 'slowest': 0.029334592739296388, 'input_scaling': 0.049068279099124805, 'bias_dist': 'uniform', 'bias_scaling': 0.46763789100254544, 'lr': 0.2715862958761201, 'weight_increment': 0.1852507853053407, 'min_window': 9, 'max_window': 16, 'use_full_instance': False, 'max_partners': 5, 'homeostasis': 'mean', 'target': 0.91, 'spread': 0.095, 'learning_rate': 0.003}",dqn,300,linear,0.003,,,,,,,
CountRecallMedium,filterbank+hag,5,416,4.923076923076923,-0.93669916,0.03899199172874348,-0.9273966324680676,-0.9277551391752576,591.0,"{'decomposition': 'legendre', 'n_filters': 12, 'slowest': 0.029334592739296388, 'input_scaling': 0.049068279099124805, 'bias_dist': 'uniform', 'bias_scaling': 0.46763789100254544, 'lr': 0.2715862958761201, 'weight_increment': 0.1852507853053407, 'min_window': 9, 'max_window': 16, 'use_full_instance': False, 'max_partners': 5, 'homeostasis': 'mean', 'target': 0.91, 'spread': 0.095, 'learning_rate': 0.003}",dqn,300,linear,0.003,,,,,,,
CountRecallMedium,filterbank+hag,7,416,4.935096153846154,-0.91650498,0.04776067762437632,-0.9274026339101773,-0.9318187989690722,592.0,"{'decomposition': 'legendre', 'n_filters': 12, 'slowest': 0.029334592739296388, 'input_scaling': 0.049068279099124805, 'bias_dist': 'uniform', 'bias_scaling': 0.46763789100254544, 'lr': 0.2715862958761201, 'weight_increment': 0.1852507853053407, 'min_window': 9, 'max_window': 16, 'use_full_instance': False, 'max_partners': 5, 'homeostasis': 'mean', 'target': 0.91, 'spread': 0.095, 'learning_rate': 0.003}",dqn,300,linear,0.003,,,,,,,
CountRecallMedium,filterbank+hag,8,416,4.877403846153846,-0.92233026,0.040171226694145155,-0.9270526035228678,-0.9315985876288659,596.0,"{'decomposition': 'legendre', 'n_filters': 12, 'slowest': 0.029334592739296388, 'input_scaling': 0.049068279099124805, 'bias_dist': 'uniform', 'bias_scaling': 0.46763789100254544, 'lr': 0.2715862958761201, 'weight_increment': 0.1852507853053407, 'min_window': 9, 'max_window': 16, 'use_full_instance': False, 'max_partners': 5, 'homeostasis': 'mean', 'target': 0.91, 'spread': 0.095, 'learning_rate': 0.003}",dqn,300,linear,0.003,,,,,,,
CountRecallMedium,filterbank+proj,1,416,0.0,-0.91961182,0.04017312691523528,-0.9290207469097651,-0.929496687628866,587.0,"{'decomposition': 'legendre', 'n_filters': 12, 'slowest': 0.029334592739296388, 'input_scaling': 0.049068279099124805, 'bias_dist': 'uniform', 'bias_scaling': 0.46763789100254544, 'lr': 0.2715862958761201, 'weight_increment': 0.1852507853053407, 'min_window': 9, 'max_window': 16, 'use_full_instance': False, 'max_partners': 5, 'homeostasis': 'mean', 'target': 0.91, 'spread': 0.095, 'learning_rate': 0.0001}",dqn,300,linear,0.0001,,,,,,,
CountRecallMedium,filterbank+proj,0,416,0.0,-0.9126215200000002,0.044828738695725096,-0.926452553564071,-0.9262537762886597,601.0,"{'decomposition': 'legendre', 'n_filters': 12, 'slowest': 0.029334592739296388, 'input_scaling': 0.049068279099124805, 'bias_dist': 'uniform', 'bias_scaling': 0.46763789100254544, 'lr': 0.2715862958761201, 'weight_increment': 0.1852507853053407, 'min_window': 9, 'max_window': 16, 'use_full_instance': False, 'max_partners': 5, 'homeostasis': 'mean', 'target': 0.91, 'spread': 0.095, 'learning_rate': 0.0001}",dqn,300,linear,0.0001,,,,,,,
CountRecallMedium,filterbank+hag,6,416,4.920673076923077,-0.9153399800000002,0.04196337907913995,-0.9256805002060157,-0.9227506309278349,620.0,"{'decomposition': 'legendre', 'n_filters': 12, 'slowest': 0.029334592739296388, 'input_scaling': 0.049068279099124805, 'bias_dist': 'uniform', 'bias_scaling': 0.46763789100254544, 'lr': 0.2715862958761201, 'weight_increment': 0.1852507853053407, 'min_window': 9, 'max_window': 16, 'use_full_instance': False, 'max_partners': 5, 'homeostasis': 'mean', 'target': 0.91, 'spread': 0.095, 'learning_rate': 0.003}",dqn,300,linear,0.003,,,,,,,
CountRecallMedium,filterbank+proj,4,416,0.0,-0.9242720200000001,0.044491100545835015,-0.9282146865471776,-0.9281755041237112,578.0,"{'decomposition': 'legendre', 'n_filters': 12, 'slowest': 0.029334592739296388, 'input_scaling': 0.049068279099124805, 'bias_dist': 'uniform', 'bias_scaling': 0.46763789100254544, 'lr': 0.2715862958761201, 'weight_increment': 0.1852507853053407, 'min_window': 9, 'max_window': 16, 'use_full_instance': False, 'max_partners': 5, 'homeostasis': 'mean', 'target': 0.91, 'spread': 0.095, 'learning_rate': 0.0001}",dqn,300,linear,0.0001,,,,,,,
CountRecallMedium,filterbank+hag,0,416,,,,,,,,lspi,300,linear,,LSPI system larger than 10000 unknowns,,,,,,
CountRecallMedium,filterbank+proj,5,416,0.0,-0.92116522,0.039107801684722714,-0.9275346322620519,-0.928115437113402,561.0,"{'decomposition': 'legendre', 'n_filters': 12, 'slowest': 0.029334592739296388, 'input_scaling': 0.049068279099124805, 'bias_dist': 'uniform', 'bias_scaling': 0.46763789100254544, 'lr': 0.2715862958761201, 'weight_increment': 0.1852507853053407, 'min_window': 9, 'max_window': 16, 'use_full_instance': False, 'max_partners': 5, 'homeostasis': 'mean', 'target': 0.91, 'spread': 0.095, 'learning_rate': 0.0001}",dqn,300,linear,0.0001,,,,,,,
CountRecallMedium,filterbank+hag,1,416,,,,,,,,lspi,300,linear,,LSPI system larger than 10000 unknowns,,,,,,
CountRecallMedium,filterbank+hag,3,416,,,,,,,,lspi,300,linear,,LSPI system larger than 10000 unknowns,,,,,,
CountRecallMedium,filterbank+hag,4,416,,,,,,,,lspi,300,linear,,LSPI system larger than 10000 unknowns,,,,,,
CountRecallMedium,filterbank+hag,5,416,,,,,,,,lspi,300,linear,,LSPI system larger than 10000 unknowns,,,,,,
CountRecallMedium,filterbank+hag,2,416,,,,,,,,lspi,300,linear,,LSPI system larger than 10000 unknowns,,,,,,
CountRecallMedium,filterbank+hag,6,416,,,,,,,,lspi,300,linear,,LSPI system larger than 10000 unknowns,,,,,,
CountRecallMedium,filterbank+proj,2,416,0.0,-0.8800001200000002,0.04540372785516186,-0.885977444684796,-0.8791113082474227,618.0,"{'decomposition': 'legendre', 'n_filters': 12, 'slowest': 0.029334592739296388, 'input_scaling': 0.049068279099124805, 'bias_dist': 'uniform', 'bias_scaling': 0.46763789100254544, 'lr': 0.2715862958761201, 'weight_increment': 0.1852507853053407, 'min_window': 9, 'max_window': 16, 'use_full_instance': False, 'max_partners': 5, 'homeostasis': 'mean', 'target': 0.91, 'spread': 0.095, 'learning_rate': 0.0001}",dqn,300,linear,0.0001,,,,,,,
CountRecallMedium,filterbank+hag,7,416,,,,,,,,lspi,300,linear,,LSPI system larger than 10000 unknowns,,,,,,
CountRecallMedium,filterbank+hag,8,416,,,,,,,,lspi,300,linear,,LSPI system larger than 10000 unknowns,,,,,,
CountRecallMedium,filterbank+proj,0,416,,,,,,,,lspi,300,linear,,LSPI system larger than 10000 unknowns,,,,,,
CountRecallMedium,filterbank+hag,9,416,,,,,,,,lspi,300,linear,,LSPI system larger than 10000 unknowns,,,,,,
CountRecallMedium,filterbank+proj,1,416,,,,,,,,lspi,300,linear,,LSPI system larger than 10000 unknowns,,,,,,
CountRecallMedium,filterbank+proj,2,416,,,,,,,,lspi,300,linear,,LSPI system larger than 10000 unknowns,,,,,,
CountRecallMedium,filterbank+proj,3,416,,,,,,,,lspi,300,linear,,LSPI system larger than 10000 unknowns,,,,,,
CountRecallMedium,filterbank+proj,4,416,,,,,,,,lspi,300,linear,,LSPI system larger than 10000 unknowns,,,,,,
CountRecallMedium,filterbank+proj,5,416,,,,,,,,lspi,300,linear,,LSPI system larger than 10000 unknowns,,,,,,
CountRecallMedium,filterbank+proj,6,416,,,,,,,,lspi,300,linear,,LSPI system larger than 10000 unknowns,,,,,,
CountRecallMedium,filterbank+proj,7,416,,,,,,,,lspi,300,linear,,LSPI system larger than 10000 unknowns,,,,,,
CountRecallMedium,filterbank+proj,8,416,,,,,,,,lspi,300,linear,,LSPI system larger than 10000 unknowns,,,,,,
CountRecallMedium,filterbank+proj,9,416,,,,,,,,lspi,300,linear,,LSPI system larger than 10000 unknowns,,,,,,
CountRecallMedium,filterbank+proj,3,416,0.0,-0.9176700599999998,0.04351596486551116,-0.9289787452616398,-0.9295167072164948,632.0,"{'decomposition': 'legendre', 'n_filters': 12, 'slowest': 0.029334592739296388, 'input_scaling': 0.049068279099124805, 'bias_dist': 'uniform', 'bias_scaling': 0.46763789100254544, 'lr': 0.2715862958761201, 'weight_increment': 0.1852507853053407, 'min_window': 9, 'max_window': 16, 'use_full_instance': False, 'max_partners': 5, 'homeostasis': 'mean', 'target': 0.91, 'spread': 0.095, 'learning_rate': 0.0001}",dqn,300,linear,0.0001,,,,,,,
CountRecallMedium,filterbank+proj,0,416,0.0,-0.91805844,0.04517063698561711,-0.9282786896374124,-0.9300371742268041,564.0,"{'decomposition': 'legendre', 'n_filters': 12, 'slowest': 0.029334592739296388, 'input_scaling': 0.049068279099124805, 'bias_dist': 'uniform', 'bias_scaling': 0.46763789100254544, 'lr': 0.2715862958761201, 'weight_increment': 0.1852507853053407, 'min_window': 9, 'max_window': 16, 'use_full_instance': False, 'max_partners': 5, 'homeostasis': 'mean', 'target': 0.91, 'spread': 0.095, 'learning_rate': 0.0003}",dqn,300,linear,0.0003,,,,,,,
CountRecallMedium,filterbank+proj,9,416,0.0,-0.9502914200000001,0.03625610709168319,-0.9278606585290482,-0.9255731525773195,579.0,"{'decomposition': 'legendre', 'n_filters': 12, 'slowest': 0.029334592739296388, 'input_scaling': 0.049068279099124805, 'bias_dist': 'uniform', 'bias_scaling': 0.46763789100254544, 'lr': 0.2715862958761201, 'weight_increment': 0.1852507853053407, 'min_window': 9, 'max_window': 16, 'use_full_instance': False, 'max_partners': 5, 'homeostasis': 'mean', 'target': 0.91, 'spread': 0.095, 'learning_rate': 0.0001}",dqn,300,linear,0.0001,,,,,,,
CountRecallMedium,filterbank+proj,6,416,0.0,-0.9363108800000001,0.03980161161392338,-0.9238543568191184,-0.9131819876288659,601.0,"{'decomposition': 'legendre', 'n_filters': 12, 'slowest': 0.029334592739296388, 'input_scaling': 0.049068279099124805, 'bias_dist': 'uniform', 'bias_scaling': 0.46763789100254544, 'lr': 0.2715862958761201, 'weight_increment': 0.1852507853053407, 'min_window': 9, 'max_window': 16, 'use_full_instance': False, 'max_partners': 5, 'homeostasis': 'mean', 'target': 0.91, 'spread': 0.095, 'learning_rate': 0.0001}",dqn,300,linear,0.0001,,,,,,,
CountRecallMedium,filterbank+proj,7,416,0.0,-0.91533994,0.04831169330313729,-0.92822468881335,-0.9269944350515464,604.0,"{'decomposition': 'legendre', 'n_filters': 12, 'slowest': 0.029334592739296388, 'input_scaling': 0.049068279099124805, 'bias_dist': 'uniform', 'bias_scaling': 0.46763789100254544, 'lr': 0.2715862958761201, 'weight_increment': 0.1852507853053407, 'min_window': 9, 'max_window': 16, 'use_full_instance': False, 'max_partners': 5, 'homeostasis': 'mean', 'target': 0.91, 'spread': 0.095, 'learning_rate': 0.0001}",dqn,300,linear,0.0001,,,,,,,
CountRecallMedium,filterbank+proj,8,416,0.0,-0.9176701,0.04210686131368617,-0.9180059057478367,-0.9118207701030926,605.0,"{'decomposition': 'legendre', 'n_filters': 12, 'slowest': 0.029334592739296388, 'input_scaling': 0.049068279099124805, 'bias_dist': 'uniform', 'bias_scaling': 0.46763789100254544, 'lr': 0.2715862958761201, 'weight_increment': 0.1852507853053407, 'min_window': 9, 'max_window': 16, 'use_full_instance': False, 'max_partners': 5, 'homeostasis': 'mean', 'target': 0.91, 'spread': 0.095, 'learning_rate': 0.0001}",dqn,300,linear,0.0001,,,,,,,
CountRecallMedium,filterbank+proj,3,416,0.0,-0.9339807599999999,0.03883497200079332,-0.9296987932632879,-0.9298970505154639,573.0,"{'decomposition': 'legendre', 'n_filters': 12, 'slowest': 0.029334592739296388, 'input_scaling': 0.049068279099124805, 'bias_dist': 'uniform', 'bias_scaling': 0.46763789100254544, 'lr': 0.2715862958761201, 'weight_increment': 0.1852507853053407, 'min_window': 9, 'max_window': 16, 'use_full_instance': False, 'max_partners': 5, 'homeostasis': 'mean', 'target': 0.91, 'spread': 0.095, 'learning_rate': 0.0003}",dqn,300,linear,0.0003,,,,,,,
CountRecallMedium,filterbank+proj,1,416,0.0,-0.92582538,0.04048724735760139,-0.9290147460857024,-0.9271145443298968,586.0,"{'decomposition': 'legendre', 'n_filters': 12, 'slowest': 0.029334592739296388, 'input_scaling': 0.049068279099124805, 'bias_dist': 'uniform', 'bias_scaling': 0.46763789100254544, 'lr': 0.2715862958761201, 'weight_increment': 0.1852507853053407, 'min_window': 9, 'max_window': 16, 'use_full_instance': False, 'max_partners': 5, 'homeostasis': 'mean', 'target': 0.91, 'spread': 0.095, 'learning_rate': 0.0003}",dqn,300,linear,0.0003,,,,,,,
CountRecallMedium,filterbank+proj,2,416,0.0,-0.8772816599999999,0.048573264908017055,-0.8858854356201071,-0.8787109309278349,583.0,"{'decomposition': 'legendre', 'n_filters': 12, 'slowest': 0.029334592739296388, 'input_scaling': 0.049068279099124805, 'bias_dist': 'uniform', 'bias_scaling': 0.46763789100254544, 'lr': 0.2715862958761201, 'weight_increment': 0.1852507853053407, 'min_window': 9, 'max_window': 16, 'use_full_instance': False, 'max_partners': 5, 'homeostasis': 'mean', 'target': 0.91, 'spread': 0.095, 'learning_rate': 0.0003}",dqn,300,linear,0.0003,,,,,,,
CountRecallMedium,filterbank+proj,4,416,0.0,-0.92582542,0.036983064571281817,-0.9264625470745776,-0.9255931670103092,599.0,"{'decomposition': 'legendre', 'n_filters': 12, 'slowest': 0.029334592739296388, 'input_scaling': 0.049068279099124805, 'bias_dist': 'uniform', 'bias_scaling': 0.46763789100254544, 'lr': 0.2715862958761201, 'weight_increment': 0.1852507853053407, 'min_window': 9, 'max_window': 16, 'use_full_instance': False, 'max_partners': 5, 'homeostasis': 'mean', 'target': 0.91, 'spread': 0.095, 'learning_rate': 0.0003}",dqn,300,linear,0.0003,,,,,,,
CountRecallMedium,filterbank+esn,0,416,38.50961538461539,-0.5724271844660194,0.09161180687870686,-0.5820363455314912,,65.0,"{'decomposition': 'legendre', 'n_filters': 12, 'slowest': 0.0056263882716246225, 'input_scaling': 0.06344812061556386, 'bias_dist': 'foldnorm', 'bias_scaling': 0.24743237591527745, 'lr': 0.7604293811879814, 'sr': 1.3687477885807093, 'rc_connectivity': 0.0925705874783593}",bc,300,linear,,,-0.5766990291262135,-0.5941747572815533,4.0,"[-0.5766990291262135, -0.6388349514563105, -0.6135922330097087, -0.5922330097087378, -0.549514563106796]",-0.58990288,
CountRecallMedium,filterbank+proj,6,416,0.0,-0.9304856000000001,0.043260527868254225,-0.9284507058096417,-0.9298570123711339,588.0,"{'decomposition': 'legendre', 'n_filters': 12, 'slowest': 0.029334592739296388, 'input_scaling': 0.049068279099124805, 'bias_dist': 'uniform', 'bias_scaling': 0.46763789100254544, 'lr': 0.2715862958761201, 'weight_increment': 0.1852507853053407, 'min_window': 9, 'max_window': 16, 'use_full_instance': False, 'max_partners': 5, 'homeostasis': 'mean', 'target': 0.91, 'spread': 0.095, 'learning_rate': 0.0003}",dqn,300,linear,0.0003,,,,,,,
CountRecallMedium,filterbank+esn,1,416,38.50961538461539,-0.6042718446601939,0.09884925602703687,-0.6223052028877271,,66.0,"{'decomposition': 'legendre', 'n_filters': 12, 'slowest': 0.0056263882716246225, 'input_scaling': 0.06344812061556386, 'bias_dist': 'foldnorm', 'bias_scaling': 0.24743237591527745, 'lr': 0.7604293811879814, 'sr': 1.3687477885807093, 'rc_connectivity': 0.0925705874783593}",bc,300,linear,,,-0.6349514563106795,-0.626019417475728,3.0,"[-0.6349514563106795, -0.6524271844660193, -0.6058252427184465, -0.5999999999999999, -0.636893203883495]",-0.61747572,
CountRecallMedium,filterbank+esn,2,416,38.50961538461539,-0.5778640776699028,0.11260863671024539,-0.6009360219068957,,67.0,"{'decomposition': 'legendre', 'n_filters': 12, 'slowest': 0.0056263882716246225, 'input_scaling': 0.06344812061556386, 'bias_dist': 'foldnorm', 'bias_scaling': 0.24743237591527745, 'lr': 0.7604293811879814, 'sr': 1.3687477885807093, 'rc_connectivity': 0.0925705874783593}",bc,300,linear,,,-0.5592233009708737,-0.6062135922330096,0.0,"[-0.5592233009708737, -0.6291262135922329, -0.6252427184466018, -0.5922330097087378, -0.6252427184466018]",-0.5937864,
CountRecallMedium,filterbank+esn,3,416,38.50961538461539,-0.5864077669902911,0.09617042716147409,-0.6063729151107792,,67.0,"{'decomposition': 'legendre', 'n_filters': 12, 'slowest': 0.0056263882716246225, 'input_scaling': 0.06344812061556386, 'bias_dist': 'foldnorm', 'bias_scaling': 0.24743237591527745, 'lr': 0.7604293811879814, 'sr': 1.3687477885807093, 'rc_connectivity': 0.0925705874783593}",bc,300,linear,,,-0.5339805825242718,-0.5922330097087378,0.0,"[-0.5339805825242718, -0.6252427184466018, -0.6019417475728155, -0.5980582524271844, -0.6019417475728155]",-0.6,
CountRecallMedium,filterbank+esn,5,416,38.50961538461539,-0.5902912621359221,0.106087676735128,-0.6061737615135672,,65.0,"{'decomposition': 'legendre', 'n_filters': 12, 'slowest': 0.0056263882716246225, 'input_scaling': 0.06344812061556386, 'bias_dist': 'foldnorm', 'bias_scaling': 0.24743237591527745, 'lr': 0.7604293811879814, 'sr': 1.3687477885807093, 'rc_connectivity': 0.0925705874783593}",bc,300,linear,,,-0.5436893203883495,-0.5972815533980583,0.0,"[-0.5436893203883495, -0.6427184466019417, -0.6310679611650485, -0.5766990291262135, -0.5922330097087378]",-0.6054369,
CountRecallMedium,filterbank+esn,4,416,38.50961538461539,-0.5914563106796115,0.09653903401284225,-0.5933084391336817,,70.0,"{'decomposition': 'legendre', 'n_filters': 12, 'slowest': 0.0056263882716246225, 'input_scaling': 0.06344812061556386, 'bias_dist': 'foldnorm', 'bias_scaling': 0.24743237591527745, 'lr': 0.7604293811879814, 'sr': 1.3687477885807093, 'rc_connectivity': 0.0925705874783593}",bc,300,linear,,,-0.6407766990291262,-0.6182524271844659,4.0,"[-0.6407766990291262, -0.6446601941747572, -0.6135922330097087, -0.6233009708737863, -0.5689320388349514]",-0.6081553000000001,
CountRecallMedium,filterbank+esn,6,416,38.50961538461539,-0.5464077669902911,0.08930012433707481,-0.5893651979088871,,68.0,"{'decomposition': 'legendre', 'n_filters': 12, 'slowest': 0.0056263882716246225, 'input_scaling': 0.06344812061556386, 'bias_dist': 'foldnorm', 'bias_scaling': 0.24743237591527745, 'lr': 0.7604293811879814, 'sr': 1.3687477885807093, 'rc_connectivity': 0.0925705874783593}",bc,300,linear,,,-0.5533980582524272,-0.5864077669902912,2.0,"[-0.5533980582524272, -0.6796116504854368, -0.5514563106796115, -0.5533980582524272, -0.5941747572815533]",-0.5992232999999999,
CountRecallMedium,filterbank+proj,5,416,0.0,-0.9219419000000002,0.04045000230024715,-0.928940745158632,-0.9308579268041236,624.0,"{'decomposition': 'legendre', 'n_filters': 12, 'slowest': 0.029334592739296388, 'input_scaling': 0.049068279099124805, 'bias_dist': 'uniform', 'bias_scaling': 0.46763789100254544, 'lr': 0.2715862958761201, 'weight_increment': 0.1852507853053407, 'min_window': 9, 'max_window': 16, 'use_full_instance': False, 'max_partners': 5, 'homeostasis': 'mean', 'target': 0.91, 'spread': 0.095, 'learning_rate': 0.0003}",dqn,300,linear,0.0003,,,,,,,
CountRecallMedium,filterbank+proj,7,416,0.0,-0.9219419000000001,0.049197981018432056,-0.9298128087144623,-0.9286559288659794,595.0,"{'decomposition': 'legendre', 'n_filters': 12, 'slowest': 0.029334592739296388, 'input_scaling': 0.049068279099124805, 'bias_dist': 'uniform', 'bias_scaling': 0.46763789100254544, 'lr': 0.2715862958761201, 'weight_increment': 0.1852507853053407, 'min_window': 9, 'max_window': 16, 'use_full_instance': False, 'max_partners': 5, 'homeostasis': 'mean', 'target': 0.91, 'spread': 0.095, 'learning_rate': 0.0003}",dqn,300,linear,0.0003,,,,,,,
CountRecallMedium,filterbank+esn,9,416,38.50961538461539,-0.5910679611650483,0.08977595934771575,-0.5963156584515807,,68.0,"{'decomposition': 'legendre', 'n_filters': 12, 'slowest': 0.0056263882716246225, 'input_scaling': 0.06344812061556386, 'bias_dist': 'foldnorm', 'bias_scaling': 0.24743237591527745, 'lr': 0.7604293811879814, 'sr': 1.3687477885807093, 'rc_connectivity': 0.0925705874783593}",bc,300,linear,,,-0.6310679611650485,-0.6054368932038834,4.0,"[-0.6310679611650485, -0.6679611650485435, -0.5922330097087378, -0.5728155339805825, -0.5631067961165048]",-0.5957281799999999,
CountRecallMedium,filterbank+esn,7,416,38.50961538461539,-0.5949514563106795,0.0985528237193621,-0.61949713716704,,70.0,"{'decomposition': 'legendre', 'n_filters': 12, 'slowest': 0.0056263882716246225, 'input_scaling': 0.06344812061556386, 'bias_dist': 'foldnorm', 'bias_scaling': 0.24743237591527745, 'lr': 0.7604293811879814, 'sr': 1.3687477885807093, 'rc_connectivity': 0.0925705874783593}",bc,300,linear,,,-0.6019417475728155,-0.6069902912621359,4.0,"[-0.6019417475728155, -0.6388349514563105, -0.6271844660194174, -0.6155339805825242, -0.5514563106796115]",-0.60737866,
CountRecallMedium,filterbank+esn,8,416,38.50961538461539,-0.575145631067961,0.10064473092303199,-0.5997809310430668,,68.0,"{'decomposition': 'legendre', 'n_filters': 12, 'slowest': 0.0056263882716246225, 'input_scaling': 0.06344812061556386, 'bias_dist': 'foldnorm', 'bias_scaling': 0.24743237591527745, 'lr': 0.7604293811879814, 'sr': 1.3687477885807093, 'rc_connectivity': 0.0925705874783593}",bc,300,linear,,,-0.5941747572815533,-0.6089320388349514,4.0,"[-0.5941747572815533, -0.6543689320388348, -0.6213592233009708, -0.5961165048543688, -0.578640776699029]",-0.6058252000000001,
CountRecallMedium,filterbank+proj,8,416,0.0,-0.9048545599999999,0.0454967119810476,-0.9128655159662136,-0.9121610783505154,591.0,"{'decomposition': 'legendre', 'n_filters': 12, 'slowest': 0.029334592739296388, 'input_scaling': 0.049068279099124805, 'bias_dist': 'uniform', 'bias_scaling': 0.46763789100254544, 'lr': 0.2715862958761201, 'weight_increment': 0.1852507853053407, 'min_window': 9, 'max_window': 16, 'use_full_instance': False, 'max_partners': 5, 'homeostasis': 'mean', 'target': 0.91, 'spread': 0.095, 'learning_rate': 0.0003}",dqn,300,linear,0.0003,,,,,,,
CountRecallMedium,filterbank+proj,1,416,0.0,-0.9258253399999999,0.04439602918622792,-0.9282226922126081,-0.9246122927835051,578.0,"{'decomposition': 'legendre', 'n_filters': 12, 'slowest': 0.029334592739296388, 'input_scaling': 0.049068279099124805, 'bias_dist': 'uniform', 'bias_scaling': 0.46763789100254544, 'lr': 0.2715862958761201, 'weight_increment': 0.1852507853053407, 'min_window': 9, 'max_window': 16, 'use_full_instance': False, 'max_partners': 5, 'homeostasis': 'mean', 'target': 0.91, 'spread': 0.095, 'learning_rate': 0.001}",dqn,300,linear,0.001,,,,,,,
CountRecallMedium,filterbank+hag,0,416,4.8485576923076925,-0.5728155339805824,0.09016067391257394,-0.579546925566343,,75.0,"{'decomposition': 'legendre', 'n_filters': 12, 'slowest': 0.029334592739296388, 'input_scaling': 0.049068279099124805, 'bias_dist': 'uniform', 'bias_scaling': 0.46763789100254544, 'lr': 0.2715862958761201, 'weight_increment': 0.1852507853053407, 'min_window': 9, 'max_window': 16, 'use_full_instance': False, 'max_partners': 5, 'homeostasis': 'mean', 'target': 0.91, 'spread': 0.095}",bc,300,linear,,,-0.5844660194174757,-0.5906796116504853,3.0,"[-0.5844660194174757, -0.6446601941747572, -0.607766990291262, -0.545631067961165, -0.5708737864077669]",-0.58990288,
CountRecallMedium,filterbank+hag,1,416,4.954326923076923,-0.6089320388349513,0.10628367791154184,-0.6226039332835449,,73.0,"{'decomposition': 'legendre', 'n_filters': 12, 'slowest': 0.029334592739296388, 'input_scaling': 0.049068279099124805, 'bias_dist': 'uniform', 'bias_scaling': 0.46763789100254544, 'lr': 0.2715862958761201, 'weight_increment': 0.1852507853053407, 'min_window': 9, 'max_window': 16, 'use_full_instance': False, 'max_partners': 5, 'homeostasis': 'mean', 'target': 0.91, 'spread': 0.095}",bc,300,linear,,,-0.636893203883495,-0.6314563106796116,2.0,"[-0.636893203883495, -0.6679611650485435, -0.6019417475728155, -0.6135922330097087, -0.636893203883495]",-0.61747572,
CountRecallMedium,filterbank+proj,0,416,0.0,-0.88582532,0.0524832830571564,-0.8913118529048207,-0.8826945329896907,593.0,"{'decomposition': 'legendre', 'n_filters': 12, 'slowest': 0.029334592739296388, 'input_scaling': 0.049068279099124805, 'bias_dist': 'uniform', 'bias_scaling': 0.46763789100254544, 'lr': 0.2715862958761201, 'weight_increment': 0.1852507853053407, 'min_window': 9, 'max_window': 16, 'use_full_instance': False, 'max_partners': 5, 'homeostasis': 'mean', 'target': 0.91, 'spread': 0.095, 'learning_rate': 0.001}",dqn,300,linear,0.001,,,,,,,
CountRecallMedium,filterbank+proj,3,416,0.0,-0.9215534999999998,0.03804240892806343,-0.9288547359909353,-0.9284757649484536,579.0,"{'decomposition': 'legendre', 'n_filters': 12, 'slowest': 0.029334592739296388, 'input_scaling': 0.049068279099124805, 'bias_dist': 'uniform', 'bias_scaling': 0.46763789100254544, 'lr': 0.2715862958761201, 'weight_increment': 0.1852507853053407, 'min_window': 9, 'max_window': 16, 'use_full_instance': False, 'max_partners': 5, 'homeostasis': 'mean', 'target': 0.91, 'spread': 0.095, 'learning_rate': 0.001}",dqn,300,linear,0.001,,,,,,,
CountRecallMedium,filterbank+hag,2,416,4.961538461538462,-0.5829126213592231,0.11876385969196197,-0.5983071944236993,,75.0,"{'decomposition': 'legendre', 'n_filters': 12, 'slowest': 0.029334592739296388, 'input_scaling': 0.049068279099124805, 'bias_dist': 'uniform', 'bias_scaling': 0.46763789100254544, 'lr': 0.2715862958761201, 'weight_increment': 0.1852507853053407, 'min_window': 9, 'max_window': 16, 'use_full_instance': False, 'max_partners': 5, 'homeostasis': 'mean', 'target': 0.91, 'spread': 0.095}",bc,300,linear,,,-0.5650485436893203,-0.6085436893203883,0.0,"[-0.5650485436893203, -0.662135922330097, -0.6135922330097087, -0.607766990291262, -0.5941747572815533]",-0.5937864,
CountRecallMedium,filterbank+hag,4,416,4.913461538461538,-0.5883495145631066,0.09392921648503161,-0.5983470251431416,,74.0,"{'decomposition': 'legendre', 'n_filters': 12, 'slowest': 0.029334592739296388, 'input_scaling': 0.049068279099124805, 'bias_dist': 'uniform', 'bias_scaling': 0.46763789100254544, 'lr': 0.2715862958761201, 'weight_increment': 0.1852507853053407, 'min_window': 9, 'max_window': 16, 'use_full_instance': False, 'max_partners': 5, 'homeostasis': 'mean', 'target': 0.91, 'spread': 0.095}",bc,300,linear,,,-0.6194174757281552,-0.6085436893203882,4.0,"[-0.6194174757281552, -0.6233009708737863, -0.6233009708737863, -0.6116504854368932, -0.5650485436893203]",-0.6081553000000001,
CountRecallMedium,filterbank+hag,3,416,4.836538461538462,-0.5957281553398057,0.09620492157691671,-0.6091610654717451,,76.0,"{'decomposition': 'legendre', 'n_filters': 12, 'slowest': 0.029334592739296388, 'input_scaling': 0.049068279099124805, 'bias_dist': 'uniform', 'bias_scaling': 0.46763789100254544, 'lr': 0.2715862958761201, 'weight_increment': 0.1852507853053407, 'min_window': 9, 'max_window': 16, 'use_full_instance': False, 'max_partners': 5, 'homeostasis': 'mean', 'target': 0.91, 'spread': 0.095}",bc,300,linear,,,-0.5533980582524272,-0.5999999999999999,0.0,"[-0.5533980582524272, -0.6174757281553397, -0.6213592233009708, -0.5902912621359222, -0.6174757281553397]",-0.6,
CountRecallMedium,filterbank+proj,9,416,0.0,-0.92854388,0.04618582267304114,-0.9294707753399258,-0.9259334628865977,620.0,"{'decomposition': 'legendre', 'n_filters': 12, 'slowest': 0.029334592739296388, 'input_scaling': 0.049068279099124805, 'bias_dist': 'uniform', 'bias_scaling': 0.46763789100254544, 'lr': 0.2715862958761201, 'weight_increment': 0.1852507853053407, 'min_window': 9, 'max_window': 16, 'use_full_instance': False, 'max_partners': 5, 'homeostasis': 'mean', 'target': 0.91, 'spread': 0.095, 'learning_rate': 0.0003}",dqn,300,linear,0.0003,,,,,,,
CountRecallMedium,filterbank+hag,5,416,4.923076923076923,-0.6073786407766988,0.10364567642632329,-0.6137814289270599,,77.0,"{'decomposition': 'legendre', 'n_filters': 12, 'slowest': 0.029334592739296388, 'input_scaling': 0.049068279099124805, 'bias_dist': 'uniform', 'bias_scaling': 0.46763789100254544, 'lr': 0.2715862958761201, 'weight_increment': 0.1852507853053407, 'min_window': 9, 'max_window': 16, 'use_full_instance': False, 'max_partners': 5, 'homeostasis': 'mean', 'target': 0.91, 'spread': 0.095}",bc,300,linear,,,-0.5592233009708737,-0.6038834951456311,0.0,"[-0.5592233009708737, -0.6310679611650485, -0.6407766990291262, -0.5766990291262135, -0.6116504854368932]",-0.6054369,
CountRecallMedium,filterbank+hag,6,416,4.920673076923077,-0.5650485436893201,0.07949316306974259,-0.5905003734129947,,77.0,"{'decomposition': 'legendre', 'n_filters': 12, 'slowest': 0.029334592739296388, 'input_scaling': 0.049068279099124805, 'bias_dist': 'uniform', 'bias_scaling': 0.46763789100254544, 'lr': 0.2715862958761201, 'weight_increment': 0.1852507853053407, 'min_window': 9, 'max_window': 16, 'use_full_instance': False, 'max_partners': 5, 'homeostasis': 'mean', 'target': 0.91, 'spread': 0.095}",bc,300,linear,,,-0.5475728155339805,-0.5875728155339806,0.0,"[-0.5475728155339805, -0.6640776699029125, -0.5572815533980582, -0.5864077669902912, -0.5825242718446602]",-0.5992232999999999,
CountRecallMedium,filterbank+hag,7,416,4.935096153846154,-0.5953398058252426,0.09934159725720243,-0.6215683345780433,,72.0,"{'decomposition': 'legendre', 'n_filters': 12, 'slowest': 0.029334592739296388, 'input_scaling': 0.049068279099124805, 'bias_dist': 'uniform', 'bias_scaling': 0.46763789100254544, 'lr': 0.2715862958761201, 'weight_increment': 0.1852507853053407, 'min_window': 9, 'max_window': 16, 'use_full_instance': False, 'max_partners': 5, 'homeostasis': 'mean', 'target': 0.91, 'spread': 0.095}",bc,300,linear,,,-0.6116504854368932,-0.6135922330097087,4.0,"[-0.6116504854368932, -0.6485436893203882, -0.6349514563106795, -0.6097087378640775, -0.5631067961165048]",-0.60737866,
CountRecallMedium,filterbank+proj,0,416,0.0,-0.7735922330097087,0.07445886726580352,-0.7403833706746327,,67.0,"{'decomposition': 'legendre', 'n_filters': 12, 'slowest': 0.029334592739296388, 'input_scaling': 0.049068279099124805, 'bias_dist': 'uniform', 'bias_scaling': 0.46763789100254544, 'lr': 0.2715862958761201, 'weight_increment': 0.1852507853053407, 'min_window': 9, 'max_window': 16, 'use_full_instance': False, 'max_partners': 5, 'homeostasis': 'mean', 'target': 0.91, 'spread': 0.095}",bc,300,linear,,,-0.7844660194174755,-0.7922330097087377,4.0,"[-0.7844660194174755, -0.8213592233009706, -0.8097087378640774, -0.7805825242718445, -0.7650485436893202]",-0.58990288,
CountRecallMedium,filterbank+hag,8,416,4.877403846153846,-0.5910679611650484,0.09176971017667032,-0.6009957679860591,,71.0,"{'decomposition': 'legendre', 'n_filters': 12, 'slowest': 0.029334592739296388, 'input_scaling': 0.049068279099124805, 'bias_dist': 'uniform', 'bias_scaling': 0.46763789100254544, 'lr': 0.2715862958761201, 'weight_increment': 0.1852507853053407, 'min_window': 9, 'max_window': 16, 'use_full_instance': False, 'max_partners': 5, 'homeostasis': 'mean', 'target': 0.91, 'spread': 0.095}",bc,300,linear,,,-0.5669902912621358,-0.6031067961165049,0.0,"[-0.5669902912621358, -0.6543689320388348, -0.6233009708737863, -0.5825242718446602, -0.5883495145631067]",-0.6058252000000001,
CountRecallMedium,filterbank+hag,9,416,4.896634615384615,-0.5848543689320386,0.09731158577567156,-0.5964948966890714,,70.0,"{'decomposition': 'legendre', 'n_filters': 12, 'slowest': 0.029334592739296388, 'input_scaling': 0.049068279099124805, 'bias_dist': 'uniform', 'bias_scaling': 0.46763789100254544, 'lr': 0.2715862958761201, 'weight_increment': 0.1852507853053407, 'min_window': 9, 'max_window': 16, 'use_full_instance': False, 'max_partners': 5, 'homeostasis': 'mean', 'target': 0.91, 'spread': 0.095}",bc,300,linear,,,-0.6155339805825242,-0.6097087378640775,3.0,"[-0.6155339805825242, -0.6699029126213591, -0.5941747572815533, -0.5844660194174757, -0.5844660194174757]",-0.5957281799999999,
CountRecallMedium,filterbank+proj,2,416,0.0,-0.87805834,0.054096503268366625,-0.8876935767408323,-0.883415180412371,609.0,"{'decomposition': 'legendre', 'n_filters': 12, 'slowest': 0.029334592739296388, 'input_scaling': 0.049068279099124805, 'bias_dist': 'uniform', 'bias_scaling': 0.46763789100254544, 'lr': 0.2715862958761201, 'weight_increment': 0.1852507853053407, 'min_window': 9, 'max_window': 16, 'use_full_instance': False, 'max_partners': 5, 'homeostasis': 'mean', 'target': 0.91, 'spread': 0.095, 'learning_rate': 0.001}",dqn,300,linear,0.001,,,,,,,
CountRecallMedium,filterbank+proj,1,416,0.0,-0.7961165048543687,0.07671746122383845,-0.771650485436893,,66.0,"{'decomposition': 'legendre', 'n_filters': 12, 'slowest': 0.029334592739296388, 'input_scaling': 0.049068279099124805, 'bias_dist': 'uniform', 'bias_scaling': 0.46763789100254544, 'lr': 0.2715862958761201, 'weight_increment': 0.1852507853053407, 'min_window': 9, 'max_window': 16, 'use_full_instance': False, 'max_partners': 5, 'homeostasis': 'mean', 'target': 0.91, 'spread': 0.095}",bc,300,linear,,,-0.8097087378640774,-0.8023300970873786,2.0,"[-0.8097087378640774, -0.8271844660194173, -0.753398058252427, -0.7941747572815532, -0.8271844660194173]",-0.61747572,
CountRecallMedium,filterbank+proj,2,416,0.0,-0.7945631067961163,0.07460860262486381,-0.7500224047796862,,67.0,"{'decomposition': 'legendre', 'n_filters': 12, 'slowest': 0.029334592739296388, 'input_scaling': 0.049068279099124805, 'bias_dist': 'uniform', 'bias_scaling': 0.46763789100254544, 'lr': 0.2715862958761201, 'weight_increment': 0.1852507853053407, 'min_window': 9, 'max_window': 16, 'use_full_instance': False, 'max_partners': 5, 'homeostasis': 'mean', 'target': 0.91, 'spread': 0.095}",bc,300,linear,,,-0.7572815533980581,-0.7732038834951455,0.0,"[-0.7572815533980581, -0.7902912621359222, -0.7650485436893202, -0.7669902912621358, -0.7864077669902911]",-0.5937864,
CountRecallMedium,filterbank+proj,3,416,0.0,-0.7829126213592231,0.07210030612077188,-0.7557181976599451,,64.0,"{'decomposition': 'legendre', 'n_filters': 12, 'slowest': 0.029334592739296388, 'input_scaling': 0.049068279099124805, 'bias_dist': 'uniform', 'bias_scaling': 0.46763789100254544, 'lr': 0.2715862958761201, 'weight_increment': 0.1852507853053407, 'min_window': 9, 'max_window': 16, 'use_full_instance': False, 'max_partners': 5, 'homeostasis': 'mean', 'target': 0.91, 'spread': 0.095}",bc,300,linear,,,-0.7359223300970872,-0.7825242718446601,0.0,"[-0.7359223300970872, -0.8058252427184464, -0.7980582524271843, -0.7864077669902911, -0.7864077669902911]",-0.6,
CountRecallMedium,filterbank+proj,5,416,0.0,-0.7867961165048543,0.07414221824792261,-0.7532088623350757,,65.0,"{'decomposition': 'legendre', 'n_filters': 12, 'slowest': 0.029334592739296388, 'input_scaling': 0.049068279099124805, 'bias_dist': 'uniform', 'bias_scaling': 0.46763789100254544, 'lr': 0.2715862958761201, 'weight_increment': 0.1852507853053407, 'min_window': 9, 'max_window': 16, 'use_full_instance': False, 'max_partners': 5, 'homeostasis': 'mean', 'target': 0.91, 'spread': 0.095}",bc,300,linear,,,-0.7553398058252425,-0.7627184466019414,3.0,"[-0.7553398058252425, -0.7864077669902911, -0.7689320388349513, -0.7456310679611649, -0.7572815533980581]",-0.6054369,
CountRecallMedium,filterbank+proj,4,416,0.0,-0.7603883495145628,0.0650540499046167,-0.7358426686582025,,66.0,"{'decomposition': 'legendre', 'n_filters': 12, 'slowest': 0.029334592739296388, 'input_scaling': 0.049068279099124805, 'bias_dist': 'uniform', 'bias_scaling': 0.46763789100254544, 'lr': 0.2715862958761201, 'weight_increment': 0.1852507853053407, 'min_window': 9, 'max_window': 16, 'use_full_instance': False, 'max_partners': 5, 'homeostasis': 'mean', 'target': 0.91, 'spread': 0.095}",bc,300,linear,,,-0.7805825242718445,-0.778640776699029,1.0,"[-0.7805825242718445, -0.7553398058252425, -0.7844660194174755, -0.7922330097087377, -0.7805825242718445]",-0.6081553000000001,
CountRecallMedium,filterbank+proj,6,416,0.0,-0.7631067961165047,0.08052986933331151,-0.7472740851381626,,65.0,"{'decomposition': 'legendre', 'n_filters': 12, 'slowest': 0.029334592739296388, 'input_scaling': 0.049068279099124805, 'bias_dist': 'uniform', 'bias_scaling': 0.46763789100254544, 'lr': 0.2715862958761201, 'weight_increment': 0.1852507853053407, 'min_window': 9, 'max_window': 16, 'use_full_instance': False, 'max_partners': 5, 'homeostasis': 'mean', 'target': 0.91, 'spread': 0.095}",bc,300,linear,,,-0.7708737864077668,-0.7813592233009706,2.0,"[-0.7708737864077668, -0.8058252427184464, -0.7436893203883493, -0.8058252427184464, -0.7805825242718445]",-0.5992232999999999,
CountRecallMedium,filterbank+proj,5,416,0.0,-0.91184482,0.050665862169981875,-0.928860734857849,-0.9310180659793815,603.0,"{'decomposition': 'legendre', 'n_filters': 12, 'slowest': 0.029334592739296388, 'input_scaling': 0.049068279099124805, 'bias_dist': 'uniform', 'bias_scaling': 0.46763789100254544, 'lr': 0.2715862958761201, 'weight_increment': 0.1852507853053407, 'min_window': 9, 'max_window': 16, 'use_full_instance': False, 'max_partners': 5, 'homeostasis': 'mean', 'target': 0.91, 'spread': 0.095, 'learning_rate': 0.001}",dqn,300,linear,0.001,,,,,,,
CountRecallMedium,filterbank+proj,7,416,0.0,-0.7805825242718444,0.07057391007916985,-0.75227284042818,,64.0,"{'decomposition': 'legendre', 'n_filters': 12, 'slowest': 0.029334592739296388, 'input_scaling': 0.049068279099124805, 'bias_dist': 'uniform', 'bias_scaling': 0.46763789100254544, 'lr': 0.2715862958761201, 'weight_increment': 0.1852507853053407, 'min_window': 9, 'max_window': 16, 'use_full_instance': False, 'max_partners': 5, 'homeostasis': 'mean', 'target': 0.91, 'spread': 0.095}",bc,300,linear,,,-0.7631067961165047,-0.7770873786407766,4.0,"[-0.7631067961165047, -0.7980582524271843, -0.7883495145631066, -0.7961165048543688, -0.7398058252427183]",-0.60737866,
CountRecallMedium,filterbank+proj,9,416,0.0,-0.7646601941747571,0.07466417099007536,-0.7367986059248193,,65.0,"{'decomposition': 'legendre', 'n_filters': 12, 'slowest': 0.029334592739296388, 'input_scaling': 0.049068279099124805, 'bias_dist': 'uniform', 'bias_scaling': 0.46763789100254544, 'lr': 0.2715862958761201, 'weight_increment': 0.1852507853053407, 'min_window': 9, 'max_window': 16, 'use_full_instance': False, 'max_partners': 5, 'homeostasis': 'mean', 'target': 0.91, 'spread': 0.095}",bc,300,linear,,,-0.7941747572815532,-0.782912621359223,2.0,"[-0.7941747572815532, -0.8291262135922327, -0.7417475728155338, -0.7902912621359222, -0.7592233009708736]",-0.5957281799999999,
CountRecallMedium,filterbank+proj,8,416,0.0,-0.7949514563106794,0.08091847155348504,-0.754403783918347,,66.0,"{'decomposition': 'legendre', 'n_filters': 12, 'slowest': 0.029334592739296388, 'input_scaling': 0.049068279099124805, 'bias_dist': 'uniform', 'bias_scaling': 0.46763789100254544, 'lr': 0.2715862958761201, 'weight_increment': 0.1852507853053407, 'min_window': 9, 'max_window': 16, 'use_full_instance': False, 'max_partners': 5, 'homeostasis': 'mean', 'target': 0.91, 'spread': 0.095}",bc,300,linear,,,-0.7514563106796115,-0.7813592233009707,0.0,"[-0.7514563106796115, -0.7902912621359222, -0.7922330097087377, -0.807766990291262, -0.7650485436893202]",-0.6058252000000001,
CountRecallMedium,filterbank+proj,4,416,0.0,-0.8982525600000001,0.054997806050118045,-0.9303068468273588,-0.9297168886597938,632.0,"{'decomposition': 'legendre', 'n_filters': 12, 'slowest': 0.029334592739296388, 'input_scaling': 0.049068279099124805, 'bias_dist': 'uniform', 'bias_scaling': 0.46763789100254544, 'lr': 0.2715862958761201, 'weight_increment': 0.1852507853053407, 'min_window': 9, 'max_window': 16, 'use_full_instance': False, 'max_partners': 5, 'homeostasis': 'mean', 'target': 0.91, 'spread': 0.095, 'learning_rate': 0.001}",dqn,300,linear,0.001,,,,,,,
CountRecallMedium,filterbank+proj,7,416,0.0,-0.9246603599999998,0.034873737272486306,-0.9293907747218789,-0.9271145474226804,603.0,"{'decomposition': 'legendre', 'n_filters': 12, 'slowest': 0.029334592739296388, 'input_scaling': 0.049068279099124805, 'bias_dist': 'uniform', 'bias_scaling': 0.46763789100254544, 'lr': 0.2715862958761201, 'weight_increment': 0.1852507853053407, 'min_window': 9, 'max_window': 16, 'use_full_instance': False, 'max_partners': 5, 'homeostasis': 'mean', 'target': 0.91, 'spread': 0.095, 'learning_rate': 0.001}",dqn,300,linear,0.001,,,,,,,
CountRecallMedium,filterbank+proj,1,416,0.0,-0.9285438799999999,0.049951010840478496,-0.9281986850020602,-0.9304375412371134,591.0,"{'decomposition': 'legendre', 'n_filters': 12, 'slowest': 0.029334592739296388, 'input_scaling': 0.049068279099124805, 'bias_dist': 'uniform', 'bias_scaling': 0.46763789100254544, 'lr': 0.2715862958761201, 'weight_increment': 0.1852507853053407, 'min_window': 9, 'max_window': 16, 'use_full_instance': False, 'max_partners': 5, 'homeostasis': 'mean', 'target': 0.91, 'spread': 0.095, 'learning_rate': 0.003}",dqn,300,linear,0.003,,,,,,,
CountRecallMedium,filterbank+proj,6,416,0.0,-0.9234953,0.044348479602011166,-0.9281806842810054,-0.9283156278350515,665.0,"{'decomposition': 'legendre', 'n_filters': 12, 'slowest': 0.029334592739296388, 'input_scaling': 0.049068279099124805, 'bias_dist': 'uniform', 'bias_scaling': 0.46763789100254544, 'lr': 0.2715862958761201, 'weight_increment': 0.1852507853053407, 'min_window': 9, 'max_window': 16, 'use_full_instance': False, 'max_partners': 5, 'homeostasis': 'mean', 'target': 0.91, 'spread': 0.095, 'learning_rate': 0.001}",dqn,300,linear,0.001,,,,,,,
CountRecallMedium,filterbank+proj,8,416,0.0,-0.9192234200000001,0.03929055860844435,-0.928360699526164,-0.9289962237113402,627.0,"{'decomposition': 'legendre', 'n_filters': 12, 'slowest': 0.029334592739296388, 'input_scaling': 0.049068279099124805, 'bias_dist': 'uniform', 'bias_scaling': 0.46763789100254544, 'lr': 0.2715862958761201, 'weight_increment': 0.1852507853053407, 'min_window': 9, 'max_window': 16, 'use_full_instance': False, 'max_partners': 5, 'homeostasis': 'mean', 'target': 0.91, 'spread': 0.095, 'learning_rate': 0.001}",dqn,300,linear,0.001,,,,,,,
CountRecallMedium,filterbank+proj,9,416,0.0,-0.92582542,0.04158971987262719,-0.9293747743098477,-0.9302173422680412,638.0,"{'decomposition': 'legendre', 'n_filters': 12, 'slowest': 0.029334592739296388, 'input_scaling': 0.049068279099124805, 'bias_dist': 'uniform', 'bias_scaling': 0.46763789100254544, 'lr': 0.2715862958761201, 'weight_increment': 0.1852507853053407, 'min_window': 9, 'max_window': 16, 'use_full_instance': False, 'max_partners': 5, 'homeostasis': 'mean', 'target': 0.91, 'spread': 0.095, 'learning_rate': 0.001}",dqn,300,linear,0.001,,,,,,,
CountRecallMedium,filterbank+proj,3,416,0.0,-0.92271858,0.04063593514764488,-0.9300108309641534,-0.9289962422680412,597.0,"{'decomposition': 'legendre', 'n_filters': 12, 'slowest': 0.029334592739296388, 'input_scaling': 0.049068279099124805, 'bias_dist': 'uniform', 'bias_scaling': 0.46763789100254544, 'lr': 0.2715862958761201, 'weight_increment': 0.1852507853053407, 'min_window': 9, 'max_window': 16, 'use_full_instance': False, 'max_partners': 5, 'homeostasis': 'mean', 'target': 0.91, 'spread': 0.095, 'learning_rate': 0.003}",dqn,300,linear,0.003,,,,,,,
CountRecallMedium,filterbank+proj,0,416,0.0,-0.8959224000000002,0.04423779124730349,-0.8902197731767615,-0.8846963360824741,657.0,"{'decomposition': 'legendre', 'n_filters': 12, 'slowest': 0.029334592739296388, 'input_scaling': 0.049068279099124805, 'bias_dist': 'uniform', 'bias_scaling': 0.46763789100254544, 'lr': 0.2715862958761201, 'weight_increment': 0.1852507853053407, 'min_window': 9, 'max_window': 16, 'use_full_instance': False, 'max_partners': 5, 'homeostasis': 'mean', 'target': 0.91, 'spread': 0.095, 'learning_rate': 0.003}",dqn,300,linear,0.003,,,,,,,
CountRecallMedium,filterbank+proj,2,416,0.0,-0.87961176,0.04461801459480689,-0.8895317184796044,-0.8827145453608247,646.0,"{'decomposition': 'legendre', 'n_filters': 12, 'slowest': 0.029334592739296388, 'input_scaling': 0.049068279099124805, 'bias_dist': 'uniform', 'bias_scaling': 0.46763789100254544, 'lr': 0.2715862958761201, 'weight_increment': 0.1852507853053407, 'min_window': 9, 'max_window': 16, 'use_full_instance': False, 'max_partners': 5, 'homeostasis': 'mean', 'target': 0.91, 'spread': 0.095, 'learning_rate': 0.003}",dqn,300,linear,0.003,,,,,,,
CountRecallMedium,filterbank+proj,6,416,0.0,-0.9277671599999999,0.04055241083603293,-0.9313689318088175,-0.933620418556701,579.0,"{'decomposition': 'legendre', 'n_filters': 12, 'slowest': 0.029334592739296388, 'input_scaling': 0.049068279099124805, 'bias_dist': 'uniform', 'bias_scaling': 0.46763789100254544, 'lr': 0.2715862958761201, 'weight_increment': 0.1852507853053407, 'min_window': 9, 'max_window': 16, 'use_full_instance': False, 'max_partners': 5, 'homeostasis': 'mean', 'target': 0.91, 'spread': 0.095, 'learning_rate': 0.003}",dqn,300,linear,0.003,,,,,,,
CountRecallMedium,filterbank+proj,4,416,0.0,-0.8819419,0.05075956686665086,-0.8914878683559951,-0.8859975144329896,648.0,"{'decomposition': 'legendre', 'n_filters': 12, 'slowest': 0.029334592739296388, 'input_scaling': 0.049068279099124805, 'bias_dist': 'uniform', 'bias_scaling': 0.46763789100254544, 'lr': 0.2715862958761201, 'weight_increment': 0.1852507853053407, 'min_window': 9, 'max_window': 16, 'use_full_instance': False, 'max_partners': 5, 'homeostasis': 'mean', 'target': 0.91, 'spread': 0.095, 'learning_rate': 0.003}",dqn,300,linear,0.003,,,,,,,
CountRecallMedium,filterbank+proj,5,416,0.0,-0.9704856000000001,0.028068773625507748,-0.9306628757725589,-0.9323592731958762,634.0,"{'decomposition': 'legendre', 'n_filters': 12, 'slowest': 0.029334592739296388, 'input_scaling': 0.049068279099124805, 'bias_dist': 'uniform', 'bias_scaling': 0.46763789100254544, 'lr': 0.2715862958761201, 'weight_increment': 0.1852507853053407, 'min_window': 9, 'max_window': 16, 'use_full_instance': False, 'max_partners': 5, 'homeostasis': 'mean', 'target': 0.91, 'spread': 0.095, 'learning_rate': 0.003}",dqn,300,linear,0.003,,,,,,,
CountRecallMedium,filterbank+proj,8,416,0.0,-0.9250487199999999,0.04512388609951054,-0.9296748034610631,-0.9300572041237112,582.0,"{'decomposition': 'legendre', 'n_filters': 12, 'slowest': 0.029334592739296388, 'input_scaling': 0.049068279099124805, 'bias_dist': 'uniform', 'bias_scaling': 0.46763789100254544, 'lr': 0.2715862958761201, 'weight_increment': 0.1852507853053407, 'min_window': 9, 'max_window': 16, 'use_full_instance': False, 'max_partners': 5, 'homeostasis': 'mean', 'target': 0.91, 'spread': 0.095, 'learning_rate': 0.003}",dqn,300,linear,0.003,,,,,,,
CountRecallMedium,filterbank+proj,7,416,0.0,-0.92233026,0.0480361612466317,-0.9303128559950555,-0.9317387185567011,610.0,"{'decomposition': 'legendre', 'n_filters': 12, 'slowest': 0.029334592739296388, 'input_scaling': 0.049068279099124805, 'bias_dist': 'uniform', 'bias_scaling': 0.46763789100254544, 'lr': 0.2715862958761201, 'weight_increment': 0.1852507853053407, 'min_window': 9, 'max_window': 16, 'use_full_instance': False, 'max_partners': 5, 'homeostasis': 'mean', 'target': 0.91, 'spread': 0.095, 'learning_rate': 0.003}",dqn,300,linear,0.003,,,,,,,
CountRecallMedium,filterbank+proj,9,416,0.0,-0.9114565,0.04167488121698729,-0.9281706878862792,-0.9278952484536082,616.0,"{'decomposition': 'legendre', 'n_filters': 12, 'slowest': 0.029334592739296388, 'input_scaling': 0.049068279099124805, 'bias_dist': 'uniform', 'bias_scaling': 0.46763789100254544, 'lr': 0.2715862958761201, 'weight_increment': 0.1852507853053407, 'min_window': 9, 'max_window': 16, 'use_full_instance': False, 'max_partners': 5, 'homeostasis': 'mean', 'target': 0.91, 'spread': 0.095, 'learning_rate': 0.003}",dqn,300,linear,0.003,,,,,,,
CountRecallMedium,filterbank+esn,0,336,115.67857142857143,-0.5172815533980581,0.11624631507573457,-0.651347335050525,-0.5636021398850802,736.0,"{'decomposition': 'legendre', 'n_filters': 6, 'slowest': 0.0478289795932646, 'input_scaling': 0.008244916083641632, 'bias_dist': 'uniform', 'bias_scaling': 0.2638519196064724, 'lr': 0.5612906327875121, 'sr': 1.3482730227934139, 'rc_connectivity': 0.3442777866182289, 'ridge': 6.8532073423887064e-06, 'gamma': 0.9970047221564742}",lspi,300,linear,,,,-0.5365048543689321,,"[-0.5999999999999999, -0.5980582524271844, -0.6058252427184465, -0.4271844660194174, -0.5572815533980582, -0.5126213592233009, -0.5728155339805825, -0.5029126213592232, -0.5669902912621358, -0.545631067961165, -0.44271844660194165, -0.5514563106796115, -0.4951456310679611, -0.5844660194174757, -0.45242718446601937, -0.5631067961165048, -0.5553398058252427, -0.5844660194174757, -0.5378640776699029, -0.47378640776699027]",,3.0
CountRecallMedium,filterbank+esn,1,336,115.67857142857143,-0.51378640776699,0.12809413071963346,-0.6485040618189023,-0.540717257776897,741.0,"{'decomposition': 'legendre', 'n_filters': 6, 'slowest': 0.0478289795932646, 'input_scaling': 0.008244916083641632, 'bias_dist': 'uniform', 'bias_scaling': 0.2638519196064724, 'lr': 0.5612906327875121, 'sr': 1.3482730227934139, 'rc_connectivity': 0.3442777866182289, 'ridge': 6.8532073423887064e-06, 'gamma': 0.9970047221564742}",lspi,300,linear,,,,-0.5302912621359221,,"[-0.5844660194174757, -0.5961165048543688, -0.5708737864077669, -0.47961165048543686, -0.520388349514563, -0.48349514563106794, -0.5766990291262135, -0.47961165048543686, -0.5359223300970873, -0.5320388349514562, -0.4970873786407767, -0.5708737864077669, -0.48155339805825237, -0.5902912621359222, -0.44854368932038824, -0.5378640776699029, -0.5805825242718445, -0.5669902912621358, -0.5359223300970873, -0.43689320388349506]",,19.0
CountRecallMedium,filterbank+esn,2,336,115.67857142857143,-0.5141747572815533,0.12035640039574991,-0.6465821279968298,-0.5477511392906678,741.0,"{'decomposition': 'legendre', 'n_filters': 6, 'slowest': 0.0478289795932646, 'input_scaling': 0.008244916083641632, 'bias_dist': 'uniform', 'bias_scaling': 0.2638519196064724, 'lr': 0.5612906327875121, 'sr': 1.3482730227934139, 'rc_connectivity': 0.3442777866182289, 'ridge': 6.8532073423887064e-06, 'gamma': 0.9970047221564742}",lspi,300,linear,,,,-0.5380582524271844,,"[-0.6097087378640775, -0.6485436893203882, -0.5223300970873785, -0.516504854368932, -0.5436893203883495, -0.4990291262135922, -0.5766990291262135, -0.5145631067961165, -0.5728155339805825, -0.5242718446601942, -0.5009708737864077, -0.5300970873786407, -0.48349514563106794, -0.5689320388349514, -0.4699029126213592, -0.5514563106796115, -0.5572815533980582, -0.5592233009708737, -0.5378640776699029, -0.47378640776699027]",,14.0
CountRecallMedium,filterbank+esn,4,336,115.67857142857143,-0.524271844660194,0.12052920041039604,-0.6568951852585694,-0.5537943332672876,740.0,"{'decomposition': 'legendre', 'n_filters': 6, 'slowest': 0.0478289795932646, 'input_scaling': 0.008244916083641632, 'bias_dist': 'uniform', 'bias_scaling': 0.2638519196064724, 'lr': 0.5612906327875121, 'sr': 1.3482730227934139, 'rc_connectivity': 0.3442777866182289, 'ridge': 6.8532073423887064e-06, 'gamma': 0.9970047221564742}",lspi,300,linear,,,,-0.5346601941747572,,"[-0.6058252427184465, -0.6135922330097087, -0.5805825242718445, -0.487378640776699, -0.5300970873786407, -0.516504854368932, -0.5669902912621358, -0.5048543689320388, -0.5631067961165048, -0.5475728155339805, -0.44660194174757273, -0.578640776699029, -0.4932038834951456, -0.5689320388349514, -0.44854368932038835, -0.5359223300970873, -0.5689320388349514, -0.574757281553398, -0.5009708737864077, -0.4601941747572815]",,10.0
CountRecallMedium,filterbank+esn,3,336,115.67857142857143,-0.5231067961165047,0.12816475399373226,-0.6488408955815335,-0.55052506439469,742.0,"{'decomposition': 'legendre', 'n_filters': 6, 'slowest': 0.0478289795932646, 'input_scaling': 0.008244916083641632, 'bias_dist': 'uniform', 'bias_scaling': 0.2638519196064724, 'lr': 0.5612906327875121, 'sr': 1.3482730227934139, 'rc_connectivity': 0.3442777866182289, 'ridge': 6.8532073423887064e-06, 'gamma': 0.9970047221564742}",lspi,300,linear,,,,-0.5369902912621358,,"[-0.5689320388349514, -0.6155339805825242, -0.5708737864077669, -0.4757281553398058, -0.520388349514563, -0.5553398058252427, -0.5728155339805825, -0.4990291262135922, -0.5611650485436892, -0.5029126213592232, -0.4951456310679611, -0.5669902912621358, -0.4990291262135922, -0.5883495145631067, -0.44466019417475716, -0.5864077669902912, -0.5145631067961165, -0.5650485436893203, -0.545631067961165, -0.49126213592233003]",,14.0
CountRecallMedium,filterbank+esn,5,336,115.67857142857143,-0.5316504854368931,0.12707042986658776,-0.6500198137507429,-0.5473548642758074,740.0,"{'decomposition': 'legendre', 'n_filters': 6, 'slowest': 0.0478289795932646, 'input_scaling': 0.008244916083641632, 'bias_dist': 'uniform', 'bias_scaling': 0.2638519196064724, 'lr': 0.5612906327875121, 'sr': 1.3482730227934139, 'rc_connectivity': 0.3442777866182289, 'ridge': 6.8532073423887064e-06, 'gamma': 0.9970047221564742}",lspi,300,linear,,,,-0.542135922330097,,"[-0.5592233009708737, -0.6601941747572815, -0.5805825242718445, -0.5126213592233009, -0.5475728155339805, -0.5572815533980582, -0.5902912621359222, -0.4932038834951456, -0.578640776699029, -0.5359223300970873, -0.47378640776699027, -0.5262135922330097, -0.5300970873786407, -0.5669902912621358, -0.45048543689320375, -0.5475728155339805, -0.5689320388349514, -0.578640776699029, -0.5359223300970873, -0.44854368932038824]",,19.0
CountRecallMedium,filterbank+esn,6,336,115.67857142857143,-0.5102912621359221,0.13307928164138405,-0.646314642361799,-0.5409153952843273,742.0,"{'decomposition': 'legendre', 'n_filters': 6, 'slowest': 0.0478289795932646, 'input_scaling': 0.008244916083641632, 'bias_dist': 'uniform', 'bias_scaling': 0.2638519196064724, 'lr': 0.5612906327875121, 'sr': 1.3482730227934139, 'rc_connectivity': 0.3442777866182289, 'ridge': 6.8532073423887064e-06, 'gamma': 0.9970047221564742}",lspi,300,linear,,,,-0.5332038834951456,,"[-0.5436893203883495, -0.6233009708737863, -0.5572815533980582, -0.4970873786407767, -0.5533980582524272, -0.5300970873786407, -0.5592233009708737, -0.48349514563106794, -0.5533980582524272, -0.5339805825242718, -0.47378640776699027, -0.5359223300970873, -0.5126213592233009, -0.5883495145631067, -0.4679611650485437, -0.574757281553398, -0.5689320388349514, -0.549514563106796, -0.5048543689320388, -0.4524271844660193]",,19.0
CountRecallMedium,filterbank+esn,7,336,115.67857142857143,-0.516893203883495,0.12913073939072098,-0.6513374281751534,-0.5465623142460867,743.0,"{'decomposition': 'legendre', 'n_filters': 6, 'slowest': 0.0478289795932646, 'input_scaling': 0.008244916083641632, 'bias_dist': 'uniform', 'bias_scaling': 0.2638519196064724, 'lr': 0.5612906327875121, 'sr': 1.3482730227934139, 'rc_connectivity': 0.3442777866182289, 'ridge': 6.8532073423887064e-06, 'gamma': 0.9970047221564742}",lspi,300,linear,,,,-0.5432038834951456,,"[-0.6310679611650485, -0.6271844660194174, -0.5728155339805825, -0.5262135922330097, -0.5320388349514562, -0.5417475728155339, -0.5883495145631067, -0.4893203883495145, -0.5378640776699029, -0.520388349514563, -0.49126213592233003, -0.5883495145631067, -0.5300970873786407, -0.5572815533980582, -0.4932038834951456, -0.5436893203883495, -0.5300970873786407, -0.5553398058252427, -0.5242718446601942, -0.48349514563106794]",,19.0
CountRecallMedium,filterbank+esn,8,336,115.67857142857143,-0.5029126213592232,0.12631810460031526,-0.6500396275014859,-0.5519120269467009,738.0,"{'decomposition': 'legendre', 'n_filters': 6, 'slowest': 0.0478289795932646, 'input_scaling': 0.008244916083641632, 'bias_dist': 'uniform', 'bias_scaling': 0.2638519196064724, 'lr': 0.5612906327875121, 'sr': 1.3482730227934139, 'rc_connectivity': 0.3442777866182289, 'ridge': 6.8532073423887064e-06, 'gamma': 0.9970047221564742}",lspi,300,linear,,,,-0.5386407766990291,,"[-0.5999999999999999, -0.6155339805825241, -0.5999999999999999, -0.4932038834951456, -0.545631067961165, -0.5067961165048543, -0.5999999999999999, -0.5029126213592232, -0.5728155339805825, -0.5184466019417475, -0.5048543689320388, -0.5475728155339805, -0.5009708737864077, -0.5533980582524272, -0.4601941747572815, -0.5689320388349514, -0.5553398058252427, -0.5553398058252427, -0.5087378640776699, -0.46213592233009704]",,14.0
CountRecallMedium,filterbank+esn,9,336,115.67857142857143,-0.5172815533980581,0.13447271372351863,-0.6576580146621755,-0.5615216960570636,742.0,"{'decomposition': 'legendre', 'n_filters': 6, 'slowest': 0.0478289795932646, 'input_scaling': 0.008244916083641632, 'bias_dist': 'uniform', 'bias_scaling': 0.2638519196064724, 'lr': 0.5612906327875121, 'sr': 1.3482730227934139, 'rc_connectivity': 0.3442777866182289, 'ridge': 6.8532073423887064e-06, 'gamma': 0.9970047221564742}",lspi,300,linear,,,,-0.5461165048543689,,"[-0.6194174757281552, -0.662135922330097, -0.5708737864077669, -0.516504854368932, -0.5514563106796115, -0.549514563106796, -0.5689320388349514, -0.4970873786407767, -0.5572815533980582, -0.5262135922330097, -0.5300970873786407, -0.5631067961165048, -0.5067961165048543, -0.5669902912621358, -0.44854368932038824, -0.5650485436893203, -0.5339805825242718, -0.5689320388349514, -0.5339805825242718, -0.48543689320388345]",,14.0
CountRecallMedium,filterbank+esn,1,416,38.50961538461539,-0.61631066,0.10539659786247561,-0.6888929722307929,-0.6468895658436215,797.0,"{'decomposition': 'legendre', 'n_filters': 12, 'slowest': 0.0056263882716246225, 'input_scaling': 0.06344812061556386, 'bias_dist': 'foldnorm', 'bias_scaling': 0.24743237591527745, 'lr': 0.7604293811879814, 'sr': 1.3687477885807093, 'rc_connectivity': 0.0925705874783593, 'learning_rate': 0.0003}",ppo,100,64x64,0.0003,,,,,,,
CountRecallMedium,filterbank+esn,1,416,38.50961538461539,-0.664466,0.07718682612311507,-0.7180641113853748,-0.6967117458847737,792.0,"{'decomposition': 'legendre', 'n_filters': 12, 'slowest': 0.0056263882716246225, 'input_scaling': 0.06344812061556386, 'bias_dist': 'foldnorm', 'bias_scaling': 0.24743237591527745, 'lr': 0.7604293811879814, 'sr': 1.3687477885807093, 'rc_connectivity': 0.0925705874783593, 'learning_rate': 0.001}",ppo,100,64x64,0.001,,,,,,,
CountRecallMedium,filterbank+esn,6,416,38.50961538461539,-0.5526214,0.10383966862158218,-0.6266444387534712,-0.5906348497942387,806.0,"{'decomposition': 'legendre', 'n_filters': 12, 'slowest': 0.0056263882716246225, 'input_scaling': 0.06344812061556386, 'bias_dist': 'foldnorm', 'bias_scaling': 0.24743237591527745, 'lr': 0.7604293811879814, 'sr': 1.3687477885807093, 'rc_connectivity': 0.0925705874783593, 'learning_rate': 0.0003}",ppo,100,64x64,0.0003,,,,,,,
CountRecallMedium,filterbank+esn,0,416,38.50961538461539,-0.67495138,0.08647296190853877,-0.7148168813123521,-0.695932646090535,800.0,"{'decomposition': 'legendre', 'n_filters': 12, 'slowest': 0.0056263882716246225, 'input_scaling': 0.06344812061556386, 'bias_dist': 'foldnorm', 'bias_scaling': 0.24743237591527745, 'lr': 0.7604293811879814, 'sr': 1.3687477885807093, 'rc_connectivity': 0.0925705874783593, 'learning_rate': 0.001}",ppo,100,64x64,0.001,,,,,,,
CountRecallMedium,filterbank+esn,5,416,38.50961538461539,-0.54873788,0.13523039869432316,-0.6118601640440193,-0.5812057973251029,824.0,"{'decomposition': 'legendre', 'n_filters': 12, 'slowest': 0.0056263882716246225, 'input_scaling': 0.06344812061556386, 'bias_dist': 'foldnorm', 'bias_scaling': 0.24743237591527745, 'lr': 0.7604293811879814, 'sr': 1.3687477885807093, 'rc_connectivity': 0.0925705874783593, 'learning_rate': 0.0003}",ppo,100,64x64,0.0003,,,,,,,
CountRecallMedium,filterbank+esn,4,416,38.50961538461539,-0.5530097199999999,0.11731043967457287,-0.610865616682094,-0.5738143713991769,829.0,"{'decomposition': 'legendre', 'n_filters': 12, 'slowest': 0.0056263882716246225, 'input_scaling': 0.06344812061556386, 'bias_dist': 'foldnorm', 'bias_scaling': 0.24743237591527745, 'lr': 0.7604293811879814, 'sr': 1.3687477885807093, 'rc_connectivity': 0.0925705874783593, 'learning_rate': 0.0003}",ppo,100,64x64,0.0003,,,,,,,
CountRecallMedium,filterbank+esn,8,416,38.50961538461539,-0.55611648,0.09433049434668304,-0.6115466195618636,-0.5907946666666667,822.0,"{'decomposition': 'legendre', 'n_filters': 12, 'slowest': 0.0056263882716246225, 'input_scaling': 0.06344812061556386, 'bias_dist': 'foldnorm', 'bias_scaling': 0.24743237591527745, 'lr': 0.7604293811879814, 'sr': 1.3687477885807093, 'rc_connectivity': 0.0925705874783593, 'learning_rate': 0.0003}",ppo,100,64x64,0.0003,,,,,,,
CountRecallMedium,filterbank+esn,9,416,38.50961538461539,-0.5425243200000001,0.11296633297924474,-0.5940842811889334,-0.5612689166666666,823.0,"{'decomposition': 'legendre', 'n_filters': 12, 'slowest': 0.0056263882716246225, 'input_scaling': 0.06344812061556386, 'bias_dist': 'foldnorm', 'bias_scaling': 0.24743237591527745, 'lr': 0.7604293811879814, 'sr': 1.3687477885807093, 'rc_connectivity': 0.0925705874783593, 'learning_rate': 0.0003}",ppo,100,64x64,0.0003,,,,,,,
CountRecallMedium,filterbank+esn,3,416,38.50961538461539,-0.53747574,0.12570107303723546,-0.6021544284685796,-0.5826241399176956,838.0,"{'decomposition': 'legendre', 'n_filters': 12, 'slowest': 0.0056263882716246225, 'input_scaling': 0.06344812061556386, 'bias_dist': 'foldnorm', 'bias_scaling': 0.24743237591527745, 'lr': 0.7604293811879814, 'sr': 1.3687477885807093, 'rc_connectivity': 0.0925705874783593, 'learning_rate': 0.0003}",ppo,100,64x64,0.0003,,,,,,,
CountRecallMedium,filterbank+esn,2,416,38.50961538461539,-0.52116506,0.12382258833757434,-0.6193751255785251,-0.572755598765432,854.0,"{'decomposition': 'legendre', 'n_filters': 12, 'slowest': 0.0056263882716246225, 'input_scaling': 0.06344812061556386, 'bias_dist': 'foldnorm', 'bias_scaling': 0.24743237591527745, 'lr': 0.7604293811879814, 'sr': 1.3687477885807093, 'rc_connectivity': 0.0925705874783593, 'learning_rate': 0.0003}",ppo,100,64x64,0.0003,,,,,,,
CountRecallMedium,filterbank+esn,5,416,38.50961538461539,-0.57553394,0.11295623958691436,-0.6524724692995988,-0.6187022664609052,836.0,"{'decomposition': 'legendre', 'n_filters': 12, 'slowest': 0.0056263882716246225, 'input_scaling': 0.06344812061556386, 'bias_dist': 'foldnorm', 'bias_scaling': 0.24743237591527745, 'lr': 0.7604293811879814, 'sr': 1.3687477885807093, 'rc_connectivity': 0.0925705874783593, 'learning_rate': 0.001}",ppo,100,64x64,0.001,,,,,,,
CountRecallMedium,filterbank+esn,3,416,38.50961538461539,-0.5794175,0.11372798117301651,-0.644414321711406,-0.6124694989711935,850.0,"{'decomposition': 'legendre', 'n_filters': 12, 'slowest': 0.0056263882716246225, 'input_scaling': 0.06344812061556386, 'bias_dist': 'foldnorm', 'bias_scaling': 0.24743237591527745, 'lr': 0.7604293811879814, 'sr': 1.3687477885807093, 'rc_connectivity': 0.0925705874783593, 'learning_rate': 0.001}",ppo,100,64x64,0.001,,,,,,,
CountRecallMedium,filterbank+esn,0,416,38.50961538461539,-0.6854368400000002,0.0917360372964431,-0.7520921386403373,-0.7233808137860082,838.0,"{'decomposition': 'legendre', 'n_filters': 12, 'slowest': 0.0056263882716246225, 'input_scaling': 0.06344812061556386, 'bias_dist': 'foldnorm', 'bias_scaling': 0.24743237591527745, 'lr': 0.7604293811879814, 'sr': 1.3687477885807093, 'rc_connectivity': 0.0925705874783593, 'learning_rate': 0.003}",ppo,100,64x64,0.003,,,,,,,
CountRecallMedium,filterbank+esn,0,416,38.50961538461539,-0.60466012,0.12552518091357445,-0.6927393184202406,-0.6527028076131687,890.0,"{'decomposition': 'legendre', 'n_filters': 12, 'slowest': 0.0056263882716246225, 'input_scaling': 0.06344812061556386, 'bias_dist': 'foldnorm', 'bias_scaling': 0.24743237591527745, 'lr': 0.7604293811879814, 'sr': 1.3687477885807093, 'rc_connectivity': 0.0925705874783593, 'learning_rate': 0.0003}",ppo,100,64x64,0.0003,,,,,,,
CountRecallMedium,filterbank+esn,7,416,38.50961538461539,-0.5634951399999999,0.09346558151341272,-0.6150654538722617,-0.5838427355967079,871.0,"{'decomposition': 'legendre', 'n_filters': 12, 'slowest': 0.0056263882716246225, 'input_scaling': 0.06344812061556386, 'bias_dist': 'foldnorm', 'bias_scaling': 0.24743237591527745, 'lr': 0.7604293811879814, 'sr': 1.3687477885807093, 'rc_connectivity': 0.0925705874783593, 'learning_rate': 0.0003}",ppo,100,64x64,0.0003,,,,,,,
CountRecallMedium,filterbank+esn,6,416,38.50961538461539,-0.6170872999999999,0.1118849938199489,-0.6579703897973876,-0.6221382798353909,855.0,"{'decomposition': 'legendre', 'n_filters': 12, 'slowest': 0.0056263882716246225, 'input_scaling': 0.06344812061556386, 'bias_dist': 'foldnorm', 'bias_scaling': 0.24743237591527745, 'lr': 0.7604293811879814, 'sr': 1.3687477885807093, 'rc_connectivity': 0.0925705874783593, 'learning_rate': 0.001}",ppo,100,64x64,0.001,,,,,,,
CountRecallMedium,filterbank+esn,8,416,38.50961538461539,-0.60194176,0.09986316531285397,-0.6481148753471151,-0.6343640843621399,860.0,"{'decomposition': 'legendre', 'n_filters': 12, 'slowest': 0.0056263882716246225, 'input_scaling': 0.06344812061556386, 'bias_dist': 'foldnorm', 'bias_scaling': 0.24743237591527745, 'lr': 0.7604293811879814, 'sr': 1.3687477885807093, 'rc_connectivity': 0.0925705874783593, 'learning_rate': 0.001}",ppo,100,64x64,0.001,,,,,,,
CountRecallMedium,filterbank+esn,4,416,38.50961538461539,-0.55300966,0.11069588114082836,-0.6604886881620899,-0.61606533436214,872.0,"{'decomposition': 'legendre', 'n_filters': 12, 'slowest': 0.0056263882716246225, 'input_scaling': 0.06344812061556386, 'bias_dist': 'foldnorm', 'bias_scaling': 0.24743237591527745, 'lr': 0.7604293811879814, 'sr': 1.3687477885807093, 'rc_connectivity': 0.0925705874783593, 'learning_rate': 0.001}",ppo,100,64x64,0.001,,,,,,,
CountRecallMedium,filterbank+esn,1,416,38.50961538461539,-0.71961154,0.06105374731700258,-0.7540812117659159,-0.7187062150205762,855.0,"{'decomposition': 'legendre', 'n_filters': 12, 'slowest': 0.0056263882716246225, 'input_scaling': 0.06344812061556386, 'bias_dist': 'foldnorm', 'bias_scaling': 0.24743237591527745, 'lr': 0.7604293811879814, 'sr': 1.3687477885807093, 'rc_connectivity': 0.0925705874783593, 'learning_rate': 0.003}",ppo,100,64x64,0.003,,,,,,,
CountRecallMedium,filterbank+esn,4,416,38.50961538461539,-0.6240776399999999,0.09113888084890225,-0.6837365294662141,-0.6370609722222224,823.0,"{'decomposition': 'legendre', 'n_filters': 12, 'slowest': 0.0056263882716246225, 'input_scaling': 0.06344812061556386, 'bias_dist': 'foldnorm', 'bias_scaling': 0.24743237591527745, 'lr': 0.7604293811879814, 'sr': 1.3687477885807093, 'rc_connectivity': 0.0925705874783593, 'learning_rate': 0.003}",ppo,100,64x64,0.003,,,,,,,
CountRecallMedium,filterbank+esn,3,416,38.50961538461539,-0.61436894,0.10956754024936584,-0.6700426508279338,-0.657117675925926,850.0,"{'decomposition': 'legendre', 'n_filters': 12, 'slowest': 0.0056263882716246225, 'input_scaling': 0.06344812061556386, 'bias_dist': 'foldnorm', 'bias_scaling': 0.24743237591527745, 'lr': 0.7604293811879814, 'sr': 1.3687477885807093, 'rc_connectivity': 0.0925705874783593, 'learning_rate': 0.003}",ppo,100,64x64,0.003,,,,,,,
CountRecallMedium,filterbank+esn,9,416,38.50961538461539,-0.5522330200000001,0.10986994010146542,-0.6299455751311324,-0.5989851450617284,880.0,"{'decomposition': 'legendre', 'n_filters': 12, 'slowest': 0.0056263882716246225, 'input_scaling': 0.06344812061556386, 'bias_dist': 'foldnorm', 'bias_scaling': 0.24743237591527745, 'lr': 0.7604293811879814, 'sr': 1.3687477885807093, 'rc_connectivity': 0.0925705874783593, 'learning_rate': 0.001}",ppo,100,64x64,0.001,,,,,,,
CountRecallMedium,filterbank+esn,7,416,38.50961538461539,-0.6058252199999999,0.11639146442970635,-0.6575150587267304,-0.6400974351851852,892.0,"{'decomposition': 'legendre', 'n_filters': 12, 'slowest': 0.0056263882716246225, 'input_scaling': 0.06344812061556386, 'bias_dist': 'foldnorm', 'bias_scaling': 0.24743237591527745, 'lr': 0.7604293811879814, 'sr': 1.3687477885807093, 'rc_connectivity': 0.0925705874783593, 'learning_rate': 0.001}",ppo,100,64x64,0.001,,,,,,,
CountRecallMedium,filterbank+esn,2,416,38.50961538461539,-0.63689312,0.09671772512412397,-0.7147230129589633,-0.698090153292181,887.0,"{'decomposition': 'legendre', 'n_filters': 12, 'slowest': 0.0056263882716246225, 'input_scaling': 0.06344812061556386, 'bias_dist': 'foldnorm', 'bias_scaling': 0.24743237591527745, 'lr': 0.7604293811879814, 'sr': 1.3687477885807093, 'rc_connectivity': 0.0925705874783593, 'learning_rate': 0.003}",ppo,100,64x64,0.003,,,,,,,
CountRecallMedium,filterbank+esn,2,416,38.50961538461539,-0.5359223,0.11761600475092664,-0.6538125084850355,-0.6100922705761317,914.0,"{'decomposition': 'legendre', 'n_filters': 12, 'slowest': 0.0056263882716246225, 'input_scaling': 0.06344812061556386, 'bias_dist': 'foldnorm', 'bias_scaling': 0.24743237591527745, 'lr': 0.7604293811879814, 'sr': 1.3687477885807093, 'rc_connectivity': 0.0925705874783593, 'learning_rate': 0.001}",ppo,100,64x64,0.001,,,,,,,
CountRecallMedium,filterbank+esn,5,416,38.50961538461539,-0.6873785000000001,0.08607446560978464,-0.715310154787617,-0.7021454300411522,864.0,"{'decomposition': 'legendre', 'n_filters': 12, 'slowest': 0.0056263882716246225, 'input_scaling': 0.06344812061556386, 'bias_dist': 'foldnorm', 'bias_scaling': 0.24743237591527745, 'lr': 0.7604293811879814, 'sr': 1.3687477885807093, 'rc_connectivity': 0.0925705874783593, 'learning_rate': 0.003}",ppo,100,64x64,0.003,,,,,,,
CountRecallMedium,filterbank+esn,6,416,38.50961538461539,-0.64776692,0.08127642343824931,-0.6909579239946518,-0.6589955051440329,858.0,"{'decomposition': 'legendre', 'n_filters': 12, 'slowest': 0.0056263882716246225, 'input_scaling': 0.06344812061556386, 'bias_dist': 'foldnorm', 'bias_scaling': 0.24743237591527745, 'lr': 0.7604293811879814, 'sr': 1.3687477885807093, 'rc_connectivity': 0.0925705874783593, 'learning_rate': 0.003}",ppo,100,64x64,0.003,,,,,,,
CountRecallMedium,filterbank+esn,7,416,38.50961538461539,-0.61592224,0.09538619072498074,-0.6774078266995783,-0.639717859053498,880.0,"{'decomposition': 'legendre', 'n_filters': 12, 'slowest': 0.0056263882716246225, 'input_scaling': 0.06344812061556386, 'bias_dist': 'foldnorm', 'bias_scaling': 0.24743237591527745, 'lr': 0.7604293811879814, 'sr': 1.3687477885807093, 'rc_connectivity': 0.0925705874783593, 'learning_rate': 0.003}",ppo,100,64x64,0.003,,,,,,,
CountRecallMedium,filterbank+esn,8,416,38.50961538461539,-0.63728156,0.07829258643937113,-0.6722174503753985,-0.6372007973251028,903.0,"{'decomposition': 'legendre', 'n_filters': 12, 'slowest': 0.0056263882716246225, 'input_scaling': 0.06344812061556386, 'bias_dist': 'foldnorm', 'bias_scaling': 0.24743237591527745, 'lr': 0.7604293811879814, 'sr': 1.3687477885807093, 'rc_connectivity': 0.0925705874783593, 'learning_rate': 0.003}",ppo,100,64x64,0.003,,,,,,,
CountRecallMedium,filterbank+esn,9,416,38.50961538461539,-0.58291264,0.09458835109267102,-0.6603049577290959,-0.6361619866255145,886.0,"{'decomposition': 'legendre', 'n_filters': 12, 'slowest': 0.0056263882716246225, 'input_scaling': 0.06344812061556386, 'bias_dist': 'foldnorm', 'bias_scaling': 0.24743237591527745, 'lr': 0.7604293811879814, 'sr': 1.3687477885807093, 'rc_connectivity': 0.0925705874783593, 'learning_rate': 0.003}",ppo,100,64x64,0.003,,,,,,,
CountRecallMedium,filterbank+esn,0,416,38.50961538461539,-0.9293205399999998,0.04862297818653646,-0.9239478744214749,-0.9275442109053499,893.0,"{'decomposition': 'legendre', 'n_filters': 12, 'slowest': 0.0056263882716246225, 'input_scaling': 0.06344812061556386, 'bias_dist': 'foldnorm', 'bias_scaling': 0.24743237591527745, 'lr': 0.7604293811879814, 'sr': 1.3687477885807093, 'rc_connectivity': 0.0925705874783593, 'learning_rate': 0.01}",ppo,100,64x64,0.01,,,,,,,
CountRecallMedium,filterbank+esn,1,416,38.50961538461539,-0.86873796,0.06364205850315027,-0.8699551258870718,-0.8617404711934157,862.0,"{'decomposition': 'legendre', 'n_filters': 12, 'slowest': 0.0056263882716246225, 'input_scaling': 0.06344812061556386, 'bias_dist': 'foldnorm', 'bias_scaling': 0.24743237591527745, 'lr': 0.7604293811879814, 'sr': 1.3687477885807093, 'rc_connectivity': 0.0925705874783593, 'learning_rate': 0.01}",ppo,100,64x64,0.01,,,,,,,
CountRecallMedium,filterbank+esn,2,416,38.50961538461539,-0.92233018,0.04578574733809203,-0.9189731802941481,-0.9234489495884773,842.0,"{'decomposition': 'legendre', 'n_filters': 12, 'slowest': 0.0056263882716246225, 'input_scaling': 0.06344812061556386, 'bias_dist': 'foldnorm', 'bias_scaling': 0.24743237591527745, 'lr': 0.7604293811879814, 'sr': 1.3687477885807093, 'rc_connectivity': 0.0925705874783593, 'learning_rate': 0.01}",ppo,100,64x64,0.01,,,,,,,
CountRecallMedium,filterbank+esn,3,416,38.50961538461539,-0.9370875000000002,0.035499560814888975,-0.9259349527923482,-0.923488896090535,865.0,"{'decomposition': 'legendre', 'n_filters': 12, 'slowest': 0.0056263882716246225, 'input_scaling': 0.06344812061556386, 'bias_dist': 'foldnorm', 'bias_scaling': 0.24743237591527745, 'lr': 0.7604293811879814, 'sr': 1.3687477885807093, 'rc_connectivity': 0.0925705874783593, 'learning_rate': 0.01}",ppo,100,64x64,0.01,,,,,,,
CountRecallMedium,filterbank+esn,6,416,38.50961538461539,-0.82834962,0.058942271124513015,-0.8100230900956495,-0.8059251450617283,808.0,"{'decomposition': 'legendre', 'n_filters': 12, 'slowest': 0.0056263882716246225, 'input_scaling': 0.06344812061556386, 'bias_dist': 'foldnorm', 'bias_scaling': 0.24743237591527745, 'lr': 0.7604293811879814, 'sr': 1.3687477885807093, 'rc_connectivity': 0.0925705874783593, 'learning_rate': 0.01}",ppo,100,64x64,0.01,,,,,,,
CountRecallMedium,filterbank+esn,4,416,38.50961538461539,-0.9176700200000001,0.04351598735475964,-0.8674008779183379,-0.9095650534979424,858.0,"{'decomposition': 'legendre', 'n_filters': 12, 'slowest': 0.0056263882716246225, 'input_scaling': 0.06344812061556386, 'bias_dist': 'foldnorm', 'bias_scaling': 0.24743237591527745, 'lr': 0.7604293811879814, 'sr': 1.3687477885807093, 'rc_connectivity': 0.0925705874783593, 'learning_rate': 0.01}",ppo,100,64x64,0.01,,,,,,,
CountRecallMedium,filterbank+esn,5,416,38.50961538461539,-0.9227186199999999,0.03590719840304448,-0.9201135063252083,-0.9232691718106996,852.0,"{'decomposition': 'legendre', 'n_filters': 12, 'slowest': 0.0056263882716246225, 'input_scaling': 0.06344812061556386, 'bias_dist': 'foldnorm', 'bias_scaling': 0.24743237591527745, 'lr': 0.7604293811879814, 'sr': 1.3687477885807093, 'rc_connectivity': 0.0925705874783593, 'learning_rate': 0.01}",ppo,100,64x64,0.01,,,,,,,
CountRecallMedium,filterbank+esn,7,416,38.50961538461539,-0.7553397799999999,0.07234158090677587,-0.8362206377661215,-0.793939019547325,834.0,"{'decomposition': 'legendre', 'n_filters': 12, 'slowest': 0.0056263882716246225, 'input_scaling': 0.06344812061556386, 'bias_dist': 'foldnorm', 'bias_scaling': 0.24743237591527745, 'lr': 0.7604293811879814, 'sr': 1.3687477885807093, 'rc_connectivity': 0.0925705874783593, 'learning_rate': 0.01}",ppo,100,64x64,0.01,,,,,,,
CountRecallMedium,filterbank+esn,8,416,38.50961538461539,-0.85475732,0.05577118639385037,-0.8561553778669135,-0.8887491594650205,847.0,"{'decomposition': 'legendre', 'n_filters': 12, 'slowest': 0.0056263882716246225, 'input_scaling': 0.06344812061556386, 'bias_dist': 'foldnorm', 'bias_scaling': 0.24743237591527745, 'lr': 0.7604293811879814, 'sr': 1.3687477885807093, 'rc_connectivity': 0.0925705874783593, 'learning_rate': 0.01}",ppo,100,64x64,0.01,,,,,,,
CountRecallMedium,filterbank+esn,9,416,38.50961538461539,-0.9254370199999999,0.03393562602015176,-0.913646998868662,-0.9246275895061727,856.0,"{'decomposition': 'legendre', 'n_filters': 12, 'slowest': 0.0056263882716246225, 'input_scaling': 0.06344812061556386, 'bias_dist': 'foldnorm', 'bias_scaling': 0.24743237591527745, 'lr': 0.7604293811879814, 'sr': 1.3687477885807093, 'rc_connectivity': 0.0925705874783593, 'learning_rate': 0.01}",ppo,100,64x64,0.01,,,,,,,
CountRecallMedium,filterbank+hag,0,416,4.8485576923076925,-0.5607767,0.11221143146315352,-0.6086329113442353,-0.5788884794238683,838.0,"{'decomposition': 'legendre', 'n_filters': 12, 'slowest': 0.029334592739296388, 'input_scaling': 0.049068279099124805, 'bias_dist': 'uniform', 'bias_scaling': 0.46763789100254544, 'lr': 0.2715862958761201, 'weight_increment': 0.1852507853053407, 'min_window': 9, 'max_window': 16, 'use_full_instance': False, 'max_partners': 5, 'homeostasis': 'mean', 'target': 0.91, 'spread': 0.095, 'learning_rate': 0.0003}",ppo,100,64x64,0.0003,,,,,,,
CountRecallMedium,filterbank+hag,1,416,4.954326923076923,-0.56116506,0.10977308172105035,-0.6230956479481642,-0.5802069413580246,829.0,"{'decomposition': 'legendre', 'n_filters': 12, 'slowest': 0.029334592739296388, 'input_scaling': 0.049068279099124805, 'bias_dist': 'uniform', 'bias_scaling': 0.46763789100254544, 'lr': 0.2715862958761201, 'weight_increment': 0.1852507853053407, 'min_window': 9, 'max_window': 16, 'use_full_instance': False, 'max_partners': 5, 'homeostasis': 'mean', 'target': 0.91, 'spread': 0.095, 'learning_rate': 0.0003}",ppo,100,64x64,0.0003,,,,,,,
CountRecallMedium,filterbank+hag,3,416,4.836538461538462,-0.53864072,0.10646438413291837,-0.6208229894065617,-0.5875983786008231,826.0,"{'decomposition': 'legendre', 'n_filters': 12, 'slowest': 0.029334592739296388, 'input_scaling': 0.049068279099124805, 'bias_dist': 'uniform', 'bias_scaling': 0.46763789100254544, 'lr': 0.2715862958761201, 'weight_increment': 0.1852507853053407, 'min_window': 9, 'max_window': 16, 'use_full_instance': False, 'max_partners': 5, 'homeostasis': 'mean', 'target': 0.91, 'spread': 0.095, 'learning_rate': 0.0003}",ppo,100,64x64,0.0003,,,,,,,
CountRecallMedium,filterbank+hag,6,416,4.920673076923077,-0.5568932400000001,0.12848963188951237,-0.6104821790599608,-0.5796475895061729,813.0,"{'decomposition': 'legendre', 'n_filters': 12, 'slowest': 0.029334592739296388, 'input_scaling': 0.049068279099124805, 'bias_dist': 'uniform', 'bias_scaling': 0.46763789100254544, 'lr': 0.2715862958761201, 'weight_increment': 0.1852507853053407, 'min_window': 9, 'max_window': 16, 'use_full_instance': False, 'max_partners': 5, 'homeostasis': 'mean', 'target': 0.91, 'spread': 0.095, 'learning_rate': 0.0003}",ppo,100,64x64,0.0003,,,,,,,
CountRecallMedium,filterbank+hag,2,416,4.961538461538462,-0.52194174,0.1056346251839443,-0.6068794822585621,-0.5700787294238682,866.0,"{'decomposition': 'legendre', 'n_filters': 12, 'slowest': 0.029334592739296388, 'input_scaling': 0.049068279099124805, 'bias_dist': 'uniform', 'bias_scaling': 0.46763789100254544, 'lr': 0.2715862958761201, 'weight_increment': 0.1852507853053407, 'min_window': 9, 'max_window': 16, 'use_full_instance': False, 'max_partners': 5, 'homeostasis': 'mean', 'target': 0.91, 'spread': 0.095, 'learning_rate': 0.0003}",ppo,100,64x64,0.0003,,,,,,,
CountRecallMedium,filterbank+hag,4,416,4.913461538461538,-0.5716505000000001,0.11224641098177705,-0.6472721158078781,-0.6285308549382717,858.0,"{'decomposition': 'legendre', 'n_filters': 12, 'slowest': 0.029334592739296388, 'input_scaling': 0.049068279099124805, 'bias_dist': 'uniform', 'bias_scaling': 0.46763789100254544, 'lr': 0.2715862958761201, 'weight_increment': 0.1852507853053407, 'min_window': 9, 'max_window': 16, 'use_full_instance': False, 'max_partners': 5, 'homeostasis': 'mean', 'target': 0.91, 'spread': 0.095, 'learning_rate': 0.0003}",ppo,100,64x64,0.0003,,,,,,,
CountRecallMedium,filterbank+hag,5,416,4.923076923076923,-0.5627184000000001,0.12008979297409085,-0.660630484932634,-0.6175236399176954,883.0,"{'decomposition': 'legendre', 'n_filters': 12, 'slowest': 0.029334592739296388, 'input_scaling': 0.049068279099124805, 'bias_dist': 'uniform', 'bias_scaling': 0.46763789100254544, 'lr': 0.2715862958761201, 'weight_increment': 0.1852507853053407, 'min_window': 9, 'max_window': 16, 'use_full_instance': False, 'max_partners': 5, 'homeostasis': 'mean', 'target': 0.91, 'spread': 0.095, 'learning_rate': 0.0003}",ppo,100,64x64,0.0003,,,,,,,
CountRecallMedium,filterbank+hag,7,416,4.935096153846154,-0.60349506,0.11012222054488549,-0.6318208280366142,-0.6050980504115226,883.0,"{'decomposition': 'legendre', 'n_filters': 12, 'slowest': 0.029334592739296388, 'input_scaling': 0.049068279099124805, 'bias_dist': 'uniform', 'bias_scaling': 0.46763789100254544, 'lr': 0.2715862958761201, 'weight_increment': 0.1852507853053407, 'min_window': 9, 'max_window': 16, 'use_full_instance': False, 'max_partners': 5, 'homeostasis': 'mean', 'target': 0.91, 'spread': 0.095, 'learning_rate': 0.0003}",ppo,100,64x64,0.0003,,,,,,,
CountRecallMedium,filterbank+hag,8,416,4.877403846153846,-0.61475722,0.09994690635898441,-0.6788736840481332,-0.6390386625514405,818.0,"{'decomposition': 'legendre', 'n_filters': 12, 'slowest': 0.029334592739296388, 'input_scaling': 0.049068279099124805, 'bias_dist': 'uniform', 'bias_scaling': 0.46763789100254544, 'lr': 0.2715862958761201, 'weight_increment': 0.1852507853053407, 'min_window': 9, 'max_window': 16, 'use_full_instance': False, 'max_partners': 5, 'homeostasis': 'mean', 'target': 0.91, 'spread': 0.095, 'learning_rate': 0.0003}",ppo,100,64x64,0.0003,,,,,,,
CountRecallMedium,filterbank+hag,0,416,4.8485576923076925,-0.61592234,0.1032811859946641,-0.6625496526792142,-0.651763896090535,822.0,"{'decomposition': 'legendre', 'n_filters': 12, 'slowest': 0.029334592739296388, 'input_scaling': 0.049068279099124805, 'bias_dist': 'uniform', 'bias_scaling': 0.46763789100254544, 'lr': 0.2715862958761201, 'weight_increment': 0.1852507853053407, 'min_window': 9, 'max_window': 16, 'use_full_instance': False, 'max_partners': 5, 'homeostasis': 'mean', 'target': 0.91, 'spread': 0.095, 'learning_rate': 0.001}",ppo,100,64x64,0.001,,,,,,,
CountRecallMedium,filterbank+hag,9,416,4.896634615384615,-0.6069902800000001,0.10190452136172173,-0.6813640199526895,-0.6365615380658436,834.0,"{'decomposition': 'legendre', 'n_filters': 12, 'slowest': 0.029334592739296388, 'input_scaling': 0.049068279099124805, 'bias_dist': 'uniform', 'bias_scaling': 0.46763789100254544, 'lr': 0.2715862958761201, 'weight_increment': 0.1852507853053407, 'min_window': 9, 'max_window': 16, 'use_full_instance': False, 'max_partners': 5, 'homeostasis': 'mean', 'target': 0.91, 'spread': 0.095, 'learning_rate': 0.0003}",ppo,100,64x64,0.0003,,,,,,,
CountRecallMedium,filterbank+hag,3,416,4.836538461538462,-0.5949514600000001,0.09198298585547438,-0.6547491276355034,-0.6319269197530865,815.0,"{'decomposition': 'legendre', 'n_filters': 12, 'slowest': 0.029334592739296388, 'input_scaling': 0.049068279099124805, 'bias_dist': 'uniform', 'bias_scaling': 0.46763789100254544, 'lr': 0.2715862958761201, 'weight_increment': 0.1852507853053407, 'min_window': 9, 'max_window': 16, 'use_full_instance': False, 'max_partners': 5, 'homeostasis': 'mean', 'target': 0.91, 'spread': 0.095, 'learning_rate': 0.001}",ppo,100,64x64,0.001,,,,,,,
CountRecallMedium,filterbank+hag,1,416,4.954326923076923,-0.62097082,0.117999437315894,-0.6743563062840687,-0.6494465709876542,841.0,"{'decomposition': 'legendre', 'n_filters': 12, 'slowest': 0.029334592739296388, 'input_scaling': 0.049068279099124805, 'bias_dist': 'uniform', 'bias_scaling': 0.46763789100254544, 'lr': 0.2715862958761201, 'weight_increment': 0.1852507853053407, 'min_window': 9, 'max_window': 16, 'use_full_instance': False, 'max_partners': 5, 'homeostasis': 'mean', 'target': 0.91, 'spread': 0.095, 'learning_rate': 0.001}",ppo,100,64x64,0.001,,,,,,,
CountRecallMedium,filterbank+hag,4,416,4.913461538461538,-0.6302912,0.0929575600288648,-0.7020935650519388,-0.6572974650205762,824.0,"{'decomposition': 'legendre', 'n_filters': 12, 'slowest': 0.029334592739296388, 'input_scaling': 0.049068279099124805, 'bias_dist': 'uniform', 'bias_scaling': 0.46763789100254544, 'lr': 0.2715862958761201, 'weight_increment': 0.1852507853053407, 'min_window': 9, 'max_window': 16, 'use_full_instance': False, 'max_partners': 5, 'homeostasis': 'mean', 'target': 0.91, 'spread': 0.095, 'learning_rate': 0.001}",ppo,100,64x64,0.001,,,,,,,
CountRecallMedium,filterbank+hag,5,416,4.923076923076923,-0.6229126,0.0955282917958863,-0.700937262367582,-0.6696831039094651,842.0,"{'decomposition': 'legendre', 'n_filters': 12, 'slowest': 0.029334592739296388, 'input_scaling': 0.049068279099124805, 'bias_dist': 'uniform', 'bias_scaling': 0.46763789100254544, 'lr': 0.2715862958761201, 'weight_increment': 0.1852507853053407, 'min_window': 9, 'max_window': 16, 'use_full_instance': False, 'max_partners': 5, 'homeostasis': 'mean', 'target': 0.91, 'spread': 0.095, 'learning_rate': 0.001}",ppo,100,64x64,0.001,,,,,,,
CountRecallMedium,filterbank+hag,9,416,4.896634615384615,-0.6450484400000001,0.08658008930144621,-0.7181100384654941,-0.684485913580247,819.0,"{'decomposition': 'legendre', 'n_filters': 12, 'slowest': 0.029334592739296388, 'input_scaling': 0.049068279099124805, 'bias_dist': 'uniform', 'bias_scaling': 0.46763789100254544, 'lr': 0.2715862958761201, 'weight_increment': 0.1852507853053407, 'min_window': 9, 'max_window': 16, 'use_full_instance': False, 'max_partners': 5, 'homeostasis': 'mean', 'target': 0.91, 'spread': 0.095, 'learning_rate': 0.001}",ppo,100,64x64,0.001,,,,,,,
CountRecallMedium,filterbank+hag,2,416,4.961538461538462,-0.5743689399999999,0.10005860089855544,-0.6491553510233466,-0.6088137602880659,862.0,"{'decomposition': 'legendre', 'n_filters': 12, 'slowest': 0.029334592739296388, 'input_scaling': 0.049068279099124805, 'bias_dist': 'uniform', 'bias_scaling': 0.46763789100254544, 'lr': 0.2715862958761201, 'weight_increment': 0.1852507853053407, 'min_window': 9, 'max_window': 16, 'use_full_instance': False, 'max_partners': 5, 'homeostasis': 'mean', 'target': 0.91, 'spread': 0.095, 'learning_rate': 0.001}",ppo,100,64x64,0.001,,,,,,,
CountRecallMedium,filterbank+hag,7,416,4.935096153846154,-0.58563106,0.12575627158188335,-0.6734116993726216,-0.6559790010288066,842.0,"{'decomposition': 'legendre', 'n_filters': 12, 'slowest': 0.029334592739296388, 'input_scaling': 0.049068279099124805, 'bias_dist': 'uniform', 'bias_scaling': 0.46763789100254544, 'lr': 0.2715862958761201, 'weight_increment': 0.1852507853053407, 'min_window': 9, 'max_window': 16, 'use_full_instance': False, 'max_partners': 5, 'homeostasis': 'mean', 'target': 0.91, 'spread': 0.095, 'learning_rate': 0.001}",ppo,100,64x64,0.001,,,,,,,
CountRecallMedium,filterbank+hag,8,416,4.877403846153846,-0.6520387599999999,0.09213295551680951,-0.7111183012444718,-0.6956529619341564,833.0,"{'decomposition': 'legendre', 'n_filters': 12, 'slowest': 0.029334592739296388, 'input_scaling': 0.049068279099124805, 'bias_dist': 'uniform', 'bias_scaling': 0.46763789100254544, 'lr': 0.2715862958761201, 'weight_increment': 0.1852507853053407, 'min_window': 9, 'max_window': 16, 'use_full_instance': False, 'max_partners': 5, 'homeostasis': 'mean', 'target': 0.91, 'spread': 0.095, 'learning_rate': 0.001}",ppo,100,64x64,0.001,,,,,,,
CountRecallMedium,filterbank+hag,6,416,4.920673076923077,-0.56621356,0.11090824386170037,-0.6538784005965237,-0.6330655936213991,863.0,"{'decomposition': 'legendre', 'n_filters': 12, 'slowest': 0.029334592739296388, 'input_scaling': 0.049068279099124805, 'bias_dist': 'uniform', 'bias_scaling': 0.46763789100254544, 'lr': 0.2715862958761201, 'weight_increment': 0.1852507853053407, 'min_window': 9, 'max_window': 16, 'use_full_instance': False, 'max_partners': 5, 'homeostasis': 'mean', 'target': 0.91, 'spread': 0.095, 'learning_rate': 0.001}",ppo,100,64x64,0.001,,,,,,,
CountRecallMedium,filterbank+hag,5,416,4.923076923076923,-0.8535923599999999,0.050962763676143,-0.8538966935102336,-0.8494347181069959,816.0,"{'decomposition': 'legendre', 'n_filters': 12, 'slowest': 0.029334592739296388, 'input_scaling': 0.049068279099124805, 'bias_dist': 'uniform', 'bias_scaling': 0.46763789100254544, 'lr': 0.2715862958761201, 'weight_increment': 0.1852507853053407, 'min_window': 9, 'max_window': 16, 'use_full_instance': False, 'max_partners': 5, 'homeostasis': 'mean', 'target': 0.91, 'spread': 0.095, 'learning_rate': 0.003}",ppo,100,64x64,0.003,,,,,,,
CountRecallMedium,filterbank+hag,0,416,4.8485576923076925,-0.87689328,0.04157526212643283,-0.8227763672734754,-0.8260817644032922,861.0,"{'decomposition': 'legendre', 'n_filters': 12, 'slowest': 0.029334592739296388, 'input_scaling': 0.049068279099124805, 'bias_dist': 'uniform', 'bias_scaling': 0.46763789100254544, 'lr': 0.2715862958761201, 'weight_increment': 0.1852507853053407, 'min_window': 9, 'max_window': 16, 'use_full_instance': False, 'max_partners': 5, 'homeostasis': 'mean', 'target': 0.91, 'spread': 0.095, 'learning_rate': 0.003}",ppo,100,64x64,0.003,,,,,,,
CountRecallMedium,filterbank+hag,2,416,4.961538461538462,-0.7398057600000001,0.08490579040502715,-0.7957540344543865,-0.7902033569958847,862.0,"{'decomposition': 'legendre', 'n_filters': 12, 'slowest': 0.029334592739296388, 'input_scaling': 0.049068279099124805, 'bias_dist': 'uniform', 'bias_scaling': 0.46763789100254544, 'lr': 0.2715862958761201, 'weight_increment': 0.1852507853053407, 'min_window': 9, 'max_window': 16, 'use_full_instance': False, 'max_partners': 5, 'homeostasis': 'mean', 'target': 0.91, 'spread': 0.095, 'learning_rate': 0.003}",ppo,100,64x64,0.003,,,,,,,
CountRecallMedium,filterbank+hag,3,416,4.836538461538462,-0.8178641800000002,0.05531634544569625,-0.803185125784223,-0.8227456502057613,863.0,"{'decomposition': 'legendre', 'n_filters': 12, 'slowest': 0.029334592739296388, 'input_scaling': 0.049068279099124805, 'bias_dist': 'uniform', 'bias_scaling': 0.46763789100254544, 'lr': 0.2715862958761201, 'weight_increment': 0.1852507853053407, 'min_window': 9, 'max_window': 16, 'use_full_instance': False, 'max_partners': 5, 'homeostasis': 'mean', 'target': 0.91, 'spread': 0.095, 'learning_rate': 0.003}",ppo,100,64x64,0.003,,,,,,,
CountRecallMedium,filterbank+hag,7,416,4.935096153846154,-0.8054369,0.058958862864627905,-0.8292808248482978,-0.8263814238683128,843.0,"{'decomposition': 'legendre', 'n_filters': 12, 'slowest': 0.029334592739296388, 'input_scaling': 0.049068279099124805, 'bias_dist': 'uniform', 'bias_scaling': 0.46763789100254544, 'lr': 0.2715862958761201, 'weight_increment': 0.1852507853053407, 'min_window': 9, 'max_window': 16, 'use_full_instance': False, 'max_partners': 5, 'homeostasis': 'mean', 'target': 0.91, 'spread': 0.095, 'learning_rate': 0.003}",ppo,100,64x64,0.003,,,,,,,
CountRecallMedium,filterbank+hag,1,416,4.954326923076923,-0.88310686,0.03969720169382724,-0.8559656550447393,-0.8867914310699588,873.0,"{'decomposition': 'legendre', 'n_filters': 12, 'slowest': 0.029334592739296388, 'input_scaling': 0.049068279099124805, 'bias_dist': 'uniform', 'bias_scaling': 0.46763789100254544, 'lr': 0.2715862958761201, 'weight_increment': 0.1852507853053407, 'min_window': 9, 'max_window': 16, 'use_full_instance': False, 'max_partners': 5, 'homeostasis': 'mean', 'target': 0.91, 'spread': 0.095, 'learning_rate': 0.003}",ppo,100,64x64,0.003,,,,,,,
CountRecallMedium,filterbank+hag,6,416,4.920673076923077,-0.7615533999999999,0.07065837095801177,-0.7887323448524117,-0.7895640997942386,871.0,"{'decomposition': 'legendre', 'n_filters': 12, 'slowest': 0.029334592739296388, 'input_scaling': 0.049068279099124805, 'bias_dist': 'uniform', 'bias_scaling': 0.46763789100254544, 'lr': 0.2715862958761201, 'weight_increment': 0.1852507853053407, 'min_window': 9, 'max_window': 16, 'use_full_instance': False, 'max_partners': 5, 'homeostasis': 'mean', 'target': 0.91, 'spread': 0.095, 'learning_rate': 0.003}",ppo,100,64x64,0.003,,,,,,,
CountRecallMedium,filterbank+hag,0,416,4.8485576923076925,-0.9285438599999999,0.046348850258451944,-0.9239618510747714,-0.9215911049382717,871.0,"{'decomposition': 'legendre', 'n_filters': 12, 'slowest': 0.029334592739296388, 'input_scaling': 0.049068279099124805, 'bias_dist': 'uniform', 'bias_scaling': 0.46763789100254544, 'lr': 0.2715862958761201, 'weight_increment': 0.1852507853053407, 'min_window': 9, 'max_window': 16, 'use_full_instance': False, 'max_partners': 5, 'homeostasis': 'mean', 'target': 0.91, 'spread': 0.095, 'learning_rate': 0.01}",ppo,100,64x64,0.01,,,,,,,
CountRecallMedium,filterbank+hag,9,416,4.896634615384615,-0.9021360599999998,0.041819386359156455,-0.8365361750488531,-0.889188658436214,885.0,"{'decomposition': 'legendre', 'n_filters': 12, 'slowest': 0.029334592739296388, 'input_scaling': 0.049068279099124805, 'bias_dist': 'uniform', 'bias_scaling': 0.46763789100254544, 'lr': 0.2715862958761201, 'weight_increment': 0.1852507853053407, 'min_window': 9, 'max_window': 16, 'use_full_instance': False, 'max_partners': 5, 'homeostasis': 'mean', 'target': 0.91, 'spread': 0.095, 'learning_rate': 0.003}",ppo,100,64x64,0.003,,,,,,,
CountRecallMedium,filterbank+hag,4,416,4.913461538461538,-0.79689326,0.06615751341875235,-0.8034627195310089,-0.7797954176954732,917.0,"{'decomposition': 'legendre', 'n_filters': 12, 'slowest': 0.029334592739296388, 'input_scaling': 0.049068279099124805, 'bias_dist': 'uniform', 'bias_scaling': 0.46763789100254544, 'lr': 0.2715862958761201, 'weight_increment': 0.1852507853053407, 'min_window': 9, 'max_window': 16, 'use_full_instance': False, 'max_partners': 5, 'homeostasis': 'mean', 'target': 0.91, 'spread': 0.095, 'learning_rate': 0.003}",ppo,100,64x64,0.003,,,,,,,
CountRecallMedium,filterbank+hag,8,416,4.877403846153846,-0.8710680399999999,0.047524866174229255,-0.8860195482875657,-0.8899277932098765,895.0,"{'decomposition': 'legendre', 'n_filters': 12, 'slowest': 0.029334592739296388, 'input_scaling': 0.049068279099124805, 'bias_dist': 'uniform', 'bias_scaling': 0.46763789100254544, 'lr': 0.2715862958761201, 'weight_increment': 0.1852507853053407, 'min_window': 9, 'max_window': 16, 'use_full_instance': False, 'max_partners': 5, 'homeostasis': 'mean', 'target': 0.91, 'spread': 0.095, 'learning_rate': 0.003}",ppo,100,64x64,0.003,,,,,,,
CountRecallMedium,filterbank+hag,2,416,4.961538461538462,-0.9203885400000001,0.04499666942217391,-0.9200136541190991,-0.9237685884773662,882.0,"{'decomposition': 'legendre', 'n_filters': 12, 'slowest': 0.029334592739296388, 'input_scaling': 0.049068279099124805, 'bias_dist': 'uniform', 'bias_scaling': 0.46763789100254544, 'lr': 0.2715862958761201, 'weight_increment': 0.1852507853053407, 'min_window': 9, 'max_window': 16, 'use_full_instance': False, 'max_partners': 5, 'homeostasis': 'mean', 'target': 0.91, 'spread': 0.095, 'learning_rate': 0.01}",ppo,100,64x64,0.01,,,,,,,
CountRecallMedium,filterbank+hag,4,416,4.913461538461538,-0.9390292999999998,0.037251307746306035,-0.9246049126812712,-0.9232691574074073,860.0,"{'decomposition': 'legendre', 'n_filters': 12, 'slowest': 0.029334592739296388, 'input_scaling': 0.049068279099124805, 'bias_dist': 'uniform', 'bias_scaling': 0.46763789100254544, 'lr': 0.2715862958761201, 'weight_increment': 0.1852507853053407, 'min_window': 9, 'max_window': 16, 'use_full_instance': False, 'max_partners': 5, 'homeostasis': 'mean', 'target': 0.91, 'spread': 0.095, 'learning_rate': 0.01}",ppo,100,64x64,0.01,,,,,,,
CountRecallMedium,filterbank+hag,1,416,4.954326923076923,-0.9289321999999999,0.03875919025676363,-0.9244151875964208,-0.9246875174897119,901.0,"{'decomposition': 'legendre', 'n_filters': 12, 'slowest': 0.029334592739296388, 'input_scaling': 0.049068279099124805, 'bias_dist': 'uniform', 'bias_scaling': 0.46763789100254544, 'lr': 0.2715862958761201, 'weight_increment': 0.1852507853053407, 'min_window': 9, 'max_window': 16, 'use_full_instance': False, 'max_partners': 5, 'homeostasis': 'mean', 'target': 0.91, 'spread': 0.095, 'learning_rate': 0.01}",ppo,100,64x64,0.01,,,,,,,
CountRecallMedium,filterbank+hag,3,416,4.836538461538462,-0.9161166199999999,0.035686001384795135,-0.9262984239432274,-0.9255864763374485,892.0,"{'decomposition': 'legendre', 'n_filters': 12, 'slowest': 0.029334592739296388, 'input_scaling': 0.049068279099124805, 'bias_dist': 'uniform', 'bias_scaling': 0.46763789100254544, 'lr': 0.2715862958761201, 'weight_increment': 0.1852507853053407, 'min_window': 9, 'max_window': 16, 'use_full_instance': False, 'max_partners': 5, 'homeostasis': 'mean', 'target': 0.91, 'spread': 0.095, 'learning_rate': 0.01}",ppo,100,64x64,0.01,,,,,,,
CountRecallMedium,filterbank+hag,5,416,4.923076923076923,-0.93203898,0.041691119609571545,-0.9239259094929548,-0.9252268940329219,887.0,"{'decomposition': 'legendre', 'n_filters': 12, 'slowest': 0.029334592739296388, 'input_scaling': 0.049068279099124805, 'bias_dist': 'uniform', 'bias_scaling': 0.46763789100254544, 'lr': 0.2715862958761201, 'weight_increment': 0.1852507853053407, 'min_window': 9, 'max_window': 16, 'use_full_instance': False, 'max_partners': 5, 'homeostasis': 'mean', 'target': 0.91, 'spread': 0.095, 'learning_rate': 0.01}",ppo,100,64x64,0.01,,,,,,,
CountRecallMedium,filterbank+proj,0,416,0.0,-0.9281554599999999,0.04150988651114817,-0.9246588313277795,-0.9237885596707819,814.0,"{'decomposition': 'legendre', 'n_filters': 12, 'slowest': 0.029334592739296388, 'input_scaling': 0.049068279099124805, 'bias_dist': 'uniform', 'bias_scaling': 0.46763789100254544, 'lr': 0.2715862958761201, 'weight_increment': 0.1852507853053407, 'min_window': 9, 'max_window': 16, 'use_full_instance': False, 'max_partners': 5, 'homeostasis': 'mean', 'target': 0.91, 'spread': 0.095, 'learning_rate': 0.0003}",ppo,100,64x64,0.0003,,,,,,,
CountRecallMedium,filterbank+proj,2,416,0.0,-0.9347574799999999,0.03839758500595579,-0.9246688145634063,-0.9234289753086419,819.0,"{'decomposition': 'legendre', 'n_filters': 12, 'slowest': 0.029334592739296388, 'input_scaling': 0.049068279099124805, 'bias_dist': 'uniform', 'bias_scaling': 0.46763789100254544, 'lr': 0.2715862958761201, 'weight_increment': 0.1852507853053407, 'min_window': 9, 'max_window': 16, 'use_full_instance': False, 'max_partners': 5, 'homeostasis': 'mean', 'target': 0.91, 'spread': 0.095, 'learning_rate': 0.0003}",ppo,100,64x64,0.0003,,,,,,,
CountRecallMedium,filterbank+hag,9,416,4.896634615384615,-0.9269904600000001,0.04138429828773711,-0.9239259034248687,-0.9230294372427983,871.0,"{'decomposition': 'legendre', 'n_filters': 12, 'slowest': 0.029334592739296388, 'input_scaling': 0.049068279099124805, 'bias_dist': 'uniform', 'bias_scaling': 0.46763789100254544, 'lr': 0.2715862958761201, 'weight_increment': 0.1852507853053407, 'min_window': 9, 'max_window': 16, 'use_full_instance': False, 'max_partners': 5, 'homeostasis': 'mean', 'target': 0.91, 'spread': 0.095, 'learning_rate': 0.01}",ppo,100,64x64,0.01,,,,,,,
CountRecallMedium,filterbank+hag,7,416,4.935096153846154,-0.92388362,0.04304206839541521,-0.9244151880078166,-0.9241481378600822,890.0,"{'decomposition': 'legendre', 'n_filters': 12, 'slowest': 0.029334592739296388, 'input_scaling': 0.049068279099124805, 'bias_dist': 'uniform', 'bias_scaling': 0.46763789100254544, 'lr': 0.2715862958761201, 'weight_increment': 0.1852507853053407, 'min_window': 9, 'max_window': 16, 'use_full_instance': False, 'max_partners': 5, 'homeostasis': 'mean', 'target': 0.91, 'spread': 0.095, 'learning_rate': 0.01}",ppo,100,64x64,0.01,,,,,,,
CountRecallMedium,filterbank+proj,4,416,0.0,-0.9215535800000001,0.034726446102698164,-0.924894485035483,-0.9226898425925926,817.0,"{'decomposition': 'legendre', 'n_filters': 12, 'slowest': 0.029334592739296388, 'input_scaling': 0.049068279099124805, 'bias_dist': 'uniform', 'bias_scaling': 0.46763789100254544, 'lr': 0.2715862958761201, 'weight_increment': 0.1852507853053407, 'min_window': 9, 'max_window': 16, 'use_full_instance': False, 'max_partners': 5, 'homeostasis': 'mean', 'target': 0.91, 'spread': 0.095, 'learning_rate': 0.0003}",ppo,100,64x64,0.0003,,,,,,,
CountRecallMedium,filterbank+proj,3,416,0.0,-0.9227185399999999,0.04486910087898354,-0.9246208847063662,-0.9247274681069958,839.0,"{'decomposition': 'legendre', 'n_filters': 12, 'slowest': 0.029334592739296388, 'input_scaling': 0.049068279099124805, 'bias_dist': 'uniform', 'bias_scaling': 0.46763789100254544, 'lr': 0.2715862958761201, 'weight_increment': 0.1852507853053407, 'min_window': 9, 'max_window': 16, 'use_full_instance': False, 'max_partners': 5, 'homeostasis': 'mean', 'target': 0.91, 'spread': 0.095, 'learning_rate': 0.0003}",ppo,100,64x64,0.0003,,,,,,,
CountRecallMedium,filterbank+hag,8,416,4.877403846153846,-0.9234953199999998,0.046506363242653156,-0.9246488449038363,-0.924787403292181,920.0,"{'decomposition': 'legendre', 'n_filters': 12, 'slowest': 0.029334592739296388, 'input_scaling': 0.049068279099124805, 'bias_dist': 'uniform', 'bias_scaling': 0.46763789100254544, 'lr': 0.2715862958761201, 'weight_increment': 0.1852507853053407, 'min_window': 9, 'max_window': 16, 'use_full_instance': False, 'max_partners': 5, 'homeostasis': 'mean', 'target': 0.91, 'spread': 0.095, 'learning_rate': 0.01}",ppo,100,64x64,0.01,,,,,,,
CountRecallMedium,filterbank+proj,1,416,0.0,-0.9196118,0.03643255304477029,-0.9241196211045973,-0.9246275833333334,900.0,"{'decomposition': 'legendre', 'n_filters': 12, 'slowest': 0.029334592739296388, 'input_scaling': 0.049068279099124805, 'bias_dist': 'uniform', 'bias_scaling': 0.46763789100254544, 'lr': 0.2715862958761201, 'weight_increment': 0.1852507853053407, 'min_window': 9, 'max_window': 16, 'use_full_instance': False, 'max_partners': 5, 'homeostasis': 'mean', 'target': 0.91, 'spread': 0.095, 'learning_rate': 0.0003}",ppo,100,64x64,0.0003,,,,,,,
CountRecallMedium,filterbank+hag,6,416,4.920673076923077,-0.9304856200000002,0.042022580588007695,-0.9248205957009155,-0.9252468713991768,968.0,"{'decomposition': 'legendre', 'n_filters': 12, 'slowest': 0.029334592739296388, 'input_scaling': 0.049068279099124805, 'bias_dist': 'uniform', 'bias_scaling': 0.46763789100254544, 'lr': 0.2715862958761201, 'weight_increment': 0.1852507853053407, 'min_window': 9, 'max_window': 16, 'use_full_instance': False, 'max_partners': 5, 'homeostasis': 'mean', 'target': 0.91, 'spread': 0.095, 'learning_rate': 0.01}",ppo,100,64x64,0.01,,,,,,,
CountRecallMedium,filterbank+proj,5,416,0.0,-0.88466032,0.053728595275305685,-0.8991962052864342,-0.8818771224279834,877.0,"{'decomposition': 'legendre', 'n_filters': 12, 'slowest': 0.029334592739296388, 'input_scaling': 0.049068279099124805, 'bias_dist': 'uniform', 'bias_scaling': 0.46763789100254544, 'lr': 0.2715862958761201, 'weight_increment': 0.1852507853053407, 'min_window': 9, 'max_window': 16, 'use_full_instance': False, 'max_partners': 5, 'homeostasis': 'mean', 'target': 0.91, 'spread': 0.095, 'learning_rate': 0.0003}",ppo,100,64x64,0.0003,,,,,,,
CountRecallMedium,filterbank+proj,7,416,0.0,-0.88388364,0.05040927541901788,-0.9051215095135248,-0.8889289609053497,801.0,"{'decomposition': 'legendre', 'n_filters': 12, 'slowest': 0.029334592739296388, 'input_scaling': 0.049068279099124805, 'bias_dist': 'uniform', 'bias_scaling': 0.46763789100254544, 'lr': 0.2715862958761201, 'weight_increment': 0.1852507853053407, 'min_window': 9, 'max_window': 16, 'use_full_instance': False, 'max_partners': 5, 'homeostasis': 'mean', 'target': 0.91, 'spread': 0.095, 'learning_rate': 0.0003}",ppo,100,64x64,0.0003,,,,,,,
CountRecallMedium,filterbank+proj,8,416,0.0,-0.88504868,0.04390926375034772,-0.9094551484109842,-0.890626980452675,810.0,"{'decomposition': 'legendre', 'n_filters': 12, 'slowest': 0.029334592739296388, 'input_scaling': 0.049068279099124805, 'bias_dist': 'uniform', 'bias_scaling': 0.46763789100254544, 'lr': 0.2715862958761201, 'weight_increment': 0.1852507853053407, 'min_window': 9, 'max_window': 16, 'use_full_instance': False, 'max_partners': 5, 'homeostasis': 'mean', 'target': 0.91, 'spread': 0.095, 'learning_rate': 0.0003}",ppo,100,64x64,0.0003,,,,,,,
CountRecallMedium,filterbank+proj,9,416,0.0,-0.94407778,0.04066376723831181,-0.9426803807466831,-0.9449440504115226,809.0,"{'decomposition': 'legendre', 'n_filters': 12, 'slowest': 0.029334592739296388, 'input_scaling': 0.049068279099124805, 'bias_dist': 'uniform', 'bias_scaling': 0.46763789100254544, 'lr': 0.2715862958761201, 'weight_increment': 0.1852507853053407, 'min_window': 9, 'max_window': 16, 'use_full_instance': False, 'max_partners': 5, 'homeostasis': 'mean', 'target': 0.91, 'spread': 0.095, 'learning_rate': 0.0003}",ppo,100,64x64,0.0003,,,,,,,
CountRecallMedium,filterbank+proj,0,416,0.0,-0.9281554599999999,0.04150988651114817,-0.9248285788336934,-0.9237885596707819,802.0,"{'decomposition': 'legendre', 'n_filters': 12, 'slowest': 0.029334592739296388, 'input_scaling': 0.049068279099124805, 'bias_dist': 'uniform', 'bias_scaling': 0.46763789100254544, 'lr': 0.2715862958761201, 'weight_increment': 0.1852507853053407, 'min_window': 9, 'max_window': 16, 'use_full_instance': False, 'max_partners': 5, 'homeostasis': 'mean', 'target': 0.91, 'spread': 0.095, 'learning_rate': 0.001}",ppo,100,64x64,0.001,,,,,,,
CountRecallMedium,filterbank+proj,1,416,0.0,-0.9036894800000002,0.0547780132294847,-0.9141023286022834,-0.911043329218107,812.0,"{'decomposition': 'legendre', 'n_filters': 12, 'slowest': 0.029334592739296388, 'input_scaling': 0.049068279099124805, 'bias_dist': 'uniform', 'bias_scaling': 0.46763789100254544, 'lr': 0.2715862958761201, 'weight_increment': 0.1852507853053407, 'min_window': 9, 'max_window': 16, 'use_full_instance': False, 'max_partners': 5, 'homeostasis': 'mean', 'target': 0.91, 'spread': 0.095, 'learning_rate': 0.001}",ppo,100,64x64,0.001,,,,,,,
CountRecallMedium,filterbank+proj,6,416,0.0,-0.9188350799999998,0.04371140767847223,-0.9254436790085366,-0.9284231893004115,863.0,"{'decomposition': 'legendre', 'n_filters': 12, 'slowest': 0.029334592739296388, 'input_scaling': 0.049068279099124805, 'bias_dist': 'uniform', 'bias_scaling': 0.46763789100254544, 'lr': 0.2715862958761201, 'weight_increment': 0.1852507853053407, 'min_window': 9, 'max_window': 16, 'use_full_instance': False, 'max_partners': 5, 'homeostasis': 'mean', 'target': 0.91, 'spread': 0.095, 'learning_rate': 0.0003}",ppo,100,64x64,0.0003,,,,,,,
CountRecallMedium,filterbank+proj,2,416,0.0,-0.8846602400000001,0.03188500260721959,-0.9121032610305461,-0.900056066872428,804.0,"{'decomposition': 'legendre', 'n_filters': 12, 'slowest': 0.029334592739296388, 'input_scaling': 0.049068279099124805, 'bias_dist': 'uniform', 'bias_scaling': 0.46763789100254544, 'lr': 0.2715862958761201, 'weight_increment': 0.1852507853053407, 'min_window': 9, 'max_window': 16, 'use_full_instance': False, 'max_partners': 5, 'homeostasis': 'mean', 'target': 0.91, 'spread': 0.095, 'learning_rate': 0.001}",ppo,100,64x64,0.001,,,,,,,
CountRecallMedium,filterbank+proj,3,416,0.0,-0.9192234400000001,0.05538042594172061,-0.9242694029620486,-0.9228096934156378,851.0,"{'decomposition': 'legendre', 'n_filters': 12, 'slowest': 0.029334592739296388, 'input_scaling': 0.049068279099124805, 'bias_dist': 'uniform', 'bias_scaling': 0.46763789100254544, 'lr': 0.2715862958761201, 'weight_increment': 0.1852507853053407, 'min_window': 9, 'max_window': 16, 'use_full_instance': False, 'max_partners': 5, 'homeostasis': 'mean', 'target': 0.91, 'spread': 0.095, 'learning_rate': 0.001}",ppo,100,64x64,0.001,,,,,,,
CountRecallMedium,filterbank+proj,4,416,0.0,-0.91805838,0.036901498868143555,-0.92424343885632,-0.926105883744856,834.0,"{'decomposition': 'legendre', 'n_filters': 12, 'slowest': 0.029334592739296388, 'input_scaling': 0.049068279099124805, 'bias_dist': 'uniform', 'bias_scaling': 0.46763789100254544, 'lr': 0.2715862958761201, 'weight_increment': 0.1852507853053407, 'min_window': 9, 'max_window': 16, 'use_full_instance': False, 'max_partners': 5, 'homeostasis': 'mean', 'target': 0.91, 'spread': 0.095, 'learning_rate': 0.001}",ppo,100,64x64,0.001,,,,,,,
CountRecallMedium,filterbank+proj,5,416,0.0,-0.9056312000000001,0.04595181793531134,-0.9248884953203743,-0.924867329218107,890.0,"{'decomposition': 'legendre', 'n_filters': 12, 'slowest': 0.029334592739296388, 'input_scaling': 0.049068279099124805, 'bias_dist': 'uniform', 'bias_scaling': 0.46763789100254544, 'lr': 0.2715862958761201, 'weight_increment': 0.1852507853053407, 'min_window': 9, 'max_window': 16, 'use_full_instance': False, 'max_partners': 5, 'homeostasis': 'mean', 'target': 0.91, 'spread': 0.095, 'learning_rate': 0.001}",ppo,100,64x64,0.001,,,,,,,
CountRecallMedium,filterbank+proj,7,416,0.0,-0.92427202,0.04276265468115375,-0.9249024648770956,-0.9242080617283951,790.0,"{'decomposition': 'legendre', 'n_filters': 12, 'slowest': 0.029334592739296388, 'input_scaling': 0.049068279099124805, 'bias_dist': 'uniform', 'bias_scaling': 0.46763789100254544, 'lr': 0.2715862958761201, 'weight_increment': 0.1852507853053407, 'min_window': 9, 'max_window': 16, 'use_full_instance': False, 'max_partners': 5, 'homeostasis': 'mean', 'target': 0.91, 'spread': 0.095, 'learning_rate': 0.001}",ppo,100,64x64,0.001,,,,,,,
CountRecallMedium,filterbank+proj,6,416,0.0,-0.9188350799999998,0.04371140767847223,-0.9255874698138437,-0.9283832376543208,828.0,"{'decomposition': 'legendre', 'n_filters': 12, 'slowest': 0.029334592739296388, 'input_scaling': 0.049068279099124805, 'bias_dist': 'uniform', 'bias_scaling': 0.46763789100254544, 'lr': 0.2715862958761201, 'weight_increment': 0.1852507853053407, 'min_window': 9, 'max_window': 16, 'use_full_instance': False, 'max_partners': 5, 'homeostasis': 'mean', 'target': 0.91, 'spread': 0.095, 'learning_rate': 0.001}",ppo,100,64x64,0.001,,,,,,,
CountRecallMedium,filterbank+proj,9,416,0.0,-0.94407778,0.04066376723831181,-0.9415220835133188,-0.9449440504115226,802.0,"{'decomposition': 'legendre', 'n_filters': 12, 'slowest': 0.029334592739296388, 'input_scaling': 0.049068279099124805, 'bias_dist': 'uniform', 'bias_scaling': 0.46763789100254544, 'lr': 0.2715862958761201, 'weight_increment': 0.1852507853053407, 'min_window': 9, 'max_window': 16, 'use_full_instance': False, 'max_partners': 5, 'homeostasis': 'mean', 'target': 0.91, 'spread': 0.095, 'learning_rate': 0.001}",ppo,100,64x64,0.001,,,,,,,
CountRecallMedium,filterbank+proj,1,416,0.0,-0.9196118,0.03643255304477029,-0.9240756860022626,-0.9246275833333334,801.0,"{'decomposition': 'legendre', 'n_filters': 12, 'slowest': 0.029334592739296388, 'input_scaling': 0.049068279099124805, 'bias_dist': 'uniform', 'bias_scaling': 0.46763789100254544, 'lr': 0.2715862958761201, 'weight_increment': 0.1852507853053407, 'min_window': 9, 'max_window': 16, 'use_full_instance': False, 'max_partners': 5, 'homeostasis': 'mean', 'target': 0.91, 'spread': 0.095, 'learning_rate': 0.003}",ppo,100,64x64,0.003,,,,,,,
CountRecallMedium,filterbank+proj,8,416,0.0,-0.9095147399999999,0.04317679388690643,-0.9110847559395248,-0.8951417633744855,824.0,"{'decomposition': 'legendre', 'n_filters': 12, 'slowest': 0.029334592739296388, 'input_scaling': 0.049068279099124805, 'bias_dist': 'uniform', 'bias_scaling': 0.46763789100254544, 'lr': 0.2715862958761201, 'weight_increment': 0.1852507853053407, 'min_window': 9, 'max_window': 16, 'use_full_instance': False, 'max_partners': 5, 'homeostasis': 'mean', 'target': 0.91, 'spread': 0.095, 'learning_rate': 0.001}",ppo,100,64x64,0.001,,,,,,,
CountRecallMedium,filterbank+proj,2,416,0.0,-0.9339807400000001,0.03745112602676187,-0.9241156293325106,-0.9232292273662551,807.0,"{'decomposition': 'legendre', 'n_filters': 12, 'slowest': 0.029334592739296388, 'input_scaling': 0.049068279099124805, 'bias_dist': 'uniform', 'bias_scaling': 0.46763789100254544, 'lr': 0.2715862958761201, 'weight_increment': 0.1852507853053407, 'min_window': 9, 'max_window': 16, 'use_full_instance': False, 'max_partners': 5, 'homeostasis': 'mean', 'target': 0.91, 'spread': 0.095, 'learning_rate': 0.003}",ppo,100,64x64,0.003,,,,,,,
CountRecallMedium,filterbank+proj,0,416,0.0,-0.9328157200000001,0.03605808666085321,-0.925329843772498,-0.9257462849794238,847.0,"{'decomposition': 'legendre', 'n_filters': 12, 'slowest': 0.029334592739296388, 'input_scaling': 0.049068279099124805, 'bias_dist': 'uniform', 'bias_scaling': 0.46763789100254544, 'lr': 0.2715862958761201, 'weight_increment': 0.1852507853053407, 'min_window': 9, 'max_window': 16, 'use_full_instance': False, 'max_partners': 5, 'homeostasis': 'mean', 'target': 0.91, 'spread': 0.095, 'learning_rate': 0.003}",ppo,100,64x64,0.003,,,,,,,
CountRecallMedium,filterbank+proj,6,416,0.0,-0.9095147000000001,0.0471825334462871,-0.9245849402447804,-0.9233690339506172,810.0,"{'decomposition': 'legendre', 'n_filters': 12, 'slowest': 0.029334592739296388, 'input_scaling': 0.049068279099124805, 'bias_dist': 'uniform', 'bias_scaling': 0.46763789100254544, 'lr': 0.2715862958761201, 'weight_increment': 0.1852507853053407, 'min_window': 9, 'max_window': 16, 'use_full_instance': False, 'max_partners': 5, 'homeostasis': 'mean', 'target': 0.91, 'spread': 0.095, 'learning_rate': 0.003}",ppo,100,64x64,0.003,,,,,,,
CountRecallMedium,filterbank+proj,5,416,0.0,-0.91844676,0.030578717199751866,-0.9243133402242106,-0.9253467438271605,843.0,"{'decomposition': 'legendre', 'n_filters': 12, 'slowest': 0.029334592739296388, 'input_scaling': 0.049068279099124805, 'bias_dist': 'uniform', 'bias_scaling': 0.46763789100254544, 'lr': 0.2715862958761201, 'weight_increment': 0.1852507853053407, 'min_window': 9, 'max_window': 16, 'use_full_instance': False, 'max_partners': 5, 'homeostasis': 'mean', 'target': 0.91, 'spread': 0.095, 'learning_rate': 0.003}",ppo,100,64x64,0.003,,,,,,,
CountRecallMedium,filterbank+proj,8,416,0.0,-0.92466038,0.0502819552185036,-0.9243133364188008,-0.9233290781893004,827.0,"{'decomposition': 'legendre', 'n_filters': 12, 'slowest': 0.029334592739296388, 'input_scaling': 0.049068279099124805, 'bias_dist': 'uniform', 'bias_scaling': 0.46763789100254544, 'lr': 0.2715862958761201, 'weight_increment': 0.1852507853053407, 'min_window': 9, 'max_window': 16, 'use_full_instance': False, 'max_partners': 5, 'homeostasis': 'mean', 'target': 0.91, 'spread': 0.095, 'learning_rate': 0.003}",ppo,100,64x64,0.003,,,,,,,
CountRecallMedium,filterbank+proj,4,416,0.0,-0.9433011600000002,0.03761980925967596,-0.9405674850354828,-0.9441250041152263,853.0,"{'decomposition': 'legendre', 'n_filters': 12, 'slowest': 0.029334592739296388, 'input_scaling': 0.049068279099124805, 'bias_dist': 'uniform', 'bias_scaling': 0.46763789100254544, 'lr': 0.2715862958761201, 'weight_increment': 0.1852507853053407, 'min_window': 9, 'max_window': 16, 'use_full_instance': False, 'max_partners': 5, 'homeostasis': 'mean', 'target': 0.91, 'spread': 0.095, 'learning_rate': 0.003}",ppo,100,64x64,0.003,,,,,,,
CountRecallMedium,filterbank+proj,3,416,0.0,-0.9227185399999999,0.04486910087898354,-0.9249923412526997,-0.9247274681069958,872.0,"{'decomposition': 'legendre', 'n_filters': 12, 'slowest': 0.029334592739296388, 'input_scaling': 0.049068279099124805, 'bias_dist': 'uniform', 'bias_scaling': 0.46763789100254544, 'lr': 0.2715862958761201, 'weight_increment': 0.1852507853053407, 'min_window': 9, 'max_window': 16, 'use_full_instance': False, 'max_partners': 5, 'homeostasis': 'mean', 'target': 0.91, 'spread': 0.095, 'learning_rate': 0.003}",ppo,100,64x64,0.003,,,,,,,
CountRecallMedium,filterbank+proj,7,416,0.0,-0.92233026,0.0480361612466317,-0.9254197163426925,-0.9258861275720165,857.0,"{'decomposition': 'legendre', 'n_filters': 12, 'slowest': 0.029334592739296388, 'input_scaling': 0.049068279099124805, 'bias_dist': 'uniform', 'bias_scaling': 0.46763789100254544, 'lr': 0.2715862958761201, 'weight_increment': 0.1852507853053407, 'min_window': 9, 'max_window': 16, 'use_full_instance': False, 'max_partners': 5, 'homeostasis': 'mean', 'target': 0.91, 'spread': 0.095, 'learning_rate': 0.003}",ppo,100,64x64,0.003,,,,,,,
CountRecallMedium,filterbank+proj,1,416,0.0,-0.93398078,0.04512222345952823,-0.9243752460146045,-0.9244278137860082,832.0,"{'decomposition': 'legendre', 'n_filters': 12, 'slowest': 0.029334592739296388, 'input_scaling': 0.049068279099124805, 'bias_dist': 'uniform', 'bias_scaling': 0.46763789100254544, 'lr': 0.2715862958761201, 'weight_increment': 0.1852507853053407, 'min_window': 9, 'max_window': 16, 'use_full_instance': False, 'max_partners': 5, 'homeostasis': 'mean', 'target': 0.91, 'spread': 0.095, 'learning_rate': 0.01}",ppo,100,64x64,0.01,,,,,,,
CountRecallMedium,filterbank+proj,0,416,0.0,-0.9370875399999999,0.03463950392208873,-0.9427482842744009,-0.9431461296296296,850.0,"{'decomposition': 'legendre', 'n_filters': 12, 'slowest': 0.029334592739296388, 'input_scaling': 0.049068279099124805, 'bias_dist': 'uniform', 'bias_scaling': 0.46763789100254544, 'lr': 0.2715862958761201, 'weight_increment': 0.1852507853053407, 'min_window': 9, 'max_window': 16, 'use_full_instance': False, 'max_partners': 5, 'homeostasis': 'mean', 'target': 0.91, 'spread': 0.095, 'learning_rate': 0.01}",ppo,100,64x64,0.01,,,,,,,
CountRecallMedium,filterbank+proj,9,416,0.0,-0.9254370199999999,0.03393562602015176,-0.9245130481332922,-0.9246275895061727,854.0,"{'decomposition': 'legendre', 'n_filters': 12, 'slowest': 0.029334592739296388, 'input_scaling': 0.049068279099124805, 'bias_dist': 'uniform', 'bias_scaling': 0.46763789100254544, 'lr': 0.2715862958761201, 'weight_increment': 0.1852507853053407, 'min_window': 9, 'max_window': 16, 'use_full_instance': False, 'max_partners': 5, 'homeostasis': 'mean', 'target': 0.91, 'spread': 0.095, 'learning_rate': 0.003}",ppo,100,64x64,0.003,,,,,,,
CountRecallMedium,filterbank+esn,1,416,38.50961538461539,-0.5976699000000001,0.10867118733155538,-0.6975103172889026,-0.6443524917695473,767.0,"{'decomposition': 'legendre', 'n_filters': 12, 'slowest': 0.0056263882716246225, 'input_scaling': 0.06344812061556386, 'bias_dist': 'foldnorm', 'bias_scaling': 0.24743237591527745, 'lr': 0.7604293811879814, 'sr': 1.3687477885807093, 'rc_connectivity': 0.0925705874783593, 'learning_rate': 0.0003}",ppo,100,64,0.0003,,,,,,,
CountRecallMedium,filterbank+proj,2,416,0.0,-0.9207768399999999,0.03880394918734948,-0.9251361321608559,-0.9274842633744855,866.0,"{'decomposition': 'legendre', 'n_filters': 12, 'slowest': 0.029334592739296388, 'input_scaling': 0.049068279099124805, 'bias_dist': 'uniform', 'bias_scaling': 0.46763789100254544, 'lr': 0.2715862958761201, 'weight_increment': 0.1852507853053407, 'min_window': 9, 'max_window': 16, 'use_full_instance': False, 'max_partners': 5, 'homeostasis': 'mean', 'target': 0.91, 'spread': 0.095, 'learning_rate': 0.01}",ppo,100,64x64,0.01,,,,,,,
CountRecallMedium,filterbank+esn,2,416,38.50961538461539,-0.5464076999999999,0.12498340376005927,-0.6300813903116322,-0.5875983672839505,763.0,"{'decomposition': 'legendre', 'n_filters': 12, 'slowest': 0.0056263882716246225, 'input_scaling': 0.06344812061556386, 'bias_dist': 'foldnorm', 'bias_scaling': 0.24743237591527745, 'lr': 0.7604293811879814, 'sr': 1.3687477885807093, 'rc_connectivity': 0.0925705874783593, 'learning_rate': 0.0003}",ppo,100,64,0.0003,,,,,,,
CountRecallMedium,filterbank+esn,3,416,38.50961538461539,-0.49320396,0.14640575727832017,-0.5958337188110665,-0.5551360473251028,751.0,"{'decomposition': 'legendre', 'n_filters': 12, 'slowest': 0.0056263882716246225, 'input_scaling': 0.06344812061556386, 'bias_dist': 'foldnorm', 'bias_scaling': 0.24743237591527745, 'lr': 0.7604293811879814, 'sr': 1.3687477885807093, 'rc_connectivity': 0.0925705874783593, 'learning_rate': 0.0003}",ppo,100,64,0.0003,,,,,,,
CountRecallMedium,filterbank+esn,0,416,38.50961538461539,-0.60077672,0.13072786040703643,-0.7063453387843258,-0.6504254629629629,802.0,"{'decomposition': 'legendre', 'n_filters': 12, 'slowest': 0.0056263882716246225, 'input_scaling': 0.06344812061556386, 'bias_dist': 'foldnorm', 'bias_scaling': 0.24743237591527745, 'lr': 0.7604293811879814, 'sr': 1.3687477885807093, 'rc_connectivity': 0.0925705874783593, 'learning_rate': 0.0003}",ppo,100,64,0.0003,,,,,,,
CountRecallMedium,filterbank+esn,4,416,38.50961538461539,-0.5588348999999999,0.12151300529922714,-0.6074366681065515,-0.5669622932098765,749.0,"{'decomposition': 'legendre', 'n_filters': 12, 'slowest': 0.0056263882716246225, 'input_scaling': 0.06344812061556386, 'bias_dist': 'foldnorm', 'bias_scaling': 0.24743237591527745, 'lr': 0.7604293811879814, 'sr': 1.3687477885807093, 'rc_connectivity': 0.0925705874783593, 'learning_rate': 0.0003}",ppo,100,64,0.0003,,,,,,,
CountRecallMedium,filterbank+proj,5,416,0.0,-0.9281554799999998,0.04276266285452299,-0.9240716923788954,-0.9251469845679011,858.0,"{'decomposition': 'legendre', 'n_filters': 12, 'slowest': 0.029334592739296388, 'input_scaling': 0.049068279099124805, 'bias_dist': 'uniform', 'bias_scaling': 0.46763789100254544, 'lr': 0.2715862958761201, 'weight_increment': 0.1852507853053407, 'min_window': 9, 'max_window': 16, 'use_full_instance': False, 'max_partners': 5, 'homeostasis': 'mean', 'target': 0.91, 'spread': 0.095, 'learning_rate': 0.01}",ppo,100,64x64,0.01,,,,,,,
CountRecallMedium,filterbank+proj,4,416,0.0,-0.9324273400000002,0.037499418488083254,-0.9243173347732182,-0.924268,891.0,"{'decomposition': 'legendre', 'n_filters': 12, 'slowest': 0.029334592739296388, 'input_scaling': 0.049068279099124805, 'bias_dist': 'uniform', 'bias_scaling': 0.46763789100254544, 'lr': 0.2715862958761201, 'weight_increment': 0.1852507853053407, 'min_window': 9, 'max_window': 16, 'use_full_instance': False, 'max_partners': 5, 'homeostasis': 'mean', 'target': 0.91, 'spread': 0.095, 'learning_rate': 0.01}",ppo,100,64x64,0.01,,,,,,,
CountRecallMedium,filterbank+esn,8,416,38.50961538461539,-0.55766996,0.1081320791891028,-0.6028893471150879,-0.5711973981481481,734.0,"{'decomposition': 'legendre', 'n_filters': 12, 'slowest': 0.0056263882716246225, 'input_scaling': 0.06344812061556386, 'bias_dist': 'foldnorm', 'bias_scaling': 0.24743237591527745, 'lr': 0.7604293811879814, 'sr': 1.3687477885807093, 'rc_connectivity': 0.0925705874783593, 'learning_rate': 0.0003}",ppo,100,64,0.0003,,,,,,,
CountRecallMedium,filterbank+proj,7,416,0.0,-0.9149515799999999,0.048797921150840036,-0.9250742203023758,-0.9239084146090534,867.0,"{'decomposition': 'legendre', 'n_filters': 12, 'slowest': 0.029334592739296388, 'input_scaling': 0.049068279099124805, 'bias_dist': 'uniform', 'bias_scaling': 0.46763789100254544, 'lr': 0.2715862958761201, 'weight_increment': 0.1852507853053407, 'min_window': 9, 'max_window': 16, 'use_full_instance': False, 'max_partners': 5, 'homeostasis': 'mean', 'target': 0.91, 'spread': 0.095, 'learning_rate': 0.01}",ppo,100,64x64,0.01,,,,,,,
CountRecallMedium,filterbank+esn,5,416,38.50961538461539,-0.52699034,0.12814119108040317,-0.6152971147793891,-0.5707778827160495,757.0,"{'decomposition': 'legendre', 'n_filters': 12, 'slowest': 0.0056263882716246225, 'input_scaling': 0.06344812061556386, 'bias_dist': 'foldnorm', 'bias_scaling': 0.24743237591527745, 'lr': 0.7604293811879814, 'sr': 1.3687477885807093, 'rc_connectivity': 0.0925705874783593, 'learning_rate': 0.0003}",ppo,100,64,0.0003,,,,,,,
CountRecallMedium,filterbank+proj,3,416,0.0,-0.9192234400000001,0.038710527724204434,-0.9237182117659158,-0.9220705442386832,933.0,"{'decomposition': 'legendre', 'n_filters': 12, 'slowest': 0.029334592739296388, 'input_scaling': 0.049068279099124805, 'bias_dist': 'uniform', 'bias_scaling': 0.46763789100254544, 'lr': 0.2715862958761201, 'weight_increment': 0.1852507853053407, 'min_window': 9, 'max_window': 16, 'use_full_instance': False, 'max_partners': 5, 'homeostasis': 'mean', 'target': 0.91, 'spread': 0.095, 'learning_rate': 0.01}",ppo,100,64x64,0.01,,,,,,,
CountRecallMedium,filterbank+esn,6,416,38.50961538461539,-0.51262132,0.1111554133208887,-0.6018688474750592,-0.5631467335390946,752.0,"{'decomposition': 'legendre', 'n_filters': 12, 'slowest': 0.0056263882716246225, 'input_scaling': 0.06344812061556386, 'bias_dist': 'foldnorm', 'bias_scaling': 0.24743237591527745, 'lr': 0.7604293811879814, 'sr': 1.3687477885807093, 'rc_connectivity': 0.0925705874783593, 'learning_rate': 0.0003}",ppo,100,64,0.0003,,,,,,,
CountRecallMedium,filterbank+proj,6,416,0.0,-0.9254370599999998,0.03732205118072158,-0.9249703776612157,-0.9243878693415638,897.0,"{'decomposition': 'legendre', 'n_filters': 12, 'slowest': 0.029334592739296388, 'input_scaling': 0.049068279099124805, 'bias_dist': 'uniform', 'bias_scaling': 0.46763789100254544, 'lr': 0.2715862958761201, 'weight_increment': 0.1852507853053407, 'min_window': 9, 'max_window': 16, 'use_full_instance': False, 'max_partners': 5, 'homeostasis': 'mean', 'target': 0.91, 'spread': 0.095, 'learning_rate': 0.01}",ppo,100,64x64,0.01,,,,,,,
CountRecallMedium,filterbank+esn,9,416,38.50961538461539,-0.54407764,0.13021227612030442,-0.5846521404916178,-0.5456870051440328,760.0,"{'decomposition': 'legendre', 'n_filters': 12, 'slowest': 0.0056263882716246225, 'input_scaling': 0.06344812061556386, 'bias_dist': 'foldnorm', 'bias_scaling': 0.24743237591527745, 'lr': 0.7604293811879814, 'sr': 1.3687477885807093, 'rc_connectivity': 0.0925705874783593, 'learning_rate': 0.0003}",ppo,100,64,0.0003,,,,,,,
CountRecallMedium,filterbank+proj,8,416,0.0,-0.92466038,0.0502819552185036,-0.9242014973773527,-0.9233290781893004,936.0,"{'decomposition': 'legendre', 'n_filters': 12, 'slowest': 0.029334592739296388, 'input_scaling': 0.049068279099124805, 'bias_dist': 'uniform', 'bias_scaling': 0.46763789100254544, 'lr': 0.2715862958761201, 'weight_increment': 0.1852507853053407, 'min_window': 9, 'max_window': 16, 'use_full_instance': False, 'max_partners': 5, 'homeostasis': 'mean', 'target': 0.91, 'spread': 0.095, 'learning_rate': 0.01}",ppo,100,64x64,0.01,,,,,,,
CountRecallMedium,filterbank+esn,7,416,38.50961538461539,-0.5413591600000001,0.1049901747603765,-0.5986935104391649,-0.5615685730452675,818.0,"{'decomposition': 'legendre', 'n_filters': 12, 'slowest': 0.0056263882716246225, 'input_scaling': 0.06344812061556386, 'bias_dist': 'foldnorm', 'bias_scaling': 0.24743237591527745, 'lr': 0.7604293811879814, 'sr': 1.3687477885807093, 'rc_connectivity': 0.0925705874783593, 'learning_rate': 0.0003}",ppo,100,64,0.0003,,,,,,,
CountRecallMedium,filterbank+proj,9,416,0.0,-0.9242720000000001,0.04077677142933217,-0.9246508379101102,-0.9239683333333333,949.0,"{'decomposition': 'legendre', 'n_filters': 12, 'slowest': 0.029334592739296388, 'input_scaling': 0.049068279099124805, 'bias_dist': 'uniform', 'bias_scaling': 0.46763789100254544, 'lr': 0.2715862958761201, 'weight_increment': 0.1852507853053407, 'min_window': 9, 'max_window': 16, 'use_full_instance': False, 'max_partners': 5, 'homeostasis': 'mean', 'target': 0.91, 'spread': 0.095, 'learning_rate': 0.01}",ppo,100,64x64,0.01,,,,,,,
CountRecallMedium,filterbank+esn,0,416,38.50961538461539,-0.63961168,0.11888562664467729,-0.6931726890877301,-0.6533021141975309,798.0,"{'decomposition': 'legendre', 'n_filters': 12, 'slowest': 0.0056263882716246225, 'input_scaling': 0.06344812061556386, 'bias_dist': 'foldnorm', 'bias_scaling': 0.24743237591527745, 'lr': 0.7604293811879814, 'sr': 1.3687477885807093, 'rc_connectivity': 0.0925705874783593, 'learning_rate': 0.001}",ppo,100,64,0.001,,,,,,,
CountRecallMedium,filterbank+esn,1,416,38.50961538461539,-0.6446601,0.09498700839425359,-0.703233893654222,-0.6708018004115227,795.0,"{'decomposition': 'legendre', 'n_filters': 12, 'slowest': 0.0056263882716246225, 'input_scaling': 0.06344812061556386, 'bias_dist': 'foldnorm', 'bias_scaling': 0.24743237591527745, 'lr': 0.7604293811879814, 'sr': 1.3687477885807093, 'rc_connectivity': 0.0925705874783593, 'learning_rate': 0.001}",ppo,100,64,0.001,,,,,,,
CountRecallMedium,filterbank+esn,2,416,38.50961538461539,-0.5219418,0.1318038898717333,-0.6245814630258152,-0.5744136779835392,813.0,"{'decomposition': 'legendre', 'n_filters': 12, 'slowest': 0.0056263882716246225, 'input_scaling': 0.06344812061556386, 'bias_dist': 'foldnorm', 'bias_scaling': 0.24743237591527745, 'lr': 0.7604293811879814, 'sr': 1.3687477885807093, 'rc_connectivity': 0.0925705874783593, 'learning_rate': 0.001}",ppo,100,64,0.001,,,,,,,
CountRecallMedium,filterbank+esn,3,416,38.50961538461539,-0.55106798,0.12186005527316818,-0.6179751737118174,-0.5743337644032922,807.0,"{'decomposition': 'legendre', 'n_filters': 12, 'slowest': 0.0056263882716246225, 'input_scaling': 0.06344812061556386, 'bias_dist': 'foldnorm', 'bias_scaling': 0.24743237591527745, 'lr': 0.7604293811879814, 'sr': 1.3687477885807093, 'rc_connectivity': 0.0925705874783593, 'learning_rate': 0.001}",ppo,100,64,0.001,,,,,,,
CountRecallMedium,filterbank+esn,4,416,38.50961538461539,-0.54951452,0.10811193232612948,-0.6327354865782167,-0.5890566748971192,728.0,"{'decomposition': 'legendre', 'n_filters': 12, 'slowest': 0.0056263882716246225, 'input_scaling': 0.06344812061556386, 'bias_dist': 'foldnorm', 'bias_scaling': 0.24743237591527745, 'lr': 0.7604293811879814, 'sr': 1.3687477885807093, 'rc_connectivity': 0.0925705874783593, 'learning_rate': 0.001}",ppo,100,64,0.001,,,,,,,
CountRecallMedium,filterbank+esn,6,416,38.50961538461539,-0.56038842,0.10576794766186777,-0.6375843504062532,-0.599804195473251,756.0,"{'decomposition': 'legendre', 'n_filters': 12, 'slowest': 0.0056263882716246225, 'input_scaling': 0.06344812061556386, 'bias_dist': 'foldnorm', 'bias_scaling': 0.24743237591527745, 'lr': 0.7604293811879814, 'sr': 1.3687477885807093, 'rc_connectivity': 0.0925705874783593, 'learning_rate': 0.001}",ppo,100,64,0.001,,,,,,,
CountRecallMedium,filterbank+esn,9,416,38.50961538461539,-0.54135928,0.08964808452879292,-0.6070951666152422,-0.5640457160493827,746.0,"{'decomposition': 'legendre', 'n_filters': 12, 'slowest': 0.0056263882716246225, 'input_scaling': 0.06344812061556386, 'bias_dist': 'foldnorm', 'bias_scaling': 0.24743237591527745, 'lr': 0.7604293811879814, 'sr': 1.3687477885807093, 'rc_connectivity': 0.0925705874783593, 'learning_rate': 0.001}",ppo,100,64,0.001,,,,,,,
CountRecallMedium,filterbank+esn,7,416,38.50961538461539,-0.57669902,0.10621193670854326,-0.6212922992903426,-0.5930720339506173,762.0,"{'decomposition': 'legendre', 'n_filters': 12, 'slowest': 0.0056263882716246225, 'input_scaling': 0.06344812061556386, 'bias_dist': 'foldnorm', 'bias_scaling': 0.24743237591527745, 'lr': 0.7604293811879814, 'sr': 1.3687477885807093, 'rc_connectivity': 0.0925705874783593, 'learning_rate': 0.001}",ppo,100,64,0.001,,,,,,,
CountRecallMedium,filterbank+esn,5,416,38.50961538461539,-0.56854362,0.10715133195716982,-0.6347784810243752,-0.5980861944444444,784.0,"{'decomposition': 'legendre', 'n_filters': 12, 'slowest': 0.0056263882716246225, 'input_scaling': 0.06344812061556386, 'bias_dist': 'foldnorm', 'bias_scaling': 0.24743237591527745, 'lr': 0.7604293811879814, 'sr': 1.3687477885807093, 'rc_connectivity': 0.0925705874783593, 'learning_rate': 0.001}",ppo,100,64,0.001,,,,,,,
CountRecallMedium,filterbank+esn,0,416,38.50961538461539,-0.6722330199999998,0.10124230159384763,-0.7179283184202407,-0.6860441388888888,751.0,"{'decomposition': 'legendre', 'n_filters': 12, 'slowest': 0.0056263882716246225, 'input_scaling': 0.06344812061556386, 'bias_dist': 'foldnorm', 'bias_scaling': 0.24743237591527745, 'lr': 0.7604293811879814, 'sr': 1.3687477885807093, 'rc_connectivity': 0.0925705874783593, 'learning_rate': 0.003}",ppo,100,64,0.003,,,,,,,
CountRecallMedium,filterbank+esn,8,416,38.50961538461539,-0.5592233600000001,0.08129869109985967,-0.6191155011827626,-0.5875783868312758,776.0,"{'decomposition': 'legendre', 'n_filters': 12, 'slowest': 0.0056263882716246225, 'input_scaling': 0.06344812061556386, 'bias_dist': 'foldnorm', 'bias_scaling': 0.24743237591527745, 'lr': 0.7604293811879814, 'sr': 1.3687477885807093, 'rc_connectivity': 0.0925705874783593, 'learning_rate': 0.001}",ppo,100,64,0.001,,,,,,,
CountRecallMedium,filterbank+esn,1,416,38.50961538461539,-0.6994174,0.07998870647085125,-0.7365569487812403,-0.7114546347736626,778.0,"{'decomposition': 'legendre', 'n_filters': 12, 'slowest': 0.0056263882716246225, 'input_scaling': 0.06344812061556386, 'bias_dist': 'foldnorm', 'bias_scaling': 0.24743237591527745, 'lr': 0.7604293811879814, 'sr': 1.3687477885807093, 'rc_connectivity': 0.0925705874783593, 'learning_rate': 0.003}",ppo,100,64,0.003,,,,,,,
CountRecallMedium,filterbank+esn,2,416,38.50961538461539,-0.552233,0.10495570421563566,-0.666969177825774,-0.6095528744855967,774.0,"{'decomposition': 'legendre', 'n_filters': 12, 'slowest': 0.0056263882716246225, 'input_scaling': 0.06344812061556386, 'bias_dist': 'foldnorm', 'bias_scaling': 0.24743237591527745, 'lr': 0.7604293811879814, 'sr': 1.3687477885807093, 'rc_connectivity': 0.0925705874783593, 'learning_rate': 0.003}",ppo,100,64,0.003,,,,,,,
CountRecallMedium,filterbank+esn,3,416,38.50961538461539,-0.55883496,0.11792275319105468,-0.6540881096369434,-0.6012025853909465,823.0,"{'decomposition': 'legendre', 'n_filters': 12, 'slowest': 0.0056263882716246225, 'input_scaling': 0.06344812061556386, 'bias_dist': 'foldnorm', 'bias_scaling': 0.24743237591527745, 'lr': 0.7604293811879814, 'sr': 1.3687477885807093, 'rc_connectivity': 0.0925705874783593, 'learning_rate': 0.003}",ppo,100,64,0.003,,,,,,,
CountRecallMedium,filterbank+esn,4,416,38.50961538461539,-0.6186408,0.0922899694046975,-0.6635961308238199,-0.6246154012345679,743.0,"{'decomposition': 'legendre', 'n_filters': 12, 'slowest': 0.0056263882716246225, 'input_scaling': 0.06344812061556386, 'bias_dist': 'foldnorm', 'bias_scaling': 0.24743237591527745, 'lr': 0.7604293811879814, 'sr': 1.3687477885807093, 'rc_connectivity': 0.0925705874783593, 'learning_rate': 0.003}",ppo,100,64,0.003,,,,,,,
CountRecallMedium,filterbank+esn,5,416,38.50961538461539,-0.63378638,0.11811247927562778,-0.6791173251054202,-0.6436333374485598,762.0,"{'decomposition': 'legendre', 'n_filters': 12, 'slowest': 0.0056263882716246225, 'input_scaling': 0.06344812061556386, 'bias_dist': 'foldnorm', 'bias_scaling': 0.24743237591527745, 'lr': 0.7604293811879814, 'sr': 1.3687477885807093, 'rc_connectivity': 0.0925705874783593, 'learning_rate': 0.003}",ppo,100,64,0.003,,,,,,,
CountRecallMedium,filterbank+esn,6,416,38.50961538461539,-0.61941736,0.08804480887360937,-0.6681514314511982,-0.6443524979423868,753.0,"{'decomposition': 'legendre', 'n_filters': 12, 'slowest': 0.0056263882716246225, 'input_scaling': 0.06344812061556386, 'bias_dist': 'foldnorm', 'bias_scaling': 0.24743237591527745, 'lr': 0.7604293811879814, 'sr': 1.3687477885807093, 'rc_connectivity': 0.0925705874783593, 'learning_rate': 0.003}",ppo,100,64,0.003,,,,,,,
CountRecallMedium,filterbank+esn,8,416,38.50961538461539,-0.61475722,0.09727040347449784,-0.6532173742672014,-0.609333151234568,760.0,"{'decomposition': 'legendre', 'n_filters': 12, 'slowest': 0.0056263882716246225, 'input_scaling': 0.06344812061556386, 'bias_dist': 'foldnorm', 'bias_scaling': 0.24743237591527745, 'lr': 0.7604293811879814, 'sr': 1.3687477885807093, 'rc_connectivity': 0.0925705874783593, 'learning_rate': 0.003}",ppo,100,64,0.003,,,,,,,
CountRecallMedium,filterbank+esn,7,416,38.50961538461539,-0.61941738,0.0688156113552412,-0.65501673269567,-0.6197210812757202,766.0,"{'decomposition': 'legendre', 'n_filters': 12, 'slowest': 0.0056263882716246225, 'input_scaling': 0.06344812061556386, 'bias_dist': 'foldnorm', 'bias_scaling': 0.24743237591527745, 'lr': 0.7604293811879814, 'sr': 1.3687477885807093, 'rc_connectivity': 0.0925705874783593, 'learning_rate': 0.003}",ppo,100,64,0.003,,,,,,,
CountRecallMedium,filterbank+esn,9,416,38.50961538461539,-0.60194174,0.1095840341697293,-0.6489356654324797,-0.623816316872428,762.0,"{'decomposition': 'legendre', 'n_filters': 12, 'slowest': 0.0056263882716246225, 'input_scaling': 0.06344812061556386, 'bias_dist': 'foldnorm', 'bias_scaling': 0.24743237591527745, 'lr': 0.7604293811879814, 'sr': 1.3687477885807093, 'rc_connectivity': 0.0925705874783593, 'learning_rate': 0.003}",ppo,100,64,0.003,,,,,,,
CountRecallMedium,filterbank+esn,1,416,38.50961538461539,-0.8225242999999999,0.0594073749462977,-0.8561733515375914,-0.8332534557613168,766.0,"{'decomposition': 'legendre', 'n_filters': 12, 'slowest': 0.0056263882716246225, 'input_scaling': 0.06344812061556386, 'bias_dist': 'foldnorm', 'bias_scaling': 0.24743237591527745, 'lr': 0.7604293811879814, 'sr': 1.3687477885807093, 'rc_connectivity': 0.0925705874783593, 'learning_rate': 0.01}",ppo,100,64,0.01,,,,,,,
CountRecallMedium,filterbank+esn,0,416,38.50961538461539,-0.9289322200000001,0.03817104000589453,-0.8922803502005554,-0.9250071522633745,774.0,"{'decomposition': 'legendre', 'n_filters': 12, 'slowest': 0.0056263882716246225, 'input_scaling': 0.06344812061556386, 'bias_dist': 'foldnorm', 'bias_scaling': 0.24743237591527745, 'lr': 0.7604293811879814, 'sr': 1.3687477885807093, 'rc_connectivity': 0.0925705874783593, 'learning_rate': 0.01}",ppo,100,64,0.01,,,,,,,
CountRecallMedium,filterbank+esn,4,416,38.50961538461539,-0.8904856000000001,0.06878944949365419,-0.8368776682094002,-0.8800192757201646,779.0,"{'decomposition': 'legendre', 'n_filters': 12, 'slowest': 0.0056263882716246225, 'input_scaling': 0.06344812061556386, 'bias_dist': 'foldnorm', 'bias_scaling': 0.24743237591527745, 'lr': 0.7604293811879814, 'sr': 1.3687477885807093, 'rc_connectivity': 0.0925705874783593, 'learning_rate': 0.01}",ppo,100,64,0.01,,,,,,,
CountRecallMedium,filterbank+esn,3,416,38.50961538461539,-0.9242720200000002,0.04549666674141745,-0.8791476314923375,-0.9232092345679013,791.0,"{'decomposition': 'legendre', 'n_filters': 12, 'slowest': 0.0056263882716246225, 'input_scaling': 0.06344812061556386, 'bias_dist': 'foldnorm', 'bias_scaling': 0.24743237591527745, 'lr': 0.7604293811879814, 'sr': 1.3687477885807093, 'rc_connectivity': 0.0925705874783593, 'learning_rate': 0.01}",ppo,100,64,0.01,,,,,,,
CountRecallMedium,filterbank+esn,5,416,38.50961538461539,-0.9227186199999999,0.03590719840304448,-0.8849271484109843,-0.9232691718106996,770.0,"{'decomposition': 'legendre', 'n_filters': 12, 'slowest': 0.0056263882716246225, 'input_scaling': 0.06344812061556386, 'bias_dist': 'foldnorm', 'bias_scaling': 0.24743237591527745, 'lr': 0.7604293811879814, 'sr': 1.3687477885807093, 'rc_connectivity': 0.0925705874783593, 'learning_rate': 0.01}",ppo,100,64,0.01,,,,,,,
CountRecallMedium,filterbank+esn,2,416,38.50961538461539,-0.91689334,0.03845253727732932,-0.9170200409338682,-0.9252668590534979,802.0,"{'decomposition': 'legendre', 'n_filters': 12, 'slowest': 0.0056263882716246225, 'input_scaling': 0.06344812061556386, 'bias_dist': 'foldnorm', 'bias_scaling': 0.24743237591527745, 'lr': 0.7604293811879814, 'sr': 1.3687477885807093, 'rc_connectivity': 0.0925705874783593, 'learning_rate': 0.01}",ppo,100,64,0.01,,,,,,,
CountRecallMedium,filterbank+esn,6,416,38.50961538461539,-0.7452426,0.08424958217012117,-0.8049265751311323,-0.7629349670781892,778.0,"{'decomposition': 'legendre', 'n_filters': 12, 'slowest': 0.0056263882716246225, 'input_scaling': 0.06344812061556386, 'bias_dist': 'foldnorm', 'bias_scaling': 0.24743237591527745, 'lr': 0.7604293811879814, 'sr': 1.3687477885807093, 'rc_connectivity': 0.0925705874783593, 'learning_rate': 0.01}",ppo,100,64,0.01,,,,,,,
CountRecallMedium,filterbank+esn,7,416,38.50961538461539,-0.8236893200000001,0.07488612509869635,-0.8555642444718707,-0.8308762181069959,771.0,"{'decomposition': 'legendre', 'n_filters': 12, 'slowest': 0.0056263882716246225, 'input_scaling': 0.06344812061556386, 'bias_dist': 'foldnorm', 'bias_scaling': 0.24743237591527745, 'lr': 0.7604293811879814, 'sr': 1.3687477885807093, 'rc_connectivity': 0.0925705874783593, 'learning_rate': 0.01}",ppo,100,64,0.01,,,,,,,
CountRecallMedium,filterbank+esn,9,416,38.50961538461539,-0.8147573,0.06739974495656494,-0.8523130183071069,-0.8270606388888889,772.0,"{'decomposition': 'legendre', 'n_filters': 12, 'slowest': 0.0056263882716246225, 'input_scaling': 0.06344812061556386, 'bias_dist': 'foldnorm', 'bias_scaling': 0.24743237591527745, 'lr': 0.7604293811879814, 'sr': 1.3687477885807093, 'rc_connectivity': 0.0925705874783593, 'learning_rate': 0.01}",ppo,100,64,0.01,,,,,,,
CountRecallMedium,filterbank+esn,8,416,38.50961538461539,-0.82834956,0.06918302964373849,-0.855959665021084,-0.8572656471193415,773.0,"{'decomposition': 'legendre', 'n_filters': 12, 'slowest': 0.0056263882716246225, 'input_scaling': 0.06344812061556386, 'bias_dist': 'foldnorm', 'bias_scaling': 0.24743237591527745, 'lr': 0.7604293811879814, 'sr': 1.3687477885807093, 'rc_connectivity': 0.0925705874783593, 'learning_rate': 0.01}",ppo,100,64,0.01,,,,,,,
CountRecallMedium,filterbank+hag,1,416,4.954326923076923,-0.5615533599999999,0.12281237766638345,-0.633662123315849,-0.6058372016460905,777.0,"{'decomposition': 'legendre', 'n_filters': 12, 'slowest': 0.029334592739296388, 'input_scaling': 0.049068279099124805, 'bias_dist': 'uniform', 'bias_scaling': 0.46763789100254544, 'lr': 0.2715862958761201, 'weight_increment': 0.1852507853053407, 'min_window': 9, 'max_window': 16, 'use_full_instance': False, 'max_partners': 5, 'homeostasis': 'mean', 'target': 0.91, 'spread': 0.095, 'learning_rate': 0.0003}",ppo,100,64,0.0003,,,,,,,
CountRecallMedium,filterbank+hag,5,416,4.923076923076923,-0.6108737,0.10021820955080968,-0.6758281589015737,-0.6418354146090535,760.0,"{'decomposition': 'legendre', 'n_filters': 12, 'slowest': 0.029334592739296388, 'input_scaling': 0.049068279099124805, 'bias_dist': 'uniform', 'bias_scaling': 0.46763789100254544, 'lr': 0.2715862958761201, 'weight_increment': 0.1852507853053407, 'min_window': 9, 'max_window': 16, 'use_full_instance': False, 'max_partners': 5, 'homeostasis': 'mean', 'target': 0.91, 'spread': 0.095, 'learning_rate': 0.0003}",ppo,100,64,0.0003,,,,,,,
CountRecallMedium,filterbank+hag,0,416,4.8485576923076925,-0.55456312,0.10723010362069786,-0.621352213925743,-0.5846417973251029,810.0,"{'decomposition': 'legendre', 'n_filters': 12, 'slowest': 0.029334592739296388, 'input_scaling': 0.049068279099124805, 'bias_dist': 'uniform', 'bias_scaling': 0.46763789100254544, 'lr': 0.2715862958761201, 'weight_increment': 0.1852507853053407, 'min_window': 9, 'max_window': 16, 'use_full_instance': False, 'max_partners': 5, 'homeostasis': 'mean', 'target': 0.91, 'spread': 0.095, 'learning_rate': 0.0003}",ppo,100,64,0.0003,,,,,,,
CountRecallMedium,filterbank+hag,3,416,4.836538461538462,-0.5530097,0.11503861377368037,-0.6319466417772293,-0.5993447458847736,779.0,"{'decomposition': 'legendre', 'n_filters': 12, 'slowest': 0.029334592739296388, 'input_scaling': 0.049068279099124805, 'bias_dist': 'uniform', 'bias_scaling': 0.46763789100254544, 'lr': 0.2715862958761201, 'weight_increment': 0.1852507853053407, 'min_window': 9, 'max_window': 16, 'use_full_instance': False, 'max_partners': 5, 'homeostasis': 'mean', 'target': 0.91, 'spread': 0.095, 'learning_rate': 0.0003}",ppo,100,64,0.0003,,,,,,,
CountRecallMedium,filterbank+hag,2,416,4.961538461538462,-0.55417476,0.11766155994164959,-0.6474658385272034,-0.6045786697530864,803.0,"{'decomposition': 'legendre', 'n_filters': 12, 'slowest': 0.029334592739296388, 'input_scaling': 0.049068279099124805, 'bias_dist': 'uniform', 'bias_scaling': 0.46763789100254544, 'lr': 0.2715862958761201, 'weight_increment': 0.1852507853053407, 'min_window': 9, 'max_window': 16, 'use_full_instance': False, 'max_partners': 5, 'homeostasis': 'mean', 'target': 0.91, 'spread': 0.095, 'learning_rate': 0.0003}",ppo,100,64,0.0003,,,,,,,
CountRecallMedium,filterbank+hag,8,416,4.877403846153846,-0.63067958,0.10681300734032162,-0.6877686190476191,-0.6526029228395063,766.0,"{'decomposition': 'legendre', 'n_filters': 12, 'slowest': 0.029334592739296388, 'input_scaling': 0.049068279099124805, 'bias_dist': 'uniform', 'bias_scaling': 0.46763789100254544, 'lr': 0.2715862958761201, 'weight_increment': 0.1852507853053407, 'min_window': 9, 'max_window': 16, 'use_full_instance': False, 'max_partners': 5, 'homeostasis': 'mean', 'target': 0.91, 'spread': 0.095, 'learning_rate': 0.0003}",ppo,100,64,0.0003,,,,,,,
CountRecallMedium,filterbank+hag,4,416,4.913461538461538,-0.62718446,0.09638583689841781,-0.6888470244780418,-0.644811962962963,808.0,"{'decomposition': 'legendre', 'n_filters': 12, 'slowest': 0.029334592739296388, 'input_scaling': 0.049068279099124805, 'bias_dist': 'uniform', 'bias_scaling': 0.46763789100254544, 'lr': 0.2715862958761201, 'weight_increment': 0.1852507853053407, 'min_window': 9, 'max_window': 16, 'use_full_instance': False, 'max_partners': 5, 'homeostasis': 'mean', 'target': 0.91, 'spread': 0.095, 'learning_rate': 0.0003}",ppo,100,64,0.0003,,,,,,,
CountRecallMedium,filterbank+hag,0,416,4.8485576923076925,-0.5813591600000001,0.10450564255433484,-0.6375404141725806,-0.6030803971193415,760.0,"{'decomposition': 'legendre', 'n_filters': 12, 'slowest': 0.029334592739296388, 'input_scaling': 0.049068279099124805, 'bias_dist': 'uniform', 'bias_scaling': 0.46763789100254544, 'lr': 0.2715862958761201, 'weight_increment': 0.1852507853053407, 'min_window': 9, 'max_window': 16, 'use_full_instance': False, 'max_partners': 5, 'homeostasis': 'mean', 'target': 0.91, 'spread': 0.095, 'learning_rate': 0.001}",ppo,100,64,0.001,,,,,,,
CountRecallMedium,filterbank+hag,9,416,4.896634615384615,-0.6100970400000001,0.08930681616986692,-0.6821388897459632,-0.6391585277777778,781.0,"{'decomposition': 'legendre', 'n_filters': 12, 'slowest': 0.029334592739296388, 'input_scaling': 0.049068279099124805, 'bias_dist': 'uniform', 'bias_scaling': 0.46763789100254544, 'lr': 0.2715862958761201, 'weight_increment': 0.1852507853053407, 'min_window': 9, 'max_window': 16, 'use_full_instance': False, 'max_partners': 5, 'homeostasis': 'mean', 'target': 0.91, 'spread': 0.095, 'learning_rate': 0.0003}",ppo,100,64,0.0003,,,,,,,
CountRecallMedium,filterbank+hag,7,416,4.935096153846154,-0.5712620799999999,0.12100304155430804,-0.6312097264218862,-0.5919932736625514,802.0,"{'decomposition': 'legendre', 'n_filters': 12, 'slowest': 0.029334592739296388, 'input_scaling': 0.049068279099124805, 'bias_dist': 'uniform', 'bias_scaling': 0.46763789100254544, 'lr': 0.2715862958761201, 'weight_increment': 0.1852507853053407, 'min_window': 9, 'max_window': 16, 'use_full_instance': False, 'max_partners': 5, 'homeostasis': 'mean', 'target': 0.91, 'spread': 0.095, 'learning_rate': 0.0003}",ppo,100,64,0.0003,,,,,,,
CountRecallMedium,filterbank+hag,6,416,4.920673076923077,-0.57514558,0.09729217354075095,-0.6375723739586547,-0.6146669516460905,812.0,"{'decomposition': 'legendre', 'n_filters': 12, 'slowest': 0.029334592739296388, 'input_scaling': 0.049068279099124805, 'bias_dist': 'uniform', 'bias_scaling': 0.46763789100254544, 'lr': 0.2715862958761201, 'weight_increment': 0.1852507853053407, 'min_window': 9, 'max_window': 16, 'use_full_instance': False, 'max_partners': 5, 'homeostasis': 'mean', 'target': 0.91, 'spread': 0.095, 'learning_rate': 0.0003}",ppo,100,64,0.0003,,,,,,,
CountRecallMedium,filterbank+hag,2,416,4.961538461538462,-0.6054369,0.12172379858651307,-0.6783364671397717,-0.6602540524691359,778.0,"{'decomposition': 'legendre', 'n_filters': 12, 'slowest': 0.029334592739296388, 'input_scaling': 0.049068279099124805, 'bias_dist': 'uniform', 'bias_scaling': 0.46763789100254544, 'lr': 0.2715862958761201, 'weight_increment': 0.1852507853053407, 'min_window': 9, 'max_window': 16, 'use_full_instance': False, 'max_partners': 5, 'homeostasis': 'mean', 'target': 0.91, 'spread': 0.095, 'learning_rate': 0.001}",ppo,100,64,0.001,,,,,,,
CountRecallMedium,filterbank+hag,3,416,4.836538461538462,-0.6446601599999999,0.09402945316088145,-0.6680176299496039,-0.6677453456790122,815.0,"{'decomposition': 'legendre', 'n_filters': 12, 'slowest': 0.029334592739296388, 'input_scaling': 0.049068279099124805, 'bias_dist': 'uniform', 'bias_scaling': 0.46763789100254544, 'lr': 0.2715862958761201, 'weight_increment': 0.1852507853053407, 'min_window': 9, 'max_window': 16, 'use_full_instance': False, 'max_partners': 5, 'homeostasis': 'mean', 'target': 0.91, 'spread': 0.095, 'learning_rate': 0.001}",ppo,100,64,0.001,,,,,,,
CountRecallMedium,filterbank+hag,1,416,4.954326923076923,-0.58330094,0.09963340150760888,-0.658861087010182,-0.622477878600823,831.0,"{'decomposition': 'legendre', 'n_filters': 12, 'slowest': 0.029334592739296388, 'input_scaling': 0.049068279099124805, 'bias_dist': 'uniform', 'bias_scaling': 0.46763789100254544, 'lr': 0.2715862958761201, 'weight_increment': 0.1852507853053407, 'min_window': 9, 'max_window': 16, 'use_full_instance': False, 'max_partners': 5, 'homeostasis': 'mean', 'target': 0.91, 'spread': 0.095, 'learning_rate': 0.001}",ppo,100,64,0.001,,,,,,,
CountRecallMedium,filterbank+hag,5,416,4.923076923076923,-0.6667960599999999,0.09539173937808451,-0.7091731613699476,-0.6814294629629629,802.0,"{'decomposition': 'legendre', 'n_filters': 12, 'slowest': 0.029334592739296388, 'input_scaling': 0.049068279099124805, 'bias_dist': 'uniform', 'bias_scaling': 0.46763789100254544, 'lr': 0.2715862958761201, 'weight_increment': 0.1852507853053407, 'min_window': 9, 'max_window': 16, 'use_full_instance': False, 'max_partners': 5, 'homeostasis': 'mean', 'target': 0.91, 'spread': 0.095, 'learning_rate': 0.001}",ppo,100,64,0.001,,,,,,,
CountRecallMedium,filterbank+hag,4,416,4.913461538461538,-0.64310672,0.09238224660399638,-0.6699487899825157,-0.6429141748971193,847.0,"{'decomposition': 'legendre', 'n_filters': 12, 'slowest': 0.029334592739296388, 'input_scaling': 0.049068279099124805, 'bias_dist': 'uniform', 'bias_scaling': 0.46763789100254544, 'lr': 0.2715862958761201, 'weight_increment': 0.1852507853053407, 'min_window': 9, 'max_window': 16, 'use_full_instance': False, 'max_partners': 5, 'homeostasis': 'mean', 'target': 0.91, 'spread': 0.095, 'learning_rate': 0.001}",ppo,100,64,0.001,,,,,,,
CountRecallMedium,filterbank+hag,9,416,4.896634615384615,-0.6135921799999999,0.10386072670585163,-0.6894601274298056,-0.6563585576131687,776.0,"{'decomposition': 'legendre', 'n_filters': 12, 'slowest': 0.029334592739296388, 'input_scaling': 0.049068279099124805, 'bias_dist': 'uniform', 'bias_scaling': 0.46763789100254544, 'lr': 0.2715862958761201, 'weight_increment': 0.1852507853053407, 'min_window': 9, 'max_window': 16, 'use_full_instance': False, 'max_partners': 5, 'homeostasis': 'mean', 'target': 0.91, 'spread': 0.095, 'learning_rate': 0.001}",ppo,100,64,0.001,,,,,,,
CountRecallMedium,filterbank+hag,6,416,4.920673076923077,-0.59300972,0.09854896723883817,-0.6430583087524426,-0.6330056707818931,832.0,"{'decomposition': 'legendre', 'n_filters': 12, 'slowest': 0.029334592739296388, 'input_scaling': 0.049068279099124805, 'bias_dist': 'uniform', 'bias_scaling': 0.46763789100254544, 'lr': 0.2715862958761201, 'weight_increment': 0.1852507853053407, 'min_window': 9, 'max_window': 16, 'use_full_instance': False, 'max_partners': 5, 'homeostasis': 'mean', 'target': 0.91, 'spread': 0.095, 'learning_rate': 0.001}",ppo,100,64,0.001,,,,,,,
CountRecallMedium,filterbank+hag,8,416,4.877403846153846,-0.6532038400000001,0.0894898305604296,-0.7154199886866194,-0.6694034063786009,824.0,"{'decomposition': 'legendre', 'n_filters': 12, 'slowest': 0.029334592739296388, 'input_scaling': 0.049068279099124805, 'bias_dist': 'uniform', 'bias_scaling': 0.46763789100254544, 'lr': 0.2715862958761201, 'weight_increment': 0.1852507853053407, 'min_window': 9, 'max_window': 16, 'use_full_instance': False, 'max_partners': 5, 'homeostasis': 'mean', 'target': 0.91, 'spread': 0.095, 'learning_rate': 0.001}",ppo,100,64,0.001,,,,,,,
CountRecallMedium,filterbank+hag,2,416,4.961538461538462,-0.8132039,0.07085555609188314,-0.8063584722822174,-0.833912702674897,740.0,"{'decomposition': 'legendre', 'n_filters': 12, 'slowest': 0.029334592739296388, 'input_scaling': 0.049068279099124805, 'bias_dist': 'uniform', 'bias_scaling': 0.46763789100254544, 'lr': 0.2715862958761201, 'weight_increment': 0.1852507853053407, 'min_window': 9, 'max_window': 16, 'use_full_instance': False, 'max_partners': 5, 'homeostasis': 'mean', 'target': 0.91, 'spread': 0.095, 'learning_rate': 0.003}",ppo,100,64,0.003,,,,,,,
CountRecallMedium,filterbank+hag,7,416,4.935096153846154,-0.59728154,0.12006276838774126,-0.6470264761904762,-0.6143673127572017,838.0,"{'decomposition': 'legendre', 'n_filters': 12, 'slowest': 0.029334592739296388, 'input_scaling': 0.049068279099124805, 'bias_dist': 'uniform', 'bias_scaling': 0.46763789100254544, 'lr': 0.2715862958761201, 'weight_increment': 0.1852507853053407, 'min_window': 9, 'max_window': 16, 'use_full_instance': False, 'max_partners': 5, 'homeostasis': 'mean', 'target': 0.91, 'spread': 0.095, 'learning_rate': 0.001}",ppo,100,64,0.001,,,,,,,
CountRecallMedium,filterbank+hag,0,416,4.8485576923076925,-0.8275728800000001,0.05742332550580469,-0.78085190805307,-0.7684285915637861,821.0,"{'decomposition': 'legendre', 'n_filters': 12, 'slowest': 0.029334592739296388, 'input_scaling': 0.049068279099124805, 'bias_dist': 'uniform', 'bias_scaling': 0.46763789100254544, 'lr': 0.2715862958761201, 'weight_increment': 0.1852507853053407, 'min_window': 9, 'max_window': 16, 'use_full_instance': False, 'max_partners': 5, 'homeostasis': 'mean', 'target': 0.91, 'spread': 0.095, 'learning_rate': 0.003}",ppo,100,64,0.003,,,,,,,
CountRecallMedium,filterbank+hag,1,416,4.954326923076923,-0.8190291399999998,0.06046796423462924,-0.7672219193664507,-0.7859682644032921,825.0,"{'decomposition': 'legendre', 'n_filters': 12, 'slowest': 0.029334592739296388, 'input_scaling': 0.049068279099124805, 'bias_dist': 'uniform', 'bias_scaling': 0.46763789100254544, 'lr': 0.2715862958761201, 'weight_increment': 0.1852507853053407, 'min_window': 9, 'max_window': 16, 'use_full_instance': False, 'max_partners': 5, 'homeostasis': 'mean', 'target': 0.91, 'spread': 0.095, 'learning_rate': 0.003}",ppo,100,64,0.003,,,,,,,
CountRecallMedium,filterbank+hag,5,416,4.923076923076923,-0.79145634,0.07221739186777931,-0.8342475373855806,-0.8013104917695473,761.0,"{'decomposition': 'legendre', 'n_filters': 12, 'slowest': 0.029334592739296388, 'input_scaling': 0.049068279099124805, 'bias_dist': 'uniform', 'bias_scaling': 0.46763789100254544, 'lr': 0.2715862958761201, 'weight_increment': 0.1852507853053407, 'min_window': 9, 'max_window': 16, 'use_full_instance': False, 'max_partners': 5, 'homeostasis': 'mean', 'target': 0.91, 'spread': 0.095, 'learning_rate': 0.003}",ppo,100,64,0.003,,,,,,,
CountRecallMedium,filterbank+hag,3,416,4.836538461538462,-0.7968932199999998,0.06336298785798851,-0.7811394860639721,-0.786607524691358,773.0,"{'decomposition': 'legendre', 'n_filters': 12, 'slowest': 0.029334592739296388, 'input_scaling': 0.049068279099124805, 'bias_dist': 'uniform', 'bias_scaling': 0.46763789100254544, 'lr': 0.2715862958761201, 'weight_increment': 0.1852507853053407, 'min_window': 9, 'max_window': 16, 'use_full_instance': False, 'max_partners': 5, 'homeostasis': 'mean', 'target': 0.91, 'spread': 0.095, 'learning_rate': 0.003}",ppo,100,64,0.003,,,,,,,
CountRecallMedium,filterbank+hag,4,416,4.913461538461538,-0.7603883199999999,0.0730273354744482,-0.7852214953203744,-0.7828918117283952,772.0,"{'decomposition': 'legendre', 'n_filters': 12, 'slowest': 0.029334592739296388, 'input_scaling': 0.049068279099124805, 'bias_dist': 'uniform', 'bias_scaling': 0.46763789100254544, 'lr': 0.2715862958761201, 'weight_increment': 0.1852507853053407, 'min_window': 9, 'max_window': 16, 'use_full_instance': False, 'max_partners': 5, 'homeostasis': 'mean', 'target': 0.91, 'spread': 0.095, 'learning_rate': 0.003}",ppo,100,64,0.003,,,,,,,
CountRecallMedium,filterbank+hag,6,416,4.920673076923077,-0.78563104,0.06913942560824757,-0.7710123500977064,-0.7605576965020576,773.0,"{'decomposition': 'legendre', 'n_filters': 12, 'slowest': 0.029334592739296388, 'input_scaling': 0.049068279099124805, 'bias_dist': 'uniform', 'bias_scaling': 0.46763789100254544, 'lr': 0.2715862958761201, 'weight_increment': 0.1852507853053407, 'min_window': 9, 'max_window': 16, 'use_full_instance': False, 'max_partners': 5, 'homeostasis': 'mean', 'target': 0.91, 'spread': 0.095, 'learning_rate': 0.003}",ppo,100,64,0.003,,,,,,,
CountRecallMedium,filterbank+hag,8,416,4.877403846153846,-0.92038854,0.04977097303336957,-0.8907545981692894,-0.9187943487654322,762.0,"{'decomposition': 'legendre', 'n_filters': 12, 'slowest': 0.029334592739296388, 'input_scaling': 0.049068279099124805, 'bias_dist': 'uniform', 'bias_scaling': 0.46763789100254544, 'lr': 0.2715862958761201, 'weight_increment': 0.1852507853053407, 'min_window': 9, 'max_window': 16, 'use_full_instance': False, 'max_partners': 5, 'homeostasis': 'mean', 'target': 0.91, 'spread': 0.095, 'learning_rate': 0.003}",ppo,100,64,0.003,,,,,,,
CountRecallMedium,filterbank+hag,7,416,4.935096153846154,-0.71495142,0.08047744182939465,-0.7801888849120642,-0.7549042685185186,781.0,"{'decomposition': 'legendre', 'n_filters': 12, 'slowest': 0.029334592739296388, 'input_scaling': 0.049068279099124805, 'bias_dist': 'uniform', 'bias_scaling': 0.46763789100254544, 'lr': 0.2715862958761201, 'weight_increment': 0.1852507853053407, 'min_window': 9, 'max_window': 16, 'use_full_instance': False, 'max_partners': 5, 'homeostasis': 'mean', 'target': 0.91, 'spread': 0.095, 'learning_rate': 0.003}",ppo,100,64,0.003,,,,,,,
CountRecallMedium,filterbank+hag,9,416,4.896634615384615,-0.9091264400000001,0.04172550673444723,-0.8575133838321506,-0.9113030257201645,767.0,"{'decomposition': 'legendre', 'n_filters': 12, 'slowest': 0.029334592739296388, 'input_scaling': 0.049068279099124805, 'bias_dist': 'uniform', 'bias_scaling': 0.46763789100254544, 'lr': 0.2715862958761201, 'weight_increment': 0.1852507853053407, 'min_window': 9, 'max_window': 16, 'use_full_instance': False, 'max_partners': 5, 'homeostasis': 'mean', 'target': 0.91, 'spread': 0.095, 'learning_rate': 0.003}",ppo,100,64,0.003,,,,,,,
CountRecallMedium,filterbank+hag,0,416,4.8485576923076925,-0.9130098199999999,0.043806228829101464,-0.9133554225033426,-0.9261258539094651,808.0,"{'decomposition': 'legendre', 'n_filters': 12, 'slowest': 0.029334592739296388, 'input_scaling': 0.049068279099124805, 'bias_dist': 'uniform', 'bias_scaling': 0.46763789100254544, 'lr': 0.2715862958761201, 'weight_increment': 0.1852507853053407, 'min_window': 9, 'max_window': 16, 'use_full_instance': False, 'max_partners': 5, 'homeostasis': 'mean', 'target': 0.91, 'spread': 0.095, 'learning_rate': 0.01}",ppo,100,64,0.01,,,,,,,
CountRecallMedium,filterbank+hag,3,416,4.836538461538462,-0.9242720200000002,0.04549666674141745,-0.9248205962151599,-0.9232092345679013,736.0,"{'decomposition': 'legendre', 'n_filters': 12, 'slowest': 0.029334592739296388, 'input_scaling': 0.049068279099124805, 'bias_dist': 'uniform', 'bias_scaling': 0.46763789100254544, 'lr': 0.2715862958761201, 'weight_increment': 0.1852507853053407, 'min_window': 9, 'max_window': 16, 'use_full_instance': False, 'max_partners': 5, 'homeostasis': 'mean', 'target': 0.91, 'spread': 0.095, 'learning_rate': 0.01}",ppo,100,64,0.01,,,,,,,
CountRecallMedium,filterbank+hag,2,416,4.961538461538462,-0.92233018,0.04578574733809203,-0.9251960466934075,-0.9234489495884773,771.0,"{'decomposition': 'legendre', 'n_filters': 12, 'slowest': 0.029334592739296388, 'input_scaling': 0.049068279099124805, 'bias_dist': 'uniform', 'bias_scaling': 0.46763789100254544, 'lr': 0.2715862958761201, 'weight_increment': 0.1852507853053407, 'min_window': 9, 'max_window': 16, 'use_full_instance': False, 'max_partners': 5, 'homeostasis': 'mean', 'target': 0.91, 'spread': 0.095, 'learning_rate': 0.01}",ppo,100,64,0.01,,,,,,,
CountRecallMedium,filterbank+hag,1,416,4.954326923076923,-0.9332040800000001,0.03687487263426953,-0.9187634806129794,-0.924967183127572,805.0,"{'decomposition': 'legendre', 'n_filters': 12, 'slowest': 0.029334592739296388, 'input_scaling': 0.049068279099124805, 'bias_dist': 'uniform', 'bias_scaling': 0.46763789100254544, 'lr': 0.2715862958761201, 'weight_increment': 0.1852507853053407, 'min_window': 9, 'max_window': 16, 'use_full_instance': False, 'max_partners': 5, 'homeostasis': 'mean', 'target': 0.91, 'spread': 0.095, 'learning_rate': 0.01}",ppo,100,64,0.01,,,,,,,
CountRecallMedium,filterbank+hag,4,416,4.913461538461538,-0.9242720200000001,0.044491100545835015,-0.9248765142445747,-0.9265253981481483,770.0,"{'decomposition': 'legendre', 'n_filters': 12, 'slowest': 0.029334592739296388, 'input_scaling': 0.049068279099124805, 'bias_dist': 'uniform', 'bias_scaling': 0.46763789100254544, 'lr': 0.2715862958761201, 'weight_increment': 0.1852507853053407, 'min_window': 9, 'max_window': 16, 'use_full_instance': False, 'max_partners': 5, 'homeostasis': 'mean', 'target': 0.91, 'spread': 0.095, 'learning_rate': 0.01}",ppo,100,64,0.01,,,,,,,
CountRecallMedium,filterbank+hag,5,416,4.923076923076923,-0.9227186199999999,0.03590719840304448,-0.92275363128664,-0.9232691718106996,761.0,"{'decomposition': 'legendre', 'n_filters': 12, 'slowest': 0.029334592739296388, 'input_scaling': 0.049068279099124805, 'bias_dist': 'uniform', 'bias_scaling': 0.46763789100254544, 'lr': 0.2715862958761201, 'weight_increment': 0.1852507853053407, 'min_window': 9, 'max_window': 16, 'use_full_instance': False, 'max_partners': 5, 'homeostasis': 'mean', 'target': 0.91, 'spread': 0.095, 'learning_rate': 0.01}",ppo,100,64,0.01,,,,,,,
CountRecallMedium,filterbank+hag,6,416,4.920673076923077,-0.90330106,0.04732298416685491,-0.9072723571942816,-0.9184347530864199,769.0,"{'decomposition': 'legendre', 'n_filters': 12, 'slowest': 0.029334592739296388, 'input_scaling': 0.049068279099124805, 'bias_dist': 'uniform', 'bias_scaling': 0.46763789100254544, 'lr': 0.2715862958761201, 'weight_increment': 0.1852507853053407, 'min_window': 9, 'max_window': 16, 'use_full_instance': False, 'max_partners': 5, 'homeostasis': 'mean', 'target': 0.91, 'spread': 0.095, 'learning_rate': 0.01}",ppo,100,64,0.01,,,,,,,
CountRecallMedium,filterbank+hag,7,416,4.935096153846154,-0.94951476,0.028004355586629736,-0.9369028562172169,-0.9441249897119341,787.0,"{'decomposition': 'legendre', 'n_filters': 12, 'slowest': 0.029334592739296388, 'input_scaling': 0.049068279099124805, 'bias_dist': 'uniform', 'bias_scaling': 0.46763789100254544, 'lr': 0.2715862958761201, 'weight_increment': 0.1852507853053407, 'min_window': 9, 'max_window': 16, 'use_full_instance': False, 'max_partners': 5, 'homeostasis': 'mean', 'target': 0.91, 'spread': 0.095, 'learning_rate': 0.01}",ppo,100,64,0.01,,,,,,,
CountRecallMedium,filterbank+hag,9,416,4.896634615384615,-0.9335924200000001,0.03865785342208748,-0.9258810394939833,-0.9234889074074074,760.0,"{'decomposition': 'legendre', 'n_filters': 12, 'slowest': 0.029334592739296388, 'input_scaling': 0.049068279099124805, 'bias_dist': 'uniform', 'bias_scaling': 0.46763789100254544, 'lr': 0.2715862958761201, 'weight_increment': 0.1852507853053407, 'min_window': 9, 'max_window': 16, 'use_full_instance': False, 'max_partners': 5, 'homeostasis': 'mean', 'target': 0.91, 'spread': 0.095, 'learning_rate': 0.01}",ppo,100,64,0.01,,,,,,,
CountRecallMedium,filterbank+hag,8,416,4.877403846153846,-0.92776716,0.040922557742819554,-0.9233128120950322,-0.924507737654321,772.0,"{'decomposition': 'legendre', 'n_filters': 12, 'slowest': 0.029334592739296388, 'input_scaling': 0.049068279099124805, 'bias_dist': 'uniform', 'bias_scaling': 0.46763789100254544, 'lr': 0.2715862958761201, 'weight_increment': 0.1852507853053407, 'min_window': 9, 'max_window': 16, 'use_full_instance': False, 'max_partners': 5, 'homeostasis': 'mean', 'target': 0.91, 'spread': 0.095, 'learning_rate': 0.01}",ppo,100,64,0.01,,,,,,,
CountRecallMedium,filterbank+proj,3,416,0.0,-0.92271858,0.04063593514764488,-0.9245230341458398,-0.9244677942386832,752.0,"{'decomposition': 'legendre', 'n_filters': 12, 'slowest': 0.029334592739296388, 'input_scaling': 0.049068279099124805, 'bias_dist': 'uniform', 'bias_scaling': 0.46763789100254544, 'lr': 0.2715862958761201, 'weight_increment': 0.1852507853053407, 'min_window': 9, 'max_window': 16, 'use_full_instance': False, 'max_partners': 5, 'homeostasis': 'mean', 'target': 0.91, 'spread': 0.095, 'learning_rate': 0.0003}",ppo,100,64,0.0003,,,,,,,
CountRecallMedium,filterbank+proj,0,416,0.0,-0.8838835800000001,0.04779858243843222,-0.9100382893139976,-0.8808183456790124,769.0,"{'decomposition': 'legendre', 'n_filters': 12, 'slowest': 0.029334592739296388, 'input_scaling': 0.049068279099124805, 'bias_dist': 'uniform', 'bias_scaling': 0.46763789100254544, 'lr': 0.2715862958761201, 'weight_increment': 0.1852507853053407, 'min_window': 9, 'max_window': 16, 'use_full_instance': False, 'max_partners': 5, 'homeostasis': 'mean', 'target': 0.91, 'spread': 0.095, 'learning_rate': 0.0003}",ppo,100,64,0.0003,,,,,,,
CountRecallMedium,filterbank+proj,2,416,0.0,-0.87961176,0.04461801459480689,-0.91243277630361,-0.8830557613168725,771.0,"{'decomposition': 'legendre', 'n_filters': 12, 'slowest': 0.029334592739296388, 'input_scaling': 0.049068279099124805, 'bias_dist': 'uniform', 'bias_scaling': 0.46763789100254544, 'lr': 0.2715862958761201, 'weight_increment': 0.1852507853053407, 'min_window': 9, 'max_window': 16, 'use_full_instance': False, 'max_partners': 5, 'homeostasis': 'mean', 'target': 0.91, 'spread': 0.095, 'learning_rate': 0.0003}",ppo,100,64,0.0003,,,,,,,
CountRecallMedium,filterbank+proj,4,416,0.0,-0.9064078999999999,0.04030056916335054,-0.912686406356063,-0.9022535154320988,760.0,"{'decomposition': 'legendre', 'n_filters': 12, 'slowest': 0.029334592739296388, 'input_scaling': 0.049068279099124805, 'bias_dist': 'uniform', 'bias_scaling': 0.46763789100254544, 'lr': 0.2715862958761201, 'weight_increment': 0.1852507853053407, 'min_window': 9, 'max_window': 16, 'use_full_instance': False, 'max_partners': 5, 'homeostasis': 'mean', 'target': 0.91, 'spread': 0.095, 'learning_rate': 0.0003}",ppo,100,64,0.0003,,,,,,,
CountRecallMedium,filterbank+proj,1,416,0.0,-0.9036893800000001,0.03724112115062597,-0.9146634999485754,-0.8984978693415637,802.0,"{'decomposition': 'legendre', 'n_filters': 12, 'slowest': 0.029334592739296388, 'input_scaling': 0.049068279099124805, 'bias_dist': 'uniform', 'bias_scaling': 0.46763789100254544, 'lr': 0.2715862958761201, 'weight_increment': 0.1852507853053407, 'min_window': 9, 'max_window': 16, 'use_full_instance': False, 'max_partners': 5, 'homeostasis': 'mean', 'target': 0.91, 'spread': 0.095, 'learning_rate': 0.0003}",ppo,100,64,0.0003,,,,,,,
CountRecallMedium,filterbank+proj,7,416,0.0,-0.9099030200000001,0.04123831828214629,-0.9142161597243649,-0.9059092757201644,771.0,"{'decomposition': 'legendre', 'n_filters': 12, 'slowest': 0.029334592739296388, 'input_scaling': 0.049068279099124805, 'bias_dist': 'uniform', 'bias_scaling': 0.46763789100254544, 'lr': 0.2715862958761201, 'weight_increment': 0.1852507853053407, 'min_window': 9, 'max_window': 16, 'use_full_instance': False, 'max_partners': 5, 'homeostasis': 'mean', 'target': 0.91, 'spread': 0.095, 'learning_rate': 0.0003}",ppo,100,64,0.0003,,,,,,,
CountRecallMedium,filterbank+proj,5,416,0.0,-0.9122332200000001,0.03543144388663268,-0.9149171320580067,-0.8991770699588477,794.0,"{'decomposition': 'legendre', 'n_filters': 12, 'slowest': 0.029334592739296388, 'input_scaling': 0.049068279099124805, 'bias_dist': 'uniform', 'bias_scaling': 0.46763789100254544, 'lr': 0.2715862958761201, 'weight_increment': 0.1852507853053407, 'min_window': 9, 'max_window': 16, 'use_full_instance': False, 'max_partners': 5, 'homeostasis': 'mean', 'target': 0.91, 'spread': 0.095, 'learning_rate': 0.0003}",ppo,100,64,0.0003,,,,,,,
CountRecallMedium,filterbank+proj,9,416,0.0,-0.89436898,0.048993719614860855,-0.912820207754808,-0.9000360864197532,754.0,"{'decomposition': 'legendre', 'n_filters': 12, 'slowest': 0.029334592739296388, 'input_scaling': 0.049068279099124805, 'bias_dist': 'uniform', 'bias_scaling': 0.46763789100254544, 'lr': 0.2715862958761201, 'weight_increment': 0.1852507853053407, 'min_window': 9, 'max_window': 16, 'use_full_instance': False, 'max_partners': 5, 'homeostasis': 'mean', 'target': 0.91, 'spread': 0.095, 'learning_rate': 0.0003}",ppo,100,64,0.0003,,,,,,,
CountRecallMedium,filterbank+proj,8,416,0.0,-0.9180583999999999,0.037509445690918984,-0.916442893551373,-0.9087859372427983,764.0,"{'decomposition': 'legendre', 'n_filters': 12, 'slowest': 0.029334592739296388, 'input_scaling': 0.049068279099124805, 'bias_dist': 'uniform', 'bias_scaling': 0.46763789100254544, 'lr': 0.2715862958761201, 'weight_increment': 0.1852507853053407, 'min_window': 9, 'max_window': 16, 'use_full_instance': False, 'max_partners': 5, 'homeostasis': 'mean', 'target': 0.91, 'spread': 0.095, 'learning_rate': 0.0003}",ppo,100,64,0.0003,,,,,,,
CountRecallMedium,filterbank+proj,6,416,0.0,-0.8935923399999999,0.04516229841520912,-0.9151567801090197,-0.9012546604938272,790.0,"{'decomposition': 'legendre', 'n_filters': 12, 'slowest': 0.029334592739296388, 'input_scaling': 0.049068279099124805, 'bias_dist': 'uniform', 'bias_scaling': 0.46763789100254544, 'lr': 0.2715862958761201, 'weight_increment': 0.1852507853053407, 'min_window': 9, 'max_window': 16, 'use_full_instance': False, 'max_partners': 5, 'homeostasis': 'mean', 'target': 0.91, 'spread': 0.095, 'learning_rate': 0.0003}",ppo,100,64,0.0003,,,,,,,
CountRecallMedium,filterbank+proj,3,416,0.0,-0.8916506000000001,0.04463320224496559,-0.9147513778669134,-0.9028927839506172,731.0,"{'decomposition': 'legendre', 'n_filters': 12, 'slowest': 0.029334592739296388, 'input_scaling': 0.049068279099124805, 'bias_dist': 'uniform', 'bias_scaling': 0.46763789100254544, 'lr': 0.2715862958761201, 'weight_increment': 0.1852507853053407, 'min_window': 9, 'max_window': 16, 'use_full_instance': False, 'max_partners': 5, 'homeostasis': 'mean', 'target': 0.91, 'spread': 0.095, 'learning_rate': 0.001}",ppo,100,64,0.001,,,,,,,
CountRecallMedium,filterbank+proj,1,416,0.0,-0.9308739600000001,0.03687483177179797,-0.924395220096678,-0.9234090010288065,770.0,"{'decomposition': 'legendre', 'n_filters': 12, 'slowest': 0.029334592739296388, 'input_scaling': 0.049068279099124805, 'bias_dist': 'uniform', 'bias_scaling': 0.46763789100254544, 'lr': 0.2715862958761201, 'weight_increment': 0.1852507853053407, 'min_window': 9, 'max_window': 16, 'use_full_instance': False, 'max_partners': 5, 'homeostasis': 'mean', 'target': 0.91, 'spread': 0.095, 'learning_rate': 0.001}",ppo,100,64,0.001,,,,,,,
CountRecallMedium,filterbank+proj,5,416,0.0,-0.9102914,0.048018900291864265,-0.9117178297850458,-0.9087060329218106,754.0,"{'decomposition': 'legendre', 'n_filters': 12, 'slowest': 0.029334592739296388, 'input_scaling': 0.049068279099124805, 'bias_dist': 'uniform', 'bias_scaling': 0.46763789100254544, 'lr': 0.2715862958761201, 'weight_increment': 0.1852507853053407, 'min_window': 9, 'max_window': 16, 'use_full_instance': False, 'max_partners': 5, 'homeostasis': 'mean', 'target': 0.91, 'spread': 0.095, 'learning_rate': 0.001}",ppo,100,64,0.001,,,,,,,
CountRecallMedium,filterbank+proj,0,416,0.0,-0.8885438199999999,0.04753283424189642,-0.9106773531831739,-0.8925447685185185,791.0,"{'decomposition': 'legendre', 'n_filters': 12, 'slowest': 0.029334592739296388, 'input_scaling': 0.049068279099124805, 'bias_dist': 'uniform', 'bias_scaling': 0.46763789100254544, 'lr': 0.2715862958761201, 'weight_increment': 0.1852507853053407, 'min_window': 9, 'max_window': 16, 'use_full_instance': False, 'max_partners': 5, 'homeostasis': 'mean', 'target': 0.91, 'spread': 0.095, 'learning_rate': 0.001}",ppo,100,64,0.001,,,,,,,
CountRecallMedium,filterbank+proj,2,416,0.0,-0.8869904200000001,0.044734499323045976,-0.9080272435462307,-0.885712677983539,790.0,"{'decomposition': 'legendre', 'n_filters': 12, 'slowest': 0.029334592739296388, 'input_scaling': 0.049068279099124805, 'bias_dist': 'uniform', 'bias_scaling': 0.46763789100254544, 'lr': 0.2715862958761201, 'weight_increment': 0.1852507853053407, 'min_window': 9, 'max_window': 16, 'use_full_instance': False, 'max_partners': 5, 'homeostasis': 'mean', 'target': 0.91, 'spread': 0.095, 'learning_rate': 0.001}",ppo,100,64,0.001,,,,,,,
CountRecallMedium,filterbank+proj,7,416,0.0,-0.8986409000000001,0.04346913080439959,-0.9108351259899209,-0.8966799763374484,759.0,"{'decomposition': 'legendre', 'n_filters': 12, 'slowest': 0.029334592739296388, 'input_scaling': 0.049068279099124805, 'bias_dist': 'uniform', 'bias_scaling': 0.46763789100254544, 'lr': 0.2715862958761201, 'weight_increment': 0.1852507853053407, 'min_window': 9, 'max_window': 16, 'use_full_instance': False, 'max_partners': 5, 'homeostasis': 'mean', 'target': 0.91, 'spread': 0.095, 'learning_rate': 0.001}",ppo,100,64,0.001,,,,,,,
CountRecallMedium,filterbank+proj,6,416,0.0,-0.8998059199999999,0.042427985426055775,-0.9105335627892626,-0.8950818302469135,796.0,"{'decomposition': 'legendre', 'n_filters': 12, 'slowest': 0.029334592739296388, 'input_scaling': 0.049068279099124805, 'bias_dist': 'uniform', 'bias_scaling': 0.46763789100254544, 'lr': 0.2715862958761201, 'weight_increment': 0.1852507853053407, 'min_window': 9, 'max_window': 16, 'use_full_instance': False, 'max_partners': 5, 'homeostasis': 'mean', 'target': 0.91, 'spread': 0.095, 'learning_rate': 0.001}",ppo,100,64,0.001,,,,,,,
CountRecallMedium,filterbank+proj,4,416,0.0,-0.9200001600000002,0.03263990618023282,-0.924752694024478,-0.9231093384773663,818.0,"{'decomposition': 'legendre', 'n_filters': 12, 'slowest': 0.029334592739296388, 'input_scaling': 0.049068279099124805, 'bias_dist': 'uniform', 'bias_scaling': 0.46763789100254544, 'lr': 0.2715862958761201, 'weight_increment': 0.1852507853053407, 'min_window': 9, 'max_window': 16, 'use_full_instance': False, 'max_partners': 5, 'homeostasis': 'mean', 'target': 0.91, 'spread': 0.095, 'learning_rate': 0.001}",ppo,100,64,0.001,,,,,,,
CountRecallMedium,filterbank+proj,9,416,0.0,-0.89087388,0.039200274202938944,-0.9026511357605678,-0.8864318508230452,798.0,"{'decomposition': 'legendre', 'n_filters': 12, 'slowest': 0.029334592739296388, 'input_scaling': 0.049068279099124805, 'bias_dist': 'uniform', 'bias_scaling': 0.46763789100254544, 'lr': 0.2715862958761201, 'weight_increment': 0.1852507853053407, 'min_window': 9, 'max_window': 16, 'use_full_instance': False, 'max_partners': 5, 'homeostasis': 'mean', 'target': 0.91, 'spread': 0.095, 'learning_rate': 0.001}",ppo,100,64,0.001,,,,,,,
CountRecallMedium,filterbank+proj,8,416,0.0,-0.9005826,0.04300705181990507,-0.9095789660598581,-0.8962604557613167,811.0,"{'decomposition': 'legendre', 'n_filters': 12, 'slowest': 0.029334592739296388, 'input_scaling': 0.049068279099124805, 'bias_dist': 'uniform', 'bias_scaling': 0.46763789100254544, 'lr': 0.2715862958761201, 'weight_increment': 0.1852507853053407, 'min_window': 9, 'max_window': 16, 'use_full_instance': False, 'max_partners': 5, 'homeostasis': 'mean', 'target': 0.91, 'spread': 0.095, 'learning_rate': 0.001}",ppo,100,64,0.001,,,,,,,
CountRecallMedium,filterbank+proj,0,416,0.0,-0.9153399200000001,0.05543487182409284,-0.9241515739997943,-0.9235488292181069,780.0,"{'decomposition': 'legendre', 'n_filters': 12, 'slowest': 0.029334592739296388, 'input_scaling': 0.049068279099124805, 'bias_dist': 'uniform', 'bias_scaling': 0.46763789100254544, 'lr': 0.2715862958761201, 'weight_increment': 0.1852507853053407, 'min_window': 9, 'max_window': 16, 'use_full_instance': False, 'max_partners': 5, 'homeostasis': 'mean', 'target': 0.91, 'spread': 0.095, 'learning_rate': 0.003}",ppo,100,64,0.003,,,,,,,
CountRecallMedium,filterbank+proj,1,416,0.0,-0.9215535800000001,0.04880862325576907,-0.9252000389797387,-0.9241681316872428,808.0,"{'decomposition': 'legendre', 'n_filters': 12, 'slowest': 0.029334592739296388, 'input_scaling': 0.049068279099124805, 'bias_dist': 'uniform', 'bias_scaling': 0.46763789100254544, 'lr': 0.2715862958761201, 'weight_increment': 0.1852507853053407, 'min_window': 9, 'max_window': 16, 'use_full_instance': False, 'max_partners': 5, 'homeostasis': 'mean', 'target': 0.91, 'spread': 0.095, 'learning_rate': 0.003}",ppo,100,64,0.003,,,,,,,
CountRecallMedium,filterbank+proj,2,416,0.0,-0.9200001400000001,0.05596017432603656,-0.9241196235729713,-0.9263455956790123,784.0,"{'decomposition': 'legendre', 'n_filters': 12, 'slowest': 0.029334592739296388, 'input_scaling': 0.049068279099124805, 'bias_dist': 'uniform', 'bias_scaling': 0.46763789100254544, 'lr': 0.2715862958761201, 'weight_increment': 0.1852507853053407, 'min_window': 9, 'max_window': 16, 'use_full_instance': False, 'max_partners': 5, 'homeostasis': 'mean', 'target': 0.91, 'spread': 0.095, 'learning_rate': 0.003}",ppo,100,64,0.003,,,,,,,
CountRecallMedium,filterbank+proj,4,416,0.0,-0.9363108800000001,0.03364109762872788,-0.9250462646302581,-0.9240882037037036,772.0,"{'decomposition': 'legendre', 'n_filters': 12, 'slowest': 0.029334592739296388, 'input_scaling': 0.049068279099124805, 'bias_dist': 'uniform', 'bias_scaling': 0.46763789100254544, 'lr': 0.2715862958761201, 'weight_increment': 0.1852507853053407, 'min_window': 9, 'max_window': 16, 'use_full_instance': False, 'max_partners': 5, 'homeostasis': 'mean', 'target': 0.91, 'spread': 0.095, 'learning_rate': 0.003}",ppo,100,64,0.003,,,,,,,
CountRecallMedium,filterbank+proj,7,416,0.0,-0.9269904999999998,0.033757392965837886,-0.9244551376118482,-0.923768586419753,742.0,"{'decomposition': 'legendre', 'n_filters': 12, 'slowest': 0.029334592739296388, 'input_scaling': 0.049068279099124805, 'bias_dist': 'uniform', 'bias_scaling': 0.46763789100254544, 'lr': 0.2715862958761201, 'weight_increment': 0.1852507853053407, 'min_window': 9, 'max_window': 16, 'use_full_instance': False, 'max_partners': 5, 'homeostasis': 'mean', 'target': 0.91, 'spread': 0.095, 'learning_rate': 0.003}",ppo,100,64,0.003,,,,,,,
CountRecallMedium,filterbank+proj,3,416,0.0,-0.9285439000000001,0.04435354927049245,-0.9248325745140389,-0.9234090061728394,804.0,"{'decomposition': 'legendre', 'n_filters': 12, 'slowest': 0.029334592739296388, 'input_scaling': 0.049068279099124805, 'bias_dist': 'uniform', 'bias_scaling': 0.46763789100254544, 'lr': 0.2715862958761201, 'weight_increment': 0.1852507853053407, 'min_window': 9, 'max_window': 16, 'use_full_instance': False, 'max_partners': 5, 'homeostasis': 'mean', 'target': 0.91, 'spread': 0.095, 'learning_rate': 0.003}",ppo,100,64,0.003,,,,,,,
CountRecallMedium,filterbank+proj,6,416,0.0,-0.9254370599999998,0.03732205118072158,-0.9249224459528953,-0.9243878693415638,800.0,"{'decomposition': 'legendre', 'n_filters': 12, 'slowest': 0.029334592739296388, 'input_scaling': 0.049068279099124805, 'bias_dist': 'uniform', 'bias_scaling': 0.46763789100254544, 'lr': 0.2715862958761201, 'weight_increment': 0.1852507853053407, 'min_window': 9, 'max_window': 16, 'use_full_instance': False, 'max_partners': 5, 'homeostasis': 'mean', 'target': 0.91, 'spread': 0.095, 'learning_rate': 0.003}",ppo,100,64,0.003,,,,,,,
CountRecallMedium,filterbank+proj,8,416,0.0,-0.91922344,0.049331127151996036,-0.9239239144297028,-0.9228896131687243,798.0,"{'decomposition': 'legendre', 'n_filters': 12, 'slowest': 0.029334592739296388, 'input_scaling': 0.049068279099124805, 'bias_dist': 'uniform', 'bias_scaling': 0.46763789100254544, 'lr': 0.2715862958761201, 'weight_increment': 0.1852507853053407, 'min_window': 9, 'max_window': 16, 'use_full_instance': False, 'max_partners': 5, 'homeostasis': 'mean', 'target': 0.91, 'spread': 0.095, 'learning_rate': 0.003}",ppo,100,64,0.003,,,,,,,
CountRecallMedium,filterbank+proj,5,416,0.0,-0.9056312000000001,0.04595181793531134,-0.9247886448626966,-0.924867329218107,827.0,"{'decomposition': 'legendre', 'n_filters': 12, 'slowest': 0.029334592739296388, 'input_scaling': 0.049068279099124805, 'bias_dist': 'uniform', 'bias_scaling': 0.46763789100254544, 'lr': 0.2715862958761201, 'weight_increment': 0.1852507853053407, 'min_window': 9, 'max_window': 16, 'use_full_instance': False, 'max_partners': 5, 'homeostasis': 'mean', 'target': 0.91, 'spread': 0.095, 'learning_rate': 0.003}",ppo,100,64,0.003,,,,,,,
CountRecallMedium,filterbank+proj,1,416,0.0,-0.94485456,0.030420511851157274,-0.9427303056669752,-0.9440650617283951,750.0,"{'decomposition': 'legendre', 'n_filters': 12, 'slowest': 0.029334592739296388, 'input_scaling': 0.049068279099124805, 'bias_dist': 'uniform', 'bias_scaling': 0.46763789100254544, 'lr': 0.2715862958761201, 'weight_increment': 0.1852507853053407, 'min_window': 9, 'max_window': 16, 'use_full_instance': False, 'max_partners': 5, 'homeostasis': 'mean', 'target': 0.91, 'spread': 0.095, 'learning_rate': 0.01}",ppo,100,64,0.01,,,,,,,
CountRecallMedium,filterbank+proj,9,416,0.0,-0.9238836,0.03919064552466571,-0.9239558622853028,-0.9243878652263374,804.0,"{'decomposition': 'legendre', 'n_filters': 12, 'slowest': 0.029334592739296388, 'input_scaling': 0.049068279099124805, 'bias_dist': 'uniform', 'bias_scaling': 0.46763789100254544, 'lr': 0.2715862958761201, 'weight_increment': 0.1852507853053407, 'min_window': 9, 'max_window': 16, 'use_full_instance': False, 'max_partners': 5, 'homeostasis': 'mean', 'target': 0.91, 'spread': 0.095, 'learning_rate': 0.003}",ppo,100,64,0.003,,,,,,,
CountRecallMedium,filterbank+proj,4,416,0.0,-0.9269904999999998,0.043861164866542256,-0.9242793888717475,-0.9232691738683128,749.0,"{'decomposition': 'legendre', 'n_filters': 12, 'slowest': 0.029334592739296388, 'input_scaling': 0.049068279099124805, 'bias_dist': 'uniform', 'bias_scaling': 0.46763789100254544, 'lr': 0.2715862958761201, 'weight_increment': 0.1852507853053407, 'min_window': 9, 'max_window': 16, 'use_full_instance': False, 'max_partners': 5, 'homeostasis': 'mean', 'target': 0.91, 'spread': 0.095, 'learning_rate': 0.01}",ppo,100,64,0.01,,,,,,,
CountRecallMedium,filterbank+proj,3,416,0.0,-0.9215534999999998,0.03804240892806343,-0.9246168933456751,-0.9250071491769547,772.0,"{'decomposition': 'legendre', 'n_filters': 12, 'slowest': 0.029334592739296388, 'input_scaling': 0.049068279099124805, 'bias_dist': 'uniform', 'bias_scaling': 0.46763789100254544, 'lr': 0.2715862958761201, 'weight_increment': 0.1852507853053407, 'min_window': 9, 'max_window': 16, 'use_full_instance': False, 'max_partners': 5, 'homeostasis': 'mean', 'target': 0.91, 'spread': 0.095, 'learning_rate': 0.01}",ppo,100,64,0.01,,,,,,,
CountRecallMedium,filterbank+proj,5,416,0.0,-0.9161166399999999,0.03793928063143001,-0.9242614209606089,-0.9242680102880658,756.0,"{'decomposition': 'legendre', 'n_filters': 12, 'slowest': 0.029334592739296388, 'input_scaling': 0.049068279099124805, 'bias_dist': 'uniform', 'bias_scaling': 0.46763789100254544, 'lr': 0.2715862958761201, 'weight_increment': 0.1852507853053407, 'min_window': 9, 'max_window': 16, 'use_full_instance': False, 'max_partners': 5, 'homeostasis': 'mean', 'target': 0.91, 'spread': 0.095, 'learning_rate': 0.01}",ppo,100,64,0.01,,,,,,,
CountRecallMedium,filterbank+proj,2,416,0.0,-0.9211651999999999,0.03891452283094322,-0.9244591273269566,-0.9245476841563784,780.0,"{'decomposition': 'legendre', 'n_filters': 12, 'slowest': 0.029334592739296388, 'input_scaling': 0.049068279099124805, 'bias_dist': 'uniform', 'bias_scaling': 0.46763789100254544, 'lr': 0.2715862958761201, 'weight_increment': 0.1852507853053407, 'min_window': 9, 'max_window': 16, 'use_full_instance': False, 'max_partners': 5, 'homeostasis': 'mean', 'target': 0.91, 'spread': 0.095, 'learning_rate': 0.01}",ppo,100,64,0.01,,,,,,,
CountRecallMedium,filterbank+proj,0,416,0.0,-0.9223302000000001,0.03844470879015733,-0.9250302938393499,-0.9226498888888889,807.0,"{'decomposition': 'legendre', 'n_filters': 12, 'slowest': 0.029334592739296388, 'input_scaling': 0.049068279099124805, 'bias_dist': 'uniform', 'bias_scaling': 0.46763789100254544, 'lr': 0.2715862958761201, 'weight_increment': 0.1852507853053407, 'min_window': 9, 'max_window': 16, 'use_full_instance': False, 'max_partners': 5, 'homeostasis': 'mean', 'target': 0.91, 'spread': 0.095, 'learning_rate': 0.01}",ppo,100,64,0.01,,,,,,,
CountRecallMedium,filterbank+proj,6,416,0.0,-0.92854388,0.03417476045542384,-0.9240277587164456,-0.9226898323045267,786.0,"{'decomposition': 'legendre', 'n_filters': 12, 'slowest': 0.029334592739296388, 'input_scaling': 0.049068279099124805, 'bias_dist': 'uniform', 'bias_scaling': 0.46763789100254544, 'lr': 0.2715862958761201, 'weight_increment': 0.1852507853053407, 'min_window': 9, 'max_window': 16, 'use_full_instance': False, 'max_partners': 5, 'homeostasis': 'mean', 'target': 0.91, 'spread': 0.095, 'learning_rate': 0.01}",ppo,100,64,0.01,,,,,,,
CountRecallMedium,filterbank+esn,0,416,38.50961538461539,-0.6194174399999999,0.0971649319228208,-0.7028864307312558,-0.6519037644032921,606.0,"{'decomposition': 'legendre', 'n_filters': 12, 'slowest': 0.0056263882716246225, 'input_scaling': 0.06344812061556386, 'bias_dist': 'foldnorm', 'bias_scaling': 0.24743237591527745, 'lr': 0.7604293811879814, 'sr': 1.3687477885807093, 'rc_connectivity': 0.0925705874783593, 'learning_rate': 0.0003}",ppo,100,linear,0.0003,,,,,,,
CountRecallMedium,filterbank+proj,7,416,0.0,-0.92116522,0.04417811368779342,-0.9243592683328191,-0.9244078302469135,770.0,"{'decomposition': 'legendre', 'n_filters': 12, 'slowest': 0.029334592739296388, 'input_scaling': 0.049068279099124805, 'bias_dist': 'uniform', 'bias_scaling': 0.46763789100254544, 'lr': 0.2715862958761201, 'weight_increment': 0.1852507853053407, 'min_window': 9, 'max_window': 16, 'use_full_instance': False, 'max_partners': 5, 'homeostasis': 'mean', 'target': 0.91, 'spread': 0.095, 'learning_rate': 0.01}",ppo,100,64,0.01,,,,,,,
CountRecallMedium,filterbank+esn,3,416,38.50961538461539,-0.5335922200000001,0.13382513142205987,-0.5982781246528849,-0.5493427510288067,613.0,"{'decomposition': 'legendre', 'n_filters': 12, 'slowest': 0.0056263882716246225, 'input_scaling': 0.06344812061556386, 'bias_dist': 'foldnorm', 'bias_scaling': 0.24743237591527745, 'lr': 0.7604293811879814, 'sr': 1.3687477885807093, 'rc_connectivity': 0.0925705874783593, 'learning_rate': 0.0003}",ppo,100,linear,0.0003,,,,,,,
CountRecallMedium,filterbank+esn,4,416,38.50961538461539,-0.5429126,0.11658306393057269,-0.6093898015015942,-0.5631267644032921,614.0,"{'decomposition': 'legendre', 'n_filters': 12, 'slowest': 0.0056263882716246225, 'input_scaling': 0.06344812061556386, 'bias_dist': 'foldnorm', 'bias_scaling': 0.24743237591527745, 'lr': 0.7604293811879814, 'sr': 1.3687477885807093, 'rc_connectivity': 0.0925705874783593, 'learning_rate': 0.0003}",ppo,100,linear,0.0003,,,,,,,
CountRecallMedium,filterbank+esn,2,416,38.50961538461539,-0.51883492,0.11984153264521277,-0.6426489284171552,-0.5674817129629629,639.0,"{'decomposition': 'legendre', 'n_filters': 12, 'slowest': 0.0056263882716246225, 'input_scaling': 0.06344812061556386, 'bias_dist': 'foldnorm', 'bias_scaling': 0.24743237591527745, 'lr': 0.7604293811879814, 'sr': 1.3687477885807093, 'rc_connectivity': 0.0925705874783593, 'learning_rate': 0.0003}",ppo,100,linear,0.0003,,,,,,,
CountRecallMedium,filterbank+proj,8,416,0.0,-0.9223302200000001,0.03824804942754076,-0.9244890828962254,-0.9249072664609054,799.0,"{'decomposition': 'legendre', 'n_filters': 12, 'slowest': 0.029334592739296388, 'input_scaling': 0.049068279099124805, 'bias_dist': 'uniform', 'bias_scaling': 0.46763789100254544, 'lr': 0.2715862958761201, 'weight_increment': 0.1852507853053407, 'min_window': 9, 'max_window': 16, 'use_full_instance': False, 'max_partners': 5, 'homeostasis': 'mean', 'target': 0.91, 'spread': 0.095, 'learning_rate': 0.01}",ppo,100,64,0.01,,,,,,,
CountRecallMedium,filterbank+esn,1,416,38.50961538461539,-0.64271846,0.11335544536531272,-0.7241032632932223,-0.6708617788065843,684.0,"{'decomposition': 'legendre', 'n_filters': 12, 'slowest': 0.0056263882716246225, 'input_scaling': 0.06344812061556386, 'bias_dist': 'foldnorm', 'bias_scaling': 0.24743237591527745, 'lr': 0.7604293811879814, 'sr': 1.3687477885807093, 'rc_connectivity': 0.0925705874783593, 'learning_rate': 0.0003}",ppo,100,linear,0.0003,,,,,,,
CountRecallMedium,filterbank+esn,5,416,38.50961538461539,-0.5405825200000001,0.11524306051736738,-0.6036881703178031,-0.5569539248971194,624.0,"{'decomposition': 'legendre', 'n_filters': 12, 'slowest': 0.0056263882716246225, 'input_scaling': 0.06344812061556386, 'bias_dist': 'foldnorm', 'bias_scaling': 0.24743237591527745, 'lr': 0.7604293811879814, 'sr': 1.3687477885807093, 'rc_connectivity': 0.0925705874783593, 'learning_rate': 0.0003}",ppo,100,linear,0.0003,,,,,,,
CountRecallMedium,filterbank+esn,6,416,38.50961538461539,-0.5409708200000001,0.11459656232691974,-0.6136914736192532,-0.557912804526749,622.0,"{'decomposition': 'legendre', 'n_filters': 12, 'slowest': 0.0056263882716246225, 'input_scaling': 0.06344812061556386, 'bias_dist': 'foldnorm', 'bias_scaling': 0.24743237591527745, 'lr': 0.7604293811879814, 'sr': 1.3687477885807093, 'rc_connectivity': 0.0925705874783593, 'learning_rate': 0.0003}",ppo,100,linear,0.0003,,,,,,,
CountRecallMedium,filterbank+esn,7,416,38.50961538461539,-0.5394175,0.10267705150855277,-0.5983919558778155,-0.558572054526749,619.0,"{'decomposition': 'legendre', 'n_filters': 12, 'slowest': 0.0056263882716246225, 'input_scaling': 0.06344812061556386, 'bias_dist': 'foldnorm', 'bias_scaling': 0.24743237591527745, 'lr': 0.7604293811879814, 'sr': 1.3687477885807093, 'rc_connectivity': 0.0925705874783593, 'learning_rate': 0.0003}",ppo,100,linear,0.0003,,,,,,,
CountRecallMedium,filterbank+proj,9,416,0.0,-0.9234953199999998,0.04810058303448723,-0.924610897356783,-0.9239683487654321,778.0,"{'decomposition': 'legendre', 'n_filters': 12, 'slowest': 0.029334592739296388, 'input_scaling': 0.049068279099124805, 'bias_dist': 'uniform', 'bias_scaling': 0.46763789100254544, 'lr': 0.2715862958761201, 'weight_increment': 0.1852507853053407, 'min_window': 9, 'max_window': 16, 'use_full_instance': False, 'max_partners': 5, 'homeostasis': 'mean', 'target': 0.91, 'spread': 0.095, 'learning_rate': 0.01}",ppo,100,64,0.01,,,,,,,
CountRecallMedium,filterbank+esn,1,416,38.50961538461539,-0.6796115999999999,0.0892570432203532,-0.7600384724879153,-0.7116544187242798,615.0,"{'decomposition': 'legendre', 'n_filters': 12, 'slowest': 0.0056263882716246225, 'input_scaling': 0.06344812061556386, 'bias_dist': 'foldnorm', 'bias_scaling': 0.24743237591527745, 'lr': 0.7604293811879814, 'sr': 1.3687477885807093, 'rc_connectivity': 0.0925705874783593, 'learning_rate': 0.001}",ppo,100,linear,0.001,,,,,,,
CountRecallMedium,filterbank+esn,8,416,38.50961538461539,-0.54291262,0.1131696421505149,-0.6003251140594468,-0.5451276512345679,631.0,"{'decomposition': 'legendre', 'n_filters': 12, 'slowest': 0.0056263882716246225, 'input_scaling': 0.06344812061556386, 'bias_dist': 'foldnorm', 'bias_scaling': 0.24743237591527745, 'lr': 0.7604293811879814, 'sr': 1.3687477885807093, 'rc_connectivity': 0.0925705874783593, 'learning_rate': 0.0003}",ppo,100,linear,0.0003,,,,,,,
CountRecallMedium,filterbank+esn,9,416,38.50961538461539,-0.50834946,0.1248433464790511,-0.5848578391442971,-0.5303248220164609,642.0,"{'decomposition': 'legendre', 'n_filters': 12, 'slowest': 0.0056263882716246225, 'input_scaling': 0.06344812061556386, 'bias_dist': 'foldnorm', 'bias_scaling': 0.24743237591527745, 'lr': 0.7604293811879814, 'sr': 1.3687477885807093, 'rc_connectivity': 0.0925705874783593, 'learning_rate': 0.0003}",ppo,100,linear,0.0003,,,,,,,
CountRecallMedium,filterbank+esn,0,416,38.50961538461539,-0.63650482,0.12126457309646375,-0.7051650717885426,-0.650944859053498,659.0,"{'decomposition': 'legendre', 'n_filters': 12, 'slowest': 0.0056263882716246225, 'input_scaling': 0.06344812061556386, 'bias_dist': 'foldnorm', 'bias_scaling': 0.24743237591527745, 'lr': 0.7604293811879814, 'sr': 1.3687477885807093, 'rc_connectivity': 0.0925705874783593, 'learning_rate': 0.001}",ppo,100,linear,0.001,,,,,,,
CountRecallMedium,filterbank+esn,3,416,38.50961538461539,-0.56932038,0.1127344049404422,-0.6234511352463232,-0.5804866275720164,625.0,"{'decomposition': 'legendre', 'n_filters': 12, 'slowest': 0.0056263882716246225, 'input_scaling': 0.06344812061556386, 'bias_dist': 'foldnorm', 'bias_scaling': 0.24743237591527745, 'lr': 0.7604293811879814, 'sr': 1.3687477885807093, 'rc_connectivity': 0.0925705874783593, 'learning_rate': 0.001}",ppo,100,linear,0.001,,,,,,,
CountRecallMedium,filterbank+esn,2,416,38.50961538461539,-0.54330092,0.12380003101192505,-0.6446759413761184,-0.5824843096707819,637.0,"{'decomposition': 'legendre', 'n_filters': 12, 'slowest': 0.0056263882716246225, 'input_scaling': 0.06344812061556386, 'bias_dist': 'foldnorm', 'bias_scaling': 0.24743237591527745, 'lr': 0.7604293811879814, 'sr': 1.3687477885807093, 'rc_connectivity': 0.0925705874783593, 'learning_rate': 0.001}",ppo,100,linear,0.001,,,,,,,
CountRecallMedium,filterbank+esn,5,416,38.50961538461539,-0.57941744,0.10257199329098758,-0.6389104176694436,-0.5910743456790123,625.0,"{'decomposition': 'legendre', 'n_filters': 12, 'slowest': 0.0056263882716246225, 'input_scaling': 0.06344812061556386, 'bias_dist': 'foldnorm', 'bias_scaling': 0.24743237591527745, 'lr': 0.7604293811879814, 'sr': 1.3687477885807093, 'rc_connectivity': 0.0925705874783593, 'learning_rate': 0.001}",ppo,100,linear,0.001,,,,,,,
CountRecallMedium,filterbank+esn,6,416,38.50961538461539,-0.55766992,0.12220920735424808,-0.6417622183482464,-0.5862199598765432,635.0,"{'decomposition': 'legendre', 'n_filters': 12, 'slowest': 0.0056263882716246225, 'input_scaling': 0.06344812061556386, 'bias_dist': 'foldnorm', 'bias_scaling': 0.24743237591527745, 'lr': 0.7604293811879814, 'sr': 1.3687477885807093, 'rc_connectivity': 0.0925705874783593, 'learning_rate': 0.001}",ppo,100,linear,0.001,,,,,,,
CountRecallMedium,filterbank+esn,8,416,38.50961538461539,-0.5739806199999999,0.07991028825248724,-0.6272874876067057,-0.5712772860082305,625.0,"{'decomposition': 'legendre', 'n_filters': 12, 'slowest': 0.0056263882716246225, 'input_scaling': 0.06344812061556386, 'bias_dist': 'foldnorm', 'bias_scaling': 0.24743237591527745, 'lr': 0.7604293811879814, 'sr': 1.3687477885807093, 'rc_connectivity': 0.0925705874783593, 'learning_rate': 0.001}",ppo,100,linear,0.001,,,,,,,
CountRecallMedium,filterbank+esn,4,416,38.50961538461539,-0.5996116600000001,0.10354362577495729,-0.667482429291371,-0.6182028641975309,657.0,"{'decomposition': 'legendre', 'n_filters': 12, 'slowest': 0.0056263882716246225, 'input_scaling': 0.06344812061556386, 'bias_dist': 'foldnorm', 'bias_scaling': 0.24743237591527745, 'lr': 0.7604293811879814, 'sr': 1.3687477885807093, 'rc_connectivity': 0.0925705874783593, 'learning_rate': 0.001}",ppo,100,linear,0.001,,,,,,,
CountRecallMedium,filterbank+esn,7,416,38.50961538461539,-0.6120388400000001,0.11325494987988119,-0.6656531053172888,-0.6312477098765432,657.0,"{'decomposition': 'legendre', 'n_filters': 12, 'slowest': 0.0056263882716246225, 'input_scaling': 0.06344812061556386, 'bias_dist': 'foldnorm', 'bias_scaling': 0.24743237591527745, 'lr': 0.7604293811879814, 'sr': 1.3687477885807093, 'rc_connectivity': 0.0925705874783593, 'learning_rate': 0.001}",ppo,100,linear,0.001,,,,,,,
CountRecallMedium,filterbank+esn,0,416,38.50961538461539,-0.82718448,0.04869881712905971,-0.8645790151187904,-0.8275201162551441,621.0,"{'decomposition': 'legendre', 'n_filters': 12, 'slowest': 0.0056263882716246225, 'input_scaling': 0.06344812061556386, 'bias_dist': 'foldnorm', 'bias_scaling': 0.24743237591527745, 'lr': 0.7604293811879814, 'sr': 1.3687477885807093, 'rc_connectivity': 0.0925705874783593, 'learning_rate': 0.003}",ppo,100,linear,0.003,,,,,,,
CountRecallMedium,filterbank+esn,1,416,38.50961538461539,-0.7619416800000001,0.06588346965223978,-0.829865958860434,-0.7917615411522634,647.0,"{'decomposition': 'legendre', 'n_filters': 12, 'slowest': 0.0056263882716246225, 'input_scaling': 0.06344812061556386, 'bias_dist': 'foldnorm', 'bias_scaling': 0.24743237591527745, 'lr': 0.7604293811879814, 'sr': 1.3687477885807093, 'rc_connectivity': 0.0925705874783593, 'learning_rate': 0.003}",ppo,100,linear,0.003,,,,,,,
CountRecallMedium,filterbank+esn,9,416,38.50961538461539,-0.5479611999999999,0.09747796920063528,-0.6181369363365217,-0.5796475833333333,672.0,"{'decomposition': 'legendre', 'n_filters': 12, 'slowest': 0.0056263882716246225, 'input_scaling': 0.06344812061556386, 'bias_dist': 'foldnorm', 'bias_scaling': 0.24743237591527745, 'lr': 0.7604293811879814, 'sr': 1.3687477885807093, 'rc_connectivity': 0.0925705874783593, 'learning_rate': 0.001}",ppo,100,linear,0.001,,,,,,,
CountRecallMedium,filterbank+esn,2,416,38.50961538461539,-0.75262136,0.07618094191325281,-0.7516567764064589,-0.7045027006172839,644.0,"{'decomposition': 'legendre', 'n_filters': 12, 'slowest': 0.0056263882716246225, 'input_scaling': 0.06344812061556386, 'bias_dist': 'foldnorm', 'bias_scaling': 0.24743237591527745, 'lr': 0.7604293811879814, 'sr': 1.3687477885807093, 'rc_connectivity': 0.0925705874783593, 'learning_rate': 0.003}",ppo,100,linear,0.003,,,,,,,
CountRecallMedium,filterbank+esn,3,416,38.50961538461539,-0.60504854,0.10374162574978475,-0.6846851542733724,-0.616724554526749,652.0,"{'decomposition': 'legendre', 'n_filters': 12, 'slowest': 0.0056263882716246225, 'input_scaling': 0.06344812061556386, 'bias_dist': 'foldnorm', 'bias_scaling': 0.24743237591527745, 'lr': 0.7604293811879814, 'sr': 1.3687477885807093, 'rc_connectivity': 0.0925705874783593, 'learning_rate': 0.003}",ppo,100,linear,0.003,,,,,,,
CountRecallMedium,filterbank+esn,4,416,38.50961538461539,-0.7813592600000001,0.07488310491447585,-0.8041776715005657,-0.782192633744856,651.0,"{'decomposition': 'legendre', 'n_filters': 12, 'slowest': 0.0056263882716246225, 'input_scaling': 0.06344812061556386, 'bias_dist': 'foldnorm', 'bias_scaling': 0.24743237591527745, 'lr': 0.7604293811879814, 'sr': 1.3687477885807093, 'rc_connectivity': 0.0925705874783593, 'learning_rate': 0.003}",ppo,100,linear,0.003,,,,,,,
CountRecallMedium,filterbank+esn,6,416,38.50961538461539,-0.7417474800000001,0.06512825376201636,-0.8020408124035793,-0.7443165473251029,639.0,"{'decomposition': 'legendre', 'n_filters': 12, 'slowest': 0.0056263882716246225, 'input_scaling': 0.06344812061556386, 'bias_dist': 'foldnorm', 'bias_scaling': 0.24743237591527745, 'lr': 0.7604293811879814, 'sr': 1.3687477885807093, 'rc_connectivity': 0.0925705874783593, 'learning_rate': 0.003}",ppo,100,linear,0.003,,,,,,,
CountRecallMedium,filterbank+esn,5,416,38.50961538461539,-0.74213588,0.07389265059277275,-0.7749925173300422,-0.7322305596707819,661.0,"{'decomposition': 'legendre', 'n_filters': 12, 'slowest': 0.0056263882716246225, 'input_scaling': 0.06344812061556386, 'bias_dist': 'foldnorm', 'bias_scaling': 0.24743237591527745, 'lr': 0.7604293811879814, 'sr': 1.3687477885807093, 'rc_connectivity': 0.0925705874783593, 'learning_rate': 0.003}",ppo,100,linear,0.003,,,,,,,
CountRecallMedium,filterbank+esn,7,416,38.50961538461539,-0.7829125600000001,0.08235304713686312,-0.8224688263910316,-0.7849094969135801,678.0,"{'decomposition': 'legendre', 'n_filters': 12, 'slowest': 0.0056263882716246225, 'input_scaling': 0.06344812061556386, 'bias_dist': 'foldnorm', 'bias_scaling': 0.24743237591527745, 'lr': 0.7604293811879814, 'sr': 1.3687477885807093, 'rc_connectivity': 0.0925705874783593, 'learning_rate': 0.003}",ppo,100,linear,0.003,,,,,,,
CountRecallMedium,filterbank+esn,2,416,38.50961538461539,-0.9207768399999999,0.03880394918734948,-0.9274447415406768,-0.9200928281893005,620.0,"{'decomposition': 'legendre', 'n_filters': 12, 'slowest': 0.0056263882716246225, 'input_scaling': 0.06344812061556386, 'bias_dist': 'foldnorm', 'bias_scaling': 0.24743237591527745, 'lr': 0.7604293811879814, 'sr': 1.3687477885807093, 'rc_connectivity': 0.0925705874783593, 'learning_rate': 0.01}",ppo,100,linear,0.01,,,,,,,
CountRecallMedium,filterbank+esn,8,416,38.50961538461539,-0.6590290600000002,0.08063835530153378,-0.7168299213205801,-0.6870229814814814,674.0,"{'decomposition': 'legendre', 'n_filters': 12, 'slowest': 0.0056263882716246225, 'input_scaling': 0.06344812061556386, 'bias_dist': 'foldnorm', 'bias_scaling': 0.24743237591527745, 'lr': 0.7604293811879814, 'sr': 1.3687477885807093, 'rc_connectivity': 0.0925705874783593, 'learning_rate': 0.003}",ppo,100,linear,0.003,,,,,,,
CountRecallMedium,filterbank+esn,9,416,38.50961538461539,-0.7833009400000001,0.0666289383746762,-0.8008845055024169,-0.781393566872428,663.0,"{'decomposition': 'legendre', 'n_filters': 12, 'slowest': 0.0056263882716246225, 'input_scaling': 0.06344812061556386, 'bias_dist': 'foldnorm', 'bias_scaling': 0.24743237591527745, 'lr': 0.7604293811879814, 'sr': 1.3687477885807093, 'rc_connectivity': 0.0925705874783593, 'learning_rate': 0.003}",ppo,100,linear,0.003,,,,,,,
CountRecallMedium,filterbank+esn,1,416,38.50961538461539,-0.8345632199999998,0.0676264231709145,-0.8801681317494602,-0.8461185668724279,655.0,"{'decomposition': 'legendre', 'n_filters': 12, 'slowest': 0.0056263882716246225, 'input_scaling': 0.06344812061556386, 'bias_dist': 'foldnorm', 'bias_scaling': 0.24743237591527745, 'lr': 0.7604293811879814, 'sr': 1.3687477885807093, 'rc_connectivity': 0.0925705874783593, 'learning_rate': 0.01}",ppo,100,linear,0.01,,,,,,,
CountRecallMedium,filterbank+esn,0,416,38.50961538461539,-0.9009709799999999,0.04096122462255738,-0.9147034454386506,-0.9095850267489711,683.0,"{'decomposition': 'legendre', 'n_filters': 12, 'slowest': 0.0056263882716246225, 'input_scaling': 0.06344812061556386, 'bias_dist': 'foldnorm', 'bias_scaling': 0.24743237591527745, 'lr': 0.7604293811879814, 'sr': 1.3687477885807093, 'rc_connectivity': 0.0925705874783593, 'learning_rate': 0.01}",ppo,100,linear,0.01,,,,,,,
CountRecallMedium,filterbank+esn,3,416,38.50961538461539,-0.9293205400000001,0.0405002756302769,-0.94288603980253,-0.9252868148148148,659.0,"{'decomposition': 'legendre', 'n_filters': 12, 'slowest': 0.0056263882716246225, 'input_scaling': 0.06344812061556386, 'bias_dist': 'foldnorm', 'bias_scaling': 0.24743237591527745, 'lr': 0.7604293811879814, 'sr': 1.3687477885807093, 'rc_connectivity': 0.0925705874783593, 'learning_rate': 0.01}",ppo,100,linear,0.01,,,,,,,
CountRecallMedium,filterbank+esn,4,416,38.50961538461539,-0.87145644,0.05875388602336361,-0.8797427558366758,-0.8921452191358024,673.0,"{'decomposition': 'legendre', 'n_filters': 12, 'slowest': 0.0056263882716246225, 'input_scaling': 0.06344812061556386, 'bias_dist': 'foldnorm', 'bias_scaling': 0.24743237591527745, 'lr': 0.7604293811879814, 'sr': 1.3687477885807093, 'rc_connectivity': 0.0925705874783593, 'learning_rate': 0.01}",ppo,100,linear,0.01,,,,,,,
CountRecallMedium,filterbank+esn,9,416,38.50961538461539,-0.9238836,0.03919064552466571,-0.925092194795845,-0.9243878652263374,627.0,"{'decomposition': 'legendre', 'n_filters': 12, 'slowest': 0.0056263882716246225, 'input_scaling': 0.06344812061556386, 'bias_dist': 'foldnorm', 'bias_scaling': 0.24743237591527745, 'lr': 0.7604293811879814, 'sr': 1.3687477885807093, 'rc_connectivity': 0.0925705874783593, 'learning_rate': 0.01}",ppo,100,linear,0.01,,,,,,,
CountRecallMedium,filterbank+esn,5,416,38.50961538461539,-0.9533982400000002,0.03684207160872472,-0.9468203022729609,-0.9546128508230453,688.0,"{'decomposition': 'legendre', 'n_filters': 12, 'slowest': 0.0056263882716246225, 'input_scaling': 0.06344812061556386, 'bias_dist': 'foldnorm', 'bias_scaling': 0.24743237591527745, 'lr': 0.7604293811879814, 'sr': 1.3687477885807093, 'rc_connectivity': 0.0925705874783593, 'learning_rate': 0.01}",ppo,100,linear,0.01,,,,,,,
CountRecallMedium,filterbank+esn,7,416,38.50961538461539,-0.7677668999999999,0.07170917356552088,-0.8165475140388768,-0.791142269547325,664.0,"{'decomposition': 'legendre', 'n_filters': 12, 'slowest': 0.0056263882716246225, 'input_scaling': 0.06344812061556386, 'bias_dist': 'foldnorm', 'bias_scaling': 0.24743237591527745, 'lr': 0.7604293811879814, 'sr': 1.3687477885807093, 'rc_connectivity': 0.0925705874783593, 'learning_rate': 0.01}",ppo,100,linear,0.01,,,,,,,
CountRecallMedium,filterbank+esn,6,416,38.50961538461539,-0.89864092,0.05604776119091289,-0.8499005589838527,-0.8956012263374485,685.0,"{'decomposition': 'legendre', 'n_filters': 12, 'slowest': 0.0056263882716246225, 'input_scaling': 0.06344812061556386, 'bias_dist': 'foldnorm', 'bias_scaling': 0.24743237591527745, 'lr': 0.7604293811879814, 'sr': 1.3687477885807093, 'rc_connectivity': 0.0925705874783593, 'learning_rate': 0.01}",ppo,100,linear,0.01,,,,,,,
CountRecallMedium,filterbank+hag,1,416,4.954326923076923,-0.55456314,0.11522989355354105,-0.6419399532037436,-0.5965679495884774,637.0,"{'decomposition': 'legendre', 'n_filters': 12, 'slowest': 0.029334592739296388, 'input_scaling': 0.049068279099124805, 'bias_dist': 'uniform', 'bias_scaling': 0.46763789100254544, 'lr': 0.2715862958761201, 'weight_increment': 0.1852507853053407, 'min_window': 9, 'max_window': 16, 'use_full_instance': False, 'max_partners': 5, 'homeostasis': 'mean', 'target': 0.91, 'spread': 0.095, 'learning_rate': 0.0003}",ppo,100,linear,0.0003,,,,,,,
CountRecallMedium,filterbank+hag,2,416,4.961538461538462,-0.55029126,0.10255366658092922,-0.6331628568343104,-0.5848215895061728,644.0,"{'decomposition': 'legendre', 'n_filters': 12, 'slowest': 0.029334592739296388, 'input_scaling': 0.049068279099124805, 'bias_dist': 'uniform', 'bias_scaling': 0.46763789100254544, 'lr': 0.2715862958761201, 'weight_increment': 0.1852507853053407, 'min_window': 9, 'max_window': 16, 'use_full_instance': False, 'max_partners': 5, 'homeostasis': 'mean', 'target': 0.91, 'spread': 0.095, 'learning_rate': 0.0003}",ppo,100,linear,0.0003,,,,,,,
CountRecallMedium,filterbank+hag,0,416,4.8485576923076925,-0.58174756,0.10472548153246374,-0.6354654757790805,-0.5826241440329218,653.0,"{'decomposition': 'legendre', 'n_filters': 12, 'slowest': 0.029334592739296388, 'input_scaling': 0.049068279099124805, 'bias_dist': 'uniform', 'bias_scaling': 0.46763789100254544, 'lr': 0.2715862958761201, 'weight_increment': 0.1852507853053407, 'min_window': 9, 'max_window': 16, 'use_full_instance': False, 'max_partners': 5, 'homeostasis': 'mean', 'target': 0.91, 'spread': 0.095, 'learning_rate': 0.0003}",ppo,100,linear,0.0003,,,,,,,
CountRecallMedium,filterbank+esn,8,416,38.50961538461539,-0.87533996,0.0620254897592788,-0.8873196415715315,-0.8676536059670782,686.0,"{'decomposition': 'legendre', 'n_filters': 12, 'slowest': 0.0056263882716246225, 'input_scaling': 0.06344812061556386, 'bias_dist': 'foldnorm', 'bias_scaling': 0.24743237591527745, 'lr': 0.7604293811879814, 'sr': 1.3687477885807093, 'rc_connectivity': 0.0925705874783593, 'learning_rate': 0.01}",ppo,100,linear,0.01,,,,,,,
CountRecallMedium,filterbank+hag,4,416,4.913461538461538,-0.5949515000000001,0.09923906870366127,-0.6869558116836367,-0.6326261121399177,637.0,"{'decomposition': 'legendre', 'n_filters': 12, 'slowest': 0.029334592739296388, 'input_scaling': 0.049068279099124805, 'bias_dist': 'uniform', 'bias_scaling': 0.46763789100254544, 'lr': 0.2715862958761201, 'weight_increment': 0.1852507853053407, 'min_window': 9, 'max_window': 16, 'use_full_instance': False, 'max_partners': 5, 'homeostasis': 'mean', 'target': 0.91, 'spread': 0.095, 'learning_rate': 0.0003}",ppo,100,linear,0.0003,,,,,,,
CountRecallMedium,filterbank+hag,3,416,4.836538461538462,-0.61475726,0.1132462777540719,-0.6514060465905585,-0.615366133744856,666.0,"{'decomposition': 'legendre', 'n_filters': 12, 'slowest': 0.029334592739296388, 'input_scaling': 0.049068279099124805, 'bias_dist': 'uniform', 'bias_scaling': 0.46763789100254544, 'lr': 0.2715862958761201, 'weight_increment': 0.1852507853053407, 'min_window': 9, 'max_window': 16, 'use_full_instance': False, 'max_partners': 5, 'homeostasis': 'mean', 'target': 0.91, 'spread': 0.095, 'learning_rate': 0.0003}",ppo,100,linear,0.0003,,,,,,,
CountRecallMedium,filterbank+hag,5,416,4.923076923076923,-0.64737866,0.09796567826062555,-0.7124962891083,-0.6637699557613168,633.0,"{'decomposition': 'legendre', 'n_filters': 12, 'slowest': 0.029334592739296388, 'input_scaling': 0.049068279099124805, 'bias_dist': 'uniform', 'bias_scaling': 0.46763789100254544, 'lr': 0.2715862958761201, 'weight_increment': 0.1852507853053407, 'min_window': 9, 'max_window': 16, 'use_full_instance': False, 'max_partners': 5, 'homeostasis': 'mean', 'target': 0.91, 'spread': 0.095, 'learning_rate': 0.0003}",ppo,100,linear,0.0003,,,,,,,
CountRecallMedium,filterbank+hag,6,416,4.920673076923077,-0.53203882,0.10202951972888827,-0.6258635836675923,-0.5715370288065843,639.0,"{'decomposition': 'legendre', 'n_filters': 12, 'slowest': 0.029334592739296388, 'input_scaling': 0.049068279099124805, 'bias_dist': 'uniform', 'bias_scaling': 0.46763789100254544, 'lr': 0.2715862958761201, 'weight_increment': 0.1852507853053407, 'min_window': 9, 'max_window': 16, 'use_full_instance': False, 'max_partners': 5, 'homeostasis': 'mean', 'target': 0.91, 'spread': 0.095, 'learning_rate': 0.0003}",ppo,100,linear,0.0003,,,,,,,
CountRecallMedium,filterbank+hag,7,416,4.935096153846154,-0.57708744,0.12109331292225183,-0.6467968189859097,-0.5991649444444445,622.0,"{'decomposition': 'legendre', 'n_filters': 12, 'slowest': 0.029334592739296388, 'input_scaling': 0.049068279099124805, 'bias_dist': 'uniform', 'bias_scaling': 0.46763789100254544, 'lr': 0.2715862958761201, 'weight_increment': 0.1852507853053407, 'min_window': 9, 'max_window': 16, 'use_full_instance': False, 'max_partners': 5, 'homeostasis': 'mean', 'target': 0.91, 'spread': 0.095, 'learning_rate': 0.0003}",ppo,100,linear,0.0003,,,,,,,
CountRecallMedium,filterbank+hag,9,416,4.896634615384615,-0.6497086600000002,0.10104253050960474,-0.7243628649593747,-0.6866234537037037,649.0,"{'decomposition': 'legendre', 'n_filters': 12, 'slowest': 0.029334592739296388, 'input_scaling': 0.049068279099124805, 'bias_dist': 'uniform', 'bias_scaling': 0.46763789100254544, 'lr': 0.2715862958761201, 'weight_increment': 0.1852507853053407, 'min_window': 9, 'max_window': 16, 'use_full_instance': False, 'max_partners': 5, 'homeostasis': 'mean', 'target': 0.91, 'spread': 0.095, 'learning_rate': 0.0003}",ppo,100,linear,0.0003,,,,,,,
CountRecallMedium,filterbank+hag,8,416,4.877403846153846,-0.66019414,0.08746487311326988,-0.7145592615447908,-0.6709616306584362,657.0,"{'decomposition': 'legendre', 'n_filters': 12, 'slowest': 0.029334592739296388, 'input_scaling': 0.049068279099124805, 'bias_dist': 'uniform', 'bias_scaling': 0.46763789100254544, 'lr': 0.2715862958761201, 'weight_increment': 0.1852507853053407, 'min_window': 9, 'max_window': 16, 'use_full_instance': False, 'max_partners': 5, 'homeostasis': 'mean', 'target': 0.91, 'spread': 0.095, 'learning_rate': 0.0003}",ppo,100,linear,0.0003,,,,,,,
CountRecallMedium,filterbank+hag,3,416,4.836538461538462,-0.64582516,0.09276269324040996,-0.6907402621618842,-0.6378001183127572,638.0,"{'decomposition': 'legendre', 'n_filters': 12, 'slowest': 0.029334592739296388, 'input_scaling': 0.049068279099124805, 'bias_dist': 'uniform', 'bias_scaling': 0.46763789100254544, 'lr': 0.2715862958761201, 'weight_increment': 0.1852507853053407, 'min_window': 9, 'max_window': 16, 'use_full_instance': False, 'max_partners': 5, 'homeostasis': 'mean', 'target': 0.91, 'spread': 0.095, 'learning_rate': 0.001}",ppo,100,linear,0.001,,,,,,,
CountRecallMedium,filterbank+hag,1,416,4.954326923076923,-0.69475726,0.09607547807693907,-0.7734927267304329,-0.7207638477366255,656.0,"{'decomposition': 'legendre', 'n_filters': 12, 'slowest': 0.029334592739296388, 'input_scaling': 0.049068279099124805, 'bias_dist': 'uniform', 'bias_scaling': 0.46763789100254544, 'lr': 0.2715862958761201, 'weight_increment': 0.1852507853053407, 'min_window': 9, 'max_window': 16, 'use_full_instance': False, 'max_partners': 5, 'homeostasis': 'mean', 'target': 0.91, 'spread': 0.095, 'learning_rate': 0.001}",ppo,100,linear,0.001,,,,,,,
CountRecallMedium,filterbank+hag,4,416,4.913461538461538,-0.6928154999999999,0.09366311474177015,-0.7262061591072714,-0.7069998117283951,645.0,"{'decomposition': 'legendre', 'n_filters': 12, 'slowest': 0.029334592739296388, 'input_scaling': 0.049068279099124805, 'bias_dist': 'uniform', 'bias_scaling': 0.46763789100254544, 'lr': 0.2715862958761201, 'weight_increment': 0.1852507853053407, 'min_window': 9, 'max_window': 16, 'use_full_instance': False, 'max_partners': 5, 'homeostasis': 'mean', 'target': 0.91, 'spread': 0.095, 'learning_rate': 0.001}",ppo,100,linear,0.001,,,,,,,
CountRecallMedium,filterbank+hag,0,416,4.8485576923076925,-0.6648543399999999,0.08716775913068088,-0.7228650597552195,-0.683487077160494,666.0,"{'decomposition': 'legendre', 'n_filters': 12, 'slowest': 0.029334592739296388, 'input_scaling': 0.049068279099124805, 'bias_dist': 'uniform', 'bias_scaling': 0.46763789100254544, 'lr': 0.2715862958761201, 'weight_increment': 0.1852507853053407, 'min_window': 9, 'max_window': 16, 'use_full_instance': False, 'max_partners': 5, 'homeostasis': 'mean', 'target': 0.91, 'spread': 0.095, 'learning_rate': 0.001}",ppo,100,linear,0.001,,,,,,,
CountRecallMedium,filterbank+hag,2,416,4.961538461538462,-0.6605824800000001,0.10305823940554001,-0.6976481024375193,-0.654320927983539,651.0,"{'decomposition': 'legendre', 'n_filters': 12, 'slowest': 0.029334592739296388, 'input_scaling': 0.049068279099124805, 'bias_dist': 'uniform', 'bias_scaling': 0.46763789100254544, 'lr': 0.2715862958761201, 'weight_increment': 0.1852507853053407, 'min_window': 9, 'max_window': 16, 'use_full_instance': False, 'max_partners': 5, 'homeostasis': 'mean', 'target': 0.91, 'spread': 0.095, 'learning_rate': 0.001}",ppo,100,linear,0.001,,,,,,,
CountRecallMedium,filterbank+hag,6,416,4.920673076923077,-0.5813591800000001,0.10436119417267896,-0.6369892351126195,-0.5763114732510287,626.0,"{'decomposition': 'legendre', 'n_filters': 12, 'slowest': 0.029334592739296388, 'input_scaling': 0.049068279099124805, 'bias_dist': 'uniform', 'bias_scaling': 0.46763789100254544, 'lr': 0.2715862958761201, 'weight_increment': 0.1852507853053407, 'min_window': 9, 'max_window': 16, 'use_full_instance': False, 'max_partners': 5, 'homeostasis': 'mean', 'target': 0.91, 'spread': 0.095, 'learning_rate': 0.001}",ppo,100,linear,0.001,,,,,,,
CountRecallMedium,filterbank+hag,5,416,4.923076923076923,-0.6702911999999999,0.09904737716486996,-0.6866163103980253,-0.6576770226337448,639.0,"{'decomposition': 'legendre', 'n_filters': 12, 'slowest': 0.029334592739296388, 'input_scaling': 0.049068279099124805, 'bias_dist': 'uniform', 'bias_scaling': 0.46763789100254544, 'lr': 0.2715862958761201, 'weight_increment': 0.1852507853053407, 'min_window': 9, 'max_window': 16, 'use_full_instance': False, 'max_partners': 5, 'homeostasis': 'mean', 'target': 0.91, 'spread': 0.095, 'learning_rate': 0.001}",ppo,100,linear,0.001,,,,,,,
CountRecallMedium,filterbank+hag,7,416,4.935096153846154,-0.6784464999999998,0.07719860299234696,-0.7109106269669855,-0.6602141049382716,646.0,"{'decomposition': 'legendre', 'n_filters': 12, 'slowest': 0.029334592739296388, 'input_scaling': 0.049068279099124805, 'bias_dist': 'uniform', 'bias_scaling': 0.46763789100254544, 'lr': 0.2715862958761201, 'weight_increment': 0.1852507853053407, 'min_window': 9, 'max_window': 16, 'use_full_instance': False, 'max_partners': 5, 'homeostasis': 'mean', 'target': 0.91, 'spread': 0.095, 'learning_rate': 0.001}",ppo,100,linear,0.001,,,,,,,
CountRecallMedium,filterbank+hag,8,416,4.877403846153846,-0.8337864400000001,0.07988684371538532,-0.8060249596832253,-0.7685684218106994,644.0,"{'decomposition': 'legendre', 'n_filters': 12, 'slowest': 0.029334592739296388, 'input_scaling': 0.049068279099124805, 'bias_dist': 'uniform', 'bias_scaling': 0.46763789100254544, 'lr': 0.2715862958761201, 'weight_increment': 0.1852507853053407, 'min_window': 9, 'max_window': 16, 'use_full_instance': False, 'max_partners': 5, 'homeostasis': 'mean', 'target': 0.91, 'spread': 0.095, 'learning_rate': 0.001}",ppo,100,linear,0.001,,,,,,,
CountRecallMedium,filterbank+hag,2,416,4.961538461538462,-0.92233018,0.04578574733809203,-0.9177629579347939,-0.9234489495884773,632.0,"{'decomposition': 'legendre', 'n_filters': 12, 'slowest': 0.029334592739296388, 'input_scaling': 0.049068279099124805, 'bias_dist': 'uniform', 'bias_scaling': 0.46763789100254544, 'lr': 0.2715862958761201, 'weight_increment': 0.1852507853053407, 'min_window': 9, 'max_window': 16, 'use_full_instance': False, 'max_partners': 5, 'homeostasis': 'mean', 'target': 0.91, 'spread': 0.095, 'learning_rate': 0.003}",ppo,100,linear,0.003,,,,,,,
CountRecallMedium,filterbank+hag,1,416,4.954326923076923,-0.94135932,0.030204046707313918,-0.9249583910315745,-0.9237885545267489,649.0,"{'decomposition': 'legendre', 'n_filters': 12, 'slowest': 0.029334592739296388, 'input_scaling': 0.049068279099124805, 'bias_dist': 'uniform', 'bias_scaling': 0.46763789100254544, 'lr': 0.2715862958761201, 'weight_increment': 0.1852507853053407, 'min_window': 9, 'max_window': 16, 'use_full_instance': False, 'max_partners': 5, 'homeostasis': 'mean', 'target': 0.91, 'spread': 0.095, 'learning_rate': 0.003}",ppo,100,linear,0.003,,,,,,,
CountRecallMedium,filterbank+hag,4,416,4.913461538461538,-0.91961176,0.0432465782251313,-0.9211519846755117,-0.925027146090535,636.0,"{'decomposition': 'legendre', 'n_filters': 12, 'slowest': 0.029334592739296388, 'input_scaling': 0.049068279099124805, 'bias_dist': 'uniform', 'bias_scaling': 0.46763789100254544, 'lr': 0.2715862958761201, 'weight_increment': 0.1852507853053407, 'min_window': 9, 'max_window': 16, 'use_full_instance': False, 'max_partners': 5, 'homeostasis': 'mean', 'target': 0.91, 'spread': 0.095, 'learning_rate': 0.003}",ppo,100,linear,0.003,,,,,,,
CountRecallMedium,filterbank+hag,9,416,4.896634615384615,-0.7304853,0.08030867092045539,-0.7392010679831327,-0.7281153333333333,673.0,"{'decomposition': 'legendre', 'n_filters': 12, 'slowest': 0.029334592739296388, 'input_scaling': 0.049068279099124805, 'bias_dist': 'uniform', 'bias_scaling': 0.46763789100254544, 'lr': 0.2715862958761201, 'weight_increment': 0.1852507853053407, 'min_window': 9, 'max_window': 16, 'use_full_instance': False, 'max_partners': 5, 'homeostasis': 'mean', 'target': 0.91, 'spread': 0.095, 'learning_rate': 0.001}",ppo,100,linear,0.001,,,,,,,
CountRecallMedium,filterbank+hag,0,416,4.8485576923076925,-0.9304855800000001,0.035399585997629976,-0.9263982794405019,-0.92650541563786,675.0,"{'decomposition': 'legendre', 'n_filters': 12, 'slowest': 0.029334592739296388, 'input_scaling': 0.049068279099124805, 'bias_dist': 'uniform', 'bias_scaling': 0.46763789100254544, 'lr': 0.2715862958761201, 'weight_increment': 0.1852507853053407, 'min_window': 9, 'max_window': 16, 'use_full_instance': False, 'max_partners': 5, 'homeostasis': 'mean', 'target': 0.91, 'spread': 0.095, 'learning_rate': 0.003}",ppo,100,linear,0.003,,,,,,,
CountRecallMedium,filterbank+hag,3,416,4.836538461538462,-0.8827185200000001,0.04707850751212915,-0.9002706316980356,-0.8943227139917694,665.0,"{'decomposition': 'legendre', 'n_filters': 12, 'slowest': 0.029334592739296388, 'input_scaling': 0.049068279099124805, 'bias_dist': 'uniform', 'bias_scaling': 0.46763789100254544, 'lr': 0.2715862958761201, 'weight_increment': 0.1852507853053407, 'min_window': 9, 'max_window': 16, 'use_full_instance': False, 'max_partners': 5, 'homeostasis': 'mean', 'target': 0.91, 'spread': 0.095, 'learning_rate': 0.003}",ppo,100,linear,0.003,,,,,,,
CountRecallMedium,filterbank+hag,7,416,4.935096153846154,-0.92543706,0.045015168802709164,-0.9181184326853852,-0.923049420781893,641.0,"{'decomposition': 'legendre', 'n_filters': 12, 'slowest': 0.029334592739296388, 'input_scaling': 0.049068279099124805, 'bias_dist': 'uniform', 'bias_scaling': 0.46763789100254544, 'lr': 0.2715862958761201, 'weight_increment': 0.1852507853053407, 'min_window': 9, 'max_window': 16, 'use_full_instance': False, 'max_partners': 5, 'homeostasis': 'mean', 'target': 0.91, 'spread': 0.095, 'learning_rate': 0.003}",ppo,100,linear,0.003,,,,,,,
CountRecallMedium,filterbank+hag,6,416,4.920673076923077,-0.9141748999999999,0.042201671998749066,-0.8949164868867633,-0.8716689567901234,657.0,"{'decomposition': 'legendre', 'n_filters': 12, 'slowest': 0.029334592739296388, 'input_scaling': 0.049068279099124805, 'bias_dist': 'uniform', 'bias_scaling': 0.46763789100254544, 'lr': 0.2715862958761201, 'weight_increment': 0.1852507853053407, 'min_window': 9, 'max_window': 16, 'use_full_instance': False, 'max_partners': 5, 'homeostasis': 'mean', 'target': 0.91, 'spread': 0.095, 'learning_rate': 0.003}",ppo,100,linear,0.003,,,,,,,
CountRecallMedium,filterbank+hag,5,416,4.923076923076923,-0.9281554799999998,0.04276266285452299,-0.9277762458089068,-0.9251469845679011,673.0,"{'decomposition': 'legendre', 'n_filters': 12, 'slowest': 0.029334592739296388, 'input_scaling': 0.049068279099124805, 'bias_dist': 'uniform', 'bias_scaling': 0.46763789100254544, 'lr': 0.2715862958761201, 'weight_increment': 0.1852507853053407, 'min_window': 9, 'max_window': 16, 'use_full_instance': False, 'max_partners': 5, 'homeostasis': 'mean', 'target': 0.91, 'spread': 0.095, 'learning_rate': 0.003}",ppo,100,linear,0.003,,,,,,,
CountRecallMedium,filterbank+hag,8,416,4.877403846153846,-0.9238837,0.05105582473146429,-0.9204589913606911,-0.9224301183127572,632.0,"{'decomposition': 'legendre', 'n_filters': 12, 'slowest': 0.029334592739296388, 'input_scaling': 0.049068279099124805, 'bias_dist': 'uniform', 'bias_scaling': 0.46763789100254544, 'lr': 0.2715862958761201, 'weight_increment': 0.1852507853053407, 'min_window': 9, 'max_window': 16, 'use_full_instance': False, 'max_partners': 5, 'homeostasis': 'mean', 'target': 0.91, 'spread': 0.095, 'learning_rate': 0.003}",ppo,100,linear,0.003,,,,,,,
CountRecallMedium,filterbank+hag,9,416,4.896634615384615,-0.9234953199999998,0.04810058303448723,-0.9209243097809319,-0.9239683487654321,649.0,"{'decomposition': 'legendre', 'n_filters': 12, 'slowest': 0.029334592739296388, 'input_scaling': 0.049068279099124805, 'bias_dist': 'uniform', 'bias_scaling': 0.46763789100254544, 'lr': 0.2715862958761201, 'weight_increment': 0.1852507853053407, 'min_window': 9, 'max_window': 16, 'use_full_instance': False, 'max_partners': 5, 'homeostasis': 'mean', 'target': 0.91, 'spread': 0.095, 'learning_rate': 0.003}",ppo,100,linear,0.003,,,,,,,
CountRecallMedium,filterbank+hag,0,416,4.8485576923076925,-0.9836894200000001,0.02276398405647833,-0.9815951606500051,-0.9828000936213992,666.0,"{'decomposition': 'legendre', 'n_filters': 12, 'slowest': 0.029334592739296388, 'input_scaling': 0.049068279099124805, 'bias_dist': 'uniform', 'bias_scaling': 0.46763789100254544, 'lr': 0.2715862958761201, 'weight_increment': 0.1852507853053407, 'min_window': 9, 'max_window': 16, 'use_full_instance': False, 'max_partners': 5, 'homeostasis': 'mean', 'target': 0.91, 'spread': 0.095, 'learning_rate': 0.01}",ppo,100,linear,0.01,,,,,,,
CountRecallMedium,filterbank+hag,1,416,4.954326923076923,-0.9165049800000001,0.0366882430451446,-0.9094890970893755,-0.909025663580247,678.0,"{'decomposition': 'legendre', 'n_filters': 12, 'slowest': 0.029334592739296388, 'input_scaling': 0.049068279099124805, 'bias_dist': 'uniform', 'bias_scaling': 0.46763789100254544, 'lr': 0.2715862958761201, 'weight_increment': 0.1852507853053407, 'min_window': 9, 'max_window': 16, 'use_full_instance': False, 'max_partners': 5, 'homeostasis': 'mean', 'target': 0.91, 'spread': 0.095, 'learning_rate': 0.01}",ppo,100,linear,0.01,,,,,,,
CountRecallMedium,filterbank+hag,3,416,4.836538461538462,-0.9192234400000001,0.05538042594172061,-0.9029307253933971,-0.9228096934156378,662.0,"{'decomposition': 'legendre', 'n_filters': 12, 'slowest': 0.029334592739296388, 'input_scaling': 0.049068279099124805, 'bias_dist': 'uniform', 'bias_scaling': 0.46763789100254544, 'lr': 0.2715862958761201, 'weight_increment': 0.1852507853053407, 'min_window': 9, 'max_window': 16, 'use_full_instance': False, 'max_partners': 5, 'homeostasis': 'mean', 'target': 0.91, 'spread': 0.095, 'learning_rate': 0.01}",ppo,100,linear,0.01,,,,,,,
CountRecallMedium,filterbank+hag,4,416,4.913461538461538,-0.9324273200000001,0.04397800502953267,-0.9223801757687957,-0.9235887849794238,667.0,"{'decomposition': 'legendre', 'n_filters': 12, 'slowest': 0.029334592739296388, 'input_scaling': 0.049068279099124805, 'bias_dist': 'uniform', 'bias_scaling': 0.46763789100254544, 'lr': 0.2715862958761201, 'weight_increment': 0.1852507853053407, 'min_window': 9, 'max_window': 16, 'use_full_instance': False, 'max_partners': 5, 'homeostasis': 'mean', 'target': 0.91, 'spread': 0.095, 'learning_rate': 0.01}",ppo,100,linear,0.01,,,,,,,
CountRecallMedium,filterbank+hag,2,416,4.961538461538462,-0.9200001400000001,0.05596017432603656,-0.9238979470328088,-0.9263455956790123,688.0,"{'decomposition': 'legendre', 'n_filters': 12, 'slowest': 0.029334592739296388, 'input_scaling': 0.049068279099124805, 'bias_dist': 'uniform', 'bias_scaling': 0.46763789100254544, 'lr': 0.2715862958761201, 'weight_increment': 0.1852507853053407, 'min_window': 9, 'max_window': 16, 'use_full_instance': False, 'max_partners': 5, 'homeostasis': 'mean', 'target': 0.91, 'spread': 0.095, 'learning_rate': 0.01}",ppo,100,linear,0.01,,,,,,,
CountRecallMedium,filterbank+hag,6,416,4.920673076923077,-0.92854388,0.03417476045542384,-0.9235504547979018,-0.9226898323045267,650.0,"{'decomposition': 'legendre', 'n_filters': 12, 'slowest': 0.029334592739296388, 'input_scaling': 0.049068279099124805, 'bias_dist': 'uniform', 'bias_scaling': 0.46763789100254544, 'lr': 0.2715862958761201, 'weight_increment': 0.1852507853053407, 'min_window': 9, 'max_window': 16, 'use_full_instance': False, 'max_partners': 5, 'homeostasis': 'mean', 'target': 0.91, 'spread': 0.095, 'learning_rate': 0.01}",ppo,100,linear,0.01,,,,,,,
CountRecallMedium,filterbank+hag,5,416,4.923076923076923,-0.9227186199999999,0.03590719840304448,-0.9244611253728273,-0.9232691718106996,669.0,"{'decomposition': 'legendre', 'n_filters': 12, 'slowest': 0.029334592739296388, 'input_scaling': 0.049068279099124805, 'bias_dist': 'uniform', 'bias_scaling': 0.46763789100254544, 'lr': 0.2715862958761201, 'weight_increment': 0.1852507853053407, 'min_window': 9, 'max_window': 16, 'use_full_instance': False, 'max_partners': 5, 'homeostasis': 'mean', 'target': 0.91, 'spread': 0.095, 'learning_rate': 0.01}",ppo,100,linear,0.01,,,,,,,
CountRecallMedium,filterbank+hag,8,416,4.877403846153846,-0.9246603800000002,0.03797900637715,-0.9251541051115909,-0.9256464074074073,662.0,"{'decomposition': 'legendre', 'n_filters': 12, 'slowest': 0.029334592739296388, 'input_scaling': 0.049068279099124805, 'bias_dist': 'uniform', 'bias_scaling': 0.46763789100254544, 'lr': 0.2715862958761201, 'weight_increment': 0.1852507853053407, 'min_window': 9, 'max_window': 16, 'use_full_instance': False, 'max_partners': 5, 'homeostasis': 'mean', 'target': 0.91, 'spread': 0.095, 'learning_rate': 0.01}",ppo,100,linear,0.01,,,,,,,
CountRecallMedium,filterbank+proj,1,416,0.0,-0.9180583600000002,0.05509783898475876,-0.9238959509410676,-0.923229218106996,632.0,"{'decomposition': 'legendre', 'n_filters': 12, 'slowest': 0.029334592739296388, 'input_scaling': 0.049068279099124805, 'bias_dist': 'uniform', 'bias_scaling': 0.46763789100254544, 'lr': 0.2715862958761201, 'weight_increment': 0.1852507853053407, 'min_window': 9, 'max_window': 16, 'use_full_instance': False, 'max_partners': 5, 'homeostasis': 'mean', 'target': 0.91, 'spread': 0.095, 'learning_rate': 0.0003}",ppo,100,linear,0.0003,,,,,,,
CountRecallMedium,filterbank+hag,9,416,4.896634615384615,-0.93203898,0.0366882726835102,-0.9229972719325311,-0.9230294320987654,671.0,"{'decomposition': 'legendre', 'n_filters': 12, 'slowest': 0.029334592739296388, 'input_scaling': 0.049068279099124805, 'bias_dist': 'uniform', 'bias_scaling': 0.46763789100254544, 'lr': 0.2715862958761201, 'weight_increment': 0.1852507853053407, 'min_window': 9, 'max_window': 16, 'use_full_instance': False, 'max_partners': 5, 'homeostasis': 'mean', 'target': 0.91, 'spread': 0.095, 'learning_rate': 0.01}",ppo,100,linear,0.01,,,,,,,
CountRecallMedium,filterbank+hag,7,416,4.935096153846154,-0.9320389599999999,0.03522015774806241,-0.925723273269567,-0.9261258539094649,697.0,"{'decomposition': 'legendre', 'n_filters': 12, 'slowest': 0.029334592739296388, 'input_scaling': 0.049068279099124805, 'bias_dist': 'uniform', 'bias_scaling': 0.46763789100254544, 'lr': 0.2715862958761201, 'weight_increment': 0.1852507853053407, 'min_window': 9, 'max_window': 16, 'use_full_instance': False, 'max_partners': 5, 'homeostasis': 'mean', 'target': 0.91, 'spread': 0.095, 'learning_rate': 0.01}",ppo,100,linear,0.01,,,,,,,
CountRecallMedium,filterbank+proj,0,416,0.0,-0.9130098199999999,0.043806228829101464,-0.9249064677568651,-0.9261258539094651,661.0,"{'decomposition': 'legendre', 'n_filters': 12, 'slowest': 0.029334592739296388, 'input_scaling': 0.049068279099124805, 'bias_dist': 'uniform', 'bias_scaling': 0.46763789100254544, 'lr': 0.2715862958761201, 'weight_increment': 0.1852507853053407, 'min_window': 9, 'max_window': 16, 'use_full_instance': False, 'max_partners': 5, 'homeostasis': 'mean', 'target': 0.91, 'spread': 0.095, 'learning_rate': 0.0003}",ppo,100,linear,0.0003,,,,,,,
CountRecallMedium,filterbank+proj,5,416,0.0,-0.9289322,0.03914639579782538,-0.9247287273475264,-0.926525390946502,616.0,"{'decomposition': 'legendre', 'n_filters': 12, 'slowest': 0.029334592739296388, 'input_scaling': 0.049068279099124805, 'bias_dist': 'uniform', 'bias_scaling': 0.46763789100254544, 'lr': 0.2715862958761201, 'weight_increment': 0.1852507853053407, 'min_window': 9, 'max_window': 16, 'use_full_instance': False, 'max_partners': 5, 'homeostasis': 'mean', 'target': 0.91, 'spread': 0.095, 'learning_rate': 0.0003}",ppo,100,linear,0.0003,,,,,,,
CountRecallMedium,filterbank+proj,3,416,0.0,-0.9227185399999999,0.04486910087898354,-0.9236762704926462,-0.9247274681069958,632.0,"{'decomposition': 'legendre', 'n_filters': 12, 'slowest': 0.029334592739296388, 'input_scaling': 0.049068279099124805, 'bias_dist': 'uniform', 'bias_scaling': 0.46763789100254544, 'lr': 0.2715862958761201, 'weight_increment': 0.1852507853053407, 'min_window': 9, 'max_window': 16, 'use_full_instance': False, 'max_partners': 5, 'homeostasis': 'mean', 'target': 0.91, 'spread': 0.095, 'learning_rate': 0.0003}",ppo,100,linear,0.0003,,,,,,,
CountRecallMedium,filterbank+proj,4,416,0.0,-0.9122331799999998,0.051114850196665944,-0.9248225921012034,-0.9267251563786008,631.0,"{'decomposition': 'legendre', 'n_filters': 12, 'slowest': 0.029334592739296388, 'input_scaling': 0.049068279099124805, 'bias_dist': 'uniform', 'bias_scaling': 0.46763789100254544, 'lr': 0.2715862958761201, 'weight_increment': 0.1852507853053407, 'min_window': 9, 'max_window': 16, 'use_full_instance': False, 'max_partners': 5, 'homeostasis': 'mean', 'target': 0.91, 'spread': 0.095, 'learning_rate': 0.0003}",ppo,100,linear,0.0003,,,,,,,
CountRecallMedium,filterbank+proj,2,416,0.0,-0.9110680799999998,0.03943039828043334,-0.9199677162398437,-0.9170763323045268,657.0,"{'decomposition': 'legendre', 'n_filters': 12, 'slowest': 0.029334592739296388, 'input_scaling': 0.049068279099124805, 'bias_dist': 'uniform', 'bias_scaling': 0.46763789100254544, 'lr': 0.2715862958761201, 'weight_increment': 0.1852507853053407, 'min_window': 9, 'max_window': 16, 'use_full_instance': False, 'max_partners': 5, 'homeostasis': 'mean', 'target': 0.91, 'spread': 0.095, 'learning_rate': 0.0003}",ppo,100,linear,0.0003,,,,,,,
CountRecallMedium,filterbank+proj,7,416,0.0,-0.9269904999999998,0.033757392965837886,-0.9236822689499126,-0.923768586419753,635.0,"{'decomposition': 'legendre', 'n_filters': 12, 'slowest': 0.029334592739296388, 'input_scaling': 0.049068279099124805, 'bias_dist': 'uniform', 'bias_scaling': 0.46763789100254544, 'lr': 0.2715862958761201, 'weight_increment': 0.1852507853053407, 'min_window': 9, 'max_window': 16, 'use_full_instance': False, 'max_partners': 5, 'homeostasis': 'mean', 'target': 0.91, 'spread': 0.095, 'learning_rate': 0.0003}",ppo,100,linear,0.0003,,,,,,,
CountRecallMedium,filterbank+proj,9,416,0.0,-0.94601962,0.02642208885602348,-0.9415160937982103,-0.944164945473251,620.0,"{'decomposition': 'legendre', 'n_filters': 12, 'slowest': 0.029334592739296388, 'input_scaling': 0.049068279099124805, 'bias_dist': 'uniform', 'bias_scaling': 0.46763789100254544, 'lr': 0.2715862958761201, 'weight_increment': 0.1852507853053407, 'min_window': 9, 'max_window': 16, 'use_full_instance': False, 'max_partners': 5, 'homeostasis': 'mean', 'target': 0.91, 'spread': 0.095, 'learning_rate': 0.0003}",ppo,100,linear,0.0003,,,,,,,
CountRecallMedium,filterbank+proj,8,416,0.0,-0.92233026,0.040171226694145155,-0.923560440090507,-0.9222103868312758,638.0,"{'decomposition': 'legendre', 'n_filters': 12, 'slowest': 0.029334592739296388, 'input_scaling': 0.049068279099124805, 'bias_dist': 'uniform', 'bias_scaling': 0.46763789100254544, 'lr': 0.2715862958761201, 'weight_increment': 0.1852507853053407, 'min_window': 9, 'max_window': 16, 'use_full_instance': False, 'max_partners': 5, 'homeostasis': 'mean', 'target': 0.91, 'spread': 0.095, 'learning_rate': 0.0003}",ppo,100,linear,0.0003,,,,,,,
CountRecallMedium,filterbank+proj,6,416,0.0,-0.9293205400000001,0.039748495950518686,-0.9237801237272448,-0.9236087602880658,675.0,"{'decomposition': 'legendre', 'n_filters': 12, 'slowest': 0.029334592739296388, 'input_scaling': 0.049068279099124805, 'bias_dist': 'uniform', 'bias_scaling': 0.46763789100254544, 'lr': 0.2715862958761201, 'weight_increment': 0.1852507853053407, 'min_window': 9, 'max_window': 16, 'use_full_instance': False, 'max_partners': 5, 'homeostasis': 'mean', 'target': 0.91, 'spread': 0.095, 'learning_rate': 0.0003}",ppo,100,linear,0.0003,,,,,,,
CountRecallMedium,filterbank+proj,1,416,0.0,-0.9269904200000001,0.041747176777401376,-0.9242454381363777,-0.9237885545267488,631.0,"{'decomposition': 'legendre', 'n_filters': 12, 'slowest': 0.029334592739296388, 'input_scaling': 0.049068279099124805, 'bias_dist': 'uniform', 'bias_scaling': 0.46763789100254544, 'lr': 0.2715862958761201, 'weight_increment': 0.1852507853053407, 'min_window': 9, 'max_window': 16, 'use_full_instance': False, 'max_partners': 5, 'homeostasis': 'mean', 'target': 0.91, 'spread': 0.095, 'learning_rate': 0.001}",ppo,100,linear,0.001,,,,,,,
CountRecallMedium,filterbank+proj,3,416,0.0,-0.9343691599999999,0.03599109976055747,-0.9243313135863417,-0.9248473518518517,614.0,"{'decomposition': 'legendre', 'n_filters': 12, 'slowest': 0.029334592739296388, 'input_scaling': 0.049068279099124805, 'bias_dist': 'uniform', 'bias_scaling': 0.46763789100254544, 'lr': 0.2715862958761201, 'weight_increment': 0.1852507853053407, 'min_window': 9, 'max_window': 16, 'use_full_instance': False, 'max_partners': 5, 'homeostasis': 'mean', 'target': 0.91, 'spread': 0.095, 'learning_rate': 0.001}",ppo,100,linear,0.001,,,,,,,
CountRecallMedium,filterbank+proj,0,416,0.0,-0.9238837,0.049556953231711096,-0.9244970732284274,-0.9241281820987653,668.0,"{'decomposition': 'legendre', 'n_filters': 12, 'slowest': 0.029334592739296388, 'input_scaling': 0.049068279099124805, 'bias_dist': 'uniform', 'bias_scaling': 0.46763789100254544, 'lr': 0.2715862958761201, 'weight_increment': 0.1852507853053407, 'min_window': 9, 'max_window': 16, 'use_full_instance': False, 'max_partners': 5, 'homeostasis': 'mean', 'target': 0.91, 'spread': 0.095, 'learning_rate': 0.001}",ppo,100,linear,0.001,,,,,,,
CountRecallMedium,filterbank+proj,2,416,0.0,-0.91805844,0.0318565705324098,-0.9233227899825157,-0.9210916738683128,659.0,"{'decomposition': 'legendre', 'n_filters': 12, 'slowest': 0.029334592739296388, 'input_scaling': 0.049068279099124805, 'bias_dist': 'uniform', 'bias_scaling': 0.46763789100254544, 'lr': 0.2715862958761201, 'weight_increment': 0.1852507853053407, 'min_window': 9, 'max_window': 16, 'use_full_instance': False, 'max_partners': 5, 'homeostasis': 'mean', 'target': 0.91, 'spread': 0.095, 'learning_rate': 0.001}",ppo,100,linear,0.001,,,,,,,
CountRecallMedium,filterbank+proj,4,416,0.0,-0.91805838,0.036901498868143555,-0.9243113377558367,-0.926105883744856,627.0,"{'decomposition': 'legendre', 'n_filters': 12, 'slowest': 0.029334592739296388, 'input_scaling': 0.049068279099124805, 'bias_dist': 'uniform', 'bias_scaling': 0.46763789100254544, 'lr': 0.2715862958761201, 'weight_increment': 0.1852507853053407, 'min_window': 9, 'max_window': 16, 'use_full_instance': False, 'max_partners': 5, 'homeostasis': 'mean', 'target': 0.91, 'spread': 0.095, 'learning_rate': 0.001}",ppo,100,linear,0.001,,,,,,,
CountRecallMedium,filterbank+proj,5,416,0.0,-0.9254370199999999,0.04079714647104134,-0.9247846475367685,-0.9262856666666668,629.0,"{'decomposition': 'legendre', 'n_filters': 12, 'slowest': 0.029334592739296388, 'input_scaling': 0.049068279099124805, 'bias_dist': 'uniform', 'bias_scaling': 0.46763789100254544, 'lr': 0.2715862958761201, 'weight_increment': 0.1852507853053407, 'min_window': 9, 'max_window': 16, 'use_full_instance': False, 'max_partners': 5, 'homeostasis': 'mean', 'target': 0.91, 'spread': 0.095, 'learning_rate': 0.001}",ppo,100,linear,0.001,,,,,,,
CountRecallMedium,filterbank+proj,6,416,0.0,-0.9184467599999999,0.04393676574330889,-0.9237681368919058,-0.9223701862139917,636.0,"{'decomposition': 'legendre', 'n_filters': 12, 'slowest': 0.029334592739296388, 'input_scaling': 0.049068279099124805, 'bias_dist': 'uniform', 'bias_scaling': 0.46763789100254544, 'lr': 0.2715862958761201, 'weight_increment': 0.1852507853053407, 'min_window': 9, 'max_window': 16, 'use_full_instance': False, 'max_partners': 5, 'homeostasis': 'mean', 'target': 0.91, 'spread': 0.095, 'learning_rate': 0.001}",ppo,100,linear,0.001,,,,,,,
CountRecallMedium,filterbank+proj,7,416,0.0,-0.93941762,0.04176156849778995,-0.9449470521443998,-0.943565640946502,636.0,"{'decomposition': 'legendre', 'n_filters': 12, 'slowest': 0.029334592739296388, 'input_scaling': 0.049068279099124805, 'bias_dist': 'uniform', 'bias_scaling': 0.46763789100254544, 'lr': 0.2715862958761201, 'weight_increment': 0.1852507853053407, 'min_window': 9, 'max_window': 16, 'use_full_instance': False, 'max_partners': 5, 'homeostasis': 'mean', 'target': 0.91, 'spread': 0.095, 'learning_rate': 0.001}",ppo,100,linear,0.001,,,,,,,
CountRecallMedium,filterbank+proj,0,416,0.0,-0.9285438599999999,0.046348850258451944,-0.9239658475779082,-0.9215911049382717,610.0,"{'decomposition': 'legendre', 'n_filters': 12, 'slowest': 0.029334592739296388, 'input_scaling': 0.049068279099124805, 'bias_dist': 'uniform', 'bias_scaling': 0.46763789100254544, 'lr': 0.2715862958761201, 'weight_increment': 0.1852507853053407, 'min_window': 9, 'max_window': 16, 'use_full_instance': False, 'max_partners': 5, 'homeostasis': 'mean', 'target': 0.91, 'spread': 0.095, 'learning_rate': 0.003}",ppo,100,linear,0.003,,,,,,,
CountRecallMedium,filterbank+proj,8,416,0.0,-0.92233026,0.040171226694145155,-0.922482021906819,-0.9222103868312758,634.0,"{'decomposition': 'legendre', 'n_filters': 12, 'slowest': 0.029334592739296388, 'input_scaling': 0.049068279099124805, 'bias_dist': 'uniform', 'bias_scaling': 0.46763789100254544, 'lr': 0.2715862958761201, 'weight_increment': 0.1852507853053407, 'min_window': 9, 'max_window': 16, 'use_full_instance': False, 'max_partners': 5, 'homeostasis': 'mean', 'target': 0.91, 'spread': 0.095, 'learning_rate': 0.001}",ppo,100,linear,0.001,,,,,,,
CountRecallMedium,filterbank+proj,2,416,0.0,-0.91805844,0.0318565705324098,-0.9235923973053584,-0.9210916738683128,642.0,"{'decomposition': 'legendre', 'n_filters': 12, 'slowest': 0.029334592739296388, 'input_scaling': 0.049068279099124805, 'bias_dist': 'uniform', 'bias_scaling': 0.46763789100254544, 'lr': 0.2715862958761201, 'weight_increment': 0.1852507853053407, 'min_window': 9, 'max_window': 16, 'use_full_instance': False, 'max_partners': 5, 'homeostasis': 'mean', 'target': 0.91, 'spread': 0.095, 'learning_rate': 0.003}",ppo,100,linear,0.003,,,,,,,
CountRecallMedium,filterbank+proj,1,416,0.0,-0.923107,0.03784368980688856,-0.9248665244266172,-0.9258062294238684,657.0,"{'decomposition': 'legendre', 'n_filters': 12, 'slowest': 0.029334592739296388, 'input_scaling': 0.049068279099124805, 'bias_dist': 'uniform', 'bias_scaling': 0.46763789100254544, 'lr': 0.2715862958761201, 'weight_increment': 0.1852507853053407, 'min_window': 9, 'max_window': 16, 'use_full_instance': False, 'max_partners': 5, 'homeostasis': 'mean', 'target': 0.91, 'spread': 0.095, 'learning_rate': 0.003}",ppo,100,linear,0.003,,,,,,,
CountRecallMedium,filterbank+proj,9,416,0.0,-0.94601962,0.02642208885602348,-0.9408350934896637,-0.944164945473251,669.0,"{'decomposition': 'legendre', 'n_filters': 12, 'slowest': 0.029334592739296388, 'input_scaling': 0.049068279099124805, 'bias_dist': 'uniform', 'bias_scaling': 0.46763789100254544, 'lr': 0.2715862958761201, 'weight_increment': 0.1852507853053407, 'min_window': 9, 'max_window': 16, 'use_full_instance': False, 'max_partners': 5, 'homeostasis': 'mean', 'target': 0.91, 'spread': 0.095, 'learning_rate': 0.001}",ppo,100,linear,0.001,,,,,,,
CountRecallMedium,filterbank+proj,4,416,0.0,-0.9192234200000001,0.052154717090246036,-0.923748169392163,-0.9245476841563786,630.0,"{'decomposition': 'legendre', 'n_filters': 12, 'slowest': 0.029334592739296388, 'input_scaling': 0.049068279099124805, 'bias_dist': 'uniform', 'bias_scaling': 0.46763789100254544, 'lr': 0.2715862958761201, 'weight_increment': 0.1852507853053407, 'min_window': 9, 'max_window': 16, 'use_full_instance': False, 'max_partners': 5, 'homeostasis': 'mean', 'target': 0.91, 'spread': 0.095, 'learning_rate': 0.003}",ppo,100,linear,0.003,,,,,,,
CountRecallMedium,filterbank+proj,3,416,0.0,-0.9176700599999998,0.04351596486551116,-0.9247167477116116,-0.9248273477366254,657.0,"{'decomposition': 'legendre', 'n_filters': 12, 'slowest': 0.029334592739296388, 'input_scaling': 0.049068279099124805, 'bias_dist': 'uniform', 'bias_scaling': 0.46763789100254544, 'lr': 0.2715862958761201, 'weight_increment': 0.1852507853053407, 'min_window': 9, 'max_window': 16, 'use_full_instance': False, 'max_partners': 5, 'homeostasis': 'mean', 'target': 0.91, 'spread': 0.095, 'learning_rate': 0.003}",ppo,100,linear,0.003,,,,,,,
CountRecallMedium,filterbank+proj,5,416,0.0,-0.9056312000000001,0.04595181793531134,-0.9246109046590558,-0.924867329218107,635.0,"{'decomposition': 'legendre', 'n_filters': 12, 'slowest': 0.029334592739296388, 'input_scaling': 0.049068279099124805, 'bias_dist': 'uniform', 'bias_scaling': 0.46763789100254544, 'lr': 0.2715862958761201, 'weight_increment': 0.1852507853053407, 'min_window': 9, 'max_window': 16, 'use_full_instance': False, 'max_partners': 5, 'homeostasis': 'mean', 'target': 0.91, 'spread': 0.095, 'learning_rate': 0.003}",ppo,100,linear,0.003,,,,,,,
CountRecallMedium,filterbank+proj,6,416,0.0,-0.9304856000000001,0.043260527868254225,-0.9249683825979635,-0.9267651152263373,626.0,"{'decomposition': 'legendre', 'n_filters': 12, 'slowest': 0.029334592739296388, 'input_scaling': 0.049068279099124805, 'bias_dist': 'uniform', 'bias_scaling': 0.46763789100254544, 'lr': 0.2715862958761201, 'weight_increment': 0.1852507853053407, 'min_window': 9, 'max_window': 16, 'use_full_instance': False, 'max_partners': 5, 'homeostasis': 'mean', 'target': 0.91, 'spread': 0.095, 'learning_rate': 0.003}",ppo,100,linear,0.003,,,,,,,
CountRecallMedium,filterbank+proj,7,416,0.0,-0.92038852,0.037501430273652235,-0.9255934597346498,-0.9242280504115227,630.0,"{'decomposition': 'legendre', 'n_filters': 12, 'slowest': 0.029334592739296388, 'input_scaling': 0.049068279099124805, 'bias_dist': 'uniform', 'bias_scaling': 0.46763789100254544, 'lr': 0.2715862958761201, 'weight_increment': 0.1852507853053407, 'min_window': 9, 'max_window': 16, 'use_full_instance': False, 'max_partners': 5, 'homeostasis': 'mean', 'target': 0.91, 'spread': 0.095, 'learning_rate': 0.003}",ppo,100,linear,0.003,,,,,,,
CountRecallMedium,filterbank+proj,8,416,0.0,-0.92660212,0.0400378091691541,-0.9243452920909184,-0.9233690298353908,643.0,"{'decomposition': 'legendre', 'n_filters': 12, 'slowest': 0.029334592739296388, 'input_scaling': 0.049068279099124805, 'bias_dist': 'uniform', 'bias_scaling': 0.46763789100254544, 'lr': 0.2715862958761201, 'weight_increment': 0.1852507853053407, 'min_window': 9, 'max_window': 16, 'use_full_instance': False, 'max_partners': 5, 'homeostasis': 'mean', 'target': 0.91, 'spread': 0.095, 'learning_rate': 0.003}",ppo,100,linear,0.003,,,,,,,
CountRecallMedium,filterbank+proj,9,416,0.0,-0.9335924200000001,0.03865785342208748,-0.9245110508073638,-0.9234889074074074,640.0,"{'decomposition': 'legendre', 'n_filters': 12, 'slowest': 0.029334592739296388, 'input_scaling': 0.049068279099124805, 'bias_dist': 'uniform', 'bias_scaling': 0.46763789100254544, 'lr': 0.2715862958761201, 'weight_increment': 0.1852507853053407, 'min_window': 9, 'max_window': 16, 'use_full_instance': False, 'max_partners': 5, 'homeostasis': 'mean', 'target': 0.91, 'spread': 0.095, 'learning_rate': 0.003}",ppo,100,linear,0.003,,,,,,,
CountRecallMedium,filterbank+proj,0,416,0.0,-0.92194194,0.04007534602541069,-0.9236003835236041,-0.9243878693415638,645.0,"{'decomposition': 'legendre', 'n_filters': 12, 'slowest': 0.029334592739296388, 'input_scaling': 0.049068279099124805, 'bias_dist': 'uniform', 'bias_scaling': 0.46763789100254544, 'lr': 0.2715862958761201, 'weight_increment': 0.1852507853053407, 'min_window': 9, 'max_window': 16, 'use_full_instance': False, 'max_partners': 5, 'homeostasis': 'mean', 'target': 0.91, 'spread': 0.095, 'learning_rate': 0.01}",ppo,100,linear,0.01,,,,,,,
CountRecallMedium,filterbank+proj,1,416,0.0,-0.9196117400000002,0.0394151614939277,-0.9246069073331274,-0.9245676502057613,643.0,"{'decomposition': 'legendre', 'n_filters': 12, 'slowest': 0.029334592739296388, 'input_scaling': 0.049068279099124805, 'bias_dist': 'uniform', 'bias_scaling': 0.46763789100254544, 'lr': 0.2715862958761201, 'weight_increment': 0.1852507853053407, 'min_window': 9, 'max_window': 16, 'use_full_instance': False, 'max_partners': 5, 'homeostasis': 'mean', 'target': 0.91, 'spread': 0.095, 'learning_rate': 0.01}",ppo,100,linear,0.01,,,,,,,
CountRecallMedium,filterbank+proj,2,416,0.0,-0.9200001400000001,0.05596017432603656,-0.9238560082279133,-0.9263455956790123,632.0,"{'decomposition': 'legendre', 'n_filters': 12, 'slowest': 0.029334592739296388, 'input_scaling': 0.049068279099124805, 'bias_dist': 'uniform', 'bias_scaling': 0.46763789100254544, 'lr': 0.2715862958761201, 'weight_increment': 0.1852507853053407, 'min_window': 9, 'max_window': 16, 'use_full_instance': False, 'max_partners': 5, 'homeostasis': 'mean', 'target': 0.91, 'spread': 0.095, 'learning_rate': 0.01}",ppo,100,linear,0.01,,,,,,,
CountRecallMedium,filterbank+proj,3,416,0.0,-0.9343691599999999,0.03599109976055747,-0.9246049112413862,-0.9248473518518517,648.0,"{'decomposition': 'legendre', 'n_filters': 12, 'slowest': 0.029334592739296388, 'input_scaling': 0.049068279099124805, 'bias_dist': 'uniform', 'bias_scaling': 0.46763789100254544, 'lr': 0.2715862958761201, 'weight_increment': 0.1852507853053407, 'min_window': 9, 'max_window': 16, 'use_full_instance': False, 'max_partners': 5, 'homeostasis': 'mean', 'target': 0.91, 'spread': 0.095, 'learning_rate': 0.01}",ppo,100,linear,0.01,,,,,,,
CountRecallMedium,filterbank+proj,7,416,0.0,-0.92932054,0.042676156105352324,-0.9246168962254449,-0.9243279248971193,626.0,"{'decomposition': 'legendre', 'n_filters': 12, 'slowest': 0.029334592739296388, 'input_scaling': 0.049068279099124805, 'bias_dist': 'uniform', 'bias_scaling': 0.46763789100254544, 'lr': 0.2715862958761201, 'weight_increment': 0.1852507853053407, 'min_window': 9, 'max_window': 16, 'use_full_instance': False, 'max_partners': 5, 'homeostasis': 'mean', 'target': 0.91, 'spread': 0.095, 'learning_rate': 0.01}",ppo,100,linear,0.01,,,,,,,
CountRecallMedium,filterbank+proj,4,416,0.0,-0.9269904999999998,0.043861164866542256,-0.9240477293016557,-0.9232691738683128,666.0,"{'decomposition': 'legendre', 'n_filters': 12, 'slowest': 0.029334592739296388, 'input_scaling': 0.049068279099124805, 'bias_dist': 'uniform', 'bias_scaling': 0.46763789100254544, 'lr': 0.2715862958761201, 'weight_increment': 0.1852507853053407, 'min_window': 9, 'max_window': 16, 'use_full_instance': False, 'max_partners': 5, 'homeostasis': 'mean', 'target': 0.91, 'spread': 0.095, 'learning_rate': 0.01}",ppo,100,linear,0.01,,,,,,,
CountRecallMedium,filterbank+esn,0,416,38.50961538461539,-0.88310694,0.057665649728901876,-0.8863574685826122,-0.8690221979381444,569.0,"{'decomposition': 'legendre', 'n_filters': 12, 'slowest': 0.0056263882716246225, 'input_scaling': 0.06344812061556386, 'bias_dist': 'foldnorm', 'bias_scaling': 0.24743237591527745, 'lr': 0.7604293811879814, 'sr': 1.3687477885807093, 'rc_connectivity': 0.0925705874783593, 'learning_rate': 0.0001}",dqn,100,linear,0.0001,,,,,,,
CountRecallMedium,filterbank+proj,6,416,0.0,-0.9246603400000001,0.043874971153317024,-0.9243512801604444,-0.9244078456790122,669.0,"{'decomposition': 'legendre', 'n_filters': 12, 'slowest': 0.029334592739296388, 'input_scaling': 0.049068279099124805, 'bias_dist': 'uniform', 'bias_scaling': 0.46763789100254544, 'lr': 0.2715862958761201, 'weight_increment': 0.1852507853053407, 'min_window': 9, 'max_window': 16, 'use_full_instance': False, 'max_partners': 5, 'homeostasis': 'mean', 'target': 0.91, 'spread': 0.095, 'learning_rate': 0.01}",ppo,100,linear,0.01,,,,,,,
CountRecallMedium,filterbank+proj,5,416,0.0,-0.95067982,0.02751812371924365,-0.9433813542116631,-0.9409886481481482,688.0,"{'decomposition': 'legendre', 'n_filters': 12, 'slowest': 0.029334592739296388, 'input_scaling': 0.049068279099124805, 'bias_dist': 'uniform', 'bias_scaling': 0.46763789100254544, 'lr': 0.2715862958761201, 'weight_increment': 0.1852507853053407, 'min_window': 9, 'max_window': 16, 'use_full_instance': False, 'max_partners': 5, 'homeostasis': 'mean', 'target': 0.91, 'spread': 0.095, 'learning_rate': 0.01}",ppo,100,linear,0.01,,,,,,,
CountRecallMedium,filterbank+esn,2,416,38.50961538461539,-0.8772816,0.06468569646714797,-0.8899557526782036,-0.8827746072164949,583.0,"{'decomposition': 'legendre', 'n_filters': 12, 'slowest': 0.0056263882716246225, 'input_scaling': 0.06344812061556386, 'bias_dist': 'foldnorm', 'bias_scaling': 0.24743237591527745, 'lr': 0.7604293811879814, 'sr': 1.3687477885807093, 'rc_connectivity': 0.0925705874783593, 'learning_rate': 0.0001}",dqn,100,linear,0.0001,,,,,,,
CountRecallMedium,filterbank+proj,9,416,0.0,-0.9114565,0.04167488121698729,-0.92534981610614,-0.9250271183127573,632.0,"{'decomposition': 'legendre', 'n_filters': 12, 'slowest': 0.029334592739296388, 'input_scaling': 0.049068279099124805, 'bias_dist': 'uniform', 'bias_scaling': 0.46763789100254544, 'lr': 0.2715862958761201, 'weight_increment': 0.1852507853053407, 'min_window': 9, 'max_window': 16, 'use_full_instance': False, 'max_partners': 5, 'homeostasis': 'mean', 'target': 0.91, 'spread': 0.095, 'learning_rate': 0.01}",ppo,100,linear,0.01,,,,,,,
CountRecallMedium,filterbank+esn,1,416,38.50961538461539,-0.86174762,0.06811523922879226,-0.8891376873712402,-0.8689020917525774,615.0,"{'decomposition': 'legendre', 'n_filters': 12, 'slowest': 0.0056263882716246225, 'input_scaling': 0.06344812061556386, 'bias_dist': 'foldnorm', 'bias_scaling': 0.24743237591527745, 'lr': 0.7604293811879814, 'sr': 1.3687477885807093, 'rc_connectivity': 0.0925705874783593, 'learning_rate': 0.0001}",dqn,100,linear,0.0001,,,,,,,
CountRecallMedium,filterbank+proj,8,416,0.0,-0.9250487599999999,0.03538249273500103,-0.9251940442250332,-0.9252069002057614,689.0,"{'decomposition': 'legendre', 'n_filters': 12, 'slowest': 0.029334592739296388, 'input_scaling': 0.049068279099124805, 'bias_dist': 'uniform', 'bias_scaling': 0.46763789100254544, 'lr': 0.2715862958761201, 'weight_increment': 0.1852507853053407, 'min_window': 9, 'max_window': 16, 'use_full_instance': False, 'max_partners': 5, 'homeostasis': 'mean', 'target': 0.91, 'spread': 0.095, 'learning_rate': 0.01}",ppo,100,linear,0.01,,,,,,,
CountRecallMedium,filterbank+esn,3,416,38.50961538461539,-0.82019418,0.06519312909860671,-0.8659398923568192,-0.8426384257731959,601.0,"{'decomposition': 'legendre', 'n_filters': 12, 'slowest': 0.0056263882716246225, 'input_scaling': 0.06344812061556386, 'bias_dist': 'foldnorm', 'bias_scaling': 0.24743237591527745, 'lr': 0.7604293811879814, 'sr': 1.3687477885807093, 'rc_connectivity': 0.0925705874783593, 'learning_rate': 0.0001}",dqn,100,linear,0.0001,,,,,,,
CountRecallMedium,filterbank+esn,4,416,38.50961538461539,-0.8093204199999999,0.06552528930026635,-0.8683520791100126,-0.8600541226804123,623.0,"{'decomposition': 'legendre', 'n_filters': 12, 'slowest': 0.0056263882716246225, 'input_scaling': 0.06344812061556386, 'bias_dist': 'foldnorm', 'bias_scaling': 0.24743237591527745, 'lr': 0.7604293811879814, 'sr': 1.3687477885807093, 'rc_connectivity': 0.0925705874783593, 'learning_rate': 0.0001}",dqn,100,linear,0.0001,,,,,,,
CountRecallMedium,filterbank+esn,8,416,38.50961538461539,-0.8598058399999999,0.045668637847152846,-0.86181157447466,-0.8329096515463916,588.0,"{'decomposition': 'legendre', 'n_filters': 12, 'slowest': 0.0056263882716246225, 'input_scaling': 0.06344812061556386, 'bias_dist': 'foldnorm', 'bias_scaling': 0.24743237591527745, 'lr': 0.7604293811879814, 'sr': 1.3687477885807093, 'rc_connectivity': 0.0925705874783593, 'learning_rate': 0.0001}",dqn,100,linear,0.0001,,,,,,,
CountRecallMedium,filterbank+esn,5,416,38.50961538461539,-0.7627184,0.0727874167699335,-0.8756326447259991,-0.8522671288659794,615.0,"{'decomposition': 'legendre', 'n_filters': 12, 'slowest': 0.0056263882716246225, 'input_scaling': 0.06344812061556386, 'bias_dist': 'foldnorm', 'bias_scaling': 0.24743237591527745, 'lr': 0.7604293811879814, 'sr': 1.3687477885807093, 'rc_connectivity': 0.0925705874783593, 'learning_rate': 0.0001}",dqn,100,linear,0.0001,,,,,,,
CountRecallMedium,filterbank+esn,9,416,38.50961538461539,-0.8341748400000002,0.0537005515771896,-0.8731164487021014,-0.850325349484536,601.0,"{'decomposition': 'legendre', 'n_filters': 12, 'slowest': 0.0056263882716246225, 'input_scaling': 0.06344812061556386, 'bias_dist': 'foldnorm', 'bias_scaling': 0.24743237591527745, 'lr': 0.7604293811879814, 'sr': 1.3687477885807093, 'rc_connectivity': 0.0925705874783593, 'learning_rate': 0.0001}",dqn,100,linear,0.0001,,,,,,,
CountRecallMedium,filterbank+esn,1,416,38.50961538461539,-0.9021361199999999,0.03744309024246797,-0.9120674616810878,-0.9060756144329896,566.0,"{'decomposition': 'legendre', 'n_filters': 12, 'slowest': 0.0056263882716246225, 'input_scaling': 0.06344812061556386, 'bias_dist': 'foldnorm', 'bias_scaling': 0.24743237591527745, 'lr': 0.7604293811879814, 'sr': 1.3687477885807093, 'rc_connectivity': 0.0925705874783593, 'learning_rate': 0.0003}",dqn,100,linear,0.0003,,,,,,,
CountRecallMedium,filterbank+esn,0,416,38.50961538461539,-0.87300982,0.04915510109874255,-0.9014266321590441,-0.8876590010309278,577.0,"{'decomposition': 'legendre', 'n_filters': 12, 'slowest': 0.0056263882716246225, 'input_scaling': 0.06344812061556386, 'bias_dist': 'foldnorm', 'bias_scaling': 0.24743237591527745, 'lr': 0.7604293811879814, 'sr': 1.3687477885807093, 'rc_connectivity': 0.0925705874783593, 'learning_rate': 0.0003}",dqn,100,linear,0.0003,,,,,,,
CountRecallMedium,filterbank+esn,7,416,38.50961538461539,-0.8256311199999999,0.06375211305757324,-0.8693481602801812,-0.8521269907216493,626.0,"{'decomposition': 'legendre', 'n_filters': 12, 'slowest': 0.0056263882716246225, 'input_scaling': 0.06344812061556386, 'bias_dist': 'foldnorm', 'bias_scaling': 0.24743237591527745, 'lr': 0.7604293811879814, 'sr': 1.3687477885807093, 'rc_connectivity': 0.0925705874783593, 'learning_rate': 0.0001}",dqn,100,linear,0.0001,,,,,,,
CountRecallMedium,filterbank+esn,6,416,38.50961538461539,-0.8671845,0.0463358877075858,-0.8779628229295428,-0.8573717082474226,642.0,"{'decomposition': 'legendre', 'n_filters': 12, 'slowest': 0.0056263882716246225, 'input_scaling': 0.06344812061556386, 'bias_dist': 'foldnorm', 'bias_scaling': 0.24743237591527745, 'lr': 0.7604293811879814, 'sr': 1.3687477885807093, 'rc_connectivity': 0.0925705874783593, 'learning_rate': 0.0001}",dqn,100,linear,0.0001,,,,,,,
CountRecallMedium,filterbank+esn,2,416,38.50961538461539,-0.8862136599999999,0.04562251662484656,-0.9020526855170993,-0.894625286597938,588.0,"{'decomposition': 'legendre', 'n_filters': 12, 'slowest': 0.0056263882716246225, 'input_scaling': 0.06344812061556386, 'bias_dist': 'foldnorm', 'bias_scaling': 0.24743237591527745, 'lr': 0.7604293811879814, 'sr': 1.3687477885807093, 'rc_connectivity': 0.0925705874783593, 'learning_rate': 0.0003}",dqn,100,linear,0.0003,,,,,,,
CountRecallMedium,filterbank+esn,6,416,38.50961538461539,-0.8753399399999999,0.042557603041247526,-0.904266854552946,-0.8989691896907216,576.0,"{'decomposition': 'legendre', 'n_filters': 12, 'slowest': 0.0056263882716246225, 'input_scaling': 0.06344812061556386, 'bias_dist': 'foldnorm', 'bias_scaling': 0.24743237591527745, 'lr': 0.7604293811879814, 'sr': 1.3687477885807093, 'rc_connectivity': 0.0925705874783593, 'learning_rate': 0.0003}",dqn,100,linear,0.0003,,,,,,,
CountRecallMedium,filterbank+esn,5,416,38.50961538461539,-0.8508738799999999,0.058824453596999955,-0.9113253980222497,-0.9035332989690721,586.0,"{'decomposition': 'legendre', 'n_filters': 12, 'slowest': 0.0056263882716246225, 'input_scaling': 0.06344812061556386, 'bias_dist': 'foldnorm', 'bias_scaling': 0.24743237591527745, 'lr': 0.7604293811879814, 'sr': 1.3687477885807093, 'rc_connectivity': 0.0925705874783593, 'learning_rate': 0.0003}",dqn,100,linear,0.0003,,,,,,,
CountRecallMedium,filterbank+esn,9,416,38.50961538461539,-0.8858253400000001,0.055418479990923614,-0.8911738459002885,-0.8779702793814433,560.0,"{'decomposition': 'legendre', 'n_filters': 12, 'slowest': 0.0056263882716246225, 'input_scaling': 0.06344812061556386, 'bias_dist': 'foldnorm', 'bias_scaling': 0.24743237591527745, 'lr': 0.7604293811879814, 'sr': 1.3687477885807093, 'rc_connectivity': 0.0925705874783593, 'learning_rate': 0.0003}",dqn,100,linear,0.0003,,,,,,,
CountRecallMedium,filterbank+esn,4,416,38.50961538461539,-0.8431068399999999,0.0616290454326075,-0.8856934180057685,-0.8793114762886597,616.0,"{'decomposition': 'legendre', 'n_filters': 12, 'slowest': 0.0056263882716246225, 'input_scaling': 0.06344812061556386, 'bias_dist': 'foldnorm', 'bias_scaling': 0.24743237591527745, 'lr': 0.7604293811879814, 'sr': 1.3687477885807093, 'rc_connectivity': 0.0925705874783593, 'learning_rate': 0.0003}",dqn,100,linear,0.0003,,,,,,,
CountRecallMedium,filterbank+esn,8,416,38.50961538461539,-0.90019428,0.04578745882577019,-0.8919719043057274,-0.8715845020618556,579.0,"{'decomposition': 'legendre', 'n_filters': 12, 'slowest': 0.0056263882716246225, 'input_scaling': 0.06344812061556386, 'bias_dist': 'foldnorm', 'bias_scaling': 0.24743237591527745, 'lr': 0.7604293811879814, 'sr': 1.3687477885807093, 'rc_connectivity': 0.0925705874783593, 'learning_rate': 0.0003}",dqn,100,linear,0.0003,,,,,,,
CountRecallMedium,filterbank+esn,3,416,38.50961538461539,-0.8500970999999999,0.053816989855342154,-0.8824571737742067,-0.8666000422680411,636.0,"{'decomposition': 'legendre', 'n_filters': 12, 'slowest': 0.0056263882716246225, 'input_scaling': 0.06344812061556386, 'bias_dist': 'foldnorm', 'bias_scaling': 0.24743237591527745, 'lr': 0.7604293811879814, 'sr': 1.3687477885807093, 'rc_connectivity': 0.0925705874783593, 'learning_rate': 0.0003}",dqn,100,linear,0.0003,,,,,,,
CountRecallMedium,filterbank+esn,7,416,38.50961538461539,-0.8889321799999997,0.05628256643035746,-0.8993704780593327,-0.8949856103092784,590.0,"{'decomposition': 'legendre', 'n_filters': 12, 'slowest': 0.0056263882716246225, 'input_scaling': 0.06344812061556386, 'bias_dist': 'foldnorm', 'bias_scaling': 0.24743237591527745, 'lr': 0.7604293811879814, 'sr': 1.3687477885807093, 'rc_connectivity': 0.0925705874783593, 'learning_rate': 0.0003}",dqn,100,linear,0.0003,,,,,,,
CountRecallMedium,filterbank+esn,2,416,38.50961538461539,-0.8772817200000002,0.0540127781733323,-0.9074430998145858,-0.8982485494845361,588.0,"{'decomposition': 'legendre', 'n_filters': 12, 'slowest': 0.0056263882716246225, 'input_scaling': 0.06344812061556386, 'bias_dist': 'foldnorm', 'bias_scaling': 0.24743237591527745, 'lr': 0.7604293811879814, 'sr': 1.3687477885807093, 'rc_connectivity': 0.0925705874783593, 'learning_rate': 0.001}",dqn,100,linear,0.001,,,,,,,
CountRecallMedium,filterbank+esn,0,416,38.50961538461539,-0.9227186200000002,0.04063600166300321,-0.9179899071899464,-0.9128817278350514,629.0,"{'decomposition': 'legendre', 'n_filters': 12, 'slowest': 0.0056263882716246225, 'input_scaling': 0.06344812061556386, 'bias_dist': 'foldnorm', 'bias_scaling': 0.24743237591527745, 'lr': 0.7604293811879814, 'sr': 1.3687477885807093, 'rc_connectivity': 0.0925705874783593, 'learning_rate': 0.001}",dqn,100,linear,0.001,,,,,,,
CountRecallMedium,filterbank+esn,1,416,38.50961538461539,-0.9413594000000001,0.03611658494708491,-0.9223182458796868,-0.9225504329896907,641.0,"{'decomposition': 'legendre', 'n_filters': 12, 'slowest': 0.0056263882716246225, 'input_scaling': 0.06344812061556386, 'bias_dist': 'foldnorm', 'bias_scaling': 0.24743237591527745, 'lr': 0.7604293811879814, 'sr': 1.3687477885807093, 'rc_connectivity': 0.0925705874783593, 'learning_rate': 0.001}",dqn,100,linear,0.001,,,,,,,
CountRecallMedium,filterbank+esn,3,416,38.50961538461539,-0.89592246,0.04406696673845842,-0.9041048436341163,-0.901331330927835,595.0,"{'decomposition': 'legendre', 'n_filters': 12, 'slowest': 0.0056263882716246225, 'input_scaling': 0.06344812061556386, 'bias_dist': 'foldnorm', 'bias_scaling': 0.24743237591527745, 'lr': 0.7604293811879814, 'sr': 1.3687477885807093, 'rc_connectivity': 0.0925705874783593, 'learning_rate': 0.001}",dqn,100,linear,0.001,,,,,,,
CountRecallMedium,filterbank+esn,4,416,38.50961538461539,-0.9207768399999999,0.039190593600179124,-0.9227642828594974,-0.925453062886598,590.0,"{'decomposition': 'legendre', 'n_filters': 12, 'slowest': 0.0056263882716246225, 'input_scaling': 0.06344812061556386, 'bias_dist': 'foldnorm', 'bias_scaling': 0.24743237591527745, 'lr': 0.7604293811879814, 'sr': 1.3687477885807093, 'rc_connectivity': 0.0925705874783593, 'learning_rate': 0.001}",dqn,100,linear,0.001,,,,,,,
CountRecallMedium,filterbank+esn,5,416,38.50961538461539,-0.9825244600000002,0.018318325804734435,-0.9211321530696334,-0.9258734350515463,599.0,"{'decomposition': 'legendre', 'n_filters': 12, 'slowest': 0.0056263882716246225, 'input_scaling': 0.06344812061556386, 'bias_dist': 'foldnorm', 'bias_scaling': 0.24743237591527745, 'lr': 0.7604293811879814, 'sr': 1.3687477885807093, 'rc_connectivity': 0.0925705874783593, 'learning_rate': 0.001}",dqn,100,linear,0.001,,,,,,,
CountRecallMedium,filterbank+esn,7,416,38.50961538461539,-0.8407767800000001,0.061526203383368304,-0.8854453991553358,-0.8769693597938144,579.0,"{'decomposition': 'legendre', 'n_filters': 12, 'slowest': 0.0056263882716246225, 'input_scaling': 0.06344812061556386, 'bias_dist': 'foldnorm', 'bias_scaling': 0.24743237591527745, 'lr': 0.7604293811879814, 'sr': 1.3687477885807093, 'rc_connectivity': 0.0925705874783593, 'learning_rate': 0.001}",dqn,100,linear,0.001,,,,,,,
CountRecallMedium,filterbank+esn,6,416,38.50961538461539,-0.87378648,0.052283198395369816,-0.9018726696538937,-0.8952458422680412,593.0,"{'decomposition': 'legendre', 'n_filters': 12, 'slowest': 0.0056263882716246225, 'input_scaling': 0.06344812061556386, 'bias_dist': 'foldnorm', 'bias_scaling': 0.24743237591527745, 'lr': 0.7604293811879814, 'sr': 1.3687477885807093, 'rc_connectivity': 0.0925705874783593, 'learning_rate': 0.001}",dqn,100,linear,0.001,,,,,,,
CountRecallMedium,filterbank+esn,9,416,38.50961538461539,-0.87650496,0.057570217584080756,-0.9209561398846313,-0.9239316938144329,582.0,"{'decomposition': 'legendre', 'n_filters': 12, 'slowest': 0.0056263882716246225, 'input_scaling': 0.06344812061556386, 'bias_dist': 'foldnorm', 'bias_scaling': 0.24743237591527745, 'lr': 0.7604293811879814, 'sr': 1.3687477885807093, 'rc_connectivity': 0.0925705874783593, 'learning_rate': 0.001}",dqn,100,linear,0.001,,,,,,,
CountRecallMedium,filterbank+esn,8,416,38.50961538461539,-0.9001943,0.04324653135004011,-0.9050209100741656,-0.8871585381443299,606.0,"{'decomposition': 'legendre', 'n_filters': 12, 'slowest': 0.0056263882716246225, 'input_scaling': 0.06344812061556386, 'bias_dist': 'foldnorm', 'bias_scaling': 0.24743237591527745, 'lr': 0.7604293811879814, 'sr': 1.3687477885807093, 'rc_connectivity': 0.0925705874783593, 'learning_rate': 0.001}",dqn,100,linear,0.001,,,,,,,
CountRecallMedium,filterbank+esn,0,416,38.50961538461539,-0.93359234,0.04547012156729296,-0.9260985314173877,-0.9270144670103092,602.0,"{'decomposition': 'legendre', 'n_filters': 12, 'slowest': 0.0056263882716246225, 'input_scaling': 0.06344812061556386, 'bias_dist': 'foldnorm', 'bias_scaling': 0.24743237591527745, 'lr': 0.7604293811879814, 'sr': 1.3687477885807093, 'rc_connectivity': 0.0925705874783593, 'learning_rate': 0.003}",dqn,100,linear,0.003,,,,,,,
CountRecallMedium,filterbank+esn,1,416,38.50961538461539,-0.89048558,0.04508208290223069,-0.9279106790276063,-0.9256132020618556,594.0,"{'decomposition': 'legendre', 'n_filters': 12, 'slowest': 0.0056263882716246225, 'input_scaling': 0.06344812061556386, 'bias_dist': 'foldnorm', 'bias_scaling': 0.24743237591527745, 'lr': 0.7604293811879814, 'sr': 1.3687477885807093, 'rc_connectivity': 0.0925705874783593, 'learning_rate': 0.003}",dqn,100,linear,0.003,,,,,,,
CountRecallMedium,filterbank+esn,2,416,38.50961538461539,-0.9491263600000002,0.03782977599762389,-0.9240583783477544,-0.9233711865979382,587.0,"{'decomposition': 'legendre', 'n_filters': 12, 'slowest': 0.0056263882716246225, 'input_scaling': 0.06344812061556386, 'bias_dist': 'foldnorm', 'bias_scaling': 0.24743237591527745, 'lr': 0.7604293811879814, 'sr': 1.3687477885807093, 'rc_connectivity': 0.0925705874783593, 'learning_rate': 0.003}",dqn,100,linear,0.003,,,,,,,
CountRecallMedium,filterbank+esn,4,416,38.50961538461539,-0.9172816400000001,0.04591900034877067,-0.925746513906057,-0.9280954505154638,584.0,"{'decomposition': 'legendre', 'n_filters': 12, 'slowest': 0.0056263882716246225, 'input_scaling': 0.06344812061556386, 'bias_dist': 'foldnorm', 'bias_scaling': 0.24743237591527745, 'lr': 0.7604293811879814, 'sr': 1.3687477885807093, 'rc_connectivity': 0.0925705874783593, 'learning_rate': 0.003}",dqn,100,linear,0.003,,,,,,,
CountRecallMedium,filterbank+esn,3,416,38.50961538461539,-0.9168933399999999,0.04595678391341588,-0.9227322803873096,-0.9214894896907216,593.0,"{'decomposition': 'legendre', 'n_filters': 12, 'slowest': 0.0056263882716246225, 'input_scaling': 0.06344812061556386, 'bias_dist': 'foldnorm', 'bias_scaling': 0.24743237591527745, 'lr': 0.7604293811879814, 'sr': 1.3687477885807093, 'rc_connectivity': 0.0925705874783593, 'learning_rate': 0.003}",dqn,100,linear,0.003,,,,,,,
CountRecallMedium,filterbank+esn,5,416,38.50961538461539,-0.9363107999999998,0.03452606071882514,-0.896004223629996,-0.8935042752577319,593.0,"{'decomposition': 'legendre', 'n_filters': 12, 'slowest': 0.0056263882716246225, 'input_scaling': 0.06344812061556386, 'bias_dist': 'foldnorm', 'bias_scaling': 0.24743237591527745, 'lr': 0.7604293811879814, 'sr': 1.3687477885807093, 'rc_connectivity': 0.0925705874783593, 'learning_rate': 0.003}",dqn,100,linear,0.003,,,,,,,
CountRecallMedium,filterbank+esn,6,416,38.50961538461539,-0.9266021400000001,0.03458068162197501,-0.9266585808611454,-0.9239316948453608,592.0,"{'decomposition': 'legendre', 'n_filters': 12, 'slowest': 0.0056263882716246225, 'input_scaling': 0.06344812061556386, 'bias_dist': 'foldnorm', 'bias_scaling': 0.24743237591527745, 'lr': 0.7604293811879814, 'sr': 1.3687477885807093, 'rc_connectivity': 0.0925705874783593, 'learning_rate': 0.003}",dqn,100,linear,0.003,,,,,,,
CountRecallMedium,filterbank+esn,7,416,38.50961538461539,-0.9704856,0.030637763496051733,-0.9275406475072105,-0.9321190567010309,585.0,"{'decomposition': 'legendre', 'n_filters': 12, 'slowest': 0.0056263882716246225, 'input_scaling': 0.06344812061556386, 'bias_dist': 'foldnorm', 'bias_scaling': 0.24743237591527745, 'lr': 0.7604293811879814, 'sr': 1.3687477885807093, 'rc_connectivity': 0.0925705874783593, 'learning_rate': 0.003}",dqn,100,linear,0.003,,,,,,,
CountRecallMedium,filterbank+hag,0,416,4.8485576923076925,-0.9312623800000001,0.043455314614850055,-0.8900577539142974,-0.8939446670103092,588.0,"{'decomposition': 'legendre', 'n_filters': 12, 'slowest': 0.029334592739296388, 'input_scaling': 0.049068279099124805, 'bias_dist': 'uniform', 'bias_scaling': 0.46763789100254544, 'lr': 0.2715862958761201, 'weight_increment': 0.1852507853053407, 'min_window': 9, 'max_window': 16, 'use_full_instance': False, 'max_partners': 5, 'homeostasis': 'mean', 'target': 0.91, 'spread': 0.095, 'learning_rate': 0.0001}",dqn,100,linear,0.0001,,,,,,,
CountRecallMedium,filterbank+esn,9,416,38.50961538461539,-0.95961178,0.04125290371806087,-0.9255645015451175,-0.926253780412371,615.0,"{'decomposition': 'legendre', 'n_filters': 12, 'slowest': 0.0056263882716246225, 'input_scaling': 0.06344812061556386, 'bias_dist': 'foldnorm', 'bias_scaling': 0.24743237591527745, 'lr': 0.7604293811879814, 'sr': 1.3687477885807093, 'rc_connectivity': 0.0925705874783593, 'learning_rate': 0.003}",dqn,100,linear,0.003,,,,,,,
CountRecallMedium,filterbank+hag,1,416,4.954326923076923,-0.9467963399999999,0.0401355276609689,-0.9109193635146272,-0.9143830783505154,593.0,"{'decomposition': 'legendre', 'n_filters': 12, 'slowest': 0.029334592739296388, 'input_scaling': 0.049068279099124805, 'bias_dist': 'uniform', 'bias_scaling': 0.46763789100254544, 'lr': 0.2715862958761201, 'weight_increment': 0.1852507853053407, 'min_window': 9, 'max_window': 16, 'use_full_instance': False, 'max_partners': 5, 'homeostasis': 'mean', 'target': 0.91, 'spread': 0.095, 'learning_rate': 0.0001}",dqn,100,linear,0.0001,,,,,,,
CountRecallMedium,filterbank+esn,8,416,38.50961538461539,-0.9351458199999999,0.03777385505065112,-0.9245984220230736,-0.9292364587628865,642.0,"{'decomposition': 'legendre', 'n_filters': 12, 'slowest': 0.0056263882716246225, 'input_scaling': 0.06344812061556386, 'bias_dist': 'foldnorm', 'bias_scaling': 0.24743237591527745, 'lr': 0.7604293811879814, 'sr': 1.3687477885807093, 'rc_connectivity': 0.0925705874783593, 'learning_rate': 0.003}",dqn,100,linear,0.003,,,,,,,
CountRecallMedium,filterbank+hag,3,416,4.836538461538462,-0.8994175599999998,0.04353855575838961,-0.904496867840956,-0.9036534092783506,601.0,"{'decomposition': 'legendre', 'n_filters': 12, 'slowest': 0.029334592739296388, 'input_scaling': 0.049068279099124805, 'bias_dist': 'uniform', 'bias_scaling': 0.46763789100254544, 'lr': 0.2715862958761201, 'weight_increment': 0.1852507853053407, 'min_window': 9, 'max_window': 16, 'use_full_instance': False, 'max_partners': 5, 'homeostasis': 'mean', 'target': 0.91, 'spread': 0.095, 'learning_rate': 0.0001}",dqn,100,linear,0.0001,,,,,,,
CountRecallMedium,filterbank+hag,5,416,4.923076923076923,-0.9386409200000001,0.03948204526254434,-0.9155017093119079,-0.9114604350515464,607.0,"{'decomposition': 'legendre', 'n_filters': 12, 'slowest': 0.029334592739296388, 'input_scaling': 0.049068279099124805, 'bias_dist': 'uniform', 'bias_scaling': 0.46763789100254544, 'lr': 0.2715862958761201, 'weight_increment': 0.1852507853053407, 'min_window': 9, 'max_window': 16, 'use_full_instance': False, 'max_partners': 5, 'homeostasis': 'mean', 'target': 0.91, 'spread': 0.095, 'learning_rate': 0.0001}",dqn,100,linear,0.0001,,,,,,,
CountRecallMedium,filterbank+hag,6,416,4.920673076923077,-0.8279611800000001,0.06369524890874986,-0.9002645369798106,-0.8893805577319587,595.0,"{'decomposition': 'legendre', 'n_filters': 12, 'slowest': 0.029334592739296388, 'input_scaling': 0.049068279099124805, 'bias_dist': 'uniform', 'bias_scaling': 0.46763789100254544, 'lr': 0.2715862958761201, 'weight_increment': 0.1852507853053407, 'min_window': 9, 'max_window': 16, 'use_full_instance': False, 'max_partners': 5, 'homeostasis': 'mean', 'target': 0.91, 'spread': 0.095, 'learning_rate': 0.0001}",dqn,100,linear,0.0001,,,,,,,
CountRecallMedium,filterbank+hag,2,416,4.961538461538462,-0.8912623000000001,0.03902868202501848,-0.8906157971775857,-0.8858373587628866,645.0,"{'decomposition': 'legendre', 'n_filters': 12, 'slowest': 0.029334592739296388, 'input_scaling': 0.049068279099124805, 'bias_dist': 'uniform', 'bias_scaling': 0.46763789100254544, 'lr': 0.2715862958761201, 'weight_increment': 0.1852507853053407, 'min_window': 9, 'max_window': 16, 'use_full_instance': False, 'max_partners': 5, 'homeostasis': 'mean', 'target': 0.91, 'spread': 0.095, 'learning_rate': 0.0001}",dqn,100,linear,0.0001,,,,,,,
CountRecallMedium,filterbank+hag,8,416,4.877403846153846,-0.93126228,0.04293159925557864,-0.9151216847960445,-0.914142862886598,600.0,"{'decomposition': 'legendre', 'n_filters': 12, 'slowest': 0.029334592739296388, 'input_scaling': 0.049068279099124805, 'bias_dist': 'uniform', 'bias_scaling': 0.46763789100254544, 'lr': 0.2715862958761201, 'weight_increment': 0.1852507853053407, 'min_window': 9, 'max_window': 16, 'use_full_instance': False, 'max_partners': 5, 'homeostasis': 'mean', 'target': 0.91, 'spread': 0.095, 'learning_rate': 0.0001}",dqn,100,linear,0.0001,,,,,,,
CountRecallMedium,filterbank+hag,4,416,4.913461538461538,-0.93165066,0.03585466379349275,-0.9151156801606922,-0.9089381701030926,661.0,"{'decomposition': 'legendre', 'n_filters': 12, 'slowest': 0.029334592739296388, 'input_scaling': 0.049068279099124805, 'bias_dist': 'uniform', 'bias_scaling': 0.46763789100254544, 'lr': 0.2715862958761201, 'weight_increment': 0.1852507853053407, 'min_window': 9, 'max_window': 16, 'use_full_instance': False, 'max_partners': 5, 'homeostasis': 'mean', 'target': 0.91, 'spread': 0.095, 'learning_rate': 0.0001}",dqn,100,linear,0.0001,,,,,,,
CountRecallMedium,filterbank+hag,7,416,4.935096153846154,-0.8365049399999998,0.07161761685797985,-0.8849533590852905,-0.89860886185567,628.0,"{'decomposition': 'legendre', 'n_filters': 12, 'slowest': 0.029334592739296388, 'input_scaling': 0.049068279099124805, 'bias_dist': 'uniform', 'bias_scaling': 0.46763789100254544, 'lr': 0.2715862958761201, 'weight_increment': 0.1852507853053407, 'min_window': 9, 'max_window': 16, 'use_full_instance': False, 'max_partners': 5, 'homeostasis': 'mean', 'target': 0.91, 'spread': 0.095, 'learning_rate': 0.0001}",dqn,100,linear,0.0001,,,,,,,
CountRecallMedium,filterbank+hag,0,416,4.8485576923076925,-0.8897088999999998,0.04536223322644071,-0.9201520731355584,-0.9132420463917525,602.0,"{'decomposition': 'legendre', 'n_filters': 12, 'slowest': 0.029334592739296388, 'input_scaling': 0.049068279099124805, 'bias_dist': 'uniform', 'bias_scaling': 0.46763789100254544, 'lr': 0.2715862958761201, 'weight_increment': 0.1852507853053407, 'min_window': 9, 'max_window': 16, 'use_full_instance': False, 'max_partners': 5, 'homeostasis': 'mean', 'target': 0.91, 'spread': 0.095, 'learning_rate': 0.0003}",dqn,100,linear,0.0003,,,,,,,
CountRecallMedium,filterbank+hag,1,416,4.954326923076923,-0.9514565400000001,0.025833314821145193,-0.9100772984136795,-0.9050746865979381,599.0,"{'decomposition': 'legendre', 'n_filters': 12, 'slowest': 0.029334592739296388, 'input_scaling': 0.049068279099124805, 'bias_dist': 'uniform', 'bias_scaling': 0.46763789100254544, 'lr': 0.2715862958761201, 'weight_increment': 0.1852507853053407, 'min_window': 9, 'max_window': 16, 'use_full_instance': False, 'max_partners': 5, 'homeostasis': 'mean', 'target': 0.91, 'spread': 0.095, 'learning_rate': 0.0003}",dqn,100,linear,0.0003,,,,,,,
CountRecallMedium,filterbank+hag,9,416,4.896634615384615,-0.9219419600000002,0.04315578357808372,-0.9114473993613514,-0.9106997659793814,636.0,"{'decomposition': 'legendre', 'n_filters': 12, 'slowest': 0.029334592739296388, 'input_scaling': 0.049068279099124805, 'bias_dist': 'uniform', 'bias_scaling': 0.46763789100254544, 'lr': 0.2715862958761201, 'weight_increment': 0.1852507853053407, 'min_window': 9, 'max_window': 16, 'use_full_instance': False, 'max_partners': 5, 'homeostasis': 'mean', 'target': 0.91, 'spread': 0.095, 'learning_rate': 0.0001}",dqn,100,linear,0.0001,,,,,,,
CountRecallMedium,filterbank+hag,3,416,4.836538461538462,-0.91145652,0.044645059460701825,-0.9230562965595386,-0.9192474639175258,595.0,"{'decomposition': 'legendre', 'n_filters': 12, 'slowest': 0.029334592739296388, 'input_scaling': 0.049068279099124805, 'bias_dist': 'uniform', 'bias_scaling': 0.46763789100254544, 'lr': 0.2715862958761201, 'weight_increment': 0.1852507853053407, 'min_window': 9, 'max_window': 16, 'use_full_instance': False, 'max_partners': 5, 'homeostasis': 'mean', 'target': 0.91, 'spread': 0.095, 'learning_rate': 0.0003}",dqn,100,linear,0.0003,,,,,,,
CountRecallMedium,filterbank+hag,6,416,4.920673076923077,-0.923107,0.041274820757939104,-0.918009911207252,-0.9234512360824743,577.0,"{'decomposition': 'legendre', 'n_filters': 12, 'slowest': 0.029334592739296388, 'input_scaling': 0.049068279099124805, 'bias_dist': 'uniform', 'bias_scaling': 0.46763789100254544, 'lr': 0.2715862958761201, 'weight_increment': 0.1852507853053407, 'min_window': 9, 'max_window': 16, 'use_full_instance': False, 'max_partners': 5, 'homeostasis': 'mean', 'target': 0.91, 'spread': 0.095, 'learning_rate': 0.0003}",dqn,100,linear,0.0003,,,,,,,
CountRecallMedium,filterbank+hag,4,416,4.913461538461538,-0.9965049400000001,0.007459767799094024,-0.921234156880923,-0.9159845268041236,599.0,"{'decomposition': 'legendre', 'n_filters': 12, 'slowest': 0.029334592739296388, 'input_scaling': 0.049068279099124805, 'bias_dist': 'uniform', 'bias_scaling': 0.46763789100254544, 'lr': 0.2715862958761201, 'weight_increment': 0.1852507853053407, 'min_window': 9, 'max_window': 16, 'use_full_instance': False, 'max_partners': 5, 'homeostasis': 'mean', 'target': 0.91, 'spread': 0.095, 'learning_rate': 0.0003}",dqn,100,linear,0.0003,,,,,,,
CountRecallMedium,filterbank+hag,2,416,4.961538461538462,-0.9250487400000001,0.04428044606180476,-0.9101313067573134,-0.9053349237113403,625.0,"{'decomposition': 'legendre', 'n_filters': 12, 'slowest': 0.029334592739296388, 'input_scaling': 0.049068279099124805, 'bias_dist': 'uniform', 'bias_scaling': 0.46763789100254544, 'lr': 0.2715862958761201, 'weight_increment': 0.1852507853053407, 'min_window': 9, 'max_window': 16, 'use_full_instance': False, 'max_partners': 5, 'homeostasis': 'mean', 'target': 0.91, 'spread': 0.095, 'learning_rate': 0.0003}",dqn,100,linear,0.0003,,,,,,,
CountRecallMedium,filterbank+hag,7,416,4.935096153846154,-0.92621374,0.041645866157788106,-0.9211841504944376,-0.9181865010309278,591.0,"{'decomposition': 'legendre', 'n_filters': 12, 'slowest': 0.029334592739296388, 'input_scaling': 0.049068279099124805, 'bias_dist': 'uniform', 'bias_scaling': 0.46763789100254544, 'lr': 0.2715862958761201, 'weight_increment': 0.1852507853053407, 'min_window': 9, 'max_window': 16, 'use_full_instance': False, 'max_partners': 5, 'homeostasis': 'mean', 'target': 0.91, 'spread': 0.095, 'learning_rate': 0.0003}",dqn,100,linear,0.0003,,,,,,,
CountRecallMedium,filterbank+hag,5,416,4.923076923076923,-0.9355341600000001,0.03987734514451031,-0.9237243459002885,-0.9245522525773195,626.0,"{'decomposition': 'legendre', 'n_filters': 12, 'slowest': 0.029334592739296388, 'input_scaling': 0.049068279099124805, 'bias_dist': 'uniform', 'bias_scaling': 0.46763789100254544, 'lr': 0.2715862958761201, 'weight_increment': 0.1852507853053407, 'min_window': 9, 'max_window': 16, 'use_full_instance': False, 'max_partners': 5, 'homeostasis': 'mean', 'target': 0.91, 'spread': 0.095, 'learning_rate': 0.0003}",dqn,100,linear,0.0003,,,,,,,
CountRecallMedium,filterbank+hag,0,416,4.8485576923076925,-0.9176700600000001,0.04653069060927854,-0.926458558920478,-0.9272947113402061,595.0,"{'decomposition': 'legendre', 'n_filters': 12, 'slowest': 0.029334592739296388, 'input_scaling': 0.049068279099124805, 'bias_dist': 'uniform', 'bias_scaling': 0.46763789100254544, 'lr': 0.2715862958761201, 'weight_increment': 0.1852507853053407, 'min_window': 9, 'max_window': 16, 'use_full_instance': False, 'max_partners': 5, 'homeostasis': 'mean', 'target': 0.91, 'spread': 0.095, 'learning_rate': 0.001}",dqn,100,linear,0.001,,,,,,,
CountRecallMedium,filterbank+hag,1,416,4.954326923076923,-0.8916506,0.04360778309017785,-0.9209461329831067,-0.9185468257731958,598.0,"{'decomposition': 'legendre', 'n_filters': 12, 'slowest': 0.029334592739296388, 'input_scaling': 0.049068279099124805, 'bias_dist': 'uniform', 'bias_scaling': 0.46763789100254544, 'lr': 0.2715862958761201, 'weight_increment': 0.1852507853053407, 'min_window': 9, 'max_window': 16, 'use_full_instance': False, 'max_partners': 5, 'homeostasis': 'mean', 'target': 0.91, 'spread': 0.095, 'learning_rate': 0.001}",dqn,100,linear,0.001,,,,,,,
CountRecallMedium,filterbank+hag,2,416,4.961538461538462,-0.8706797000000001,0.05459182855345661,-0.9243704015245159,-0.9273547731958763,611.0,"{'decomposition': 'legendre', 'n_filters': 12, 'slowest': 0.029334592739296388, 'input_scaling': 0.049068279099124805, 'bias_dist': 'uniform', 'bias_scaling': 0.46763789100254544, 'lr': 0.2715862958761201, 'weight_increment': 0.1852507853053407, 'min_window': 9, 'max_window': 16, 'use_full_instance': False, 'max_partners': 5, 'homeostasis': 'mean', 'target': 0.91, 'spread': 0.095, 'learning_rate': 0.001}",dqn,100,linear,0.001,,,,,,,
CountRecallMedium,filterbank+hag,5,416,4.923076923076923,-0.93631088,0.032732179995619,-0.9270426028018127,-0.9262537752577319,588.0,"{'decomposition': 'legendre', 'n_filters': 12, 'slowest': 0.029334592739296388, 'input_scaling': 0.049068279099124805, 'bias_dist': 'uniform', 'bias_scaling': 0.46763789100254544, 'lr': 0.2715862958761201, 'weight_increment': 0.1852507853053407, 'min_window': 9, 'max_window': 16, 'use_full_instance': False, 'max_partners': 5, 'homeostasis': 'mean', 'target': 0.91, 'spread': 0.095, 'learning_rate': 0.001}",dqn,100,linear,0.001,,,,,,,
CountRecallMedium,filterbank+hag,9,416,4.896634615384615,-0.91184478,0.04884734473327696,-0.9227782717346517,-0.9242119237113401,652.0,"{'decomposition': 'legendre', 'n_filters': 12, 'slowest': 0.029334592739296388, 'input_scaling': 0.049068279099124805, 'bias_dist': 'uniform', 'bias_scaling': 0.46763789100254544, 'lr': 0.2715862958761201, 'weight_increment': 0.1852507853053407, 'min_window': 9, 'max_window': 16, 'use_full_instance': False, 'max_partners': 5, 'homeostasis': 'mean', 'target': 0.91, 'spread': 0.095, 'learning_rate': 0.0003}",dqn,100,linear,0.0003,,,,,,,
CountRecallMedium,filterbank+hag,8,416,4.877403846153846,-0.90252442,0.04384918938046176,-0.9219822127111661,-0.9213293391752577,662.0,"{'decomposition': 'legendre', 'n_filters': 12, 'slowest': 0.029334592739296388, 'input_scaling': 0.049068279099124805, 'bias_dist': 'uniform', 'bias_scaling': 0.46763789100254544, 'lr': 0.2715862958761201, 'weight_increment': 0.1852507853053407, 'min_window': 9, 'max_window': 16, 'use_full_instance': False, 'max_partners': 5, 'homeostasis': 'mean', 'target': 0.91, 'spread': 0.095, 'learning_rate': 0.0003}",dqn,100,linear,0.0003,,,,,,,
CountRecallMedium,filterbank+hag,3,416,4.836538461538462,-0.89436908,0.05355287433923226,-0.9254764811495674,-0.9260736123711341,602.0,"{'decomposition': 'legendre', 'n_filters': 12, 'slowest': 0.029334592739296388, 'input_scaling': 0.049068279099124805, 'bias_dist': 'uniform', 'bias_scaling': 0.46763789100254544, 'lr': 0.2715862958761201, 'weight_increment': 0.1852507853053407, 'min_window': 9, 'max_window': 16, 'use_full_instance': False, 'max_partners': 5, 'homeostasis': 'mean', 'target': 0.91, 'spread': 0.095, 'learning_rate': 0.001}",dqn,100,linear,0.001,,,,,,,
CountRecallMedium,filterbank+hag,7,416,4.935096153846154,-0.92388362,0.04304206839541521,-0.9260965304903173,-0.9243720845360825,599.0,"{'decomposition': 'legendre', 'n_filters': 12, 'slowest': 0.029334592739296388, 'input_scaling': 0.049068279099124805, 'bias_dist': 'uniform', 'bias_scaling': 0.46763789100254544, 'lr': 0.2715862958761201, 'weight_increment': 0.1852507853053407, 'min_window': 9, 'max_window': 16, 'use_full_instance': False, 'max_partners': 5, 'homeostasis': 'mean', 'target': 0.91, 'spread': 0.095, 'learning_rate': 0.001}",dqn,100,linear,0.001,,,,,,,
CountRecallMedium,filterbank+hag,4,416,4.913461538461538,-0.9192234200000001,0.052154717090246036,-0.9264165555212197,-0.9261937113402061,639.0,"{'decomposition': 'legendre', 'n_filters': 12, 'slowest': 0.029334592739296388, 'input_scaling': 0.049068279099124805, 'bias_dist': 'uniform', 'bias_scaling': 0.46763789100254544, 'lr': 0.2715862958761201, 'weight_increment': 0.1852507853053407, 'min_window': 9, 'max_window': 16, 'use_full_instance': False, 'max_partners': 5, 'homeostasis': 'mean', 'target': 0.91, 'spread': 0.095, 'learning_rate': 0.001}",dqn,100,linear,0.001,,,,,,,
CountRecallMedium,filterbank+hag,6,416,4.920673076923077,-0.9246603400000001,0.043874971153317024,-0.9245524148125257,-0.9240317742268042,650.0,"{'decomposition': 'legendre', 'n_filters': 12, 'slowest': 0.029334592739296388, 'input_scaling': 0.049068279099124805, 'bias_dist': 'uniform', 'bias_scaling': 0.46763789100254544, 'lr': 0.2715862958761201, 'weight_increment': 0.1852507853053407, 'min_window': 9, 'max_window': 16, 'use_full_instance': False, 'max_partners': 5, 'homeostasis': 'mean', 'target': 0.91, 'spread': 0.095, 'learning_rate': 0.001}",dqn,100,linear,0.001,,,,,,,
CountRecallMedium,filterbank+hag,8,416,4.877403846153846,-0.9281554799999999,0.04582693747142177,-0.9254584792954265,-0.9238315917525772,592.0,"{'decomposition': 'legendre', 'n_filters': 12, 'slowest': 0.029334592739296388, 'input_scaling': 0.049068279099124805, 'bias_dist': 'uniform', 'bias_scaling': 0.46763789100254544, 'lr': 0.2715862958761201, 'weight_increment': 0.1852507853053407, 'min_window': 9, 'max_window': 16, 'use_full_instance': False, 'max_partners': 5, 'homeostasis': 'mean', 'target': 0.91, 'spread': 0.095, 'learning_rate': 0.001}",dqn,100,linear,0.001,,,,,,,
CountRecallMedium,filterbank+hag,1,416,4.954326923076923,-0.9215535800000001,0.04880862325576907,-0.9268085867325918,-0.9285558608247422,604.0,"{'decomposition': 'legendre', 'n_filters': 12, 'slowest': 0.029334592739296388, 'input_scaling': 0.049068279099124805, 'bias_dist': 'uniform', 'bias_scaling': 0.46763789100254544, 'lr': 0.2715862958761201, 'weight_increment': 0.1852507853053407, 'min_window': 9, 'max_window': 16, 'use_full_instance': False, 'max_partners': 5, 'homeostasis': 'mean', 'target': 0.91, 'spread': 0.095, 'learning_rate': 0.003}",dqn,100,linear,0.003,,,,,,,
CountRecallMedium,filterbank+hag,0,416,4.8485576923076925,-0.9409709400000001,0.03248241081164391,-0.9250124492171404,-0.9262737948453609,614.0,"{'decomposition': 'legendre', 'n_filters': 12, 'slowest': 0.029334592739296388, 'input_scaling': 0.049068279099124805, 'bias_dist': 'uniform', 'bias_scaling': 0.46763789100254544, 'lr': 0.2715862958761201, 'weight_increment': 0.1852507853053407, 'min_window': 9, 'max_window': 16, 'use_full_instance': False, 'max_partners': 5, 'homeostasis': 'mean', 'target': 0.91, 'spread': 0.095, 'learning_rate': 0.003}",dqn,100,linear,0.003,,,,,,,
CountRecallMedium,filterbank+hag,9,416,4.896634615384615,-0.9215536200000001,0.03472641344791599,-0.9271786126905646,-0.9294566659793814,636.0,"{'decomposition': 'legendre', 'n_filters': 12, 'slowest': 0.029334592739296388, 'input_scaling': 0.049068279099124805, 'bias_dist': 'uniform', 'bias_scaling': 0.46763789100254544, 'lr': 0.2715862958761201, 'weight_increment': 0.1852507853053407, 'min_window': 9, 'max_window': 16, 'use_full_instance': False, 'max_partners': 5, 'homeostasis': 'mean', 'target': 0.91, 'spread': 0.095, 'learning_rate': 0.001}",dqn,100,linear,0.001,,,,,,,
CountRecallMedium,filterbank+hag,2,416,4.961538461538462,-0.92582542,0.04439611036209817,-0.9271666102183768,-0.9273947958762886,599.0,"{'decomposition': 'legendre', 'n_filters': 12, 'slowest': 0.029334592739296388, 'input_scaling': 0.049068279099124805, 'bias_dist': 'uniform', 'bias_scaling': 0.46763789100254544, 'lr': 0.2715862958761201, 'weight_increment': 0.1852507853053407, 'min_window': 9, 'max_window': 16, 'use_full_instance': False, 'max_partners': 5, 'homeostasis': 'mean', 'target': 0.91, 'spread': 0.095, 'learning_rate': 0.003}",dqn,100,linear,0.003,,,,,,,
CountRecallMedium,filterbank+hag,5,416,4.923076923076923,-0.93669916,0.03899199172874348,-0.9273966324680676,-0.9277551391752576,580.0,"{'decomposition': 'legendre', 'n_filters': 12, 'slowest': 0.029334592739296388, 'input_scaling': 0.049068279099124805, 'bias_dist': 'uniform', 'bias_scaling': 0.46763789100254544, 'lr': 0.2715862958761201, 'weight_increment': 0.1852507853053407, 'min_window': 9, 'max_window': 16, 'use_full_instance': False, 'max_partners': 5, 'homeostasis': 'mean', 'target': 0.91, 'spread': 0.095, 'learning_rate': 0.003}",dqn,100,linear,0.003,,,,,,,
CountRecallMedium,filterbank+hag,3,416,4.836538461538462,-0.9231069400000002,0.03997554973050903,-0.9275086415327566,-0.9290763113402062,603.0,"{'decomposition': 'legendre', 'n_filters': 12, 'slowest': 0.029334592739296388, 'input_scaling': 0.049068279099124805, 'bias_dist': 'uniform', 'bias_scaling': 0.46763789100254544, 'lr': 0.2715862958761201, 'weight_increment': 0.1852507853053407, 'min_window': 9, 'max_window': 16, 'use_full_instance': False, 'max_partners': 5, 'homeostasis': 'mean', 'target': 0.91, 'spread': 0.095, 'learning_rate': 0.003}",dqn,100,linear,0.003,,,,,,,
CountRecallMedium,filterbank+hag,4,416,4.913461538461538,-0.9106798199999999,0.03941322630574158,-0.9142356219612692,-0.915404012371134,596.0,"{'decomposition': 'legendre', 'n_filters': 12, 'slowest': 0.029334592739296388, 'input_scaling': 0.049068279099124805, 'bias_dist': 'uniform', 'bias_scaling': 0.46763789100254544, 'lr': 0.2715862958761201, 'weight_increment': 0.1852507853053407, 'min_window': 9, 'max_window': 16, 'use_full_instance': False, 'max_partners': 5, 'homeostasis': 'mean', 'target': 0.91, 'spread': 0.095, 'learning_rate': 0.003}",dqn,100,linear,0.003,,,,,,,
CountRecallMedium,filterbank+hag,6,416,4.920673076923077,-0.9153399800000002,0.04196337907913995,-0.9256805002060157,-0.9227506309278349,591.0,"{'decomposition': 'legendre', 'n_filters': 12, 'slowest': 0.029334592739296388, 'input_scaling': 0.049068279099124805, 'bias_dist': 'uniform', 'bias_scaling': 0.46763789100254544, 'lr': 0.2715862958761201, 'weight_increment': 0.1852507853053407, 'min_window': 9, 'max_window': 16, 'use_full_instance': False, 'max_partners': 5, 'homeostasis': 'mean', 'target': 0.91, 'spread': 0.095, 'learning_rate': 0.003}",dqn,100,linear,0.003,,,,,,,
CountRecallMedium,filterbank+proj,0,416,0.0,-0.9126215200000002,0.044828738695725096,-0.926452553564071,-0.9262537762886597,558.0,"{'decomposition': 'legendre', 'n_filters': 12, 'slowest': 0.029334592739296388, 'input_scaling': 0.049068279099124805, 'bias_dist': 'uniform', 'bias_scaling': 0.46763789100254544, 'lr': 0.2715862958761201, 'weight_increment': 0.1852507853053407, 'min_window': 9, 'max_window': 16, 'use_full_instance': False, 'max_partners': 5, 'homeostasis': 'mean', 'target': 0.91, 'spread': 0.095, 'learning_rate': 0.0001}",dqn,100,linear,0.0001,,,,,,,
CountRecallMedium,filterbank+hag,9,416,4.896634615384615,-0.9269904600000001,0.04138429828773711,-0.9275406436959207,-0.9272146474226803,588.0,"{'decomposition': 'legendre', 'n_filters': 12, 'slowest': 0.029334592739296388, 'input_scaling': 0.049068279099124805, 'bias_dist': 'uniform', 'bias_scaling': 0.46763789100254544, 'lr': 0.2715862958761201, 'weight_increment': 0.1852507853053407, 'min_window': 9, 'max_window': 16, 'use_full_instance': False, 'max_partners': 5, 'homeostasis': 'mean', 'target': 0.91, 'spread': 0.095, 'learning_rate': 0.003}",dqn,100,linear,0.003,,,,,,,
CountRecallMedium,filterbank+hag,7,416,4.935096153846154,-0.91650498,0.04776067762437632,-0.9274026339101773,-0.9318187989690722,607.0,"{'decomposition': 'legendre', 'n_filters': 12, 'slowest': 0.029334592739296388, 'input_scaling': 0.049068279099124805, 'bias_dist': 'uniform', 'bias_scaling': 0.46763789100254544, 'lr': 0.2715862958761201, 'weight_increment': 0.1852507853053407, 'min_window': 9, 'max_window': 16, 'use_full_instance': False, 'max_partners': 5, 'homeostasis': 'mean', 'target': 0.91, 'spread': 0.095, 'learning_rate': 0.003}",dqn,100,linear,0.003,,,,,,,
CountRecallMedium,filterbank+hag,8,416,4.877403846153846,-0.92233026,0.040171226694145155,-0.9270526035228678,-0.9315985876288659,598.0,"{'decomposition': 'legendre', 'n_filters': 12, 'slowest': 0.029334592739296388, 'input_scaling': 0.049068279099124805, 'bias_dist': 'uniform', 'bias_scaling': 0.46763789100254544, 'lr': 0.2715862958761201, 'weight_increment': 0.1852507853053407, 'min_window': 9, 'max_window': 16, 'use_full_instance': False, 'max_partners': 5, 'homeostasis': 'mean', 'target': 0.91, 'spread': 0.095, 'learning_rate': 0.003}",dqn,100,linear,0.003,,,,,,,
CountRecallMedium,filterbank+proj,2,416,0.0,-0.8800001200000002,0.04540372785516186,-0.885977444684796,-0.8791113082474227,573.0,"{'decomposition': 'legendre', 'n_filters': 12, 'slowest': 0.029334592739296388, 'input_scaling': 0.049068279099124805, 'bias_dist': 'uniform', 'bias_scaling': 0.46763789100254544, 'lr': 0.2715862958761201, 'weight_increment': 0.1852507853053407, 'min_window': 9, 'max_window': 16, 'use_full_instance': False, 'max_partners': 5, 'homeostasis': 'mean', 'target': 0.91, 'spread': 0.095, 'learning_rate': 0.0001}",dqn,100,linear,0.0001,,,,,,,
CountRecallMedium,filterbank+proj,1,416,0.0,-0.91961182,0.04017312691523528,-0.9290207469097651,-0.929496687628866,610.0,"{'decomposition': 'legendre', 'n_filters': 12, 'slowest': 0.029334592739296388, 'input_scaling': 0.049068279099124805, 'bias_dist': 'uniform', 'bias_scaling': 0.46763789100254544, 'lr': 0.2715862958761201, 'weight_increment': 0.1852507853053407, 'min_window': 9, 'max_window': 16, 'use_full_instance': False, 'max_partners': 5, 'homeostasis': 'mean', 'target': 0.91, 'spread': 0.095, 'learning_rate': 0.0001}",dqn,100,linear,0.0001,,,,,,,
CountRecallMedium,filterbank+hag,0,416,,,,,,,,lspi,100,linear,,LSPI system larger than 10000 unknowns,,,,,,
CountRecallMedium,filterbank+proj,5,416,0.0,-0.92116522,0.039107801684722714,-0.9275346322620519,-0.928115437113402,553.0,"{'decomposition': 'legendre', 'n_filters': 12, 'slowest': 0.029334592739296388, 'input_scaling': 0.049068279099124805, 'bias_dist': 'uniform', 'bias_scaling': 0.46763789100254544, 'lr': 0.2715862958761201, 'weight_increment': 0.1852507853053407, 'min_window': 9, 'max_window': 16, 'use_full_instance': False, 'max_partners': 5, 'homeostasis': 'mean', 'target': 0.91, 'spread': 0.095, 'learning_rate': 0.0001}",dqn,100,linear,0.0001,,,,,,,
CountRecallMedium,filterbank+hag,1,416,,,,,,,,lspi,100,linear,,LSPI system larger than 10000 unknowns,,,,,,
CountRecallMedium,filterbank+hag,3,416,,,,,,,,lspi,100,linear,,LSPI system larger than 10000 unknowns,,,,,,
CountRecallMedium,filterbank+hag,4,416,,,,,,,,lspi,100,linear,,LSPI system larger than 10000 unknowns,,,,,,
CountRecallMedium,filterbank+hag,5,416,,,,,,,,lspi,100,linear,,LSPI system larger than 10000 unknowns,,,,,,
CountRecallMedium,filterbank+hag,6,416,,,,,,,,lspi,100,linear,,LSPI system larger than 10000 unknowns,,,,,,
CountRecallMedium,filterbank+hag,2,416,,,,,,,,lspi,100,linear,,LSPI system larger than 10000 unknowns,,,,,,
CountRecallMedium,filterbank+hag,7,416,,,,,,,,lspi,100,linear,,LSPI system larger than 10000 unknowns,,,,,,
CountRecallMedium,filterbank+hag,8,416,,,,,,,,lspi,100,linear,,LSPI system larger than 10000 unknowns,,,,,,
CountRecallMedium,filterbank+proj,0,416,,,,,,,,lspi,100,linear,,LSPI system larger than 10000 unknowns,,,,,,
CountRecallMedium,filterbank+proj,1,416,,,,,,,,lspi,100,linear,,LSPI system larger than 10000 unknowns,,,,,,
CountRecallMedium,filterbank+hag,9,416,,,,,,,,lspi,100,linear,,LSPI system larger than 10000 unknowns,,,,,,
CountRecallMedium,filterbank+proj,2,416,,,,,,,,lspi,100,linear,,LSPI system larger than 10000 unknowns,,,,,,
CountRecallMedium,filterbank+proj,3,416,,,,,,,,lspi,100,linear,,LSPI system larger than 10000 unknowns,,,,,,
CountRecallMedium,filterbank+proj,4,416,,,,,,,,lspi,100,linear,,LSPI system larger than 10000 unknowns,,,,,,
CountRecallMedium,filterbank+proj,3,416,0.0,-0.9176700599999998,0.04351596486551116,-0.9289787452616398,-0.9295167072164948,607.0,"{'decomposition': 'legendre', 'n_filters': 12, 'slowest': 0.029334592739296388, 'input_scaling': 0.049068279099124805, 'bias_dist': 'uniform', 'bias_scaling': 0.46763789100254544, 'lr': 0.2715862958761201, 'weight_increment': 0.1852507853053407, 'min_window': 9, 'max_window': 16, 'use_full_instance': False, 'max_partners': 5, 'homeostasis': 'mean', 'target': 0.91, 'spread': 0.095, 'learning_rate': 0.0001}",dqn,100,linear,0.0001,,,,,,,
CountRecallMedium,filterbank+proj,5,416,,,,,,,,lspi,100,linear,,LSPI system larger than 10000 unknowns,,,,,,
CountRecallMedium,filterbank+proj,6,416,,,,,,,,lspi,100,linear,,LSPI system larger than 10000 unknowns,,,,,,
CountRecallMedium,filterbank+proj,7,416,,,,,,,,lspi,100,linear,,LSPI system larger than 10000 unknowns,,,,,,
CountRecallMedium,filterbank+proj,8,416,,,,,,,,lspi,100,linear,,LSPI system larger than 10000 unknowns,,,,,,
CountRecallMedium,filterbank+proj,9,416,,,,,,,,lspi,100,linear,,LSPI system larger than 10000 unknowns,,,,,,
CountRecallMedium,filterbank+proj,6,416,0.0,-0.9363108800000001,0.03980161161392338,-0.9238543568191184,-0.9131819876288659,565.0,"{'decomposition': 'legendre', 'n_filters': 12, 'slowest': 0.029334592739296388, 'input_scaling': 0.049068279099124805, 'bias_dist': 'uniform', 'bias_scaling': 0.46763789100254544, 'lr': 0.2715862958761201, 'weight_increment': 0.1852507853053407, 'min_window': 9, 'max_window': 16, 'use_full_instance': False, 'max_partners': 5, 'homeostasis': 'mean', 'target': 0.91, 'spread': 0.095, 'learning_rate': 0.0001}",dqn,100,linear,0.0001,,,,,,,
CountRecallMedium,filterbank+proj,4,416,0.0,-0.9242720200000001,0.044491100545835015,-0.9282146865471776,-0.9281755041237112,620.0,"{'decomposition': 'legendre', 'n_filters': 12, 'slowest': 0.029334592739296388, 'input_scaling': 0.049068279099124805, 'bias_dist': 'uniform', 'bias_scaling': 0.46763789100254544, 'lr': 0.2715862958761201, 'weight_increment': 0.1852507853053407, 'min_window': 9, 'max_window': 16, 'use_full_instance': False, 'max_partners': 5, 'homeostasis': 'mean', 'target': 0.91, 'spread': 0.095, 'learning_rate': 0.0001}",dqn,100,linear,0.0001,,,,,,,
CountRecallMedium,filterbank+proj,7,416,0.0,-0.91533994,0.04831169330313729,-0.92822468881335,-0.9269944350515464,596.0,"{'decomposition': 'legendre', 'n_filters': 12, 'slowest': 0.029334592739296388, 'input_scaling': 0.049068279099124805, 'bias_dist': 'uniform', 'bias_scaling': 0.46763789100254544, 'lr': 0.2715862958761201, 'weight_increment': 0.1852507853053407, 'min_window': 9, 'max_window': 16, 'use_full_instance': False, 'max_partners': 5, 'homeostasis': 'mean', 'target': 0.91, 'spread': 0.095, 'learning_rate': 0.0001}",dqn,100,linear,0.0001,,,,,,,
CountRecallMedium,filterbank+proj,8,416,0.0,-0.9176701,0.04210686131368617,-0.9180059057478367,-0.9118207701030926,602.0,"{'decomposition': 'legendre', 'n_filters': 12, 'slowest': 0.029334592739296388, 'input_scaling': 0.049068279099124805, 'bias_dist': 'uniform', 'bias_scaling': 0.46763789100254544, 'lr': 0.2715862958761201, 'weight_increment': 0.1852507853053407, 'min_window': 9, 'max_window': 16, 'use_full_instance': False, 'max_partners': 5, 'homeostasis': 'mean', 'target': 0.91, 'spread': 0.095, 'learning_rate': 0.0001}",dqn,100,linear,0.0001,,,,,,,
CountRecallMedium,filterbank+esn,1,416,38.50961538461539,-0.6042718446601939,0.09884925602703687,-0.6223052028877271,,65.0,"{'decomposition': 'legendre', 'n_filters': 12, 'slowest': 0.0056263882716246225, 'input_scaling': 0.06344812061556386, 'bias_dist': 'foldnorm', 'bias_scaling': 0.24743237591527745, 'lr': 0.7604293811879814, 'sr': 1.3687477885807093, 'rc_connectivity': 0.0925705874783593}",bc,100,linear,,,-0.6349514563106795,-0.626019417475728,3.0,"[-0.6349514563106795, -0.6524271844660193, -0.6058252427184465, -0.5999999999999999, -0.636893203883495]",-0.61747572,
CountRecallMedium,filterbank+esn,0,416,38.50961538461539,-0.5724271844660194,0.09161180687870686,-0.5820363455314912,,65.0,"{'decomposition': 'legendre', 'n_filters': 12, 'slowest': 0.0056263882716246225, 'input_scaling': 0.06344812061556386, 'bias_dist': 'foldnorm', 'bias_scaling': 0.24743237591527745, 'lr': 0.7604293811879814, 'sr': 1.3687477885807093, 'rc_connectivity': 0.0925705874783593}",bc,100,linear,,,-0.5766990291262135,-0.5941747572815533,4.0,"[-0.5766990291262135, -0.6388349514563105, -0.6135922330097087, -0.5922330097087378, -0.549514563106796]",-0.58990288,
CountRecallMedium,filterbank+esn,2,416,38.50961538461539,-0.5778640776699028,0.11260863671024539,-0.6009360219068957,,68.0,"{'decomposition': 'legendre', 'n_filters': 12, 'slowest': 0.0056263882716246225, 'input_scaling': 0.06344812061556386, 'bias_dist': 'foldnorm', 'bias_scaling': 0.24743237591527745, 'lr': 0.7604293811879814, 'sr': 1.3687477885807093, 'rc_connectivity': 0.0925705874783593}",bc,100,linear,,,-0.5592233009708737,-0.6062135922330096,0.0,"[-0.5592233009708737, -0.6291262135922329, -0.6252427184466018, -0.5922330097087378, -0.6252427184466018]",-0.5937864,
CountRecallMedium,filterbank+esn,3,416,38.50961538461539,-0.5864077669902911,0.09617042716147409,-0.6063729151107792,,66.0,"{'decomposition': 'legendre', 'n_filters': 12, 'slowest': 0.0056263882716246225, 'input_scaling': 0.06344812061556386, 'bias_dist': 'foldnorm', 'bias_scaling': 0.24743237591527745, 'lr': 0.7604293811879814, 'sr': 1.3687477885807093, 'rc_connectivity': 0.0925705874783593}",bc,100,linear,,,-0.5339805825242718,-0.5922330097087378,0.0,"[-0.5339805825242718, -0.6252427184466018, -0.6019417475728155, -0.5980582524271844, -0.6019417475728155]",-0.6,
CountRecallMedium,filterbank+proj,1,416,0.0,-0.92582538,0.04048724735760139,-0.9290147460857024,-0.9271145443298968,577.0,"{'decomposition': 'legendre', 'n_filters': 12, 'slowest': 0.029334592739296388, 'input_scaling': 0.049068279099124805, 'bias_dist': 'uniform', 'bias_scaling': 0.46763789100254544, 'lr': 0.2715862958761201, 'weight_increment': 0.1852507853053407, 'min_window': 9, 'max_window': 16, 'use_full_instance': False, 'max_partners': 5, 'homeostasis': 'mean', 'target': 0.91, 'spread': 0.095, 'learning_rate': 0.0003}",dqn,100,linear,0.0003,,,,,,,
CountRecallMedium,filterbank+proj,0,416,0.0,-0.91805844,0.04517063698561711,-0.9282786896374124,-0.9300371742268041,607.0,"{'decomposition': 'legendre', 'n_filters': 12, 'slowest': 0.029334592739296388, 'input_scaling': 0.049068279099124805, 'bias_dist': 'uniform', 'bias_scaling': 0.46763789100254544, 'lr': 0.2715862958761201, 'weight_increment': 0.1852507853053407, 'min_window': 9, 'max_window': 16, 'use_full_instance': False, 'max_partners': 5, 'homeostasis': 'mean', 'target': 0.91, 'spread': 0.095, 'learning_rate': 0.0003}",dqn,100,linear,0.0003,,,,,,,
CountRecallMedium,filterbank+esn,4,416,38.50961538461539,-0.5914563106796115,0.09653903401284225,-0.5933084391336817,,72.0,"{'decomposition': 'legendre', 'n_filters': 12, 'slowest': 0.0056263882716246225, 'input_scaling': 0.06344812061556386, 'bias_dist': 'foldnorm', 'bias_scaling': 0.24743237591527745, 'lr': 0.7604293811879814, 'sr': 1.3687477885807093, 'rc_connectivity': 0.0925705874783593}",bc,100,linear,,,-0.6407766990291262,-0.6182524271844659,4.0,"[-0.6407766990291262, -0.6446601941747572, -0.6135922330097087, -0.6233009708737863, -0.5689320388349514]",-0.6081553000000001,
CountRecallMedium,filterbank+proj,9,416,0.0,-0.9502914200000001,0.03625610709168319,-0.9278606585290482,-0.9255731525773195,625.0,"{'decomposition': 'legendre', 'n_filters': 12, 'slowest': 0.029334592739296388, 'input_scaling': 0.049068279099124805, 'bias_dist': 'uniform', 'bias_scaling': 0.46763789100254544, 'lr': 0.2715862958761201, 'weight_increment': 0.1852507853053407, 'min_window': 9, 'max_window': 16, 'use_full_instance': False, 'max_partners': 5, 'homeostasis': 'mean', 'target': 0.91, 'spread': 0.095, 'learning_rate': 0.0001}",dqn,100,linear,0.0001,,,,,,,
CountRecallMedium,filterbank+esn,5,416,38.50961538461539,-0.5902912621359221,0.106087676735128,-0.6061737615135672,,65.0,"{'decomposition': 'legendre', 'n_filters': 12, 'slowest': 0.0056263882716246225, 'input_scaling': 0.06344812061556386, 'bias_dist': 'foldnorm', 'bias_scaling': 0.24743237591527745, 'lr': 0.7604293811879814, 'sr': 1.3687477885807093, 'rc_connectivity': 0.0925705874783593}",bc,100,linear,,,-0.5436893203883495,-0.5972815533980583,0.0,"[-0.5436893203883495, -0.6427184466019417, -0.6310679611650485, -0.5766990291262135, -0.5922330097087378]",-0.6054369,
CountRecallMedium,filterbank+esn,0,224,77.11607142857143,-0.502135922330097,0.1112578999176684,-0.6526451357241926,-0.5662769962353873,267.0,"{'decomposition': 'legendre', 'n_filters': 6, 'slowest': 0.0478289795932646, 'input_scaling': 0.008244916083641632, 'bias_dist': 'uniform', 'bias_scaling': 0.2638519196064724, 'lr': 0.5612906327875121, 'sr': 1.3482730227934139, 'rc_connectivity': 0.3442777866182289, 'ridge': 6.8532073423887064e-06, 'gamma': 0.9970047221564742}",lspi,100,linear,,,,-0.5338834951456308,,"[-0.6310679611650485, -0.5805825242718445, -0.5708737864077669, -0.4932038834951456, -0.520388349514563, -0.5145631067961165, -0.5592233009708737, -0.520388349514563, -0.5533980582524272, -0.5417475728155339, -0.47766990291262135, -0.5631067961165048, -0.487378640776699, -0.5766990291262135, -0.4407766990291261, -0.5689320388349514, -0.5475728155339805, -0.5922330097087378, -0.48349514563106794, -0.45436893203883494]",,14.0
CountRecallMedium,filterbank+esn,1,224,77.11607142857143,-0.6807766990291261,0.097022113986033,-0.7675153556568257,-0.7212205270457697,271.0,"{'decomposition': 'legendre', 'n_filters': 6, 'slowest': 0.0478289795932646, 'input_scaling': 0.008244916083641632, 'bias_dist': 'uniform', 'bias_scaling': 0.2638519196064724, 'lr': 0.5612906327875121, 'sr': 1.3482730227934139, 'rc_connectivity': 0.3442777866182289, 'ridge': 6.8532073423887064e-06, 'gamma': 0.9970047221564742}",lspi,100,linear,,,,-0.7053398058252426,,"[-0.7747572815533978, -0.7650485436893202, -0.69126213592233, -0.7165048543689319, -0.69126213592233, -0.6873786407766989, -0.6970873786407765, -0.6854368932038833, -0.6990291262135921, -0.7145631067961163, -0.6291262135922329, -0.6679611650485435, -0.6893203883495145, -0.7553398058252425, -0.6796116504854368, -0.7165048543689319, -0.7456310679611649, -0.7048543689320387, -0.7165048543689319, -0.6796116504854368]",,10.0
CountRecallMedium,filterbank+proj,4,416,0.0,-0.92582542,0.036983064571281817,-0.9264625470745776,-0.9255931670103092,585.0,"{'decomposition': 'legendre', 'n_filters': 12, 'slowest': 0.029334592739296388, 'input_scaling': 0.049068279099124805, 'bias_dist': 'uniform', 'bias_scaling': 0.46763789100254544, 'lr': 0.2715862958761201, 'weight_increment': 0.1852507853053407, 'min_window': 9, 'max_window': 16, 'use_full_instance': False, 'max_partners': 5, 'homeostasis': 'mean', 'target': 0.91, 'spread': 0.095, 'learning_rate': 0.0003}",dqn,100,linear,0.0003,,,,,,,
CountRecallMedium,filterbank+esn,7,416,38.50961538461539,-0.5949514563106795,0.0985528237193621,-0.61949713716704,,65.0,"{'decomposition': 'legendre', 'n_filters': 12, 'slowest': 0.0056263882716246225, 'input_scaling': 0.06344812061556386, 'bias_dist': 'foldnorm', 'bias_scaling': 0.24743237591527745, 'lr': 0.7604293811879814, 'sr': 1.3687477885807093, 'rc_connectivity': 0.0925705874783593}",bc,100,linear,,,-0.6019417475728155,-0.6069902912621359,4.0,"[-0.6019417475728155, -0.6388349514563105, -0.6271844660194174, -0.6155339805825242, -0.5514563106796115]",-0.60737866,
CountRecallMedium,filterbank+esn,6,416,38.50961538461539,-0.5464077669902911,0.08930012433707481,-0.5893651979088871,,68.0,"{'decomposition': 'legendre', 'n_filters': 12, 'slowest': 0.0056263882716246225, 'input_scaling': 0.06344812061556386, 'bias_dist': 'foldnorm', 'bias_scaling': 0.24743237591527745, 'lr': 0.7604293811879814, 'sr': 1.3687477885807093, 'rc_connectivity': 0.0925705874783593}",bc,100,linear,,,-0.5533980582524272,-0.5864077669902912,2.0,"[-0.5533980582524272, -0.6796116504854368, -0.5514563106796115, -0.5533980582524272, -0.5941747572815533]",-0.5992232999999999,
CountRecallMedium,filterbank+esn,8,416,38.50961538461539,-0.575145631067961,0.10064473092303199,-0.5997809310430668,,67.0,"{'decomposition': 'legendre', 'n_filters': 12, 'slowest': 0.0056263882716246225, 'input_scaling': 0.06344812061556386, 'bias_dist': 'foldnorm', 'bias_scaling': 0.24743237591527745, 'lr': 0.7604293811879814, 'sr': 1.3687477885807093, 'rc_connectivity': 0.0925705874783593}",bc,100,linear,,,-0.5941747572815533,-0.6089320388349514,4.0,"[-0.5941747572815533, -0.6543689320388348, -0.6213592233009708, -0.5961165048543688, -0.578640776699029]",-0.6058252000000001,
CountRecallMedium,filterbank+esn,9,416,38.50961538461539,-0.5910679611650483,0.08977595934771575,-0.5963156584515807,,66.0,"{'decomposition': 'legendre', 'n_filters': 12, 'slowest': 0.0056263882716246225, 'input_scaling': 0.06344812061556386, 'bias_dist': 'foldnorm', 'bias_scaling': 0.24743237591527745, 'lr': 0.7604293811879814, 'sr': 1.3687477885807093, 'rc_connectivity': 0.0925705874783593}",bc,100,linear,,,-0.6310679611650485,-0.6054368932038834,4.0,"[-0.6310679611650485, -0.6679611650485435, -0.5922330097087378, -0.5728155339805825, -0.5631067961165048]",-0.5957281799999999,
CountRecallMedium,filterbank+esn,3,224,77.11607142857143,-0.553398058252427,0.1077626168971775,-0.6700911432534178,-0.5928274222310282,270.0,"{'decomposition': 'legendre', 'n_filters': 6, 'slowest': 0.0478289795932646, 'input_scaling': 0.008244916083641632, 'bias_dist': 'uniform', 'bias_scaling': 0.2638519196064724, 'lr': 0.5612906327875121, 'sr': 1.3482730227934139, 'rc_connectivity': 0.3442777866182289, 'ridge': 6.8532073423887064e-06, 'gamma': 0.9970047221564742}",lspi,100,linear,,,,-0.569029126213592,,"[-0.5242718446601942, -0.6776699029126212, -0.5961165048543688, -0.48349514563106794, -0.5844660194174757, -0.5436893203883495, -0.5631067961165048, -0.5087378640776699, -0.603883495145631, -0.5766990291262135, -0.5339805825242718, -0.5766990291262135, -0.5281553398058252, -0.607766990291262, -0.47961165048543686, -0.6504854368932038, -0.607766990291262, -0.6446601941747572, -0.574757281553398, -0.5145631067961165]",,14.0
CountRecallMedium,filterbank+esn,2,224,77.11607142857143,-0.5040776699029125,0.11671243642996733,-0.6430255597384583,-0.5423023578363384,271.0,"{'decomposition': 'legendre', 'n_filters': 6, 'slowest': 0.0478289795932646, 'input_scaling': 0.008244916083641632, 'bias_dist': 'uniform', 'bias_scaling': 0.2638519196064724, 'lr': 0.5612906327875121, 'sr': 1.3482730227934139, 'rc_connectivity': 0.3442777866182289, 'ridge': 6.8532073423887064e-06, 'gamma': 0.9970047221564742}",lspi,100,linear,,,,-0.5410679611650485,,"[-0.603883495145631, -0.6427184466019417, -0.6135922330097087, -0.5281553398058252, -0.545631067961165, -0.5378640776699029, -0.5592233009708737, -0.5106796116504854, -0.5689320388349514, -0.516504854368932, -0.4932038834951456, -0.5184466019417475, -0.4970873786407767, -0.5669902912621358, -0.4407766990291261, -0.5475728155339805, -0.545631067961165, -0.5611650485436892, -0.5572815533980582, -0.4660194174757281]",,14.0
CountRecallMedium,filterbank+hag,0,416,4.8485576923076925,-0.5728155339805824,0.09016067391257394,-0.579546925566343,,74.0,"{'decomposition': 'legendre', 'n_filters': 12, 'slowest': 0.029334592739296388, 'input_scaling': 0.049068279099124805, 'bias_dist': 'uniform', 'bias_scaling': 0.46763789100254544, 'lr': 0.2715862958761201, 'weight_increment': 0.1852507853053407, 'min_window': 9, 'max_window': 16, 'use_full_instance': False, 'max_partners': 5, 'homeostasis': 'mean', 'target': 0.91, 'spread': 0.095}",bc,100,linear,,,-0.5844660194174757,-0.5906796116504853,3.0,"[-0.5844660194174757, -0.6446601941747572, -0.607766990291262, -0.545631067961165, -0.5708737864077669]",-0.58990288,
CountRecallMedium,filterbank+proj,2,416,0.0,-0.8772816599999999,0.048573264908017055,-0.8858854356201071,-0.8787109309278349,635.0,"{'decomposition': 'legendre', 'n_filters': 12, 'slowest': 0.029334592739296388, 'input_scaling': 0.049068279099124805, 'bias_dist': 'uniform', 'bias_scaling': 0.46763789100254544, 'lr': 0.2715862958761201, 'weight_increment': 0.1852507853053407, 'min_window': 9, 'max_window': 16, 'use_full_instance': False, 'max_partners': 5, 'homeostasis': 'mean', 'target': 0.91, 'spread': 0.095, 'learning_rate': 0.0003}",dqn,100,linear,0.0003,,,,,,,
CountRecallMedium,filterbank+hag,1,416,4.954326923076923,-0.6089320388349513,0.10628367791154184,-0.6226039332835449,,73.0,"{'decomposition': 'legendre', 'n_filters': 12, 'slowest': 0.029334592739296388, 'input_scaling': 0.049068279099124805, 'bias_dist': 'uniform', 'bias_scaling': 0.46763789100254544, 'lr': 0.2715862958761201, 'weight_increment': 0.1852507853053407, 'min_window': 9, 'max_window': 16, 'use_full_instance': False, 'max_partners': 5, 'homeostasis': 'mean', 'target': 0.91, 'spread': 0.095}",bc,100,linear,,,-0.636893203883495,-0.6314563106796116,2.0,"[-0.636893203883495, -0.6679611650485435, -0.6019417475728155, -0.6135922330097087, -0.636893203883495]",-0.61747572,
CountRecallMedium,filterbank+proj,6,416,0.0,-0.9304856000000001,0.043260527868254225,-0.9284507058096417,-0.9298570123711339,608.0,"{'decomposition': 'legendre', 'n_filters': 12, 'slowest': 0.029334592739296388, 'input_scaling': 0.049068279099124805, 'bias_dist': 'uniform', 'bias_scaling': 0.46763789100254544, 'lr': 0.2715862958761201, 'weight_increment': 0.1852507853053407, 'min_window': 9, 'max_window': 16, 'use_full_instance': False, 'max_partners': 5, 'homeostasis': 'mean', 'target': 0.91, 'spread': 0.095, 'learning_rate': 0.0003}",dqn,100,linear,0.0003,,,,,,,
CountRecallMedium,filterbank+esn,4,224,77.11607142857143,-0.5289320388349512,0.11822739544076943,-0.6694868238557559,-0.5791559342183474,270.0,"{'decomposition': 'legendre', 'n_filters': 6, 'slowest': 0.0478289795932646, 'input_scaling': 0.008244916083641632, 'bias_dist': 'uniform', 'bias_scaling': 0.2638519196064724, 'lr': 0.5612906327875121, 'sr': 1.3482730227934139, 'rc_connectivity': 0.3442777866182289, 'ridge': 6.8532073423887064e-06, 'gamma': 0.9970047221564742}",lspi,100,linear,,,,-0.5577669902912621,,"[-0.5980582524271844, -0.6427184466019417, -0.5902912621359222, -0.4990291262135922, -0.5650485436893203, -0.5398058252427184, -0.5708737864077669, -0.4990291262135922, -0.5825242718446602, -0.5766990291262135, -0.5242718446601942, -0.5825242718446602, -0.545631067961165, -0.5631067961165048, -0.4757281553398058, -0.6058252427184465, -0.5766990291262135, -0.603883495145631, -0.5242718446601942, -0.4893203883495145]",,14.0
CountRecallMedium,filterbank+hag,2,416,4.961538461538462,-0.5829126213592231,0.11876385969196197,-0.5983071944236993,,73.0,"{'decomposition': 'legendre', 'n_filters': 12, 'slowest': 0.029334592739296388, 'input_scaling': 0.049068279099124805, 'bias_dist': 'uniform', 'bias_scaling': 0.46763789100254544, 'lr': 0.2715862958761201, 'weight_increment': 0.1852507853053407, 'min_window': 9, 'max_window': 16, 'use_full_instance': False, 'max_partners': 5, 'homeostasis': 'mean', 'target': 0.91, 'spread': 0.095}",bc,100,linear,,,-0.5650485436893203,-0.6085436893203883,0.0,"[-0.5650485436893203, -0.662135922330097, -0.6135922330097087, -0.607766990291262, -0.5941747572815533]",-0.5937864,
CountRecallMedium,filterbank+proj,7,416,0.0,-0.9219419000000001,0.049197981018432056,-0.9298128087144623,-0.9286559288659794,606.0,"{'decomposition': 'legendre', 'n_filters': 12, 'slowest': 0.029334592739296388, 'input_scaling': 0.049068279099124805, 'bias_dist': 'uniform', 'bias_scaling': 0.46763789100254544, 'lr': 0.2715862958761201, 'weight_increment': 0.1852507853053407, 'min_window': 9, 'max_window': 16, 'use_full_instance': False, 'max_partners': 5, 'homeostasis': 'mean', 'target': 0.91, 'spread': 0.095, 'learning_rate': 0.0003}",dqn,100,linear,0.0003,,,,,,,
CountRecallMedium,filterbank+esn,5,224,77.11607142857143,-0.5199999999999999,0.12721277384520052,-0.6508519912819496,-0.5473548642758074,271.0,"{'decomposition': 'legendre', 'n_filters': 6, 'slowest': 0.0478289795932646, 'input_scaling': 0.008244916083641632, 'bias_dist': 'uniform', 'bias_scaling': 0.2638519196064724, 'lr': 0.5612906327875121, 'sr': 1.3482730227934139, 'rc_connectivity': 0.3442777866182289, 'ridge': 6.8532073423887064e-06, 'gamma': 0.9970047221564742}",lspi,100,linear,,,,-0.5422330097087378,,"[-0.5631067961165048, -0.6213592233009708, -0.5825242718446602, -0.516504854368932, -0.578640776699029, -0.5553398058252427, -0.5514563106796115, -0.4757281553398058, -0.5902912621359222, -0.5378640776699029, -0.5242718446601942, -0.5087378640776699, -0.5281553398058252, -0.5631067961165048, -0.43689320388349506, -0.545631067961165, -0.5650485436893203, -0.5825242718446602, -0.5553398058252427, -0.46213592233009704]",,14.0
CountRecallMedium,filterbank+hag,4,416,4.913461538461538,-0.5883495145631066,0.09392921648503161,-0.5983470251431416,,74.0,"{'decomposition': 'legendre', 'n_filters': 12, 'slowest': 0.029334592739296388, 'input_scaling': 0.049068279099124805, 'bias_dist': 'uniform', 'bias_scaling': 0.46763789100254544, 'lr': 0.2715862958761201, 'weight_increment': 0.1852507853053407, 'min_window': 9, 'max_window': 16, 'use_full_instance': False, 'max_partners': 5, 'homeostasis': 'mean', 'target': 0.91, 'spread': 0.095}",bc,100,linear,,,-0.6194174757281552,-0.6085436893203882,4.0,"[-0.6194174757281552, -0.6233009708737863, -0.6233009708737863, -0.6116504854368932, -0.5650485436893203]",-0.6081553000000001,
CountRecallMedium,filterbank+hag,3,416,4.836538461538462,-0.5957281553398057,0.09620492157691671,-0.6091610654717451,,77.0,"{'decomposition': 'legendre', 'n_filters': 12, 'slowest': 0.029334592739296388, 'input_scaling': 0.049068279099124805, 'bias_dist': 'uniform', 'bias_scaling': 0.46763789100254544, 'lr': 0.2715862958761201, 'weight_increment': 0.1852507853053407, 'min_window': 9, 'max_window': 16, 'use_full_instance': False, 'max_partners': 5, 'homeostasis': 'mean', 'target': 0.91, 'spread': 0.095}",bc,100,linear,,,-0.5533980582524272,-0.5999999999999999,0.0,"[-0.5533980582524272, -0.6174757281553397, -0.6213592233009708, -0.5902912621359222, -0.6174757281553397]",-0.6,
CountRecallMedium,filterbank+proj,5,416,0.0,-0.9219419000000002,0.04045000230024715,-0.928940745158632,-0.9308579268041236,627.0,"{'decomposition': 'legendre', 'n_filters': 12, 'slowest': 0.029334592739296388, 'input_scaling': 0.049068279099124805, 'bias_dist': 'uniform', 'bias_scaling': 0.46763789100254544, 'lr': 0.2715862958761201, 'weight_increment': 0.1852507853053407, 'min_window': 9, 'max_window': 16, 'use_full_instance': False, 'max_partners': 5, 'homeostasis': 'mean', 'target': 0.91, 'spread': 0.095, 'learning_rate': 0.0003}",dqn,100,linear,0.0003,,,,,,,
CountRecallMedium,filterbank+hag,6,416,4.920673076923077,-0.5650485436893201,0.07949316306974259,-0.5905003734129947,,74.0,"{'decomposition': 'legendre', 'n_filters': 12, 'slowest': 0.029334592739296388, 'input_scaling': 0.049068279099124805, 'bias_dist': 'uniform', 'bias_scaling': 0.46763789100254544, 'lr': 0.2715862958761201, 'weight_increment': 0.1852507853053407, 'min_window': 9, 'max_window': 16, 'use_full_instance': False, 'max_partners': 5, 'homeostasis': 'mean', 'target': 0.91, 'spread': 0.095}",bc,100,linear,,,-0.5475728155339805,-0.5875728155339806,0.0,"[-0.5475728155339805, -0.6640776699029125, -0.5572815533980582, -0.5864077669902912, -0.5825242718446602]",-0.5992232999999999,
CountRecallMedium,filterbank+hag,5,416,4.923076923076923,-0.6073786407766988,0.10364567642632329,-0.6137814289270599,,75.0,"{'decomposition': 'legendre', 'n_filters': 12, 'slowest': 0.029334592739296388, 'input_scaling': 0.049068279099124805, 'bias_dist': 'uniform', 'bias_scaling': 0.46763789100254544, 'lr': 0.2715862958761201, 'weight_increment': 0.1852507853053407, 'min_window': 9, 'max_window': 16, 'use_full_instance': False, 'max_partners': 5, 'homeostasis': 'mean', 'target': 0.91, 'spread': 0.095}",bc,100,linear,,,-0.5592233009708737,-0.6038834951456311,0.0,"[-0.5592233009708737, -0.6310679611650485, -0.6407766990291262, -0.5766990291262135, -0.6116504854368932]",-0.6054369,
CountRecallMedium,filterbank+proj,3,416,0.0,-0.9339807599999999,0.03883497200079332,-0.9296987932632879,-0.9298970505154639,659.0,"{'decomposition': 'legendre', 'n_filters': 12, 'slowest': 0.029334592739296388, 'input_scaling': 0.049068279099124805, 'bias_dist': 'uniform', 'bias_scaling': 0.46763789100254544, 'lr': 0.2715862958761201, 'weight_increment': 0.1852507853053407, 'min_window': 9, 'max_window': 16, 'use_full_instance': False, 'max_partners': 5, 'homeostasis': 'mean', 'target': 0.91, 'spread': 0.095, 'learning_rate': 0.0003}",dqn,100,linear,0.0003,,,,,,,
CountRecallMedium,filterbank+proj,0,416,0.0,-0.7735922330097087,0.07445886726580352,-0.7403833706746327,,65.0,"{'decomposition': 'legendre', 'n_filters': 12, 'slowest': 0.029334592739296388, 'input_scaling': 0.049068279099124805, 'bias_dist': 'uniform', 'bias_scaling': 0.46763789100254544, 'lr': 0.2715862958761201, 'weight_increment': 0.1852507853053407, 'min_window': 9, 'max_window': 16, 'use_full_instance': False, 'max_partners': 5, 'homeostasis': 'mean', 'target': 0.91, 'spread': 0.095}",bc,100,linear,,,-0.7844660194174755,-0.7922330097087377,4.0,"[-0.7844660194174755, -0.8213592233009706, -0.8097087378640774, -0.7805825242718445, -0.7650485436893202]",-0.58990288,
CountRecallMedium,filterbank+esn,6,224,77.11607142857143,-0.5203883495145629,0.14312405212714857,-0.6451060035664752,-0.5413116702991877,271.0,"{'decomposition': 'legendre', 'n_filters': 6, 'slowest': 0.0478289795932646, 'input_scaling': 0.008244916083641632, 'bias_dist': 'uniform', 'bias_scaling': 0.2638519196064724, 'lr': 0.5612906327875121, 'sr': 1.3482730227934139, 'rc_connectivity': 0.3442777866182289, 'ridge': 6.8532073423887064e-06, 'gamma': 0.9970047221564742}",lspi,100,linear,,,,-0.5318446601941748,,"[-0.5728155339805825, -0.6116504854368932, -0.578640776699029, -0.48155339805825237, -0.5805825242718445, -0.4970873786407767, -0.5728155339805825, -0.47378640776699027, -0.5689320388349514, -0.5300970873786407, -0.48543689320388345, -0.5378640776699029, -0.5320388349514562, -0.5436893203883495, -0.43689320388349506, -0.5398058252427184, -0.5378640776699029, -0.5766990291262135, -0.5417475728155339, -0.43689320388349506]",,14.0
CountRecallMedium,filterbank+proj,1,416,0.0,-0.7961165048543687,0.07671746122383845,-0.771650485436893,,67.0,"{'decomposition': 'legendre', 'n_filters': 12, 'slowest': 0.029334592739296388, 'input_scaling': 0.049068279099124805, 'bias_dist': 'uniform', 'bias_scaling': 0.46763789100254544, 'lr': 0.2715862958761201, 'weight_increment': 0.1852507853053407, 'min_window': 9, 'max_window': 16, 'use_full_instance': False, 'max_partners': 5, 'homeostasis': 'mean', 'target': 0.91, 'spread': 0.095}",bc,100,linear,,,-0.8097087378640774,-0.8023300970873786,2.0,"[-0.8097087378640774, -0.8271844660194173, -0.753398058252427, -0.7941747572815532, -0.8271844660194173]",-0.61747572,
CountRecallMedium,filterbank+proj,2,416,0.0,-0.7945631067961163,0.07460860262486381,-0.7500224047796862,,65.0,"{'decomposition': 'legendre', 'n_filters': 12, 'slowest': 0.029334592739296388, 'input_scaling': 0.049068279099124805, 'bias_dist': 'uniform', 'bias_scaling': 0.46763789100254544, 'lr': 0.2715862958761201, 'weight_increment': 0.1852507853053407, 'min_window': 9, 'max_window': 16, 'use_full_instance': False, 'max_partners': 5, 'homeostasis': 'mean', 'target': 0.91, 'spread': 0.095}",bc,100,linear,,,-0.7572815533980581,-0.7732038834951455,0.0,"[-0.7572815533980581, -0.7902912621359222, -0.7650485436893202, -0.7669902912621358, -0.7864077669902911]",-0.5937864,
CountRecallMedium,filterbank+esn,7,224,77.11607142857143,-0.5219417475728154,0.13418529457168976,-0.6484446205666731,-0.5416088765603329,273.0,"{'decomposition': 'legendre', 'n_filters': 6, 'slowest': 0.0478289795932646, 'input_scaling': 0.008244916083641632, 'bias_dist': 'uniform', 'bias_scaling': 0.2638519196064724, 'lr': 0.5612906327875121, 'sr': 1.3482730227934139, 'rc_connectivity': 0.3442777866182289, 'ridge': 6.8532073423887064e-06, 'gamma': 0.9970047221564742}",lspi,100,linear,,,,-0.5344660194174756,,"[-0.6194174757281552, -0.6233009708737863, -0.5689320388349514, -0.5009708737864077, -0.516504854368932, -0.4932038834951456, -0.5864077669902912, -0.4718446601941747, -0.5572815533980582, -0.5592233009708737, -0.4990291262135922, -0.5592233009708737, -0.487378640776699, -0.5475728155339805, -0.47961165048543686, -0.5728155339805825, -0.5320388349514562, -0.545631067961165, -0.5029126213592232, -0.4660194174757281]",,19.0
CountRecallMedium,filterbank+hag,8,416,4.877403846153846,-0.5910679611650484,0.09176971017667032,-0.6009957679860591,,72.0,"{'decomposition': 'legendre', 'n_filters': 12, 'slowest': 0.029334592739296388, 'input_scaling': 0.049068279099124805, 'bias_dist': 'uniform', 'bias_scaling': 0.46763789100254544, 'lr': 0.2715862958761201, 'weight_increment': 0.1852507853053407, 'min_window': 9, 'max_window': 16, 'use_full_instance': False, 'max_partners': 5, 'homeostasis': 'mean', 'target': 0.91, 'spread': 0.095}",bc,100,linear,,,-0.5669902912621358,-0.6031067961165049,0.0,"[-0.5669902912621358, -0.6543689320388348, -0.6233009708737863, -0.5825242718446602, -0.5883495145631067]",-0.6058252000000001,
CountRecallMedium,filterbank+esn,8,224,77.11607142857143,-0.5250485436893202,0.12963023029623422,-0.6490093124628492,-0.555775708341589,270.0,"{'decomposition': 'legendre', 'n_filters': 6, 'slowest': 0.0478289795932646, 'input_scaling': 0.008244916083641632, 'bias_dist': 'uniform', 'bias_scaling': 0.2638519196064724, 'lr': 0.5612906327875121, 'sr': 1.3482730227934139, 'rc_connectivity': 0.3442777866182289, 'ridge': 6.8532073423887064e-06, 'gamma': 0.9970047221564742}",lspi,100,linear,,,,-0.5371844660194174,,"[-0.6213592233009708, -0.6233009708737863, -0.5631067961165048, -0.44660194174757273, -0.5126213592233009, -0.5320388349514562, -0.5398058252427184, -0.4990291262135922, -0.5883495145631067, -0.5184466019417475, -0.49126213592233003, -0.5359223300970873, -0.48543689320388345, -0.5611650485436892, -0.4951456310679611, -0.6116504854368932, -0.5572815533980582, -0.5941747572815533, -0.5126213592233009, -0.45436893203883494]",,3.0
CountRecallMedium,filterbank+proj,8,416,0.0,-0.9048545599999999,0.0454967119810476,-0.9128655159662136,-0.9121610783505154,624.0,"{'decomposition': 'legendre', 'n_filters': 12, 'slowest': 0.029334592739296388, 'input_scaling': 0.049068279099124805, 'bias_dist': 'uniform', 'bias_scaling': 0.46763789100254544, 'lr': 0.2715862958761201, 'weight_increment': 0.1852507853053407, 'min_window': 9, 'max_window': 16, 'use_full_instance': False, 'max_partners': 5, 'homeostasis': 'mean', 'target': 0.91, 'spread': 0.095, 'learning_rate': 0.0003}",dqn,100,linear,0.0003,,,,,,,
CountRecallMedium,filterbank+hag,7,416,4.935096153846154,-0.5953398058252426,0.09934159725720243,-0.6215683345780433,,77.0,"{'decomposition': 'legendre', 'n_filters': 12, 'slowest': 0.029334592739296388, 'input_scaling': 0.049068279099124805, 'bias_dist': 'uniform', 'bias_scaling': 0.46763789100254544, 'lr': 0.2715862958761201, 'weight_increment': 0.1852507853053407, 'min_window': 9, 'max_window': 16, 'use_full_instance': False, 'max_partners': 5, 'homeostasis': 'mean', 'target': 0.91, 'spread': 0.095}",bc,100,linear,,,-0.6116504854368932,-0.6135922330097087,4.0,"[-0.6116504854368932, -0.6485436893203882, -0.6349514563106795, -0.6097087378640775, -0.5631067961165048]",-0.60737866,
CountRecallMedium,filterbank+proj,0,416,0.0,-0.88582532,0.0524832830571564,-0.8913118529048207,-0.8826945329896907,591.0,"{'decomposition': 'legendre', 'n_filters': 12, 'slowest': 0.029334592739296388, 'input_scaling': 0.049068279099124805, 'bias_dist': 'uniform', 'bias_scaling': 0.46763789100254544, 'lr': 0.2715862958761201, 'weight_increment': 0.1852507853053407, 'min_window': 9, 'max_window': 16, 'use_full_instance': False, 'max_partners': 5, 'homeostasis': 'mean', 'target': 0.91, 'spread': 0.095, 'learning_rate': 0.001}",dqn,100,linear,0.001,,,,,,,
CountRecallMedium,filterbank+hag,9,416,4.896634615384615,-0.5848543689320386,0.09731158577567156,-0.5964948966890714,,74.0,"{'decomposition': 'legendre', 'n_filters': 12, 'slowest': 0.029334592739296388, 'input_scaling': 0.049068279099124805, 'bias_dist': 'uniform', 'bias_scaling': 0.46763789100254544, 'lr': 0.2715862958761201, 'weight_increment': 0.1852507853053407, 'min_window': 9, 'max_window': 16, 'use_full_instance': False, 'max_partners': 5, 'homeostasis': 'mean', 'target': 0.91, 'spread': 0.095}",bc,100,linear,,,-0.6155339805825242,-0.6097087378640775,3.0,"[-0.6155339805825242, -0.6699029126213591, -0.5941747572815533, -0.5844660194174757, -0.5844660194174757]",-0.5957281799999999,
CountRecallMedium,filterbank+proj,3,416,0.0,-0.7829126213592231,0.07210030612077188,-0.7557181976599451,,65.0,"{'decomposition': 'legendre', 'n_filters': 12, 'slowest': 0.029334592739296388, 'input_scaling': 0.049068279099124805, 'bias_dist': 'uniform', 'bias_scaling': 0.46763789100254544, 'lr': 0.2715862958761201, 'weight_increment': 0.1852507853053407, 'min_window': 9, 'max_window': 16, 'use_full_instance': False, 'max_partners': 5, 'homeostasis': 'mean', 'target': 0.91, 'spread': 0.095}",bc,100,linear,,,-0.7359223300970872,-0.7825242718446601,0.0,"[-0.7359223300970872, -0.8058252427184464, -0.7980582524271843, -0.7864077669902911, -0.7864077669902911]",-0.6,
CountRecallMedium,filterbank+esn,9,224,77.11607142857143,-0.502135922330097,0.13327575971294225,-0.6562413314840498,-0.5662769962353873,273.0,"{'decomposition': 'legendre', 'n_filters': 6, 'slowest': 0.0478289795932646, 'input_scaling': 0.008244916083641632, 'bias_dist': 'uniform', 'bias_scaling': 0.2638519196064724, 'lr': 0.5612906327875121, 'sr': 1.3482730227934139, 'rc_connectivity': 0.3442777866182289, 'ridge': 6.8532073423887064e-06, 'gamma': 0.9970047221564742}",lspi,100,linear,,,,-0.5375728155339805,,"[-0.6058252427184465, -0.6116504854368932, -0.5825242718446602, -0.47378640776699027, -0.5514563106796115, -0.5320388349514562, -0.5864077669902912, -0.4679611650485437, -0.5766990291262135, -0.5398058252427184, -0.4640776699029126, -0.5398058252427184, -0.4990291262135922, -0.6019417475728155, -0.4757281553398058, -0.5320388349514562, -0.5320388349514562, -0.5883495145631067, -0.5378640776699029, -0.45242718446601937]",,19.0
CountRecallMedium,filterbank+proj,4,416,0.0,-0.7603883495145628,0.0650540499046167,-0.7358426686582025,,66.0,"{'decomposition': 'legendre', 'n_filters': 12, 'slowest': 0.029334592739296388, 'input_scaling': 0.049068279099124805, 'bias_dist': 'uniform', 'bias_scaling': 0.46763789100254544, 'lr': 0.2715862958761201, 'weight_increment': 0.1852507853053407, 'min_window': 9, 'max_window': 16, 'use_full_instance': False, 'max_partners': 5, 'homeostasis': 'mean', 'target': 0.91, 'spread': 0.095}",bc,100,linear,,,-0.7805825242718445,-0.778640776699029,1.0,"[-0.7805825242718445, -0.7553398058252425, -0.7844660194174755, -0.7922330097087377, -0.7805825242718445]",-0.6081553000000001,
CountRecallMedium,filterbank+proj,5,416,0.0,-0.7867961165048543,0.07414221824792261,-0.7532088623350757,,66.0,"{'decomposition': 'legendre', 'n_filters': 12, 'slowest': 0.029334592739296388, 'input_scaling': 0.049068279099124805, 'bias_dist': 'uniform', 'bias_scaling': 0.46763789100254544, 'lr': 0.2715862958761201, 'weight_increment': 0.1852507853053407, 'min_window': 9, 'max_window': 16, 'use_full_instance': False, 'max_partners': 5, 'homeostasis': 'mean', 'target': 0.91, 'spread': 0.095}",bc,100,linear,,,-0.7553398058252425,-0.7627184466019414,3.0,"[-0.7553398058252425, -0.7864077669902911, -0.7689320388349513, -0.7456310679611649, -0.7572815533980581]",-0.6054369,
CountRecallMedium,filterbank+proj,1,416,0.0,-0.9258253399999999,0.04439602918622792,-0.9282226922126081,-0.9246122927835051,590.0,"{'decomposition': 'legendre', 'n_filters': 12, 'slowest': 0.029334592739296388, 'input_scaling': 0.049068279099124805, 'bias_dist': 'uniform', 'bias_scaling': 0.46763789100254544, 'lr': 0.2715862958761201, 'weight_increment': 0.1852507853053407, 'min_window': 9, 'max_window': 16, 'use_full_instance': False, 'max_partners': 5, 'homeostasis': 'mean', 'target': 0.91, 'spread': 0.095, 'learning_rate': 0.001}",dqn,100,linear,0.001,,,,,,,
CountRecallMedium,filterbank+proj,2,416,0.0,-0.87805834,0.054096503268366625,-0.8876935767408323,-0.883415180412371,586.0,"{'decomposition': 'legendre', 'n_filters': 12, 'slowest': 0.029334592739296388, 'input_scaling': 0.049068279099124805, 'bias_dist': 'uniform', 'bias_scaling': 0.46763789100254544, 'lr': 0.2715862958761201, 'weight_increment': 0.1852507853053407, 'min_window': 9, 'max_window': 16, 'use_full_instance': False, 'max_partners': 5, 'homeostasis': 'mean', 'target': 0.91, 'spread': 0.095, 'learning_rate': 0.001}",dqn,100,linear,0.001,,,,,,,
CountRecallMedium,filterbank+proj,6,416,0.0,-0.7631067961165047,0.08052986933331151,-0.7472740851381626,,66.0,"{'decomposition': 'legendre', 'n_filters': 12, 'slowest': 0.029334592739296388, 'input_scaling': 0.049068279099124805, 'bias_dist': 'uniform', 'bias_scaling': 0.46763789100254544, 'lr': 0.2715862958761201, 'weight_increment': 0.1852507853053407, 'min_window': 9, 'max_window': 16, 'use_full_instance': False, 'max_partners': 5, 'homeostasis': 'mean', 'target': 0.91, 'spread': 0.095}",bc,100,linear,,,-0.7708737864077668,-0.7813592233009706,2.0,"[-0.7708737864077668, -0.8058252427184464, -0.7436893203883493, -0.8058252427184464, -0.7805825242718445]",-0.5992232999999999,
CountRecallMedium,filterbank+proj,4,416,0.0,-0.8982525600000001,0.054997806050118045,-0.9303068468273588,-0.9297168886597938,583.0,"{'decomposition': 'legendre', 'n_filters': 12, 'slowest': 0.029334592739296388, 'input_scaling': 0.049068279099124805, 'bias_dist': 'uniform', 'bias_scaling': 0.46763789100254544, 'lr': 0.2715862958761201, 'weight_increment': 0.1852507853053407, 'min_window': 9, 'max_window': 16, 'use_full_instance': False, 'max_partners': 5, 'homeostasis': 'mean', 'target': 0.91, 'spread': 0.095, 'learning_rate': 0.001}",dqn,100,linear,0.001,,,,,,,
CountRecallMedium,filterbank+proj,9,416,0.0,-0.92854388,0.04618582267304114,-0.9294707753399258,-0.9259334628865977,632.0,"{'decomposition': 'legendre', 'n_filters': 12, 'slowest': 0.029334592739296388, 'input_scaling': 0.049068279099124805, 'bias_dist': 'uniform', 'bias_scaling': 0.46763789100254544, 'lr': 0.2715862958761201, 'weight_increment': 0.1852507853053407, 'min_window': 9, 'max_window': 16, 'use_full_instance': False, 'max_partners': 5, 'homeostasis': 'mean', 'target': 0.91, 'spread': 0.095, 'learning_rate': 0.0003}",dqn,100,linear,0.0003,,,,,,,
CountRecallMedium,filterbank+proj,7,416,0.0,-0.7805825242718444,0.07057391007916985,-0.75227284042818,,64.0,"{'decomposition': 'legendre', 'n_filters': 12, 'slowest': 0.029334592739296388, 'input_scaling': 0.049068279099124805, 'bias_dist': 'uniform', 'bias_scaling': 0.46763789100254544, 'lr': 0.2715862958761201, 'weight_increment': 0.1852507853053407, 'min_window': 9, 'max_window': 16, 'use_full_instance': False, 'max_partners': 5, 'homeostasis': 'mean', 'target': 0.91, 'spread': 0.095}",bc,100,linear,,,-0.7631067961165047,-0.7770873786407766,4.0,"[-0.7631067961165047, -0.7980582524271843, -0.7883495145631066, -0.7961165048543688, -0.7398058252427183]",-0.60737866,
CountRecallMedium,filterbank+proj,9,416,0.0,-0.7646601941747571,0.07466417099007536,-0.7367986059248193,,64.0,"{'decomposition': 'legendre', 'n_filters': 12, 'slowest': 0.029334592739296388, 'input_scaling': 0.049068279099124805, 'bias_dist': 'uniform', 'bias_scaling': 0.46763789100254544, 'lr': 0.2715862958761201, 'weight_increment': 0.1852507853053407, 'min_window': 9, 'max_window': 16, 'use_full_instance': False, 'max_partners': 5, 'homeostasis': 'mean', 'target': 0.91, 'spread': 0.095}",bc,100,linear,,,-0.7941747572815532,-0.782912621359223,2.0,"[-0.7941747572815532, -0.8291262135922327, -0.7417475728155338, -0.7902912621359222, -0.7592233009708736]",-0.5957281799999999,
CountRecallMedium,filterbank+proj,8,416,0.0,-0.7949514563106794,0.08091847155348504,-0.754403783918347,,66.0,"{'decomposition': 'legendre', 'n_filters': 12, 'slowest': 0.029334592739296388, 'input_scaling': 0.049068279099124805, 'bias_dist': 'uniform', 'bias_scaling': 0.46763789100254544, 'lr': 0.2715862958761201, 'weight_increment': 0.1852507853053407, 'min_window': 9, 'max_window': 16, 'use_full_instance': False, 'max_partners': 5, 'homeostasis': 'mean', 'target': 0.91, 'spread': 0.095}",bc,100,linear,,,-0.7514563106796115,-0.7813592233009707,0.0,"[-0.7514563106796115, -0.7902912621359222, -0.7922330097087377, -0.807766990291262, -0.7650485436893202]",-0.6058252000000001,
CountRecallMedium,filterbank+proj,6,416,0.0,-0.9234953,0.044348479602011166,-0.9281806842810054,-0.9283156278350515,579.0,"{'decomposition': 'legendre', 'n_filters': 12, 'slowest': 0.029334592739296388, 'input_scaling': 0.049068279099124805, 'bias_dist': 'uniform', 'bias_scaling': 0.46763789100254544, 'lr': 0.2715862958761201, 'weight_increment': 0.1852507853053407, 'min_window': 9, 'max_window': 16, 'use_full_instance': False, 'max_partners': 5, 'homeostasis': 'mean', 'target': 0.91, 'spread': 0.095, 'learning_rate': 0.001}",dqn,100,linear,0.001,,,,,,,
CountRecallMedium,filterbank+proj,3,416,0.0,-0.9215534999999998,0.03804240892806343,-0.9288547359909353,-0.9284757649484536,624.0,"{'decomposition': 'legendre', 'n_filters': 12, 'slowest': 0.029334592739296388, 'input_scaling': 0.049068279099124805, 'bias_dist': 'uniform', 'bias_scaling': 0.46763789100254544, 'lr': 0.2715862958761201, 'weight_increment': 0.1852507853053407, 'min_window': 9, 'max_window': 16, 'use_full_instance': False, 'max_partners': 5, 'homeostasis': 'mean', 'target': 0.91, 'spread': 0.095, 'learning_rate': 0.001}",dqn,100,linear,0.001,,,,,,,
CountRecallMedium,filterbank+proj,7,416,0.0,-0.9246603599999998,0.034873737272486306,-0.9293907747218789,-0.9271145474226804,583.0,"{'decomposition': 'legendre', 'n_filters': 12, 'slowest': 0.029334592739296388, 'input_scaling': 0.049068279099124805, 'bias_dist': 'uniform', 'bias_scaling': 0.46763789100254544, 'lr': 0.2715862958761201, 'weight_increment': 0.1852507853053407, 'min_window': 9, 'max_window': 16, 'use_full_instance': False, 'max_partners': 5, 'homeostasis': 'mean', 'target': 0.91, 'spread': 0.095, 'learning_rate': 0.001}",dqn,100,linear,0.001,,,,,,,
CountRecallMedium,filterbank+proj,8,416,0.0,-0.9192234200000001,0.03929055860844435,-0.928360699526164,-0.9289962237113402,586.0,"{'decomposition': 'legendre', 'n_filters': 12, 'slowest': 0.029334592739296388, 'input_scaling': 0.049068279099124805, 'bias_dist': 'uniform', 'bias_scaling': 0.46763789100254544, 'lr': 0.2715862958761201, 'weight_increment': 0.1852507853053407, 'min_window': 9, 'max_window': 16, 'use_full_instance': False, 'max_partners': 5, 'homeostasis': 'mean', 'target': 0.91, 'spread': 0.095, 'learning_rate': 0.001}",dqn,100,linear,0.001,,,,,,,
CountRecallMedium,filterbank+proj,9,416,0.0,-0.92582542,0.04158971987262719,-0.9293747743098477,-0.9302173422680412,580.0,"{'decomposition': 'legendre', 'n_filters': 12, 'slowest': 0.029334592739296388, 'input_scaling': 0.049068279099124805, 'bias_dist': 'uniform', 'bias_scaling': 0.46763789100254544, 'lr': 0.2715862958761201, 'weight_increment': 0.1852507853053407, 'min_window': 9, 'max_window': 16, 'use_full_instance': False, 'max_partners': 5, 'homeostasis': 'mean', 'target': 0.91, 'spread': 0.095, 'learning_rate': 0.001}",dqn,100,linear,0.001,,,,,,,
CountRecallMedium,filterbank+proj,5,416,0.0,-0.91184482,0.050665862169981875,-0.928860734857849,-0.9310180659793815,629.0,"{'decomposition': 'legendre', 'n_filters': 12, 'slowest': 0.029334592739296388, 'input_scaling': 0.049068279099124805, 'bias_dist': 'uniform', 'bias_scaling': 0.46763789100254544, 'lr': 0.2715862958761201, 'weight_increment': 0.1852507853053407, 'min_window': 9, 'max_window': 16, 'use_full_instance': False, 'max_partners': 5, 'homeostasis': 'mean', 'target': 0.91, 'spread': 0.095, 'learning_rate': 0.001}",dqn,100,linear,0.001,,,,,,,
CountRecallMedium,filterbank+proj,2,416,0.0,-0.87961176,0.04461801459480689,-0.8895317184796044,-0.8827145453608247,587.0,"{'decomposition': 'legendre', 'n_filters': 12, 'slowest': 0.029334592739296388, 'input_scaling': 0.049068279099124805, 'bias_dist': 'uniform', 'bias_scaling': 0.46763789100254544, 'lr': 0.2715862958761201, 'weight_increment': 0.1852507853053407, 'min_window': 9, 'max_window': 16, 'use_full_instance': False, 'max_partners': 5, 'homeostasis': 'mean', 'target': 0.91, 'spread': 0.095, 'learning_rate': 0.003}",dqn,100,linear,0.003,,,,,,,
CountRecallMedium,filterbank+proj,0,416,0.0,-0.8959224000000002,0.04423779124730349,-0.8902197731767615,-0.8846963360824741,609.0,"{'decomposition': 'legendre', 'n_filters': 12, 'slowest': 0.029334592739296388, 'input_scaling': 0.049068279099124805, 'bias_dist': 'uniform', 'bias_scaling': 0.46763789100254544, 'lr': 0.2715862958761201, 'weight_increment': 0.1852507853053407, 'min_window': 9, 'max_window': 16, 'use_full_instance': False, 'max_partners': 5, 'homeostasis': 'mean', 'target': 0.91, 'spread': 0.095, 'learning_rate': 0.003}",dqn,100,linear,0.003,,,,,,,
CountRecallMedium,filterbank+proj,3,416,0.0,-0.92271858,0.04063593514764488,-0.9300108309641534,-0.9289962422680412,609.0,"{'decomposition': 'legendre', 'n_filters': 12, 'slowest': 0.029334592739296388, 'input_scaling': 0.049068279099124805, 'bias_dist': 'uniform', 'bias_scaling': 0.46763789100254544, 'lr': 0.2715862958761201, 'weight_increment': 0.1852507853053407, 'min_window': 9, 'max_window': 16, 'use_full_instance': False, 'max_partners': 5, 'homeostasis': 'mean', 'target': 0.91, 'spread': 0.095, 'learning_rate': 0.003}",dqn,100,linear,0.003,,,,,,,
CountRecallMedium,filterbank+proj,4,416,0.0,-0.8819419,0.05075956686665086,-0.8914878683559951,-0.8859975144329896,582.0,"{'decomposition': 'legendre', 'n_filters': 12, 'slowest': 0.029334592739296388, 'input_scaling': 0.049068279099124805, 'bias_dist': 'uniform', 'bias_scaling': 0.46763789100254544, 'lr': 0.2715862958761201, 'weight_increment': 0.1852507853053407, 'min_window': 9, 'max_window': 16, 'use_full_instance': False, 'max_partners': 5, 'homeostasis': 'mean', 'target': 0.91, 'spread': 0.095, 'learning_rate': 0.003}",dqn,100,linear,0.003,,,,,,,
CountRecallMedium,filterbank+proj,1,416,0.0,-0.9285438799999999,0.049951010840478496,-0.9281986850020602,-0.9304375412371134,628.0,"{'decomposition': 'legendre', 'n_filters': 12, 'slowest': 0.029334592739296388, 'input_scaling': 0.049068279099124805, 'bias_dist': 'uniform', 'bias_scaling': 0.46763789100254544, 'lr': 0.2715862958761201, 'weight_increment': 0.1852507853053407, 'min_window': 9, 'max_window': 16, 'use_full_instance': False, 'max_partners': 5, 'homeostasis': 'mean', 'target': 0.91, 'spread': 0.095, 'learning_rate': 0.003}",dqn,100,linear,0.003,,,,,,,
CountRecallMedium,filterbank+proj,6,416,0.0,-0.9277671599999999,0.04055241083603293,-0.9313689318088175,-0.933620418556701,576.0,"{'decomposition': 'legendre', 'n_filters': 12, 'slowest': 0.029334592739296388, 'input_scaling': 0.049068279099124805, 'bias_dist': 'uniform', 'bias_scaling': 0.46763789100254544, 'lr': 0.2715862958761201, 'weight_increment': 0.1852507853053407, 'min_window': 9, 'max_window': 16, 'use_full_instance': False, 'max_partners': 5, 'homeostasis': 'mean', 'target': 0.91, 'spread': 0.095, 'learning_rate': 0.003}",dqn,100,linear,0.003,,,,,,,
CountRecallMedium,filterbank+proj,5,416,0.0,-0.9704856000000001,0.028068773625507748,-0.9306628757725589,-0.9323592731958762,589.0,"{'decomposition': 'legendre', 'n_filters': 12, 'slowest': 0.029334592739296388, 'input_scaling': 0.049068279099124805, 'bias_dist': 'uniform', 'bias_scaling': 0.46763789100254544, 'lr': 0.2715862958761201, 'weight_increment': 0.1852507853053407, 'min_window': 9, 'max_window': 16, 'use_full_instance': False, 'max_partners': 5, 'homeostasis': 'mean', 'target': 0.91, 'spread': 0.095, 'learning_rate': 0.003}",dqn,100,linear,0.003,,,,,,,
CountRecallMedium,filterbank+proj,7,416,0.0,-0.92233026,0.0480361612466317,-0.9303128559950555,-0.9317387185567011,565.0,"{'decomposition': 'legendre', 'n_filters': 12, 'slowest': 0.029334592739296388, 'input_scaling': 0.049068279099124805, 'bias_dist': 'uniform', 'bias_scaling': 0.46763789100254544, 'lr': 0.2715862958761201, 'weight_increment': 0.1852507853053407, 'min_window': 9, 'max_window': 16, 'use_full_instance': False, 'max_partners': 5, 'homeostasis': 'mean', 'target': 0.91, 'spread': 0.095, 'learning_rate': 0.003}",dqn,100,linear,0.003,,,,,,,
CountRecallMedium,filterbank+proj,8,416,0.0,-0.9250487199999999,0.04512388609951054,-0.9296748034610631,-0.9300572041237112,558.0,"{'decomposition': 'legendre', 'n_filters': 12, 'slowest': 0.029334592739296388, 'input_scaling': 0.049068279099124805, 'bias_dist': 'uniform', 'bias_scaling': 0.46763789100254544, 'lr': 0.2715862958761201, 'weight_increment': 0.1852507853053407, 'min_window': 9, 'max_window': 16, 'use_full_instance': False, 'max_partners': 5, 'homeostasis': 'mean', 'target': 0.91, 'spread': 0.095, 'learning_rate': 0.003}",dqn,100,linear,0.003,,,,,,,
CountRecallMedium,filterbank+proj,9,416,0.0,-0.9114565,0.04167488121698729,-0.9281706878862792,-0.9278952484536082,595.0,"{'decomposition': 'legendre', 'n_filters': 12, 'slowest': 0.029334592739296388, 'input_scaling': 0.049068279099124805, 'bias_dist': 'uniform', 'bias_scaling': 0.46763789100254544, 'lr': 0.2715862958761201, 'weight_increment': 0.1852507853053407, 'min_window': 9, 'max_window': 16, 'use_full_instance': False, 'max_partners': 5, 'homeostasis': 'mean', 'target': 0.91, 'spread': 0.095, 'learning_rate': 0.003}",dqn,100,linear,0.003,,,,,,,
CountRecallMedium,obs,2,8,,-0.9234952800000003,0.03987162938684098,-0.9250562517741439,-0.9224700833333332,544.0,{'learning_rate': 0.0003},ppo,0,64x64,0.0003,,,,,,,
CountRecallMedium,obs,4,8,,-0.9293205000000002,0.03658745983325436,-0.9265061204360795,-0.9264854423868313,541.0,{'learning_rate': 0.0003},ppo,0,64x64,0.0003,,,,,,,
CountRecallMedium,obs,1,8,,-0.92621374,0.04164586615778811,-0.9254796283040213,-0.9266252777777778,545.0,{'learning_rate': 0.0003},ppo,0,64x64,0.0003,,,,,,,
CountRecallMedium,obs,0,8,,-0.9231069799999999,0.04035105523551523,-0.9245270249922863,-0.9248473179012345,546.0,{'learning_rate': 0.0003},ppo,0,64x64,0.0003,,,,,,,
CountRecallMedium,obs,3,8,,-0.9165049999999999,0.05096862012650531,-0.925255955260722,-0.9243878641975309,544.0,{'learning_rate': 0.0003},ppo,0,64x64,0.0003,,,,,,,
CountRecallMedium,obs,5,8,,-0.9281554799999999,0.040961271079027826,-0.9250462655558983,-0.9264454866255144,542.0,{'learning_rate': 0.0003},ppo,0,64x64,0.0003,,,,,,,
CountRecallMedium,obs,9,8,,-0.9188350799999999,0.04983751963163496,-0.9244850912269877,-0.925626427983539,540.0,{'learning_rate': 0.0003},ppo,0,64x64,0.0003,,,,,,,
CountRecallMedium,obs,2,8,,-0.92349536,0.03753353464770406,-0.9252240005142445,-0.9249072592592592,537.0,{'learning_rate': 0.001},ppo,0,64x64,0.001,,,,,,,
CountRecallMedium,obs,7,8,,-0.9180584200000002,0.04259299787246257,-0.924742706263499,-0.9251469938271605,545.0,{'learning_rate': 0.0003},ppo,0,64x64,0.0003,,,,,,,
CountRecallMedium,obs,1,8,,-0.92466038,0.04103294181990368,-0.9250482650416537,-0.923389037037037,542.0,{'learning_rate': 0.001},ppo,0,64x64,0.001,,,,,,,
CountRecallMedium,obs,6,8,,-0.9188351200000001,0.04922862775403759,-0.9244771005862391,-0.9242280576131687,547.0,{'learning_rate': 0.0003},ppo,0,64x64,0.0003,,,,,,,
CountRecallMedium,obs,4,8,,-0.9297088999999998,0.03535689149642543,-0.9261286713977166,-0.9277239989711934,541.0,{'learning_rate': 0.001},ppo,0,64x64,0.001,,,,,,,
CountRecallMedium,obs,8,8,,-0.93203898,0.03984134730527572,-0.9245769536151394,-0.9228097026748971,548.0,{'learning_rate': 0.0003},ppo,0,64x64,0.0003,,,,,,,
CountRecallMedium,obs,8,8,,-0.9316507199999999,0.03564371227918888,-0.9251441212588707,-0.9250670812757202,541.0,{'learning_rate': 0.001},ppo,0,64x64,0.001,,,,,,,
CountRecallMedium,obs,1,8,,-0.92699048,0.04504859689723533,-0.9254496732489973,-0.9267850853909465,540.0,{'learning_rate': 0.003},ppo,0,64x64,0.003,,,,,,,
CountRecallMedium,obs,9,8,,-0.92582542,0.04011299317033823,-0.9254376897048235,-0.9253068086419753,541.0,{'learning_rate': 0.001},ppo,0,64x64,0.001,,,,,,,
CountRecallMedium,obs,0,8,,-0.9211651399999999,0.04062114233253911,-0.9246907837087319,-0.9262057530864198,548.0,{'learning_rate': 0.001},ppo,0,64x64,0.001,,,,,,,
CountRecallMedium,obs,7,8,,-0.9133982199999998,0.0443144767642765,-0.924359271006891,-0.9254066841563785,544.0,{'learning_rate': 0.001},ppo,0,64x64,0.001,,,,,,,
CountRecallMedium,obs,2,8,,-0.9254370999999999,0.043307506634416175,-0.9257212747094518,-0.923888438271605,541.0,{'learning_rate': 0.003},ppo,0,64x64,0.003,,,,,,,
CountRecallMedium,obs,5,8,,-0.9231069400000002,0.03642220548589007,-0.9262704640543044,-0.9266053055555555,545.0,{'learning_rate': 0.001},ppo,0,64x64,0.001,,,,,,,
CountRecallMedium,obs,3,8,,-0.9141749400000001,0.04000004602017854,-0.9244591262984675,-0.9252868230452674,546.0,{'learning_rate': 0.001},ppo,0,64x64,0.001,,,,,,,
CountRecallMedium,obs,3,8,,-0.9133982,0.03789347087243396,-0.9252619472385066,-0.9253667283950616,542.0,{'learning_rate': 0.003},ppo,0,64x64,0.003,,,,,,,
CountRecallMedium,obs,0,8,,-0.9219419000000001,0.04007531656631051,-0.926909528437725,-0.9237485997942387,549.0,{'learning_rate': 0.003},ppo,0,64x64,0.003,,,,,,,
CountRecallMedium,obs,6,8,,-0.9281555200000001,0.03413287798134814,-0.9243033560629436,-0.9243678734567901,553.0,{'learning_rate': 0.001},ppo,0,64x64,0.001,,,,,,,
CountRecallMedium,obs,6,8,,-0.9165049999999999,0.035645805265136055,-0.926118690424766,-0.9240682386831276,545.0,{'learning_rate': 0.003},ppo,0,64x64,0.003,,,,,,,
CountRecallMedium,obs,4,8,,-0.9207768199999999,0.04769591577428408,-0.9262964251774144,-0.9263455823045267,556.0,{'learning_rate': 0.003},ppo,0,64x64,0.003,,,,,,,
CountRecallMedium,obs,7,8,,-0.93126228,0.035211570036588834,-0.9258710499845727,-0.9285830010288065,538.0,{'learning_rate': 0.003},ppo,0,64x64,0.003,,,,,,,
CountRecallMedium,obs,9,8,,-0.9273788199999999,0.0399472879213045,-0.9249863479378791,-0.924667549382716,539.0,{'learning_rate': 0.003},ppo,0,64x64,0.003,,,,,,,
CountRecallMedium,obs,5,8,,-0.9114564599999998,0.04239251145011817,-0.9256573672734753,-0.9250271275720164,560.0,{'learning_rate': 0.003},ppo,0,64x64,0.003,,,,,,,
CountRecallMedium,obs,0,8,,-0.92466032,0.04300705615428241,-0.9244131958243339,-0.9237885658436213,536.0,{'learning_rate': 0.01},ppo,0,64x64,0.01,,,,,,,
CountRecallMedium,obs,8,8,,-0.93009734,0.03785163685158676,-0.9257432416949501,-0.9260859135802469,545.0,{'learning_rate': 0.003},ppo,0,64x64,0.003,,,,,,,
CountRecallMedium,obs,1,8,,-0.92155356,0.03824016770369085,-0.9254796302581507,-0.9256264372427984,538.0,{'learning_rate': 0.01},ppo,0,64x64,0.01,,,,,,,
CountRecallMedium,obs,3,8,,-0.9304855799999998,0.036241604145009924,-0.9246288740100791,-0.9239084218106997,538.0,{'learning_rate': 0.01},ppo,0,64x64,0.01,,,,,,,
CountRecallMedium,obs,2,8,,-0.9238836599999999,0.03078518349116017,-0.9265520529671913,-0.9267251543209877,557.0,{'learning_rate': 0.01},ppo,0,64x64,0.01,,,,,,,
CountRecallMedium,obs,4,8,,-0.9188350599999999,0.051767180651223425,-0.9249264382392266,-0.9234489485596709,534.0,{'learning_rate': 0.01},ppo,0,64x64,0.01,,,,,,,
CountRecallMedium,obs,6,8,,-0.9203884800000001,0.03627495477501799,-0.9247087561452227,-0.9255065668724279,536.0,{'learning_rate': 0.01},ppo,0,64x64,0.01,,,,,,,
CountRecallMedium,obs,5,8,,-0.9207768600000001,0.04269023828840032,-0.9245849405533272,-0.9234889053497942,539.0,{'learning_rate': 0.01},ppo,0,64x64,0.01,,,,,,,
CountRecallMedium,obs,7,8,,-0.9165050600000001,0.04096120566067851,-0.924523032808804,-0.923688675925926,534.0,{'learning_rate': 0.01},ppo,0,64x64,0.01,,,,,,,
CountRecallMedium,obs,8,8,,-0.9242720400000002,0.04077676000074553,-0.9257492304844183,-0.9247274763374486,533.0,{'learning_rate': 0.01},ppo,0,64x64,0.01,,,,,,,
CountRecallMedium,obs,9,8,,-0.92660212,0.03565423654021498,-0.9240517236449654,-0.9243079660493828,542.0,{'learning_rate': 0.01},ppo,0,64x64,0.01,,,,,,,
CountRecallMedium,filterbank,1,72,,-0.91922344,0.04023873732221726,-0.9235125145531216,-0.9188143209876544,574.0,"{'decomposition': 'legendre', 'n_filters': 8, 'slowest': 0.023160510760021572, 'learning_rate': 0.0003}",ppo,0,64x64,0.0003,,,,,,,
CountRecallMedium,filterbank,0,72,,-0.93436914,0.037428988710361925,-0.9245330203640851,-0.9250670699588477,589.0,"{'decomposition': 'legendre', 'n_filters': 8, 'slowest': 0.023160510760021572, 'learning_rate': 0.0003}",ppo,0,64x64,0.0003,,,,,,,
CountRecallMedium,filterbank,2,72,,-0.9184467199999997,0.04254166764011021,-0.9234645826391032,-0.9210117839506172,584.0,"{'decomposition': 'legendre', 'n_filters': 8, 'slowest': 0.023160510760021572, 'learning_rate': 0.0003}",ppo,0,64x64,0.0003,,,,,,,
CountRecallMedium,filterbank,3,72,,-0.92271858,0.03462423276729176,-0.9228914276457884,-0.9244078456790122,579.0,"{'decomposition': 'legendre', 'n_filters': 8, 'slowest': 0.023160510760021572, 'learning_rate': 0.0003}",ppo,0,64x64,0.0003,,,,,,,
CountRecallMedium,filterbank,4,72,,-0.9052428399999998,0.04047788701815351,-0.917427443895917,-0.9102442592592591,578.0,"{'decomposition': 'legendre', 'n_filters': 8, 'slowest': 0.023160510760021572, 'learning_rate': 0.0003}",ppo,0,64x64,0.0003,,,,,,,
CountRecallMedium,filterbank,5,72,,-0.9192234199999999,0.04079700863499188,-0.9247626825053995,-0.9198731080246914,568.0,"{'decomposition': 'legendre', 'n_filters': 8, 'slowest': 0.023160510760021572, 'learning_rate': 0.0003}",ppo,0,64x64,0.0003,,,,,,,
CountRecallMedium,filterbank,6,72,,-0.9114564799999999,0.05241428739809024,-0.9221904543865062,-0.916636846707819,571.0,"{'decomposition': 'legendre', 'n_filters': 8, 'slowest': 0.023160510760021572, 'learning_rate': 0.0003}",ppo,0,64x64,0.0003,,,,,,,
CountRecallMedium,filterbank,7,72,,-0.9335923799999999,0.03865791530431512,-0.9238899592718296,-0.9255265504115227,579.0,"{'decomposition': 'legendre', 'n_filters': 8, 'slowest': 0.023160510760021572, 'learning_rate': 0.0003}",ppo,0,64x64,0.0003,,,,,,,
CountRecallMedium,obs,0,8,,-0.9258254400000001,0.04030061869408956,-0.9243073470122389,-0.9229695051440329,486.0,{'learning_rate': 0.0003},ppo,0,64,0.0003,,,,,,,
CountRecallMedium,obs,2,8,,-0.9246603999999999,0.03895905585662981,-0.9244631188933458,-0.9253467674897119,482.0,{'learning_rate': 0.0003},ppo,0,64,0.0003,,,,,,,
CountRecallMedium,obs,1,8,,-0.9312622999999999,0.033228361988066765,-0.9243772487915254,-0.9243678971193415,489.0,{'learning_rate': 0.0003},ppo,0,64,0.0003,,,,,,,
CountRecallMedium,filterbank,8,72,,-0.9130098399999999,0.04598949955255441,-0.9229872876684149,-0.9198731028806584,572.0,"{'decomposition': 'legendre', 'n_filters': 8, 'slowest': 0.023160510760021572, 'learning_rate': 0.0003}",ppo,0,64x64,0.0003,,,,,,,
CountRecallMedium,filterbank,2,72,,-0.90679626,0.04128213739854564,-0.9177749378792552,-0.9117225411522634,571.0,"{'decomposition': 'legendre', 'n_filters': 8, 'slowest': 0.023160510760021572, 'learning_rate': 0.001}",ppo,0,64x64,0.001,,,,,,,
CountRecallMedium,filterbank,9,72,,-0.9168933200000001,0.039420824234630114,-0.9216133040213925,-0.9192338384773662,573.0,"{'decomposition': 'legendre', 'n_filters': 8, 'slowest': 0.023160510760021572, 'learning_rate': 0.0003}",ppo,0,64x64,0.0003,,,,,,,
CountRecallMedium,filterbank,1,72,,-0.91145642,0.03982433283111723,-0.9186796110254036,-0.9155980452674897,574.0,"{'decomposition': 'legendre', 'n_filters': 8, 'slowest': 0.023160510760021572, 'learning_rate': 0.001}",ppo,0,64x64,0.001,,,,,,,
CountRecallMedium,filterbank,0,72,,-0.90912632,0.05202149694133764,-0.9178088845006684,-0.9148389228395062,576.0,"{'decomposition': 'legendre', 'n_filters': 8, 'slowest': 0.023160510760021572, 'learning_rate': 0.001}",ppo,0,64x64,0.001,,,,,,,
CountRecallMedium,filterbank,4,72,,-0.8978642399999999,0.04893985847284809,-0.9169142010696287,-0.9108036080246914,568.0,"{'decomposition': 'legendre', 'n_filters': 8, 'slowest': 0.023160510760021572, 'learning_rate': 0.001}",ppo,0,64x64,0.001,,,,,,,
CountRecallMedium,filterbank,5,72,,-0.90679624,0.05546745780169126,-0.9178528197058522,-0.9135404362139917,569.0,"{'decomposition': 'legendre', 'n_filters': 8, 'slowest': 0.023160510760021572, 'learning_rate': 0.001}",ppo,0,64x64,0.001,,,,,,,
CountRecallMedium,filterbank,3,72,,-0.90796126,0.05638566616607807,-0.9168263262367582,-0.9112630905349793,576.0,"{'decomposition': 'legendre', 'n_filters': 8, 'slowest': 0.023160510760021572, 'learning_rate': 0.001}",ppo,0,64x64,0.001,,,,,,,
CountRecallMedium,obs,3,8,,-0.9227186,0.03694228530884359,-0.9247706682094003,-0.9272046049382716,484.0,{'learning_rate': 0.0003},ppo,0,64,0.0003,,,,,,,
CountRecallMedium,obs,4,8,,-0.9137865,0.05020988768410064,-0.9254816226473311,-0.9240083055555555,484.0,{'learning_rate': 0.0003},ppo,0,64,0.0003,,,,,,,
CountRecallMedium,filterbank,7,72,,-0.92737876,0.03741283926598463,-0.9211739463128664,-0.9156979351851852,569.0,"{'decomposition': 'legendre', 'n_filters': 8, 'slowest': 0.023160510760021572, 'learning_rate': 0.001}",ppo,0,64x64,0.001,,,,,,,
CountRecallMedium,obs,5,8,,-0.91262154,0.05356560077744298,-0.9243492845829476,-0.9233490648148147,484.0,{'learning_rate': 0.0003},ppo,0,64,0.0003,,,,,,,
CountRecallMedium,filterbank,6,72,,-0.9056312200000001,0.05450896829670877,-0.9138087558366759,-0.9074075329218106,574.0,"{'decomposition': 'legendre', 'n_filters': 8, 'slowest': 0.023160510760021572, 'learning_rate': 0.001}",ppo,0,64x64,0.001,,,,,,,
CountRecallMedium,filterbank,9,72,,-0.92155354,0.043929899019783794,-0.9189092730638693,-0.9149388148148148,571.0,"{'decomposition': 'legendre', 'n_filters': 8, 'slowest': 0.023160510760021572, 'learning_rate': 0.001}",ppo,0,64x64,0.001,,,,,,,
CountRecallMedium,filterbank,4,72,,-0.9262137200000001,0.03998308742357949,-0.9202073655250437,-0.921131640946502,569.0,"{'decomposition': 'legendre', 'n_filters': 8, 'slowest': 0.023160510760021572, 'learning_rate': 0.003}",ppo,0,64x64,0.003,,,,,,,
CountRecallMedium,filterbank,8,72,,-0.9133981800000001,0.04002270271268047,-0.9138147482258563,-0.914359482510288,575.0,"{'decomposition': 'legendre', 'n_filters': 8, 'slowest': 0.023160510760021572, 'learning_rate': 0.001}",ppo,0,64x64,0.001,,,,,,,
CountRecallMedium,filterbank,1,72,,-0.92310698,0.045282303623155044,-0.921002199629744,-0.9233890154320987,571.0,"{'decomposition': 'legendre', 'n_filters': 8, 'slowest': 0.023160510760021572, 'learning_rate': 0.003}",ppo,0,64x64,0.003,,,,,,,
CountRecallMedium,filterbank,6,72,,-0.92582536,0.03677861727893533,-0.9219667842229766,-0.9183948189300412,570.0,"{'decomposition': 'legendre', 'n_filters': 8, 'slowest': 0.023160510760021572, 'learning_rate': 0.003}",ppo,0,64x64,0.003,,,,,,,
CountRecallMedium,filterbank,2,72,,-0.8986408400000001,0.04947306105563311,-0.9219008784325825,-0.9174758672839506,573.0,"{'decomposition': 'legendre', 'n_filters': 8, 'slowest': 0.023160510760021572, 'learning_rate': 0.003}",ppo,0,64x64,0.003,,,,,,,
CountRecallMedium,filterbank,0,72,,-0.9149516,0.040894954388530635,-0.9204070771366861,-0.9166368508230452,575.0,"{'decomposition': 'legendre', 'n_filters': 8, 'slowest': 0.023160510760021572, 'learning_rate': 0.003}",ppo,0,64x64,0.003,,,,,,,
CountRecallMedium,obs,6,8,,-0.9273787400000001,0.05149261779354786,-0.9245190376427027,-0.923069396090535,483.0,{'learning_rate': 0.0003},ppo,0,64,0.0003,,,,,,,
CountRecallMedium,filterbank,3,72,,-0.9172817000000002,0.041247429229104696,-0.9228434987143886,-0.9207720514403293,579.0,"{'decomposition': 'legendre', 'n_filters': 8, 'slowest': 0.023160510760021572, 'learning_rate': 0.003}",ppo,0,64x64,0.003,,,,,,,
CountRecallMedium,filterbank,5,72,,-0.9184467800000001,0.044108044143575456,-0.9246967763036098,-0.9266851882716048,578.0,"{'decomposition': 'legendre', 'n_filters': 8, 'slowest': 0.023160510760021572, 'learning_rate': 0.003}",ppo,0,64x64,0.003,,,,,,,
CountRecallMedium,filterbank,8,72,,-0.92621376,0.04109912354469862,-0.9229733087524427,-0.9230094629629629,579.0,"{'decomposition': 'legendre', 'n_filters': 8, 'slowest': 0.023160510760021572, 'learning_rate': 0.003}",ppo,0,64x64,0.003,,,,,,,
CountRecallMedium,filterbank,9,72,,-0.9118447599999999,0.043455316938464515,-0.9221565055024171,-0.9218508096707818,577.0,"{'decomposition': 'legendre', 'n_filters': 8, 'slowest': 0.023160510760021572, 'learning_rate': 0.003}",ppo,0,64x64,0.003,,,,,,,
CountRecallMedium,filterbank,7,72,,-0.9215536199999999,0.042887669038496376,-0.9210301602386095,-0.9165369670781892,581.0,"{'decomposition': 'legendre', 'n_filters': 8, 'slowest': 0.023160510760021572, 'learning_rate': 0.003}",ppo,0,64x64,0.003,,,,,,,
CountRecallMedium,filterbank,0,72,,-0.9293205399999998,0.04862297818653646,-0.9250862024066646,-0.9275442109053499,577.0,"{'decomposition': 'legendre', 'n_filters': 8, 'slowest': 0.023160510760021572, 'learning_rate': 0.01}",ppo,0,64x64,0.01,,,,,,,
CountRecallMedium,filterbank,1,72,,-0.9324274000000001,0.03964976700360294,-0.924343292605163,-0.9254466255144032,579.0,"{'decomposition': 'legendre', 'n_filters': 8, 'slowest': 0.023160510760021572, 'learning_rate': 0.01}",ppo,0,64x64,0.01,,,,,,,
CountRecallMedium,filterbank,4,72,,-0.9390292999999998,0.037251307746306035,-0.9248066144194178,-0.9232691574074073,572.0,"{'decomposition': 'legendre', 'n_filters': 8, 'slowest': 0.023160510760021572, 'learning_rate': 0.01}",ppo,0,64x64,0.01,,,,,,,
CountRecallMedium,filterbank,5,72,,-0.94291278,0.0383287400029221,-0.9433254349480614,-0.9446443827160494,573.0,"{'decomposition': 'legendre', 'n_filters': 8, 'slowest': 0.023160510760021572, 'learning_rate': 0.01}",ppo,0,64x64,0.01,,,,,,,
CountRecallMedium,filterbank,3,72,,-0.93747592,0.034798002329352186,-0.9244930707600536,-0.9244877407407406,580.0,"{'decomposition': 'legendre', 'n_filters': 8, 'slowest': 0.023160510760021572, 'learning_rate': 0.01}",ppo,0,64x64,0.01,,,,,,,
CountRecallMedium,filterbank,7,72,,-0.92388362,0.04304206839541521,-0.9236323375501388,-0.9241481378600822,576.0,"{'decomposition': 'legendre', 'n_filters': 8, 'slowest': 0.023160510760021572, 'learning_rate': 0.01}",ppo,0,64x64,0.01,,,,,,,
CountRecallMedium,filterbank,8,72,,-0.9223302200000001,0.03824804942754076,-0.924439154684768,-0.9249072664609054,574.0,"{'decomposition': 'legendre', 'n_filters': 8, 'slowest': 0.023160510760021572, 'learning_rate': 0.01}",ppo,0,64x64,0.01,,,,,,,
CountRecallMedium,filterbank,2,72,,-0.91922344,0.04171106830909993,-0.9254436813740615,-0.9244078395061728,590.0,"{'decomposition': 'legendre', 'n_filters': 8, 'slowest': 0.023160510760021572, 'learning_rate': 0.01}",ppo,0,64x64,0.01,,,,,,,
CountRecallMedium,obs,7,8,,-0.9196118000000001,0.04289642876930433,-0.9249404189036308,-0.9217109609053498,487.0,{'learning_rate': 0.0003},ppo,0,64,0.0003,,,,,,,
CountRecallMedium,filterbank,6,72,,-0.9184467599999999,0.04393676574330889,-0.9251001817340327,-0.9223701862139917,583.0,"{'decomposition': 'legendre', 'n_filters': 8, 'slowest': 0.023160510760021572, 'learning_rate': 0.01}",ppo,0,64x64,0.01,,,,,,,
CountRecallMedium,filterbank,9,72,,-0.9211651799999998,0.039491578308641966,-0.9249304373135864,-0.9226099290123456,582.0,"{'decomposition': 'legendre', 'n_filters': 8, 'slowest': 0.023160510760021572, 'learning_rate': 0.01}",ppo,0,64x64,0.01,,,,,,,
CountRecallMedium,obs,8,8,,-0.9219419399999998,0.03931550105818824,-0.9250822085775996,-0.9247674269547326,484.0,{'learning_rate': 0.0003},ppo,0,64,0.0003,,,,,,,
CountRecallMedium,obs,1,8,,-0.92543712,0.039098170694619475,-0.924539009667798,-0.9259860174897119,487.0,{'learning_rate': 0.001},ppo,0,64,0.001,,,,,,,
CountRecallMedium,obs,0,8,,-0.9149516600000002,0.04322567981911216,-0.924856542733724,-0.9231293209876543,490.0,{'learning_rate': 0.001},ppo,0,64,0.001,,,,,,,
CountRecallMedium,obs,9,8,,-0.9324274,0.0404032876414779,-0.9247107573794097,-0.9233890339506172,494.0,{'learning_rate': 0.0003},ppo,0,64,0.0003,,,,,,,
CountRecallMedium,obs,3,8,,-0.9157283400000001,0.0424723920219288,-0.9256653580170731,-0.9262656862139917,481.0,{'learning_rate': 0.001},ppo,0,64,0.001,,,,,,,
CountRecallMedium,obs,2,8,,-0.9258253800000001,0.03698309985379269,-0.9256653585313174,-0.9250271234567901,491.0,{'learning_rate': 0.001},ppo,0,64,0.001,,,,,,,
CountRecallMedium,obs,4,8,,-0.9172816400000001,0.04106422494130873,-0.9257352512598992,-0.9235688302469135,483.0,{'learning_rate': 0.001},ppo,0,64,0.001,,,,,,,
CountRecallMedium,obs,5,8,,-0.9157283199999999,0.051901041763509924,-0.9252479652370666,-0.9252668415637859,488.0,{'learning_rate': 0.001},ppo,0,64,0.001,,,,,,,
CountRecallMedium,obs,6,8,,-0.9211652199999999,0.044178148849986915,-0.9244771034660085,-0.9233091255144034,487.0,{'learning_rate': 0.001},ppo,0,64,0.001,,,,,,,
CountRecallMedium,obs,7,8,,-0.92349528,0.03793327612481687,-0.9245589773732389,-0.9216510298353909,482.0,{'learning_rate': 0.001},ppo,0,64,0.001,,,,,,,
CountRecallMedium,obs,8,8,,-0.9277671599999999,0.041653134031119435,-0.9251860592409751,-0.9239883302469136,485.0,{'learning_rate': 0.001},ppo,0,64,0.001,,,,,,,
CountRecallMedium,obs,1,8,,-0.9200001000000002,0.04318205219636974,-0.9249663858891288,-0.9229295524691359,481.0,{'learning_rate': 0.003},ppo,0,64,0.003,,,,,,,
CountRecallMedium,obs,0,8,,-0.9207769,0.03741884840945805,-0.9243113389900236,-0.9234090010288065,482.0,{'learning_rate': 0.003},ppo,0,64,0.003,,,,,,,
CountRecallMedium,obs,9,8,,-0.9157282800000001,0.03614151459861085,-0.9256813323048442,-0.9258262006172839,484.0,{'learning_rate': 0.001},ppo,0,64,0.001,,,,,,,
CountRecallMedium,obs,4,8,,-0.9223303000000002,0.04307002638970635,-0.9248825023141005,-0.9217109567901234,481.0,{'learning_rate': 0.003},ppo,0,64,0.003,,,,,,,
CountRecallMedium,obs,5,8,,-0.9238835799999999,0.03821649448763715,-0.9253138692790291,-0.9267451399176955,480.0,{'learning_rate': 0.003},ppo,0,64,0.003,,,,,,,
CountRecallMedium,obs,2,8,,-0.9231070199999999,0.04253450520906057,-0.9248365713257225,-0.9235688168724279,485.0,{'learning_rate': 0.003},ppo,0,64,0.003,,,,,,,
CountRecallMedium,obs,3,8,,-0.92543704,0.036297765321826644,-0.9260068534402961,-0.9267451399176955,485.0,{'learning_rate': 0.003},ppo,0,64,0.003,,,,,,,
CountRecallMedium,obs,7,8,,-0.92699046,0.04351599842090724,-0.9257751951043917,-0.9237086687242798,483.0,{'learning_rate': 0.003},ppo,0,64,0.003,,,,,,,
CountRecallMedium,obs,6,8,,-0.9262137399999999,0.03902870789601419,-0.924531019438445,-0.9253068106995885,484.0,{'learning_rate': 0.003},ppo,0,64,0.003,,,,,,,
CountRecallMedium,obs,8,8,,-0.93398072,0.03684207793327624,-0.9250242921937673,-0.9230494063786008,483.0,{'learning_rate': 0.003},ppo,0,64,0.003,,,,,,,
CountRecallMedium,obs,9,8,,-0.9207769000000002,0.040885666682714136,-0.9253797736295379,-0.924587640946502,483.0,{'learning_rate': 0.003},ppo,0,64,0.003,,,,,,,
CountRecallMedium,obs,0,8,,-0.9238836200000001,0.03448236621166826,-0.924203503034043,-0.9263455997942387,482.0,{'learning_rate': 0.01},ppo,0,64,0.01,,,,,,,
CountRecallMedium,obs,3,8,,-0.9176700600000001,0.0395202485515514,-0.9253358388357502,-0.9267251594650207,482.0,{'learning_rate': 0.01},ppo,0,64,0.01,,,,,,,
CountRecallMedium,obs,5,8,,-0.9390292600000001,0.039223384357196925,-0.9254516653296306,-0.9286229681069958,483.0,{'learning_rate': 0.01},ppo,0,64,0.01,,,,,,,
CountRecallMedium,obs,1,8,,-0.9320389400000001,0.033688146646801455,-0.924784648153862,-0.9258661460905351,486.0,{'learning_rate': 0.01},ppo,0,64,0.01,,,,,,,
CountRecallMedium,obs,2,8,,-0.92621374,0.03407752405666234,-0.9260787459631801,-0.9294220329218108,486.0,{'learning_rate': 0.01},ppo,0,64,0.01,,,,,,,
CountRecallMedium,obs,6,8,,-0.9137865,0.04131140040291542,-0.9260667677671501,-0.9269648847736627,484.0,{'learning_rate': 0.01},ppo,0,64,0.01,,,,,,,
CountRecallMedium,obs,4,8,,-0.93126218,0.03412397225980001,-0.9259109978401728,-0.9247874063786009,485.0,{'learning_rate': 0.01},ppo,0,64,0.01,,,,,,,
CountRecallMedium,obs,8,8,,-0.9328157,0.039069272624531935,-0.9244511408001644,-0.9231293405349794,484.0,{'learning_rate': 0.01},ppo,0,64,0.01,,,,,,,
CountRecallMedium,obs,7,8,,-0.9262137799999998,0.03495154666751674,-0.9248864987143887,-0.9248873034979423,485.0,{'learning_rate': 0.01},ppo,0,64,0.01,,,,,,,
CountRecallMedium,obs,9,8,,-0.9266020400000001,0.04003774010803308,-0.9283813698446981,-0.9247874176954732,483.0,{'learning_rate': 0.01},ppo,0,64,0.01,,,,,,,
CountRecallMedium,filterbank,0,72,,-0.93398078,0.043070094916677404,-0.9250862026123625,-0.9281235267489713,520.0,"{'decomposition': 'legendre', 'n_filters': 8, 'slowest': 0.023160510760021572, 'learning_rate': 0.0003}",ppo,0,64,0.0003,,,,,,,
CountRecallMedium,filterbank,1,72,,-0.92582544,0.04248667062416636,-0.9243772475573384,-0.9237885545267489,519.0,"{'decomposition': 'legendre', 'n_filters': 8, 'slowest': 0.023160510760021572, 'learning_rate': 0.0003}",ppo,0,64,0.0003,,,,,,,
CountRecallMedium,filterbank,4,72,,-0.9363109199999999,0.03705439601334234,-0.9239938077753781,-0.9209718240740741,521.0,"{'decomposition': 'legendre', 'n_filters': 8, 'slowest': 0.023160510760021572, 'learning_rate': 0.0003}",ppo,0,64,0.0003,,,,,,,
CountRecallMedium,filterbank,3,72,,-0.9118448200000002,0.04397276806874456,-0.9245869376735575,-0.9234489516460904,521.0,"{'decomposition': 'legendre', 'n_filters': 8, 'slowest': 0.023160510760021572, 'learning_rate': 0.0003}",ppo,0,64,0.0003,,,,,,,
CountRecallMedium,filterbank,2,72,,-0.91883508,0.03400886813514382,-0.9244151916075283,-0.9253667386831276,523.0,"{'decomposition': 'legendre', 'n_filters': 8, 'slowest': 0.023160510760021572, 'learning_rate': 0.0003}",ppo,0,64,0.0003,,,,,,,
CountRecallMedium,filterbank,5,72,,-0.93203906,0.03323736817343396,-0.9243832361411086,-0.9254666080246914,520.0,"{'decomposition': 'legendre', 'n_filters': 8, 'slowest': 0.023160510760021572, 'learning_rate': 0.0003}",ppo,0,64,0.0003,,,,,,,
CountRecallMedium,filterbank,6,72,,-0.9196118,0.05296531152707403,-0.9239858176488738,-0.9194735637860082,516.0,"{'decomposition': 'legendre', 'n_filters': 8, 'slowest': 0.023160510760021572, 'learning_rate': 0.0003}",ppo,0,64,0.0003,,,,,,,
CountRecallMedium,filterbank,7,72,,-0.9149516,0.04442999076344718,-0.925058245397511,-0.9238484845679013,516.0,"{'decomposition': 'legendre', 'n_filters': 8, 'slowest': 0.023160510760021572, 'learning_rate': 0.0003}",ppo,0,64,0.0003,,,,,,,
CountRecallMedium,filterbank,8,72,,-0.9293205400000001,0.0437233940783238,-0.9246148952998046,-0.9253467438271605,514.0,"{'decomposition': 'legendre', 'n_filters': 8, 'slowest': 0.023160510760021572, 'learning_rate': 0.0003}",ppo,0,64,0.0003,,,,,,,
CountRecallMedium,filterbank,1,72,,-0.9067962799999999,0.04562075451372545,-0.9203831085056053,-0.9113030267489712,517.0,"{'decomposition': 'legendre', 'n_filters': 8, 'slowest': 0.023160510760021572, 'learning_rate': 0.001}",ppo,0,64,0.001,,,,,,,
CountRecallMedium,filterbank,9,72,,-0.93436906,0.037829796323749894,-0.923889963694333,-0.9230693868312757,519.0,"{'decomposition': 'legendre', 'n_filters': 8, 'slowest': 0.023160510760021572, 'learning_rate': 0.0003}",ppo,0,64,0.0003,,,,,,,
CountRecallMedium,filterbank,0,72,,-0.90135926,0.0470593337865338,-0.9182761989098016,-0.9052700154320986,518.0,"{'decomposition': 'legendre', 'n_filters': 8, 'slowest': 0.023160510760021572, 'learning_rate': 0.001}",ppo,0,64,0.001,,,,,,,
CountRecallMedium,filterbank,3,72,,-0.9157283199999998,0.04859961697315732,-0.9198898311220817,-0.9152984002057613,518.0,"{'decomposition': 'legendre', 'n_filters': 8, 'slowest': 0.023160510760021572, 'learning_rate': 0.001}",ppo,0,64,0.001,,,,,,,
CountRecallMedium,filterbank,5,72,,-0.9172816999999998,0.04088018595371113,-0.9213976233672737,-0.9151385967078188,515.0,"{'decomposition': 'legendre', 'n_filters': 8, 'slowest': 0.023160510760021572, 'learning_rate': 0.001}",ppo,0,64,0.001,,,,,,,
CountRecallMedium,filterbank,2,72,,-0.9102914,0.04339973474388987,-0.9178628036614214,-0.9083264588477367,519.0,"{'decomposition': 'legendre', 'n_filters': 8, 'slowest': 0.023160510760021572, 'learning_rate': 0.001}",ppo,0,64,0.001,,,,,,,
CountRecallMedium,filterbank,4,72,,-0.9242720400000002,0.048543702400603954,-0.9237242085775995,-0.919753244855967,523.0,"{'decomposition': 'legendre', 'n_filters': 8, 'slowest': 0.023160510760021572, 'learning_rate': 0.001}",ppo,0,64,0.001,,,,,,,
CountRecallMedium,filterbank,6,72,,-0.90834966,0.055472949850034134,-0.9175972039493985,-0.9097248703703702,516.0,"{'decomposition': 'legendre', 'n_filters': 8, 'slowest': 0.023160510760021572, 'learning_rate': 0.001}",ppo,0,64,0.001,,,,,,,
CountRecallMedium,filterbank,7,72,,-0.9141749,0.03726742569174856,-0.9185617821659983,-0.9109234814814815,522.0,"{'decomposition': 'legendre', 'n_filters': 8, 'slowest': 0.023160510760021572, 'learning_rate': 0.001}",ppo,0,64,0.001,,,,,,,
CountRecallMedium,filterbank,0,72,,-0.9060195199999999,0.04963595631525195,-0.9157419225547672,-0.9140798230452675,514.0,"{'decomposition': 'legendre', 'n_filters': 8, 'slowest': 0.023160510760021572, 'learning_rate': 0.003}",ppo,0,64,0.003,,,,,,,
CountRecallMedium,filterbank,8,72,,-0.9091264,0.04934333307793465,-0.9208763803352876,-0.9124816471193417,525.0,"{'decomposition': 'legendre', 'n_filters': 8, 'slowest': 0.023160510760021572, 'learning_rate': 0.001}",ppo,0,64,0.001,,,,,,,
CountRecallMedium,filterbank,9,72,,-0.9013594,0.041069792500571516,-0.9164848286537077,-0.9095650483539094,531.0,"{'decomposition': 'legendre', 'n_filters': 8, 'slowest': 0.023160510760021572, 'learning_rate': 0.001}",ppo,0,64,0.001,,,,,,,
CountRecallMedium,filterbank,2,72,,-0.8963108,0.05568592519263733,-0.9150729016764372,-0.9034521141975308,516.0,"{'decomposition': 'legendre', 'n_filters': 8, 'slowest': 0.023160510760021572, 'learning_rate': 0.003}",ppo,0,64,0.003,,,,,,,
CountRecallMedium,filterbank,1,72,,-0.89398072,0.05993818606732774,-0.9090357633446468,-0.900335739711934,523.0,"{'decomposition': 'legendre', 'n_filters': 8, 'slowest': 0.023160510760021572, 'learning_rate': 0.003}",ppo,0,64,0.003,,,,,,,
CountRecallMedium,filterbank,3,72,,-0.9168933799999999,0.04183375732247344,-0.9154663237683841,-0.9071078868312756,523.0,"{'decomposition': 'legendre', 'n_filters': 8, 'slowest': 0.023160510760021572, 'learning_rate': 0.003}",ppo,0,64,0.003,,,,,,,
CountRecallMedium,obs,1,8,,-0.93514582,0.029219286609833594,-0.9256893144091328,-0.9248872839506174,427.0,{'learning_rate': 0.0003},ppo,0,linear,0.0003,,,,,,,
CountRecallMedium,obs,2,8,,-0.9347574000000002,0.03917528317242903,-0.9269454778360589,-0.9282833600823045,429.0,{'learning_rate': 0.0003},ppo,0,linear,0.0003,,,,,,,
CountRecallMedium,obs,0,8,,-0.92388368,0.042156987607010074,-0.9253498210428879,-0.9230694104938272,431.0,{'learning_rate': 0.0003},ppo,0,linear,0.0003,,,,,,,
CountRecallMedium,obs,3,8,,-0.9300972599999998,0.036222895851552236,-0.9253238587884399,-0.9228696203703702,430.0,{'learning_rate': 0.0003},ppo,0,linear,0.0003,,,,,,,
CountRecallMedium,obs,5,8,,-0.9254369600000001,0.0362977507710657,-0.9255615057081148,-0.9247274722222221,429.0,{'learning_rate': 0.0003},ppo,0,linear,0.0003,,,,,,,
CountRecallMedium,obs,6,8,,-0.9250487200000002,0.03864227463441563,-0.9265041201275327,-0.9237286368312757,428.0,{'learning_rate': 0.0003},ppo,0,linear,0.0003,,,,,,,
CountRecallMedium,obs,7,8,,-0.9168933,0.04756931491844297,-0.9254117270389798,-0.9251070370370371,427.0,{'learning_rate': 0.0003},ppo,0,linear,0.0003,,,,,,,
CountRecallMedium,obs,4,8,,-0.91456326,0.04017123829498414,-0.9253717850457677,-0.9240083106995884,432.0,{'learning_rate': 0.0003},ppo,0,linear,0.0003,,,,,,,
CountRecallMedium,obs,9,8,,-0.9227186,0.041914861951818476,-0.9251121658952999,-0.9255265349794239,429.0,{'learning_rate': 0.0003},ppo,0,linear,0.0003,,,,,,,
CountRecallMedium,obs,8,8,,-0.9234953,0.041174302981471345,-0.9247087574822586,-0.924747445473251,430.0,{'learning_rate': 0.0003},ppo,0,linear,0.0003,,,,,,,
CountRecallMedium,obs,0,8,,-0.9254370800000001,0.04348136172791281,-0.9252220010284893,-0.9263056347736626,428.0,{'learning_rate': 0.001},ppo,0,linear,0.001,,,,,,,
CountRecallMedium,obs,4,8,,-0.9242720200000001,0.044491100545835015,-0.9250043298364704,-0.9264854444444445,426.0,{'learning_rate': 0.001},ppo,0,linear,0.001,,,,,,,
CountRecallMedium,obs,1,8,,-0.9300972399999999,0.042894679428833606,-0.9248425642291475,-0.9230693940329219,430.0,{'learning_rate': 0.001},ppo,0,linear,0.001,,,,,,,
CountRecallMedium,obs,2,8,,-0.92504872,0.04740582817672949,-0.9249763663478351,-0.9250470997942386,430.0,{'learning_rate': 0.001},ppo,0,linear,0.001,,,,,,,
CountRecallMedium,filterbank,5,72,,-0.90174762,0.042258828540266004,-0.911893569577291,-0.90592925,515.0,"{'decomposition': 'legendre', 'n_filters': 8, 'slowest': 0.023160510760021572, 'learning_rate': 0.003}",ppo,0,64,0.003,,,,,,,
CountRecallMedium,obs,3,8,,-0.92621374,0.038640363251817404,-0.9252020309575235,-0.9249671903292181,432.0,{'learning_rate': 0.001},ppo,0,linear,0.001,,,,,,,
CountRecallMedium,obs,5,8,,-0.9390293000000001,0.037653919270243315,-0.9248405629949604,-0.9246875164609054,427.0,{'learning_rate': 0.001},ppo,0,linear,0.001,,,,,,,
CountRecallMedium,obs,6,8,,-0.93048556,0.04395222272839453,-0.9311732685385169,-0.9326782561728395,427.0,{'learning_rate': 0.001},ppo,0,linear,0.001,,,,,,,
CountRecallMedium,filterbank,4,72,,-0.8850487199999999,0.04970882125057484,-0.912217089684254,-0.904550848765432,518.0,"{'decomposition': 'legendre', 'n_filters': 8, 'slowest': 0.023160510760021572, 'learning_rate': 0.003}",ppo,0,64,0.003,,,,,,,
CountRecallMedium,obs,7,8,,-0.9231069399999999,0.03997547201292814,-0.9266339307826802,-0.9279836985596708,428.0,{'learning_rate': 0.001},ppo,0,linear,0.001,,,,,,,
CountRecallMedium,filterbank,7,72,,-0.90213604,0.04410129919218255,-0.9108890443278824,-0.9038316800411522,516.0,"{'decomposition': 'legendre', 'n_filters': 8, 'slowest': 0.023160510760021572, 'learning_rate': 0.003}",ppo,0,64,0.003,,,,,,,
CountRecallMedium,obs,9,8,,-0.9133982,0.04838194473726744,-0.9250222982618533,-0.9260659228395062,429.0,{'learning_rate': 0.001},ppo,0,linear,0.001,,,,,,,
CountRecallMedium,filterbank,6,72,,-0.8994176399999999,0.0417705893009711,-0.9131057930679832,-0.9001759115226337,520.0,"{'decomposition': 'legendre', 'n_filters': 8, 'slowest': 0.023160510760021572, 'learning_rate': 0.003}",ppo,0,64,0.003,,,,,,,
CountRecallMedium,filterbank,8,72,,-0.9033010600000001,0.055804975085169614,-0.9137188906716034,-0.9030725617283951,517.0,"{'decomposition': 'legendre', 'n_filters': 8, 'slowest': 0.023160510760021572, 'learning_rate': 0.003}",ppo,0,64,0.003,,,,,,,
CountRecallMedium,filterbank,9,72,,-0.9033010800000002,0.04811311566998754,-0.9173795192841716,-0.9114628405349794,515.0,"{'decomposition': 'legendre', 'n_filters': 8, 'slowest': 0.023160510760021572, 'learning_rate': 0.003}",ppo,0,64,0.003,,,,,,,
CountRecallMedium,obs,8,8,,-0.93359238,0.037064500232373315,-0.9247067661215675,-0.9227098137860081,431.0,{'learning_rate': 0.001},ppo,0,linear,0.001,,,,,,,
CountRecallMedium,filterbank,0,72,,-0.9343690800000001,0.03842317081129042,-0.9316984989200864,-0.9351753559670782,513.0,"{'decomposition': 'legendre', 'n_filters': 8, 'slowest': 0.023160510760021572, 'learning_rate': 0.01}",ppo,0,64,0.01,,,,,,,
CountRecallMedium,obs,0,8,,-0.9110680800000001,0.04612868172139326,-0.9246029126812711,-0.9235887860082305,429.0,{'learning_rate': 0.003},ppo,0,linear,0.003,,,,,,,
CountRecallMedium,filterbank,1,72,,-0.91922342,0.03929061791272314,-0.9240297590249923,-0.925027121399177,517.0,"{'decomposition': 'legendre', 'n_filters': 8, 'slowest': 0.023160510760021572, 'learning_rate': 0.01}",ppo,0,64,0.01,,,,,,,
CountRecallMedium,obs,1,8,,-0.9137865400000001,0.04447581005949639,-0.9241895191813225,-0.9227897242798353,429.0,{'learning_rate': 0.003},ppo,0,linear,0.003,,,,,,,
CountRecallMedium,obs,2,8,,-0.91611666,0.04081187282672043,-0.9248046186362232,-0.9247074999999999,430.0,{'learning_rate': 0.003},ppo,0,linear,0.003,,,,,,,
CountRecallMedium,filterbank,2,72,,-0.93009724,0.0425416037391916,-0.9238060837190168,-0.9214912129629629,521.0,"{'decomposition': 'legendre', 'n_filters': 8, 'slowest': 0.023160510760021572, 'learning_rate': 0.01}",ppo,0,64,0.01,,,,,,,
CountRecallMedium,filterbank,7,72,,-0.9390292800000002,0.03082675441757696,-0.9349137862799546,-0.9368933837448559,516.0,"{'decomposition': 'legendre', 'n_filters': 8, 'slowest': 0.023160510760021572, 'learning_rate': 0.01}",ppo,0,64,0.01,,,,,,,
CountRecallMedium,filterbank,3,72,,-0.92000018,0.03991507435177344,-0.9236023827008126,-0.9250870565843622,522.0,"{'decomposition': 'legendre', 'n_filters': 8, 'slowest': 0.023160510760021572, 'learning_rate': 0.01}",ppo,0,64,0.01,,,,,,,
CountRecallMedium,filterbank,6,72,,-0.9339807200000001,0.04182653234780049,-0.9230891360691146,-0.9243678827160494,517.0,"{'decomposition': 'legendre', 'n_filters': 8, 'slowest': 0.023160510760021572, 'learning_rate': 0.01}",ppo,0,64,0.01,,,,,,,
CountRecallMedium,filterbank,4,72,,-0.92893222,0.03696677893909072,-0.9244012133086497,-0.9251469886831275,519.0,"{'decomposition': 'legendre', 'n_filters': 8, 'slowest': 0.023160510760021572, 'learning_rate': 0.01}",ppo,0,64,0.01,,,,,,,
CountRecallMedium,obs,3,8,,-0.932039,0.03648211975475111,-0.9245829392162913,-0.9255065565843621,430.0,{'learning_rate': 0.003},ppo,0,linear,0.003,,,,,,,
CountRecallMedium,filterbank,8,72,,-0.91728166,0.04737394324546354,-0.9238520220096678,-0.925426670781893,519.0,"{'decomposition': 'legendre', 'n_filters': 8, 'slowest': 0.023160510760021572, 'learning_rate': 0.01}",ppo,0,64,0.01,,,,,,,
CountRecallMedium,filterbank,9,72,,-0.9262137400000001,0.033180680680667186,-0.9242913739586548,-0.9252269053497941,515.0,"{'decomposition': 'legendre', 'n_filters': 8, 'slowest': 0.023160510760021572, 'learning_rate': 0.01}",ppo,0,64,0.01,,,,,,,
CountRecallMedium,filterbank,5,72,,-0.9211652000000001,0.04080636829172623,-0.9238779771675407,-0.9237685781893004,525.0,"{'decomposition': 'legendre', 'n_filters': 8, 'slowest': 0.023160510760021572, 'learning_rate': 0.01}",ppo,0,64,0.01,,,,,,,
CountRecallMedium,obs,4,8,,-0.9153400199999999,0.04508209840790024,-0.924730726833282,-0.9259060956790125,426.0,{'learning_rate': 0.003},ppo,0,linear,0.003,,,,,,,
CountRecallMedium,obs,6,8,,-0.91961178,0.03941509528304607,-0.9318223154376221,-0.9314396975308643,425.0,{'learning_rate': 0.003},ppo,0,linear,0.003,,,,,,,
CountRecallMedium,obs,5,8,,-0.9184468,0.05033592072029676,-0.9244770968836779,-0.9250271183127572,429.0,{'learning_rate': 0.003},ppo,0,linear,0.003,,,,,,,
CountRecallMedium,obs,7,8,,-0.9370875200000001,0.03215576294553747,-0.9291841935616579,-0.9302011378600823,432.0,{'learning_rate': 0.003},ppo,0,linear,0.003,,,,,,,
CountRecallMedium,obs,9,8,,-0.92815544,0.03907694160405086,-0.9248245951866708,-0.9263456069958849,428.0,{'learning_rate': 0.003},ppo,0,linear,0.003,,,,,,,
CountRecallMedium,obs,8,8,,-0.9339807800000002,0.03272294789794465,-0.9253058829579349,-0.9246275905349794,433.0,{'learning_rate': 0.003},ppo,0,linear,0.003,,,,,,,
CountRecallMedium,obs,0,8,,-0.9161166000000002,0.04841773864855732,-0.9262624735164044,-0.9256863528806585,431.0,{'learning_rate': 0.01},ppo,0,linear,0.01,,,,,,,
CountRecallMedium,obs,1,8,,-0.93203904,0.04040511601268335,-0.9242194758819294,-0.9231892469135803,429.0,{'learning_rate': 0.01},ppo,0,linear,0.01,,,,,,,
CountRecallMedium,obs,2,8,,-0.9141748799999999,0.044463940549906295,-0.9268216554561348,-0.9232092273662552,427.0,{'learning_rate': 0.01},ppo,0,linear,0.01,,,,,,,
CountRecallMedium,obs,3,8,,-0.9304856199999998,0.041298596793058244,-0.9261346644039905,-0.9229894907407408,429.0,{'learning_rate': 0.01},ppo,0,linear,0.01,,,,,,,
CountRecallMedium,obs,8,8,,-0.9285438400000001,0.03753958819665449,-0.9251960419623573,-0.9258261954732508,427.0,{'learning_rate': 0.01},ppo,0,linear,0.01,,,,,,,
CountRecallMedium,obs,7,8,,-0.9273788199999999,0.03512584477941564,-0.9266279434330967,-0.9256464135802469,428.0,{'learning_rate': 0.01},ppo,0,linear,0.01,,,,,,,
CountRecallMedium,obs,4,8,,-0.9137865200000002,0.04361981114183785,-0.9249124596318008,-0.9245277067901235,429.0,{'learning_rate': 0.01},ppo,0,linear,0.01,,,,,,,
CountRecallMedium,obs,5,8,,-0.9262137600000001,0.04073048589867793,-0.9260188327676641,-0.9229295483539094,429.0,{'learning_rate': 0.01},ppo,0,linear,0.01,,,,,,,
CountRecallMedium,obs,6,8,,-0.9246603400000001,0.04212117623837683,-0.9250602438547774,-0.9248473395061729,430.0,{'learning_rate': 0.01},ppo,0,linear,0.01,,,,,,,
CountRecallMedium,obs,9,8,,-0.9281555400000001,0.04631794701547555,-0.9254596549418904,-0.9260659187242797,431.0,{'learning_rate': 0.01},ppo,0,linear,0.01,,,,,,,
CountRecallMedium,filterbank,0,72,,-0.9242720200000001,0.0434622395209865,-0.9243592730638692,-0.9253667345679012,459.0,"{'decomposition': 'legendre', 'n_filters': 8, 'slowest': 0.023160510760021572, 'learning_rate': 0.0003}",ppo,0,linear,0.0003,,,,,,,
CountRecallMedium,filterbank,1,72,,-0.92388366,0.04801120718524374,-0.9246069095958038,-0.9230494094650205,460.0,"{'decomposition': 'legendre', 'n_filters': 8, 'slowest': 0.023160510760021572, 'learning_rate': 0.0003}",ppo,0,linear,0.0003,,,,,,,
CountRecallMedium,filterbank,3,72,,-0.9223302200000001,0.039794043059377615,-0.9254836234701226,-0.9233890236625515,457.0,"{'decomposition': 'legendre', 'n_filters': 8, 'slowest': 0.023160510760021572, 'learning_rate': 0.0003}",ppo,0,linear,0.0003,,,,,,,
CountRecallMedium,filterbank,9,72,,-0.9269904600000001,0.04138429828773711,-0.9257791864650827,-0.9219906399176955,454.0,"{'decomposition': 'legendre', 'n_filters': 8, 'slowest': 0.023160510760021572, 'learning_rate': 0.0003}",ppo,0,linear,0.0003,,,,,,,
CountRecallMedium,filterbank,2,72,,-0.9347574799999999,0.03839758500595579,-0.9248505500359971,-0.9237486018518517,461.0,"{'decomposition': 'legendre', 'n_filters': 8, 'slowest': 0.023160510760021572, 'learning_rate': 0.0003}",ppo,0,linear,0.0003,,,,,,,
CountRecallMedium,filterbank,6,72,,-0.92233024,0.049122836985076516,-0.9242214778360588,-0.9241281697530864,457.0,"{'decomposition': 'legendre', 'n_filters': 8, 'slowest': 0.023160510760021572, 'learning_rate': 0.0003}",ppo,0,linear,0.0003,,,,,,,
CountRecallMedium,filterbank,4,72,,-0.9192234200000001,0.052154717090246036,-0.9238000963694335,-0.9250271255144032,461.0,"{'decomposition': 'legendre', 'n_filters': 8, 'slowest': 0.023160510760021572, 'learning_rate': 0.0003}",ppo,0,linear,0.0003,,,,,,,
CountRecallMedium,filterbank,8,72,,-0.93242736,0.03809787880854262,-0.924039737529569,-0.9230094557613168,457.0,"{'decomposition': 'legendre', 'n_filters': 8, 'slowest': 0.023160510760021572, 'learning_rate': 0.0003}",ppo,0,linear,0.0003,,,,,,,
CountRecallMedium,filterbank,5,72,,-0.9386409600000002,0.03948201890175324,-0.9248066138023243,-0.9232891327160494,463.0,"{'decomposition': 'legendre', 'n_filters': 8, 'slowest': 0.023160510760021572, 'learning_rate': 0.0003}",ppo,0,linear,0.0003,,,,,,,
CountRecallMedium,filterbank,7,72,,-0.92388366,0.032221338053910815,-0.9246887885426308,-0.9244078456790125,461.0,"{'decomposition': 'legendre', 'n_filters': 8, 'slowest': 0.023160510760021572, 'learning_rate': 0.0003}",ppo,0,linear,0.0003,,,,,,,
CountRecallMedium,filterbank,0,72,,-0.9029127799999999,0.050783336847942555,-0.9179726411601358,-0.9090456378600824,461.0,"{'decomposition': 'legendre', 'n_filters': 8, 'slowest': 0.023160510760021572, 'learning_rate': 0.001}",ppo,0,linear,0.001,,,,,,,
CountRecallMedium,filterbank,1,72,,-0.89825248,0.05714946655297494,-0.9246109051733004,-0.9230094567901234,459.0,"{'decomposition': 'legendre', 'n_filters': 8, 'slowest': 0.023160510760021572, 'learning_rate': 0.001}",ppo,0,linear,0.001,,,,,,,
CountRecallMedium,filterbank,2,72,,-0.9009710400000001,0.050671889201394496,-0.9194744444101615,-0.9112231306584362,458.0,"{'decomposition': 'legendre', 'n_filters': 8, 'slowest': 0.023160510760021572, 'learning_rate': 0.001}",ppo,0,linear,0.001,,,,,,,
CountRecallMedium,filterbank,3,72,,-0.9114564399999999,0.049453302134907035,-0.9227516333436182,-0.9156380061728395,458.0,"{'decomposition': 'legendre', 'n_filters': 8, 'slowest': 0.023160510760021572, 'learning_rate': 0.001}",ppo,0,linear,0.001,,,,,,,
CountRecallMedium,filterbank,8,72,,-0.91805844,0.043120794502031164,-0.9188333757070863,-0.9082265843621399,456.0,"{'decomposition': 'legendre', 'n_filters': 8, 'slowest': 0.023160510760021572, 'learning_rate': 0.001}",ppo,0,linear,0.001,,,,,,,
CountRecallMedium,filterbank,5,72,,-0.9320390000000002,0.04397968408253975,-0.9198998213514348,-0.911842413580247,458.0,"{'decomposition': 'legendre', 'n_filters': 8, 'slowest': 0.023160510760021572, 'learning_rate': 0.001}",ppo,0,linear,0.001,,,,,,,
CountRecallMedium,filterbank,6,72,,-0.9188351400000001,0.04998862555422385,-0.9175812291473825,-0.9086860720164609,458.0,"{'decomposition': 'legendre', 'n_filters': 8, 'slowest': 0.023160510760021572, 'learning_rate': 0.001}",ppo,0,linear,0.001,,,,,,,
CountRecallMedium,filterbank,4,72,,-0.9099030800000001,0.04457741130386107,-0.9236403274709453,-0.9223302551440329,461.0,"{'decomposition': 'legendre', 'n_filters': 8, 'slowest': 0.023160510760021572, 'learning_rate': 0.001}",ppo,0,linear,0.001,,,,,,,
CountRecallMedium,filterbank,0,72,,-0.89631074,0.04828829006573334,-0.9104317125372827,-0.9052700174897118,456.0,"{'decomposition': 'legendre', 'n_filters': 8, 'slowest': 0.023160510760021572, 'learning_rate': 0.003}",ppo,0,linear,0.003,,,,,,,
CountRecallMedium,filterbank,7,72,,-0.9238835999999999,0.0432169187106161,-0.9283753744728993,-0.9342564135802469,462.0,"{'decomposition': 'legendre', 'n_filters': 8, 'slowest': 0.023160510760021572, 'learning_rate': 0.001}",ppo,0,linear,0.001,,,,,,,
CountRecallMedium,filterbank,9,72,,-0.91767008,0.04765162261071076,-0.923947876787,-0.9198930648148147,460.0,"{'decomposition': 'legendre', 'n_filters': 8, 'slowest': 0.023160510760021572, 'learning_rate': 0.001}",ppo,0,linear,0.001,,,,,,,
CountRecallMedium,filterbank,1,72,,-0.90951468,0.04264961049924842,-0.9222303974082072,-0.9154582129629629,458.0,"{'decomposition': 'legendre', 'n_filters': 8, 'slowest': 0.023160510760021572, 'learning_rate': 0.003}",ppo,0,linear,0.003,,,,,,,
CountRecallMedium,filterbank,2,72,,-0.9495147199999999,0.03473515375353332,-0.9386083477321813,-0.9485398569958848,460.0,"{'decomposition': 'legendre', 'n_filters': 8, 'slowest': 0.023160510760021572, 'learning_rate': 0.003}",ppo,0,linear,0.003,,,,,,,
CountRecallMedium,filterbank,4,72,,-0.9269904400000002,0.03528645521338748,-0.9238240559498095,-0.9235288713991769,456.0,"{'decomposition': 'legendre', 'n_filters': 8, 'slowest': 0.023160510760021572, 'learning_rate': 0.003}",ppo,0,linear,0.003,,,,,,,
CountRecallMedium,filterbank,7,72,,-0.9048544599999999,0.05271408718823083,-0.9049277972847886,-0.8961006594650206,457.0,"{'decomposition': 'legendre', 'n_filters': 8, 'slowest': 0.023160510760021572, 'learning_rate': 0.003}",ppo,0,linear,0.003,,,,,,,
CountRecallMedium,filterbank,6,72,,-0.89048556,0.05235671176999566,-0.9171638312249305,-0.9120821131687242,458.0,"{'decomposition': 'legendre', 'n_filters': 8, 'slowest': 0.023160510760021572, 'learning_rate': 0.003}",ppo,0,linear,0.003,,,,,,,
CountRecallMedium,filterbank,3,72,,-0.93669926,0.0428612904919159,-0.9339372104288799,-0.9380520277777777,460.0,"{'decomposition': 'legendre', 'n_filters': 8, 'slowest': 0.023160510760021572, 'learning_rate': 0.003}",ppo,0,linear,0.003,,,,,,,
CountRecallMedium,filterbank,0,72,,-0.9102914000000001,0.053090443886258866,-0.9342507561452228,-0.9284231923868312,455.0,"{'decomposition': 'legendre', 'n_filters': 8, 'slowest': 0.023160510760021572, 'learning_rate': 0.01}",ppo,0,linear,0.01,,,,,,,
CountRecallMedium,filterbank,9,72,,-0.8974758599999998,0.05465120574004201,-0.9142640892728582,-0.9094651594650206,459.0,"{'decomposition': 'legendre', 'n_filters': 8, 'slowest': 0.023160510760021572, 'learning_rate': 0.003}",ppo,0,linear,0.003,,,,,,,
CountRecallMedium,filterbank,5,72,,-0.8722331000000001,0.06429399088787381,-0.9112744757790804,-0.8987375843621399,463.0,"{'decomposition': 'legendre', 'n_filters': 8, 'slowest': 0.023160510760021572, 'learning_rate': 0.003}",ppo,0,linear,0.003,,,,,,,
CountRecallMedium,filterbank,8,72,,-0.96233024,0.04585318054467323,-0.9469720730227296,-0.9595670864197531,465.0,"{'decomposition': 'legendre', 'n_filters': 8, 'slowest': 0.023160510760021572, 'learning_rate': 0.003}",ppo,0,linear,0.003,,,,,,,
CountRecallMedium,filterbank,1,72,,-0.9161166600000001,0.049799729802724846,-0.9137468461380233,-0.911742494855967,460.0,"{'decomposition': 'legendre', 'n_filters': 8, 'slowest': 0.023160510760021572, 'learning_rate': 0.01}",ppo,0,linear,0.01,,,,,,,
CountRecallMedium,filterbank,2,72,,-0.92233024,0.04819295954662259,-0.9279619845726628,-0.9325983497942387,457.0,"{'decomposition': 'legendre', 'n_filters': 8, 'slowest': 0.023160510760021572, 'learning_rate': 0.01}",ppo,0,linear,0.01,,,,,,,
CountRecallMedium,filterbank,3,72,,-0.9262138000000002,0.04218568168419234,-0.9261506474339196,-0.9250271306584362,454.0,"{'decomposition': 'legendre', 'n_filters': 8, 'slowest': 0.023160510760021572, 'learning_rate': 0.01}",ppo,0,linear,0.01,,,,,,,
CountRecallMedium,filterbank,4,72,,-0.9254370399999999,0.04682152362277845,-0.9416518870718913,-0.9371530668724279,460.0,"{'decomposition': 'legendre', 'n_filters': 8, 'slowest': 0.023160510760021572, 'learning_rate': 0.01}",ppo,0,linear,0.01,,,,,,,
CountRecallMedium,filterbank,5,72,,-0.9293205200000001,0.04355062575772707,-0.9149970136789057,-0.9148189588477367,462.0,"{'decomposition': 'legendre', 'n_filters': 8, 'slowest': 0.023160510760021572, 'learning_rate': 0.01}",ppo,0,linear,0.01,,,,,,,
CountRecallMedium,filterbank,6,72,,-0.8862137400000001,0.04660365534625369,-0.9066013365216496,-0.8972393230452675,458.0,"{'decomposition': 'legendre', 'n_filters': 8, 'slowest': 0.023160510760021572, 'learning_rate': 0.01}",ppo,0,linear,0.01,,,,,,,
CountRecallMedium,filterbank,8,72,,-0.9277671200000001,0.0378596942415757,-0.9382329093901061,-0.9436655216049382,461.0,"{'decomposition': 'legendre', 'n_filters': 8, 'slowest': 0.023160510760021572, 'learning_rate': 0.01}",ppo,0,linear,0.01,,,,,,,
CountRecallMedium,filterbank,7,72,,-0.93786422,0.041645909053010244,-0.9315746773629537,-0.9283233034979423,464.0,"{'decomposition': 'legendre', 'n_filters': 8, 'slowest': 0.023160510760021572, 'learning_rate': 0.01}",ppo,0,linear,0.01,,,,,,,
CountRecallMedium,filterbank,9,72,,-0.92776716,0.047727529464810986,-0.9161473244883266,-0.9142595987654321,461.0,"{'decomposition': 'legendre', 'n_filters': 8, 'slowest': 0.023160510760021572, 'learning_rate': 0.01}",ppo,0,linear,0.01,,,,,,,
CountRecallMedium,obs,0,8,,-0.92737876,0.03781385420639373,-0.925806516275237,-0.9260135731958763,313.0,{'learning_rate': 0.0001},dqn,0,linear,0.0001,,,,,,,
CountRecallMedium,obs,1,8,,-0.9320390600000001,0.04096123979198384,-0.9255765028842192,-0.9256732721649484,310.0,{'learning_rate': 0.0001},dqn,0,linear,0.0001,,,,,,,
CountRecallMedium,obs,2,8,,-0.9215535600000002,0.03824014739258206,-0.9254424901112485,-0.9243921175257731,309.0,{'learning_rate': 0.0001},dqn,0,linear,0.0001,,,,,,,
CountRecallMedium,obs,3,8,,-0.9211652000000001,0.04043508095651597,-0.9253164809435517,-0.9249125886597939,310.0,{'learning_rate': 0.0001},dqn,0,linear,0.0001,,,,,,,
CountRecallMedium,obs,4,8,,-0.9285438,0.042796079555959335,-0.9250144538524927,-0.9236114164948455,311.0,{'learning_rate': 0.0001},dqn,0,linear,0.0001,,,,,,,
CountRecallMedium,obs,5,8,,-0.9227186000000002,0.036531789299731825,-0.9261785434693036,-0.9278752350515463,312.0,{'learning_rate': 0.0001},dqn,0,linear,0.0001,,,,,,,
CountRecallMedium,obs,6,8,,-0.9180584200000002,0.03649038908484809,-0.9262765565512978,-0.9292564855670101,313.0,{'learning_rate': 0.0001},dqn,0,linear,0.0001,,,,,,,
CountRecallMedium,obs,7,8,,-0.93980602,0.03907696843691435,-0.9249884573547589,-0.9236514474226803,316.0,{'learning_rate': 0.0001},dqn,0,linear,0.0001,,,,,,,
CountRecallMedium,obs,9,8,,-0.9172817000000001,0.04673286563019649,-0.9256745095797281,-0.9244121206185566,309.0,{'learning_rate': 0.0001},dqn,0,linear,0.0001,,,,,,,
CountRecallMedium,obs,0,8,,-0.9250487,0.036016177731819365,-0.92597053131438,-0.9274748835051546,309.0,{'learning_rate': 0.0003},dqn,0,linear,0.0003,,,,,,,
CountRecallMedium,obs,1,8,,-0.9300972799999999,0.03429814785439005,-0.9256205028842193,-0.9260936463917526,307.0,{'learning_rate': 0.0003},dqn,0,linear,0.0003,,,,,,,
CountRecallMedium,obs,8,8,,-0.9246603200000001,0.04952640819661366,-0.9256785143180881,-0.9264940092783505,313.0,{'learning_rate': 0.0001},dqn,0,linear,0.0001,,,,,,,
CountRecallMedium,obs,3,8,,-0.90640786,0.0428401285315579,-0.9256885098887514,-0.9260936525773196,307.0,{'learning_rate': 0.0003},dqn,0,linear,0.0003,,,,,,,
CountRecallMedium,obs,5,8,,-0.9316506400000002,0.03478720206211474,-0.925566496909765,-0.9249125731958762,306.0,{'learning_rate': 0.0003},dqn,0,linear,0.0003,,,,,,,
CountRecallMedium,obs,4,8,,-0.92194192,0.03950684696193308,-0.9253184814585909,-0.9242519814432989,310.0,{'learning_rate': 0.0003},dqn,0,linear,0.0003,,,,,,,
CountRecallMedium,obs,2,8,,-0.92776718,0.03474377471990631,-0.9257505166872682,-0.9262337742268041,314.0,{'learning_rate': 0.0003},dqn,0,linear,0.0003,,,,,,,
CountRecallMedium,obs,8,8,,-0.9300972399999999,0.037651952144641856,-0.9261505442933663,-0.9256332185567011,310.0,{'learning_rate': 0.0003},dqn,0,linear,0.0003,,,,,,,
CountRecallMedium,obs,7,8,,-0.9165049399999999,0.048075490352324037,-0.9251924754841367,-0.9264940041237113,312.0,{'learning_rate': 0.0003},dqn,0,linear,0.0003,,,,,,,
CountRecallMedium,obs,6,8,,-0.93009724,0.03202422445434707,-0.9249444538524929,-0.9253529824742268,316.0,{'learning_rate': 0.0003},dqn,0,linear,0.0003,,,,,,,
CountRecallMedium,obs,4,8,,-0.92233024,0.04254159278473717,-0.925788515554182,-0.925312931958763,310.0,{'learning_rate': 0.001},dqn,0,linear,0.001,,,,,,,
CountRecallMedium,obs,1,8,,-0.9281555,0.04040511120699955,-0.9253944856819117,-0.9243520618556701,313.0,{'learning_rate': 0.001},dqn,0,linear,0.001,,,,,,,
CountRecallMedium,obs,6,8,,-0.9172817600000001,0.03761387352005109,-0.9251524680675732,-0.9248325072164949,307.0,{'learning_rate': 0.001},dqn,0,linear,0.001,,,,,,,
CountRecallMedium,obs,9,8,,-0.91300986,0.05111491067350506,-0.9257565177173466,-0.9243921051546391,314.0,{'learning_rate': 0.0003},dqn,0,linear,0.0003,,,,,,,
CountRecallMedium,obs,0,8,,-0.92116516,0.04634403020081876,-0.9261245440873505,-0.9242119546391753,314.0,{'learning_rate': 0.001},dqn,0,linear,0.001,,,,,,,
CountRecallMedium,obs,2,8,,-0.93320402,0.0345522377726769,-0.9261365434693035,-0.9247924731958762,313.0,{'learning_rate': 0.001},dqn,0,linear,0.001,,,,,,,
CountRecallMedium,obs,5,8,,-0.9250487200000002,0.04164773285212054,-0.9259485278121138,-0.9268743206185567,312.0,{'learning_rate': 0.001},dqn,0,linear,0.001,,,,,,,
CountRecallMedium,obs,3,8,,-0.9374758599999999,0.03869686317313588,-0.9256645062834776,-0.9264339432989691,315.0,{'learning_rate': 0.001},dqn,0,linear,0.001,,,,,,,
CountRecallMedium,obs,7,8,,-0.9176700600000001,0.044880844719951525,-0.9257845140090647,-0.9265540350515463,312.0,{'learning_rate': 0.001},dqn,0,linear,0.001,,,,,,,
CountRecallMedium,obs,2,8,,-0.91572832,0.041936397476864895,-0.9261485384219202,-0.9255131020618557,307.0,{'learning_rate': 0.003},dqn,0,linear,0.003,,,,,,,
CountRecallMedium,obs,9,8,,-0.9289322799999999,0.039146362465005614,-0.9256245084466418,-0.9253329587628866,312.0,{'learning_rate': 0.001},dqn,0,linear,0.001,,,,,,,
CountRecallMedium,obs,8,8,,-0.9246603599999998,0.03572821565304375,-0.9258705220436754,-0.9271345721649485,313.0,{'learning_rate': 0.001},dqn,0,linear,0.001,,,,,,,
CountRecallMedium,obs,1,8,,-0.9289322400000002,0.03331901153249298,-0.9265125707663783,-0.9259535154639175,313.0,{'learning_rate': 0.003},dqn,0,linear,0.003,,,,,,,
CountRecallMedium,obs,3,8,,-0.9324273399999998,0.0345697368451714,-0.9253184793984341,-0.9258534206185567,310.0,{'learning_rate': 0.003},dqn,0,linear,0.003,,,,,,,
CountRecallMedium,obs,5,8,,-0.92660216,0.0400377952017141,-0.9261405451174288,-0.9286959907216494,309.0,{'learning_rate': 0.003},dqn,0,linear,0.003,,,,,,,
CountRecallMedium,obs,0,8,,-0.9215535200000001,0.04511555403815408,-0.9266705872476307,-0.9254330525773197,314.0,{'learning_rate': 0.003},dqn,0,linear,0.003,,,,,,,
CountRecallMedium,obs,4,8,,-0.9266020999999999,0.04059884715715461,-0.9264605700453233,-0.9255331350515464,311.0,{'learning_rate': 0.003},dqn,0,linear,0.003,,,,,,,
CountRecallMedium,obs,6,8,,-0.9413593599999999,0.03653171446114185,-0.9255124949526164,-0.924972624742268,308.0,{'learning_rate': 0.003},dqn,0,linear,0.003,,,,,,,
CountRecallMedium,obs,9,8,,-0.9188351000000001,0.038774816617103434,-0.9269146018747425,-0.9283556824742267,310.0,{'learning_rate': 0.003},dqn,0,linear,0.003,,,,,,,
CountRecallMedium,obs,7,8,,-0.9328156400000002,0.03688503508620265,-0.9261345397610217,-0.9263538742268042,315.0,{'learning_rate': 0.003},dqn,0,linear,0.003,,,,,,,
CountRecallMedium,obs,8,8,,-0.9300972400000002,0.033855535977184006,-0.9255865009270705,-0.9261737175257732,313.0,{'learning_rate': 0.003},dqn,0,linear,0.003,,,,,,,
CountRecallMedium,obs,0,8,,-0.9223300970873786,0.03745107091647747,-0.9264414503665541,-0.9279770160491377,13.0,"{'ridge': 6.968750793508676e-05, 'gamma': 0.9352224766791639}",lspi,0,linear,,,,-0.9199029126213588,,"[-0.9223300970873783, -0.9320388349514561, -0.9203883495145628, -0.9048543689320384, -0.9048543689320384, -0.9048543689320386, -0.9378640776699025, -0.9223300970873783, -0.9106796116504852, -0.9300970873786405, -0.9184466019417472, -0.924271844660194, -0.9262135922330094, -0.9359223300970871, -0.9087378640776697, -0.9223300970873783, -0.9339805825242715, -0.8970873786407763, -0.9009708737864075, -0.939805825242718]",,17.0
CountRecallMedium,obs,1,8,,-0.9293203883495145,0.04196331699958088,-0.9269665147612439,-0.9252030909451155,13.0,"{'ridge': 6.968750793508676e-05, 'gamma': 0.9352224766791639}",lspi,0,linear,,,,-0.9239805825242714,,"[-0.9378640776699025, -0.9106796116504852, -0.9203883495145627, -0.9300970873786405, -0.9339805825242715, -0.9320388349514559, -0.9106796116504852, -0.9339805825242715, -0.9145631067961162, -0.9378640776699025, -0.9262135922330094, -0.8951456310679609, -0.9223300970873783, -0.9203883495145628, -0.9184466019417472, -0.924271844660194, -0.939805825242718, -0.9145631067961162, -0.9359223300970869, -0.9203883495145628]",,11.0
CountRecallMedium,obs,2,8,,-0.9215533980582521,0.038042398124298105,-0.9261145234792942,-0.9264909847434117,13.0,"{'ridge': 6.968750793508676e-05, 'gamma': 0.9352224766791639}",lspi,0,linear,,,,-0.9226213592233007,,"[-0.9320388349514559, -0.9165048543689316, -0.9262135922330094, -0.9048543689320386, -0.9320388349514559, -0.9417475728155337, -0.9320388349514561, -0.9339805825242715, -0.906796116504854, -0.9300970873786405, -0.9223300970873783, -0.9145631067961162, -0.8873786407766987, -0.9223300970873783, -0.9456310679611647, -0.902912621359223, -0.9242718446601937, -0.9417475728155337, -0.9320388349514559, -0.902912621359223]",,12.0
CountRecallMedium,obs,3,8,,-0.9176699029126208,0.03736237194813418,-0.9248464434317413,-0.9246086784228253,13.0,"{'ridge': 6.968750793508676e-05, 'gamma': 0.9352224766791639}",lspi,0,linear,,,,-0.923300970873786,,"[-0.9242718446601937, -0.9300970873786405, -0.9320388349514561, -0.9223300970873783, -0.9223300970873783, -0.9203883495145627, -0.9203883495145627, -0.9145631067961162, -0.8912621359223298, -0.9203883495145628, -0.906796116504854, -0.9262135922330094, -0.9223300970873783, -0.9165048543689316, -0.9300970873786405, -0.9223300970873783, -0.9417475728155337, -0.9339805825242715, -0.9359223300970871, -0.9320388349514559]",,8.0
CountRecallMedium,obs,4,8,,-0.9238834951456307,0.03534620661120854,-0.9262334059837525,-0.9265900534971266,13.0,"{'ridge': 6.968750793508676e-05, 'gamma': 0.9352224766791639}",lspi,0,linear,,,,-0.9206796116504851,,"[-0.9184466019417472, -0.9087378640776695, -0.9320388349514561, -0.9184466019417472, -0.9359223300970871, -0.9223300970873783, -0.9087378640776697, -0.9126213592233006, -0.9320388349514559, -0.9223300970873783, -0.9009708737864075, -0.928155339805825, -0.9378640776699025, -0.9359223300970869, -0.9223300970873783, -0.9106796116504852, -0.9009708737864075, -0.9300970873786405, -0.9223300970873783, -0.9126213592233008]",,10.0
CountRecallMedium,obs,5,8,,-0.9176699029126212,0.04749309746395477,-0.9251634634436295,-0.9259956409748364,13.0,"{'ridge': 6.968750793508676e-05, 'gamma': 0.9352224766791639}",lspi,0,linear,,,,-0.9286407766990289,,"[-0.9262135922330094, -0.9495145631067958, -0.9339805825242715, -0.9514563106796112, -0.9223300970873783, -0.9436893203883491, -0.9300970873786405, -0.928155339805825, -0.9320388349514559, -0.9223300970873783, -0.9223300970873783, -0.9262135922330094, -0.9184466019417472, -0.906796116504854, -0.9436893203883491, -0.9378640776699025, -0.8951456310679609, -0.9126213592233008, -0.9320388349514559, -0.9378640776699025]",,16.0
CountRecallMedium,obs,6,8,,-0.9254368932038833,0.03890479156929923,-0.9249455121854564,-0.9236179908856745,14.0,"{'ridge': 6.968750793508676e-05, 'gamma': 0.9352224766791639}",lspi,0,linear,,,,-0.9230097087378637,,"[-0.9126213592233008, -0.9184466019417472, -0.9009708737864075, -0.9417475728155337, -0.9203883495145627, -0.9417475728155337, -0.9300970873786405, -0.9203883495145627, -0.928155339805825, -0.9456310679611647, -0.9320388349514559, -0.928155339805825, -0.9262135922330094, -0.9106796116504852, -0.9262135922330094, -0.8893203883495142, -0.9165048543689316, -0.8951456310679609, -0.9417475728155337, -0.9339805825242715]",,15.0
CountRecallMedium,obs,7,8,,-0.9289320388349512,0.03875914932168934,-0.92628294036061,-0.9260947097285512,14.0,"{'ridge': 6.968750793508676e-05, 'gamma': 0.9352224766791639}",lspi,0,linear,,,,-0.9279611650485433,,"[-0.9436893203883493, -0.9436893203883491, -0.9145631067961162, -0.9417475728155337, -0.9339805825242715, -0.9203883495145627, -0.9281553398058249, -0.9300970873786405, -0.9475728155339803, -0.9320388349514561, -0.9126213592233008, -0.9009708737864075, -0.9145631067961162, -0.9495145631067958, -0.9126213592233006, -0.9087378640776695, -0.9495145631067958, -0.9320388349514561, -0.924271844660194, -0.9184466019417472]",,11.0
CountRecallMedium,obs,9,8,,-0.928155339805825,0.041144893398868114,-0.9267287497523278,-0.9305528036457299,13.0,"{'ridge': 6.968750793508676e-05, 'gamma': 0.9352224766791639}",lspi,0,linear,,,,-0.9267961165048539,,"[-0.9048543689320384, -0.9378640776699025, -0.9126213592233006, -0.9145631067961162, -0.924271844660194, -0.9262135922330094, -0.9378640776699025, -0.9300970873786405, -0.9145631067961162, -0.9436893203883493, -0.9165048543689318, -0.9320388349514559, -0.9165048543689318, -0.9242718446601937, -0.939805825242718, -0.939805825242718, -0.9106796116504852, -0.9339805825242715, -0.9320388349514561, -0.9436893203883491]",,0.0
CountRecallMedium,obs,8,8,,-0.928155339805825,0.03368806130659702,-0.9257875965920346,-0.9254012284525457,14.0,"{'ridge': 6.968750793508676e-05, 'gamma': 0.9352224766791639}",lspi,0,linear,,,,-0.926699029126213,,"[-0.9533980582524268, -0.9242718446601937, -0.9203883495145628, -0.9165048543689318, -0.9126213592233006, -0.9300970873786405, -0.9456310679611647, -0.9203883495145627, -0.9378640776699025, -0.9145631067961162, -0.939805825242718, -0.9378640776699025, -0.924271844660194, -0.9106796116504852, -0.9106796116504852, -0.9281553398058249, -0.9339805825242715, -0.9262135922330094, -0.9378640776699025, -0.9087378640776695]",,19.0
CountRecallMedium,filterbank,0,96,,-0.8376699029126213,0.05988142995695961,-0.8734792946304732,-0.8442639191598967,52.0,"{'decomposition': 'ema', 'n_filters': 12, 'slowest': 0.0739121259342115, 'ridge': 1.1831068357814968e-06, 'gamma': 0.9019981051228008}",lspi,0,linear,,,,-0.8493203883495143,,"[-0.8970873786407763, -0.9145631067961162, -0.8679611650485434, -0.8349514563106795, -0.8388349514563105, -0.8679611650485434, -0.8737864077669901, -0.8330097087378638, -0.8155339805825241, -0.8135922330097085, -0.8466019417475726, -0.8621359223300968, -0.8524271844660192, -0.8310679611650483, -0.8466019417475726, -0.8271844660194173, -0.8368932038834949, -0.848543689320388, -0.8368932038834949, -0.8407766990291259]",,9.0
CountRecallMedium,filterbank,0,72,,-0.86990298,0.0632486224613596,-0.8904537882159044,-0.8694826216494844,346.0,"{'decomposition': 'legendre', 'n_filters': 8, 'slowest': 0.023160510760021572, 'learning_rate': 0.0001}",dqn,0,linear,0.0001,,,,,,,
CountRecallMedium,filterbank,1,96,,-0.82252427184466,0.055604544754041224,-0.8705369526451354,-0.831682187438082,52.0,"{'decomposition': 'ema', 'n_filters': 12, 'slowest': 0.0739121259342115, 'ridge': 1.1831068357814968e-06, 'gamma': 0.9019981051228008}",lspi,0,linear,,,,-0.844660194174757,,"[-0.8796116504854365, -0.8718446601941745, -0.8563106796116502, -0.8349514563106795, -0.8563106796116502, -0.8679611650485434, -0.848543689320388, -0.8504854368932037, -0.844660194174757, -0.8718446601941745, -0.8427184466019415, -0.848543689320388, -0.8194174757281552, -0.8601941747572812, -0.7844660194174755, -0.8019417475728152, -0.848543689320388, -0.8407766990291259, -0.8368932038834949, -0.8271844660194173]",,14.0
CountRecallMedium,filterbank,2,96,,-0.8248543689320387,0.05217342398417818,-0.8730334852387555,-0.8385179314444223,52.0,"{'decomposition': 'ema', 'n_filters': 12, 'slowest': 0.0739121259342115, 'ridge': 1.1831068357814968e-06, 'gamma': 0.9019981051228008}",lspi,0,linear,,,,-0.8542718446601942,,"[-0.9106796116504852, -0.9165048543689316, -0.8640776699029123, -0.8427184466019415, -0.8932038834951455, -0.8757281553398055, -0.8504854368932037, -0.8388349514563105, -0.8737864077669901, -0.8718446601941745, -0.848543689320388, -0.8058252427184464, -0.8543689320388348, -0.8873786407766987, -0.8174757281553395, -0.8310679611650483, -0.8524271844660192, -0.8524271844660192, -0.7980582524271843, -0.7999999999999998]",,18.0
CountRecallMedium,filterbank,3,96,,-0.8341747572815531,0.05993807090853044,-0.8727362789776102,-0.8317812561917969,52.0,"{'decomposition': 'ema', 'n_filters': 12, 'slowest': 0.0739121259342115, 'ridge': 1.1831068357814968e-06, 'gamma': 0.9019981051228008}",lspi,0,linear,,,,-0.8428155339805825,,"[-0.9009708737864074, -0.8815533980582522, -0.844660194174757, -0.8466019417475726, -0.866019417475728, -0.8466019417475726, -0.8330097087378638, -0.8349514563106795, -0.8601941747572812, -0.8466019417475726, -0.869902912621359, -0.8563106796116502, -0.8349514563106795, -0.848543689320388, -0.7922330097087377, -0.7902912621359222, -0.8407766990291259, -0.8310679611650483, -0.8330097087378638, -0.7980582524271843]",,15.0
CountRecallMedium,filterbank,4,96,,-0.8384466019417474,0.06267244097046737,-0.8752328115712302,-0.8363384188626904,54.0,"{'decomposition': 'ema', 'n_filters': 12, 'slowest': 0.0739121259342115, 'ridge': 1.1831068357814968e-06, 'gamma': 0.9019981051228008}",lspi,0,linear,,,,-0.8579611650485435,,"[-0.902912621359223, -0.8912621359223298, -0.8893203883495143, -0.8757281553398055, -0.906796116504854, -0.8990291262135919, -0.8718446601941745, -0.8310679611650483, -0.848543689320388, -0.8718446601941745, -0.8524271844660192, -0.8776699029126211, -0.8563106796116502, -0.844660194174757, -0.7883495145631066, -0.8854368932038833, -0.8349514563106795, -0.7980582524271843, -0.811650485436893, -0.8213592233009706]",,14.0
CountRecallMedium,filterbank,5,96,,-0.8349514563106792,0.060194174757281525,-0.8692490588468393,-0.8304933623935008,52.0,"{'decomposition': 'ema', 'n_filters': 12, 'slowest': 0.0739121259342115, 'ridge': 1.1831068357814968e-06, 'gamma': 0.9019981051228008}",lspi,0,linear,,,,-0.8516504854368929,,"[-0.9106796116504852, -0.869902912621359, -0.8951456310679609, -0.8757281553398055, -0.8621359223300968, -0.8640776699029123, -0.8893203883495142, -0.869902912621359, -0.8757281553398055, -0.8291262135922327, -0.8388349514563105, -0.8524271844660192, -0.8368932038834949, -0.7883495145631066, -0.8097087378640774, -0.8679611650485434, -0.8504854368932037, -0.8155339805825241, -0.8019417475728152, -0.8291262135922327]",,13.0
CountRecallMedium,filterbank,6,96,,-0.811650485436893,0.07360734532436838,-0.8698731919952444,-0.833366356251238,52.0,"{'decomposition': 'ema', 'n_filters': 12, 'slowest': 0.0739121259342115, 'ridge': 1.1831068357814968e-06, 'gamma': 0.9019981051228008}",lspi,0,linear,,,,-0.8466019417475728,,"[-0.8932038834951452, -0.8932038834951455, -0.8718446601941745, -0.848543689320388, -0.8640776699029123, -0.8310679611650483, -0.8737864077669901, -0.8640776699029123, -0.8504854368932037, -0.8504854368932037, -0.8349514563106795, -0.8135922330097085, -0.8194174757281552, -0.8582524271844658, -0.8427184466019415, -0.8427184466019415, -0.8330097087378638, -0.8097087378640774, -0.8291262135922327, -0.807766990291262]",,19.0
CountRecallMedium,filterbank,7,96,,-0.859029126213592,0.05207504898453235,-0.8750148603130571,-0.840796512779869,52.0,"{'decomposition': 'ema', 'n_filters': 12, 'slowest': 0.0739121259342115, 'ridge': 1.1831068357814968e-06, 'gamma': 0.9019981051228008}",lspi,0,linear,,,,-0.850388349514563,,"[-0.9145631067961162, -0.9106796116504852, -0.8737864077669901, -0.8854368932038833, -0.8310679611650483, -0.866019417475728, -0.8407766990291259, -0.8271844660194173, -0.8601941747572812, -0.848543689320388, -0.8271844660194173, -0.8563106796116502, -0.8135922330097085, -0.807766990291262, -0.8524271844660192, -0.848543689320388, -0.8582524271844658, -0.8368932038834949, -0.8330097087378638, -0.8155339805825241]",,13.0
CountRecallMedium,filterbank,1,72,,-0.8644660800000001,0.06941483907114962,-0.8973883226205192,-0.8715244670103093,345.0,"{'decomposition': 'legendre', 'n_filters': 8, 'slowest': 0.023160510760021572, 'learning_rate': 0.0001}",dqn,0,linear,0.0001,,,,,,,
CountRecallMedium,obs,0,8,,-0.9269902912621356,0.042640705961353935,-0.8583619616629323,,25.0,{},bc,0,linear,,,-0.9203883495145628,-0.9285436893203881,0.0,"[-0.9203883495145628, -0.9378640776699025, -0.9359223300970871, -0.9262135922330094, -0.9223300970873783]",-0.58990288,
CountRecallMedium,obs,1,8,,-0.9203883495145628,0.04240840712202242,-0.868439133681852,,25.0,{},bc,0,linear,,,-0.924271844660194,-0.9180582524271843,2.0,"[-0.924271844660194, -0.928155339805825, -0.906796116504854, -0.9087378640776695, -0.9223300970873783]",-0.61747572,
CountRecallMedium,obs,2,8,,-0.9289320388349512,0.04317671230244809,-0.8627831715210353,,25.0,{},bc,0,linear,,,-0.9281553398058249,-0.9161165048543687,4.0,"[-0.9281553398058249, -0.9048543689320386, -0.9223300970873783, -0.928155339805825, -0.8970873786407763]",-0.5937864,
CountRecallMedium,obs,3,8,,-0.9180582524271843,0.037909358038638506,-0.8631018172765743,,26.0,{},bc,0,linear,,,-0.9106796116504852,-0.920776699029126,0.0,"[-0.9106796116504852, -0.9203883495145628, -0.924271844660194, -0.924271844660194, -0.924271844660194]",-0.6,
CountRecallMedium,obs,4,8,,-0.9297087378640775,0.03246611232392521,-0.8608513816280804,,25.0,{},bc,0,linear,,,-0.9417475728155337,-0.928155339805825,1.0,"[-0.9417475728155337, -0.9184466019417472, -0.928155339805825, -0.9184466019417472, -0.9339805825242715]",-0.6081553000000001,
CountRecallMedium,obs,5,8,,-0.9258252427184462,0.03265139624987943,-0.858979337814289,,25.0,{},bc,0,linear,,,-0.9203883495145627,-0.9215533980582521,3.0,"[-0.9203883495145627, -0.9262135922330094, -0.9262135922330094, -0.8951456310679609, -0.939805825242718]",-0.6054369,
CountRecallMedium,obs,6,8,,-0.9180582524271841,0.04276960749295377,-0.8592780682101068,,25.0,{},bc,0,linear,,,-0.9320388349514559,-0.9165048543689316,4.0,"[-0.9320388349514559, -0.9145631067961162, -0.9106796116504852, -0.9242718446601937, -0.9009708737864075]",-0.5992232999999999,
CountRecallMedium,filterbank,2,72,,-0.8586408799999999,0.05721289411370133,-0.887889587041615,-0.8640377092783506,353.0,"{'decomposition': 'legendre', 'n_filters': 8, 'slowest': 0.023160510760021572, 'learning_rate': 0.0001}",dqn,0,linear,0.0001,,,,,,,
CountRecallMedium,filterbank,3,72,,-0.8477670599999999,0.0629031407557397,-0.8868055032962504,-0.8579722587628865,352.0,"{'decomposition': 'legendre', 'n_filters': 8, 'slowest': 0.023160510760021572, 'learning_rate': 0.0001}",dqn,0,linear,0.0001,,,,,,,
CountRecallMedium,obs,7,8,,-0.9149514563106794,0.05091527249397782,-0.8648145382125964,,25.0,{},bc,0,linear,,,-0.9359223300970869,-0.9246601941747569,4.0,"[-0.9359223300970869, -0.9203883495145628, -0.9262135922330094, -0.9300970873786405, -0.9106796116504852]",-0.60737866,
CountRecallMedium,obs,8,8,,-0.9238834951456308,0.0412528830287829,-0.8615484192183218,,25.0,{},bc,0,linear,,,-0.9223300970873783,-0.9312621359223296,0.0,"[-0.9223300970873783, -0.9281553398058249, -0.9300970873786405, -0.9417475728155337, -0.9339805825242715]",-0.6058252000000001,
CountRecallMedium,filterbank,8,96,,-0.8104854368932037,0.07124493853495066,-0.8723499108381215,-0.8254408559540318,52.0,"{'decomposition': 'ema', 'n_filters': 12, 'slowest': 0.0739121259342115, 'ridge': 1.1831068357814968e-06, 'gamma': 0.9019981051228008}",lspi,0,linear,,,,-0.8548543689320386,,"[-0.9145631067961162, -0.8776699029126211, -0.906796116504854, -0.8543689320388348, -0.9106796116504852, -0.8815533980582522, -0.8504854368932037, -0.8640776699029123, -0.8563106796116502, -0.807766990291262, -0.8524271844660192, -0.848543689320388, -0.8038834951456308, -0.8640776699029123, -0.8349514563106795, -0.844660194174757, -0.8504854368932037, -0.8427184466019415, -0.8291262135922327, -0.8019417475728152]",,19.0
CountRecallMedium,filterbank,4,72,,-0.86097098,0.06432553253086679,-0.8907678124227442,-0.8643980453608248,354.0,"{'decomposition': 'legendre', 'n_filters': 8, 'slowest': 0.023160510760021572, 'learning_rate': 0.0001}",dqn,0,linear,0.0001,,,,,,,
CountRecallMedium,obs,9,8,,-0.932038834951456,0.03849364582834757,-0.8608513816280804,,25.0,{},bc,0,linear,,,-0.9592233009708734,-0.9343689320388346,1.0,"[-0.9592233009708734, -0.9126213592233008, -0.9145631067961162, -0.9417475728155337, -0.9436893203883493]",-0.5957281799999999,
CountRecallMedium,filterbank,9,96,,-0.8469902912621358,0.05582515829457523,-0.8745789577967107,-0.8272240935209033,52.0,"{'decomposition': 'ema', 'n_filters': 12, 'slowest': 0.0739121259342115, 'ridge': 1.1831068357814968e-06, 'gamma': 0.9019981051228008}",lspi,0,linear,,,,-0.8663106796116502,,"[-0.8757281553398055, -0.9106796116504852, -0.906796116504854, -0.8679611650485434, -0.8621359223300968, -0.9048543689320384, -0.8815533980582522, -0.8776699029126211, -0.8796116504854365, -0.8873786407766987, -0.8640776699029123, -0.8368932038834949, -0.8330097087378638, -0.848543689320388, -0.8368932038834949, -0.8912621359223298, -0.8679611650485434, -0.8330097087378638, -0.8621359223300968, -0.7980582524271843]",,19.0
CountRecallMedium,filterbank,5,72,,-0.8528155599999999,0.06190380782444971,-0.8857314221260817,-0.863817506185567,353.0,"{'decomposition': 'legendre', 'n_filters': 8, 'slowest': 0.023160510760021572, 'learning_rate': 0.0001}",dqn,0,linear,0.0001,,,,,,,
CountRecallMedium,filterbank,6,72,,-0.8714563799999999,0.06379938981240808,-0.9017686617222909,-0.8739666577319588,356.0,"{'decomposition': 'legendre', 'n_filters': 8, 'slowest': 0.023160510760021572, 'learning_rate': 0.0001}",dqn,0,linear,0.0001,,,,,,,
CountRecallMedium,filterbank,0,72,,-0.9269902912621357,0.04620543290947058,-0.8565496639283044,,30.0,"{'decomposition': 'legendre', 'n_filters': 8, 'slowest': 0.023160510760021572}",bc,0,linear,,,-0.9106796116504852,-0.9258252427184462,4.0,"[-0.9106796116504852, -0.9417475728155337, -0.9378640776699025, -0.9300970873786405, -0.9087378640776695]",-0.58990288,
CountRecallMedium,filterbank,1,72,,-0.9165048543689319,0.046803770070656094,-0.8619467264127456,,30.0,"{'decomposition': 'legendre', 'n_filters': 8, 'slowest': 0.023160510760021572}",bc,0,linear,,,-0.8970873786407765,-0.9091262135922327,2.0,"[-0.8970873786407765, -0.9320388349514559, -0.8873786407766987, -0.8990291262135919, -0.9300970873786405]",-0.61747572,
CountRecallMedium,filterbank,2,72,,-0.9215533980582521,0.044271844660194154,-0.8564301717699775,,31.0,"{'decomposition': 'legendre', 'n_filters': 8, 'slowest': 0.023160510760021572}",bc,0,linear,,,-0.9262135922330094,-0.9079611650485434,1.0,"[-0.9262135922330094, -0.8932038834951452, -0.9106796116504852, -0.9145631067961162, -0.8951456310679609]",-0.5937864,
CountRecallMedium,filterbank,3,72,,-0.9067961165048541,0.05733911868051803,-0.8574856858352002,,30.0,"{'decomposition': 'legendre', 'n_filters': 8, 'slowest': 0.023160510760021572}",bc,0,linear,,,-0.906796116504854,-0.9188349514563103,0.0,"[-0.906796116504854, -0.9145631067961162, -0.924271844660194, -0.924271844660194, -0.924271844660194]",-0.6,
CountRecallMedium,filterbank,4,72,,-0.9289320388349512,0.041393394881151895,-0.8592780682101068,,30.0,"{'decomposition': 'legendre', 'n_filters': 8, 'slowest': 0.023160510760021572}",bc,0,linear,,,-0.9417475728155337,-0.9297087378640774,1.0,"[-0.9417475728155337, -0.902912621359223, -0.9359223300970869, -0.9262135922330094, -0.9417475728155337]",-0.6081553000000001,
CountRecallMedium,filterbank,5,72,,-0.9021359223300968,0.054501917803025476,-0.8518695543938261,,31.0,"{'decomposition': 'legendre', 'n_filters': 8, 'slowest': 0.023160510760021572}",bc,0,linear,,,-0.8932038834951455,-0.9110679611650483,0.0,"[-0.8932038834951455, -0.8951456310679609, -0.906796116504854, -0.902912621359223, -0.9572815533980579]",-0.6054369,
CountRecallMedium,filterbank,6,72,,-0.917281553398058,0.04013550429324664,-0.8583619616629323,,30.0,"{'decomposition': 'legendre', 'n_filters': 8, 'slowest': 0.023160510760021572}",bc,0,linear,,,-0.9165048543689316,-0.9137864077669899,4.0,"[-0.9165048543689316, -0.9165048543689316, -0.9145631067961162, -0.9320388349514561, -0.8893203883495143]",-0.5992232999999999,
CountRecallMedium,filterbank,7,72,,-0.9165048543689318,0.04380782202981931,-0.8569878018421705,,30.0,"{'decomposition': 'legendre', 'n_filters': 8, 'slowest': 0.023160510760021572}",bc,0,linear,,,-0.9242718446601937,-0.9168932038834947,4.0,"[-0.9242718446601937, -0.9203883495145627, -0.924271844660194, -0.9223300970873783, -0.8932038834951455]",-0.60737866,
CountRecallMedium,filterbank,8,72,,-0.916893203883495,0.050789227881232794,-0.8595568832462033,,30.0,"{'decomposition': 'legendre', 'n_filters': 8, 'slowest': 0.023160510760021572}",bc,0,linear,,,-0.924271844660194,-0.9277669902912618,4.0,"[-0.924271844660194, -0.9262135922330094, -0.9300970873786405, -0.9436893203883493, -0.9145631067961162]",-0.6058252000000001,
CountRecallMedium,filterbank,9,72,,-0.9285436893203881,0.045858141884661766,-0.8541996514812047,,30.0,"{'decomposition': 'legendre', 'n_filters': 8, 'slowest': 0.023160510760021572}",bc,0,linear,,,-0.9281553398058249,-0.9269902912621356,2.0,"[-0.9281553398058249, -0.9300970873786405, -0.9145631067961162, -0.9378640776699025, -0.924271844660194]",-0.5957281799999999,
CountRecallMedium,filterbank,7,72,,-0.8590292600000001,0.058098250478240736,-0.8951581456530695,-0.8739866865979381,353.0,"{'decomposition': 'legendre', 'n_filters': 8, 'slowest': 0.023160510760021572, 'learning_rate': 0.0001}",dqn,0,linear,0.0001,,,,,,,
CountRecallMedium,filterbank,9,72,,-0.86563114,0.055309576504619894,-0.8939080562422744,-0.867120475257732,342.0,"{'decomposition': 'legendre', 'n_filters': 8, 'slowest': 0.023160510760021572, 'learning_rate': 0.0001}",dqn,0,linear,0.0001,,,,,,,
CountRecallMedium,filterbank,0,72,,-0.8908739800000001,0.056396418833996896,-0.9153237063246805,-0.9088981391752576,344.0,"{'decomposition': 'legendre', 'n_filters': 8, 'slowest': 0.023160510760021572, 'learning_rate': 0.0003}",dqn,0,linear,0.0003,,,,,,,
CountRecallMedium,filterbank,8,72,,-0.85087384,0.05830937796593616,-0.8938240454264522,-0.865939424742268,347.0,"{'decomposition': 'legendre', 'n_filters': 8, 'slowest': 0.023160510760021572, 'learning_rate': 0.0001}",dqn,0,linear,0.0001,,,,,,,
CountRecallMedium,filterbank,1,72,,-0.88815542,0.06134946351585808,-0.9084491763494025,-0.9054950855670102,347.0,"{'decomposition': 'legendre', 'n_filters': 8, 'slowest': 0.023160510760021572, 'learning_rate': 0.0003}",dqn,0,linear,0.0003,,,,,,,
CountRecallMedium,filterbank,3,72,,-0.9141749400000001,0.0628706950209428,-0.9153437073547589,-0.9070164402061857,345.0,"{'decomposition': 'legendre', 'n_filters': 8, 'slowest': 0.023160510760021572, 'learning_rate': 0.0003}",dqn,0,linear,0.0003,,,,,,,
CountRecallMedium,filterbank,2,72,,-0.8904855600000002,0.05886547241096771,-0.9149076801606921,-0.9039136659793814,353.0,"{'decomposition': 'legendre', 'n_filters': 8, 'slowest': 0.023160510760021572, 'learning_rate': 0.0003}",dqn,0,linear,0.0003,,,,,,,
CountRecallMedium,filterbank,4,72,,-0.9033011000000001,0.0535993113173108,-0.9138935948702102,-0.9066561175257731,350.0,"{'decomposition': 'legendre', 'n_filters': 8, 'slowest': 0.023160510760021572, 'learning_rate': 0.0003}",dqn,0,linear,0.0003,,,,,,,
CountRecallMedium,filterbank,5,72,,-0.92543706,0.048249223278063254,-0.9135315687062218,-0.9096788587628866,351.0,"{'decomposition': 'legendre', 'n_filters': 8, 'slowest': 0.023160510760021572, 'learning_rate': 0.0003}",dqn,0,linear,0.0003,,,,,,,
CountRecallMedium,filterbank,6,72,,-0.9262137799999999,0.0434187801884346,-0.9116954279975278,-0.9047143721649484,340.0,"{'decomposition': 'legendre', 'n_filters': 8, 'slowest': 0.023160510760021572, 'learning_rate': 0.0003}",dqn,0,linear,0.0003,,,,,,,
CountRecallMedium,filterbank,8,72,,-0.9188350999999999,0.05147503939862506,-0.912073462093119,-0.9038536113402061,338.0,"{'decomposition': 'legendre', 'n_filters': 8, 'slowest': 0.023160510760021572, 'learning_rate': 0.0003}",dqn,0,linear,0.0003,,,,,,,
CountRecallMedium,filterbank,7,72,,-0.9114564799999999,0.041128492591506444,-0.9116674269674495,-0.910059187628866,342.0,"{'decomposition': 'legendre', 'n_filters': 8, 'slowest': 0.023160510760021572, 'learning_rate': 0.0003}",dqn,0,linear,0.0003,,,,,,,
CountRecallMedium,filterbank,0,72,,-0.92543706,0.04005086864147145,-0.9257545088586734,-0.9265740804123711,341.0,"{'decomposition': 'legendre', 'n_filters': 8, 'slowest': 0.023160510760021572, 'learning_rate': 0.001}",dqn,0,linear,0.001,,,,,,,
CountRecallMedium,filterbank,9,72,,-0.9281556000000001,0.04096130141780167,-0.9126755030902349,-0.9040537762886597,343.0,"{'decomposition': 'legendre', 'n_filters': 8, 'slowest': 0.023160510760021572, 'learning_rate': 0.0003}",dqn,0,linear,0.0003,,,,,,,
CountRecallMedium,filterbank,2,72,,-0.9467963400000001,0.029781597660709883,-0.9257465106098063,-0.9249926494845361,341.0,"{'decomposition': 'legendre', 'n_filters': 8, 'slowest': 0.023160510760021572, 'learning_rate': 0.001}",dqn,0,linear,0.001,,,,,,,
CountRecallMedium,filterbank,1,72,,-0.9141748599999999,0.03726748988274366,-0.9249004420065925,-0.9242319546391753,347.0,"{'decomposition': 'legendre', 'n_filters': 8, 'slowest': 0.023160510760021572, 'learning_rate': 0.001}",dqn,0,linear,0.001,,,,,,,
CountRecallMedium,filterbank,3,72,,-0.9347574599999998,0.03898232037127088,-0.9248664424186238,-0.925272906185567,344.0,"{'decomposition': 'legendre', 'n_filters': 8, 'slowest': 0.023160510760021572, 'learning_rate': 0.001}",dqn,0,linear,0.001,,,,,,,
CountRecallMedium,filterbank,4,72,,-0.9266021199999999,0.0429455882724361,-0.9248544410795222,-0.9249325804123711,342.0,"{'decomposition': 'legendre', 'n_filters': 8, 'slowest': 0.023160510760021572, 'learning_rate': 0.001}",dqn,0,linear,0.001,,,,,,,
CountRecallMedium,filterbank,5,72,,-0.9266021400000001,0.041698349792772385,-0.9255084932014833,-0.9279553134020619,345.0,"{'decomposition': 'legendre', 'n_filters': 8, 'slowest': 0.023160510760021572, 'learning_rate': 0.001}",dqn,0,linear,0.001,,,,,,,
CountRecallMedium,filterbank,9,72,,-0.92621376,0.03998307382558776,-0.9245144142974865,-0.9218097567010308,340.0,"{'decomposition': 'legendre', 'n_filters': 8, 'slowest': 0.023160510760021572, 'learning_rate': 0.001}",dqn,0,linear,0.001,,,,,,,
CountRecallMedium,filterbank,6,72,,-0.9370875800000001,0.036339272775932116,-0.9249044458178821,-0.9256532453608247,348.0,"{'decomposition': 'legendre', 'n_filters': 8, 'slowest': 0.023160510760021572, 'learning_rate': 0.001}",dqn,0,linear,0.001,,,,,,,
CountRecallMedium,filterbank,7,72,,-0.9316506000000002,0.0360643167998508,-0.9251764699217139,-0.9251527938144329,346.0,"{'decomposition': 'legendre', 'n_filters': 8, 'slowest': 0.023160510760021572, 'learning_rate': 0.001}",dqn,0,linear,0.001,,,,,,,
CountRecallMedium,filterbank,2,72,,-0.9184467800000001,0.0467635474955825,-0.9256164943345694,-0.9263738752577318,345.0,"{'decomposition': 'legendre', 'n_filters': 8, 'slowest': 0.023160510760021572, 'learning_rate': 0.003}",dqn,0,linear,0.003,,,,,,,
CountRecallMedium,filterbank,6,72,,-0.9328156399999998,0.04257884941740912,-0.9260145267820353,-0.9251327742268041,341.0,"{'decomposition': 'legendre', 'n_filters': 8, 'slowest': 0.023160510760021572, 'learning_rate': 0.003}",dqn,0,linear,0.003,,,,,,,
CountRecallMedium,filterbank,7,72,,-0.9386408999999999,0.03772389410824393,-0.9264265639678616,-0.9243921072164948,340.0,"{'decomposition': 'legendre', 'n_filters': 8, 'slowest': 0.023160510760021572, 'learning_rate': 0.003}",dqn,0,linear,0.003,,,,,,,
CountRecallMedium,filterbank,3,72,,-0.9176700200000002,0.04101824976592249,-0.9258605139060568,-0.9286559340206185,345.0,"{'decomposition': 'legendre', 'n_filters': 8, 'slowest': 0.023160510760021572, 'learning_rate': 0.003}",dqn,0,linear,0.003,,,,,,,
CountRecallMedium,filterbank,8,72,,-0.9436894600000001,0.036482127206186876,-0.9252924772352698,-0.9250527020618556,342.0,"{'decomposition': 'legendre', 'n_filters': 8, 'slowest': 0.023160510760021572, 'learning_rate': 0.003}",dqn,0,linear,0.003,,,,,,,
CountRecallMedium,filterbank,8,72,,-0.9293205600000002,0.040686056237566215,-0.9250444562216729,-0.9251727948453607,350.0,"{'decomposition': 'legendre', 'n_filters': 8, 'slowest': 0.023160510760021572, 'learning_rate': 0.001}",dqn,0,linear,0.001,,,,,,,
CountRecallMedium,filterbank,0,72,,-0.9273788200000002,0.04250787315389468,-0.9248284412855379,-0.9235913701030927,350.0,"{'decomposition': 'legendre', 'n_filters': 8, 'slowest': 0.023160510760021572, 'learning_rate': 0.003}",dqn,0,linear,0.003,,,,,,,
CountRecallMedium,filterbank,5,72,,-0.92194188,0.04520402158996035,-0.925590497527812,-0.9225504453608248,346.0,"{'decomposition': 'legendre', 'n_filters': 8, 'slowest': 0.023160510760021572, 'learning_rate': 0.003}",dqn,0,linear,0.003,,,,,,,
CountRecallMedium,filterbank,1,72,,-0.92854386,0.03652138819213203,-0.9248704465389369,-0.9263338525773195,351.0,"{'decomposition': 'legendre', 'n_filters': 8, 'slowest': 0.023160510760021572, 'learning_rate': 0.003}",dqn,0,linear,0.003,,,,,,,
CountRecallMedium,filterbank,4,72,,-0.9234952399999998,0.04746934202474688,-0.9256645063864855,-0.9250326793814433,349.0,"{'decomposition': 'legendre', 'n_filters': 8, 'slowest': 0.023160510760021572, 'learning_rate': 0.003}",dqn,0,linear,0.003,,,,,,,
CountRecallMedium,filterbank,9,72,,-0.9390292799999999,0.02880346015189148,-0.9258185129789863,-0.9273347587628866,348.0,"{'decomposition': 'legendre', 'n_filters': 8, 'slowest': 0.023160510760021572, 'learning_rate': 0.003}",dqn,0,linear,0.003,,,,,,,
