env,condition,seed,n_features,connections_per_neuron,eval_return_mean,eval_return_std,train_return_mean,train_return_last10%,time_s,params,method,units,arch,learning_rate,bc_return,greedy_return_mean,best_round,selection_curve,expert_return_mean,best_iteration
Autoencode,filterbank+esn,9,1014,13.770216962524655,-0.44076925999999994,0.13764939179100064,-0.466680889848812,-0.45936211728395054,4112,"{'decomposition': 'legendre', 'n_filters': 12, 'slowest': 0.006397371281320229, 'input_scaling': 0.550142611755141, 'bias_dist': 'foldnorm', 'bias_scaling': 0.07438842372152364, 'lr': 0.6575600610814601, 'sr': 0.8663422541011234, 'rc_connectivity': 0.013579746643157644, 'learning_rate': 0.001}",ppo,1000,64x64,0.001,,,,,,
Autoencode,filterbank+esn,2,1014,13.770216962524655,-0.44538458000000003,0.09579629172240228,-0.45952497603620285,-0.4436134567901235,4129,"{'decomposition': 'legendre', 'n_filters': 12, 'slowest': 0.006397371281320229, 'input_scaling': 0.550142611755141, 'bias_dist': 'foldnorm', 'bias_scaling': 0.07438842372152364, 'lr': 0.6575600610814601, 'sr': 0.8663422541011234, 'rc_connectivity': 0.013579746643157644, 'learning_rate': 0.0003}",ppo,1000,64x64,0.0003,,,,,,
Autoencode,filterbank+esn,3,1014,13.770216962524655,-0.44153842,0.10298508305887605,-0.45826705358428477,-0.4408435771604938,4132,"{'decomposition': 'legendre', 'n_filters': 12, 'slowest': 0.006397371281320229, 'input_scaling': 0.550142611755141, 'bias_dist': 'foldnorm', 'bias_scaling': 0.07438842372152364, 'lr': 0.6575600610814601, 'sr': 0.8663422541011234, 'rc_connectivity': 0.013579746643157644, 'learning_rate': 0.0003}",ppo,1000,64x64,0.0003,,,,,,
Autoencode,filterbank+esn,3,1014,13.770216962524655,-0.46923076,0.12474832377271607,-0.4650946432171141,-0.44788697119341564,4144,"{'decomposition': 'legendre', 'n_filters': 12, 'slowest': 0.006397371281320229, 'input_scaling': 0.550142611755141, 'bias_dist': 'foldnorm', 'bias_scaling': 0.07438842372152364, 'lr': 0.6575600610814601, 'sr': 0.8663422541011234, 'rc_connectivity': 0.013579746643157644, 'learning_rate': 0.001}",ppo,1000,64x64,0.001,,,,,,
Autoencode,filterbank+esn,5,1014,13.770216962524655,-0.40615378,0.11044823633255355,-0.4642599835441735,-0.46308164403292185,4151,"{'decomposition': 'legendre', 'n_filters': 12, 'slowest': 0.006397371281320229, 'input_scaling': 0.550142611755141, 'bias_dist': 'foldnorm', 'bias_scaling': 0.07438842372152364, 'lr': 0.6575600610814601, 'sr': 0.8663422541011234, 'rc_connectivity': 0.013579746643157644, 'learning_rate': 0.001}",ppo,1000,64x64,0.001,,,,,,
Autoencode,filterbank+esn,1,1014,13.770216962524655,-0.46153844,0.1206492534869835,-0.4657117385580582,-0.4472934094650206,4152,"{'decomposition': 'legendre', 'n_filters': 12, 'slowest': 0.006397371281320229, 'input_scaling': 0.550142611755141, 'bias_dist': 'foldnorm', 'bias_scaling': 0.07438842372152364, 'lr': 0.6575600610814601, 'sr': 0.8663422541011234, 'rc_connectivity': 0.013579746643157644, 'learning_rate': 0.001}",ppo,1000,64x64,0.001,,,,,,
Autoencode,filterbank+esn,1,1014,13.770216962524655,-0.45384612,0.1143544772259731,-0.4677331153964826,-0.439300371399177,4180,"{'decomposition': 'legendre', 'n_filters': 12, 'slowest': 0.006397371281320229, 'input_scaling': 0.550142611755141, 'bias_dist': 'foldnorm', 'bias_scaling': 0.07438842372152364, 'lr': 0.6575600610814601, 'sr': 0.8663422541011234, 'rc_connectivity': 0.013579746643157644, 'learning_rate': 0.0003}",ppo,1000,64x64,0.0003,,,,,,
Autoencode,filterbank+esn,9,1014,13.770216962524655,-0.3730769,0.12289644050520747,-0.45653048585827416,-0.43150518930041154,4190,"{'decomposition': 'legendre', 'n_filters': 12, 'slowest': 0.006397371281320229, 'input_scaling': 0.550142611755141, 'bias_dist': 'foldnorm', 'bias_scaling': 0.07438842372152364, 'lr': 0.6575600610814601, 'sr': 0.8663422541011234, 'rc_connectivity': 0.013579746643157644, 'learning_rate': 0.0003}",ppo,1000,64x64,0.0003,,,,,,
Autoencode,filterbank+esn,6,1014,13.770216962524655,-0.42692304,0.10966606029742475,-0.4653359421989098,-0.45536559465020576,4190,"{'decomposition': 'legendre', 'n_filters': 12, 'slowest': 0.006397371281320229, 'input_scaling': 0.550142611755141, 'bias_dist': 'foldnorm', 'bias_scaling': 0.07438842372152364, 'lr': 0.6575600610814601, 'sr': 0.8663422541011234, 'rc_connectivity': 0.013579746643157644, 'learning_rate': 0.001}",ppo,1000,64x64,0.001,,,,,,
Autoencode,filterbank+esn,6,1014,13.770216962524655,-0.41153844,0.13592767429455416,-0.45736910274606607,-0.43368151440329217,4212,"{'decomposition': 'legendre', 'n_filters': 12, 'slowest': 0.006397371281320229, 'input_scaling': 0.550142611755141, 'bias_dist': 'foldnorm', 'bias_scaling': 0.07438842372152364, 'lr': 0.6575600610814601, 'sr': 0.8663422541011234, 'rc_connectivity': 0.013579746643157644, 'learning_rate': 0.0003}",ppo,1000,64x64,0.0003,,,,,,
Autoencode,filterbank+esn,7,1014,13.770216962524655,-0.46999992,0.11154916099385775,-0.4723534047104803,-0.47170779526748974,4222,"{'decomposition': 'legendre', 'n_filters': 12, 'slowest': 0.006397371281320229, 'input_scaling': 0.550142611755141, 'bias_dist': 'foldnorm', 'bias_scaling': 0.07438842372152364, 'lr': 0.6575600610814601, 'sr': 0.8663422541011234, 'rc_connectivity': 0.013579746643157644, 'learning_rate': 0.001}",ppo,1000,64x64,0.001,,,,,,
Autoencode,filterbank+esn,5,1014,13.770216962524655,-0.39923072,0.12590274501551424,-0.45792686012547557,-0.4388255380658436,4272,"{'decomposition': 'legendre', 'n_filters': 12, 'slowest': 0.006397371281320229, 'input_scaling': 0.550142611755141, 'bias_dist': 'foldnorm', 'bias_scaling': 0.07438842372152364, 'lr': 0.6575600610814601, 'sr': 0.8663422541011234, 'rc_connectivity': 0.013579746643157644, 'learning_rate': 0.0003}",ppo,1000,64x64,0.0003,,,,,,
Autoencode,filterbank+esn,0,1014,13.770216962524655,-0.45538458,0.10696470707052676,-0.46558515108505605,-0.4597578117283951,4282,"{'decomposition': 'legendre', 'n_filters': 12, 'slowest': 0.006397371281320229, 'input_scaling': 0.550142611755141, 'bias_dist': 'foldnorm', 'bias_scaling': 0.07438842372152364, 'lr': 0.6575600610814601, 'sr': 0.8663422541011234, 'rc_connectivity': 0.013579746643157644, 'learning_rate': 0.001}",ppo,1000,64x64,0.001,,,,,,
Autoencode,filterbank+esn,4,1014,13.770216962524655,-0.39615388,0.1317273270299887,-0.45033185488018096,-0.4175371543209877,4286,"{'decomposition': 'legendre', 'n_filters': 12, 'slowest': 0.006397371281320229, 'input_scaling': 0.550142611755141, 'bias_dist': 'foldnorm', 'bias_scaling': 0.07438842372152364, 'lr': 0.6575600610814601, 'sr': 0.8663422541011234, 'rc_connectivity': 0.013579746643157644, 'learning_rate': 0.0003}",ppo,1000,64x64,0.0003,,,,,,
Autoencode,filterbank+esn,0,1014,13.770216962524655,-0.42999990000000005,0.12130698438923457,-0.4649799215262779,-0.4338793456790124,4292,"{'decomposition': 'legendre', 'n_filters': 12, 'slowest': 0.006397371281320229, 'input_scaling': 0.550142611755141, 'bias_dist': 'foldnorm', 'bias_scaling': 0.07438842372152364, 'lr': 0.6575600610814601, 'sr': 0.8663422541011234, 'rc_connectivity': 0.013579746643157644, 'learning_rate': 0.0003}",ppo,1000,64x64,0.0003,,,,,,
Autoencode,filterbank+esn,8,1014,13.770216962524655,-0.40923069999999995,0.10284712317634363,-0.46363102314100585,-0.4396169310699589,4294,"{'decomposition': 'legendre', 'n_filters': 12, 'slowest': 0.006397371281320229, 'input_scaling': 0.550142611755141, 'bias_dist': 'foldnorm', 'bias_scaling': 0.07438842372152364, 'lr': 0.6575600610814601, 'sr': 0.8663422541011234, 'rc_connectivity': 0.013579746643157644, 'learning_rate': 0.0003}",ppo,1000,64x64,0.0003,,,,,,
Autoencode,filterbank+esn,8,1014,13.770216962524655,-0.46076918,0.10504728512126145,-0.46589765031368924,-0.4650996934156379,4296,"{'decomposition': 'legendre', 'n_filters': 12, 'slowest': 0.006397371281320229, 'input_scaling': 0.550142611755141, 'bias_dist': 'foldnorm', 'bias_scaling': 0.07438842372152364, 'lr': 0.6575600610814601, 'sr': 0.8663422541011234, 'rc_connectivity': 0.013579746643157644, 'learning_rate': 0.001}",ppo,1000,64x64,0.001,,,,,,
Autoencode,filterbank+hag,3,1014,3.6124260355029585,-0.48461538,0.1174180312357331,-0.48863518862490996,-0.4871003425925926,4274,"{'decomposition': 'legendre', 'n_filters': 12, 'slowest': 0.015468638100899648, 'input_scaling': 0.8216619713233748, 'bias_dist': 'foldnorm', 'bias_scaling': 0.04249382119350724, 'lr': 0.7520411716638045, 'weight_increment': 0.001395793645992084, 'min_window': 19, 'max_window': 32, 'use_full_instance': True, 'max_partners': 20, 'homeostasis': 'mean', 'target': 0.69, 'spread': 0.36000000000000004, 'learning_rate': 0.001}",ppo,1000,64x64,0.001,,,,,,
Autoencode,filterbank+esn,2,1014,13.770216962524655,-0.4607692,0.11904216030079426,-0.4666136465082793,-0.4593225442386831,4312,"{'decomposition': 'legendre', 'n_filters': 12, 'slowest': 0.006397371281320229, 'input_scaling': 0.550142611755141, 'bias_dist': 'foldnorm', 'bias_scaling': 0.07438842372152364, 'lr': 0.6575600610814601, 'sr': 0.8663422541011234, 'rc_connectivity': 0.013579746643157644, 'learning_rate': 0.001}",ppo,1000,64x64,0.001,,,,,,
Autoencode,filterbank+esn,1,1014,13.770216962524655,-0.5,0.0,-0.5012895688573485,-0.5,4283,"{'decomposition': 'legendre', 'n_filters': 12, 'slowest': 0.006397371281320229, 'input_scaling': 0.550142611755141, 'bias_dist': 'foldnorm', 'bias_scaling': 0.07438842372152364, 'lr': 0.6575600610814601, 'sr': 0.8663422541011234, 'rc_connectivity': 0.013579746643157644, 'learning_rate': 0.003}",ppo,1000,64x64,0.003,,,,,,
Autoencode,filterbank+esn,6,1014,13.770216962524655,-0.5,0.0,-0.4995569572148514,-0.5,4292,"{'decomposition': 'legendre', 'n_filters': 12, 'slowest': 0.006397371281320229, 'input_scaling': 0.550142611755141, 'bias_dist': 'foldnorm', 'bias_scaling': 0.07438842372152364, 'lr': 0.6575600610814601, 'sr': 0.8663422541011234, 'rc_connectivity': 0.013579746643157644, 'learning_rate': 0.003}",ppo,1000,64x64,0.003,,,,,,
Autoencode,filterbank+esn,7,1014,13.770216962524655,-0.44999997999999997,0.11127296842926228,-0.46784386670780626,-0.44931145061728395,4325,"{'decomposition': 'legendre', 'n_filters': 12, 'slowest': 0.006397371281320229, 'input_scaling': 0.550142611755141, 'bias_dist': 'foldnorm', 'bias_scaling': 0.07438842372152364, 'lr': 0.6575600610814601, 'sr': 0.8663422541011234, 'rc_connectivity': 0.013579746643157644, 'learning_rate': 0.0003}",ppo,1000,64x64,0.0003,,,,,,
Autoencode,filterbank+esn,4,1014,13.770216962524655,-0.45076923999999996,0.09608928459043911,-0.4634688338990024,-0.45227916769547327,4325,"{'decomposition': 'legendre', 'n_filters': 12, 'slowest': 0.006397371281320229, 'input_scaling': 0.550142611755141, 'bias_dist': 'foldnorm', 'bias_scaling': 0.07438842372152364, 'lr': 0.6575600610814601, 'sr': 0.8663422541011234, 'rc_connectivity': 0.013579746643157644, 'learning_rate': 0.001}",ppo,1000,64x64,0.001,,,,,,
Autoencode,filterbank+esn,8,1014,13.770216962524655,-0.5,0.0,-0.4994699349994857,-0.5,4297,"{'decomposition': 'legendre', 'n_filters': 12, 'slowest': 0.006397371281320229, 'input_scaling': 0.550142611755141, 'bias_dist': 'foldnorm', 'bias_scaling': 0.07438842372152364, 'lr': 0.6575600610814601, 'sr': 0.8663422541011234, 'rc_connectivity': 0.013579746643157644, 'learning_rate': 0.003}",ppo,1000,64x64,0.003,,,,,,
Autoencode,filterbank+esn,2,1014,13.770216962524655,-0.5,0.0,-0.49996835698858383,-0.49905033539094656,4308,"{'decomposition': 'legendre', 'n_filters': 12, 'slowest': 0.006397371281320229, 'input_scaling': 0.550142611755141, 'bias_dist': 'foldnorm', 'bias_scaling': 0.07438842372152364, 'lr': 0.6575600610814601, 'sr': 0.8663422541011234, 'rc_connectivity': 0.013579746643157644, 'learning_rate': 0.003}",ppo,1000,64x64,0.003,,,,,,
Autoencode,filterbank+esn,7,1014,13.770216962524655,-0.5,0.0,-0.49912183163632623,-0.5,4315,"{'decomposition': 'legendre', 'n_filters': 12, 'slowest': 0.006397371281320229, 'input_scaling': 0.550142611755141, 'bias_dist': 'foldnorm', 'bias_scaling': 0.07438842372152364, 'lr': 0.6575600610814601, 'sr': 0.8663422541011234, 'rc_connectivity': 0.013579746643157644, 'learning_rate': 0.003}",ppo,1000,64x64,0.003,,,,,,
Autoencode,filterbank+esn,5,1014,13.770216962524655,-0.5,0.0,-0.49776897397922454,-0.497744549382716,4319,"{'decomposition': 'legendre', 'n_filters': 12, 'slowest': 0.006397371281320229, 'input_scaling': 0.550142611755141, 'bias_dist': 'foldnorm', 'bias_scaling': 0.07438842372152364, 'lr': 0.6575600610814601, 'sr': 0.8663422541011234, 'rc_connectivity': 0.013579746643157644, 'learning_rate': 0.003}",ppo,1000,64x64,0.003,,,,,,
Autoencode,filterbank+esn,9,1014,13.770216962524655,-0.5,0.0,-0.4980814759847783,-0.4982589598765432,4322,"{'decomposition': 'legendre', 'n_filters': 12, 'slowest': 0.006397371281320229, 'input_scaling': 0.550142611755141, 'bias_dist': 'foldnorm', 'bias_scaling': 0.07438842372152364, 'lr': 0.6575600610814601, 'sr': 0.8663422541011234, 'rc_connectivity': 0.013579746643157644, 'learning_rate': 0.003}",ppo,1000,64x64,0.003,,,,,,
Autoencode,filterbank+esn,4,1014,13.770216962524655,-0.5,0.0,-0.49993275203126614,-0.5,4326,"{'decomposition': 'legendre', 'n_filters': 12, 'slowest': 0.006397371281320229, 'input_scaling': 0.550142611755141, 'bias_dist': 'foldnorm', 'bias_scaling': 0.07438842372152364, 'lr': 0.6575600610814601, 'sr': 0.8663422541011234, 'rc_connectivity': 0.013579746643157644, 'learning_rate': 0.01}",ppo,1000,64x64,0.01,,,,,,
Autoencode,filterbank+esn,3,1014,13.770216962524655,-0.5,0.0,-0.5001068067468888,-0.49901076028806585,4329,"{'decomposition': 'legendre', 'n_filters': 12, 'slowest': 0.006397371281320229, 'input_scaling': 0.550142611755141, 'bias_dist': 'foldnorm', 'bias_scaling': 0.07438842372152364, 'lr': 0.6575600610814601, 'sr': 0.8663422541011234, 'rc_connectivity': 0.013579746643157644, 'learning_rate': 0.003}",ppo,1000,64x64,0.003,,,,,,
Autoencode,filterbank+esn,0,1014,13.770216962524655,-0.5,0.0,-0.5006447824745449,-0.5,4334,"{'decomposition': 'legendre', 'n_filters': 12, 'slowest': 0.006397371281320229, 'input_scaling': 0.550142611755141, 'bias_dist': 'foldnorm', 'bias_scaling': 0.07438842372152364, 'lr': 0.6575600610814601, 'sr': 0.8663422541011234, 'rc_connectivity': 0.013579746643157644, 'learning_rate': 0.003}",ppo,1000,64x64,0.003,,,,,,
Autoencode,filterbank+hag,1,1014,3.8037475345167655,-0.49153846,0.095238823929784,-0.4917285706057801,-0.49054288888888886,4346,"{'decomposition': 'legendre', 'n_filters': 12, 'slowest': 0.015468638100899648, 'input_scaling': 0.8216619713233748, 'bias_dist': 'foldnorm', 'bias_scaling': 0.04249382119350724, 'lr': 0.7520411716638045, 'weight_increment': 0.001395793645992084, 'min_window': 19, 'max_window': 32, 'use_full_instance': True, 'max_partners': 20, 'homeostasis': 'mean', 'target': 0.69, 'spread': 0.36000000000000004, 'learning_rate': 0.001}",ppo,1000,64x64,0.001,,,,,,
Autoencode,filterbank+hag,1,1014,3.8037475345167655,-0.45538466000000005,0.11750869470070885,-0.4761113489663684,-0.46070747942386836,4360,"{'decomposition': 'legendre', 'n_filters': 12, 'slowest': 0.015468638100899648, 'input_scaling': 0.8216619713233748, 'bias_dist': 'foldnorm', 'bias_scaling': 0.04249382119350724, 'lr': 0.7520411716638045, 'weight_increment': 0.001395793645992084, 'min_window': 19, 'max_window': 32, 'use_full_instance': True, 'max_partners': 20, 'homeostasis': 'mean', 'target': 0.69, 'spread': 0.36000000000000004, 'learning_rate': 0.0003}",ppo,1000,64x64,0.0003,,,,,,
Autoencode,filterbank+hag,6,1014,3.559171597633136,-0.5030768600000001,0.0817124937255032,-0.49426419201892424,-0.4975862757201646,4362,"{'decomposition': 'legendre', 'n_filters': 12, 'slowest': 0.015468638100899648, 'input_scaling': 0.8216619713233748, 'bias_dist': 'foldnorm', 'bias_scaling': 0.04249382119350724, 'lr': 0.7520411716638045, 'weight_increment': 0.001395793645992084, 'min_window': 19, 'max_window': 32, 'use_full_instance': True, 'max_partners': 20, 'homeostasis': 'mean', 'target': 0.69, 'spread': 0.36000000000000004, 'learning_rate': 0.001}",ppo,1000,64x64,0.001,,,,,,
Autoencode,filterbank+esn,4,1014,13.770216962524655,-0.5,0.0,-0.5013686830196441,-0.5039569506172838,4369,"{'decomposition': 'legendre', 'n_filters': 12, 'slowest': 0.006397371281320229, 'input_scaling': 0.550142611755141, 'bias_dist': 'foldnorm', 'bias_scaling': 0.07438842372152364, 'lr': 0.6575600610814601, 'sr': 0.8663422541011234, 'rc_connectivity': 0.013579746643157644, 'learning_rate': 0.003}",ppo,1000,64x64,0.003,,,,,,
Autoencode,filterbank+esn,2,1014,13.770216962524655,-0.5,0.0,-0.5000039558778154,-0.5,4374,"{'decomposition': 'legendre', 'n_filters': 12, 'slowest': 0.006397371281320229, 'input_scaling': 0.550142611755141, 'bias_dist': 'foldnorm', 'bias_scaling': 0.07438842372152364, 'lr': 0.6575600610814601, 'sr': 0.8663422541011234, 'rc_connectivity': 0.013579746643157644, 'learning_rate': 0.01}",ppo,1000,64x64,0.01,,,,,,
Autoencode,filterbank+hag,7,1014,3.5956607495069033,-0.4707692600000001,0.10478502390891745,-0.48944216435256604,-0.492956633744856,4375,"{'decomposition': 'legendre', 'n_filters': 12, 'slowest': 0.015468638100899648, 'input_scaling': 0.8216619713233748, 'bias_dist': 'foldnorm', 'bias_scaling': 0.04249382119350724, 'lr': 0.7520411716638045, 'weight_increment': 0.001395793645992084, 'min_window': 19, 'max_window': 32, 'use_full_instance': True, 'max_partners': 20, 'homeostasis': 'mean', 'target': 0.69, 'spread': 0.36000000000000004, 'learning_rate': 0.001}",ppo,1000,64x64,0.001,,,,,,
Autoencode,filterbank+hag,6,1014,3.559171597633136,-0.47384616000000007,0.12413971262643714,-0.474635862079605,-0.4591642664609054,4381,"{'decomposition': 'legendre', 'n_filters': 12, 'slowest': 0.015468638100899648, 'input_scaling': 0.8216619713233748, 'bias_dist': 'foldnorm', 'bias_scaling': 0.04249382119350724, 'lr': 0.7520411716638045, 'weight_increment': 0.001395793645992084, 'min_window': 19, 'max_window': 32, 'use_full_instance': True, 'max_partners': 20, 'homeostasis': 'mean', 'target': 0.69, 'spread': 0.36000000000000004, 'learning_rate': 0.0003}",ppo,1000,64x64,0.0003,,,,,,
Autoencode,filterbank+hag,4,1014,3.804733727810651,-0.42538450000000005,0.11158089988438881,-0.47599663581199214,-0.4594412582304527,4390,"{'decomposition': 'legendre', 'n_filters': 12, 'slowest': 0.015468638100899648, 'input_scaling': 0.8216619713233748, 'bias_dist': 'foldnorm', 'bias_scaling': 0.04249382119350724, 'lr': 0.7520411716638045, 'weight_increment': 0.001395793645992084, 'min_window': 19, 'max_window': 32, 'use_full_instance': True, 'max_partners': 20, 'homeostasis': 'mean', 'target': 0.69, 'spread': 0.36000000000000004, 'learning_rate': 0.0003}",ppo,1000,64x64,0.0003,,,,,,
Autoencode,filterbank+hag,0,1014,3.886587771203156,-0.5,0.0,-0.4998694612773835,-0.5,4391,"{'decomposition': 'legendre', 'n_filters': 12, 'slowest': 0.015468638100899648, 'input_scaling': 0.8216619713233748, 'bias_dist': 'foldnorm', 'bias_scaling': 0.04249382119350724, 'lr': 0.7520411716638045, 'weight_increment': 0.001395793645992084, 'min_window': 19, 'max_window': 32, 'use_full_instance': True, 'max_partners': 20, 'homeostasis': 'mean', 'target': 0.69, 'spread': 0.36000000000000004, 'learning_rate': 0.003}",ppo,1000,64x64,0.003,,,,,,
Autoencode,filterbank+hag,9,1014,3.826429980276134,-0.48615388000000004,0.07566681396877763,-0.4906842574308341,-0.4907803096707819,4392,"{'decomposition': 'legendre', 'n_filters': 12, 'slowest': 0.015468638100899648, 'input_scaling': 0.8216619713233748, 'bias_dist': 'foldnorm', 'bias_scaling': 0.04249382119350724, 'lr': 0.7520411716638045, 'weight_increment': 0.001395793645992084, 'min_window': 19, 'max_window': 32, 'use_full_instance': True, 'max_partners': 20, 'homeostasis': 'mean', 'target': 0.69, 'spread': 0.36000000000000004, 'learning_rate': 0.001}",ppo,1000,64x64,0.001,,,,,,
Autoencode,filterbank+hag,0,1014,3.886587771203156,-0.46076916000000007,0.11551029159851689,-0.4876897703383729,-0.4856362736625514,4394,"{'decomposition': 'legendre', 'n_filters': 12, 'slowest': 0.015468638100899648, 'input_scaling': 0.8216619713233748, 'bias_dist': 'foldnorm', 'bias_scaling': 0.04249382119350724, 'lr': 0.7520411716638045, 'weight_increment': 0.001395793645992084, 'min_window': 19, 'max_window': 32, 'use_full_instance': True, 'max_partners': 20, 'homeostasis': 'mean', 'target': 0.69, 'spread': 0.36000000000000004, 'learning_rate': 0.001}",ppo,1000,64x64,0.001,,,,,,
Autoencode,filterbank+hag,5,1014,3.6025641025641026,-0.48923069999999996,0.09516106147668803,-0.4871953079296514,-0.4902263343621399,4404,"{'decomposition': 'legendre', 'n_filters': 12, 'slowest': 0.015468638100899648, 'input_scaling': 0.8216619713233748, 'bias_dist': 'foldnorm', 'bias_scaling': 0.04249382119350724, 'lr': 0.7520411716638045, 'weight_increment': 0.001395793645992084, 'min_window': 19, 'max_window': 32, 'use_full_instance': True, 'max_partners': 20, 'homeostasis': 'mean', 'target': 0.69, 'spread': 0.36000000000000004, 'learning_rate': 0.001}",ppo,1000,64x64,0.001,,,,,,
Autoencode,filterbank+esn,5,1014,13.770216962524655,-0.5,0.0,-0.5003718373958654,-0.5,4408,"{'decomposition': 'legendre', 'n_filters': 12, 'slowest': 0.006397371281320229, 'input_scaling': 0.550142611755141, 'bias_dist': 'foldnorm', 'bias_scaling': 0.07438842372152364, 'lr': 0.6575600610814601, 'sr': 0.8663422541011234, 'rc_connectivity': 0.013579746643157644, 'learning_rate': 0.01}",ppo,1000,64x64,0.01,,,,,,
Autoencode,filterbank+hag,0,1014,3.886587771203156,-0.45307689999999995,0.12481702570326693,-0.476214193458809,-0.4491531769547325,4411,"{'decomposition': 'legendre', 'n_filters': 12, 'slowest': 0.015468638100899648, 'input_scaling': 0.8216619713233748, 'bias_dist': 'foldnorm', 'bias_scaling': 0.04249382119350724, 'lr': 0.7520411716638045, 'weight_increment': 0.001395793645992084, 'min_window': 19, 'max_window': 32, 'use_full_instance': True, 'max_partners': 20, 'homeostasis': 'mean', 'target': 0.69, 'spread': 0.36000000000000004, 'learning_rate': 0.0003}",ppo,1000,64x64,0.0003,,,,,,
Autoencode,filterbank+hag,4,1014,3.804733727810651,-0.46,0.10713046682974924,-0.48974675419109326,-0.4821541502057613,4427,"{'decomposition': 'legendre', 'n_filters': 12, 'slowest': 0.015468638100899648, 'input_scaling': 0.8216619713233748, 'bias_dist': 'foldnorm', 'bias_scaling': 0.04249382119350724, 'lr': 0.7520411716638045, 'weight_increment': 0.001395793645992084, 'min_window': 19, 'max_window': 32, 'use_full_instance': True, 'max_partners': 20, 'homeostasis': 'mean', 'target': 0.69, 'spread': 0.36000000000000004, 'learning_rate': 0.001}",ppo,1000,64x64,0.001,,,,,,
Autoencode,filterbank+hag,8,1014,3.7189349112426036,-0.45769228000000006,0.12095530652931932,-0.47349265041653804,-0.45853114094650205,4430,"{'decomposition': 'legendre', 'n_filters': 12, 'slowest': 0.015468638100899648, 'input_scaling': 0.8216619713233748, 'bias_dist': 'foldnorm', 'bias_scaling': 0.04249382119350724, 'lr': 0.7520411716638045, 'weight_increment': 0.001395793645992084, 'min_window': 19, 'max_window': 32, 'use_full_instance': True, 'max_partners': 20, 'homeostasis': 'mean', 'target': 0.69, 'spread': 0.36000000000000004, 'learning_rate': 0.0003}",ppo,1000,64x64,0.0003,,,,,,
Autoencode,filterbank+hag,2,1014,3.727810650887574,-0.5,0.0,-0.4999011070657204,-0.5,4435,"{'decomposition': 'legendre', 'n_filters': 12, 'slowest': 0.015468638100899648, 'input_scaling': 0.8216619713233748, 'bias_dist': 'foldnorm', 'bias_scaling': 0.04249382119350724, 'lr': 0.7520411716638045, 'weight_increment': 0.001395793645992084, 'min_window': 19, 'max_window': 32, 'use_full_instance': True, 'max_partners': 20, 'homeostasis': 'mean', 'target': 0.69, 'spread': 0.36000000000000004, 'learning_rate': 0.003}",ppo,1000,64x64,0.003,,,,,,
Autoencode,filterbank+hag,3,1014,3.6124260355029585,-0.48461534,0.12569343065150385,-0.47461212969248173,-0.4618945606995885,4436,"{'decomposition': 'legendre', 'n_filters': 12, 'slowest': 0.015468638100899648, 'input_scaling': 0.8216619713233748, 'bias_dist': 'foldnorm', 'bias_scaling': 0.04249382119350724, 'lr': 0.7520411716638045, 'weight_increment': 0.001395793645992084, 'min_window': 19, 'max_window': 32, 'use_full_instance': True, 'max_partners': 20, 'homeostasis': 'mean', 'target': 0.69, 'spread': 0.36000000000000004, 'learning_rate': 0.0003}",ppo,1000,64x64,0.0003,,,,,,
Autoencode,filterbank+hag,2,1014,3.727810650887574,-0.46769232000000005,0.10359240263715096,-0.47795076087627275,-0.4550886131687243,4437,"{'decomposition': 'legendre', 'n_filters': 12, 'slowest': 0.015468638100899648, 'input_scaling': 0.8216619713233748, 'bias_dist': 'foldnorm', 'bias_scaling': 0.04249382119350724, 'lr': 0.7520411716638045, 'weight_increment': 0.001395793645992084, 'min_window': 19, 'max_window': 32, 'use_full_instance': True, 'max_partners': 20, 'homeostasis': 'mean', 'target': 0.69, 'spread': 0.36000000000000004, 'learning_rate': 0.0003}",ppo,1000,64x64,0.0003,,,,,,
Autoencode,filterbank+hag,5,1014,3.6025641025641026,-0.42769228,0.10868773040652564,-0.4747901358634166,-0.4599160884773663,4437,"{'decomposition': 'legendre', 'n_filters': 12, 'slowest': 0.015468638100899648, 'input_scaling': 0.8216619713233748, 'bias_dist': 'foldnorm', 'bias_scaling': 0.04249382119350724, 'lr': 0.7520411716638045, 'weight_increment': 0.001395793645992084, 'min_window': 19, 'max_window': 32, 'use_full_instance': True, 'max_partners': 20, 'homeostasis': 'mean', 'target': 0.69, 'spread': 0.36000000000000004, 'learning_rate': 0.0003}",ppo,1000,64x64,0.0003,,,,,,
Autoencode,filterbank+hag,3,1014,3.6124260355029585,-0.5,0.0,-0.4997389215262779,-0.5,4441,"{'decomposition': 'legendre', 'n_filters': 12, 'slowest': 0.015468638100899648, 'input_scaling': 0.8216619713233748, 'bias_dist': 'foldnorm', 'bias_scaling': 0.04249382119350724, 'lr': 0.7520411716638045, 'weight_increment': 0.001395793645992084, 'min_window': 19, 'max_window': 32, 'use_full_instance': True, 'max_partners': 20, 'homeostasis': 'mean', 'target': 0.69, 'spread': 0.36000000000000004, 'learning_rate': 0.003}",ppo,1000,64x64,0.003,,,,,,
Autoencode,filterbank+esn,3,1014,13.770216962524655,-0.5,0.0,-0.49981803764270283,-0.5,4444,"{'decomposition': 'legendre', 'n_filters': 12, 'slowest': 0.006397371281320229, 'input_scaling': 0.550142611755141, 'bias_dist': 'foldnorm', 'bias_scaling': 0.07438842372152364, 'lr': 0.6575600610814601, 'sr': 0.8663422541011234, 'rc_connectivity': 0.013579746643157644, 'learning_rate': 0.01}",ppo,1000,64x64,0.01,,,,,,
Autoencode,filterbank+hag,1,1014,3.8037475345167655,-0.5,0.0,-0.4997468349274915,-0.5,4456,"{'decomposition': 'legendre', 'n_filters': 12, 'slowest': 0.015468638100899648, 'input_scaling': 0.8216619713233748, 'bias_dist': 'foldnorm', 'bias_scaling': 0.04249382119350724, 'lr': 0.7520411716638045, 'weight_increment': 0.001395793645992084, 'min_window': 19, 'max_window': 32, 'use_full_instance': True, 'max_partners': 20, 'homeostasis': 'mean', 'target': 0.69, 'spread': 0.36000000000000004, 'learning_rate': 0.003}",ppo,1000,64x64,0.003,,,,,,
Autoencode,filterbank+hag,8,1014,3.7189349112426036,-0.50615392,0.12435881675311003,-0.4905378932428263,-0.4897910586419753,4467,"{'decomposition': 'legendre', 'n_filters': 12, 'slowest': 0.015468638100899648, 'input_scaling': 0.8216619713233748, 'bias_dist': 'foldnorm', 'bias_scaling': 0.04249382119350724, 'lr': 0.7520411716638045, 'weight_increment': 0.001395793645992084, 'min_window': 19, 'max_window': 32, 'use_full_instance': True, 'max_partners': 20, 'homeostasis': 'mean', 'target': 0.69, 'spread': 0.36000000000000004, 'learning_rate': 0.001}",ppo,1000,64x64,0.001,,,,,,
Autoencode,filterbank+hag,9,1014,3.826429980276134,-0.46923080000000006,0.14655824013531277,-0.4716888452123831,-0.4573836368312757,4473,"{'decomposition': 'legendre', 'n_filters': 12, 'slowest': 0.015468638100899648, 'input_scaling': 0.8216619713233748, 'bias_dist': 'foldnorm', 'bias_scaling': 0.04249382119350724, 'lr': 0.7520411716638045, 'weight_increment': 0.001395793645992084, 'min_window': 19, 'max_window': 32, 'use_full_instance': True, 'max_partners': 20, 'homeostasis': 'mean', 'target': 0.69, 'spread': 0.36000000000000004, 'learning_rate': 0.0003}",ppo,1000,64x64,0.0003,,,,,,
Autoencode,filterbank+esn,7,1014,13.770216962524655,-0.5,0.0,-0.499837814974802,-0.5,4475,"{'decomposition': 'legendre', 'n_filters': 12, 'slowest': 0.006397371281320229, 'input_scaling': 0.550142611755141, 'bias_dist': 'foldnorm', 'bias_scaling': 0.07438842372152364, 'lr': 0.6575600610814601, 'sr': 0.8663422541011234, 'rc_connectivity': 0.013579746643157644, 'learning_rate': 0.01}",ppo,1000,64x64,0.01,,,,,,
Autoencode,filterbank+hag,7,1014,3.5956607495069033,-0.44307682,0.10830600022744631,-0.4773455316260414,-0.46597023868312754,4480,"{'decomposition': 'legendre', 'n_filters': 12, 'slowest': 0.015468638100899648, 'input_scaling': 0.8216619713233748, 'bias_dist': 'foldnorm', 'bias_scaling': 0.04249382119350724, 'lr': 0.7520411716638045, 'weight_increment': 0.001395793645992084, 'min_window': 19, 'max_window': 32, 'use_full_instance': True, 'max_partners': 20, 'homeostasis': 'mean', 'target': 0.69, 'spread': 0.36000000000000004, 'learning_rate': 0.0003}",ppo,1000,64x64,0.0003,,,,,,
Autoencode,filterbank+hag,2,1014,3.727810650887574,-0.49692306,0.07085288460533135,-0.4934928309163838,-0.4944998436213992,4494,"{'decomposition': 'legendre', 'n_filters': 12, 'slowest': 0.015468638100899648, 'input_scaling': 0.8216619713233748, 'bias_dist': 'foldnorm', 'bias_scaling': 0.04249382119350724, 'lr': 0.7520411716638045, 'weight_increment': 0.001395793645992084, 'min_window': 19, 'max_window': 32, 'use_full_instance': True, 'max_partners': 20, 'homeostasis': 'mean', 'target': 0.69, 'spread': 0.36000000000000004, 'learning_rate': 0.001}",ppo,1000,64x64,0.001,,,,,,
Autoencode,filterbank+esn,6,1014,13.770216962524655,-0.5,0.0,-0.5000237349583462,-0.5,4495,"{'decomposition': 'legendre', 'n_filters': 12, 'slowest': 0.006397371281320229, 'input_scaling': 0.550142611755141, 'bias_dist': 'foldnorm', 'bias_scaling': 0.07438842372152364, 'lr': 0.6575600610814601, 'sr': 0.8663422541011234, 'rc_connectivity': 0.013579746643157644, 'learning_rate': 0.01}",ppo,1000,64x64,0.01,,,,,,
Autoencode,filterbank+esn,8,1014,13.770216962524655,-0.5,0.0,-0.5003164579862183,-0.5,4501,"{'decomposition': 'legendre', 'n_filters': 12, 'slowest': 0.006397371281320229, 'input_scaling': 0.550142611755141, 'bias_dist': 'foldnorm', 'bias_scaling': 0.07438842372152364, 'lr': 0.6575600610814601, 'sr': 0.8663422541011234, 'rc_connectivity': 0.013579746643157644, 'learning_rate': 0.01}",ppo,1000,64x64,0.01,,,,,,
Autoencode,filterbank+esn,1,1014,13.770216962524655,-0.5,0.0,-0.49962816126709864,-0.5,4502,"{'decomposition': 'legendre', 'n_filters': 12, 'slowest': 0.006397371281320229, 'input_scaling': 0.550142611755141, 'bias_dist': 'foldnorm', 'bias_scaling': 0.07438842372152364, 'lr': 0.6575600610814601, 'sr': 0.8663422541011234, 'rc_connectivity': 0.013579746643157644, 'learning_rate': 0.01}",ppo,1000,64x64,0.01,,,,,,
Autoencode,filterbank+esn,0,1014,13.770216962524655,-0.5,0.0,-0.5000672473516404,-0.5,4573,"{'decomposition': 'legendre', 'n_filters': 12, 'slowest': 0.006397371281320229, 'input_scaling': 0.550142611755141, 'bias_dist': 'foldnorm', 'bias_scaling': 0.07438842372152364, 'lr': 0.6575600610814601, 'sr': 0.8663422541011234, 'rc_connectivity': 0.013579746643157644, 'learning_rate': 0.01}",ppo,1000,64x64,0.01,,,,,,
Autoencode,filterbank+esn,9,1014,13.770216962524655,-0.5,0.0,-0.5000751590044226,-0.5,4606,"{'decomposition': 'legendre', 'n_filters': 12, 'slowest': 0.006397371281320229, 'input_scaling': 0.550142611755141, 'bias_dist': 'foldnorm', 'bias_scaling': 0.07438842372152364, 'lr': 0.6575600610814601, 'sr': 0.8663422541011234, 'rc_connectivity': 0.013579746643157644, 'learning_rate': 0.01}",ppo,1000,64x64,0.01,,,,,,
Autoencode,filterbank+hag,4,1014,3.804733727810651,-0.5,0.0,-0.49986154962460144,-0.5,4249,"{'decomposition': 'legendre', 'n_filters': 12, 'slowest': 0.015468638100899648, 'input_scaling': 0.8216619713233748, 'bias_dist': 'foldnorm', 'bias_scaling': 0.04249382119350724, 'lr': 0.7520411716638045, 'weight_increment': 0.001395793645992084, 'min_window': 19, 'max_window': 32, 'use_full_instance': True, 'max_partners': 20, 'homeostasis': 'mean', 'target': 0.69, 'spread': 0.36000000000000004, 'learning_rate': 0.003}",ppo,1000,64x64,0.003,,,,,,
Autoencode,filterbank+hag,5,1014,3.6025641025641026,-0.5,0.0,-0.4993433496863109,-0.5,4263,"{'decomposition': 'legendre', 'n_filters': 12, 'slowest': 0.015468638100899648, 'input_scaling': 0.8216619713233748, 'bias_dist': 'foldnorm', 'bias_scaling': 0.04249382119350724, 'lr': 0.7520411716638045, 'weight_increment': 0.001395793645992084, 'min_window': 19, 'max_window': 32, 'use_full_instance': True, 'max_partners': 20, 'homeostasis': 'mean', 'target': 0.69, 'spread': 0.36000000000000004, 'learning_rate': 0.003}",ppo,1000,64x64,0.003,,,,,,
Autoencode,filterbank+hag,8,1014,3.7189349112426036,-0.5,0.0,-0.49987737241592106,-0.5,4310,"{'decomposition': 'legendre', 'n_filters': 12, 'slowest': 0.015468638100899648, 'input_scaling': 0.8216619713233748, 'bias_dist': 'foldnorm', 'bias_scaling': 0.04249382119350724, 'lr': 0.7520411716638045, 'weight_increment': 0.001395793645992084, 'min_window': 19, 'max_window': 32, 'use_full_instance': True, 'max_partners': 20, 'homeostasis': 'mean', 'target': 0.69, 'spread': 0.36000000000000004, 'learning_rate': 0.003}",ppo,1000,64x64,0.003,,,,,,
Autoencode,filterbank+hag,0,1014,3.886587771203156,-0.5,0.0,-0.5000949364393705,-0.5,4303,"{'decomposition': 'legendre', 'n_filters': 12, 'slowest': 0.015468638100899648, 'input_scaling': 0.8216619713233748, 'bias_dist': 'foldnorm', 'bias_scaling': 0.04249382119350724, 'lr': 0.7520411716638045, 'weight_increment': 0.001395793645992084, 'min_window': 19, 'max_window': 32, 'use_full_instance': True, 'max_partners': 20, 'homeostasis': 'mean', 'target': 0.69, 'spread': 0.36000000000000004, 'learning_rate': 0.01}",ppo,1000,64x64,0.01,,,,,,
Autoencode,filterbank+hag,7,1014,3.5956607495069033,-0.5,0.0,-0.49946202334670375,-0.5,4346,"{'decomposition': 'legendre', 'n_filters': 12, 'slowest': 0.015468638100899648, 'input_scaling': 0.8216619713233748, 'bias_dist': 'foldnorm', 'bias_scaling': 0.04249382119350724, 'lr': 0.7520411716638045, 'weight_increment': 0.001395793645992084, 'min_window': 19, 'max_window': 32, 'use_full_instance': True, 'max_partners': 20, 'homeostasis': 'mean', 'target': 0.69, 'spread': 0.36000000000000004, 'learning_rate': 0.003}",ppo,1000,64x64,0.003,,,,,,
Autoencode,filterbank+hag,6,1014,3.559171597633136,-0.5,0.0,-0.49965981055229874,-0.5,4362,"{'decomposition': 'legendre', 'n_filters': 12, 'slowest': 0.015468638100899648, 'input_scaling': 0.8216619713233748, 'bias_dist': 'foldnorm', 'bias_scaling': 0.04249382119350724, 'lr': 0.7520411716638045, 'weight_increment': 0.001395793645992084, 'min_window': 19, 'max_window': 32, 'use_full_instance': True, 'max_partners': 20, 'homeostasis': 'mean', 'target': 0.69, 'spread': 0.36000000000000004, 'learning_rate': 0.003}",ppo,1000,64x64,0.003,,,,,,
Autoencode,filterbank+hag,9,1014,3.826429980276134,-0.5,0.0,-0.49993275110562585,-0.5,4345,"{'decomposition': 'legendre', 'n_filters': 12, 'slowest': 0.015468638100899648, 'input_scaling': 0.8216619713233748, 'bias_dist': 'foldnorm', 'bias_scaling': 0.04249382119350724, 'lr': 0.7520411716638045, 'weight_increment': 0.001395793645992084, 'min_window': 19, 'max_window': 32, 'use_full_instance': True, 'max_partners': 20, 'homeostasis': 'mean', 'target': 0.69, 'spread': 0.36000000000000004, 'learning_rate': 0.003}",ppo,1000,64x64,0.003,,,,,,
Autoencode,filterbank+proj,6,1014,0.0,-0.40692300000000003,0.10322898026697735,-0.4645052374781446,-0.4445235349794238,4206,"{'decomposition': 'legendre', 'n_filters': 12, 'slowest': 0.015468638100899648, 'input_scaling': 0.8216619713233748, 'bias_dist': 'foldnorm', 'bias_scaling': 0.04249382119350724, 'lr': 0.7520411716638045, 'weight_increment': 0.001395793645992084, 'min_window': 19, 'max_window': 32, 'use_full_instance': True, 'max_partners': 20, 'homeostasis': 'mean', 'target': 0.69, 'spread': 0.36000000000000004, 'learning_rate': 0.0003}",ppo,1000,64x64,0.0003,,,,,,
Autoencode,filterbank+proj,3,1014,0.0,-0.43000000000000005,0.1205731671605254,-0.46793881291782363,-0.450182,4219,"{'decomposition': 'legendre', 'n_filters': 12, 'slowest': 0.015468638100899648, 'input_scaling': 0.8216619713233748, 'bias_dist': 'foldnorm', 'bias_scaling': 0.04249382119350724, 'lr': 0.7520411716638045, 'weight_increment': 0.001395793645992084, 'min_window': 19, 'max_window': 32, 'use_full_instance': True, 'max_partners': 20, 'homeostasis': 'mean', 'target': 0.69, 'spread': 0.36000000000000004, 'learning_rate': 0.0003}",ppo,1000,64x64,0.0003,,,,,,
Autoencode,filterbank+proj,4,1014,0.0,-0.43846144,0.1263975767503729,-0.46291503291165276,-0.4361743755144033,4214,"{'decomposition': 'legendre', 'n_filters': 12, 'slowest': 0.015468638100899648, 'input_scaling': 0.8216619713233748, 'bias_dist': 'foldnorm', 'bias_scaling': 0.04249382119350724, 'lr': 0.7520411716638045, 'weight_increment': 0.001395793645992084, 'min_window': 19, 'max_window': 32, 'use_full_instance': True, 'max_partners': 20, 'homeostasis': 'mean', 'target': 0.69, 'spread': 0.36000000000000004, 'learning_rate': 0.0003}",ppo,1000,64x64,0.0003,,,,,,
Autoencode,filterbank+hag,2,1014,3.727810650887574,-0.5,0.0,-0.49991693088552913,-0.5,4357,"{'decomposition': 'legendre', 'n_filters': 12, 'slowest': 0.015468638100899648, 'input_scaling': 0.8216619713233748, 'bias_dist': 'foldnorm', 'bias_scaling': 0.04249382119350724, 'lr': 0.7520411716638045, 'weight_increment': 0.001395793645992084, 'min_window': 19, 'max_window': 32, 'use_full_instance': True, 'max_partners': 20, 'homeostasis': 'mean', 'target': 0.69, 'spread': 0.36000000000000004, 'learning_rate': 0.01}",ppo,1000,64x64,0.01,,,,,,
Autoencode,filterbank+proj,8,1014,0.0,-0.44384611999999996,0.12761125318147143,-0.4721991322637046,-0.4576210504115226,4216,"{'decomposition': 'legendre', 'n_filters': 12, 'slowest': 0.015468638100899648, 'input_scaling': 0.8216619713233748, 'bias_dist': 'foldnorm', 'bias_scaling': 0.04249382119350724, 'lr': 0.7520411716638045, 'weight_increment': 0.001395793645992084, 'min_window': 19, 'max_window': 32, 'use_full_instance': True, 'max_partners': 20, 'homeostasis': 'mean', 'target': 0.69, 'spread': 0.36000000000000004, 'learning_rate': 0.0003}",ppo,1000,64x64,0.0003,,,,,,
Autoencode,filterbank+proj,0,1014,0.0,-0.43538456,0.10475110682549564,-0.4658660074051219,-0.43407718930041156,4263,"{'decomposition': 'legendre', 'n_filters': 12, 'slowest': 0.015468638100899648, 'input_scaling': 0.8216619713233748, 'bias_dist': 'foldnorm', 'bias_scaling': 0.04249382119350724, 'lr': 0.7520411716638045, 'weight_increment': 0.001395793645992084, 'min_window': 19, 'max_window': 32, 'use_full_instance': True, 'max_partners': 20, 'homeostasis': 'mean', 'target': 0.69, 'spread': 0.36000000000000004, 'learning_rate': 0.0003}",ppo,1000,64x64,0.0003,,,,,,
Autoencode,filterbank+proj,1,1014,0.0,-0.44461537999999995,0.13148229060719774,-0.47210419664712544,-0.4710747037037037,4207,"{'decomposition': 'legendre', 'n_filters': 12, 'slowest': 0.015468638100899648, 'input_scaling': 0.8216619713233748, 'bias_dist': 'foldnorm', 'bias_scaling': 0.04249382119350724, 'lr': 0.7520411716638045, 'weight_increment': 0.001395793645992084, 'min_window': 19, 'max_window': 32, 'use_full_instance': True, 'max_partners': 20, 'homeostasis': 'mean', 'target': 0.69, 'spread': 0.36000000000000004, 'learning_rate': 0.001}",ppo,1000,64x64,0.001,,,,,,
Autoencode,filterbank+proj,2,1014,0.0,-0.4499999799999999,0.1209553211564485,-0.4725432782063149,-0.46043049485596704,4207,"{'decomposition': 'legendre', 'n_filters': 12, 'slowest': 0.015468638100899648, 'input_scaling': 0.8216619713233748, 'bias_dist': 'foldnorm', 'bias_scaling': 0.04249382119350724, 'lr': 0.7520411716638045, 'weight_increment': 0.001395793645992084, 'min_window': 19, 'max_window': 32, 'use_full_instance': True, 'max_partners': 20, 'homeostasis': 'mean', 'target': 0.69, 'spread': 0.36000000000000004, 'learning_rate': 0.001}",ppo,1000,64x64,0.001,,,,,,
Autoencode,filterbank+proj,4,1014,0.0,-0.4653845999999999,0.12808332300982825,-0.47425611477938906,-0.46719688168724277,4207,"{'decomposition': 'legendre', 'n_filters': 12, 'slowest': 0.015468638100899648, 'input_scaling': 0.8216619713233748, 'bias_dist': 'foldnorm', 'bias_scaling': 0.04249382119350724, 'lr': 0.7520411716638045, 'weight_increment': 0.001395793645992084, 'min_window': 19, 'max_window': 32, 'use_full_instance': True, 'max_partners': 20, 'homeostasis': 'mean', 'target': 0.69, 'spread': 0.36000000000000004, 'learning_rate': 0.001}",ppo,1000,64x64,0.001,,,,,,
Autoencode,filterbank+proj,5,1014,0.0,-0.45153846000000003,0.10513731665744756,-0.4664395868559086,-0.44788695781893006,4255,"{'decomposition': 'legendre', 'n_filters': 12, 'slowest': 0.015468638100899648, 'input_scaling': 0.8216619713233748, 'bias_dist': 'foldnorm', 'bias_scaling': 0.04249382119350724, 'lr': 0.7520411716638045, 'weight_increment': 0.001395793645992084, 'min_window': 19, 'max_window': 32, 'use_full_instance': True, 'max_partners': 20, 'homeostasis': 'mean', 'target': 0.69, 'spread': 0.36000000000000004, 'learning_rate': 0.0003}",ppo,1000,64x64,0.0003,,,,,,
Autoencode,filterbank+hag,1,1014,3.8037475345167655,-0.5,0.0,-0.4999920884500669,-0.5,4394,"{'decomposition': 'legendre', 'n_filters': 12, 'slowest': 0.015468638100899648, 'input_scaling': 0.8216619713233748, 'bias_dist': 'foldnorm', 'bias_scaling': 0.04249382119350724, 'lr': 0.7520411716638045, 'weight_increment': 0.001395793645992084, 'min_window': 19, 'max_window': 32, 'use_full_instance': True, 'max_partners': 20, 'homeostasis': 'mean', 'target': 0.69, 'spread': 0.36000000000000004, 'learning_rate': 0.01}",ppo,1000,64x64,0.01,,,,,,
Autoencode,filterbank+proj,9,1014,0.0,-0.45999994,0.0873543348406729,-0.467519500565669,-0.45113165740740735,4237,"{'decomposition': 'legendre', 'n_filters': 12, 'slowest': 0.015468638100899648, 'input_scaling': 0.8216619713233748, 'bias_dist': 'foldnorm', 'bias_scaling': 0.04249382119350724, 'lr': 0.7520411716638045, 'weight_increment': 0.001395793645992084, 'min_window': 19, 'max_window': 32, 'use_full_instance': True, 'max_partners': 20, 'homeostasis': 'mean', 'target': 0.69, 'spread': 0.36000000000000004, 'learning_rate': 0.0003}",ppo,1000,64x64,0.0003,,,,,,
Autoencode,filterbank+proj,7,1014,0.0,-0.44076922,0.12945269781990487,-0.47227033415612457,-0.4514877911522634,4255,"{'decomposition': 'legendre', 'n_filters': 12, 'slowest': 0.015468638100899648, 'input_scaling': 0.8216619713233748, 'bias_dist': 'foldnorm', 'bias_scaling': 0.04249382119350724, 'lr': 0.7520411716638045, 'weight_increment': 0.001395793645992084, 'min_window': 19, 'max_window': 32, 'use_full_instance': True, 'max_partners': 20, 'homeostasis': 'mean', 'target': 0.69, 'spread': 0.36000000000000004, 'learning_rate': 0.0003}",ppo,1000,64x64,0.0003,,,,,,
Autoencode,filterbank+proj,2,1014,0.0,-0.44461535999999996,0.08571325455955106,-0.4678082738866605,-0.4546533405349794,4275,"{'decomposition': 'legendre', 'n_filters': 12, 'slowest': 0.015468638100899648, 'input_scaling': 0.8216619713233748, 'bias_dist': 'foldnorm', 'bias_scaling': 0.04249382119350724, 'lr': 0.7520411716638045, 'weight_increment': 0.001395793645992084, 'min_window': 19, 'max_window': 32, 'use_full_instance': True, 'max_partners': 20, 'homeostasis': 'mean', 'target': 0.69, 'spread': 0.36000000000000004, 'learning_rate': 0.0003}",ppo,1000,64x64,0.0003,,,,,,
Autoencode,filterbank+proj,0,1014,0.0,-0.46076922,0.12533747904011633,-0.47304565987863834,-0.4583728724279836,4236,"{'decomposition': 'legendre', 'n_filters': 12, 'slowest': 0.015468638100899648, 'input_scaling': 0.8216619713233748, 'bias_dist': 'foldnorm', 'bias_scaling': 0.04249382119350724, 'lr': 0.7520411716638045, 'weight_increment': 0.001395793645992084, 'min_window': 19, 'max_window': 32, 'use_full_instance': True, 'max_partners': 20, 'homeostasis': 'mean', 'target': 0.69, 'spread': 0.36000000000000004, 'learning_rate': 0.001}",ppo,1000,64x64,0.001,,,,,,
Autoencode,filterbank+esn,0,1014,13.770216962524655,-0.46923080000000006,0.14016056304124921,-0.46988898662964107,-0.4415162644032922,4080,"{'decomposition': 'legendre', 'n_filters': 12, 'slowest': 0.006397371281320229, 'input_scaling': 0.550142611755141, 'bias_dist': 'foldnorm', 'bias_scaling': 0.07438842372152364, 'lr': 0.6575600610814601, 'sr': 0.8663422541011234, 'rc_connectivity': 0.013579746643157644, 'learning_rate': 0.0003}",ppo,1000,64,0.0003,,,,,,
Autoencode,filterbank+proj,3,1014,0.0,-0.47461534,0.13158345962690143,-0.4774919012650416,-0.473963262345679,4232,"{'decomposition': 'legendre', 'n_filters': 12, 'slowest': 0.015468638100899648, 'input_scaling': 0.8216619713233748, 'bias_dist': 'foldnorm', 'bias_scaling': 0.04249382119350724, 'lr': 0.7520411716638045, 'weight_increment': 0.001395793645992084, 'min_window': 19, 'max_window': 32, 'use_full_instance': True, 'max_partners': 20, 'homeostasis': 'mean', 'target': 0.69, 'spread': 0.36000000000000004, 'learning_rate': 0.001}",ppo,1000,64x64,0.001,,,,,,
Autoencode,filterbank+proj,1,1014,0.0,-0.44153842000000004,0.10966338595996204,-0.46657803969968126,-0.44567107201646095,4290,"{'decomposition': 'legendre', 'n_filters': 12, 'slowest': 0.015468638100899648, 'input_scaling': 0.8216619713233748, 'bias_dist': 'foldnorm', 'bias_scaling': 0.04249382119350724, 'lr': 0.7520411716638045, 'weight_increment': 0.001395793645992084, 'min_window': 19, 'max_window': 32, 'use_full_instance': True, 'max_partners': 20, 'homeostasis': 'mean', 'target': 0.69, 'spread': 0.36000000000000004, 'learning_rate': 0.0003}",ppo,1000,64x64,0.0003,,,,,,
Autoencode,filterbank+hag,3,1014,3.6124260355029585,-0.5,0.0,-0.49962024951146766,-0.5,4409,"{'decomposition': 'legendre', 'n_filters': 12, 'slowest': 0.015468638100899648, 'input_scaling': 0.8216619713233748, 'bias_dist': 'foldnorm', 'bias_scaling': 0.04249382119350724, 'lr': 0.7520411716638045, 'weight_increment': 0.001395793645992084, 'min_window': 19, 'max_window': 32, 'use_full_instance': True, 'max_partners': 20, 'homeostasis': 'mean', 'target': 0.69, 'spread': 0.36000000000000004, 'learning_rate': 0.01}",ppo,1000,64x64,0.01,,,,,,
Autoencode,filterbank+esn,6,1014,13.770216962524655,-0.4469230200000001,0.11276255093061525,-0.4721121077856628,-0.4536245339506173,4016,"{'decomposition': 'legendre', 'n_filters': 12, 'slowest': 0.006397371281320229, 'input_scaling': 0.550142611755141, 'bias_dist': 'foldnorm', 'bias_scaling': 0.07438842372152364, 'lr': 0.6575600610814601, 'sr': 0.8663422541011234, 'rc_connectivity': 0.013579746643157644, 'learning_rate': 0.0003}",ppo,1000,64,0.0003,,,,,,
Autoencode,filterbank+esn,5,1014,13.770216962524655,-0.44076918,0.10938514290719559,-0.4648968507662244,-0.4498258569958848,4091,"{'decomposition': 'legendre', 'n_filters': 12, 'slowest': 0.006397371281320229, 'input_scaling': 0.550142611755141, 'bias_dist': 'foldnorm', 'bias_scaling': 0.07438842372152364, 'lr': 0.6575600610814601, 'sr': 0.8663422541011234, 'rc_connectivity': 0.013579746643157644, 'learning_rate': 0.0003}",ppo,1000,64,0.0003,,,,,,
Autoencode,filterbank+hag,6,1014,3.559171597633136,-0.5,0.0,-0.4999960439164867,-0.5,4360,"{'decomposition': 'legendre', 'n_filters': 12, 'slowest': 0.015468638100899648, 'input_scaling': 0.8216619713233748, 'bias_dist': 'foldnorm', 'bias_scaling': 0.04249382119350724, 'lr': 0.7520411716638045, 'weight_increment': 0.001395793645992084, 'min_window': 19, 'max_window': 32, 'use_full_instance': True, 'max_partners': 20, 'homeostasis': 'mean', 'target': 0.69, 'spread': 0.36000000000000004, 'learning_rate': 0.01}",ppo,1000,64x64,0.01,,,,,,
Autoencode,filterbank+esn,3,1014,13.770216962524655,-0.4076923,0.10769234285746596,-0.46110726329322227,-0.4401313261316872,4117,"{'decomposition': 'legendre', 'n_filters': 12, 'slowest': 0.006397371281320229, 'input_scaling': 0.550142611755141, 'bias_dist': 'foldnorm', 'bias_scaling': 0.07438842372152364, 'lr': 0.6575600610814601, 'sr': 0.8663422541011234, 'rc_connectivity': 0.013579746643157644, 'learning_rate': 0.0003}",ppo,1000,64,0.0003,,,,,,
Autoencode,filterbank+proj,5,1014,0.0,-0.45076916000000006,0.11893022573834795,-0.47795867530597547,-0.47491295061728395,4266,"{'decomposition': 'legendre', 'n_filters': 12, 'slowest': 0.015468638100899648, 'input_scaling': 0.8216619713233748, 'bias_dist': 'foldnorm', 'bias_scaling': 0.04249382119350724, 'lr': 0.7520411716638045, 'weight_increment': 0.001395793645992084, 'min_window': 19, 'max_window': 32, 'use_full_instance': True, 'max_partners': 20, 'homeostasis': 'mean', 'target': 0.69, 'spread': 0.36000000000000004, 'learning_rate': 0.001}",ppo,1000,64x64,0.001,,,,,,
Autoencode,filterbank+proj,6,1014,0.0,-0.49153838,0.11048323514196894,-0.47641198508690735,-0.46703859362139916,4255,"{'decomposition': 'legendre', 'n_filters': 12, 'slowest': 0.015468638100899648, 'input_scaling': 0.8216619713233748, 'bias_dist': 'foldnorm', 'bias_scaling': 0.04249382119350724, 'lr': 0.7520411716638045, 'weight_increment': 0.001395793645992084, 'min_window': 19, 'max_window': 32, 'use_full_instance': True, 'max_partners': 20, 'homeostasis': 'mean', 'target': 0.69, 'spread': 0.36000000000000004, 'learning_rate': 0.001}",ppo,1000,64x64,0.001,,,,,,
Autoencode,filterbank+proj,7,1014,0.0,-0.5023076599999999,0.10586654894112871,-0.47835820220096675,-0.47044159567901234,4254,"{'decomposition': 'legendre', 'n_filters': 12, 'slowest': 0.015468638100899648, 'input_scaling': 0.8216619713233748, 'bias_dist': 'foldnorm', 'bias_scaling': 0.04249382119350724, 'lr': 0.7520411716638045, 'weight_increment': 0.001395793645992084, 'min_window': 19, 'max_window': 32, 'use_full_instance': True, 'max_partners': 20, 'homeostasis': 'mean', 'target': 0.69, 'spread': 0.36000000000000004, 'learning_rate': 0.001}",ppo,1000,64x64,0.001,,,,,,
Autoencode,filterbank+proj,9,1014,0.0,-0.46615388,0.10895966538928797,-0.47303774730021597,-0.46454571296296304,4255,"{'decomposition': 'legendre', 'n_filters': 12, 'slowest': 0.015468638100899648, 'input_scaling': 0.8216619713233748, 'bias_dist': 'foldnorm', 'bias_scaling': 0.04249382119350724, 'lr': 0.7520411716638045, 'weight_increment': 0.001395793645992084, 'min_window': 19, 'max_window': 32, 'use_full_instance': True, 'max_partners': 20, 'homeostasis': 'mean', 'target': 0.69, 'spread': 0.36000000000000004, 'learning_rate': 0.001}",ppo,1000,64x64,0.001,,,,,,
Autoencode,filterbank+esn,2,1014,13.770216962524655,-0.40999995999999994,0.11189860909429751,-0.4679862855085879,-0.44800566666666664,4136,"{'decomposition': 'legendre', 'n_filters': 12, 'slowest': 0.006397371281320229, 'input_scaling': 0.550142611755141, 'bias_dist': 'foldnorm', 'bias_scaling': 0.07438842372152364, 'lr': 0.6575600610814601, 'sr': 0.8663422541011234, 'rc_connectivity': 0.013579746643157644, 'learning_rate': 0.0003}",ppo,1000,64,0.0003,,,,,,
Autoencode,filterbank+esn,4,1014,13.770216962524655,-0.42153836,0.12137287179263082,-0.46452105852103254,-0.4332462355967079,4146,"{'decomposition': 'legendre', 'n_filters': 12, 'slowest': 0.006397371281320229, 'input_scaling': 0.550142611755141, 'bias_dist': 'foldnorm', 'bias_scaling': 0.07438842372152364, 'lr': 0.6575600610814601, 'sr': 0.8663422541011234, 'rc_connectivity': 0.013579746643157644, 'learning_rate': 0.0003}",ppo,1000,64,0.0003,,,,,,
Autoencode,filterbank+proj,0,1014,0.0,-0.5,0.0,-0.4997943002159827,-0.5,4293,"{'decomposition': 'legendre', 'n_filters': 12, 'slowest': 0.015468638100899648, 'input_scaling': 0.8216619713233748, 'bias_dist': 'foldnorm', 'bias_scaling': 0.04249382119350724, 'lr': 0.7520411716638045, 'weight_increment': 0.001395793645992084, 'min_window': 19, 'max_window': 32, 'use_full_instance': True, 'max_partners': 20, 'homeostasis': 'mean', 'target': 0.69, 'spread': 0.36000000000000004, 'learning_rate': 0.003}",ppo,1000,64x64,0.003,,,,,,
Autoencode,filterbank+proj,2,1014,0.0,-0.5,0.0,-0.49982594785560014,-0.5,4283,"{'decomposition': 'legendre', 'n_filters': 12, 'slowest': 0.015468638100899648, 'input_scaling': 0.8216619713233748, 'bias_dist': 'foldnorm', 'bias_scaling': 0.04249382119350724, 'lr': 0.7520411716638045, 'weight_increment': 0.001395793645992084, 'min_window': 19, 'max_window': 32, 'use_full_instance': True, 'max_partners': 20, 'homeostasis': 'mean', 'target': 0.69, 'spread': 0.36000000000000004, 'learning_rate': 0.003}",ppo,1000,64x64,0.003,,,,,,
Autoencode,filterbank+hag,4,1014,3.804733727810651,-0.5,0.0,-0.5003362365525044,-0.5,4509,"{'decomposition': 'legendre', 'n_filters': 12, 'slowest': 0.015468638100899648, 'input_scaling': 0.8216619713233748, 'bias_dist': 'foldnorm', 'bias_scaling': 0.04249382119350724, 'lr': 0.7520411716638045, 'weight_increment': 0.001395793645992084, 'min_window': 19, 'max_window': 32, 'use_full_instance': True, 'max_partners': 20, 'homeostasis': 'mean', 'target': 0.69, 'spread': 0.36000000000000004, 'learning_rate': 0.01}",ppo,1000,64x64,0.01,,,,,,
Autoencode,filterbank+hag,8,1014,3.7189349112426036,-0.5,0.0,-0.5000988936542219,-0.5,4443,"{'decomposition': 'legendre', 'n_filters': 12, 'slowest': 0.015468638100899648, 'input_scaling': 0.8216619713233748, 'bias_dist': 'foldnorm', 'bias_scaling': 0.04249382119350724, 'lr': 0.7520411716638045, 'weight_increment': 0.001395793645992084, 'min_window': 19, 'max_window': 32, 'use_full_instance': True, 'max_partners': 20, 'homeostasis': 'mean', 'target': 0.69, 'spread': 0.36000000000000004, 'learning_rate': 0.01}",ppo,1000,64x64,0.01,,,,,,
Autoencode,filterbank+proj,8,1014,0.0,-0.46307694,0.13278101184949753,-0.4757078598169289,-0.4742006748971193,4333,"{'decomposition': 'legendre', 'n_filters': 12, 'slowest': 0.015468638100899648, 'input_scaling': 0.8216619713233748, 'bias_dist': 'foldnorm', 'bias_scaling': 0.04249382119350724, 'lr': 0.7520411716638045, 'weight_increment': 0.001395793645992084, 'min_window': 19, 'max_window': 32, 'use_full_instance': True, 'max_partners': 20, 'homeostasis': 'mean', 'target': 0.69, 'spread': 0.36000000000000004, 'learning_rate': 0.001}",ppo,1000,64x64,0.001,,,,,,
Autoencode,filterbank+proj,1,1014,0.0,-0.5,0.0,-0.49992088604340224,-0.5,4321,"{'decomposition': 'legendre', 'n_filters': 12, 'slowest': 0.015468638100899648, 'input_scaling': 0.8216619713233748, 'bias_dist': 'foldnorm', 'bias_scaling': 0.04249382119350724, 'lr': 0.7520411716638045, 'weight_increment': 0.001395793645992084, 'min_window': 19, 'max_window': 32, 'use_full_instance': True, 'max_partners': 20, 'homeostasis': 'mean', 'target': 0.69, 'spread': 0.36000000000000004, 'learning_rate': 0.003}",ppo,1000,64x64,0.003,,,,,,
Autoencode,filterbank+proj,9,1014,0.0,-0.5,0.0,-0.499952529671912,-0.5,4278,"{'decomposition': 'legendre', 'n_filters': 12, 'slowest': 0.015468638100899648, 'input_scaling': 0.8216619713233748, 'bias_dist': 'foldnorm', 'bias_scaling': 0.04249382119350724, 'lr': 0.7520411716638045, 'weight_increment': 0.001395793645992084, 'min_window': 19, 'max_window': 32, 'use_full_instance': True, 'max_partners': 20, 'homeostasis': 'mean', 'target': 0.69, 'spread': 0.36000000000000004, 'learning_rate': 0.003}",ppo,1000,64x64,0.003,,,,,,
Autoencode,filterbank+esn,7,1014,13.770216962524655,-0.42307690000000003,0.10824042600881613,-0.47071572909595805,-0.45231873971193415,4101,"{'decomposition': 'legendre', 'n_filters': 12, 'slowest': 0.006397371281320229, 'input_scaling': 0.550142611755141, 'bias_dist': 'foldnorm', 'bias_scaling': 0.07438842372152364, 'lr': 0.6575600610814601, 'sr': 0.8663422541011234, 'rc_connectivity': 0.013579746643157644, 'learning_rate': 0.0003}",ppo,1000,64,0.0003,,,,,,
Autoencode,filterbank+hag,5,1014,3.6025641025641026,-0.5,0.0,-0.5000830714799959,-0.5,4468,"{'decomposition': 'legendre', 'n_filters': 12, 'slowest': 0.015468638100899648, 'input_scaling': 0.8216619713233748, 'bias_dist': 'foldnorm', 'bias_scaling': 0.04249382119350724, 'lr': 0.7520411716638045, 'weight_increment': 0.001395793645992084, 'min_window': 19, 'max_window': 32, 'use_full_instance': True, 'max_partners': 20, 'homeostasis': 'mean', 'target': 0.69, 'spread': 0.36000000000000004, 'learning_rate': 0.01}",ppo,1000,64x64,0.01,,,,,,
Autoencode,filterbank+hag,9,1014,3.826429980276134,-0.5,0.0,-0.49984968209400393,-0.5,4450,"{'decomposition': 'legendre', 'n_filters': 12, 'slowest': 0.015468638100899648, 'input_scaling': 0.8216619713233748, 'bias_dist': 'foldnorm', 'bias_scaling': 0.04249382119350724, 'lr': 0.7520411716638045, 'weight_increment': 0.001395793645992084, 'min_window': 19, 'max_window': 32, 'use_full_instance': True, 'max_partners': 20, 'homeostasis': 'mean', 'target': 0.69, 'spread': 0.36000000000000004, 'learning_rate': 0.01}",ppo,1000,64x64,0.01,,,,,,
Autoencode,filterbank+esn,1,1014,13.770216962524655,-0.43461527999999994,0.10748606647041094,-0.46156217134629235,-0.4451566450617284,4250,"{'decomposition': 'legendre', 'n_filters': 12, 'slowest': 0.006397371281320229, 'input_scaling': 0.550142611755141, 'bias_dist': 'foldnorm', 'bias_scaling': 0.07438842372152364, 'lr': 0.6575600610814601, 'sr': 0.8663422541011234, 'rc_connectivity': 0.013579746643157644, 'learning_rate': 0.0003}",ppo,1000,64,0.0003,,,,,,
Autoencode,filterbank+hag,7,1014,3.5956607495069033,-0.5,0.0,-0.5001147156227502,-0.5,4491,"{'decomposition': 'legendre', 'n_filters': 12, 'slowest': 0.015468638100899648, 'input_scaling': 0.8216619713233748, 'bias_dist': 'foldnorm', 'bias_scaling': 0.04249382119350724, 'lr': 0.7520411716638045, 'weight_increment': 0.001395793645992084, 'min_window': 19, 'max_window': 32, 'use_full_instance': True, 'max_partners': 20, 'homeostasis': 'mean', 'target': 0.69, 'spread': 0.36000000000000004, 'learning_rate': 0.01}",ppo,1000,64x64,0.01,,,,,,
Autoencode,filterbank+proj,8,1014,0.0,-0.5,0.0,-0.4996360707600535,-0.5,4337,"{'decomposition': 'legendre', 'n_filters': 12, 'slowest': 0.015468638100899648, 'input_scaling': 0.8216619713233748, 'bias_dist': 'foldnorm', 'bias_scaling': 0.04249382119350724, 'lr': 0.7520411716638045, 'weight_increment': 0.001395793645992084, 'min_window': 19, 'max_window': 32, 'use_full_instance': True, 'max_partners': 20, 'homeostasis': 'mean', 'target': 0.69, 'spread': 0.36000000000000004, 'learning_rate': 0.003}",ppo,1000,64x64,0.003,,,,,,
Autoencode,filterbank+proj,5,1014,0.0,-0.5,0.0,-0.5003283266481539,-0.5,4354,"{'decomposition': 'legendre', 'n_filters': 12, 'slowest': 0.015468638100899648, 'input_scaling': 0.8216619713233748, 'bias_dist': 'foldnorm', 'bias_scaling': 0.04249382119350724, 'lr': 0.7520411716638045, 'weight_increment': 0.001395793645992084, 'min_window': 19, 'max_window': 32, 'use_full_instance': True, 'max_partners': 20, 'homeostasis': 'mean', 'target': 0.69, 'spread': 0.36000000000000004, 'learning_rate': 0.003}",ppo,1000,64x64,0.003,,,,,,
Autoencode,filterbank+proj,4,1014,0.0,-0.5,0.0,-0.49999604515067364,-0.5,4358,"{'decomposition': 'legendre', 'n_filters': 12, 'slowest': 0.015468638100899648, 'input_scaling': 0.8216619713233748, 'bias_dist': 'foldnorm', 'bias_scaling': 0.04249382119350724, 'lr': 0.7520411716638045, 'weight_increment': 0.001395793645992084, 'min_window': 19, 'max_window': 32, 'use_full_instance': True, 'max_partners': 20, 'homeostasis': 'mean', 'target': 0.69, 'spread': 0.36000000000000004, 'learning_rate': 0.003}",ppo,1000,64x64,0.003,,,,,,
Autoencode,filterbank+proj,3,1014,0.0,-0.5,0.0,-0.5002729461071687,-0.5,4403,"{'decomposition': 'legendre', 'n_filters': 12, 'slowest': 0.015468638100899648, 'input_scaling': 0.8216619713233748, 'bias_dist': 'foldnorm', 'bias_scaling': 0.04249382119350724, 'lr': 0.7520411716638045, 'weight_increment': 0.001395793645992084, 'min_window': 19, 'max_window': 32, 'use_full_instance': True, 'max_partners': 20, 'homeostasis': 'mean', 'target': 0.69, 'spread': 0.36000000000000004, 'learning_rate': 0.003}",ppo,1000,64x64,0.003,,,,,,
Autoencode,filterbank+proj,7,1014,0.0,-0.5,0.0,-0.4999446188419212,-0.5,4391,"{'decomposition': 'legendre', 'n_filters': 12, 'slowest': 0.015468638100899648, 'input_scaling': 0.8216619713233748, 'bias_dist': 'foldnorm', 'bias_scaling': 0.04249382119350724, 'lr': 0.7520411716638045, 'weight_increment': 0.001395793645992084, 'min_window': 19, 'max_window': 32, 'use_full_instance': True, 'max_partners': 20, 'homeostasis': 'mean', 'target': 0.69, 'spread': 0.36000000000000004, 'learning_rate': 0.003}",ppo,1000,64x64,0.003,,,,,,
Autoencode,filterbank+proj,6,1014,0.0,-0.5,0.0,-0.5000395606294353,-0.5,4397,"{'decomposition': 'legendre', 'n_filters': 12, 'slowest': 0.015468638100899648, 'input_scaling': 0.8216619713233748, 'bias_dist': 'foldnorm', 'bias_scaling': 0.04249382119350724, 'lr': 0.7520411716638045, 'weight_increment': 0.001395793645992084, 'min_window': 19, 'max_window': 32, 'use_full_instance': True, 'max_partners': 20, 'homeostasis': 'mean', 'target': 0.69, 'spread': 0.36000000000000004, 'learning_rate': 0.003}",ppo,1000,64x64,0.003,,,,,,
Autoencode,filterbank+proj,1,1014,0.0,-0.5,0.0,-0.49940664054304224,-0.5,4470,"{'decomposition': 'legendre', 'n_filters': 12, 'slowest': 0.015468638100899648, 'input_scaling': 0.8216619713233748, 'bias_dist': 'foldnorm', 'bias_scaling': 0.04249382119350724, 'lr': 0.7520411716638045, 'weight_increment': 0.001395793645992084, 'min_window': 19, 'max_window': 32, 'use_full_instance': True, 'max_partners': 20, 'homeostasis': 'mean', 'target': 0.69, 'spread': 0.36000000000000004, 'learning_rate': 0.01}",ppo,1000,64x64,0.01,,,,,,
Autoencode,filterbank+proj,6,1014,0.0,-0.5,0.0,-0.49983781497480206,-0.5,4462,"{'decomposition': 'legendre', 'n_filters': 12, 'slowest': 0.015468638100899648, 'input_scaling': 0.8216619713233748, 'bias_dist': 'foldnorm', 'bias_scaling': 0.04249382119350724, 'lr': 0.7520411716638045, 'weight_increment': 0.001395793645992084, 'min_window': 19, 'max_window': 32, 'use_full_instance': True, 'max_partners': 20, 'homeostasis': 'mean', 'target': 0.69, 'spread': 0.36000000000000004, 'learning_rate': 0.01}",ppo,1000,64x64,0.01,,,,,,
Autoencode,filterbank+proj,9,1014,0.0,-0.5,0.0,-0.5002689904350509,-0.5,4435,"{'decomposition': 'legendre', 'n_filters': 12, 'slowest': 0.015468638100899648, 'input_scaling': 0.8216619713233748, 'bias_dist': 'foldnorm', 'bias_scaling': 0.04249382119350724, 'lr': 0.7520411716638045, 'weight_increment': 0.001395793645992084, 'min_window': 19, 'max_window': 32, 'use_full_instance': True, 'max_partners': 20, 'homeostasis': 'mean', 'target': 0.69, 'spread': 0.36000000000000004, 'learning_rate': 0.01}",ppo,1000,64x64,0.01,,,,,,
Autoencode,filterbank+proj,0,1014,0.0,-0.5,0.0,-0.5004549096986527,-0.5,4526,"{'decomposition': 'legendre', 'n_filters': 12, 'slowest': 0.015468638100899648, 'input_scaling': 0.8216619713233748, 'bias_dist': 'foldnorm', 'bias_scaling': 0.04249382119350724, 'lr': 0.7520411716638045, 'weight_increment': 0.001395793645992084, 'min_window': 19, 'max_window': 32, 'use_full_instance': True, 'max_partners': 20, 'homeostasis': 'mean', 'target': 0.69, 'spread': 0.36000000000000004, 'learning_rate': 0.01}",ppo,1000,64x64,0.01,,,,,,
Autoencode,filterbank+proj,3,1014,0.0,-0.5,0.0,-0.5000514242517742,-0.5,4548,"{'decomposition': 'legendre', 'n_filters': 12, 'slowest': 0.015468638100899648, 'input_scaling': 0.8216619713233748, 'bias_dist': 'foldnorm', 'bias_scaling': 0.04249382119350724, 'lr': 0.7520411716638045, 'weight_increment': 0.001395793645992084, 'min_window': 19, 'max_window': 32, 'use_full_instance': True, 'max_partners': 20, 'homeostasis': 'mean', 'target': 0.69, 'spread': 0.36000000000000004, 'learning_rate': 0.01}",ppo,1000,64x64,0.01,,,,,,
Autoencode,filterbank+proj,8,1014,0.0,-0.5,0.0,-0.499940663889746,-0.5,4574,"{'decomposition': 'legendre', 'n_filters': 12, 'slowest': 0.015468638100899648, 'input_scaling': 0.8216619713233748, 'bias_dist': 'foldnorm', 'bias_scaling': 0.04249382119350724, 'lr': 0.7520411716638045, 'weight_increment': 0.001395793645992084, 'min_window': 19, 'max_window': 32, 'use_full_instance': True, 'max_partners': 20, 'homeostasis': 'mean', 'target': 0.69, 'spread': 0.36000000000000004, 'learning_rate': 0.01}",ppo,1000,64x64,0.01,,,,,,
Autoencode,filterbank+proj,7,1014,0.0,-0.5,0.0,-0.499853638383215,-0.5,4595,"{'decomposition': 'legendre', 'n_filters': 12, 'slowest': 0.015468638100899648, 'input_scaling': 0.8216619713233748, 'bias_dist': 'foldnorm', 'bias_scaling': 0.04249382119350724, 'lr': 0.7520411716638045, 'weight_increment': 0.001395793645992084, 'min_window': 19, 'max_window': 32, 'use_full_instance': True, 'max_partners': 20, 'homeostasis': 'mean', 'target': 0.69, 'spread': 0.36000000000000004, 'learning_rate': 0.01}",ppo,1000,64x64,0.01,,,,,,
Autoencode,filterbank+proj,4,1014,0.0,-0.5,0.0,-0.5001028495320374,-0.5,4643,"{'decomposition': 'legendre', 'n_filters': 12, 'slowest': 0.015468638100899648, 'input_scaling': 0.8216619713233748, 'bias_dist': 'foldnorm', 'bias_scaling': 0.04249382119350724, 'lr': 0.7520411716638045, 'weight_increment': 0.001395793645992084, 'min_window': 19, 'max_window': 32, 'use_full_instance': True, 'max_partners': 20, 'homeostasis': 'mean', 'target': 0.69, 'spread': 0.36000000000000004, 'learning_rate': 0.01}",ppo,1000,64x64,0.01,,,,,,
Autoencode,filterbank+proj,2,1014,0.0,-0.5,0.0,-0.49972309904350515,-0.5,4648,"{'decomposition': 'legendre', 'n_filters': 12, 'slowest': 0.015468638100899648, 'input_scaling': 0.8216619713233748, 'bias_dist': 'foldnorm', 'bias_scaling': 0.04249382119350724, 'lr': 0.7520411716638045, 'weight_increment': 0.001395793645992084, 'min_window': 19, 'max_window': 32, 'use_full_instance': True, 'max_partners': 20, 'homeostasis': 'mean', 'target': 0.69, 'spread': 0.36000000000000004, 'learning_rate': 0.01}",ppo,1000,64x64,0.01,,,,,,
Autoencode,filterbank+proj,5,1014,0.0,-0.5,0.0,-0.500268989098015,-0.5,4667,"{'decomposition': 'legendre', 'n_filters': 12, 'slowest': 0.015468638100899648, 'input_scaling': 0.8216619713233748, 'bias_dist': 'foldnorm', 'bias_scaling': 0.04249382119350724, 'lr': 0.7520411716638045, 'weight_increment': 0.001395793645992084, 'min_window': 19, 'max_window': 32, 'use_full_instance': True, 'max_partners': 20, 'homeostasis': 'mean', 'target': 0.69, 'spread': 0.36000000000000004, 'learning_rate': 0.01}",ppo,1000,64x64,0.01,,,,,,
Autoencode,filterbank+esn,8,1014,13.770216962524655,-0.45692308000000004,0.10018919867647211,-0.4700986411601358,-0.44424656275720165,4133,"{'decomposition': 'legendre', 'n_filters': 12, 'slowest': 0.006397371281320229, 'input_scaling': 0.550142611755141, 'bias_dist': 'foldnorm', 'bias_scaling': 0.07438842372152364, 'lr': 0.6575600610814601, 'sr': 0.8663422541011234, 'rc_connectivity': 0.013579746643157644, 'learning_rate': 0.0003}",ppo,1000,64,0.0003,,,,,,
Autoencode,filterbank+esn,9,1014,13.770216962524655,-0.4407691199999999,0.10182075567616652,-0.4650471679522781,-0.43589739711934156,4107,"{'decomposition': 'legendre', 'n_filters': 12, 'slowest': 0.006397371281320229, 'input_scaling': 0.550142611755141, 'bias_dist': 'foldnorm', 'bias_scaling': 0.07438842372152364, 'lr': 0.6575600610814601, 'sr': 0.8663422541011234, 'rc_connectivity': 0.013579746643157644, 'learning_rate': 0.0003}",ppo,1000,64,0.0003,,,,,,
Autoencode,filterbank+esn,0,1014,13.770216962524655,-0.4707691599999999,0.13044306202651945,-0.4625273749871439,-0.4476099681069959,4122,"{'decomposition': 'legendre', 'n_filters': 12, 'slowest': 0.006397371281320229, 'input_scaling': 0.550142611755141, 'bias_dist': 'foldnorm', 'bias_scaling': 0.07438842372152364, 'lr': 0.6575600610814601, 'sr': 0.8663422541011234, 'rc_connectivity': 0.013579746643157644, 'learning_rate': 0.001}",ppo,1000,64,0.001,,,,,,
Autoencode,filterbank+esn,4,1014,13.770216962524655,-0.4576923,0.11364073437359509,-0.46157799506325214,-0.4398147849794239,4117,"{'decomposition': 'legendre', 'n_filters': 12, 'slowest': 0.006397371281320229, 'input_scaling': 0.550142611755141, 'bias_dist': 'foldnorm', 'bias_scaling': 0.07438842372152364, 'lr': 0.6575600610814601, 'sr': 0.8663422541011234, 'rc_connectivity': 0.013579746643157644, 'learning_rate': 0.001}",ppo,1000,64,0.001,,,,,,
Autoencode,filterbank+esn,2,1014,13.770216962524655,-0.46153846000000004,0.11013721243162275,-0.4671951348349276,-0.4533079866255144,4133,"{'decomposition': 'legendre', 'n_filters': 12, 'slowest': 0.006397371281320229, 'input_scaling': 0.550142611755141, 'bias_dist': 'foldnorm', 'bias_scaling': 0.07438842372152364, 'lr': 0.6575600610814601, 'sr': 0.8663422541011234, 'rc_connectivity': 0.013579746643157644, 'learning_rate': 0.001}",ppo,1000,64,0.001,,,,,,
Autoencode,filterbank+esn,3,1014,13.770216962524655,-0.47153844000000006,0.13407810743147594,-0.4609648620796051,-0.44658117181069956,4148,"{'decomposition': 'legendre', 'n_filters': 12, 'slowest': 0.006397371281320229, 'input_scaling': 0.550142611755141, 'bias_dist': 'foldnorm', 'bias_scaling': 0.07438842372152364, 'lr': 0.6575600610814601, 'sr': 0.8663422541011234, 'rc_connectivity': 0.013579746643157644, 'learning_rate': 0.001}",ppo,1000,64,0.001,,,,,,
Autoencode,filterbank+esn,7,1014,13.770216962524655,-0.42461531999999996,0.09356838822923903,-0.4691650865987863,-0.4650205617283951,4105,"{'decomposition': 'legendre', 'n_filters': 12, 'slowest': 0.006397371281320229, 'input_scaling': 0.550142611755141, 'bias_dist': 'foldnorm', 'bias_scaling': 0.07438842372152364, 'lr': 0.6575600610814601, 'sr': 0.8663422541011234, 'rc_connectivity': 0.013579746643157644, 'learning_rate': 0.001}",ppo,1000,64,0.001,,,,,,
Autoencode,filterbank+esn,9,1014,13.770216962524655,-0.44230768000000004,0.11544873295492507,-0.468872361513936,-0.44139753497942386,4092,"{'decomposition': 'legendre', 'n_filters': 12, 'slowest': 0.006397371281320229, 'input_scaling': 0.550142611755141, 'bias_dist': 'foldnorm', 'bias_scaling': 0.07438842372152364, 'lr': 0.6575600610814601, 'sr': 0.8663422541011234, 'rc_connectivity': 0.013579746643157644, 'learning_rate': 0.001}",ppo,1000,64,0.001,,,,,,
Autoencode,filterbank+esn,1,1014,13.770216962524655,-0.42461538,0.12615392829300084,-0.46463577671500567,-0.4546137860082305,4182,"{'decomposition': 'legendre', 'n_filters': 12, 'slowest': 0.006397371281320229, 'input_scaling': 0.550142611755141, 'bias_dist': 'foldnorm', 'bias_scaling': 0.07438842372152364, 'lr': 0.6575600610814601, 'sr': 0.8663422541011234, 'rc_connectivity': 0.013579746643157644, 'learning_rate': 0.001}",ppo,1000,64,0.001,,,,,,
Autoencode,filterbank+esn,6,1014,13.770216962524655,-0.43846154,0.12871694306503864,-0.463551909287257,-0.45334756687242794,4131,"{'decomposition': 'legendre', 'n_filters': 12, 'slowest': 0.006397371281320229, 'input_scaling': 0.550142611755141, 'bias_dist': 'foldnorm', 'bias_scaling': 0.07438842372152364, 'lr': 0.6575600610814601, 'sr': 0.8663422541011234, 'rc_connectivity': 0.013579746643157644, 'learning_rate': 0.001}",ppo,1000,64,0.001,,,,,,
Autoencode,filterbank+esn,3,1014,13.770216962524655,-0.49692306,0.0704341684506632,-0.49984177229250226,-0.505025336419753,4095,"{'decomposition': 'legendre', 'n_filters': 12, 'slowest': 0.006397371281320229, 'input_scaling': 0.550142611755141, 'bias_dist': 'foldnorm', 'bias_scaling': 0.07438842372152364, 'lr': 0.6575600610814601, 'sr': 0.8663422541011234, 'rc_connectivity': 0.013579746643157644, 'learning_rate': 0.003}",ppo,1000,64,0.003,,,,,,
Autoencode,filterbank+esn,8,1014,13.770216962524655,-0.44692308,0.12823105706245114,-0.46955670214954226,-0.4460271954732511,4136,"{'decomposition': 'legendre', 'n_filters': 12, 'slowest': 0.006397371281320229, 'input_scaling': 0.550142611755141, 'bias_dist': 'foldnorm', 'bias_scaling': 0.07438842372152364, 'lr': 0.6575600610814601, 'sr': 0.8663422541011234, 'rc_connectivity': 0.013579746643157644, 'learning_rate': 0.001}",ppo,1000,64,0.001,,,,,,
Autoencode,filterbank+esn,6,1014,13.770216962524655,-0.5,0.0,-0.5003757940964723,-0.5023345925925926,4099,"{'decomposition': 'legendre', 'n_filters': 12, 'slowest': 0.006397371281320229, 'input_scaling': 0.550142611755141, 'bias_dist': 'foldnorm', 'bias_scaling': 0.07438842372152364, 'lr': 0.6575600610814601, 'sr': 0.8663422541011234, 'rc_connectivity': 0.013579746643157644, 'learning_rate': 0.003}",ppo,1000,64,0.003,,,,,,
Autoencode,filterbank+esn,5,1014,13.770216962524655,-0.42307691999999997,0.11461289672089087,-0.4625392352154685,-0.44222852160493825,4174,"{'decomposition': 'legendre', 'n_filters': 12, 'slowest': 0.006397371281320229, 'input_scaling': 0.550142611755141, 'bias_dist': 'foldnorm', 'bias_scaling': 0.07438842372152364, 'lr': 0.6575600610814601, 'sr': 0.8663422541011234, 'rc_connectivity': 0.013579746643157644, 'learning_rate': 0.001}",ppo,1000,64,0.001,,,,,,
Autoencode,filterbank+esn,9,1014,13.770216962524655,-0.49076919999999996,0.10674316806746931,-0.49964398662964105,-0.4912155679012346,4122,"{'decomposition': 'legendre', 'n_filters': 12, 'slowest': 0.006397371281320229, 'input_scaling': 0.550142611755141, 'bias_dist': 'foldnorm', 'bias_scaling': 0.07438842372152364, 'lr': 0.6575600610814601, 'sr': 0.8663422541011234, 'rc_connectivity': 0.013579746643157644, 'learning_rate': 0.003}",ppo,1000,64,0.003,,,,,,
Autoencode,filterbank+esn,1,1014,13.770216962524655,-0.49307696,0.09316603510485137,-0.4995411358634166,-0.49928775,4151,"{'decomposition': 'legendre', 'n_filters': 12, 'slowest': 0.006397371281320229, 'input_scaling': 0.550142611755141, 'bias_dist': 'foldnorm', 'bias_scaling': 0.07438842372152364, 'lr': 0.6575600610814601, 'sr': 0.8663422541011234, 'rc_connectivity': 0.013579746643157644, 'learning_rate': 0.003}",ppo,1000,64,0.003,,,,,,
Autoencode,filterbank+esn,2,1014,13.770216962524655,-0.51000012,0.07330344867921017,-0.49853638177517223,-0.500277,4168,"{'decomposition': 'legendre', 'n_filters': 12, 'slowest': 0.006397371281320229, 'input_scaling': 0.550142611755141, 'bias_dist': 'foldnorm', 'bias_scaling': 0.07438842372152364, 'lr': 0.6575600610814601, 'sr': 0.8663422541011234, 'rc_connectivity': 0.013579746643157644, 'learning_rate': 0.003}",ppo,1000,64,0.003,,,,,,
Autoencode,filterbank+esn,5,1014,13.770216962524655,-0.46615376000000003,0.10252444172187625,-0.4883741047001954,-0.4809670617283951,4153,"{'decomposition': 'legendre', 'n_filters': 12, 'slowest': 0.006397371281320229, 'input_scaling': 0.550142611755141, 'bias_dist': 'foldnorm', 'bias_scaling': 0.07438842372152364, 'lr': 0.6575600610814601, 'sr': 0.8663422541011234, 'rc_connectivity': 0.013579746643157644, 'learning_rate': 0.003}",ppo,1000,64,0.003,,,,,,
Autoencode,filterbank+esn,4,1014,13.770216962524655,-0.5038462,0.08539860730878461,-0.4937499473413556,-0.487416896090535,4166,"{'decomposition': 'legendre', 'n_filters': 12, 'slowest': 0.006397371281320229, 'input_scaling': 0.550142611755141, 'bias_dist': 'foldnorm', 'bias_scaling': 0.07438842372152364, 'lr': 0.6575600610814601, 'sr': 0.8663422541011234, 'rc_connectivity': 0.013579746643157644, 'learning_rate': 0.003}",ppo,1000,64,0.003,,,,,,
Autoencode,filterbank+esn,7,1014,13.770216962524655,-0.5,0.0,-0.49983781970585206,-0.5,4165,"{'decomposition': 'legendre', 'n_filters': 12, 'slowest': 0.006397371281320229, 'input_scaling': 0.550142611755141, 'bias_dist': 'foldnorm', 'bias_scaling': 0.07438842372152364, 'lr': 0.6575600610814601, 'sr': 0.8663422541011234, 'rc_connectivity': 0.013579746643157644, 'learning_rate': 0.003}",ppo,1000,64,0.003,,,,,,
Autoencode,filterbank+esn,8,1014,13.770216962524655,-0.4869230600000001,0.07482145790758424,-0.5010166248071583,-0.5051836141975308,4169,"{'decomposition': 'legendre', 'n_filters': 12, 'slowest': 0.006397371281320229, 'input_scaling': 0.550142611755141, 'bias_dist': 'foldnorm', 'bias_scaling': 0.07438842372152364, 'lr': 0.6575600610814601, 'sr': 0.8663422541011234, 'rc_connectivity': 0.013579746643157644, 'learning_rate': 0.003}",ppo,1000,64,0.003,,,,,,
Autoencode,filterbank+esn,1,1014,13.770216962524655,-0.5,0.0,-0.5002333892831431,-0.5,4176,"{'decomposition': 'legendre', 'n_filters': 12, 'slowest': 0.006397371281320229, 'input_scaling': 0.550142611755141, 'bias_dist': 'foldnorm', 'bias_scaling': 0.07438842372152364, 'lr': 0.6575600610814601, 'sr': 0.8663422541011234, 'rc_connectivity': 0.013579746643157644, 'learning_rate': 0.01}",ppo,1000,64,0.01,,,,,,
Autoencode,filterbank+esn,0,1014,13.770216962524655,-0.5,0.0,-0.4997705680345572,-0.5,4212,"{'decomposition': 'legendre', 'n_filters': 12, 'slowest': 0.006397371281320229, 'input_scaling': 0.550142611755141, 'bias_dist': 'foldnorm', 'bias_scaling': 0.07438842372152364, 'lr': 0.6575600610814601, 'sr': 0.8663422541011234, 'rc_connectivity': 0.013579746643157644, 'learning_rate': 0.01}",ppo,1000,64,0.01,,,,,,
Autoencode,filterbank+esn,0,1014,13.770216962524655,-0.5161539399999999,0.07540435642677683,-0.495185876684151,-0.49275877160493825,4245,"{'decomposition': 'legendre', 'n_filters': 12, 'slowest': 0.006397371281320229, 'input_scaling': 0.550142611755141, 'bias_dist': 'foldnorm', 'bias_scaling': 0.07438842372152364, 'lr': 0.6575600610814601, 'sr': 0.8663422541011234, 'rc_connectivity': 0.013579746643157644, 'learning_rate': 0.003}",ppo,1000,64,0.003,,,,,,
Autoencode,filterbank+esn,7,1014,13.770216962524655,-0.5,0.0,-0.49965585117762,-0.5,4205,"{'decomposition': 'legendre', 'n_filters': 12, 'slowest': 0.006397371281320229, 'input_scaling': 0.550142611755141, 'bias_dist': 'foldnorm', 'bias_scaling': 0.07438842372152364, 'lr': 0.6575600610814601, 'sr': 0.8663422541011234, 'rc_connectivity': 0.013579746643157644, 'learning_rate': 0.01}",ppo,1000,64,0.01,,,,,,
Autoencode,filterbank+esn,9,1014,13.770216962524655,-0.5,0.0,-0.500170095546642,-0.5,4201,"{'decomposition': 'legendre', 'n_filters': 12, 'slowest': 0.006397371281320229, 'input_scaling': 0.550142611755141, 'bias_dist': 'foldnorm', 'bias_scaling': 0.07438842372152364, 'lr': 0.6575600610814601, 'sr': 0.8663422541011234, 'rc_connectivity': 0.013579746643157644, 'learning_rate': 0.01}",ppo,1000,64,0.01,,,,,,
Autoencode,filterbank+hag,1,1014,3.8037475345167655,-0.42769226000000005,0.10508952155620653,-0.4806011022318214,-0.4653371049382716,4192,"{'decomposition': 'legendre', 'n_filters': 12, 'slowest': 0.015468638100899648, 'input_scaling': 0.8216619713233748, 'bias_dist': 'foldnorm', 'bias_scaling': 0.04249382119350724, 'lr': 0.7520411716638045, 'weight_increment': 0.001395793645992084, 'min_window': 19, 'max_window': 32, 'use_full_instance': True, 'max_partners': 20, 'homeostasis': 'mean', 'target': 0.69, 'spread': 0.36000000000000004, 'learning_rate': 0.0003}",ppo,1000,64,0.0003,,,,,,
Autoencode,filterbank+esn,8,1014,13.770216962524655,-0.5,0.0,-0.4998417705440708,-0.5,4219,"{'decomposition': 'legendre', 'n_filters': 12, 'slowest': 0.006397371281320229, 'input_scaling': 0.550142611755141, 'bias_dist': 'foldnorm', 'bias_scaling': 0.07438842372152364, 'lr': 0.6575600610814601, 'sr': 0.8663422541011234, 'rc_connectivity': 0.013579746643157644, 'learning_rate': 0.01}",ppo,1000,64,0.01,,,,,,
Autoencode,filterbank+esn,3,1014,13.770216962524655,-0.5,0.0,-0.4997230989406562,-0.5,4253,"{'decomposition': 'legendre', 'n_filters': 12, 'slowest': 0.006397371281320229, 'input_scaling': 0.550142611755141, 'bias_dist': 'foldnorm', 'bias_scaling': 0.07438842372152364, 'lr': 0.6575600610814601, 'sr': 0.8663422541011234, 'rc_connectivity': 0.013579746643157644, 'learning_rate': 0.01}",ppo,1000,64,0.01,,,,,,
Autoencode,filterbank+hag,3,1014,3.6124260355029585,-0.4692307199999999,0.10377498438796125,-0.48085426555589844,-0.4598369485596708,4233,"{'decomposition': 'legendre', 'n_filters': 12, 'slowest': 0.015468638100899648, 'input_scaling': 0.8216619713233748, 'bias_dist': 'foldnorm', 'bias_scaling': 0.04249382119350724, 'lr': 0.7520411716638045, 'weight_increment': 0.001395793645992084, 'min_window': 19, 'max_window': 32, 'use_full_instance': True, 'max_partners': 20, 'homeostasis': 'mean', 'target': 0.69, 'spread': 0.36000000000000004, 'learning_rate': 0.0003}",ppo,1000,64,0.0003,,,,,,
Autoencode,filterbank+esn,5,1014,13.770216962524655,-0.5,0.0,-0.49988924046076316,-0.5,4296,"{'decomposition': 'legendre', 'n_filters': 12, 'slowest': 0.006397371281320229, 'input_scaling': 0.550142611755141, 'bias_dist': 'foldnorm', 'bias_scaling': 0.07438842372152364, 'lr': 0.6575600610814601, 'sr': 0.8663422541011234, 'rc_connectivity': 0.013579746643157644, 'learning_rate': 0.01}",ppo,1000,64,0.01,,,,,,
Autoencode,filterbank+hag,5,1014,3.6025641025641026,-0.45153842000000005,0.12494033036439275,-0.4831960651033631,-0.4667616049382716,4218,"{'decomposition': 'legendre', 'n_filters': 12, 'slowest': 0.015468638100899648, 'input_scaling': 0.8216619713233748, 'bias_dist': 'foldnorm', 'bias_scaling': 0.04249382119350724, 'lr': 0.7520411716638045, 'weight_increment': 0.001395793645992084, 'min_window': 19, 'max_window': 32, 'use_full_instance': True, 'max_partners': 20, 'homeostasis': 'mean', 'target': 0.69, 'spread': 0.36000000000000004, 'learning_rate': 0.0003}",ppo,1000,64,0.0003,,,,,,
Autoencode,filterbank+hag,9,1014,3.826429980276134,-0.45615387999999996,0.13212209212885478,-0.4823139347937879,-0.4625672572016461,4189,"{'decomposition': 'legendre', 'n_filters': 12, 'slowest': 0.015468638100899648, 'input_scaling': 0.8216619713233748, 'bias_dist': 'foldnorm', 'bias_scaling': 0.04249382119350724, 'lr': 0.7520411716638045, 'weight_increment': 0.001395793645992084, 'min_window': 19, 'max_window': 32, 'use_full_instance': True, 'max_partners': 20, 'homeostasis': 'mean', 'target': 0.69, 'spread': 0.36000000000000004, 'learning_rate': 0.0003}",ppo,1000,64,0.0003,,,,,,
Autoencode,filterbank+esn,2,1014,13.770216962524655,-0.5,0.0,-0.5001344962460146,-0.5,4336,"{'decomposition': 'legendre', 'n_filters': 12, 'slowest': 0.006397371281320229, 'input_scaling': 0.550142611755141, 'bias_dist': 'foldnorm', 'bias_scaling': 0.07438842372152364, 'lr': 0.6575600610814601, 'sr': 0.8663422541011234, 'rc_connectivity': 0.013579746643157644, 'learning_rate': 0.01}",ppo,1000,64,0.01,,,,,,
Autoencode,filterbank+hag,1,1014,3.8037475345167655,-0.49076928,0.10974965632202043,-0.4864397593335391,-0.48919753086419754,4221,"{'decomposition': 'legendre', 'n_filters': 12, 'slowest': 0.015468638100899648, 'input_scaling': 0.8216619713233748, 'bias_dist': 'foldnorm', 'bias_scaling': 0.04249382119350724, 'lr': 0.7520411716638045, 'weight_increment': 0.001395793645992084, 'min_window': 19, 'max_window': 32, 'use_full_instance': True, 'max_partners': 20, 'homeostasis': 'mean', 'target': 0.69, 'spread': 0.36000000000000004, 'learning_rate': 0.001}",ppo,1000,64,0.001,,,,,,
Autoencode,filterbank+esn,4,1014,13.770216962524655,-0.5,0.0,-0.4999643990537899,-0.5,4342,"{'decomposition': 'legendre', 'n_filters': 12, 'slowest': 0.006397371281320229, 'input_scaling': 0.550142611755141, 'bias_dist': 'foldnorm', 'bias_scaling': 0.07438842372152364, 'lr': 0.6575600610814601, 'sr': 0.8663422541011234, 'rc_connectivity': 0.013579746643157644, 'learning_rate': 0.01}",ppo,1000,64,0.01,,,,,,
Autoencode,filterbank+hag,7,1014,3.5956607495069033,-0.46153844,0.12331714969284036,-0.47603618656793173,-0.4673156008230453,4246,"{'decomposition': 'legendre', 'n_filters': 12, 'slowest': 0.015468638100899648, 'input_scaling': 0.8216619713233748, 'bias_dist': 'foldnorm', 'bias_scaling': 0.04249382119350724, 'lr': 0.7520411716638045, 'weight_increment': 0.001395793645992084, 'min_window': 19, 'max_window': 32, 'use_full_instance': True, 'max_partners': 20, 'homeostasis': 'mean', 'target': 0.69, 'spread': 0.36000000000000004, 'learning_rate': 0.0003}",ppo,1000,64,0.0003,,,,,,
Autoencode,filterbank+hag,0,1014,3.886587771203156,-0.44923063999999996,0.09894117379670811,-0.4743154422503343,-0.4607074732510288,4334,"{'decomposition': 'legendre', 'n_filters': 12, 'slowest': 0.015468638100899648, 'input_scaling': 0.8216619713233748, 'bias_dist': 'foldnorm', 'bias_scaling': 0.04249382119350724, 'lr': 0.7520411716638045, 'weight_increment': 0.001395793645992084, 'min_window': 19, 'max_window': 32, 'use_full_instance': True, 'max_partners': 20, 'homeostasis': 'mean', 'target': 0.69, 'spread': 0.36000000000000004, 'learning_rate': 0.0003}",ppo,1000,64,0.0003,,,,,,
Autoencode,filterbank+hag,2,1014,3.727810650887574,-0.4992308000000001,0.1121311422627987,-0.48941446662552707,-0.4798591378600823,4245,"{'decomposition': 'legendre', 'n_filters': 12, 'slowest': 0.015468638100899648, 'input_scaling': 0.8216619713233748, 'bias_dist': 'foldnorm', 'bias_scaling': 0.04249382119350724, 'lr': 0.7520411716638045, 'weight_increment': 0.001395793645992084, 'min_window': 19, 'max_window': 32, 'use_full_instance': True, 'max_partners': 20, 'homeostasis': 'mean', 'target': 0.69, 'spread': 0.36000000000000004, 'learning_rate': 0.001}",ppo,1000,64,0.001,,,,,,
Autoencode,filterbank+hag,8,1014,3.7189349112426036,-0.45153846000000003,0.09845267793111774,-0.47695391597243647,-0.4608261903292181,4252,"{'decomposition': 'legendre', 'n_filters': 12, 'slowest': 0.015468638100899648, 'input_scaling': 0.8216619713233748, 'bias_dist': 'foldnorm', 'bias_scaling': 0.04249382119350724, 'lr': 0.7520411716638045, 'weight_increment': 0.001395793645992084, 'min_window': 19, 'max_window': 32, 'use_full_instance': True, 'max_partners': 20, 'homeostasis': 'mean', 'target': 0.69, 'spread': 0.36000000000000004, 'learning_rate': 0.0003}",ppo,1000,64,0.0003,,,,,,
Autoencode,filterbank+hag,5,1014,3.6025641025641026,-0.47923084000000005,0.1189726087718278,-0.48407819171037747,-0.47966128703703703,4211,"{'decomposition': 'legendre', 'n_filters': 12, 'slowest': 0.015468638100899648, 'input_scaling': 0.8216619713233748, 'bias_dist': 'foldnorm', 'bias_scaling': 0.04249382119350724, 'lr': 0.7520411716638045, 'weight_increment': 0.001395793645992084, 'min_window': 19, 'max_window': 32, 'use_full_instance': True, 'max_partners': 20, 'homeostasis': 'mean', 'target': 0.69, 'spread': 0.36000000000000004, 'learning_rate': 0.001}",ppo,1000,64,0.001,,,,,,
Autoencode,filterbank+hag,6,1014,3.559171597633136,-0.46461541999999995,0.12061000535529215,-0.486772043402242,-0.4656932427983539,4263,"{'decomposition': 'legendre', 'n_filters': 12, 'slowest': 0.015468638100899648, 'input_scaling': 0.8216619713233748, 'bias_dist': 'foldnorm', 'bias_scaling': 0.04249382119350724, 'lr': 0.7520411716638045, 'weight_increment': 0.001395793645992084, 'min_window': 19, 'max_window': 32, 'use_full_instance': True, 'max_partners': 20, 'homeostasis': 'mean', 'target': 0.69, 'spread': 0.36000000000000004, 'learning_rate': 0.0003}",ppo,1000,64,0.0003,,,,,,
Autoencode,filterbank+hag,7,1014,3.5956607495069033,-0.46615381999999994,0.11426133496309064,-0.4867839099043505,-0.48650681481481484,4214,"{'decomposition': 'legendre', 'n_filters': 12, 'slowest': 0.015468638100899648, 'input_scaling': 0.8216619713233748, 'bias_dist': 'foldnorm', 'bias_scaling': 0.04249382119350724, 'lr': 0.7520411716638045, 'weight_increment': 0.001395793645992084, 'min_window': 19, 'max_window': 32, 'use_full_instance': True, 'max_partners': 20, 'homeostasis': 'mean', 'target': 0.69, 'spread': 0.36000000000000004, 'learning_rate': 0.001}",ppo,1000,64,0.001,,,,,,
Autoencode,filterbank+esn,6,1014,13.770216962524655,-0.5,0.0,-0.49999208865576467,-0.5,4356,"{'decomposition': 'legendre', 'n_filters': 12, 'slowest': 0.006397371281320229, 'input_scaling': 0.550142611755141, 'bias_dist': 'foldnorm', 'bias_scaling': 0.07438842372152364, 'lr': 0.6575600610814601, 'sr': 0.8663422541011234, 'rc_connectivity': 0.013579746643157644, 'learning_rate': 0.01}",ppo,1000,64,0.01,,,,,,
Autoencode,filterbank+hag,3,1014,3.6124260355029585,-0.4807691799999999,0.10748619314157329,-0.48828708289622547,-0.47843459979423875,4256,"{'decomposition': 'legendre', 'n_filters': 12, 'slowest': 0.015468638100899648, 'input_scaling': 0.8216619713233748, 'bias_dist': 'foldnorm', 'bias_scaling': 0.04249382119350724, 'lr': 0.7520411716638045, 'weight_increment': 0.001395793645992084, 'min_window': 19, 'max_window': 32, 'use_full_instance': True, 'max_partners': 20, 'homeostasis': 'mean', 'target': 0.69, 'spread': 0.36000000000000004, 'learning_rate': 0.001}",ppo,1000,64,0.001,,,,,,
Autoencode,filterbank+hag,2,1014,3.727810650887574,-0.45461531999999993,0.09091587465991623,-0.48187880201583877,-0.4715099547325103,4344,"{'decomposition': 'legendre', 'n_filters': 12, 'slowest': 0.015468638100899648, 'input_scaling': 0.8216619713233748, 'bias_dist': 'foldnorm', 'bias_scaling': 0.04249382119350724, 'lr': 0.7520411716638045, 'weight_increment': 0.001395793645992084, 'min_window': 19, 'max_window': 32, 'use_full_instance': True, 'max_partners': 20, 'homeostasis': 'mean', 'target': 0.69, 'spread': 0.36000000000000004, 'learning_rate': 0.0003}",ppo,1000,64,0.0003,,,,,,
Autoencode,filterbank+hag,4,1014,3.804733727810651,-0.48692304,0.10047535942209113,-0.49066052247248787,-0.48642766872427984,4254,"{'decomposition': 'legendre', 'n_filters': 12, 'slowest': 0.015468638100899648, 'input_scaling': 0.8216619713233748, 'bias_dist': 'foldnorm', 'bias_scaling': 0.04249382119350724, 'lr': 0.7520411716638045, 'weight_increment': 0.001395793645992084, 'min_window': 19, 'max_window': 32, 'use_full_instance': True, 'max_partners': 20, 'homeostasis': 'mean', 'target': 0.69, 'spread': 0.36000000000000004, 'learning_rate': 0.001}",ppo,1000,64,0.001,,,,,,
Autoencode,filterbank+hag,4,1014,3.804733727810651,-0.45307682000000005,0.09769233874049488,-0.47792701933559606,-0.4569483569958848,4318,"{'decomposition': 'legendre', 'n_filters': 12, 'slowest': 0.015468638100899648, 'input_scaling': 0.8216619713233748, 'bias_dist': 'foldnorm', 'bias_scaling': 0.04249382119350724, 'lr': 0.7520411716638045, 'weight_increment': 0.001395793645992084, 'min_window': 19, 'max_window': 32, 'use_full_instance': True, 'max_partners': 20, 'homeostasis': 'mean', 'target': 0.69, 'spread': 0.36000000000000004, 'learning_rate': 0.0003}",ppo,1000,64,0.0003,,,,,,
Autoencode,filterbank+hag,0,1014,3.886587771203156,-0.44153844,0.11206520435053156,-0.49192636048544697,-0.47578346296296303,4308,"{'decomposition': 'legendre', 'n_filters': 12, 'slowest': 0.015468638100899648, 'input_scaling': 0.8216619713233748, 'bias_dist': 'foldnorm', 'bias_scaling': 0.04249382119350724, 'lr': 0.7520411716638045, 'weight_increment': 0.001395793645992084, 'min_window': 19, 'max_window': 32, 'use_full_instance': True, 'max_partners': 20, 'homeostasis': 'mean', 'target': 0.69, 'spread': 0.36000000000000004, 'learning_rate': 0.001}",ppo,1000,64,0.001,,,,,,
Autoencode,filterbank+hag,6,1014,3.559171597633136,-0.48769228,0.12461549679041367,-0.4899919996914533,-0.49355016563786,4276,"{'decomposition': 'legendre', 'n_filters': 12, 'slowest': 0.015468638100899648, 'input_scaling': 0.8216619713233748, 'bias_dist': 'foldnorm', 'bias_scaling': 0.04249382119350724, 'lr': 0.7520411716638045, 'weight_increment': 0.001395793645992084, 'min_window': 19, 'max_window': 32, 'use_full_instance': True, 'max_partners': 20, 'homeostasis': 'mean', 'target': 0.69, 'spread': 0.36000000000000004, 'learning_rate': 0.001}",ppo,1000,64,0.001,,,,,,
Autoencode,filterbank+hag,8,1014,3.7189349112426036,-0.47923072000000005,0.0429739245566611,-0.48784404196235726,-0.48706076028806583,4274,"{'decomposition': 'legendre', 'n_filters': 12, 'slowest': 0.015468638100899648, 'input_scaling': 0.8216619713233748, 'bias_dist': 'foldnorm', 'bias_scaling': 0.04249382119350724, 'lr': 0.7520411716638045, 'weight_increment': 0.001395793645992084, 'min_window': 19, 'max_window': 32, 'use_full_instance': True, 'max_partners': 20, 'homeostasis': 'mean', 'target': 0.69, 'spread': 0.36000000000000004, 'learning_rate': 0.001}",ppo,1000,64,0.001,,,,,,
Autoencode,filterbank+hag,9,1014,3.826429980276134,-0.47538462,0.09631075561657482,-0.4861945095135246,-0.4786324742798354,4265,"{'decomposition': 'legendre', 'n_filters': 12, 'slowest': 0.015468638100899648, 'input_scaling': 0.8216619713233748, 'bias_dist': 'foldnorm', 'bias_scaling': 0.04249382119350724, 'lr': 0.7520411716638045, 'weight_increment': 0.001395793645992084, 'min_window': 19, 'max_window': 32, 'use_full_instance': True, 'max_partners': 20, 'homeostasis': 'mean', 'target': 0.69, 'spread': 0.36000000000000004, 'learning_rate': 0.001}",ppo,1000,64,0.001,,,,,,
Autoencode,filterbank+hag,0,1014,3.886587771203156,-0.5,0.0,-0.4997191441941788,-0.5,4302,"{'decomposition': 'legendre', 'n_filters': 12, 'slowest': 0.015468638100899648, 'input_scaling': 0.8216619713233748, 'bias_dist': 'foldnorm', 'bias_scaling': 0.04249382119350724, 'lr': 0.7520411716638045, 'weight_increment': 0.001395793645992084, 'min_window': 19, 'max_window': 32, 'use_full_instance': True, 'max_partners': 20, 'homeostasis': 'mean', 'target': 0.69, 'spread': 0.36000000000000004, 'learning_rate': 0.003}",ppo,1000,64,0.003,,,,,,
Autoencode,filterbank+hag,1,1014,3.8037475345167655,-0.5,0.0,-0.5002254783503034,-0.5,4341,"{'decomposition': 'legendre', 'n_filters': 12, 'slowest': 0.015468638100899648, 'input_scaling': 0.8216619713233748, 'bias_dist': 'foldnorm', 'bias_scaling': 0.04249382119350724, 'lr': 0.7520411716638045, 'weight_increment': 0.001395793645992084, 'min_window': 19, 'max_window': 32, 'use_full_instance': True, 'max_partners': 20, 'homeostasis': 'mean', 'target': 0.69, 'spread': 0.36000000000000004, 'learning_rate': 0.003}",ppo,1000,64,0.003,,,,,,
Autoencode,filterbank+hag,3,1014,3.6124260355029585,-0.5,0.0,-0.5008307058521032,-0.5,4297,"{'decomposition': 'legendre', 'n_filters': 12, 'slowest': 0.015468638100899648, 'input_scaling': 0.8216619713233748, 'bias_dist': 'foldnorm', 'bias_scaling': 0.04249382119350724, 'lr': 0.7520411716638045, 'weight_increment': 0.001395793645992084, 'min_window': 19, 'max_window': 32, 'use_full_instance': True, 'max_partners': 20, 'homeostasis': 'mean', 'target': 0.69, 'spread': 0.36000000000000004, 'learning_rate': 0.003}",ppo,1000,64,0.003,,,,,,
Autoencode,filterbank+hag,2,1014,3.727810650887574,-0.5,0.0,-0.5005458906716034,-0.5,4305,"{'decomposition': 'legendre', 'n_filters': 12, 'slowest': 0.015468638100899648, 'input_scaling': 0.8216619713233748, 'bias_dist': 'foldnorm', 'bias_scaling': 0.04249382119350724, 'lr': 0.7520411716638045, 'weight_increment': 0.001395793645992084, 'min_window': 19, 'max_window': 32, 'use_full_instance': True, 'max_partners': 20, 'homeostasis': 'mean', 'target': 0.69, 'spread': 0.36000000000000004, 'learning_rate': 0.003}",ppo,1000,64,0.003,,,,,,
Autoencode,filterbank+hag,4,1014,3.804733727810651,-0.5,0.0,-0.5003797527512085,-0.5,4330,"{'decomposition': 'legendre', 'n_filters': 12, 'slowest': 0.015468638100899648, 'input_scaling': 0.8216619713233748, 'bias_dist': 'foldnorm', 'bias_scaling': 0.04249382119350724, 'lr': 0.7520411716638045, 'weight_increment': 0.001395793645992084, 'min_window': 19, 'max_window': 32, 'use_full_instance': True, 'max_partners': 20, 'homeostasis': 'mean', 'target': 0.69, 'spread': 0.36000000000000004, 'learning_rate': 0.003}",ppo,1000,64,0.003,,,,,,
Autoencode,filterbank+hag,6,1014,3.559171597633136,-0.5,0.0,-0.5003639285200041,-0.5,4275,"{'decomposition': 'legendre', 'n_filters': 12, 'slowest': 0.015468638100899648, 'input_scaling': 0.8216619713233748, 'bias_dist': 'foldnorm', 'bias_scaling': 0.04249382119350724, 'lr': 0.7520411716638045, 'weight_increment': 0.001395793645992084, 'min_window': 19, 'max_window': 32, 'use_full_instance': True, 'max_partners': 20, 'homeostasis': 'mean', 'target': 0.69, 'spread': 0.36000000000000004, 'learning_rate': 0.003}",ppo,1000,64,0.003,,,,,,
Autoencode,filterbank+hag,5,1014,3.6025641025641026,-0.5,0.0,-0.49975869906407483,-0.5,4311,"{'decomposition': 'legendre', 'n_filters': 12, 'slowest': 0.015468638100899648, 'input_scaling': 0.8216619713233748, 'bias_dist': 'foldnorm', 'bias_scaling': 0.04249382119350724, 'lr': 0.7520411716638045, 'weight_increment': 0.001395793645992084, 'min_window': 19, 'max_window': 32, 'use_full_instance': True, 'max_partners': 20, 'homeostasis': 'mean', 'target': 0.69, 'spread': 0.36000000000000004, 'learning_rate': 0.003}",ppo,1000,64,0.003,,,,,,
Autoencode,filterbank+hag,8,1014,3.7189349112426036,-0.5,0.0,-0.5004826016661524,-0.5,4228,"{'decomposition': 'legendre', 'n_filters': 12, 'slowest': 0.015468638100899648, 'input_scaling': 0.8216619713233748, 'bias_dist': 'foldnorm', 'bias_scaling': 0.04249382119350724, 'lr': 0.7520411716638045, 'weight_increment': 0.001395793645992084, 'min_window': 19, 'max_window': 32, 'use_full_instance': True, 'max_partners': 20, 'homeostasis': 'mean', 'target': 0.69, 'spread': 0.36000000000000004, 'learning_rate': 0.003}",ppo,1000,64,0.003,,,,,,
Autoencode,filterbank+hag,7,1014,3.5956607495069033,-0.5,0.0,-0.5004430408310192,-0.5003561172839506,4333,"{'decomposition': 'legendre', 'n_filters': 12, 'slowest': 0.015468638100899648, 'input_scaling': 0.8216619713233748, 'bias_dist': 'foldnorm', 'bias_scaling': 0.04249382119350724, 'lr': 0.7520411716638045, 'weight_increment': 0.001395793645992084, 'min_window': 19, 'max_window': 32, 'use_full_instance': True, 'max_partners': 20, 'homeostasis': 'mean', 'target': 0.69, 'spread': 0.36000000000000004, 'learning_rate': 0.003}",ppo,1000,64,0.003,,,,,,
Autoencode,filterbank+hag,0,1014,3.886587771203156,-0.5,0.0,-0.49996439751105626,-0.5,4298,"{'decomposition': 'legendre', 'n_filters': 12, 'slowest': 0.015468638100899648, 'input_scaling': 0.8216619713233748, 'bias_dist': 'foldnorm', 'bias_scaling': 0.04249382119350724, 'lr': 0.7520411716638045, 'weight_increment': 0.001395793645992084, 'min_window': 19, 'max_window': 32, 'use_full_instance': True, 'max_partners': 20, 'homeostasis': 'mean', 'target': 0.69, 'spread': 0.36000000000000004, 'learning_rate': 0.01}",ppo,1000,64,0.01,,,,,,
Autoencode,filterbank+hag,9,1014,3.826429980276134,-0.5,0.0,-0.5001621856422914,-0.5,4339,"{'decomposition': 'legendre', 'n_filters': 12, 'slowest': 0.015468638100899648, 'input_scaling': 0.8216619713233748, 'bias_dist': 'foldnorm', 'bias_scaling': 0.04249382119350724, 'lr': 0.7520411716638045, 'weight_increment': 0.001395793645992084, 'min_window': 19, 'max_window': 32, 'use_full_instance': True, 'max_partners': 20, 'homeostasis': 'mean', 'target': 0.69, 'spread': 0.36000000000000004, 'learning_rate': 0.003}",ppo,1000,64,0.003,,,,,,
Autoencode,filterbank+hag,1,1014,3.8037475345167655,-0.5,0.0,-0.5000791144708423,-0.5,4392,"{'decomposition': 'legendre', 'n_filters': 12, 'slowest': 0.015468638100899648, 'input_scaling': 0.8216619713233748, 'bias_dist': 'foldnorm', 'bias_scaling': 0.04249382119350724, 'lr': 0.7520411716638045, 'weight_increment': 0.001395793645992084, 'min_window': 19, 'max_window': 32, 'use_full_instance': True, 'max_partners': 20, 'homeostasis': 'mean', 'target': 0.69, 'spread': 0.36000000000000004, 'learning_rate': 0.01}",ppo,1000,64,0.01,,,,,,
Autoencode,filterbank+esn,0,1014,13.770216962524655,-0.44384611999999996,0.122886949480999,-0.46756300935925127,-0.4526352839506173,3593,"{'decomposition': 'legendre', 'n_filters': 12, 'slowest': 0.006397371281320229, 'input_scaling': 0.550142611755141, 'bias_dist': 'foldnorm', 'bias_scaling': 0.07438842372152364, 'lr': 0.6575600610814601, 'sr': 0.8663422541011234, 'rc_connectivity': 0.013579746643157644, 'learning_rate': 0.0003}",ppo,1000,linear,0.0003,,,,,,
Autoencode,filterbank+esn,3,1014,13.770216962524655,-0.43384612000000006,0.0929592652156072,-0.4645170978093181,-0.44290120781893005,3618,"{'decomposition': 'legendre', 'n_filters': 12, 'slowest': 0.006397371281320229, 'input_scaling': 0.550142611755141, 'bias_dist': 'foldnorm', 'bias_scaling': 0.07438842372152364, 'lr': 0.6575600610814601, 'sr': 0.8663422541011234, 'rc_connectivity': 0.013579746643157644, 'learning_rate': 0.0003}",ppo,1000,linear,0.0003,,,,,,
Autoencode,filterbank+esn,1,1014,13.770216962524655,-0.48846153999999997,0.09334369544542577,-0.4708502292502314,-0.4584520144032922,3664,"{'decomposition': 'legendre', 'n_filters': 12, 'slowest': 0.006397371281320229, 'input_scaling': 0.550142611755141, 'bias_dist': 'foldnorm', 'bias_scaling': 0.07438842372152364, 'lr': 0.6575600610814601, 'sr': 0.8663422541011234, 'rc_connectivity': 0.013579746643157644, 'learning_rate': 0.0003}",ppo,1000,linear,0.0003,,,,,,
Autoencode,filterbank+proj,0,1014,0.0,-0.4261537000000001,0.08420886515379482,-0.47109151794713566,-0.45481160699588485,4064,"{'decomposition': 'legendre', 'n_filters': 12, 'slowest': 0.015468638100899648, 'input_scaling': 0.8216619713233748, 'bias_dist': 'foldnorm', 'bias_scaling': 0.04249382119350724, 'lr': 0.7520411716638045, 'weight_increment': 0.001395793645992084, 'min_window': 19, 'max_window': 32, 'use_full_instance': True, 'max_partners': 20, 'homeostasis': 'mean', 'target': 0.69, 'spread': 0.36000000000000004, 'learning_rate': 0.0003}",ppo,1000,64,0.0003,,,,,,
Autoencode,filterbank+esn,2,1014,13.770216962524655,-0.43692298,0.09028563069580674,-0.47097680057595387,-0.4555238693415638,3675,"{'decomposition': 'legendre', 'n_filters': 12, 'slowest': 0.006397371281320229, 'input_scaling': 0.550142611755141, 'bias_dist': 'foldnorm', 'bias_scaling': 0.07438842372152364, 'lr': 0.6575600610814601, 'sr': 0.8663422541011234, 'rc_connectivity': 0.013579746643157644, 'learning_rate': 0.0003}",ppo,1000,linear,0.0003,,,,,,
Autoencode,filterbank+proj,2,1014,0.0,-0.42153848000000005,0.12039386323816344,-0.47197761009976336,-0.4509733827160494,4074,"{'decomposition': 'legendre', 'n_filters': 12, 'slowest': 0.015468638100899648, 'input_scaling': 0.8216619713233748, 'bias_dist': 'foldnorm', 'bias_scaling': 0.04249382119350724, 'lr': 0.7520411716638045, 'weight_increment': 0.001395793645992084, 'min_window': 19, 'max_window': 32, 'use_full_instance': True, 'max_partners': 20, 'homeostasis': 'mean', 'target': 0.69, 'spread': 0.36000000000000004, 'learning_rate': 0.0003}",ppo,1000,64,0.0003,,,,,,
Autoencode,filterbank+proj,5,1014,0.0,-0.45461530000000006,0.10951489164131971,-0.4746239919777846,-0.4614988641975309,4052,"{'decomposition': 'legendre', 'n_filters': 12, 'slowest': 0.015468638100899648, 'input_scaling': 0.8216619713233748, 'bias_dist': 'foldnorm', 'bias_scaling': 0.04249382119350724, 'lr': 0.7520411716638045, 'weight_increment': 0.001395793645992084, 'min_window': 19, 'max_window': 32, 'use_full_instance': True, 'max_partners': 20, 'homeostasis': 'mean', 'target': 0.69, 'spread': 0.36000000000000004, 'learning_rate': 0.0003}",ppo,1000,64,0.0003,,,,,,
Autoencode,filterbank+proj,6,1014,0.0,-0.43230768,0.10893787704787347,-0.4673138027357811,-0.4405666008230453,4061,"{'decomposition': 'legendre', 'n_filters': 12, 'slowest': 0.015468638100899648, 'input_scaling': 0.8216619713233748, 'bias_dist': 'foldnorm', 'bias_scaling': 0.04249382119350724, 'lr': 0.7520411716638045, 'weight_increment': 0.001395793645992084, 'min_window': 19, 'max_window': 32, 'use_full_instance': True, 'max_partners': 20, 'homeostasis': 'mean', 'target': 0.69, 'spread': 0.36000000000000004, 'learning_rate': 0.0003}",ppo,1000,64,0.0003,,,,,,
Autoencode,filterbank+proj,3,1014,0.0,-0.43923074,0.1179435352722327,-0.47862718841921215,-0.44780781687242793,4090,"{'decomposition': 'legendre', 'n_filters': 12, 'slowest': 0.015468638100899648, 'input_scaling': 0.8216619713233748, 'bias_dist': 'foldnorm', 'bias_scaling': 0.04249382119350724, 'lr': 0.7520411716638045, 'weight_increment': 0.001395793645992084, 'min_window': 19, 'max_window': 32, 'use_full_instance': True, 'max_partners': 20, 'homeostasis': 'mean', 'target': 0.69, 'spread': 0.36000000000000004, 'learning_rate': 0.0003}",ppo,1000,64,0.0003,,,,,,
Autoencode,filterbank+proj,1,1014,0.0,-0.45461527999999995,0.1105902216809497,-0.47615090579039393,-0.4647831244855967,4109,"{'decomposition': 'legendre', 'n_filters': 12, 'slowest': 0.015468638100899648, 'input_scaling': 0.8216619713233748, 'bias_dist': 'foldnorm', 'bias_scaling': 0.04249382119350724, 'lr': 0.7520411716638045, 'weight_increment': 0.001395793645992084, 'min_window': 19, 'max_window': 32, 'use_full_instance': True, 'max_partners': 20, 'homeostasis': 'mean', 'target': 0.69, 'spread': 0.36000000000000004, 'learning_rate': 0.0003}",ppo,1000,64,0.0003,,,,,,
Autoencode,filterbank+esn,4,1014,13.770216962524655,-0.45076923999999996,0.10463809633600182,-0.4756643498920087,-0.45255615534979426,3649,"{'decomposition': 'legendre', 'n_filters': 12, 'slowest': 0.006397371281320229, 'input_scaling': 0.550142611755141, 'bias_dist': 'foldnorm', 'bias_scaling': 0.07438842372152364, 'lr': 0.6575600610814601, 'sr': 0.8663422541011234, 'rc_connectivity': 0.013579746643157644, 'learning_rate': 0.0003}",ppo,1000,linear,0.0003,,,,,,
Autoencode,filterbank+proj,4,1014,0.0,-0.44307685999999996,0.1024089055857956,-0.47370230607837077,-0.46339820884773664,4100,"{'decomposition': 'legendre', 'n_filters': 12, 'slowest': 0.015468638100899648, 'input_scaling': 0.8216619713233748, 'bias_dist': 'foldnorm', 'bias_scaling': 0.04249382119350724, 'lr': 0.7520411716638045, 'weight_increment': 0.001395793645992084, 'min_window': 19, 'max_window': 32, 'use_full_instance': True, 'max_partners': 20, 'homeostasis': 'mean', 'target': 0.69, 'spread': 0.36000000000000004, 'learning_rate': 0.0003}",ppo,1000,64,0.0003,,,,,,
Autoencode,filterbank+hag,2,1014,3.727810650887574,-0.5,0.0,-0.49983386053687134,-0.5,4291,"{'decomposition': 'legendre', 'n_filters': 12, 'slowest': 0.015468638100899648, 'input_scaling': 0.8216619713233748, 'bias_dist': 'foldnorm', 'bias_scaling': 0.04249382119350724, 'lr': 0.7520411716638045, 'weight_increment': 0.001395793645992084, 'min_window': 19, 'max_window': 32, 'use_full_instance': True, 'max_partners': 20, 'homeostasis': 'mean', 'target': 0.69, 'spread': 0.36000000000000004, 'learning_rate': 0.01}",ppo,1000,64,0.01,,,,,,
Autoencode,filterbank+proj,7,1014,0.0,-0.42307692,0.08970693112125505,-0.473642968631081,-0.4562756872427983,4073,"{'decomposition': 'legendre', 'n_filters': 12, 'slowest': 0.015468638100899648, 'input_scaling': 0.8216619713233748, 'bias_dist': 'foldnorm', 'bias_scaling': 0.04249382119350724, 'lr': 0.7520411716638045, 'weight_increment': 0.001395793645992084, 'min_window': 19, 'max_window': 32, 'use_full_instance': True, 'max_partners': 20, 'homeostasis': 'mean', 'target': 0.69, 'spread': 0.36000000000000004, 'learning_rate': 0.0003}",ppo,1000,64,0.0003,,,,,,
Autoencode,filterbank+proj,0,1014,0.0,-0.41153832000000007,0.12361663749341185,-0.47560896904247657,-0.4635169063786009,4049,"{'decomposition': 'legendre', 'n_filters': 12, 'slowest': 0.015468638100899648, 'input_scaling': 0.8216619713233748, 'bias_dist': 'foldnorm', 'bias_scaling': 0.04249382119350724, 'lr': 0.7520411716638045, 'weight_increment': 0.001395793645992084, 'min_window': 19, 'max_window': 32, 'use_full_instance': True, 'max_partners': 20, 'homeostasis': 'mean', 'target': 0.69, 'spread': 0.36000000000000004, 'learning_rate': 0.001}",ppo,1000,64,0.001,,,,,,
Autoencode,filterbank+hag,7,1014,3.5956607495069033,-0.5,0.0,-0.49970332078576574,-0.5,4165,"{'decomposition': 'legendre', 'n_filters': 12, 'slowest': 0.015468638100899648, 'input_scaling': 0.8216619713233748, 'bias_dist': 'foldnorm', 'bias_scaling': 0.04249382119350724, 'lr': 0.7520411716638045, 'weight_increment': 0.001395793645992084, 'min_window': 19, 'max_window': 32, 'use_full_instance': True, 'max_partners': 20, 'homeostasis': 'mean', 'target': 0.69, 'spread': 0.36000000000000004, 'learning_rate': 0.01}",ppo,1000,64,0.01,,,,,,
Autoencode,filterbank+esn,7,1014,13.770216962524655,-0.42846149999999994,0.09760753590358685,-0.47691040645891186,-0.4636751923868313,3580,"{'decomposition': 'legendre', 'n_filters': 12, 'slowest': 0.006397371281320229, 'input_scaling': 0.550142611755141, 'bias_dist': 'foldnorm', 'bias_scaling': 0.07438842372152364, 'lr': 0.6575600610814601, 'sr': 0.8663422541011234, 'rc_connectivity': 0.013579746643157644, 'learning_rate': 0.0003}",ppo,1000,linear,0.0003,,,,,,
Autoencode,filterbank+proj,9,1014,0.0,-0.43076921999999995,0.0988095211380543,-0.46884466923788953,-0.44650202057613164,4091,"{'decomposition': 'legendre', 'n_filters': 12, 'slowest': 0.015468638100899648, 'input_scaling': 0.8216619713233748, 'bias_dist': 'foldnorm', 'bias_scaling': 0.04249382119350724, 'lr': 0.7520411716638045, 'weight_increment': 0.001395793645992084, 'min_window': 19, 'max_window': 32, 'use_full_instance': True, 'max_partners': 20, 'homeostasis': 'mean', 'target': 0.69, 'spread': 0.36000000000000004, 'learning_rate': 0.0003}",ppo,1000,64,0.0003,,,,,,
Autoencode,filterbank+proj,3,1014,0.0,-0.44153839999999994,0.10269745547500189,-0.47103614182865366,-0.4501819969135803,4078,"{'decomposition': 'legendre', 'n_filters': 12, 'slowest': 0.015468638100899648, 'input_scaling': 0.8216619713233748, 'bias_dist': 'foldnorm', 'bias_scaling': 0.04249382119350724, 'lr': 0.7520411716638045, 'weight_increment': 0.001395793645992084, 'min_window': 19, 'max_window': 32, 'use_full_instance': True, 'max_partners': 20, 'homeostasis': 'mean', 'target': 0.69, 'spread': 0.36000000000000004, 'learning_rate': 0.001}",ppo,1000,64,0.001,,,,,,
Autoencode,filterbank+hag,3,1014,3.6124260355029585,-0.5,0.0,-0.5002689896122595,-0.5,4347,"{'decomposition': 'legendre', 'n_filters': 12, 'slowest': 0.015468638100899648, 'input_scaling': 0.8216619713233748, 'bias_dist': 'foldnorm', 'bias_scaling': 0.04249382119350724, 'lr': 0.7520411716638045, 'weight_increment': 0.001395793645992084, 'min_window': 19, 'max_window': 32, 'use_full_instance': True, 'max_partners': 20, 'homeostasis': 'mean', 'target': 0.69, 'spread': 0.36000000000000004, 'learning_rate': 0.01}",ppo,1000,64,0.01,,,,,,
Autoencode,filterbank+proj,1,1014,0.0,-0.4423075799999999,0.10298800326564059,-0.47518965730741547,-0.464585274691358,4098,"{'decomposition': 'legendre', 'n_filters': 12, 'slowest': 0.015468638100899648, 'input_scaling': 0.8216619713233748, 'bias_dist': 'foldnorm', 'bias_scaling': 0.04249382119350724, 'lr': 0.7520411716638045, 'weight_increment': 0.001395793645992084, 'min_window': 19, 'max_window': 32, 'use_full_instance': True, 'max_partners': 20, 'homeostasis': 'mean', 'target': 0.69, 'spread': 0.36000000000000004, 'learning_rate': 0.001}",ppo,1000,64,0.001,,,,,,
Autoencode,filterbank+proj,8,1014,0.0,-0.44769232000000003,0.08796194973565331,-0.4706801276355034,-0.448084799382716,4117,"{'decomposition': 'legendre', 'n_filters': 12, 'slowest': 0.015468638100899648, 'input_scaling': 0.8216619713233748, 'bias_dist': 'foldnorm', 'bias_scaling': 0.04249382119350724, 'lr': 0.7520411716638045, 'weight_increment': 0.001395793645992084, 'min_window': 19, 'max_window': 32, 'use_full_instance': True, 'max_partners': 20, 'homeostasis': 'mean', 'target': 0.69, 'spread': 0.36000000000000004, 'learning_rate': 0.0003}",ppo,1000,64,0.0003,,,,,,
Autoencode,filterbank+proj,2,1014,0.0,-0.43153832000000003,0.09207987864966807,-0.46668088892317183,-0.4465020174897119,4100,"{'decomposition': 'legendre', 'n_filters': 12, 'slowest': 0.015468638100899648, 'input_scaling': 0.8216619713233748, 'bias_dist': 'foldnorm', 'bias_scaling': 0.04249382119350724, 'lr': 0.7520411716638045, 'weight_increment': 0.001395793645992084, 'min_window': 19, 'max_window': 32, 'use_full_instance': True, 'max_partners': 20, 'homeostasis': 'mean', 'target': 0.69, 'spread': 0.36000000000000004, 'learning_rate': 0.001}",ppo,1000,64,0.001,,,,,,
Autoencode,filterbank+esn,5,1014,13.770216962524655,-0.4453846,0.09793433302922933,-0.47121810459734653,-0.4538619547325103,3687,"{'decomposition': 'legendre', 'n_filters': 12, 'slowest': 0.006397371281320229, 'input_scaling': 0.550142611755141, 'bias_dist': 'foldnorm', 'bias_scaling': 0.07438842372152364, 'lr': 0.6575600610814601, 'sr': 0.8663422541011234, 'rc_connectivity': 0.013579746643157644, 'learning_rate': 0.0003}",ppo,1000,linear,0.0003,,,,,,
Autoencode,filterbank+esn,6,1014,13.770216962524655,-0.4576922399999999,0.10993550535355899,-0.47607970060680865,-0.4624880946502058,3630,"{'decomposition': 'legendre', 'n_filters': 12, 'slowest': 0.006397371281320229, 'input_scaling': 0.550142611755141, 'bias_dist': 'foldnorm', 'bias_scaling': 0.07438842372152364, 'lr': 0.6575600610814601, 'sr': 0.8663422541011234, 'rc_connectivity': 0.013579746643157644, 'learning_rate': 0.0003}",ppo,1000,linear,0.0003,,,,,,
Autoencode,filterbank+hag,4,1014,3.804733727810651,-0.5,0.0,-0.4996914531523192,-0.5,4286,"{'decomposition': 'legendre', 'n_filters': 12, 'slowest': 0.015468638100899648, 'input_scaling': 0.8216619713233748, 'bias_dist': 'foldnorm', 'bias_scaling': 0.04249382119350724, 'lr': 0.7520411716638045, 'weight_increment': 0.001395793645992084, 'min_window': 19, 'max_window': 32, 'use_full_instance': True, 'max_partners': 20, 'homeostasis': 'mean', 'target': 0.69, 'spread': 0.36000000000000004, 'learning_rate': 0.01}",ppo,1000,64,0.01,,,,,,
Autoencode,filterbank+esn,0,1014,13.770216962524655,-0.43692307999999996,0.123738631911435,-0.4534054501697008,-0.4334045061728395,3589,"{'decomposition': 'legendre', 'n_filters': 12, 'slowest': 0.006397371281320229, 'input_scaling': 0.550142611755141, 'bias_dist': 'foldnorm', 'bias_scaling': 0.07438842372152364, 'lr': 0.6575600610814601, 'sr': 0.8663422541011234, 'rc_connectivity': 0.013579746643157644, 'learning_rate': 0.001}",ppo,1000,linear,0.001,,,,,,
Autoencode,filterbank+proj,4,1014,0.0,-0.44846147999999997,0.10193692914920283,-0.47082648914943953,-0.4547720401234568,4093,"{'decomposition': 'legendre', 'n_filters': 12, 'slowest': 0.015468638100899648, 'input_scaling': 0.8216619713233748, 'bias_dist': 'foldnorm', 'bias_scaling': 0.04249382119350724, 'lr': 0.7520411716638045, 'weight_increment': 0.001395793645992084, 'min_window': 19, 'max_window': 32, 'use_full_instance': True, 'max_partners': 20, 'homeostasis': 'mean', 'target': 0.69, 'spread': 0.36000000000000004, 'learning_rate': 0.001}",ppo,1000,64,0.001,,,,,,
Autoencode,filterbank+proj,5,1014,0.0,-0.45846148,0.088658742037825,-0.4704863009359251,-0.4630816471193416,4104,"{'decomposition': 'legendre', 'n_filters': 12, 'slowest': 0.015468638100899648, 'input_scaling': 0.8216619713233748, 'bias_dist': 'foldnorm', 'bias_scaling': 0.04249382119350724, 'lr': 0.7520411716638045, 'weight_increment': 0.001395793645992084, 'min_window': 19, 'max_window': 32, 'use_full_instance': True, 'max_partners': 20, 'homeostasis': 'mean', 'target': 0.69, 'spread': 0.36000000000000004, 'learning_rate': 0.001}",ppo,1000,64,0.001,,,,,,
Autoencode,filterbank+esn,8,1014,13.770216962524655,-0.46461532000000005,0.12207292192594392,-0.4782276676951558,-0.4619341316872428,3639,"{'decomposition': 'legendre', 'n_filters': 12, 'slowest': 0.006397371281320229, 'input_scaling': 0.550142611755141, 'bias_dist': 'foldnorm', 'bias_scaling': 0.07438842372152364, 'lr': 0.6575600610814601, 'sr': 0.8663422541011234, 'rc_connectivity': 0.013579746643157644, 'learning_rate': 0.0003}",ppo,1000,linear,0.0003,,,,,,
Autoencode,filterbank+hag,9,1014,3.826429980276134,-0.5,0.0,-0.5001107607734239,-0.5,4275,"{'decomposition': 'legendre', 'n_filters': 12, 'slowest': 0.015468638100899648, 'input_scaling': 0.8216619713233748, 'bias_dist': 'foldnorm', 'bias_scaling': 0.04249382119350724, 'lr': 0.7520411716638045, 'weight_increment': 0.001395793645992084, 'min_window': 19, 'max_window': 32, 'use_full_instance': True, 'max_partners': 20, 'homeostasis': 'mean', 'target': 0.69, 'spread': 0.36000000000000004, 'learning_rate': 0.01}",ppo,1000,64,0.01,,,,,,
Autoencode,filterbank+esn,1,1014,13.770216962524655,-0.42999998,0.10788173852779531,-0.4510241000719942,-0.4249761810699589,3618,"{'decomposition': 'legendre', 'n_filters': 12, 'slowest': 0.006397371281320229, 'input_scaling': 0.550142611755141, 'bias_dist': 'foldnorm', 'bias_scaling': 0.07438842372152364, 'lr': 0.6575600610814601, 'sr': 0.8663422541011234, 'rc_connectivity': 0.013579746643157644, 'learning_rate': 0.001}",ppo,1000,linear,0.001,,,,,,
Autoencode,filterbank+proj,7,1014,0.0,-0.46230762,0.11602141709079233,-0.4740345928211457,-0.4684631049382716,4081,"{'decomposition': 'legendre', 'n_filters': 12, 'slowest': 0.015468638100899648, 'input_scaling': 0.8216619713233748, 'bias_dist': 'foldnorm', 'bias_scaling': 0.04249382119350724, 'lr': 0.7520411716638045, 'weight_increment': 0.001395793645992084, 'min_window': 19, 'max_window': 32, 'use_full_instance': True, 'max_partners': 20, 'homeostasis': 'mean', 'target': 0.69, 'spread': 0.36000000000000004, 'learning_rate': 0.001}",ppo,1000,64,0.001,,,,,,
Autoencode,filterbank+esn,9,1014,13.770216962524655,-0.4392307,0.09913539596839265,-0.4752687710583153,-0.46023264094650207,3641,"{'decomposition': 'legendre', 'n_filters': 12, 'slowest': 0.006397371281320229, 'input_scaling': 0.550142611755141, 'bias_dist': 'foldnorm', 'bias_scaling': 0.07438842372152364, 'lr': 0.6575600610814601, 'sr': 0.8663422541011234, 'rc_connectivity': 0.013579746643157644, 'learning_rate': 0.0003}",ppo,1000,linear,0.0003,,,,,,
Autoencode,filterbank+hag,6,1014,3.559171597633136,-0.5,0.0,-0.5004667760979122,-0.5,4334,"{'decomposition': 'legendre', 'n_filters': 12, 'slowest': 0.015468638100899648, 'input_scaling': 0.8216619713233748, 'bias_dist': 'foldnorm', 'bias_scaling': 0.04249382119350724, 'lr': 0.7520411716638045, 'weight_increment': 0.001395793645992084, 'min_window': 19, 'max_window': 32, 'use_full_instance': True, 'max_partners': 20, 'homeostasis': 'mean', 'target': 0.69, 'spread': 0.36000000000000004, 'learning_rate': 0.01}",ppo,1000,64,0.01,,,,,,
Autoencode,filterbank+hag,8,1014,3.7189349112426036,-0.5,0.0,-0.49997231091226985,-0.5,4330,"{'decomposition': 'legendre', 'n_filters': 12, 'slowest': 0.015468638100899648, 'input_scaling': 0.8216619713233748, 'bias_dist': 'foldnorm', 'bias_scaling': 0.04249382119350724, 'lr': 0.7520411716638045, 'weight_increment': 0.001395793645992084, 'min_window': 19, 'max_window': 32, 'use_full_instance': True, 'max_partners': 20, 'homeostasis': 'mean', 'target': 0.69, 'spread': 0.36000000000000004, 'learning_rate': 0.01}",ppo,1000,64,0.01,,,,,,
Autoencode,filterbank+proj,8,1014,0.0,-0.46461536000000003,0.11534362876184535,-0.4726935953923686,-0.45603828292181076,4121,"{'decomposition': 'legendre', 'n_filters': 12, 'slowest': 0.015468638100899648, 'input_scaling': 0.8216619713233748, 'bias_dist': 'foldnorm', 'bias_scaling': 0.04249382119350724, 'lr': 0.7520411716638045, 'weight_increment': 0.001395793645992084, 'min_window': 19, 'max_window': 32, 'use_full_instance': True, 'max_partners': 20, 'homeostasis': 'mean', 'target': 0.69, 'spread': 0.36000000000000004, 'learning_rate': 0.001}",ppo,1000,64,0.001,,,,,,
Autoencode,filterbank+proj,9,1014,0.0,-0.4330769,0.09724311198480846,-0.46840954335081764,-0.4460271944444445,4115,"{'decomposition': 'legendre', 'n_filters': 12, 'slowest': 0.015468638100899648, 'input_scaling': 0.8216619713233748, 'bias_dist': 'foldnorm', 'bias_scaling': 0.04249382119350724, 'lr': 0.7520411716638045, 'weight_increment': 0.001395793645992084, 'min_window': 19, 'max_window': 32, 'use_full_instance': True, 'max_partners': 20, 'homeostasis': 'mean', 'target': 0.69, 'spread': 0.36000000000000004, 'learning_rate': 0.001}",ppo,1000,64,0.001,,,,,,
Autoencode,filterbank+hag,5,1014,3.6025641025641026,-0.5,0.0,-0.5001305374884295,-0.5,4369,"{'decomposition': 'legendre', 'n_filters': 12, 'slowest': 0.015468638100899648, 'input_scaling': 0.8216619713233748, 'bias_dist': 'foldnorm', 'bias_scaling': 0.04249382119350724, 'lr': 0.7520411716638045, 'weight_increment': 0.001395793645992084, 'min_window': 19, 'max_window': 32, 'use_full_instance': True, 'max_partners': 20, 'homeostasis': 'mean', 'target': 0.69, 'spread': 0.36000000000000004, 'learning_rate': 0.01}",ppo,1000,64,0.01,,,,,,
Autoencode,filterbank+proj,0,1014,0.0,-0.5,0.0,-0.4998971518049985,-0.5,4139,"{'decomposition': 'legendre', 'n_filters': 12, 'slowest': 0.015468638100899648, 'input_scaling': 0.8216619713233748, 'bias_dist': 'foldnorm', 'bias_scaling': 0.04249382119350724, 'lr': 0.7520411716638045, 'weight_increment': 0.001395793645992084, 'min_window': 19, 'max_window': 32, 'use_full_instance': True, 'max_partners': 20, 'homeostasis': 'mean', 'target': 0.69, 'spread': 0.36000000000000004, 'learning_rate': 0.003}",ppo,1000,64,0.003,,,,,,
Autoencode,filterbank+proj,6,1014,0.0,-0.44461532,0.13569025662182824,-0.47436687442147485,-0.4520021759259259,4164,"{'decomposition': 'legendre', 'n_filters': 12, 'slowest': 0.015468638100899648, 'input_scaling': 0.8216619713233748, 'bias_dist': 'foldnorm', 'bias_scaling': 0.04249382119350724, 'lr': 0.7520411716638045, 'weight_increment': 0.001395793645992084, 'min_window': 19, 'max_window': 32, 'use_full_instance': True, 'max_partners': 20, 'homeostasis': 'mean', 'target': 0.69, 'spread': 0.36000000000000004, 'learning_rate': 0.001}",ppo,1000,64,0.001,,,,,,
Autoencode,filterbank+esn,4,1014,13.770216962524655,-0.46153836000000004,0.11991123097404346,-0.45596876786999896,-0.44499837860082303,3572,"{'decomposition': 'legendre', 'n_filters': 12, 'slowest': 0.006397371281320229, 'input_scaling': 0.550142611755141, 'bias_dist': 'foldnorm', 'bias_scaling': 0.07438842372152364, 'lr': 0.6575600610814601, 'sr': 0.8663422541011234, 'rc_connectivity': 0.013579746643157644, 'learning_rate': 0.001}",ppo,1000,linear,0.001,,,,,,
Autoencode,filterbank+proj,4,1014,0.0,-0.5,0.0,-0.5003362390208783,-0.5015036378600823,4117,"{'decomposition': 'legendre', 'n_filters': 12, 'slowest': 0.015468638100899648, 'input_scaling': 0.8216619713233748, 'bias_dist': 'foldnorm', 'bias_scaling': 0.04249382119350724, 'lr': 0.7520411716638045, 'weight_increment': 0.001395793645992084, 'min_window': 19, 'max_window': 32, 'use_full_instance': True, 'max_partners': 20, 'homeostasis': 'mean', 'target': 0.69, 'spread': 0.36000000000000004, 'learning_rate': 0.003}",ppo,1000,64,0.003,,,,,,
Autoencode,filterbank+proj,7,1014,0.0,-0.5,0.0,-0.4990862262676129,-0.5,4093,"{'decomposition': 'legendre', 'n_filters': 12, 'slowest': 0.015468638100899648, 'input_scaling': 0.8216619713233748, 'bias_dist': 'foldnorm', 'bias_scaling': 0.04249382119350724, 'lr': 0.7520411716638045, 'weight_increment': 0.001395793645992084, 'min_window': 19, 'max_window': 32, 'use_full_instance': True, 'max_partners': 20, 'homeostasis': 'mean', 'target': 0.69, 'spread': 0.36000000000000004, 'learning_rate': 0.003}",ppo,1000,64,0.003,,,,,,
Autoencode,filterbank+esn,3,1014,13.770216962524655,-0.43153837999999994,0.09647334773788872,-0.4579703619253317,-0.4433364557613169,3643,"{'decomposition': 'legendre', 'n_filters': 12, 'slowest': 0.006397371281320229, 'input_scaling': 0.550142611755141, 'bias_dist': 'foldnorm', 'bias_scaling': 0.07438842372152364, 'lr': 0.6575600610814601, 'sr': 0.8663422541011234, 'rc_connectivity': 0.013579746643157644, 'learning_rate': 0.001}",ppo,1000,linear,0.001,,,,,,
Autoencode,filterbank+proj,1,1014,0.0,-0.5,0.0,-0.4972151709348966,-0.5000791399176955,4149,"{'decomposition': 'legendre', 'n_filters': 12, 'slowest': 0.015468638100899648, 'input_scaling': 0.8216619713233748, 'bias_dist': 'foldnorm', 'bias_scaling': 0.04249382119350724, 'lr': 0.7520411716638045, 'weight_increment': 0.001395793645992084, 'min_window': 19, 'max_window': 32, 'use_full_instance': True, 'max_partners': 20, 'homeostasis': 'mean', 'target': 0.69, 'spread': 0.36000000000000004, 'learning_rate': 0.003}",ppo,1000,64,0.003,,,,,,
Autoencode,filterbank+proj,2,1014,0.0,-0.5,0.0,-0.5001186740717884,-0.5,4140,"{'decomposition': 'legendre', 'n_filters': 12, 'slowest': 0.015468638100899648, 'input_scaling': 0.8216619713233748, 'bias_dist': 'foldnorm', 'bias_scaling': 0.04249382119350724, 'lr': 0.7520411716638045, 'weight_increment': 0.001395793645992084, 'min_window': 19, 'max_window': 32, 'use_full_instance': True, 'max_partners': 20, 'homeostasis': 'mean', 'target': 0.69, 'spread': 0.36000000000000004, 'learning_rate': 0.003}",ppo,1000,64,0.003,,,,,,
Autoencode,filterbank+proj,8,1014,0.0,-0.5,0.0,-0.5000197803147176,-0.5,4101,"{'decomposition': 'legendre', 'n_filters': 12, 'slowest': 0.015468638100899648, 'input_scaling': 0.8216619713233748, 'bias_dist': 'foldnorm', 'bias_scaling': 0.04249382119350724, 'lr': 0.7520411716638045, 'weight_increment': 0.001395793645992084, 'min_window': 19, 'max_window': 32, 'use_full_instance': True, 'max_partners': 20, 'homeostasis': 'mean', 'target': 0.69, 'spread': 0.36000000000000004, 'learning_rate': 0.003}",ppo,1000,64,0.003,,,,,,
Autoencode,filterbank+esn,2,1014,13.770216962524655,-0.4261538,0.08594756307028141,-0.45944980664403995,-0.44527536111111116,3679,"{'decomposition': 'legendre', 'n_filters': 12, 'slowest': 0.006397371281320229, 'input_scaling': 0.550142611755141, 'bias_dist': 'foldnorm', 'bias_scaling': 0.07438842372152364, 'lr': 0.6575600610814601, 'sr': 0.8663422541011234, 'rc_connectivity': 0.013579746643157644, 'learning_rate': 0.001}",ppo,1000,linear,0.001,,,,,,
Autoencode,filterbank+proj,6,1014,0.0,-0.5,0.0,-0.5008465291576675,-0.5,4142,"{'decomposition': 'legendre', 'n_filters': 12, 'slowest': 0.015468638100899648, 'input_scaling': 0.8216619713233748, 'bias_dist': 'foldnorm', 'bias_scaling': 0.04249382119350724, 'lr': 0.7520411716638045, 'weight_increment': 0.001395793645992084, 'min_window': 19, 'max_window': 32, 'use_full_instance': True, 'max_partners': 20, 'homeostasis': 'mean', 'target': 0.69, 'spread': 0.36000000000000004, 'learning_rate': 0.003}",ppo,1000,64,0.003,,,,,,
Autoencode,filterbank+proj,5,1014,0.0,-0.5,0.0,-0.500316461894477,-0.5,4170,"{'decomposition': 'legendre', 'n_filters': 12, 'slowest': 0.015468638100899648, 'input_scaling': 0.8216619713233748, 'bias_dist': 'foldnorm', 'bias_scaling': 0.04249382119350724, 'lr': 0.7520411716638045, 'weight_increment': 0.001395793645992084, 'min_window': 19, 'max_window': 32, 'use_full_instance': True, 'max_partners': 20, 'homeostasis': 'mean', 'target': 0.69, 'spread': 0.36000000000000004, 'learning_rate': 0.003}",ppo,1000,64,0.003,,,,,,
Autoencode,filterbank+proj,3,1014,0.0,-0.5,0.0,-0.500300636120539,-0.5,4202,"{'decomposition': 'legendre', 'n_filters': 12, 'slowest': 0.015468638100899648, 'input_scaling': 0.8216619713233748, 'bias_dist': 'foldnorm', 'bias_scaling': 0.04249382119350724, 'lr': 0.7520411716638045, 'weight_increment': 0.001395793645992084, 'min_window': 19, 'max_window': 32, 'use_full_instance': True, 'max_partners': 20, 'homeostasis': 'mean', 'target': 0.69, 'spread': 0.36000000000000004, 'learning_rate': 0.003}",ppo,1000,64,0.003,,,,,,
Autoencode,filterbank+esn,5,1014,13.770216962524655,-0.40384612000000003,0.11233139792001877,-0.45875755651547884,-0.43997306275720166,3629,"{'decomposition': 'legendre', 'n_filters': 12, 'slowest': 0.006397371281320229, 'input_scaling': 0.550142611755141, 'bias_dist': 'foldnorm', 'bias_scaling': 0.07438842372152364, 'lr': 0.6575600610814601, 'sr': 0.8663422541011234, 'rc_connectivity': 0.013579746643157644, 'learning_rate': 0.001}",ppo,1000,linear,0.001,,,,,,
Autoencode,filterbank+proj,9,1014,0.0,-0.5000000000000001,0.037684664846592435,-0.4964635757482259,-0.49311490432098765,4203,"{'decomposition': 'legendre', 'n_filters': 12, 'slowest': 0.015468638100899648, 'input_scaling': 0.8216619713233748, 'bias_dist': 'foldnorm', 'bias_scaling': 0.04249382119350724, 'lr': 0.7520411716638045, 'weight_increment': 0.001395793645992084, 'min_window': 19, 'max_window': 32, 'use_full_instance': True, 'max_partners': 20, 'homeostasis': 'mean', 'target': 0.69, 'spread': 0.36000000000000004, 'learning_rate': 0.003}",ppo,1000,64,0.003,,,,,,
Autoencode,filterbank+proj,0,1014,0.0,-0.5,0.0,-0.4995925603208886,-0.5,4205,"{'decomposition': 'legendre', 'n_filters': 12, 'slowest': 0.015468638100899648, 'input_scaling': 0.8216619713233748, 'bias_dist': 'foldnorm', 'bias_scaling': 0.04249382119350724, 'lr': 0.7520411716638045, 'weight_increment': 0.001395793645992084, 'min_window': 19, 'max_window': 32, 'use_full_instance': True, 'max_partners': 20, 'homeostasis': 'mean', 'target': 0.69, 'spread': 0.36000000000000004, 'learning_rate': 0.01}",ppo,1000,64,0.01,,,,,,
Autoencode,filterbank+proj,4,1014,0.0,-0.5,0.0,-0.49995648750385685,-0.5,4199,"{'decomposition': 'legendre', 'n_filters': 12, 'slowest': 0.015468638100899648, 'input_scaling': 0.8216619713233748, 'bias_dist': 'foldnorm', 'bias_scaling': 0.04249382119350724, 'lr': 0.7520411716638045, 'weight_increment': 0.001395793645992084, 'min_window': 19, 'max_window': 32, 'use_full_instance': True, 'max_partners': 20, 'homeostasis': 'mean', 'target': 0.69, 'spread': 0.36000000000000004, 'learning_rate': 0.01}",ppo,1000,64,0.01,,,,,,
Autoencode,filterbank+proj,2,1014,0.0,-0.5,0.0,-0.4999287965648463,-0.5,4229,"{'decomposition': 'legendre', 'n_filters': 12, 'slowest': 0.015468638100899648, 'input_scaling': 0.8216619713233748, 'bias_dist': 'foldnorm', 'bias_scaling': 0.04249382119350724, 'lr': 0.7520411716638045, 'weight_increment': 0.001395793645992084, 'min_window': 19, 'max_window': 32, 'use_full_instance': True, 'max_partners': 20, 'homeostasis': 'mean', 'target': 0.69, 'spread': 0.36000000000000004, 'learning_rate': 0.01}",ppo,1000,64,0.01,,,,,,
Autoencode,filterbank+proj,3,1014,0.0,-0.5,0.0,-0.5002887683842435,-0.5,4228,"{'decomposition': 'legendre', 'n_filters': 12, 'slowest': 0.015468638100899648, 'input_scaling': 0.8216619713233748, 'bias_dist': 'foldnorm', 'bias_scaling': 0.04249382119350724, 'lr': 0.7520411716638045, 'weight_increment': 0.001395793645992084, 'min_window': 19, 'max_window': 32, 'use_full_instance': True, 'max_partners': 20, 'homeostasis': 'mean', 'target': 0.69, 'spread': 0.36000000000000004, 'learning_rate': 0.01}",ppo,1000,64,0.01,,,,,,
Autoencode,filterbank+proj,5,1014,0.0,-0.5,0.0,-0.4997112307929651,-0.5,4231,"{'decomposition': 'legendre', 'n_filters': 12, 'slowest': 0.015468638100899648, 'input_scaling': 0.8216619713233748, 'bias_dist': 'foldnorm', 'bias_scaling': 0.04249382119350724, 'lr': 0.7520411716638045, 'weight_increment': 0.001395793645992084, 'min_window': 19, 'max_window': 32, 'use_full_instance': True, 'max_partners': 20, 'homeostasis': 'mean', 'target': 0.69, 'spread': 0.36000000000000004, 'learning_rate': 0.01}",ppo,1000,64,0.01,,,,,,
Autoencode,filterbank+proj,6,1014,0.0,-0.5,0.0,-0.5001661405944667,-0.5,4233,"{'decomposition': 'legendre', 'n_filters': 12, 'slowest': 0.015468638100899648, 'input_scaling': 0.8216619713233748, 'bias_dist': 'foldnorm', 'bias_scaling': 0.04249382119350724, 'lr': 0.7520411716638045, 'weight_increment': 0.001395793645992084, 'min_window': 19, 'max_window': 32, 'use_full_instance': True, 'max_partners': 20, 'homeostasis': 'mean', 'target': 0.69, 'spread': 0.36000000000000004, 'learning_rate': 0.01}",ppo,1000,64,0.01,,,,,,
Autoencode,filterbank+proj,7,1014,0.0,-0.5,0.0,-0.4998378165175358,-0.5,4248,"{'decomposition': 'legendre', 'n_filters': 12, 'slowest': 0.015468638100899648, 'input_scaling': 0.8216619713233748, 'bias_dist': 'foldnorm', 'bias_scaling': 0.04249382119350724, 'lr': 0.7520411716638045, 'weight_increment': 0.001395793645992084, 'min_window': 19, 'max_window': 32, 'use_full_instance': True, 'max_partners': 20, 'homeostasis': 'mean', 'target': 0.69, 'spread': 0.36000000000000004, 'learning_rate': 0.01}",ppo,1000,64,0.01,,,,,,
Autoencode,filterbank+proj,1,1014,0.0,-0.5,0.0,-0.5004034843155405,-0.5,4297,"{'decomposition': 'legendre', 'n_filters': 12, 'slowest': 0.015468638100899648, 'input_scaling': 0.8216619713233748, 'bias_dist': 'foldnorm', 'bias_scaling': 0.04249382119350724, 'lr': 0.7520411716638045, 'weight_increment': 0.001395793645992084, 'min_window': 19, 'max_window': 32, 'use_full_instance': True, 'max_partners': 20, 'homeostasis': 'mean', 'target': 0.69, 'spread': 0.36000000000000004, 'learning_rate': 0.01}",ppo,1000,64,0.01,,,,,,
Autoencode,filterbank+proj,9,1014,0.0,-0.5,0.0,-0.5002254767047208,-0.5,4275,"{'decomposition': 'legendre', 'n_filters': 12, 'slowest': 0.015468638100899648, 'input_scaling': 0.8216619713233748, 'bias_dist': 'foldnorm', 'bias_scaling': 0.04249382119350724, 'lr': 0.7520411716638045, 'weight_increment': 0.001395793645992084, 'min_window': 19, 'max_window': 32, 'use_full_instance': True, 'max_partners': 20, 'homeostasis': 'mean', 'target': 0.69, 'spread': 0.36000000000000004, 'learning_rate': 0.01}",ppo,1000,64,0.01,,,,,,
Autoencode,filterbank+proj,8,1014,0.0,-0.5,0.0,-0.500446998868662,-0.5,4333,"{'decomposition': 'legendre', 'n_filters': 12, 'slowest': 0.015468638100899648, 'input_scaling': 0.8216619713233748, 'bias_dist': 'foldnorm', 'bias_scaling': 0.04249382119350724, 'lr': 0.7520411716638045, 'weight_increment': 0.001395793645992084, 'min_window': 19, 'max_window': 32, 'use_full_instance': True, 'max_partners': 20, 'homeostasis': 'mean', 'target': 0.69, 'spread': 0.36000000000000004, 'learning_rate': 0.01}",ppo,1000,64,0.01,,,,,,
Autoencode,filterbank+esn,6,1014,13.770216962524655,-0.47307686000000004,0.10007400888602594,-0.47068012917823715,-0.45833329835390946,3618,"{'decomposition': 'legendre', 'n_filters': 12, 'slowest': 0.006397371281320229, 'input_scaling': 0.550142611755141, 'bias_dist': 'foldnorm', 'bias_scaling': 0.07438842372152364, 'lr': 0.6575600610814601, 'sr': 0.8663422541011234, 'rc_connectivity': 0.013579746643157644, 'learning_rate': 0.001}",ppo,1000,linear,0.001,,,,,,
Autoencode,filterbank+esn,1,1014,13.770216962524655,-0.47769234,0.09392509364735496,-0.4769539144297028,-0.47463594032921813,3583,"{'decomposition': 'legendre', 'n_filters': 12, 'slowest': 0.006397371281320229, 'input_scaling': 0.550142611755141, 'bias_dist': 'foldnorm', 'bias_scaling': 0.07438842372152364, 'lr': 0.6575600610814601, 'sr': 0.8663422541011234, 'rc_connectivity': 0.013579746643157644, 'learning_rate': 0.003}",ppo,1000,linear,0.003,,,,,,
Autoencode,filterbank+esn,3,1014,13.770216962524655,-0.46846156,0.09156440839827666,-0.4674562002468373,-0.4514086183127572,3565,"{'decomposition': 'legendre', 'n_filters': 12, 'slowest': 0.006397371281320229, 'input_scaling': 0.550142611755141, 'bias_dist': 'foldnorm', 'bias_scaling': 0.07438842372152364, 'lr': 0.6575600610814601, 'sr': 0.8663422541011234, 'rc_connectivity': 0.013579746643157644, 'learning_rate': 0.003}",ppo,1000,linear,0.003,,,,,,
Autoencode,filterbank+esn,8,1014,13.770216962524655,-0.45999987999999997,0.10985743471529635,-0.4587891987041037,-0.444365279835391,3645,"{'decomposition': 'legendre', 'n_filters': 12, 'slowest': 0.006397371281320229, 'input_scaling': 0.550142611755141, 'bias_dist': 'foldnorm', 'bias_scaling': 0.07438842372152364, 'lr': 0.6575600610814601, 'sr': 0.8663422541011234, 'rc_connectivity': 0.013579746643157644, 'learning_rate': 0.001}",ppo,1000,linear,0.001,,,,,,
Autoencode,filterbank+esn,5,1014,13.770216962524655,-0.46384609999999993,0.11289891803028938,-0.46521330206726325,-0.4530309825102881,3593,"{'decomposition': 'legendre', 'n_filters': 12, 'slowest': 0.006397371281320229, 'input_scaling': 0.550142611755141, 'bias_dist': 'foldnorm', 'bias_scaling': 0.07438842372152364, 'lr': 0.6575600610814601, 'sr': 0.8663422541011234, 'rc_connectivity': 0.013579746643157644, 'learning_rate': 0.003}",ppo,1000,linear,0.003,,,,,,
Autoencode,filterbank+esn,0,1014,13.770216962524655,-0.42692302,0.1112730320288775,-0.4637299024992287,-0.46363559567901236,3636,"{'decomposition': 'legendre', 'n_filters': 12, 'slowest': 0.006397371281320229, 'input_scaling': 0.550142611755141, 'bias_dist': 'foldnorm', 'bias_scaling': 0.07438842372152364, 'lr': 0.6575600610814601, 'sr': 0.8663422541011234, 'rc_connectivity': 0.013579746643157644, 'learning_rate': 0.003}",ppo,1000,linear,0.003,,,,,,
Autoencode,filterbank+esn,4,1014,13.770216962524655,-0.4861538,0.12843169952889355,-0.45947750426823,-0.4582937469135803,3620,"{'decomposition': 'legendre', 'n_filters': 12, 'slowest': 0.006397371281320229, 'input_scaling': 0.550142611755141, 'bias_dist': 'foldnorm', 'bias_scaling': 0.07438842372152364, 'lr': 0.6575600610814601, 'sr': 0.8663422541011234, 'rc_connectivity': 0.013579746643157644, 'learning_rate': 0.003}",ppo,1000,linear,0.003,,,,,,
Autoencode,filterbank+esn,7,1014,13.770216962524655,-0.47230774,0.1186812409820204,-0.47112316970070967,-0.4599556625514403,3616,"{'decomposition': 'legendre', 'n_filters': 12, 'slowest': 0.006397371281320229, 'input_scaling': 0.550142611755141, 'bias_dist': 'foldnorm', 'bias_scaling': 0.07438842372152364, 'lr': 0.6575600610814601, 'sr': 0.8663422541011234, 'rc_connectivity': 0.013579746643157644, 'learning_rate': 0.003}",ppo,1000,linear,0.003,,,,,,
Autoencode,filterbank+esn,9,1014,13.770216962524655,-0.45923077999999995,0.11078273017150099,-0.4623374879152525,-0.4454732191358025,3686,"{'decomposition': 'legendre', 'n_filters': 12, 'slowest': 0.006397371281320229, 'input_scaling': 0.550142611755141, 'bias_dist': 'foldnorm', 'bias_scaling': 0.07438842372152364, 'lr': 0.6575600610814601, 'sr': 0.8663422541011234, 'rc_connectivity': 0.013579746643157644, 'learning_rate': 0.001}",ppo,1000,linear,0.001,,,,,,
Autoencode,filterbank+esn,7,1014,13.770216962524655,-0.4523077,0.09837746903783405,-0.4565383875347116,-0.4367283333333334,3705,"{'decomposition': 'legendre', 'n_filters': 12, 'slowest': 0.006397371281320229, 'input_scaling': 0.550142611755141, 'bias_dist': 'foldnorm', 'bias_scaling': 0.07438842372152364, 'lr': 0.6575600610814601, 'sr': 0.8663422541011234, 'rc_connectivity': 0.013579746643157644, 'learning_rate': 0.001}",ppo,1000,linear,0.001,,,,,,
Autoencode,filterbank+esn,2,1014,13.770216962524655,-0.4907692,0.11293830289357104,-0.48060505132160863,-0.47499205041152265,3657,"{'decomposition': 'legendre', 'n_filters': 12, 'slowest': 0.006397371281320229, 'input_scaling': 0.550142611755141, 'bias_dist': 'foldnorm', 'bias_scaling': 0.07438842372152364, 'lr': 0.6575600610814601, 'sr': 0.8663422541011234, 'rc_connectivity': 0.013579746643157644, 'learning_rate': 0.003}",ppo,1000,linear,0.003,,,,,,
Autoencode,filterbank+esn,3,1014,13.770216962524655,-0.5,0.0,-0.4996518954026535,-0.5,3603,"{'decomposition': 'legendre', 'n_filters': 12, 'slowest': 0.006397371281320229, 'input_scaling': 0.550142611755141, 'bias_dist': 'foldnorm', 'bias_scaling': 0.07438842372152364, 'lr': 0.6575600610814601, 'sr': 0.8663422541011234, 'rc_connectivity': 0.013579746643157644, 'learning_rate': 0.01}",ppo,1000,linear,0.01,,,,,,
Autoencode,filterbank+esn,9,1014,13.770216962524655,-0.4761538,0.10544087179021236,-0.4701184157153142,-0.46110317078189306,3645,"{'decomposition': 'legendre', 'n_filters': 12, 'slowest': 0.006397371281320229, 'input_scaling': 0.550142611755141, 'bias_dist': 'foldnorm', 'bias_scaling': 0.07438842372152364, 'lr': 0.6575600610814601, 'sr': 0.8663422541011234, 'rc_connectivity': 0.013579746643157644, 'learning_rate': 0.003}",ppo,1000,linear,0.003,,,,,,
Autoencode,filterbank+esn,8,1014,13.770216962524655,-0.48923074,0.07958482927664291,-0.4733106805512702,-0.47174733024691357,3653,"{'decomposition': 'legendre', 'n_filters': 12, 'slowest': 0.006397371281320229, 'input_scaling': 0.550142611755141, 'bias_dist': 'foldnorm', 'bias_scaling': 0.07438842372152364, 'lr': 0.6575600610814601, 'sr': 0.8663422541011234, 'rc_connectivity': 0.013579746643157644, 'learning_rate': 0.003}",ppo,1000,linear,0.003,,,,,,
Autoencode,filterbank+esn,0,1014,13.770216962524655,-0.5,0.0,-0.4998140805307005,-0.5,3643,"{'decomposition': 'legendre', 'n_filters': 12, 'slowest': 0.006397371281320229, 'input_scaling': 0.550142611755141, 'bias_dist': 'foldnorm', 'bias_scaling': 0.07438842372152364, 'lr': 0.6575600610814601, 'sr': 0.8663422541011234, 'rc_connectivity': 0.013579746643157644, 'learning_rate': 0.01}",ppo,1000,linear,0.01,,,,,,
Autoencode,filterbank+esn,4,1014,13.770216962524655,-0.5,0.0,-0.5001621851280469,-0.5,3606,"{'decomposition': 'legendre', 'n_filters': 12, 'slowest': 0.006397371281320229, 'input_scaling': 0.550142611755141, 'bias_dist': 'foldnorm', 'bias_scaling': 0.07438842372152364, 'lr': 0.6575600610814601, 'sr': 0.8663422541011234, 'rc_connectivity': 0.013579746643157644, 'learning_rate': 0.01}",ppo,1000,linear,0.01,,,,,,
Autoencode,filterbank+esn,6,1014,13.770216962524655,-0.48461541999999996,0.09262775230525461,-0.4723217558366759,-0.46573280349794244,3676,"{'decomposition': 'legendre', 'n_filters': 12, 'slowest': 0.006397371281320229, 'input_scaling': 0.550142611755141, 'bias_dist': 'foldnorm', 'bias_scaling': 0.07438842372152364, 'lr': 0.6575600610814601, 'sr': 0.8663422541011234, 'rc_connectivity': 0.013579746643157644, 'learning_rate': 0.003}",ppo,1000,linear,0.003,,,,,,
Autoencode,filterbank+esn,1,1014,13.770216962524655,-0.5,0.0,-0.5004905116733518,-0.5,3659,"{'decomposition': 'legendre', 'n_filters': 12, 'slowest': 0.006397371281320229, 'input_scaling': 0.550142611755141, 'bias_dist': 'foldnorm', 'bias_scaling': 0.07438842372152364, 'lr': 0.6575600610814601, 'sr': 0.8663422541011234, 'rc_connectivity': 0.013579746643157644, 'learning_rate': 0.01}",ppo,1000,linear,0.01,,,,,,
Autoencode,filterbank+esn,6,1014,13.770216962524655,-0.5,0.0,-0.4999683541088142,-0.5,3618,"{'decomposition': 'legendre', 'n_filters': 12, 'slowest': 0.006397371281320229, 'input_scaling': 0.550142611755141, 'bias_dist': 'foldnorm', 'bias_scaling': 0.07438842372152364, 'lr': 0.6575600610814601, 'sr': 0.8663422541011234, 'rc_connectivity': 0.013579746643157644, 'learning_rate': 0.01}",ppo,1000,linear,0.01,,,,,,
Autoencode,filterbank+esn,7,1014,13.770216962524655,-0.5,0.0,-0.5000632919880695,-0.5,3627,"{'decomposition': 'legendre', 'n_filters': 12, 'slowest': 0.006397371281320229, 'input_scaling': 0.550142611755141, 'bias_dist': 'foldnorm', 'bias_scaling': 0.07438842372152364, 'lr': 0.6575600610814601, 'sr': 0.8663422541011234, 'rc_connectivity': 0.013579746643157644, 'learning_rate': 0.01}",ppo,1000,linear,0.01,,,,,,
Autoencode,filterbank+esn,2,1014,13.770216962524655,-0.5,0.0,-0.4999643985395454,-0.5,3657,"{'decomposition': 'legendre', 'n_filters': 12, 'slowest': 0.006397371281320229, 'input_scaling': 0.550142611755141, 'bias_dist': 'foldnorm', 'bias_scaling': 0.07438842372152364, 'lr': 0.6575600610814601, 'sr': 0.8663422541011234, 'rc_connectivity': 0.013579746643157644, 'learning_rate': 0.01}",ppo,1000,linear,0.01,,,,,,
Autoencode,filterbank+esn,9,1014,13.770216962524655,-0.5,0.0,-0.49928401275326545,-0.5,3640,"{'decomposition': 'legendre', 'n_filters': 12, 'slowest': 0.006397371281320229, 'input_scaling': 0.550142611755141, 'bias_dist': 'foldnorm', 'bias_scaling': 0.07438842372152364, 'lr': 0.6575600610814601, 'sr': 0.8663422541011234, 'rc_connectivity': 0.013579746643157644, 'learning_rate': 0.01}",ppo,1000,linear,0.01,,,,,,
Autoencode,filterbank+esn,8,1014,13.770216962524655,-0.5,0.0,-0.4994738885117762,-0.5,3662,"{'decomposition': 'legendre', 'n_filters': 12, 'slowest': 0.006397371281320229, 'input_scaling': 0.550142611755141, 'bias_dist': 'foldnorm', 'bias_scaling': 0.07438842372152364, 'lr': 0.6575600610814601, 'sr': 0.8663422541011234, 'rc_connectivity': 0.013579746643157644, 'learning_rate': 0.01}",ppo,1000,linear,0.01,,,,,,
Autoencode,filterbank+hag,1,1014,3.8037475345167655,-0.47538455999999996,0.08863205770017075,-0.47539535256608034,-0.45880811213991773,3655,"{'decomposition': 'legendre', 'n_filters': 12, 'slowest': 0.015468638100899648, 'input_scaling': 0.8216619713233748, 'bias_dist': 'foldnorm', 'bias_scaling': 0.04249382119350724, 'lr': 0.7520411716638045, 'weight_increment': 0.001395793645992084, 'min_window': 19, 'max_window': 32, 'use_full_instance': True, 'max_partners': 20, 'homeostasis': 'mean', 'target': 0.69, 'spread': 0.36000000000000004, 'learning_rate': 0.0003}",ppo,1000,linear,0.0003,,,,,,
Autoencode,filterbank+esn,5,1014,13.770216962524655,-0.5,0.0,-0.5000435130103876,-0.5,3698,"{'decomposition': 'legendre', 'n_filters': 12, 'slowest': 0.006397371281320229, 'input_scaling': 0.550142611755141, 'bias_dist': 'foldnorm', 'bias_scaling': 0.07438842372152364, 'lr': 0.6575600610814601, 'sr': 0.8663422541011234, 'rc_connectivity': 0.013579746643157644, 'learning_rate': 0.01}",ppo,1000,linear,0.01,,,,,,
Autoencode,filterbank+hag,0,1014,3.886587771203156,-0.44384609999999997,0.11336963730562959,-0.4769499620487504,-0.46517883127572013,3682,"{'decomposition': 'legendre', 'n_filters': 12, 'slowest': 0.015468638100899648, 'input_scaling': 0.8216619713233748, 'bias_dist': 'foldnorm', 'bias_scaling': 0.04249382119350724, 'lr': 0.7520411716638045, 'weight_increment': 0.001395793645992084, 'min_window': 19, 'max_window': 32, 'use_full_instance': True, 'max_partners': 20, 'homeostasis': 'mean', 'target': 0.69, 'spread': 0.36000000000000004, 'learning_rate': 0.0003}",ppo,1000,linear,0.0003,,,,,,
Autoencode,filterbank+hag,8,1014,3.7189349112426036,-0.4407692,0.11872354651508689,-0.4739356923788953,-0.45204175102880656,3620,"{'decomposition': 'legendre', 'n_filters': 12, 'slowest': 0.015468638100899648, 'input_scaling': 0.8216619713233748, 'bias_dist': 'foldnorm', 'bias_scaling': 0.04249382119350724, 'lr': 0.7520411716638045, 'weight_increment': 0.001395793645992084, 'min_window': 19, 'max_window': 32, 'use_full_instance': True, 'max_partners': 20, 'homeostasis': 'mean', 'target': 0.69, 'spread': 0.36000000000000004, 'learning_rate': 0.0003}",ppo,1000,linear,0.0003,,,,,,
Autoencode,filterbank+hag,2,1014,3.727810650887574,-0.4338460599999999,0.11893019288127131,-0.4754309587575852,-0.46276507716049387,3689,"{'decomposition': 'legendre', 'n_filters': 12, 'slowest': 0.015468638100899648, 'input_scaling': 0.8216619713233748, 'bias_dist': 'foldnorm', 'bias_scaling': 0.04249382119350724, 'lr': 0.7520411716638045, 'weight_increment': 0.001395793645992084, 'min_window': 19, 'max_window': 32, 'use_full_instance': True, 'max_partners': 20, 'homeostasis': 'mean', 'target': 0.69, 'spread': 0.36000000000000004, 'learning_rate': 0.0003}",ppo,1000,linear,0.0003,,,,,,
Autoencode,filterbank+hag,3,1014,3.6124260355029585,-0.4507691999999999,0.0979192611503988,-0.47392382618533374,-0.458214591563786,3701,"{'decomposition': 'legendre', 'n_filters': 12, 'slowest': 0.015468638100899648, 'input_scaling': 0.8216619713233748, 'bias_dist': 'foldnorm', 'bias_scaling': 0.04249382119350724, 'lr': 0.7520411716638045, 'weight_increment': 0.001395793645992084, 'min_window': 19, 'max_window': 32, 'use_full_instance': True, 'max_partners': 20, 'homeostasis': 'mean', 'target': 0.69, 'spread': 0.36000000000000004, 'learning_rate': 0.0003}",ppo,1000,linear,0.0003,,,,,,
Autoencode,filterbank+hag,6,1014,3.559171597633136,-0.47538455999999996,0.10844804878524278,-0.4754784330967809,-0.4659702397119341,3689,"{'decomposition': 'legendre', 'n_filters': 12, 'slowest': 0.015468638100899648, 'input_scaling': 0.8216619713233748, 'bias_dist': 'foldnorm', 'bias_scaling': 0.04249382119350724, 'lr': 0.7520411716638045, 'weight_increment': 0.001395793645992084, 'min_window': 19, 'max_window': 32, 'use_full_instance': True, 'max_partners': 20, 'homeostasis': 'mean', 'target': 0.69, 'spread': 0.36000000000000004, 'learning_rate': 0.0003}",ppo,1000,linear,0.0003,,,,,,
Autoencode,filterbank+hag,9,1014,3.826429980276134,-0.45846148,0.07001284578739532,-0.47774504679625635,-0.46866091975308644,3691,"{'decomposition': 'legendre', 'n_filters': 12, 'slowest': 0.015468638100899648, 'input_scaling': 0.8216619713233748, 'bias_dist': 'foldnorm', 'bias_scaling': 0.04249382119350724, 'lr': 0.7520411716638045, 'weight_increment': 0.001395793645992084, 'min_window': 19, 'max_window': 32, 'use_full_instance': True, 'max_partners': 20, 'homeostasis': 'mean', 'target': 0.69, 'spread': 0.36000000000000004, 'learning_rate': 0.0003}",ppo,1000,linear,0.0003,,,,,,
Autoencode,filterbank+hag,7,1014,3.5956607495069033,-0.45076915999999995,0.10715256066419691,-0.4755852335698858,-0.4621715473251029,3702,"{'decomposition': 'legendre', 'n_filters': 12, 'slowest': 0.015468638100899648, 'input_scaling': 0.8216619713233748, 'bias_dist': 'foldnorm', 'bias_scaling': 0.04249382119350724, 'lr': 0.7520411716638045, 'weight_increment': 0.001395793645992084, 'min_window': 19, 'max_window': 32, 'use_full_instance': True, 'max_partners': 20, 'homeostasis': 'mean', 'target': 0.69, 'spread': 0.36000000000000004, 'learning_rate': 0.0003}",ppo,1000,linear,0.0003,,,,,,
Autoencode,filterbank+hag,4,1014,3.804733727810651,-0.47076918,0.09312457961176307,-0.4809096475367684,-0.470283299382716,3729,"{'decomposition': 'legendre', 'n_filters': 12, 'slowest': 0.015468638100899648, 'input_scaling': 0.8216619713233748, 'bias_dist': 'foldnorm', 'bias_scaling': 0.04249382119350724, 'lr': 0.7520411716638045, 'weight_increment': 0.001395793645992084, 'min_window': 19, 'max_window': 32, 'use_full_instance': True, 'max_partners': 20, 'homeostasis': 'mean', 'target': 0.69, 'spread': 0.36000000000000004, 'learning_rate': 0.0003}",ppo,1000,linear,0.0003,,,,,,
Autoencode,filterbank+hag,5,1014,3.6025641025641026,-0.47461528000000003,0.07521577727047433,-0.47380910295176387,-0.46050964403292177,3733,"{'decomposition': 'legendre', 'n_filters': 12, 'slowest': 0.015468638100899648, 'input_scaling': 0.8216619713233748, 'bias_dist': 'foldnorm', 'bias_scaling': 0.04249382119350724, 'lr': 0.7520411716638045, 'weight_increment': 0.001395793645992084, 'min_window': 19, 'max_window': 32, 'use_full_instance': True, 'max_partners': 20, 'homeostasis': 'mean', 'target': 0.69, 'spread': 0.36000000000000004, 'learning_rate': 0.0003}",ppo,1000,linear,0.0003,,,,,,
Autoencode,filterbank+hag,1,1014,3.8037475345167655,-0.5023076799999999,0.11625576551508143,-0.46401076941273267,-0.45793762037037034,3680,"{'decomposition': 'legendre', 'n_filters': 12, 'slowest': 0.015468638100899648, 'input_scaling': 0.8216619713233748, 'bias_dist': 'foldnorm', 'bias_scaling': 0.04249382119350724, 'lr': 0.7520411716638045, 'weight_increment': 0.001395793645992084, 'min_window': 19, 'max_window': 32, 'use_full_instance': True, 'max_partners': 20, 'homeostasis': 'mean', 'target': 0.69, 'spread': 0.36000000000000004, 'learning_rate': 0.001}",ppo,1000,linear,0.001,,,,,,
Autoencode,filterbank+hag,0,1014,3.886587771203156,-0.47615388,0.0883411566455047,-0.4678003462922966,-0.4494301512345679,3700,"{'decomposition': 'legendre', 'n_filters': 12, 'slowest': 0.015468638100899648, 'input_scaling': 0.8216619713233748, 'bias_dist': 'foldnorm', 'bias_scaling': 0.04249382119350724, 'lr': 0.7520411716638045, 'weight_increment': 0.001395793645992084, 'min_window': 19, 'max_window': 32, 'use_full_instance': True, 'max_partners': 20, 'homeostasis': 'mean', 'target': 0.69, 'spread': 0.36000000000000004, 'learning_rate': 0.001}",ppo,1000,linear,0.001,,,,,,
Autoencode,filterbank+hag,4,1014,3.804733727810651,-0.40692304,0.12641858989989724,-0.4584608792553738,-0.4424659423868313,3680,"{'decomposition': 'legendre', 'n_filters': 12, 'slowest': 0.015468638100899648, 'input_scaling': 0.8216619713233748, 'bias_dist': 'foldnorm', 'bias_scaling': 0.04249382119350724, 'lr': 0.7520411716638045, 'weight_increment': 0.001395793645992084, 'min_window': 19, 'max_window': 32, 'use_full_instance': True, 'max_partners': 20, 'homeostasis': 'mean', 'target': 0.69, 'spread': 0.36000000000000004, 'learning_rate': 0.001}",ppo,1000,linear,0.001,,,,,,
Autoencode,filterbank+hag,8,1014,3.7189349112426036,-0.4123076600000001,0.10206154258987271,-0.4650985893242826,-0.44713515020576133,3621,"{'decomposition': 'legendre', 'n_filters': 12, 'slowest': 0.015468638100899648, 'input_scaling': 0.8216619713233748, 'bias_dist': 'foldnorm', 'bias_scaling': 0.04249382119350724, 'lr': 0.7520411716638045, 'weight_increment': 0.001395793645992084, 'min_window': 19, 'max_window': 32, 'use_full_instance': True, 'max_partners': 20, 'homeostasis': 'mean', 'target': 0.69, 'spread': 0.36000000000000004, 'learning_rate': 0.001}",ppo,1000,linear,0.001,,,,,,
Autoencode,filterbank+hag,3,1014,3.6124260355029585,-0.44076916,0.10664608624480507,-0.4610044068703075,-0.44333645267489713,3687,"{'decomposition': 'legendre', 'n_filters': 12, 'slowest': 0.015468638100899648, 'input_scaling': 0.8216619713233748, 'bias_dist': 'foldnorm', 'bias_scaling': 0.04249382119350724, 'lr': 0.7520411716638045, 'weight_increment': 0.001395793645992084, 'min_window': 19, 'max_window': 32, 'use_full_instance': True, 'max_partners': 20, 'homeostasis': 'mean', 'target': 0.69, 'spread': 0.36000000000000004, 'learning_rate': 0.001}",ppo,1000,linear,0.001,,,,,,
Autoencode,filterbank+hag,7,1014,3.5956607495069033,-0.4407692,0.10094536116592975,-0.4686231484109843,-0.45338712551440336,3660,"{'decomposition': 'legendre', 'n_filters': 12, 'slowest': 0.015468638100899648, 'input_scaling': 0.8216619713233748, 'bias_dist': 'foldnorm', 'bias_scaling': 0.04249382119350724, 'lr': 0.7520411716638045, 'weight_increment': 0.001395793645992084, 'min_window': 19, 'max_window': 32, 'use_full_instance': True, 'max_partners': 20, 'homeostasis': 'mean', 'target': 0.69, 'spread': 0.36000000000000004, 'learning_rate': 0.001}",ppo,1000,linear,0.001,,,,,,
Autoencode,filterbank+hag,5,1014,3.6025641025641026,-0.46230765999999995,0.10391460389119712,-0.4606642177311529,-0.45595912757201645,3690,"{'decomposition': 'legendre', 'n_filters': 12, 'slowest': 0.015468638100899648, 'input_scaling': 0.8216619713233748, 'bias_dist': 'foldnorm', 'bias_scaling': 0.04249382119350724, 'lr': 0.7520411716638045, 'weight_increment': 0.001395793645992084, 'min_window': 19, 'max_window': 32, 'use_full_instance': True, 'max_partners': 20, 'homeostasis': 'mean', 'target': 0.69, 'spread': 0.36000000000000004, 'learning_rate': 0.001}",ppo,1000,linear,0.001,,,,,,
Autoencode,filterbank+hag,2,1014,3.727810650887574,-0.49999998000000007,0.07615013743953192,-0.4795607389694539,-0.4745172222222222,3652,"{'decomposition': 'legendre', 'n_filters': 12, 'slowest': 0.015468638100899648, 'input_scaling': 0.8216619713233748, 'bias_dist': 'foldnorm', 'bias_scaling': 0.04249382119350724, 'lr': 0.7520411716638045, 'weight_increment': 0.001395793645992084, 'min_window': 19, 'max_window': 32, 'use_full_instance': True, 'max_partners': 20, 'homeostasis': 'mean', 'target': 0.69, 'spread': 0.36000000000000004, 'learning_rate': 0.003}",ppo,1000,linear,0.003,,,,,,
Autoencode,filterbank+hag,0,1014,3.886587771203156,-0.46384609999999993,0.11184586133751218,-0.47244437724982,-0.44848049279835395,3673,"{'decomposition': 'legendre', 'n_filters': 12, 'slowest': 0.015468638100899648, 'input_scaling': 0.8216619713233748, 'bias_dist': 'foldnorm', 'bias_scaling': 0.04249382119350724, 'lr': 0.7520411716638045, 'weight_increment': 0.001395793645992084, 'min_window': 19, 'max_window': 32, 'use_full_instance': True, 'max_partners': 20, 'homeostasis': 'mean', 'target': 0.69, 'spread': 0.36000000000000004, 'learning_rate': 0.003}",ppo,1000,linear,0.003,,,,,,
Autoencode,filterbank+hag,9,1014,3.826429980276134,-0.41000001999999997,0.1295441024811998,-0.46190632438547774,-0.44757042489711935,3676,"{'decomposition': 'legendre', 'n_filters': 12, 'slowest': 0.015468638100899648, 'input_scaling': 0.8216619713233748, 'bias_dist': 'foldnorm', 'bias_scaling': 0.04249382119350724, 'lr': 0.7520411716638045, 'weight_increment': 0.001395793645992084, 'min_window': 19, 'max_window': 32, 'use_full_instance': True, 'max_partners': 20, 'homeostasis': 'mean', 'target': 0.69, 'spread': 0.36000000000000004, 'learning_rate': 0.001}",ppo,1000,linear,0.001,,,,,,
Autoencode,filterbank+hag,2,1014,3.727810650887574,-0.46615387999999996,0.10194572541438704,-0.4690741020261237,-0.4583728786008231,3769,"{'decomposition': 'legendre', 'n_filters': 12, 'slowest': 0.015468638100899648, 'input_scaling': 0.8216619713233748, 'bias_dist': 'foldnorm', 'bias_scaling': 0.04249382119350724, 'lr': 0.7520411716638045, 'weight_increment': 0.001395793645992084, 'min_window': 19, 'max_window': 32, 'use_full_instance': True, 'max_partners': 20, 'homeostasis': 'mean', 'target': 0.69, 'spread': 0.36000000000000004, 'learning_rate': 0.001}",ppo,1000,linear,0.001,,,,,,
Autoencode,filterbank+hag,1,1014,3.8037475345167655,-0.46307683999999993,0.09819689805820955,-0.4739989639000308,-0.46122184567901237,3703,"{'decomposition': 'legendre', 'n_filters': 12, 'slowest': 0.015468638100899648, 'input_scaling': 0.8216619713233748, 'bias_dist': 'foldnorm', 'bias_scaling': 0.04249382119350724, 'lr': 0.7520411716638045, 'weight_increment': 0.001395793645992084, 'min_window': 19, 'max_window': 32, 'use_full_instance': True, 'max_partners': 20, 'homeostasis': 'mean', 'target': 0.69, 'spread': 0.36000000000000004, 'learning_rate': 0.003}",ppo,1000,linear,0.003,,,,,,
Autoencode,filterbank+hag,6,1014,3.559171597633136,-0.44769222,0.11760935813944227,-0.46859149912578424,-0.4683048189300411,3688,"{'decomposition': 'legendre', 'n_filters': 12, 'slowest': 0.015468638100899648, 'input_scaling': 0.8216619713233748, 'bias_dist': 'foldnorm', 'bias_scaling': 0.04249382119350724, 'lr': 0.7520411716638045, 'weight_increment': 0.001395793645992084, 'min_window': 19, 'max_window': 32, 'use_full_instance': True, 'max_partners': 20, 'homeostasis': 'mean', 'target': 0.69, 'spread': 0.36000000000000004, 'learning_rate': 0.003}",ppo,1000,linear,0.003,,,,,,
Autoencode,filterbank+hag,6,1014,3.559171597633136,-0.43230764,0.11188548570976667,-0.4635083901059344,-0.4488366255144033,3780,"{'decomposition': 'legendre', 'n_filters': 12, 'slowest': 0.015468638100899648, 'input_scaling': 0.8216619713233748, 'bias_dist': 'foldnorm', 'bias_scaling': 0.04249382119350724, 'lr': 0.7520411716638045, 'weight_increment': 0.001395793645992084, 'min_window': 19, 'max_window': 32, 'use_full_instance': True, 'max_partners': 20, 'homeostasis': 'mean', 'target': 0.69, 'spread': 0.36000000000000004, 'learning_rate': 0.001}",ppo,1000,linear,0.001,,,,,,
Autoencode,filterbank+hag,7,1014,3.5956607495069033,-0.5,0.0,-0.49282429589632826,-0.5,3676,"{'decomposition': 'legendre', 'n_filters': 12, 'slowest': 0.015468638100899648, 'input_scaling': 0.8216619713233748, 'bias_dist': 'foldnorm', 'bias_scaling': 0.04249382119350724, 'lr': 0.7520411716638045, 'weight_increment': 0.001395793645992084, 'min_window': 19, 'max_window': 32, 'use_full_instance': True, 'max_partners': 20, 'homeostasis': 'mean', 'target': 0.69, 'spread': 0.36000000000000004, 'learning_rate': 0.003}",ppo,1000,linear,0.003,,,,,,
Autoencode,filterbank+hag,8,1014,3.7189349112426036,-0.47769226000000004,0.11385921183985247,-0.4816810139874524,-0.4772079619341564,3670,"{'decomposition': 'legendre', 'n_filters': 12, 'slowest': 0.015468638100899648, 'input_scaling': 0.8216619713233748, 'bias_dist': 'foldnorm', 'bias_scaling': 0.04249382119350724, 'lr': 0.7520411716638045, 'weight_increment': 0.001395793645992084, 'min_window': 19, 'max_window': 32, 'use_full_instance': True, 'max_partners': 20, 'homeostasis': 'mean', 'target': 0.69, 'spread': 0.36000000000000004, 'learning_rate': 0.003}",ppo,1000,linear,0.003,,,,,,
Autoencode,filterbank+hag,4,1014,3.804733727810651,-0.47615385999999993,0.11406693694598974,-0.49350864434845215,-0.49176954938271605,3751,"{'decomposition': 'legendre', 'n_filters': 12, 'slowest': 0.015468638100899648, 'input_scaling': 0.8216619713233748, 'bias_dist': 'foldnorm', 'bias_scaling': 0.04249382119350724, 'lr': 0.7520411716638045, 'weight_increment': 0.001395793645992084, 'min_window': 19, 'max_window': 32, 'use_full_instance': True, 'max_partners': 20, 'homeostasis': 'mean', 'target': 0.69, 'spread': 0.36000000000000004, 'learning_rate': 0.003}",ppo,1000,linear,0.003,,,,,,
Autoencode,filterbank+hag,0,1014,3.886587771203156,-0.5,0.0,-0.4999327525455107,-0.5,3667,"{'decomposition': 'legendre', 'n_filters': 12, 'slowest': 0.015468638100899648, 'input_scaling': 0.8216619713233748, 'bias_dist': 'foldnorm', 'bias_scaling': 0.04249382119350724, 'lr': 0.7520411716638045, 'weight_increment': 0.001395793645992084, 'min_window': 19, 'max_window': 32, 'use_full_instance': True, 'max_partners': 20, 'homeostasis': 'mean', 'target': 0.69, 'spread': 0.36000000000000004, 'learning_rate': 0.01}",ppo,1000,linear,0.01,,,,,,
Autoencode,filterbank+hag,3,1014,3.6124260355029585,-0.48538456,0.08527375986085285,-0.48301408988995165,-0.47487333539094645,3779,"{'decomposition': 'legendre', 'n_filters': 12, 'slowest': 0.015468638100899648, 'input_scaling': 0.8216619713233748, 'bias_dist': 'foldnorm', 'bias_scaling': 0.04249382119350724, 'lr': 0.7520411716638045, 'weight_increment': 0.001395793645992084, 'min_window': 19, 'max_window': 32, 'use_full_instance': True, 'max_partners': 20, 'homeostasis': 'mean', 'target': 0.69, 'spread': 0.36000000000000004, 'learning_rate': 0.003}",ppo,1000,linear,0.003,,,,,,
Autoencode,filterbank+hag,4,1014,3.804733727810651,-0.5,0.0,-0.500019778669135,-0.5,3643,"{'decomposition': 'legendre', 'n_filters': 12, 'slowest': 0.015468638100899648, 'input_scaling': 0.8216619713233748, 'bias_dist': 'foldnorm', 'bias_scaling': 0.04249382119350724, 'lr': 0.7520411716638045, 'weight_increment': 0.001395793645992084, 'min_window': 19, 'max_window': 32, 'use_full_instance': True, 'max_partners': 20, 'homeostasis': 'mean', 'target': 0.69, 'spread': 0.36000000000000004, 'learning_rate': 0.01}",ppo,1000,linear,0.01,,,,,,
Autoencode,filterbank+hag,1,1014,3.8037475345167655,-0.5,0.0,-0.5000276902190682,-0.5,3678,"{'decomposition': 'legendre', 'n_filters': 12, 'slowest': 0.015468638100899648, 'input_scaling': 0.8216619713233748, 'bias_dist': 'foldnorm', 'bias_scaling': 0.04249382119350724, 'lr': 0.7520411716638045, 'weight_increment': 0.001395793645992084, 'min_window': 19, 'max_window': 32, 'use_full_instance': True, 'max_partners': 20, 'homeostasis': 'mean', 'target': 0.69, 'spread': 0.36000000000000004, 'learning_rate': 0.01}",ppo,1000,linear,0.01,,,,,,
Autoencode,filterbank+hag,5,1014,3.6025641025641026,-0.49307688,0.08827419624774614,-0.4742679700709658,-0.47788064197530866,3774,"{'decomposition': 'legendre', 'n_filters': 12, 'slowest': 0.015468638100899648, 'input_scaling': 0.8216619713233748, 'bias_dist': 'foldnorm', 'bias_scaling': 0.04249382119350724, 'lr': 0.7520411716638045, 'weight_increment': 0.001395793645992084, 'min_window': 19, 'max_window': 32, 'use_full_instance': True, 'max_partners': 20, 'homeostasis': 'mean', 'target': 0.69, 'spread': 0.36000000000000004, 'learning_rate': 0.003}",ppo,1000,linear,0.003,,,,,,
Autoencode,filterbank+hag,9,1014,3.826429980276134,-0.48846148,0.09302612701692788,-0.4812893993623367,-0.48539885596707816,3692,"{'decomposition': 'legendre', 'n_filters': 12, 'slowest': 0.015468638100899648, 'input_scaling': 0.8216619713233748, 'bias_dist': 'foldnorm', 'bias_scaling': 0.04249382119350724, 'lr': 0.7520411716638045, 'weight_increment': 0.001395793645992084, 'min_window': 19, 'max_window': 32, 'use_full_instance': True, 'max_partners': 20, 'homeostasis': 'mean', 'target': 0.69, 'spread': 0.36000000000000004, 'learning_rate': 0.003}",ppo,1000,linear,0.003,,,,,,
Autoencode,filterbank+hag,2,1014,3.727810650887574,-0.5,0.0,-0.499948575645377,-0.5,3684,"{'decomposition': 'legendre', 'n_filters': 12, 'slowest': 0.015468638100899648, 'input_scaling': 0.8216619713233748, 'bias_dist': 'foldnorm', 'bias_scaling': 0.04249382119350724, 'lr': 0.7520411716638045, 'weight_increment': 0.001395793645992084, 'min_window': 19, 'max_window': 32, 'use_full_instance': True, 'max_partners': 20, 'homeostasis': 'mean', 'target': 0.69, 'spread': 0.36000000000000004, 'learning_rate': 0.01}",ppo,1000,linear,0.01,,,,,,
Autoencode,filterbank+hag,3,1014,3.6124260355029585,-0.5,0.0,-0.49997230998662967,-0.5,3715,"{'decomposition': 'legendre', 'n_filters': 12, 'slowest': 0.015468638100899648, 'input_scaling': 0.8216619713233748, 'bias_dist': 'foldnorm', 'bias_scaling': 0.04249382119350724, 'lr': 0.7520411716638045, 'weight_increment': 0.001395793645992084, 'min_window': 19, 'max_window': 32, 'use_full_instance': True, 'max_partners': 20, 'homeostasis': 'mean', 'target': 0.69, 'spread': 0.36000000000000004, 'learning_rate': 0.01}",ppo,1000,linear,0.01,,,,,,
Autoencode,filterbank+hag,5,1014,3.6025641025641026,-0.5,0.0,-0.5000395573382701,-0.5,3720,"{'decomposition': 'legendre', 'n_filters': 12, 'slowest': 0.015468638100899648, 'input_scaling': 0.8216619713233748, 'bias_dist': 'foldnorm', 'bias_scaling': 0.04249382119350724, 'lr': 0.7520411716638045, 'weight_increment': 0.001395793645992084, 'min_window': 19, 'max_window': 32, 'use_full_instance': True, 'max_partners': 20, 'homeostasis': 'mean', 'target': 0.69, 'spread': 0.36000000000000004, 'learning_rate': 0.01}",ppo,1000,linear,0.01,,,,,,
Autoencode,filterbank+hag,6,1014,3.559171597633136,-0.5,0.0,-0.4999643985395454,-0.5,3730,"{'decomposition': 'legendre', 'n_filters': 12, 'slowest': 0.015468638100899648, 'input_scaling': 0.8216619713233748, 'bias_dist': 'foldnorm', 'bias_scaling': 0.04249382119350724, 'lr': 0.7520411716638045, 'weight_increment': 0.001395793645992084, 'min_window': 19, 'max_window': 32, 'use_full_instance': True, 'max_partners': 20, 'homeostasis': 'mean', 'target': 0.69, 'spread': 0.36000000000000004, 'learning_rate': 0.01}",ppo,1000,linear,0.01,,,,,,
Autoencode,filterbank+hag,7,1014,3.5956607495069033,-0.5,0.0,-0.4999050624292914,-0.5,3733,"{'decomposition': 'legendre', 'n_filters': 12, 'slowest': 0.015468638100899648, 'input_scaling': 0.8216619713233748, 'bias_dist': 'foldnorm', 'bias_scaling': 0.04249382119350724, 'lr': 0.7520411716638045, 'weight_increment': 0.001395793645992084, 'min_window': 19, 'max_window': 32, 'use_full_instance': True, 'max_partners': 20, 'homeostasis': 'mean', 'target': 0.69, 'spread': 0.36000000000000004, 'learning_rate': 0.01}",ppo,1000,linear,0.01,,,,,,
Autoencode,filterbank+hag,9,1014,3.826429980276134,-0.5,0.0,-0.4999485757482258,-0.5,3674,"{'decomposition': 'legendre', 'n_filters': 12, 'slowest': 0.015468638100899648, 'input_scaling': 0.8216619713233748, 'bias_dist': 'foldnorm', 'bias_scaling': 0.04249382119350724, 'lr': 0.7520411716638045, 'weight_increment': 0.001395793645992084, 'min_window': 19, 'max_window': 32, 'use_full_instance': True, 'max_partners': 20, 'homeostasis': 'mean', 'target': 0.69, 'spread': 0.36000000000000004, 'learning_rate': 0.01}",ppo,1000,linear,0.01,,,,,,
Autoencode,filterbank+hag,8,1014,3.7189349112426036,-0.5,0.0,-0.49998417731152933,-0.5,3756,"{'decomposition': 'legendre', 'n_filters': 12, 'slowest': 0.015468638100899648, 'input_scaling': 0.8216619713233748, 'bias_dist': 'foldnorm', 'bias_scaling': 0.04249382119350724, 'lr': 0.7520411716638045, 'weight_increment': 0.001395793645992084, 'min_window': 19, 'max_window': 32, 'use_full_instance': True, 'max_partners': 20, 'homeostasis': 'mean', 'target': 0.69, 'spread': 0.36000000000000004, 'learning_rate': 0.01}",ppo,1000,linear,0.01,,,,,,
Autoencode,filterbank+esn,1,1014,13.770216962524655,-0.45615378000000006,0.07576442857153744,-0.47754031468891645,-0.4663362134020619,2854,"{'decomposition': 'legendre', 'n_filters': 12, 'slowest': 0.006397371281320229, 'input_scaling': 0.550142611755141, 'bias_dist': 'foldnorm', 'bias_scaling': 0.07438842372152364, 'lr': 0.6575600610814601, 'sr': 0.8663422541011234, 'rc_connectivity': 0.013579746643157644, 'learning_rate': 0.0001}",dqn,1000,linear,0.0001,,,,,,
Autoencode,filterbank+esn,6,1014,13.770216962524655,-0.44230764,0.07624714719719289,-0.48004816481252577,-0.47759713711340207,2813,"{'decomposition': 'legendre', 'n_filters': 12, 'slowest': 0.006397371281320229, 'input_scaling': 0.550142611755141, 'bias_dist': 'foldnorm', 'bias_scaling': 0.07438842372152364, 'lr': 0.6575600610814601, 'sr': 0.8663422541011234, 'rc_connectivity': 0.013579746643157644, 'learning_rate': 0.0001}",dqn,1000,linear,0.0001,,,,,,
Autoencode,filterbank+esn,5,1014,13.770216962524655,-0.48692302,0.10193696823812057,-0.4785941686238154,-0.4701030711340206,2856,"{'decomposition': 'legendre', 'n_filters': 12, 'slowest': 0.006397371281320229, 'input_scaling': 0.550142611755141, 'bias_dist': 'foldnorm', 'bias_scaling': 0.07438842372152364, 'lr': 0.6575600610814601, 'sr': 0.8663422541011234, 'rc_connectivity': 0.013579746643157644, 'learning_rate': 0.0001}",dqn,1000,linear,0.0001,,,,,,
Autoencode,filterbank+esn,8,1014,13.770216962524655,-0.43615370000000003,0.09748613635348362,-0.4790973178821591,-0.47668514948453605,2821,"{'decomposition': 'legendre', 'n_filters': 12, 'slowest': 0.006397371281320229, 'input_scaling': 0.550142611755141, 'bias_dist': 'foldnorm', 'bias_scaling': 0.07438842372152364, 'lr': 0.6575600610814601, 'sr': 0.8663422541011234, 'rc_connectivity': 0.013579746643157644, 'learning_rate': 0.0001}",dqn,1000,linear,0.0001,,,,,,
Autoencode,filterbank+esn,9,1014,13.770216962524655,-0.46461536000000003,0.09965626264370142,-0.48008382406262873,-0.472997612371134,2863,"{'decomposition': 'legendre', 'n_filters': 12, 'slowest': 0.006397371281320229, 'input_scaling': 0.550142611755141, 'bias_dist': 'foldnorm', 'bias_scaling': 0.07438842372152364, 'lr': 0.6575600610814601, 'sr': 0.8663422541011234, 'rc_connectivity': 0.013579746643157644, 'learning_rate': 0.0001}",dqn,1000,linear,0.0001,,,,,,
Autoencode,filterbank+esn,3,1014,13.770216962524655,-0.49000002000000004,0.04603197162689863,-0.48474295148331276,-0.47965899278350516,2840,"{'decomposition': 'legendre', 'n_filters': 12, 'slowest': 0.006397371281320229, 'input_scaling': 0.550142611755141, 'bias_dist': 'foldnorm', 'bias_scaling': 0.07438842372152364, 'lr': 0.6575600610814601, 'sr': 0.8663422541011234, 'rc_connectivity': 0.013579746643157644, 'learning_rate': 0.0003}",dqn,1000,linear,0.0003,,,,,,
Autoencode,filterbank+esn,0,1014,13.770216962524655,-0.4723077,0.09327706936182117,-0.4836494775442934,-0.47434574639175253,3052,"{'decomposition': 'legendre', 'n_filters': 12, 'slowest': 0.006397371281320229, 'input_scaling': 0.550142611755141, 'bias_dist': 'foldnorm', 'bias_scaling': 0.07438842372152364, 'lr': 0.6575600610814601, 'sr': 0.8663422541011234, 'rc_connectivity': 0.013579746643157644, 'learning_rate': 0.0001}",dqn,1000,linear,0.0001,,,,,,
Autoencode,filterbank+esn,3,1014,13.770216962524655,-0.4646153,0.08171260895143416,-0.480167018644417,-0.4670499175257732,3036,"{'decomposition': 'legendre', 'n_filters': 12, 'slowest': 0.006397371281320229, 'input_scaling': 0.550142611755141, 'bias_dist': 'foldnorm', 'bias_scaling': 0.07438842372152364, 'lr': 0.6575600610814601, 'sr': 0.8663422541011234, 'rc_connectivity': 0.013579746643157644, 'learning_rate': 0.0001}",dqn,1000,linear,0.0001,,,,,,
Autoencode,filterbank+esn,2,1014,13.770216962524655,-0.45769229999999994,0.11544878959023347,-0.4801274051297898,-0.46411577628865985,3049,"{'decomposition': 'legendre', 'n_filters': 12, 'slowest': 0.006397371281320229, 'input_scaling': 0.550142611755141, 'bias_dist': 'foldnorm', 'bias_scaling': 0.07438842372152364, 'lr': 0.6575600610814601, 'sr': 0.8663422541011234, 'rc_connectivity': 0.013579746643157644, 'learning_rate': 0.0001}",dqn,1000,linear,0.0001,,,,,,
Autoencode,filterbank+esn,2,1014,13.770216962524655,-0.49076921999999995,0.10192247391449837,-0.4894892362999588,-0.4879857195876288,2818,"{'decomposition': 'legendre', 'n_filters': 12, 'slowest': 0.006397371281320229, 'input_scaling': 0.550142611755141, 'bias_dist': 'foldnorm', 'bias_scaling': 0.07438842372152364, 'lr': 0.6575600610814601, 'sr': 0.8663422541011234, 'rc_connectivity': 0.013579746643157644, 'learning_rate': 0.001}",dqn,1000,linear,0.001,,,,,,
Autoencode,filterbank+esn,6,1014,13.770216962524655,-0.47923074,0.07100731585035727,-0.4866010523279769,-0.4737906247422681,3036,"{'decomposition': 'legendre', 'n_filters': 12, 'slowest': 0.006397371281320229, 'input_scaling': 0.550142611755141, 'bias_dist': 'foldnorm', 'bias_scaling': 0.07438842372152364, 'lr': 0.6575600610814601, 'sr': 0.8663422541011234, 'rc_connectivity': 0.013579746643157644, 'learning_rate': 0.0003}",dqn,1000,linear,0.0003,,,,,,
Autoencode,filterbank+proj,1,1014,0.0,-0.4561537,0.04352110105190355,-0.4784056519592718,-0.4712725061728395,3604,"{'decomposition': 'legendre', 'n_filters': 12, 'slowest': 0.015468638100899648, 'input_scaling': 0.8216619713233748, 'bias_dist': 'foldnorm', 'bias_scaling': 0.04249382119350724, 'lr': 0.7520411716638045, 'weight_increment': 0.001395793645992084, 'min_window': 19, 'max_window': 32, 'use_full_instance': True, 'max_partners': 20, 'homeostasis': 'mean', 'target': 0.69, 'spread': 0.36000000000000004, 'learning_rate': 0.0003}",ppo,1000,linear,0.0003,,,,,,
Autoencode,filterbank+esn,5,1014,13.770216962524655,-0.49692306,0.08207386637009616,-0.4806860228677379,-0.4741474804123711,3055,"{'decomposition': 'legendre', 'n_filters': 12, 'slowest': 0.006397371281320229, 'input_scaling': 0.550142611755141, 'bias_dist': 'foldnorm', 'bias_scaling': 0.07438842372152364, 'lr': 0.6575600610814601, 'sr': 0.8663422541011234, 'rc_connectivity': 0.013579746643157644, 'learning_rate': 0.0003}",dqn,1000,linear,0.0003,,,,,,
Autoencode,filterbank+esn,4,1014,13.770216962524655,-0.48615378,0.06783210958839184,-0.4794459647713226,-0.4676447154639175,3188,"{'decomposition': 'legendre', 'n_filters': 12, 'slowest': 0.006397371281320229, 'input_scaling': 0.550142611755141, 'bias_dist': 'foldnorm', 'bias_scaling': 0.07438842372152364, 'lr': 0.6575600610814601, 'sr': 0.8663422541011234, 'rc_connectivity': 0.013579746643157644, 'learning_rate': 0.0001}",dqn,1000,linear,0.0001,,,,,,
Autoencode,filterbank+esn,4,1014,13.770216962524655,-0.47461534000000005,0.06325026731061616,-0.48300370065925013,-0.4777557371134021,3074,"{'decomposition': 'legendre', 'n_filters': 12, 'slowest': 0.006397371281320229, 'input_scaling': 0.550142611755141, 'bias_dist': 'foldnorm', 'bias_scaling': 0.07438842372152364, 'lr': 0.6575600610814601, 'sr': 0.8663422541011234, 'rc_connectivity': 0.013579746643157644, 'learning_rate': 0.0003}",dqn,1000,linear,0.0003,,,,,,
Autoencode,filterbank+esn,0,1014,13.770216962524655,-0.47307679999999996,0.061658615392822434,-0.48481029686856203,-0.47454399793814434,3110,"{'decomposition': 'legendre', 'n_filters': 12, 'slowest': 0.006397371281320229, 'input_scaling': 0.550142611755141, 'bias_dist': 'foldnorm', 'bias_scaling': 0.07438842372152364, 'lr': 0.6575600610814601, 'sr': 0.8663422541011234, 'rc_connectivity': 0.013579746643157644, 'learning_rate': 0.0003}",dqn,1000,linear,0.0003,,,,,,
Autoencode,filterbank+proj,2,1014,0.0,-0.4692307799999999,0.12186919246098088,-0.48475857040008224,-0.48211458333333335,3638,"{'decomposition': 'legendre', 'n_filters': 12, 'slowest': 0.015468638100899648, 'input_scaling': 0.8216619713233748, 'bias_dist': 'foldnorm', 'bias_scaling': 0.04249382119350724, 'lr': 0.7520411716638045, 'weight_increment': 0.001395793645992084, 'min_window': 19, 'max_window': 32, 'use_full_instance': True, 'max_partners': 20, 'homeostasis': 'mean', 'target': 0.69, 'spread': 0.36000000000000004, 'learning_rate': 0.0003}",ppo,1000,linear,0.0003,,,,,,
Autoencode,filterbank+proj,0,1014,0.0,-0.4623074200000001,0.03728204438068814,-0.4812537641674381,-0.46814648045267493,3738,"{'decomposition': 'legendre', 'n_filters': 12, 'slowest': 0.015468638100899648, 'input_scaling': 0.8216619713233748, 'bias_dist': 'foldnorm', 'bias_scaling': 0.04249382119350724, 'lr': 0.7520411716638045, 'weight_increment': 0.001395793645992084, 'min_window': 19, 'max_window': 32, 'use_full_instance': True, 'max_partners': 20, 'homeostasis': 'mean', 'target': 0.69, 'spread': 0.36000000000000004, 'learning_rate': 0.0003}",ppo,1000,linear,0.0003,,,,,,
Autoencode,filterbank+esn,9,1014,13.770216962524655,-0.5,0.0,-0.4834910033992584,-0.4729579422680413,3048,"{'decomposition': 'legendre', 'n_filters': 12, 'slowest': 0.006397371281320229, 'input_scaling': 0.550142611755141, 'bias_dist': 'foldnorm', 'bias_scaling': 0.07438842372152364, 'lr': 0.6575600610814601, 'sr': 0.8663422541011234, 'rc_connectivity': 0.013579746643157644, 'learning_rate': 0.0003}",dqn,1000,linear,0.0003,,,,,,
Autoencode,filterbank+proj,7,1014,0.0,-0.42999994,0.08056388183110591,-0.4674838795639207,-0.4481243580246913,3541,"{'decomposition': 'legendre', 'n_filters': 12, 'slowest': 0.015468638100899648, 'input_scaling': 0.8216619713233748, 'bias_dist': 'foldnorm', 'bias_scaling': 0.04249382119350724, 'lr': 0.7520411716638045, 'weight_increment': 0.001395793645992084, 'min_window': 19, 'max_window': 32, 'use_full_instance': True, 'max_partners': 20, 'homeostasis': 'mean', 'target': 0.69, 'spread': 0.36000000000000004, 'learning_rate': 0.001}",ppo,1000,linear,0.001,,,,,,
Autoencode,filterbank+proj,1,1014,0.0,-0.44923074,0.11902964770187467,-0.474228420754911,-0.4525166049382716,3611,"{'decomposition': 'legendre', 'n_filters': 12, 'slowest': 0.015468638100899648, 'input_scaling': 0.8216619713233748, 'bias_dist': 'foldnorm', 'bias_scaling': 0.04249382119350724, 'lr': 0.7520411716638045, 'weight_increment': 0.001395793645992084, 'min_window': 19, 'max_window': 32, 'use_full_instance': True, 'max_partners': 20, 'homeostasis': 'mean', 'target': 0.69, 'spread': 0.36000000000000004, 'learning_rate': 0.001}",ppo,1000,linear,0.001,,,,,,
Autoencode,filterbank+proj,2,1014,0.0,-0.4684616,0.13515065264851667,-0.47835028838835747,-0.4615384300411523,3628,"{'decomposition': 'legendre', 'n_filters': 12, 'slowest': 0.015468638100899648, 'input_scaling': 0.8216619713233748, 'bias_dist': 'foldnorm', 'bias_scaling': 0.04249382119350724, 'lr': 0.7520411716638045, 'weight_increment': 0.001395793645992084, 'min_window': 19, 'max_window': 32, 'use_full_instance': True, 'max_partners': 20, 'homeostasis': 'mean', 'target': 0.69, 'spread': 0.36000000000000004, 'learning_rate': 0.001}",ppo,1000,linear,0.001,,,,,,
Autoencode,filterbank+esn,7,1014,13.770216962524655,-0.4876923,0.04244044821876884,-0.4812802962505151,-0.47287864639175253,3267,"{'decomposition': 'legendre', 'n_filters': 12, 'slowest': 0.006397371281320229, 'input_scaling': 0.550142611755141, 'bias_dist': 'foldnorm', 'bias_scaling': 0.07438842372152364, 'lr': 0.6575600610814601, 'sr': 0.8663422541011234, 'rc_connectivity': 0.013579746643157644, 'learning_rate': 0.0001}",dqn,1000,linear,0.0001,,,,,,
Autoencode,filterbank+esn,2,1014,13.770216962524655,-0.4853846,0.06291267565030119,-0.48263128759785745,-0.4827914340206185,3209,"{'decomposition': 'legendre', 'n_filters': 12, 'slowest': 0.006397371281320229, 'input_scaling': 0.550142611755141, 'bias_dist': 'foldnorm', 'bias_scaling': 0.07438842372152364, 'lr': 0.6575600610814601, 'sr': 0.8663422541011234, 'rc_connectivity': 0.013579746643157644, 'learning_rate': 0.0003}",dqn,1000,linear,0.0003,,,,,,
Autoencode,filterbank+proj,0,1014,0.0,-0.43461536,0.1303728185272927,-0.46521725588810037,-0.44903445884773663,3656,"{'decomposition': 'legendre', 'n_filters': 12, 'slowest': 0.015468638100899648, 'input_scaling': 0.8216619713233748, 'bias_dist': 'foldnorm', 'bias_scaling': 0.04249382119350724, 'lr': 0.7520411716638045, 'weight_increment': 0.001395793645992084, 'min_window': 19, 'max_window': 32, 'use_full_instance': True, 'max_partners': 20, 'homeostasis': 'mean', 'target': 0.69, 'spread': 0.36000000000000004, 'learning_rate': 0.001}",ppo,1000,linear,0.001,,,,,,
Autoencode,filterbank+proj,3,1014,0.0,-0.45769232000000004,0.11100675804408307,-0.47459234721793686,-0.45845201131687247,3638,"{'decomposition': 'legendre', 'n_filters': 12, 'slowest': 0.015468638100899648, 'input_scaling': 0.8216619713233748, 'bias_dist': 'foldnorm', 'bias_scaling': 0.04249382119350724, 'lr': 0.7520411716638045, 'weight_increment': 0.001395793645992084, 'min_window': 19, 'max_window': 32, 'use_full_instance': True, 'max_partners': 20, 'homeostasis': 'mean', 'target': 0.69, 'spread': 0.36000000000000004, 'learning_rate': 0.001}",ppo,1000,linear,0.001,,,,,,
Autoencode,filterbank+esn,3,1014,13.770216962524655,-0.48461534,0.07008033969598321,-0.4897269516893284,-0.48132435979381444,3027,"{'decomposition': 'legendre', 'n_filters': 12, 'slowest': 0.006397371281320229, 'input_scaling': 0.550142611755141, 'bias_dist': 'foldnorm', 'bias_scaling': 0.07438842372152364, 'lr': 0.6575600610814601, 'sr': 0.8663422541011234, 'rc_connectivity': 0.013579746643157644, 'learning_rate': 0.001}",dqn,1000,linear,0.001,,,,,,
Autoencode,filterbank+esn,1,1014,13.770216962524655,-0.46307696,0.11460258423141426,-0.4880708949320149,-0.48532909896907217,3064,"{'decomposition': 'legendre', 'n_filters': 12, 'slowest': 0.006397371281320229, 'input_scaling': 0.550142611755141, 'bias_dist': 'foldnorm', 'bias_scaling': 0.07438842372152364, 'lr': 0.6575600610814601, 'sr': 0.8663422541011234, 'rc_connectivity': 0.013579746643157644, 'learning_rate': 0.001}",dqn,1000,linear,0.001,,,,,,
Autoencode,filterbank+proj,3,1014,0.0,-0.4530769,0.11749110992466621,-0.4839634773218143,-0.4767331306584362,3728,"{'decomposition': 'legendre', 'n_filters': 12, 'slowest': 0.015468638100899648, 'input_scaling': 0.8216619713233748, 'bias_dist': 'foldnorm', 'bias_scaling': 0.04249382119350724, 'lr': 0.7520411716638045, 'weight_increment': 0.001395793645992084, 'min_window': 19, 'max_window': 32, 'use_full_instance': True, 'max_partners': 20, 'homeostasis': 'mean', 'target': 0.69, 'spread': 0.36000000000000004, 'learning_rate': 0.0003}",ppo,1000,linear,0.0003,,,,,,
Autoencode,filterbank+proj,6,1014,0.0,-0.47153844,0.10082802080754337,-0.4715503909287257,-0.4679091316872428,3644,"{'decomposition': 'legendre', 'n_filters': 12, 'slowest': 0.015468638100899648, 'input_scaling': 0.8216619713233748, 'bias_dist': 'foldnorm', 'bias_scaling': 0.04249382119350724, 'lr': 0.7520411716638045, 'weight_increment': 0.001395793645992084, 'min_window': 19, 'max_window': 32, 'use_full_instance': True, 'max_partners': 20, 'homeostasis': 'mean', 'target': 0.69, 'spread': 0.36000000000000004, 'learning_rate': 0.001}",ppo,1000,linear,0.001,,,,,,
Autoencode,filterbank+proj,6,1014,0.0,-0.46230768,0.08920764896811036,-0.4813091656896021,-0.4701249804526749,3718,"{'decomposition': 'legendre', 'n_filters': 12, 'slowest': 0.015468638100899648, 'input_scaling': 0.8216619713233748, 'bias_dist': 'foldnorm', 'bias_scaling': 0.04249382119350724, 'lr': 0.7520411716638045, 'weight_increment': 0.001395793645992084, 'min_window': 19, 'max_window': 32, 'use_full_instance': True, 'max_partners': 20, 'homeostasis': 'mean', 'target': 0.69, 'spread': 0.36000000000000004, 'learning_rate': 0.0003}",ppo,1000,linear,0.0003,,,,,,
Autoencode,filterbank+proj,6,1014,0.0,-0.45769231999999993,0.09584576355070472,-0.4672228051013061,-0.4598765051440329,3561,"{'decomposition': 'legendre', 'n_filters': 12, 'slowest': 0.015468638100899648, 'input_scaling': 0.8216619713233748, 'bias_dist': 'foldnorm', 'bias_scaling': 0.04249382119350724, 'lr': 0.7520411716638045, 'weight_increment': 0.001395793645992084, 'min_window': 19, 'max_window': 32, 'use_full_instance': True, 'max_partners': 20, 'homeostasis': 'mean', 'target': 0.69, 'spread': 0.36000000000000004, 'learning_rate': 0.003}",ppo,1000,linear,0.003,,,,,,
Autoencode,filterbank+proj,5,1014,0.0,-0.4561538399999999,0.11305604435223446,-0.4830259645171243,-0.4762187181069959,3745,"{'decomposition': 'legendre', 'n_filters': 12, 'slowest': 0.015468638100899648, 'input_scaling': 0.8216619713233748, 'bias_dist': 'foldnorm', 'bias_scaling': 0.04249382119350724, 'lr': 0.7520411716638045, 'weight_increment': 0.001395793645992084, 'min_window': 19, 'max_window': 32, 'use_full_instance': True, 'max_partners': 20, 'homeostasis': 'mean', 'target': 0.69, 'spread': 0.36000000000000004, 'learning_rate': 0.0003}",ppo,1000,linear,0.0003,,,,,,
Autoencode,filterbank+proj,7,1014,0.0,-0.4215384399999999,0.11915887978680564,-0.47728620168672214,-0.4620528425925926,3719,"{'decomposition': 'legendre', 'n_filters': 12, 'slowest': 0.015468638100899648, 'input_scaling': 0.8216619713233748, 'bias_dist': 'foldnorm', 'bias_scaling': 0.04249382119350724, 'lr': 0.7520411716638045, 'weight_increment': 0.001395793645992084, 'min_window': 19, 'max_window': 32, 'use_full_instance': True, 'max_partners': 20, 'homeostasis': 'mean', 'target': 0.69, 'spread': 0.36000000000000004, 'learning_rate': 0.0003}",ppo,1000,linear,0.0003,,,,,,
Autoencode,filterbank+proj,8,1014,0.0,-0.45153842,0.11035453515684618,-0.4698533856834311,-0.45152734773662556,3653,"{'decomposition': 'legendre', 'n_filters': 12, 'slowest': 0.015468638100899648, 'input_scaling': 0.8216619713233748, 'bias_dist': 'foldnorm', 'bias_scaling': 0.04249382119350724, 'lr': 0.7520411716638045, 'weight_increment': 0.001395793645992084, 'min_window': 19, 'max_window': 32, 'use_full_instance': True, 'max_partners': 20, 'homeostasis': 'mean', 'target': 0.69, 'spread': 0.36000000000000004, 'learning_rate': 0.001}",ppo,1000,linear,0.001,,,,,,
Autoencode,filterbank+esn,7,1014,13.770216962524655,-0.49923075999999994,0.07028694937285583,-0.484576547486609,-0.48187945257731957,3223,"{'decomposition': 'legendre', 'n_filters': 12, 'slowest': 0.006397371281320229, 'input_scaling': 0.550142611755141, 'bias_dist': 'foldnorm', 'bias_scaling': 0.07438842372152364, 'lr': 0.6575600610814601, 'sr': 0.8663422541011234, 'rc_connectivity': 0.013579746643157644, 'learning_rate': 0.0003}",dqn,1000,linear,0.0003,,,,,,
Autoencode,filterbank+proj,4,1014,0.0,-0.46615382000000005,0.0921923048302167,-0.4816414517124344,-0.47016458230452673,3759,"{'decomposition': 'legendre', 'n_filters': 12, 'slowest': 0.015468638100899648, 'input_scaling': 0.8216619713233748, 'bias_dist': 'foldnorm', 'bias_scaling': 0.04249382119350724, 'lr': 0.7520411716638045, 'weight_increment': 0.001395793645992084, 'min_window': 19, 'max_window': 32, 'use_full_instance': True, 'max_partners': 20, 'homeostasis': 'mean', 'target': 0.69, 'spread': 0.36000000000000004, 'learning_rate': 0.0003}",ppo,1000,linear,0.0003,,,,,,
Autoencode,filterbank+esn,1,1014,13.770216962524655,-0.47538458,0.06997892690434455,-0.48148631489493204,-0.4721252896907217,3282,"{'decomposition': 'legendre', 'n_filters': 12, 'slowest': 0.006397371281320229, 'input_scaling': 0.550142611755141, 'bias_dist': 'foldnorm', 'bias_scaling': 0.07438842372152364, 'lr': 0.6575600610814601, 'sr': 0.8663422541011234, 'rc_connectivity': 0.013579746643157644, 'learning_rate': 0.0003}",dqn,1000,linear,0.0003,,,,,,
Autoencode,filterbank+proj,0,1014,0.0,-0.4769230199999999,0.12379603037327006,-0.46949340728170325,-0.45402024176954736,3684,"{'decomposition': 'legendre', 'n_filters': 12, 'slowest': 0.015468638100899648, 'input_scaling': 0.8216619713233748, 'bias_dist': 'foldnorm', 'bias_scaling': 0.04249382119350724, 'lr': 0.7520411716638045, 'weight_increment': 0.001395793645992084, 'min_window': 19, 'max_window': 32, 'use_full_instance': True, 'max_partners': 20, 'homeostasis': 'mean', 'target': 0.69, 'spread': 0.36000000000000004, 'learning_rate': 0.003}",ppo,1000,linear,0.003,,,,,,
Autoencode,filterbank+proj,5,1014,0.0,-0.45230761999999997,0.1150147810005114,-0.4646001710377455,-0.4462645925925926,3716,"{'decomposition': 'legendre', 'n_filters': 12, 'slowest': 0.015468638100899648, 'input_scaling': 0.8216619713233748, 'bias_dist': 'foldnorm', 'bias_scaling': 0.04249382119350724, 'lr': 0.7520411716638045, 'weight_increment': 0.001395793645992084, 'min_window': 19, 'max_window': 32, 'use_full_instance': True, 'max_partners': 20, 'homeostasis': 'mean', 'target': 0.69, 'spread': 0.36000000000000004, 'learning_rate': 0.001}",ppo,1000,linear,0.001,,,,,,
Autoencode,filterbank+proj,9,1014,0.0,-0.46538458000000005,0.10183240745049484,-0.47988510686002256,-0.46529751646090534,3759,"{'decomposition': 'legendre', 'n_filters': 12, 'slowest': 0.015468638100899648, 'input_scaling': 0.8216619713233748, 'bias_dist': 'foldnorm', 'bias_scaling': 0.04249382119350724, 'lr': 0.7520411716638045, 'weight_increment': 0.001395793645992084, 'min_window': 19, 'max_window': 32, 'use_full_instance': True, 'max_partners': 20, 'homeostasis': 'mean', 'target': 0.69, 'spread': 0.36000000000000004, 'learning_rate': 0.0003}",ppo,1000,linear,0.0003,,,,,,
Autoencode,filterbank+proj,8,1014,0.0,-0.44999993999999993,0.09077259726534433,-0.47958843011416236,-0.46335864506172836,3762,"{'decomposition': 'legendre', 'n_filters': 12, 'slowest': 0.015468638100899648, 'input_scaling': 0.8216619713233748, 'bias_dist': 'foldnorm', 'bias_scaling': 0.04249382119350724, 'lr': 0.7520411716638045, 'weight_increment': 0.001395793645992084, 'min_window': 19, 'max_window': 32, 'use_full_instance': True, 'max_partners': 20, 'homeostasis': 'mean', 'target': 0.69, 'spread': 0.36000000000000004, 'learning_rate': 0.0003}",ppo,1000,linear,0.0003,,,,,,
Autoencode,filterbank+proj,2,1014,0.0,-0.47769234,0.13347664298514703,-0.47939459734649803,-0.46604934979423873,3676,"{'decomposition': 'legendre', 'n_filters': 12, 'slowest': 0.015468638100899648, 'input_scaling': 0.8216619713233748, 'bias_dist': 'foldnorm', 'bias_scaling': 0.04249382119350724, 'lr': 0.7520411716638045, 'weight_increment': 0.001395793645992084, 'min_window': 19, 'max_window': 32, 'use_full_instance': True, 'max_partners': 20, 'homeostasis': 'mean', 'target': 0.69, 'spread': 0.36000000000000004, 'learning_rate': 0.003}",ppo,1000,linear,0.003,,,,,,
Autoencode,filterbank+proj,9,1014,0.0,-0.46307694,0.09759244839400433,-0.47446576355034453,-0.45944124588477364,3774,"{'decomposition': 'legendre', 'n_filters': 12, 'slowest': 0.015468638100899648, 'input_scaling': 0.8216619713233748, 'bias_dist': 'foldnorm', 'bias_scaling': 0.04249382119350724, 'lr': 0.7520411716638045, 'weight_increment': 0.001395793645992084, 'min_window': 19, 'max_window': 32, 'use_full_instance': True, 'max_partners': 20, 'homeostasis': 'mean', 'target': 0.69, 'spread': 0.36000000000000004, 'learning_rate': 0.001}",ppo,1000,linear,0.001,,,,,,
Autoencode,filterbank+proj,7,1014,0.0,-0.5,0.0,-0.49977056628612576,-0.5,3595,"{'decomposition': 'legendre', 'n_filters': 12, 'slowest': 0.015468638100899648, 'input_scaling': 0.8216619713233748, 'bias_dist': 'foldnorm', 'bias_scaling': 0.04249382119350724, 'lr': 0.7520411716638045, 'weight_increment': 0.001395793645992084, 'min_window': 19, 'max_window': 32, 'use_full_instance': True, 'max_partners': 20, 'homeostasis': 'mean', 'target': 0.69, 'spread': 0.36000000000000004, 'learning_rate': 0.01}",ppo,1000,linear,0.01,,,,,,
Autoencode,filterbank+esn,8,1014,13.770216962524655,-0.49153848000000006,0.04504444175000507,-0.48387926081582194,-0.47581282474226805,3325,"{'decomposition': 'legendre', 'n_filters': 12, 'slowest': 0.006397371281320229, 'input_scaling': 0.550142611755141, 'bias_dist': 'foldnorm', 'bias_scaling': 0.07438842372152364, 'lr': 0.6575600610814601, 'sr': 0.8663422541011234, 'rc_connectivity': 0.013579746643157644, 'learning_rate': 0.0003}",dqn,1000,linear,0.0003,,,,,,
Autoencode,filterbank+proj,4,1014,0.0,-0.4669231199999999,0.08770930609932791,-0.4732157355754397,-0.44998413477366256,3850,"{'decomposition': 'legendre', 'n_filters': 12, 'slowest': 0.015468638100899648, 'input_scaling': 0.8216619713233748, 'bias_dist': 'foldnorm', 'bias_scaling': 0.04249382119350724, 'lr': 0.7520411716638045, 'weight_increment': 0.001395793645992084, 'min_window': 19, 'max_window': 32, 'use_full_instance': True, 'max_partners': 20, 'homeostasis': 'mean', 'target': 0.69, 'spread': 0.36000000000000004, 'learning_rate': 0.001}",ppo,1000,linear,0.001,,,,,,
Autoencode,filterbank+proj,3,1014,0.0,-0.45846154,0.10486411612085612,-0.4722782321300011,-0.4627650689300411,3770,"{'decomposition': 'legendre', 'n_filters': 12, 'slowest': 0.015468638100899648, 'input_scaling': 0.8216619713233748, 'bias_dist': 'foldnorm', 'bias_scaling': 0.04249382119350724, 'lr': 0.7520411716638045, 'weight_increment': 0.001395793645992084, 'min_window': 19, 'max_window': 32, 'use_full_instance': True, 'max_partners': 20, 'homeostasis': 'mean', 'target': 0.69, 'spread': 0.36000000000000004, 'learning_rate': 0.003}",ppo,1000,linear,0.003,,,,,,
Autoencode,filterbank+proj,0,1014,0.0,-0.5,0.0,-0.4997784780417567,-0.5,3687,"{'decomposition': 'legendre', 'n_filters': 12, 'slowest': 0.015468638100899648, 'input_scaling': 0.8216619713233748, 'bias_dist': 'foldnorm', 'bias_scaling': 0.04249382119350724, 'lr': 0.7520411716638045, 'weight_increment': 0.001395793645992084, 'min_window': 19, 'max_window': 32, 'use_full_instance': True, 'max_partners': 20, 'homeostasis': 'mean', 'target': 0.69, 'spread': 0.36000000000000004, 'learning_rate': 0.01}",ppo,1000,linear,0.01,,,,,,
Autoencode,filterbank+esn,0,1014,13.770216962524655,-0.48076918,0.08076933809576255,-0.49112547888339514,-0.4881443319587629,3332,"{'decomposition': 'legendre', 'n_filters': 12, 'slowest': 0.006397371281320229, 'input_scaling': 0.550142611755141, 'bias_dist': 'foldnorm', 'bias_scaling': 0.07438842372152364, 'lr': 0.6575600610814601, 'sr': 0.8663422541011234, 'rc_connectivity': 0.013579746643157644, 'learning_rate': 0.001}",dqn,1000,linear,0.001,,,,,,
Autoencode,filterbank+proj,9,1014,0.0,-0.4807691800000001,0.11338004348397297,-0.4694617643731358,-0.45746278497942383,3717,"{'decomposition': 'legendre', 'n_filters': 12, 'slowest': 0.015468638100899648, 'input_scaling': 0.8216619713233748, 'bias_dist': 'foldnorm', 'bias_scaling': 0.04249382119350724, 'lr': 0.7520411716638045, 'weight_increment': 0.001395793645992084, 'min_window': 19, 'max_window': 32, 'use_full_instance': True, 'max_partners': 20, 'homeostasis': 'mean', 'target': 0.69, 'spread': 0.36000000000000004, 'learning_rate': 0.003}",ppo,1000,linear,0.003,,,,,,
Autoencode,filterbank+proj,5,1014,0.0,-0.46846151999999996,0.11708751147944686,-0.4773059751105626,-0.47143081687242805,3785,"{'decomposition': 'legendre', 'n_filters': 12, 'slowest': 0.015468638100899648, 'input_scaling': 0.8216619713233748, 'bias_dist': 'foldnorm', 'bias_scaling': 0.04249382119350724, 'lr': 0.7520411716638045, 'weight_increment': 0.001395793645992084, 'min_window': 19, 'max_window': 32, 'use_full_instance': True, 'max_partners': 20, 'homeostasis': 'mean', 'target': 0.69, 'spread': 0.36000000000000004, 'learning_rate': 0.003}",ppo,1000,linear,0.003,,,,,,
Autoencode,filterbank+proj,1,1014,0.0,-0.44384614,0.10829786333275647,-0.4688486117453461,-0.4559591255144034,3860,"{'decomposition': 'legendre', 'n_filters': 12, 'slowest': 0.015468638100899648, 'input_scaling': 0.8216619713233748, 'bias_dist': 'foldnorm', 'bias_scaling': 0.04249382119350724, 'lr': 0.7520411716638045, 'weight_increment': 0.001395793645992084, 'min_window': 19, 'max_window': 32, 'use_full_instance': True, 'max_partners': 20, 'homeostasis': 'mean', 'target': 0.69, 'spread': 0.36000000000000004, 'learning_rate': 0.003}",ppo,1000,linear,0.003,,,,,,
Autoencode,filterbank+proj,5,1014,0.0,-0.5,0.0,-0.5000909820014399,-0.5,3707,"{'decomposition': 'legendre', 'n_filters': 12, 'slowest': 0.015468638100899648, 'input_scaling': 0.8216619713233748, 'bias_dist': 'foldnorm', 'bias_scaling': 0.04249382119350724, 'lr': 0.7520411716638045, 'weight_increment': 0.001395793645992084, 'min_window': 19, 'max_window': 32, 'use_full_instance': True, 'max_partners': 20, 'homeostasis': 'mean', 'target': 0.69, 'spread': 0.36000000000000004, 'learning_rate': 0.01}",ppo,1000,linear,0.01,,,,,,
Autoencode,filterbank+proj,4,1014,0.0,-0.47692306,0.06965694670983218,-0.48208053255168165,-0.47443809259259256,3827,"{'decomposition': 'legendre', 'n_filters': 12, 'slowest': 0.015468638100899648, 'input_scaling': 0.8216619713233748, 'bias_dist': 'foldnorm', 'bias_scaling': 0.04249382119350724, 'lr': 0.7520411716638045, 'weight_increment': 0.001395793645992084, 'min_window': 19, 'max_window': 32, 'use_full_instance': True, 'max_partners': 20, 'homeostasis': 'mean', 'target': 0.69, 'spread': 0.36000000000000004, 'learning_rate': 0.003}",ppo,1000,linear,0.003,,,,,,
Autoencode,filterbank+proj,7,1014,0.0,-0.46461533999999993,0.12060996912919097,-0.47676008680448423,-0.47150996296296294,3796,"{'decomposition': 'legendre', 'n_filters': 12, 'slowest': 0.015468638100899648, 'input_scaling': 0.8216619713233748, 'bias_dist': 'foldnorm', 'bias_scaling': 0.04249382119350724, 'lr': 0.7520411716638045, 'weight_increment': 0.001395793645992084, 'min_window': 19, 'max_window': 32, 'use_full_instance': True, 'max_partners': 20, 'homeostasis': 'mean', 'target': 0.69, 'spread': 0.36000000000000004, 'learning_rate': 0.003}",ppo,1000,linear,0.003,,,,,,
Autoencode,filterbank+proj,9,1014,0.0,-0.5,0.0,-0.5002294333024786,-0.5,3721,"{'decomposition': 'legendre', 'n_filters': 12, 'slowest': 0.015468638100899648, 'input_scaling': 0.8216619713233748, 'bias_dist': 'foldnorm', 'bias_scaling': 0.04249382119350724, 'lr': 0.7520411716638045, 'weight_increment': 0.001395793645992084, 'min_window': 19, 'max_window': 32, 'use_full_instance': True, 'max_partners': 20, 'homeostasis': 'mean', 'target': 0.69, 'spread': 0.36000000000000004, 'learning_rate': 0.01}",ppo,1000,linear,0.01,,,,,,
Autoencode,filterbank+proj,8,1014,0.0,-0.5,0.0,-0.5000553807466832,-0.5,3745,"{'decomposition': 'legendre', 'n_filters': 12, 'slowest': 0.015468638100899648, 'input_scaling': 0.8216619713233748, 'bias_dist': 'foldnorm', 'bias_scaling': 0.04249382119350724, 'lr': 0.7520411716638045, 'weight_increment': 0.001395793645992084, 'min_window': 19, 'max_window': 32, 'use_full_instance': True, 'max_partners': 20, 'homeostasis': 'mean', 'target': 0.69, 'spread': 0.36000000000000004, 'learning_rate': 0.01}",ppo,1000,linear,0.01,,,,,,
Autoencode,filterbank+proj,6,1014,0.0,-0.5,0.0,-0.5000988932428263,-0.5,3775,"{'decomposition': 'legendre', 'n_filters': 12, 'slowest': 0.015468638100899648, 'input_scaling': 0.8216619713233748, 'bias_dist': 'foldnorm', 'bias_scaling': 0.04249382119350724, 'lr': 0.7520411716638045, 'weight_increment': 0.001395793645992084, 'min_window': 19, 'max_window': 32, 'use_full_instance': True, 'max_partners': 20, 'homeostasis': 'mean', 'target': 0.69, 'spread': 0.36000000000000004, 'learning_rate': 0.01}",ppo,1000,linear,0.01,,,,,,
Autoencode,filterbank+proj,4,1014,0.0,-0.5,0.0,-0.5001819653399157,-0.5,3836,"{'decomposition': 'legendre', 'n_filters': 12, 'slowest': 0.015468638100899648, 'input_scaling': 0.8216619713233748, 'bias_dist': 'foldnorm', 'bias_scaling': 0.04249382119350724, 'lr': 0.7520411716638045, 'weight_increment': 0.001395793645992084, 'min_window': 19, 'max_window': 32, 'use_full_instance': True, 'max_partners': 20, 'homeostasis': 'mean', 'target': 0.69, 'spread': 0.36000000000000004, 'learning_rate': 0.01}",ppo,1000,linear,0.01,,,,,,
Autoencode,filterbank+proj,2,1014,0.0,-0.5,0.0,-0.4997705676231615,-0.5,3881,"{'decomposition': 'legendre', 'n_filters': 12, 'slowest': 0.015468638100899648, 'input_scaling': 0.8216619713233748, 'bias_dist': 'foldnorm', 'bias_scaling': 0.04249382119350724, 'lr': 0.7520411716638045, 'weight_increment': 0.001395793645992084, 'min_window': 19, 'max_window': 32, 'use_full_instance': True, 'max_partners': 20, 'homeostasis': 'mean', 'target': 0.69, 'spread': 0.36000000000000004, 'learning_rate': 0.01}",ppo,1000,linear,0.01,,,,,,
Autoencode,filterbank+proj,8,1014,0.0,-0.45076923999999996,0.1447381895440951,-0.468488652987761,-0.46798826851851855,4001,"{'decomposition': 'legendre', 'n_filters': 12, 'slowest': 0.015468638100899648, 'input_scaling': 0.8216619713233748, 'bias_dist': 'foldnorm', 'bias_scaling': 0.04249382119350724, 'lr': 0.7520411716638045, 'weight_increment': 0.001395793645992084, 'min_window': 19, 'max_window': 32, 'use_full_instance': True, 'max_partners': 20, 'homeostasis': 'mean', 'target': 0.69, 'spread': 0.36000000000000004, 'learning_rate': 0.003}",ppo,1000,linear,0.003,,,,,,
Autoencode,filterbank+proj,3,1014,0.0,-0.5,0.0,-0.4999327547053379,-0.5,3989,"{'decomposition': 'legendre', 'n_filters': 12, 'slowest': 0.015468638100899648, 'input_scaling': 0.8216619713233748, 'bias_dist': 'foldnorm', 'bias_scaling': 0.04249382119350724, 'lr': 0.7520411716638045, 'weight_increment': 0.001395793645992084, 'min_window': 19, 'max_window': 32, 'use_full_instance': True, 'max_partners': 20, 'homeostasis': 'mean', 'target': 0.69, 'spread': 0.36000000000000004, 'learning_rate': 0.01}",ppo,1000,linear,0.01,,,,,,
Autoencode,filterbank+proj,1,1014,0.0,-0.5,0.0,-0.49998417679728474,-0.5,4019,"{'decomposition': 'legendre', 'n_filters': 12, 'slowest': 0.015468638100899648, 'input_scaling': 0.8216619713233748, 'bias_dist': 'foldnorm', 'bias_scaling': 0.04249382119350724, 'lr': 0.7520411716638045, 'weight_increment': 0.001395793645992084, 'min_window': 19, 'max_window': 32, 'use_full_instance': True, 'max_partners': 20, 'homeostasis': 'mean', 'target': 0.69, 'spread': 0.36000000000000004, 'learning_rate': 0.01}",ppo,1000,linear,0.01,,,,,,
Autoencode,filterbank+esn,5,1014,13.770216962524655,-0.47538455999999996,0.09722797583662018,-0.4892634123403378,-0.4907216567010309,3231,"{'decomposition': 'legendre', 'n_filters': 12, 'slowest': 0.006397371281320229, 'input_scaling': 0.550142611755141, 'bias_dist': 'foldnorm', 'bias_scaling': 0.07438842372152364, 'lr': 0.6575600610814601, 'sr': 0.8663422541011234, 'rc_connectivity': 0.013579746643157644, 'learning_rate': 0.001}",dqn,1000,linear,0.001,,,,,,
Autoencode,filterbank+esn,4,1014,13.770216962524655,-0.4846154,0.055470116695388344,-0.48697742490729296,-0.4887390979381443,3307,"{'decomposition': 'legendre', 'n_filters': 12, 'slowest': 0.006397371281320229, 'input_scaling': 0.550142611755141, 'bias_dist': 'foldnorm', 'bias_scaling': 0.07438842372152364, 'lr': 0.6575600610814601, 'sr': 0.8663422541011234, 'rc_connectivity': 0.013579746643157644, 'learning_rate': 0.001}",dqn,1000,linear,0.001,,,,,,
Autoencode,filterbank+esn,6,1014,13.770216962524655,-0.49538457999999996,0.025091638533256456,-0.49086795560362584,-0.48719268350515466,3264,"{'decomposition': 'legendre', 'n_filters': 12, 'slowest': 0.006397371281320229, 'input_scaling': 0.550142611755141, 'bias_dist': 'foldnorm', 'bias_scaling': 0.07438842372152364, 'lr': 0.6575600610814601, 'sr': 0.8663422541011234, 'rc_connectivity': 0.013579746643157644, 'learning_rate': 0.001}",dqn,1000,linear,0.001,,,,,,
Autoencode,filterbank+esn,7,1014,13.770216962524655,-0.47461536000000004,0.09218264763799312,-0.4921912146683148,-0.4905233958762886,3261,"{'decomposition': 'legendre', 'n_filters': 12, 'slowest': 0.006397371281320229, 'input_scaling': 0.550142611755141, 'bias_dist': 'foldnorm', 'bias_scaling': 0.07438842372152364, 'lr': 0.6575600610814601, 'sr': 0.8663422541011234, 'rc_connectivity': 0.013579746643157644, 'learning_rate': 0.001}",dqn,1000,linear,0.001,,,,,,
Autoencode,filterbank+esn,8,1014,13.770216962524655,-0.4784615400000001,0.08975977378229293,-0.49111755346106306,-0.4844567680412371,3291,"{'decomposition': 'legendre', 'n_filters': 12, 'slowest': 0.006397371281320229, 'input_scaling': 0.550142611755141, 'bias_dist': 'foldnorm', 'bias_scaling': 0.07438842372152364, 'lr': 0.6575600610814601, 'sr': 0.8663422541011234, 'rc_connectivity': 0.013579746643157644, 'learning_rate': 0.001}",dqn,1000,linear,0.001,,,,,,
Autoencode,filterbank+esn,0,1014,13.770216962524655,-0.50769234,0.07497543645130984,-0.49771798073753604,-0.49195081443298966,3251,"{'decomposition': 'legendre', 'n_filters': 12, 'slowest': 0.006397371281320229, 'input_scaling': 0.550142611755141, 'bias_dist': 'foldnorm', 'bias_scaling': 0.07438842372152364, 'lr': 0.6575600610814601, 'sr': 0.8663422541011234, 'rc_connectivity': 0.013579746643157644, 'learning_rate': 0.003}",dqn,1000,linear,0.003,,,,,,
Autoencode,filterbank+esn,9,1014,13.770216962524655,-0.49538462000000005,0.05940547198563109,-0.4897903372476307,-0.4877874659793814,3311,"{'decomposition': 'legendre', 'n_filters': 12, 'slowest': 0.006397371281320229, 'input_scaling': 0.550142611755141, 'bias_dist': 'foldnorm', 'bias_scaling': 0.07438842372152364, 'lr': 0.6575600610814601, 'sr': 0.8663422541011234, 'rc_connectivity': 0.013579746643157644, 'learning_rate': 0.001}",dqn,1000,linear,0.001,,,,,,
Autoencode,filterbank+esn,2,1014,13.770216962524655,-0.49923072000000007,0.09246474611159432,-0.49446134590028845,-0.49143535773195873,3297,"{'decomposition': 'legendre', 'n_filters': 12, 'slowest': 0.006397371281320229, 'input_scaling': 0.550142611755141, 'bias_dist': 'foldnorm', 'bias_scaling': 0.07438842372152364, 'lr': 0.6575600610814601, 'sr': 0.8663422541011234, 'rc_connectivity': 0.013579746643157644, 'learning_rate': 0.003}",dqn,1000,linear,0.003,,,,,,
Autoencode,filterbank+esn,1,1014,13.770216962524655,-0.50307694,0.07411825280547565,-0.49213178646477135,-0.48663758453608247,3327,"{'decomposition': 'legendre', 'n_filters': 12, 'slowest': 0.006397371281320229, 'input_scaling': 0.550142611755141, 'bias_dist': 'foldnorm', 'bias_scaling': 0.07438842372152364, 'lr': 0.6575600610814601, 'sr': 0.8663422541011234, 'rc_connectivity': 0.013579746643157644, 'learning_rate': 0.003}",dqn,1000,linear,0.003,,,,,,
Autoencode,filterbank+esn,3,1014,13.770216962524655,-0.47230770000000005,0.09232061358337042,-0.49478622084878443,-0.4929817597938145,3356,"{'decomposition': 'legendre', 'n_filters': 12, 'slowest': 0.006397371281320229, 'input_scaling': 0.550142611755141, 'bias_dist': 'foldnorm', 'bias_scaling': 0.07438842372152364, 'lr': 0.6575600610814601, 'sr': 0.8663422541011234, 'rc_connectivity': 0.013579746643157644, 'learning_rate': 0.003}",dqn,1000,linear,0.003,,,,,,
Autoencode,filterbank+esn,7,1014,13.770216962524655,-0.51384614,0.0716501586571893,-0.4955429361351463,-0.4912767680412371,3278,"{'decomposition': 'legendre', 'n_filters': 12, 'slowest': 0.006397371281320229, 'input_scaling': 0.550142611755141, 'bias_dist': 'foldnorm', 'bias_scaling': 0.07438842372152364, 'lr': 0.6575600610814601, 'sr': 0.8663422541011234, 'rc_connectivity': 0.013579746643157644, 'learning_rate': 0.003}",dqn,1000,linear,0.003,,,,,,
Autoencode,filterbank+esn,5,1014,13.770216962524655,-0.46615381999999994,0.07831057727834471,-0.4953052214668315,-0.495281524742268,3292,"{'decomposition': 'legendre', 'n_filters': 12, 'slowest': 0.006397371281320229, 'input_scaling': 0.550142611755141, 'bias_dist': 'foldnorm', 'bias_scaling': 0.07438842372152364, 'lr': 0.6575600610814601, 'sr': 0.8663422541011234, 'rc_connectivity': 0.013579746643157644, 'learning_rate': 0.003}",dqn,1000,linear,0.003,,,,,,
Autoencode,filterbank+esn,4,1014,13.770216962524655,-0.51153854,0.08040218924611693,-0.49379971992171406,-0.4960348804123711,3352,"{'decomposition': 'legendre', 'n_filters': 12, 'slowest': 0.006397371281320229, 'input_scaling': 0.550142611755141, 'bias_dist': 'foldnorm', 'bias_scaling': 0.07438842372152364, 'lr': 0.6575600610814601, 'sr': 0.8663422541011234, 'rc_connectivity': 0.013579746643157644, 'learning_rate': 0.003}",dqn,1000,linear,0.003,,,,,,
Autoencode,filterbank+esn,6,1014,13.770216962524655,-0.48461534,0.06153854750044398,-0.49720691553358054,-0.4912767659793814,3370,"{'decomposition': 'legendre', 'n_filters': 12, 'slowest': 0.006397371281320229, 'input_scaling': 0.550142611755141, 'bias_dist': 'foldnorm', 'bias_scaling': 0.07438842372152364, 'lr': 0.6575600610814601, 'sr': 0.8663422541011234, 'rc_connectivity': 0.013579746643157644, 'learning_rate': 0.003}",dqn,1000,linear,0.003,,,,,,
Autoencode,filterbank+esn,8,1014,13.770216962524655,-0.48769228,0.07110301988496409,-0.4937838730943552,-0.488739081443299,3380,"{'decomposition': 'legendre', 'n_filters': 12, 'slowest': 0.006397371281320229, 'input_scaling': 0.550142611755141, 'bias_dist': 'foldnorm', 'bias_scaling': 0.07438842372152364, 'lr': 0.6575600610814601, 'sr': 0.8663422541011234, 'rc_connectivity': 0.013579746643157644, 'learning_rate': 0.003}",dqn,1000,linear,0.003,,,,,,
Autoencode,filterbank+esn,9,1014,13.770216962524655,-0.48846143999999997,0.08003336863312953,-0.494746597960445,-0.48957176391752577,3379,"{'decomposition': 'legendre', 'n_filters': 12, 'slowest': 0.006397371281320229, 'input_scaling': 0.550142611755141, 'bias_dist': 'foldnorm', 'bias_scaling': 0.07438842372152364, 'lr': 0.6575600610814601, 'sr': 0.8663422541011234, 'rc_connectivity': 0.013579746643157644, 'learning_rate': 0.003}",dqn,1000,linear,0.003,,,,,,
Autoencode,filterbank+hag,0,1014,3.886587771203156,-0.48538458000000007,0.10402842992203429,-0.4965215082406263,-0.4986122113402062,3374,"{'decomposition': 'legendre', 'n_filters': 12, 'slowest': 0.015468638100899648, 'input_scaling': 0.8216619713233748, 'bias_dist': 'foldnorm', 'bias_scaling': 0.04249382119350724, 'lr': 0.7520411716638045, 'weight_increment': 0.001395793645992084, 'min_window': 19, 'max_window': 32, 'use_full_instance': True, 'max_partners': 20, 'homeostasis': 'mean', 'target': 0.69, 'spread': 0.36000000000000004, 'learning_rate': 0.0001}",dqn,1000,linear,0.0001,,,,,,
Autoencode,filterbank+hag,4,1014,3.804733727810651,-0.5,0.0,-0.49475055953852487,-0.4992466298969072,3340,"{'decomposition': 'legendre', 'n_filters': 12, 'slowest': 0.015468638100899648, 'input_scaling': 0.8216619713233748, 'bias_dist': 'foldnorm', 'bias_scaling': 0.04249382119350724, 'lr': 0.7520411716638045, 'weight_increment': 0.001395793645992084, 'min_window': 19, 'max_window': 32, 'use_full_instance': True, 'max_partners': 20, 'homeostasis': 'mean', 'target': 0.69, 'spread': 0.36000000000000004, 'learning_rate': 0.0001}",dqn,1000,linear,0.0001,,,,,,
Autoencode,filterbank+hag,2,1014,3.727810650887574,-0.4976923,0.016153900000000002,-0.49654131911825306,-0.4981760556701031,3385,"{'decomposition': 'legendre', 'n_filters': 12, 'slowest': 0.015468638100899648, 'input_scaling': 0.8216619713233748, 'bias_dist': 'foldnorm', 'bias_scaling': 0.04249382119350724, 'lr': 0.7520411716638045, 'weight_increment': 0.001395793645992084, 'min_window': 19, 'max_window': 32, 'use_full_instance': True, 'max_partners': 20, 'homeostasis': 'mean', 'target': 0.69, 'spread': 0.36000000000000004, 'learning_rate': 0.0001}",dqn,1000,linear,0.0001,,,,,,
Autoencode,filterbank+hag,3,1014,3.6124260355029585,-0.49615384,0.04300145119428413,-0.493558047486609,-0.49111814639175255,3409,"{'decomposition': 'legendre', 'n_filters': 12, 'slowest': 0.015468638100899648, 'input_scaling': 0.8216619713233748, 'bias_dist': 'foldnorm', 'bias_scaling': 0.04249382119350724, 'lr': 0.7520411716638045, 'weight_increment': 0.001395793645992084, 'min_window': 19, 'max_window': 32, 'use_full_instance': True, 'max_partners': 20, 'homeostasis': 'mean', 'target': 0.69, 'spread': 0.36000000000000004, 'learning_rate': 0.0001}",dqn,1000,linear,0.0001,,,,,,
Autoencode,filterbank+hag,1,1014,3.8037475345167655,-0.48307691999999997,0.10122341808748408,-0.4942315701483312,-0.49068201340206186,3433,"{'decomposition': 'legendre', 'n_filters': 12, 'slowest': 0.015468638100899648, 'input_scaling': 0.8216619713233748, 'bias_dist': 'foldnorm', 'bias_scaling': 0.04249382119350724, 'lr': 0.7520411716638045, 'weight_increment': 0.001395793645992084, 'min_window': 19, 'max_window': 32, 'use_full_instance': True, 'max_partners': 20, 'homeostasis': 'mean', 'target': 0.69, 'spread': 0.36000000000000004, 'learning_rate': 0.0001}",dqn,1000,linear,0.0001,,,,,,
Autoencode,filterbank+hag,2,1014,3.727810650887574,-0.5,0.010878696407198796,-0.4962798374536465,-0.4982950061855671,3352,"{'decomposition': 'legendre', 'n_filters': 12, 'slowest': 0.015468638100899648, 'input_scaling': 0.8216619713233748, 'bias_dist': 'foldnorm', 'bias_scaling': 0.04249382119350724, 'lr': 0.7520411716638045, 'weight_increment': 0.001395793645992084, 'min_window': 19, 'max_window': 32, 'use_full_instance': True, 'max_partners': 20, 'homeostasis': 'mean', 'target': 0.69, 'spread': 0.36000000000000004, 'learning_rate': 0.0003}",dqn,1000,linear,0.0003,,,,,,
Autoencode,filterbank+hag,7,1014,3.5956607495069033,-0.49461542000000003,0.08391684755901879,-0.4965056590440873,-0.4874702721649484,3350,"{'decomposition': 'legendre', 'n_filters': 12, 'slowest': 0.015468638100899648, 'input_scaling': 0.8216619713233748, 'bias_dist': 'foldnorm', 'bias_scaling': 0.04249382119350724, 'lr': 0.7520411716638045, 'weight_increment': 0.001395793645992084, 'min_window': 19, 'max_window': 32, 'use_full_instance': True, 'max_partners': 20, 'homeostasis': 'mean', 'target': 0.69, 'spread': 0.36000000000000004, 'learning_rate': 0.0003}",dqn,1000,linear,0.0003,,,,,,
Autoencode,filterbank+hag,1,1014,3.8037475345167655,-0.49384606,0.051807693153588685,-0.497000892459827,-0.4927042134020619,3391,"{'decomposition': 'legendre', 'n_filters': 12, 'slowest': 0.015468638100899648, 'input_scaling': 0.8216619713233748, 'bias_dist': 'foldnorm', 'bias_scaling': 0.04249382119350724, 'lr': 0.7520411716638045, 'weight_increment': 0.001395793645992084, 'min_window': 19, 'max_window': 32, 'use_full_instance': True, 'max_partners': 20, 'homeostasis': 'mean', 'target': 0.69, 'spread': 0.36000000000000004, 'learning_rate': 0.0003}",dqn,1000,linear,0.0003,,,,,,
Autoencode,filterbank+hag,8,1014,3.7189349112426036,-0.50000002,0.029792253073904967,-0.4947862162134323,-0.4909595484536083,3400,"{'decomposition': 'legendre', 'n_filters': 12, 'slowest': 0.015468638100899648, 'input_scaling': 0.8216619713233748, 'bias_dist': 'foldnorm', 'bias_scaling': 0.04249382119350724, 'lr': 0.7520411716638045, 'weight_increment': 0.001395793645992084, 'min_window': 19, 'max_window': 32, 'use_full_instance': True, 'max_partners': 20, 'homeostasis': 'mean', 'target': 0.69, 'spread': 0.36000000000000004, 'learning_rate': 0.0001}",dqn,1000,linear,0.0001,,,,,,
Autoencode,filterbank+hag,7,1014,3.5956607495069033,-0.51076926,0.09422383439529725,-0.4930073568191183,-0.48838223711340206,3414,"{'decomposition': 'legendre', 'n_filters': 12, 'slowest': 0.015468638100899648, 'input_scaling': 0.8216619713233748, 'bias_dist': 'foldnorm', 'bias_scaling': 0.04249382119350724, 'lr': 0.7520411716638045, 'weight_increment': 0.001395793645992084, 'min_window': 19, 'max_window': 32, 'use_full_instance': True, 'max_partners': 20, 'homeostasis': 'mean', 'target': 0.69, 'spread': 0.36000000000000004, 'learning_rate': 0.0001}",dqn,1000,linear,0.0001,,,,,,
Autoencode,filterbank+hag,9,1014,3.826429980276134,-0.50692304,0.08793838033645149,-0.49509524443757724,-0.4931800216494846,3406,"{'decomposition': 'legendre', 'n_filters': 12, 'slowest': 0.015468638100899648, 'input_scaling': 0.8216619713233748, 'bias_dist': 'foldnorm', 'bias_scaling': 0.04249382119350724, 'lr': 0.7520411716638045, 'weight_increment': 0.001395793645992084, 'min_window': 19, 'max_window': 32, 'use_full_instance': True, 'max_partners': 20, 'homeostasis': 'mean', 'target': 0.69, 'spread': 0.36000000000000004, 'learning_rate': 0.0001}",dqn,1000,linear,0.0001,,,,,,
Autoencode,filterbank+hag,5,1014,3.6025641025641026,-0.5,0.0,-0.4949288476514215,-0.4960745412371134,3433,"{'decomposition': 'legendre', 'n_filters': 12, 'slowest': 0.015468638100899648, 'input_scaling': 0.8216619713233748, 'bias_dist': 'foldnorm', 'bias_scaling': 0.04249382119350724, 'lr': 0.7520411716638045, 'weight_increment': 0.001395793645992084, 'min_window': 19, 'max_window': 32, 'use_full_instance': True, 'max_partners': 20, 'homeostasis': 'mean', 'target': 0.69, 'spread': 0.36000000000000004, 'learning_rate': 0.0001}",dqn,1000,linear,0.0001,,,,,,
Autoencode,filterbank+hag,1,1014,3.8037475345167655,-0.49923075999999994,0.009389770841846994,-0.49793984940255454,-0.4991673288659794,3367,"{'decomposition': 'legendre', 'n_filters': 12, 'slowest': 0.015468638100899648, 'input_scaling': 0.8216619713233748, 'bias_dist': 'foldnorm', 'bias_scaling': 0.04249382119350724, 'lr': 0.7520411716638045, 'weight_increment': 0.001395793645992084, 'min_window': 19, 'max_window': 32, 'use_full_instance': True, 'max_partners': 20, 'homeostasis': 'mean', 'target': 0.69, 'spread': 0.36000000000000004, 'learning_rate': 0.001}",dqn,1000,linear,0.001,,,,,,
Autoencode,filterbank+hag,6,1014,3.559171597633136,-0.50307696,0.09447469908371448,-0.4953923841161928,-0.48869943608247424,3407,"{'decomposition': 'legendre', 'n_filters': 12, 'slowest': 0.015468638100899648, 'input_scaling': 0.8216619713233748, 'bias_dist': 'foldnorm', 'bias_scaling': 0.04249382119350724, 'lr': 0.7520411716638045, 'weight_increment': 0.001395793645992084, 'min_window': 19, 'max_window': 32, 'use_full_instance': True, 'max_partners': 20, 'homeostasis': 'mean', 'target': 0.69, 'spread': 0.36000000000000004, 'learning_rate': 0.0003}",dqn,1000,linear,0.0003,,,,,,
Autoencode,filterbank+hag,3,1014,3.6124260355029585,-0.49538464000000004,0.03740086528825771,-0.4957132912031314,-0.49567801237113407,3427,"{'decomposition': 'legendre', 'n_filters': 12, 'slowest': 0.015468638100899648, 'input_scaling': 0.8216619713233748, 'bias_dist': 'foldnorm', 'bias_scaling': 0.04249382119350724, 'lr': 0.7520411716638045, 'weight_increment': 0.001395793645992084, 'min_window': 19, 'max_window': 32, 'use_full_instance': True, 'max_partners': 20, 'homeostasis': 'mean', 'target': 0.69, 'spread': 0.36000000000000004, 'learning_rate': 0.0003}",dqn,1000,linear,0.0003,,,,,,
Autoencode,filterbank+hag,6,1014,3.559171597633136,-0.5,0.0,-0.4939185775648949,-0.49095954948453613,3468,"{'decomposition': 'legendre', 'n_filters': 12, 'slowest': 0.015468638100899648, 'input_scaling': 0.8216619713233748, 'bias_dist': 'foldnorm', 'bias_scaling': 0.04249382119350724, 'lr': 0.7520411716638045, 'weight_increment': 0.001395793645992084, 'min_window': 19, 'max_window': 32, 'use_full_instance': True, 'max_partners': 20, 'homeostasis': 'mean', 'target': 0.69, 'spread': 0.36000000000000004, 'learning_rate': 0.0001}",dqn,1000,linear,0.0001,,,,,,
Autoencode,filterbank+hag,8,1014,3.7189349112426036,-0.48538455999999996,0.06918388867479479,-0.4961213570251339,-0.4963917597938144,3423,"{'decomposition': 'legendre', 'n_filters': 12, 'slowest': 0.015468638100899648, 'input_scaling': 0.8216619713233748, 'bias_dist': 'foldnorm', 'bias_scaling': 0.04249382119350724, 'lr': 0.7520411716638045, 'weight_increment': 0.001395793645992084, 'min_window': 19, 'max_window': 32, 'use_full_instance': True, 'max_partners': 20, 'homeostasis': 'mean', 'target': 0.69, 'spread': 0.36000000000000004, 'learning_rate': 0.0003}",dqn,1000,linear,0.0003,,,,,,
Autoencode,filterbank+hag,4,1014,3.804733727810651,-0.50307694,0.06742968559541414,-0.49711182282653477,-0.49873115876288654,3373,"{'decomposition': 'legendre', 'n_filters': 12, 'slowest': 0.015468638100899648, 'input_scaling': 0.8216619713233748, 'bias_dist': 'foldnorm', 'bias_scaling': 0.04249382119350724, 'lr': 0.7520411716638045, 'weight_increment': 0.001395793645992084, 'min_window': 19, 'max_window': 32, 'use_full_instance': True, 'max_partners': 20, 'homeostasis': 'mean', 'target': 0.69, 'spread': 0.36000000000000004, 'learning_rate': 0.001}",dqn,1000,linear,0.001,,,,,,
Autoencode,filterbank+hag,4,1014,3.804733727810651,-0.50076924,0.0302749840690693,-0.49720690688092295,-0.4987311752577319,3439,"{'decomposition': 'legendre', 'n_filters': 12, 'slowest': 0.015468638100899648, 'input_scaling': 0.8216619713233748, 'bias_dist': 'foldnorm', 'bias_scaling': 0.04249382119350724, 'lr': 0.7520411716638045, 'weight_increment': 0.001395793645992084, 'min_window': 19, 'max_window': 32, 'use_full_instance': True, 'max_partners': 20, 'homeostasis': 'mean', 'target': 0.69, 'spread': 0.36000000000000004, 'learning_rate': 0.0003}",dqn,1000,linear,0.0003,,,,,,
Autoencode,filterbank+hag,5,1014,3.6025641025641026,-0.5,0.0,-0.49637095611866505,-0.49770023092783505,3439,"{'decomposition': 'legendre', 'n_filters': 12, 'slowest': 0.015468638100899648, 'input_scaling': 0.8216619713233748, 'bias_dist': 'foldnorm', 'bias_scaling': 0.04249382119350724, 'lr': 0.7520411716638045, 'weight_increment': 0.001395793645992084, 'min_window': 19, 'max_window': 32, 'use_full_instance': True, 'max_partners': 20, 'homeostasis': 'mean', 'target': 0.69, 'spread': 0.36000000000000004, 'learning_rate': 0.0003}",dqn,1000,linear,0.0003,,,,,,
Autoencode,filterbank+hag,0,1014,3.886587771203156,-0.5,0.0,-0.49616493943139683,-0.49238697938144327,3484,"{'decomposition': 'legendre', 'n_filters': 12, 'slowest': 0.015468638100899648, 'input_scaling': 0.8216619713233748, 'bias_dist': 'foldnorm', 'bias_scaling': 0.04249382119350724, 'lr': 0.7520411716638045, 'weight_increment': 0.001395793645992084, 'min_window': 19, 'max_window': 32, 'use_full_instance': True, 'max_partners': 20, 'homeostasis': 'mean', 'target': 0.69, 'spread': 0.36000000000000004, 'learning_rate': 0.0003}",dqn,1000,linear,0.0003,,,,,,
Autoencode,filterbank+hag,0,1014,3.886587771203156,-0.5,0.0,-0.49742877317676143,-0.4935368824742268,3445,"{'decomposition': 'legendre', 'n_filters': 12, 'slowest': 0.015468638100899648, 'input_scaling': 0.8216619713233748, 'bias_dist': 'foldnorm', 'bias_scaling': 0.04249382119350724, 'lr': 0.7520411716638045, 'weight_increment': 0.001395793645992084, 'min_window': 19, 'max_window': 32, 'use_full_instance': True, 'max_partners': 20, 'homeostasis': 'mean', 'target': 0.69, 'spread': 0.36000000000000004, 'learning_rate': 0.001}",dqn,1000,linear,0.001,,,,,,
Autoencode,filterbank+hag,2,1014,3.727810650887574,-0.46384612000000003,0.1055867356073934,-0.5006814440667491,-0.5073354628865979,3411,"{'decomposition': 'legendre', 'n_filters': 12, 'slowest': 0.015468638100899648, 'input_scaling': 0.8216619713233748, 'bias_dist': 'foldnorm', 'bias_scaling': 0.04249382119350724, 'lr': 0.7520411716638045, 'weight_increment': 0.001395793645992084, 'min_window': 19, 'max_window': 32, 'use_full_instance': True, 'max_partners': 20, 'homeostasis': 'mean', 'target': 0.69, 'spread': 0.36000000000000004, 'learning_rate': 0.001}",dqn,1000,linear,0.001,,,,,,
Autoencode,filterbank+hag,6,1014,3.559171597633136,-0.50230772,0.016154039999999998,-0.4990689719818706,-0.5032910432989691,3409,"{'decomposition': 'legendre', 'n_filters': 12, 'slowest': 0.015468638100899648, 'input_scaling': 0.8216619713233748, 'bias_dist': 'foldnorm', 'bias_scaling': 0.04249382119350724, 'lr': 0.7520411716638045, 'weight_increment': 0.001395793645992084, 'min_window': 19, 'max_window': 32, 'use_full_instance': True, 'max_partners': 20, 'homeostasis': 'mean', 'target': 0.69, 'spread': 0.36000000000000004, 'learning_rate': 0.001}",dqn,1000,linear,0.001,,,,,,
Autoencode,filterbank+hag,5,1014,3.6025641025641026,-0.49076922,0.11188548103472408,-0.49989699618871036,-0.502696293814433,3429,"{'decomposition': 'legendre', 'n_filters': 12, 'slowest': 0.015468638100899648, 'input_scaling': 0.8216619713233748, 'bias_dist': 'foldnorm', 'bias_scaling': 0.04249382119350724, 'lr': 0.7520411716638045, 'weight_increment': 0.001395793645992084, 'min_window': 19, 'max_window': 32, 'use_full_instance': True, 'max_partners': 20, 'homeostasis': 'mean', 'target': 0.69, 'spread': 0.36000000000000004, 'learning_rate': 0.001}",dqn,1000,linear,0.001,,,,,,
Autoencode,filterbank+hag,8,1014,3.7189349112426036,-0.49846154,0.08425103447179981,-0.49775364287185825,-0.49583664020618556,3352,"{'decomposition': 'legendre', 'n_filters': 12, 'slowest': 0.015468638100899648, 'input_scaling': 0.8216619713233748, 'bias_dist': 'foldnorm', 'bias_scaling': 0.04249382119350724, 'lr': 0.7520411716638045, 'weight_increment': 0.001395793645992084, 'min_window': 19, 'max_window': 32, 'use_full_instance': True, 'max_partners': 20, 'homeostasis': 'mean', 'target': 0.69, 'spread': 0.36000000000000004, 'learning_rate': 0.001}",dqn,1000,linear,0.001,,,,,,
Autoencode,filterbank+hag,9,1014,3.826429980276134,-0.49230764,0.021757265535687156,-0.4960421235063865,-0.4873909536082474,3493,"{'decomposition': 'legendre', 'n_filters': 12, 'slowest': 0.015468638100899648, 'input_scaling': 0.8216619713233748, 'bias_dist': 'foldnorm', 'bias_scaling': 0.04249382119350724, 'lr': 0.7520411716638045, 'weight_increment': 0.001395793645992084, 'min_window': 19, 'max_window': 32, 'use_full_instance': True, 'max_partners': 20, 'homeostasis': 'mean', 'target': 0.69, 'spread': 0.36000000000000004, 'learning_rate': 0.0003}",dqn,1000,linear,0.0003,,,,,,
Autoencode,filterbank+hag,7,1014,3.5956607495069033,-0.4807692,0.07701927600179061,-0.49880352770910585,-0.5017446587628865,3399,"{'decomposition': 'legendre', 'n_filters': 12, 'slowest': 0.015468638100899648, 'input_scaling': 0.8216619713233748, 'bias_dist': 'foldnorm', 'bias_scaling': 0.04249382119350724, 'lr': 0.7520411716638045, 'weight_increment': 0.001395793645992084, 'min_window': 19, 'max_window': 32, 'use_full_instance': True, 'max_partners': 20, 'homeostasis': 'mean', 'target': 0.69, 'spread': 0.36000000000000004, 'learning_rate': 0.001}",dqn,1000,linear,0.001,,,,,,
Autoencode,filterbank+hag,3,1014,3.6124260355029585,-0.49461542000000003,0.08249448840888463,-0.49966324979398435,-0.5027755927835051,3352,"{'decomposition': 'legendre', 'n_filters': 12, 'slowest': 0.015468638100899648, 'input_scaling': 0.8216619713233748, 'bias_dist': 'foldnorm', 'bias_scaling': 0.04249382119350724, 'lr': 0.7520411716638045, 'weight_increment': 0.001395793645992084, 'min_window': 19, 'max_window': 32, 'use_full_instance': True, 'max_partners': 20, 'homeostasis': 'mean', 'target': 0.69, 'spread': 0.36000000000000004, 'learning_rate': 0.003}",dqn,1000,linear,0.003,,,,,,
Autoencode,filterbank+hag,2,1014,3.727810650887574,-0.49307686000000006,0.02515068110092448,-0.499877191697569,-0.5036082659793815,3385,"{'decomposition': 'legendre', 'n_filters': 12, 'slowest': 0.015468638100899648, 'input_scaling': 0.8216619713233748, 'bias_dist': 'foldnorm', 'bias_scaling': 0.04249382119350724, 'lr': 0.7520411716638045, 'weight_increment': 0.001395793645992084, 'min_window': 19, 'max_window': 32, 'use_full_instance': True, 'max_partners': 20, 'homeostasis': 'mean', 'target': 0.69, 'spread': 0.36000000000000004, 'learning_rate': 0.003}",dqn,1000,linear,0.003,,,,,,
Autoencode,filterbank+proj,1,1014,0.0,-0.50076924,0.05678284585667048,-0.49380764709517916,-0.49528152474226805,3290,"{'decomposition': 'legendre', 'n_filters': 12, 'slowest': 0.015468638100899648, 'input_scaling': 0.8216619713233748, 'bias_dist': 'foldnorm', 'bias_scaling': 0.04249382119350724, 'lr': 0.7520411716638045, 'weight_increment': 0.001395793645992084, 'min_window': 19, 'max_window': 32, 'use_full_instance': True, 'max_partners': 20, 'homeostasis': 'mean', 'target': 0.69, 'spread': 0.36000000000000004, 'learning_rate': 0.0001}",dqn,1000,linear,0.0001,,,,,,
Autoencode,filterbank+hag,1,1014,3.8037475345167655,-0.49230766000000004,0.06296439192896568,-0.4975555481046559,-0.5000396556701031,3407,"{'decomposition': 'legendre', 'n_filters': 12, 'slowest': 0.015468638100899648, 'input_scaling': 0.8216619713233748, 'bias_dist': 'foldnorm', 'bias_scaling': 0.04249382119350724, 'lr': 0.7520411716638045, 'weight_increment': 0.001395793645992084, 'min_window': 19, 'max_window': 32, 'use_full_instance': True, 'max_partners': 20, 'homeostasis': 'mean', 'target': 0.69, 'spread': 0.36000000000000004, 'learning_rate': 0.003}",dqn,1000,linear,0.003,,,,,,
Autoencode,filterbank+hag,9,1014,3.826429980276134,-0.49692310000000006,0.026468814295506328,-0.49938195786979805,-0.4961935010309278,3446,"{'decomposition': 'legendre', 'n_filters': 12, 'slowest': 0.015468638100899648, 'input_scaling': 0.8216619713233748, 'bias_dist': 'foldnorm', 'bias_scaling': 0.04249382119350724, 'lr': 0.7520411716638045, 'weight_increment': 0.001395793645992084, 'min_window': 19, 'max_window': 32, 'use_full_instance': True, 'max_partners': 20, 'homeostasis': 'mean', 'target': 0.69, 'spread': 0.36000000000000004, 'learning_rate': 0.001}",dqn,1000,linear,0.001,,,,,,
Autoencode,filterbank+hag,4,1014,3.804733727810651,-0.48615381999999996,0.1145509425863777,-0.4977377986196951,-0.5006740989690721,3385,"{'decomposition': 'legendre', 'n_filters': 12, 'slowest': 0.015468638100899648, 'input_scaling': 0.8216619713233748, 'bias_dist': 'foldnorm', 'bias_scaling': 0.04249382119350724, 'lr': 0.7520411716638045, 'weight_increment': 0.001395793645992084, 'min_window': 19, 'max_window': 32, 'use_full_instance': True, 'max_partners': 20, 'homeostasis': 'mean', 'target': 0.69, 'spread': 0.36000000000000004, 'learning_rate': 0.003}",dqn,1000,linear,0.003,,,,,,
Autoencode,filterbank+hag,5,1014,3.6025641025641026,-0.5023076799999999,0.08299502550187933,-0.49833603255047376,-0.49353688453608247,3389,"{'decomposition': 'legendre', 'n_filters': 12, 'slowest': 0.015468638100899648, 'input_scaling': 0.8216619713233748, 'bias_dist': 'foldnorm', 'bias_scaling': 0.04249382119350724, 'lr': 0.7520411716638045, 'weight_increment': 0.001395793645992084, 'min_window': 19, 'max_window': 32, 'use_full_instance': True, 'max_partners': 20, 'homeostasis': 'mean', 'target': 0.69, 'spread': 0.36000000000000004, 'learning_rate': 0.003}",dqn,1000,linear,0.003,,,,,,
Autoencode,filterbank+hag,3,1014,3.6124260355029585,-0.49307693999999996,0.04191442533277058,-0.49689392264112064,-0.49369546494845357,3555,"{'decomposition': 'legendre', 'n_filters': 12, 'slowest': 0.015468638100899648, 'input_scaling': 0.8216619713233748, 'bias_dist': 'foldnorm', 'bias_scaling': 0.04249382119350724, 'lr': 0.7520411716638045, 'weight_increment': 0.001395793645992084, 'min_window': 19, 'max_window': 32, 'use_full_instance': True, 'max_partners': 20, 'homeostasis': 'mean', 'target': 0.69, 'spread': 0.36000000000000004, 'learning_rate': 0.001}",dqn,1000,linear,0.001,,,,,,
Autoencode,filterbank+hag,7,1014,3.5956607495069033,-0.5,0.0,-0.5003011071281417,-0.4954797659793814,3390,"{'decomposition': 'legendre', 'n_filters': 12, 'slowest': 0.015468638100899648, 'input_scaling': 0.8216619713233748, 'bias_dist': 'foldnorm', 'bias_scaling': 0.04249382119350724, 'lr': 0.7520411716638045, 'weight_increment': 0.001395793645992084, 'min_window': 19, 'max_window': 32, 'use_full_instance': True, 'max_partners': 20, 'homeostasis': 'mean', 'target': 0.69, 'spread': 0.36000000000000004, 'learning_rate': 0.003}",dqn,1000,linear,0.003,,,,,,
Autoencode,filterbank+proj,2,1014,0.0,-0.49923082,0.061292937767964746,-0.4958361128965801,-0.4969072092783505,3331,"{'decomposition': 'legendre', 'n_filters': 12, 'slowest': 0.015468638100899648, 'input_scaling': 0.8216619713233748, 'bias_dist': 'foldnorm', 'bias_scaling': 0.04249382119350724, 'lr': 0.7520411716638045, 'weight_increment': 0.001395793645992084, 'min_window': 19, 'max_window': 32, 'use_full_instance': True, 'max_partners': 20, 'homeostasis': 'mean', 'target': 0.69, 'spread': 0.36000000000000004, 'learning_rate': 0.0001}",dqn,1000,linear,0.0001,,,,,,
Autoencode,filterbank+hag,0,1014,3.886587771203156,-0.5,0.0,-0.4989263438401318,-0.49341791237113397,3488,"{'decomposition': 'legendre', 'n_filters': 12, 'slowest': 0.015468638100899648, 'input_scaling': 0.8216619713233748, 'bias_dist': 'foldnorm', 'bias_scaling': 0.04249382119350724, 'lr': 0.7520411716638045, 'weight_increment': 0.001395793645992084, 'min_window': 19, 'max_window': 32, 'use_full_instance': True, 'max_partners': 20, 'homeostasis': 'mean', 'target': 0.69, 'spread': 0.36000000000000004, 'learning_rate': 0.003}",dqn,1000,linear,0.003,,,,,,
Autoencode,filterbank+hag,8,1014,3.7189349112426036,-0.4976923,0.10916858126865073,-0.49584403409559125,-0.49306105670103095,3418,"{'decomposition': 'legendre', 'n_filters': 12, 'slowest': 0.015468638100899648, 'input_scaling': 0.8216619713233748, 'bias_dist': 'foldnorm', 'bias_scaling': 0.04249382119350724, 'lr': 0.7520411716638045, 'weight_increment': 0.001395793645992084, 'min_window': 19, 'max_window': 32, 'use_full_instance': True, 'max_partners': 20, 'homeostasis': 'mean', 'target': 0.69, 'spread': 0.36000000000000004, 'learning_rate': 0.003}",dqn,1000,linear,0.003,,,,,,
Autoencode,filterbank+proj,0,1014,0.0,-0.48615382,0.06912833009286135,-0.49477433693860734,-0.48402059999999997,3391,"{'decomposition': 'legendre', 'n_filters': 12, 'slowest': 0.015468638100899648, 'input_scaling': 0.8216619713233748, 'bias_dist': 'foldnorm', 'bias_scaling': 0.04249382119350724, 'lr': 0.7520411716638045, 'weight_increment': 0.001395793645992084, 'min_window': 19, 'max_window': 32, 'use_full_instance': True, 'max_partners': 20, 'homeostasis': 'mean', 'target': 0.69, 'spread': 0.36000000000000004, 'learning_rate': 0.0001}",dqn,1000,linear,0.0001,,,,,,
Autoencode,filterbank+hag,6,1014,3.559171597633136,-0.48307685999999994,0.10635443087037041,-0.4992829074989699,-0.49770024123711337,3436,"{'decomposition': 'legendre', 'n_filters': 12, 'slowest': 0.015468638100899648, 'input_scaling': 0.8216619713233748, 'bias_dist': 'foldnorm', 'bias_scaling': 0.04249382119350724, 'lr': 0.7520411716638045, 'weight_increment': 0.001395793645992084, 'min_window': 19, 'max_window': 32, 'use_full_instance': True, 'max_partners': 20, 'homeostasis': 'mean', 'target': 0.69, 'spread': 0.36000000000000004, 'learning_rate': 0.003}",dqn,1000,linear,0.003,,,,,,
Autoencode,filterbank+hag,9,1014,3.826429980276134,-0.4976923,0.05777442228123099,-0.49990491831479195,-0.49674861958762884,3440,"{'decomposition': 'legendre', 'n_filters': 12, 'slowest': 0.015468638100899648, 'input_scaling': 0.8216619713233748, 'bias_dist': 'foldnorm', 'bias_scaling': 0.04249382119350724, 'lr': 0.7520411716638045, 'weight_increment': 0.001395793645992084, 'min_window': 19, 'max_window': 32, 'use_full_instance': True, 'max_partners': 20, 'homeostasis': 'mean', 'target': 0.69, 'spread': 0.36000000000000004, 'learning_rate': 0.003}",dqn,1000,linear,0.003,,,,,,
Autoencode,filterbank+proj,3,1014,0.0,-0.48615378,0.1028471414259609,-0.4955627408323033,-0.4884615257731959,3346,"{'decomposition': 'legendre', 'n_filters': 12, 'slowest': 0.015468638100899648, 'input_scaling': 0.8216619713233748, 'bias_dist': 'foldnorm', 'bias_scaling': 0.04249382119350724, 'lr': 0.7520411716638045, 'weight_increment': 0.001395793645992084, 'min_window': 19, 'max_window': 32, 'use_full_instance': True, 'max_partners': 20, 'homeostasis': 'mean', 'target': 0.69, 'spread': 0.36000000000000004, 'learning_rate': 0.0001}",dqn,1000,linear,0.0001,,,,,,
Autoencode,filterbank+proj,4,1014,0.0,-0.503077,0.10372938049945155,-0.4957370646889163,-0.49627279896907217,3382,"{'decomposition': 'legendre', 'n_filters': 12, 'slowest': 0.015468638100899648, 'input_scaling': 0.8216619713233748, 'bias_dist': 'foldnorm', 'bias_scaling': 0.04249382119350724, 'lr': 0.7520411716638045, 'weight_increment': 0.001395793645992084, 'min_window': 19, 'max_window': 32, 'use_full_instance': True, 'max_partners': 20, 'homeostasis': 'mean', 'target': 0.69, 'spread': 0.36000000000000004, 'learning_rate': 0.0001}",dqn,1000,linear,0.0001,,,,,,
Autoencode,filterbank+proj,5,1014,0.0,-0.48923076000000004,0.06795422869654544,-0.4960777799752781,-0.49432991134020615,3360,"{'decomposition': 'legendre', 'n_filters': 12, 'slowest': 0.015468638100899648, 'input_scaling': 0.8216619713233748, 'bias_dist': 'foldnorm', 'bias_scaling': 0.04249382119350724, 'lr': 0.7520411716638045, 'weight_increment': 0.001395793645992084, 'min_window': 19, 'max_window': 32, 'use_full_instance': True, 'max_partners': 20, 'homeostasis': 'mean', 'target': 0.69, 'spread': 0.36000000000000004, 'learning_rate': 0.0001}",dqn,1000,linear,0.0001,,,,,,
Autoencode,filterbank+proj,6,1014,0.0,-0.5130769000000001,0.07905149853234915,-0.4958677981046559,-0.4975019845360824,3368,"{'decomposition': 'legendre', 'n_filters': 12, 'slowest': 0.015468638100899648, 'input_scaling': 0.8216619713233748, 'bias_dist': 'foldnorm', 'bias_scaling': 0.04249382119350724, 'lr': 0.7520411716638045, 'weight_increment': 0.001395793645992084, 'min_window': 19, 'max_window': 32, 'use_full_instance': True, 'max_partners': 20, 'homeostasis': 'mean', 'target': 0.69, 'spread': 0.36000000000000004, 'learning_rate': 0.0001}",dqn,1000,linear,0.0001,,,,,,
Autoencode,filterbank+proj,7,1014,0.0,-0.49153844,0.11973600889008452,-0.4972901023897816,-0.4977398824742268,3349,"{'decomposition': 'legendre', 'n_filters': 12, 'slowest': 0.015468638100899648, 'input_scaling': 0.8216619713233748, 'bias_dist': 'foldnorm', 'bias_scaling': 0.04249382119350724, 'lr': 0.7520411716638045, 'weight_increment': 0.001395793645992084, 'min_window': 19, 'max_window': 32, 'use_full_instance': True, 'max_partners': 20, 'homeostasis': 'mean', 'target': 0.69, 'spread': 0.36000000000000004, 'learning_rate': 0.0001}",dqn,1000,linear,0.0001,,,,,,
Autoencode,filterbank+esn,1,1014,13.770216962524655,-0.47461538461538444,0.10508097750934528,-0.4553451676528598,,539,"{'decomposition': 'legendre', 'n_filters': 12, 'slowest': 0.006397371281320229, 'input_scaling': 0.550142611755141, 'bias_dist': 'foldnorm', 'bias_scaling': 0.07438842372152364, 'lr': 0.6575600610814601, 'sr': 0.8663422541011234, 'rc_connectivity': 0.013579746643157644}",bc,1000,linear,,-0.46538461538461523,-0.4684615384615384,2.0,"[-0.46538461538461523, -0.47692307692307684, -0.3923076923076922, -0.5423076923076922, -0.46538461538461534]",-0.46692301999999997,
Autoencode,filterbank+esn,0,1014,13.770216962524655,-0.46153846153846145,0.09069097017347381,-0.47187376725838254,,542,"{'decomposition': 'legendre', 'n_filters': 12, 'slowest': 0.006397371281320229, 'input_scaling': 0.550142611755141, 'bias_dist': 'foldnorm', 'bias_scaling': 0.07438842372152364, 'lr': 0.6575600610814601, 'sr': 0.8663422541011234, 'rc_connectivity': 0.013579746643157644}",bc,1000,linear,,-0.49615384615384606,-0.47153846153846146,2.0,"[-0.49615384615384606, -0.4923076923076922, -0.4423076923076922, -0.44999999999999984, -0.47692307692307684]",-0.47846152000000003,
Autoencode,filterbank+esn,8,1014,408.92110453648917,-0.21307692307692305,0.0860748263991567,-0.3216640502354787,-0.2354788069073783,1227,"{'decomposition': 'legendre', 'n_filters': 12, 'slowest': 0.00924027277149832, 'input_scaling': 0.9262395347308947, 'bias_dist': 'uniform', 'bias_scaling': 0.19428472665720273, 'lr': 0.2669477591549632, 'sr': 0.7883174408165851, 'rc_connectivity': 0.4032751870517758, 'ridge': 1.3795694362222703e-06, 'gamma': 0.926482616528829}",lspi,1000,linear,,,-0.24942307692307691,,"[-0.39230769230769214, -0.2846153846153846, -0.21923076923076917, -0.33076923076923065, -0.1807692307692307, -0.27692307692307694, -0.2461538461538461, -0.2961538461538461, -0.2576923076923076, -0.24230769230769225, -0.23846153846153842, -0.2038461538461538, -0.2769230769230768, -0.2846153846153846, -0.26153846153846144, -0.1384615384615384, -0.2115384615384615, -0.223076923076923, -0.2615384615384615, -0.1615384615384615]",,15.0
Autoencode,filterbank+esn,3,1014,408.92110453648917,-0.23307692307692307,0.10807897616445757,-0.31507064364207216,-0.23332025117739397,1306,"{'decomposition': 'legendre', 'n_filters': 12, 'slowest': 0.00924027277149832, 'input_scaling': 0.9262395347308947, 'bias_dist': 'uniform', 'bias_scaling': 0.19428472665720273, 'lr': 0.2669477591549632, 'sr': 0.7883174408165851, 'rc_connectivity': 0.4032751870517758, 'ridge': 1.3795694362222703e-06, 'gamma': 0.926482616528829}",lspi,1000,linear,,,-0.2473076923076923,,"[-0.423076923076923, -0.29999999999999993, -0.28461538461538455, -0.29999999999999993, -0.20769230769230768, -0.2038461538461538, -0.2115384615384615, -0.24999999999999992, -0.2538461538461538, -0.21923076923076917, -0.21538461538461537, -0.2538461538461537, -0.26923076923076916, -0.3192307692307691, -0.2307692307692307, -0.17307692307692304, -0.1923076923076923, -0.2038461538461538, -0.2576923076923076, -0.1769230769230769]",,15.0
Autoencode,filterbank+esn,1,1014,408.92110453648917,-0.23615384615384613,0.11792335290248195,-0.31340266875981154,-0.22193877551020402,1311,"{'decomposition': 'legendre', 'n_filters': 12, 'slowest': 0.00924027277149832, 'input_scaling': 0.9262395347308947, 'bias_dist': 'uniform', 'bias_scaling': 0.19428472665720273, 'lr': 0.2669477591549632, 'sr': 0.7883174408165851, 'rc_connectivity': 0.4032751870517758, 'ridge': 1.3795694362222703e-06, 'gamma': 0.926482616528829}",lspi,1000,linear,,,-0.23730769230769228,,"[-0.3999999999999998, -0.373076923076923, -0.21923076923076917, -0.23076923076923075, -0.1846153846153846, -0.19230769230769224, -0.2115384615384615, -0.2846153846153845, -0.20384615384615384, -0.2192307692307692, -0.22692307692307687, -0.22307692307692303, -0.24615384615384608, -0.2846153846153845, -0.20769230769230762, -0.2038461538461538, -0.17692307692307688, -0.18076923076923074, -0.2846153846153845, -0.19230769230769226]",,16.0
Autoencode,filterbank+esn,4,1014,408.92110453648917,-0.21769230769230763,0.10251569370404363,-0.3153453689167974,-0.23626373626373623,1335,"{'decomposition': 'legendre', 'n_filters': 12, 'slowest': 0.00924027277149832, 'input_scaling': 0.9262395347308947, 'bias_dist': 'uniform', 'bias_scaling': 0.19428472665720273, 'lr': 0.2669477591549632, 'sr': 0.7883174408165851, 'rc_connectivity': 0.4032751870517758, 'ridge': 1.3795694362222703e-06, 'gamma': 0.926482616528829}",lspi,1000,linear,,,-0.2467307692307692,,"[-0.38846153846153836, -0.30384615384615377, -0.24230769230769228, -0.23846153846153842, -0.24230769230769225, -0.223076923076923, -0.1769230769230769, -0.2846153846153845, -0.28461538461538455, -0.2538461538461538, -0.20769230769230768, -0.18846153846153843, -0.2961538461538461, -0.28461538461538455, -0.22692307692307687, -0.1692307692307692, -0.24615384615384608, -0.2538461538461537, -0.22307692307692303, -0.2]",,15.0
Autoencode,filterbank+esn,2,1014,408.92110453648917,-0.21846153846153843,0.08785410175550294,-0.31728806907378326,-0.22664835164835156,1350,"{'decomposition': 'legendre', 'n_filters': 12, 'slowest': 0.00924027277149832, 'input_scaling': 0.9262395347308947, 'bias_dist': 'uniform', 'bias_scaling': 0.19428472665720273, 'lr': 0.2669477591549632, 'sr': 0.7883174408165851, 'rc_connectivity': 0.4032751870517758, 'ridge': 1.3795694362222703e-06, 'gamma': 0.926482616528829}",lspi,1000,linear,,,-0.2440384615384615,,"[-0.3461538461538461, -0.31538461538461526, -0.21538461538461534, -0.21923076923076917, -0.23076923076923075, -0.26538461538461533, -0.1884615384615384, -0.28461538461538455, -0.24230769230769225, -0.273076923076923, -0.21153846153846154, -0.23846153846153842, -0.28076923076923077, -0.23461538461538453, -0.23461538461538453, -0.18076923076923074, -0.19999999999999996, -0.24230769230769225, -0.27307692307692305, -0.2038461538461538]",,15.0
Autoencode,filterbank+esn,6,1014,408.92110453648917,-0.2192307692307692,0.08003327710263385,-0.3163461538461538,-0.2364599686028257,1334,"{'decomposition': 'legendre', 'n_filters': 12, 'slowest': 0.00924027277149832, 'input_scaling': 0.9262395347308947, 'bias_dist': 'uniform', 'bias_scaling': 0.19428472665720273, 'lr': 0.2669477591549632, 'sr': 0.7883174408165851, 'rc_connectivity': 0.4032751870517758, 'ridge': 1.3795694362222703e-06, 'gamma': 0.926482616528829}",lspi,1000,linear,,,-0.2409615384615384,,"[-0.3192307692307691, -0.30384615384615377, -0.20769230769230768, -0.26923076923076916, -0.19999999999999998, -0.24230769230769225, -0.2115384615384615, -0.28461538461538455, -0.2346153846153846, -0.2576923076923076, -0.24615384615384608, -0.2192307692307692, -0.2538461538461537, -0.2884615384615383, -0.2538461538461538, -0.14615384615384613, -0.1769230769230769, -0.23076923076923075, -0.2461538461538461, -0.22692307692307692]",,15.0
Autoencode,filterbank+esn,7,1014,408.92110453648917,-0.21615384615384614,0.08173054298611215,-0.31446232339089475,-0.22056514913657768,1331,"{'decomposition': 'legendre', 'n_filters': 12, 'slowest': 0.00924027277149832, 'input_scaling': 0.9262395347308947, 'bias_dist': 'uniform', 'bias_scaling': 0.19428472665720273, 'lr': 0.2669477591549632, 'sr': 0.7883174408165851, 'rc_connectivity': 0.4032751870517758, 'ridge': 1.3795694362222703e-06, 'gamma': 0.926482616528829}",lspi,1000,linear,,,-0.22749999999999998,,"[-0.3961538461538461, -0.31153846153846143, -0.17307692307692307, -0.2346153846153846, -0.20769230769230768, -0.24230769230769225, -0.19999999999999998, -0.2769230769230769, -0.24999999999999992, -0.24230769230769225, -0.1846153846153846, -0.21923076923076917, -0.2307692307692307, -0.26923076923076916, -0.20384615384615384, -0.13846153846153844, -0.2115384615384615, -0.15769230769230766, -0.2192307692307692, -0.18076923076923074]",,15.0
Autoencode,filterbank+proj,6,1014,0.0,-0.3838461538461537,0.09984899841864761,-0.4248430141287283,-0.3781397174254316,1171,"{'decomposition': 'legendre', 'n_filters': 12, 'slowest': 0.005831297225426596, 'input_scaling': 0.7754440447009786, 'bias_dist': 'foldnorm', 'bias_scaling': 0.21105039816821586, 'lr': 0.11153274560306031, 'weight_increment': 0.0018405728620499555, 'min_window': 10, 'max_window': 57, 'use_full_instance': False, 'max_partners': 5, 'homeostasis': 'mean', 'target': 0.59, 'spread': 0.365, 'ridge': 1.2645649156092547e-06, 'gamma': 0.9282405285465252}",lspi,1000,linear,,,-0.3888461538461537,,"[-0.44999999999999984, -0.3769230769230768, -0.40384615384615374, -0.3769230769230768, -0.36538461538461525, -0.3999999999999998, -0.3576923076923076, -0.4307692307692307, -0.31923076923076915, -0.34615384615384603, -0.35384615384615375, -0.3807692307692307, -0.4423076923076922, -0.446153846153846, -0.4230769230769229, -0.42692307692307685, -0.39615384615384597, -0.34615384615384603, -0.36538461538461525, -0.3692307692307691]",,8.0
Autoencode,filterbank+hag,2,1014,4.641025641025641,-0.35999999999999993,0.10980348233880292,-0.40433673469387743,-0.358320251177394,1326,"{'decomposition': 'legendre', 'n_filters': 12, 'slowest': 0.005831297225426596, 'input_scaling': 0.7754440447009786, 'bias_dist': 'foldnorm', 'bias_scaling': 0.21105039816821586, 'lr': 0.11153274560306031, 'weight_increment': 0.0018405728620499555, 'min_window': 10, 'max_window': 57, 'use_full_instance': False, 'max_partners': 5, 'homeostasis': 'mean', 'target': 0.59, 'spread': 0.365, 'ridge': 1.2645649156092547e-06, 'gamma': 0.9282405285465252}",lspi,1000,linear,,,-0.3596153846153845,,"[-0.46538461538461523, -0.396153846153846, -0.32307692307692293, -0.40384615384615374, -0.3384615384615383, -0.3846153846153845, -0.36923076923076914, -0.4076923076923076, -0.31153846153846143, -0.3653846153846153, -0.31153846153846143, -0.3692307692307691, -0.4230769230769229, -0.31923076923076915, -0.3692307692307691, -0.33461538461538454, -0.3730769230769229, -0.26923076923076916, -0.36538461538461525, -0.2923076923076922]",,17.0
Autoencode,filterbank+proj,1,1014,0.0,-0.3992307692307691,0.10793653625157779,-0.4236459968602824,-0.39030612244897944,1237,"{'decomposition': 'legendre', 'n_filters': 12, 'slowest': 0.005831297225426596, 'input_scaling': 0.7754440447009786, 'bias_dist': 'foldnorm', 'bias_scaling': 0.21105039816821586, 'lr': 0.11153274560306031, 'weight_increment': 0.0018405728620499555, 'min_window': 10, 'max_window': 57, 'use_full_instance': False, 'max_partners': 5, 'homeostasis': 'mean', 'target': 0.59, 'spread': 0.365, 'ridge': 1.2645649156092547e-06, 'gamma': 0.9282405285465252}",lspi,1000,linear,,,-0.38865384615384607,,"[-0.46538461538461523, -0.396153846153846, -0.34999999999999987, -0.4076923076923076, -0.43461538461538457, -0.4115384615384614, -0.38846153846153836, -0.446153846153846, -0.3384615384615383, -0.373076923076923, -0.3769230769230768, -0.36923076923076914, -0.4307692307692307, -0.34999999999999987, -0.36538461538461525, -0.2769230769230768, -0.43846153846153835, -0.38076923076923064, -0.38461538461538447, -0.3884615384615384]",,15.0
Autoencode,filterbank+esn,5,1014,408.92110453648917,-0.2269230769230769,0.11206770987948814,-0.31585557299843003,-0.2358712715855573,1434,"{'decomposition': 'legendre', 'n_filters': 12, 'slowest': 0.00924027277149832, 'input_scaling': 0.9262395347308947, 'bias_dist': 'uniform', 'bias_scaling': 0.19428472665720273, 'lr': 0.2669477591549632, 'sr': 0.7883174408165851, 'rc_connectivity': 0.4032751870517758, 'ridge': 1.3795694362222703e-06, 'gamma': 0.926482616528829}",lspi,1000,linear,,,-0.23961538461538462,,"[-0.3999999999999999, -0.30769230769230765, -0.23846153846153842, -0.2538461538461538, -0.24230769230769225, -0.2538461538461538, -0.11923076923076921, -0.26538461538461533, -0.26538461538461533, -0.24615384615384608, -0.1769230769230769, -0.24230769230769225, -0.2576923076923076, -0.26923076923076916, -0.23076923076923075, -0.1307692307692308, -0.2, -0.20384615384615384, -0.26153846153846144, -0.22692307692307692]",,6.0
Autoencode,filterbank+esn,0,1014,408.92110453648917,-0.20153846153846147,0.10046047826039693,-0.3109693877551019,-0.2268445839874411,1476,"{'decomposition': 'legendre', 'n_filters': 12, 'slowest': 0.00924027277149832, 'input_scaling': 0.9262395347308947, 'bias_dist': 'uniform', 'bias_scaling': 0.19428472665720273, 'lr': 0.2669477591549632, 'sr': 0.7883174408165851, 'rc_connectivity': 0.4032751870517758, 'ridge': 1.3795694362222703e-06, 'gamma': 0.926482616528829}",lspi,1000,linear,,,-0.23346153846153844,,"[-0.3423076923076922, -0.2538461538461537, -0.24230769230769225, -0.23846153846153842, -0.29230769230769227, -0.25384615384615383, -0.23846153846153842, -0.2653846153846154, -0.23846153846153842, -0.23846153846153842, -0.2115384615384615, -0.2307692307692307, -0.24230769230769225, -0.21923076923076917, -0.20769230769230768, -0.12307692307692306, -0.19230769230769226, -0.2115384615384615, -0.21538461538461537, -0.2115384615384615]",,15.0
Autoencode,filterbank+proj,2,1014,0.0,-0.37461538461538446,0.11168690387436397,-0.4210361067503924,-0.3769623233908947,1260,"{'decomposition': 'legendre', 'n_filters': 12, 'slowest': 0.005831297225426596, 'input_scaling': 0.7754440447009786, 'bias_dist': 'foldnorm', 'bias_scaling': 0.21105039816821586, 'lr': 0.11153274560306031, 'weight_increment': 0.0018405728620499555, 'min_window': 10, 'max_window': 57, 'use_full_instance': False, 'max_partners': 5, 'homeostasis': 'mean', 'target': 0.59, 'spread': 0.365, 'ridge': 1.2645649156092547e-06, 'gamma': 0.9282405285465252}",lspi,1000,linear,,,-0.39423076923076905,,"[-0.4923076923076922, -0.4615384615384614, -0.35384615384615375, -0.4192307692307692, -0.39615384615384597, -0.4230769230769229, -0.3653846153846153, -0.4076923076923076, -0.3615384615384614, -0.4115384615384614, -0.33846153846153837, -0.36923076923076914, -0.42692307692307685, -0.4192307692307692, -0.3884615384615383, -0.39615384615384597, -0.38461538461538447, -0.31153846153846143, -0.3884615384615383, -0.36923076923076914]",,17.0
Autoencode,filterbank+esn,3,1014,13.770216962524655,-0.4869230769230768,0.09533807797740652,-0.4680473372781064,,519,"{'decomposition': 'legendre', 'n_filters': 12, 'slowest': 0.006397371281320229, 'input_scaling': 0.550142611755141, 'bias_dist': 'foldnorm', 'bias_scaling': 0.07438842372152364, 'lr': 0.6575600610814601, 'sr': 0.8663422541011234, 'rc_connectivity': 0.013579746643157644}",bc,1000,linear,,-0.4999999999999999,-0.47384615384615375,2.0,"[-0.4999999999999999, -0.48076923076923067, -0.4346153846153845, -0.4538461538461537, -0.4999999999999999]",-0.49307685999999995,
Autoencode,filterbank+proj,8,1014,0.0,-0.4069230769230769,0.1259496471192653,-0.4217425431711144,-0.3946232339089481,1171,"{'decomposition': 'legendre', 'n_filters': 12, 'slowest': 0.005831297225426596, 'input_scaling': 0.7754440447009786, 'bias_dist': 'foldnorm', 'bias_scaling': 0.21105039816821586, 'lr': 0.11153274560306031, 'weight_increment': 0.0018405728620499555, 'min_window': 10, 'max_window': 57, 'use_full_instance': False, 'max_partners': 5, 'homeostasis': 'mean', 'target': 0.59, 'spread': 0.365, 'ridge': 1.2645649156092547e-06, 'gamma': 0.9282405285465252}",lspi,1000,linear,,,-0.39807692307692294,,"[-0.5038461538461537, -0.4615384615384615, -0.31153846153846143, -0.423076923076923, -0.3807692307692307, -0.4423076923076922, -0.44230769230769224, -0.3923076923076922, -0.31153846153846143, -0.35384615384615375, -0.3615384615384615, -0.4615384615384615, -0.44230769230769207, -0.4076923076923076, -0.4230769230769229, -0.35384615384615375, -0.3961538461538461, -0.34230769230769215, -0.4192307692307691, -0.33076923076923065]",,2.0
Autoencode,filterbank+hag,0,1014,4.675542406311637,-0.3653846153846153,0.1024117458130334,-0.40382653061224477,-0.3649921507064362,1457,"{'decomposition': 'legendre', 'n_filters': 12, 'slowest': 0.005831297225426596, 'input_scaling': 0.7754440447009786, 'bias_dist': 'foldnorm', 'bias_scaling': 0.21105039816821586, 'lr': 0.11153274560306031, 'weight_increment': 0.0018405728620499555, 'min_window': 10, 'max_window': 57, 'use_full_instance': False, 'max_partners': 5, 'homeostasis': 'mean', 'target': 0.59, 'spread': 0.365, 'ridge': 1.2645649156092547e-06, 'gamma': 0.9282405285465252}",lspi,1000,linear,,,-0.36249999999999993,,"[-0.4346153846153844, -0.3999999999999999, -0.2846153846153846, -0.40384615384615374, -0.3153846153846153, -0.4115384615384614, -0.3423076923076922, -0.3769230769230768, -0.3615384615384614, -0.3615384615384614, -0.32307692307692293, -0.3076923076923076, -0.41538461538461524, -0.3653846153846153, -0.3961538461538461, -0.29999999999999993, -0.38076923076923064, -0.323076923076923, -0.4307692307692307, -0.31538461538461526]",,2.0
Autoencode,filterbank+proj,7,1014,0.0,-0.3769230769230768,0.10547160923693909,-0.4224097331240187,-0.3852040816326529,1241,"{'decomposition': 'legendre', 'n_filters': 12, 'slowest': 0.005831297225426596, 'input_scaling': 0.7754440447009786, 'bias_dist': 'foldnorm', 'bias_scaling': 0.21105039816821586, 'lr': 0.11153274560306031, 'weight_increment': 0.0018405728620499555, 'min_window': 10, 'max_window': 57, 'use_full_instance': False, 'max_partners': 5, 'homeostasis': 'mean', 'target': 0.59, 'spread': 0.365, 'ridge': 1.2645649156092547e-06, 'gamma': 0.9282405285465252}",lspi,1000,linear,,,-0.38865384615384607,,"[-0.45384615384615373, -0.44999999999999984, -0.35384615384615375, -0.3615384615384615, -0.3499999999999999, -0.42692307692307685, -0.38076923076923064, -0.446153846153846, -0.32692307692307687, -0.38076923076923064, -0.3499999999999999, -0.36538461538461525, -0.43846153846153835, -0.4192307692307691, -0.373076923076923, -0.423076923076923, -0.4076923076923076, -0.33461538461538454, -0.34999999999999987, -0.38076923076923064]",,8.0
Autoencode,filterbank+proj,5,1014,0.0,-0.3738461538461537,0.136533586045131,-0.42087912087912077,-0.3724489795918366,1290,"{'decomposition': 'legendre', 'n_filters': 12, 'slowest': 0.005831297225426596, 'input_scaling': 0.7754440447009786, 'bias_dist': 'foldnorm', 'bias_scaling': 0.21105039816821586, 'lr': 0.11153274560306031, 'weight_increment': 0.0018405728620499555, 'min_window': 10, 'max_window': 57, 'use_full_instance': False, 'max_partners': 5, 'homeostasis': 'mean', 'target': 0.59, 'spread': 0.365, 'ridge': 1.2645649156092547e-06, 'gamma': 0.9282405285465252}",lspi,1000,linear,,,-0.38557692307692293,,"[-0.40384615384615374, -0.45769230769230757, -0.36538461538461525, -0.3653846153846153, -0.3653846153846153, -0.4615384615384614, -0.36923076923076914, -0.4115384615384614, -0.373076923076923, -0.36923076923076914, -0.38461538461538447, -0.33076923076923065, -0.4192307692307691, -0.40384615384615374, -0.40384615384615374, -0.38461538461538447, -0.38846153846153836, -0.29230769230769227, -0.35384615384615375, -0.4076923076923076]",,17.0
Autoencode,filterbank+esn,2,1014,13.770216962524655,-0.47846153846153827,0.08036897160990146,-0.47506903353057184,,557,"{'decomposition': 'legendre', 'n_filters': 12, 'slowest': 0.006397371281320229, 'input_scaling': 0.550142611755141, 'bias_dist': 'foldnorm', 'bias_scaling': 0.07438842372152364, 'lr': 0.6575600610814601, 'sr': 0.8663422541011234, 'rc_connectivity': 0.013579746643157644}",bc,1000,linear,,-0.4615384615384614,-0.47999999999999987,1.0,"[-0.4615384615384614, -0.4576923076923075, -0.5038461538461537, -0.4615384615384614, -0.5153846153846153]",-0.45076917999999994,
Autoencode,filterbank+esn,9,1014,408.92110453648917,-0.2292307692307692,0.11066234158987345,-0.312853218210361,-0.2270408163265306,1495,"{'decomposition': 'legendre', 'n_filters': 12, 'slowest': 0.00924027277149832, 'input_scaling': 0.9262395347308947, 'bias_dist': 'uniform', 'bias_scaling': 0.19428472665720273, 'lr': 0.2669477591549632, 'sr': 0.7883174408165851, 'rc_connectivity': 0.4032751870517758, 'ridge': 1.3795694362222703e-06, 'gamma': 0.926482616528829}",lspi,1000,linear,,,-0.24999999999999994,,"[-0.38076923076923064, -0.323076923076923, -0.2538461538461537, -0.28461538461538455, -0.20384615384615384, -0.22692307692307687, -0.2115384615384615, -0.2307692307692307, -0.2615384615384615, -0.2192307692307692, -0.2538461538461538, -0.2692307692307691, -0.26538461538461533, -0.2807692307692307, -0.2653846153846153, -0.13076923076923075, -0.22307692307692303, -0.2307692307692307, -0.24999999999999994, -0.2346153846153846]",,15.0
Autoencode,filterbank+proj,4,1014,0.0,-0.3830769230769229,0.10768131812059761,-0.4224882260596545,-0.3869701726844582,1309,"{'decomposition': 'legendre', 'n_filters': 12, 'slowest': 0.005831297225426596, 'input_scaling': 0.7754440447009786, 'bias_dist': 'foldnorm', 'bias_scaling': 0.21105039816821586, 'lr': 0.11153274560306031, 'weight_increment': 0.0018405728620499555, 'min_window': 10, 'max_window': 57, 'use_full_instance': False, 'max_partners': 5, 'homeostasis': 'mean', 'target': 0.59, 'spread': 0.365, 'ridge': 1.2645649156092547e-06, 'gamma': 0.9282405285465252}",lspi,1000,linear,,,-0.40807692307692295,,"[-0.5153846153846152, -0.4192307692307691, -0.35384615384615375, -0.5038461538461537, -0.3615384615384615, -0.3999999999999998, -0.3576923076923076, -0.4423076923076922, -0.3615384615384614, -0.39999999999999986, -0.33076923076923065, -0.44230769230769224, -0.42692307692307685, -0.41538461538461524, -0.42692307692307685, -0.3615384615384615, -0.4423076923076922, -0.3769230769230768, -0.446153846153846, -0.3769230769230768]",,10.0
Autoencode,filterbank+hag,1,1014,4.548323471400394,-0.37769230769230755,0.12276161534121088,-0.40170722135007836,-0.35498430141287274,1454,"{'decomposition': 'legendre', 'n_filters': 12, 'slowest': 0.005831297225426596, 'input_scaling': 0.7754440447009786, 'bias_dist': 'foldnorm', 'bias_scaling': 0.21105039816821586, 'lr': 0.11153274560306031, 'weight_increment': 0.0018405728620499555, 'min_window': 10, 'max_window': 57, 'use_full_instance': False, 'max_partners': 5, 'homeostasis': 'mean', 'target': 0.59, 'spread': 0.365, 'ridge': 1.2645649156092547e-06, 'gamma': 0.9282405285465252}",lspi,1000,linear,,,-0.36615384615384594,,"[-0.45769230769230757, -0.3807692307692307, -0.3499999999999999, -0.38076923076923064, -0.3769230769230768, -0.4192307692307692, -0.32307692307692304, -0.4076923076923076, -0.3076923076923076, -0.36923076923076914, -0.27692307692307677, -0.4115384615384614, -0.36538461538461525, -0.3615384615384615, -0.3653846153846153, -0.3499999999999999, -0.3576923076923076, -0.3576923076923076, -0.3884615384615383, -0.31538461538461526]",,10.0
Autoencode,filterbank+hag,8,1014,4.587771203155818,-0.3753846153846152,0.14257978146581732,-0.4039835164835163,-0.3634222919937204,1405,"{'decomposition': 'legendre', 'n_filters': 12, 'slowest': 0.005831297225426596, 'input_scaling': 0.7754440447009786, 'bias_dist': 'foldnorm', 'bias_scaling': 0.21105039816821586, 'lr': 0.11153274560306031, 'weight_increment': 0.0018405728620499555, 'min_window': 10, 'max_window': 57, 'use_full_instance': False, 'max_partners': 5, 'homeostasis': 'mean', 'target': 0.59, 'spread': 0.365, 'ridge': 1.2645649156092547e-06, 'gamma': 0.9282405285465252}",lspi,1000,linear,,,-0.36769230769230754,,"[-0.4346153846153845, -0.4076923076923076, -0.2961538461538461, -0.3923076923076922, -0.38461538461538447, -0.3615384615384614, -0.3769230769230768, -0.3769230769230768, -0.34230769230769226, -0.33461538461538454, -0.32692307692307676, -0.44615384615384607, -0.39615384615384597, -0.373076923076923, -0.36538461538461525, -0.323076923076923, -0.38076923076923064, -0.33076923076923065, -0.3769230769230768, -0.3269230769230768]",,2.0
Autoencode,filterbank+hag,3,1014,4.609467455621302,-0.3607692307692307,0.09511438146847284,-0.3992346938775509,-0.35302197802197793,1462,"{'decomposition': 'legendre', 'n_filters': 12, 'slowest': 0.005831297225426596, 'input_scaling': 0.7754440447009786, 'bias_dist': 'foldnorm', 'bias_scaling': 0.21105039816821586, 'lr': 0.11153274560306031, 'weight_increment': 0.0018405728620499555, 'min_window': 10, 'max_window': 57, 'use_full_instance': False, 'max_partners': 5, 'homeostasis': 'mean', 'target': 0.59, 'spread': 0.365, 'ridge': 1.2645649156092547e-06, 'gamma': 0.9282405285465252}",lspi,1000,linear,,,-0.3519230769230767,,"[-0.4499999999999999, -0.373076923076923, -0.29999999999999993, -0.34230769230769215, -0.31153846153846143, -0.36923076923076914, -0.3730769230769229, -0.3999999999999998, -0.31538461538461526, -0.31538461538461526, -0.3346153846153845, -0.39615384615384597, -0.40769230769230747, -0.38076923076923064, -0.33076923076923065, -0.33461538461538454, -0.3346153846153845, -0.28076923076923066, -0.3615384615384614, -0.3269230769230768]",,17.0
Autoencode,filterbank+hag,7,1014,4.653846153846154,-0.36153846153846136,0.10686495376499847,-0.40516091051805325,-0.3612637362637362,1456,"{'decomposition': 'legendre', 'n_filters': 12, 'slowest': 0.005831297225426596, 'input_scaling': 0.7754440447009786, 'bias_dist': 'foldnorm', 'bias_scaling': 0.21105039816821586, 'lr': 0.11153274560306031, 'weight_increment': 0.0018405728620499555, 'min_window': 10, 'max_window': 57, 'use_full_instance': False, 'max_partners': 5, 'homeostasis': 'mean', 'target': 0.59, 'spread': 0.365, 'ridge': 1.2645649156092547e-06, 'gamma': 0.9282405285465252}",lspi,1000,linear,,,-0.3588461538461537,,"[-0.43846153846153835, -0.3884615384615383, -0.3076923076923076, -0.3499999999999999, -0.33076923076923065, -0.38076923076923064, -0.3423076923076922, -0.3769230769230768, -0.3499999999999999, -0.35769230769230764, -0.3423076923076922, -0.3923076923076922, -0.39999999999999986, -0.3999999999999998, -0.3615384615384614, -0.35, -0.373076923076923, -0.2769230769230768, -0.3615384615384615, -0.2961538461538461]",,17.0
Autoencode,filterbank+hag,4,1014,4.612426035502959,-0.3707692307692307,0.10484138484554346,-0.4016287284144425,-0.3557692307692306,1498,"{'decomposition': 'legendre', 'n_filters': 12, 'slowest': 0.005831297225426596, 'input_scaling': 0.7754440447009786, 'bias_dist': 'foldnorm', 'bias_scaling': 0.21105039816821586, 'lr': 0.11153274560306031, 'weight_increment': 0.0018405728620499555, 'min_window': 10, 'max_window': 57, 'use_full_instance': False, 'max_partners': 5, 'homeostasis': 'mean', 'target': 0.59, 'spread': 0.365, 'ridge': 1.2645649156092547e-06, 'gamma': 0.9282405285465252}",lspi,1000,linear,,,-0.3624999999999999,,"[-0.4692307692307692, -0.38846153846153836, -0.28076923076923066, -0.3884615384615383, -0.2961538461538461, -0.39615384615384597, -0.3461538461538461, -0.4115384615384614, -0.3423076923076922, -0.3307692307692306, -0.33461538461538454, -0.4076923076923076, -0.3769230769230768, -0.36153846153846136, -0.38076923076923064, -0.323076923076923, -0.38076923076923064, -0.28846153846153844, -0.4076923076923076, -0.3384615384615384]",,2.0
Autoencode,filterbank+proj,9,1014,0.0,-0.3676923076923076,0.10238574235061436,-0.4182299843014128,-0.37558869701726827,1249,"{'decomposition': 'legendre', 'n_filters': 12, 'slowest': 0.005831297225426596, 'input_scaling': 0.7754440447009786, 'bias_dist': 'foldnorm', 'bias_scaling': 0.21105039816821586, 'lr': 0.11153274560306031, 'weight_increment': 0.0018405728620499555, 'min_window': 10, 'max_window': 57, 'use_full_instance': False, 'max_partners': 5, 'homeostasis': 'mean', 'target': 0.59, 'spread': 0.365, 'ridge': 1.2645649156092547e-06, 'gamma': 0.9282405285465252}",lspi,1000,linear,,,-0.3876923076923076,,"[-0.46538461538461534, -0.4423076923076922, -0.3653846153846153, -0.43846153846153835, -0.3769230769230768, -0.396153846153846, -0.3346153846153845, -0.43076923076923074, -0.33076923076923065, -0.3615384615384614, -0.36923076923076914, -0.4076923076923076, -0.45384615384615384, -0.3884615384615383, -0.3384615384615383, -0.3769230769230768, -0.373076923076923, -0.3269230769230768, -0.3999999999999999, -0.3769230769230768]",,17.0
Autoencode,filterbank+hag,6,1014,4.56508875739645,-0.3484615384615384,0.12074963094262879,-0.3974686028257456,-0.3463500784929355,1499,"{'decomposition': 'legendre', 'n_filters': 12, 'slowest': 0.005831297225426596, 'input_scaling': 0.7754440447009786, 'bias_dist': 'foldnorm', 'bias_scaling': 0.21105039816821586, 'lr': 0.11153274560306031, 'weight_increment': 0.0018405728620499555, 'min_window': 10, 'max_window': 57, 'use_full_instance': False, 'max_partners': 5, 'homeostasis': 'mean', 'target': 0.59, 'spread': 0.365, 'ridge': 1.2645649156092547e-06, 'gamma': 0.9282405285465252}",lspi,1000,linear,,,-0.3563461538461537,,"[-0.45769230769230757, -0.3153846153846153, -0.31538461538461526, -0.3307692307692307, -0.32307692307692293, -0.3999999999999998, -0.36923076923076914, -0.3846153846153845, -0.3346153846153845, -0.3192307692307691, -0.33076923076923065, -0.3576923076923076, -0.39999999999999986, -0.40384615384615374, -0.40769230769230747, -0.3076923076923076, -0.3615384615384614, -0.3192307692307691, -0.373076923076923, -0.3153846153846153]",,15.0
Autoencode,filterbank+proj,0,1014,0.0,-0.37846153846153835,0.11156763544194395,-0.42083987441130283,-0.37951334379905793,1459,"{'decomposition': 'legendre', 'n_filters': 12, 'slowest': 0.005831297225426596, 'input_scaling': 0.7754440447009786, 'bias_dist': 'foldnorm', 'bias_scaling': 0.21105039816821586, 'lr': 0.11153274560306031, 'weight_increment': 0.0018405728620499555, 'min_window': 10, 'max_window': 57, 'use_full_instance': False, 'max_partners': 5, 'homeostasis': 'mean', 'target': 0.59, 'spread': 0.365, 'ridge': 1.2645649156092547e-06, 'gamma': 0.9282405285465252}",lspi,1000,linear,,,-0.3976923076923075,,"[-0.4499999999999999, -0.43846153846153835, -0.3115384615384615, -0.44615384615384607, -0.4384615384615384, -0.41538461538461524, -0.4346153846153845, -0.4499999999999999, -0.373076923076923, -0.3769230769230768, -0.3730769230769229, -0.36538461538461525, -0.41538461538461524, -0.3884615384615383, -0.43846153846153835, -0.3192307692307692, -0.38461538461538447, -0.3346153846153845, -0.423076923076923, -0.3769230769230768]",,2.0
Autoencode,filterbank+proj,3,1014,0.0,-0.40384615384615374,0.11441903677418089,-0.4229788069073782,-0.3793171114599685,1460,"{'decomposition': 'legendre', 'n_filters': 12, 'slowest': 0.005831297225426596, 'input_scaling': 0.7754440447009786, 'bias_dist': 'foldnorm', 'bias_scaling': 0.21105039816821586, 'lr': 0.11153274560306031, 'weight_increment': 0.0018405728620499555, 'min_window': 10, 'max_window': 57, 'use_full_instance': False, 'max_partners': 5, 'homeostasis': 'mean', 'target': 0.59, 'spread': 0.365, 'ridge': 1.2645649156092547e-06, 'gamma': 0.9282405285465252}",lspi,1000,linear,,,-0.3905769230769229,,"[-0.49615384615384606, -0.446153846153846, -0.3076923076923076, -0.4076923076923076, -0.3461538461538461, -0.4115384615384614, -0.373076923076923, -0.47692307692307684, -0.35769230769230753, -0.3461538461538461, -0.3384615384615383, -0.3615384615384614, -0.39230769230769225, -0.4307692307692307, -0.38461538461538447, -0.40384615384615374, -0.4192307692307691, -0.3192307692307691, -0.3884615384615383, -0.40384615384615374]",,2.0
Autoencode,filterbank+hag,5,1014,4.652859960552268,-0.34307692307692295,0.09478721108153448,-0.39962715855572983,-0.3463500784929355,1619,"{'decomposition': 'legendre', 'n_filters': 12, 'slowest': 0.005831297225426596, 'input_scaling': 0.7754440447009786, 'bias_dist': 'foldnorm', 'bias_scaling': 0.21105039816821586, 'lr': 0.11153274560306031, 'weight_increment': 0.0018405728620499555, 'min_window': 10, 'max_window': 57, 'use_full_instance': False, 'max_partners': 5, 'homeostasis': 'mean', 'target': 0.59, 'spread': 0.365, 'ridge': 1.2645649156092547e-06, 'gamma': 0.9282405285465252}",lspi,1000,linear,,,-0.36480769230769217,,"[-0.40384615384615374, -0.38461538461538447, -0.34999999999999987, -0.33076923076923065, -0.34615384615384603, -0.35384615384615375, -0.38461538461538447, -0.3499999999999999, -0.373076923076923, -0.4115384615384615, -0.323076923076923, -0.39615384615384597, -0.38076923076923064, -0.3884615384615383, -0.33076923076923065, -0.3499999999999999, -0.38076923076923064, -0.32692307692307676, -0.41538461538461524, -0.3153846153846153]",,19.0
Autoencode,filterbank+hag,9,1014,4.629191321499014,-0.353076923076923,0.11733984426977236,-0.3971153846153845,-0.3528257456828884,1624,"{'decomposition': 'legendre', 'n_filters': 12, 'slowest': 0.005831297225426596, 'input_scaling': 0.7754440447009786, 'bias_dist': 'foldnorm', 'bias_scaling': 0.21105039816821586, 'lr': 0.11153274560306031, 'weight_increment': 0.0018405728620499555, 'min_window': 10, 'max_window': 57, 'use_full_instance': False, 'max_partners': 5, 'homeostasis': 'mean', 'target': 0.59, 'spread': 0.365, 'ridge': 1.2645649156092547e-06, 'gamma': 0.9282405285465252}",lspi,1000,linear,,,-0.3607692307692306,,"[-0.4115384615384615, -0.373076923076923, -0.31538461538461526, -0.3615384615384615, -0.3615384615384614, -0.3615384615384614, -0.373076923076923, -0.3769230769230768, -0.34999999999999987, -0.3576923076923076, -0.32692307692307676, -0.4115384615384614, -0.446153846153846, -0.3499999999999999, -0.3499999999999999, -0.32692307692307687, -0.31923076923076915, -0.30384615384615377, -0.3961538461538461, -0.3423076923076922]",,17.0
Autoencode,filterbank+esn,4,1014,13.770216962524655,-0.46307692307692283,0.0692136731027815,-0.4588560157790926,,525,"{'decomposition': 'legendre', 'n_filters': 12, 'slowest': 0.006397371281320229, 'input_scaling': 0.550142611755141, 'bias_dist': 'foldnorm', 'bias_scaling': 0.07438842372152364, 'lr': 0.6575600610814601, 'sr': 0.8663422541011234, 'rc_connectivity': 0.013579746643157644}",bc,1000,linear,,-0.44999999999999984,-0.4623076923076922,3.0,"[-0.44999999999999984, -0.5192307692307692, -0.46923076923076906, -0.4230769230769229, -0.44999999999999984]",-0.47230754,
Autoencode,filterbank+esn,6,1014,13.770216962524655,-0.47923076923076907,0.0839871785086638,-0.4739250493096646,,548,"{'decomposition': 'legendre', 'n_filters': 12, 'slowest': 0.006397371281320229, 'input_scaling': 0.550142611755141, 'bias_dist': 'foldnorm', 'bias_scaling': 0.07438842372152364, 'lr': 0.6575600610814601, 'sr': 0.8663422541011234, 'rc_connectivity': 0.013579746643157644}",bc,1000,linear,,-0.4730769230769229,-0.4523076923076922,2.0,"[-0.4730769230769229, -0.45769230769230757, -0.4192307692307692, -0.44999999999999984, -0.4615384615384615]",-0.45999984,
Autoencode,filterbank+esn,5,1014,13.770216962524655,-0.46384615384615363,0.07474216034169995,-0.4629191321499012,,570,"{'decomposition': 'legendre', 'n_filters': 12, 'slowest': 0.006397371281320229, 'input_scaling': 0.550142611755141, 'bias_dist': 'foldnorm', 'bias_scaling': 0.07438842372152364, 'lr': 0.6575600610814601, 'sr': 0.8663422541011234, 'rc_connectivity': 0.013579746643157644}",bc,1000,linear,,-0.4615384615384614,-0.44461538461538447,2.0,"[-0.4615384615384614, -0.49615384615384617, -0.40769230769230747, -0.4423076923076922, -0.41538461538461513]",-0.47076903999999997,
Autoencode,filterbank+esn,9,1014,13.770216962524655,-0.4869230769230768,0.09626455165493399,-0.46974358974358965,,548,"{'decomposition': 'legendre', 'n_filters': 12, 'slowest': 0.006397371281320229, 'input_scaling': 0.550142611755141, 'bias_dist': 'foldnorm', 'bias_scaling': 0.07438842372152364, 'lr': 0.6575600610814601, 'sr': 0.8663422541011234, 'rc_connectivity': 0.013579746643157644}",bc,1000,linear,,-0.44999999999999984,-0.45461538461538453,4.0,"[-0.44999999999999984, -0.5153846153846152, -0.4384615384615384, -0.4615384615384614, -0.4076923076923076]",-0.46153836000000004,
Autoencode,filterbank+esn,8,1014,13.770216962524655,-0.4330769230769229,0.08931362201211569,-0.4506114398422089,,562,"{'decomposition': 'legendre', 'n_filters': 12, 'slowest': 0.006397371281320229, 'input_scaling': 0.550142611755141, 'bias_dist': 'foldnorm', 'bias_scaling': 0.07438842372152364, 'lr': 0.6575600610814601, 'sr': 0.8663422541011234, 'rc_connectivity': 0.013579746643157644}",bc,1000,linear,,-0.4192307692307691,-0.43769230769230755,0.0,"[-0.4192307692307691, -0.4192307692307691, -0.42692307692307685, -0.446153846153846, -0.47692307692307684]",-0.46615387999999996,
Autoencode,filterbank+esn,7,1014,13.770216962524655,-0.4469230769230768,0.09511438146847284,-0.45629191321499,,588,"{'decomposition': 'legendre', 'n_filters': 12, 'slowest': 0.006397371281320229, 'input_scaling': 0.550142611755141, 'bias_dist': 'foldnorm', 'bias_scaling': 0.07438842372152364, 'lr': 0.6575600610814601, 'sr': 0.8663422541011234, 'rc_connectivity': 0.013579746643157644}",bc,1000,linear,,-0.4576923076923075,-0.4538461538461537,2.0,"[-0.4576923076923075, -0.4230769230769229, -0.396153846153846, -0.5076923076923074, -0.4846153846153845]",-0.4576922199999999,
Autoencode,filterbank+proj,5,1014,0.0,-0.4723076923076921,0.08142226844553382,-0.46445759368836276,,414,"{'decomposition': 'legendre', 'n_filters': 12, 'slowest': 0.015468638100899648, 'input_scaling': 0.8216619713233748, 'bias_dist': 'foldnorm', 'bias_scaling': 0.04249382119350724, 'lr': 0.7520411716638045, 'weight_increment': 0.001395793645992084, 'min_window': 19, 'max_window': 32, 'use_full_instance': True, 'max_partners': 20, 'homeostasis': 'mean', 'target': 0.69, 'spread': 0.36000000000000004}",bc,1000,linear,,-0.4423076923076922,-0.473076923076923,0.0,"[-0.4423076923076922, -0.48846153846153834, -0.49230769230769217, -0.45384615384615373, -0.48846153846153834]",-0.47076903999999997,
Autoencode,filterbank+hag,0,1014,3.886587771203156,-0.476153846153846,0.08173054298611221,-0.4694280078895463,,586,"{'decomposition': 'legendre', 'n_filters': 12, 'slowest': 0.015468638100899648, 'input_scaling': 0.8216619713233748, 'bias_dist': 'foldnorm', 'bias_scaling': 0.04249382119350724, 'lr': 0.7520411716638045, 'weight_increment': 0.001395793645992084, 'min_window': 19, 'max_window': 32, 'use_full_instance': True, 'max_partners': 20, 'homeostasis': 'mean', 'target': 0.69, 'spread': 0.36000000000000004}",bc,1000,linear,,-0.4999999999999999,-0.4707692307692306,3.0,"[-0.4999999999999999, -0.5038461538461537, -0.47692307692307684, -0.4307692307692307, -0.4423076923076922]",-0.47846152000000003,
Autoencode,filterbank+hag,6,1014,3.559171597633136,-0.49615384615384606,0.08846153846153852,-0.4826035502958579,,540,"{'decomposition': 'legendre', 'n_filters': 12, 'slowest': 0.015468638100899648, 'input_scaling': 0.8216619713233748, 'bias_dist': 'foldnorm', 'bias_scaling': 0.04249382119350724, 'lr': 0.7520411716638045, 'weight_increment': 0.001395793645992084, 'min_window': 19, 'max_window': 32, 'use_full_instance': True, 'max_partners': 20, 'homeostasis': 'mean', 'target': 0.69, 'spread': 0.36000000000000004}",bc,1000,linear,,-0.48846153846153834,-0.48538461538461525,3.0,"[-0.48846153846153834, -0.48846153846153834, -0.4692307692307692, -0.46153846153846134, -0.5192307692307692]",-0.45999984,
Autoencode,filterbank+proj,0,1014,0.0,-0.4746153846153844,0.08924734594034969,-0.46725838264299785,,502,"{'decomposition': 'legendre', 'n_filters': 12, 'slowest': 0.015468638100899648, 'input_scaling': 0.8216619713233748, 'bias_dist': 'foldnorm', 'bias_scaling': 0.04249382119350724, 'lr': 0.7520411716638045, 'weight_increment': 0.001395793645992084, 'min_window': 19, 'max_window': 32, 'use_full_instance': True, 'max_partners': 20, 'homeostasis': 'mean', 'target': 0.69, 'spread': 0.36000000000000004}",bc,1000,linear,,-0.47692307692307684,-0.4707692307692306,3.0,"[-0.47692307692307684, -0.4999999999999999, -0.45769230769230757, -0.4538461538461537, -0.46538461538461523]",-0.47846152000000003,
Autoencode,filterbank+proj,3,1014,0.0,-0.4715384615384614,0.09256694363137657,-0.4751479289940827,,490,"{'decomposition': 'legendre', 'n_filters': 12, 'slowest': 0.015468638100899648, 'input_scaling': 0.8216619713233748, 'bias_dist': 'foldnorm', 'bias_scaling': 0.04249382119350724, 'lr': 0.7520411716638045, 'weight_increment': 0.001395793645992084, 'min_window': 19, 'max_window': 32, 'use_full_instance': True, 'max_partners': 20, 'homeostasis': 'mean', 'target': 0.69, 'spread': 0.36000000000000004}",bc,1000,linear,,-0.5115384615384614,-0.46999999999999986,3.0,"[-0.5115384615384614, -0.4769230769230767, -0.4499999999999999, -0.43846153846153824, -0.473076923076923]",-0.49307685999999995,
Autoencode,filterbank+hag,1,1014,3.8037475345167655,-0.4476923076923075,0.11403311052434728,-0.4611439842209072,,610,"{'decomposition': 'legendre', 'n_filters': 12, 'slowest': 0.015468638100899648, 'input_scaling': 0.8216619713233748, 'bias_dist': 'foldnorm', 'bias_scaling': 0.04249382119350724, 'lr': 0.7520411716638045, 'weight_increment': 0.001395793645992084, 'min_window': 19, 'max_window': 32, 'use_full_instance': True, 'max_partners': 20, 'homeostasis': 'mean', 'target': 0.69, 'spread': 0.36000000000000004}",bc,1000,linear,,-0.5192307692307692,-0.46615384615384603,2.0,"[-0.5192307692307692, -0.4499999999999999, -0.38461538461538447, -0.48076923076923056, -0.49615384615384606]",-0.46692301999999997,
Autoencode,filterbank+hag,5,1014,3.6025641025641026,-0.466153846153846,0.0767844905444171,-0.4637475345167652,,597,"{'decomposition': 'legendre', 'n_filters': 12, 'slowest': 0.015468638100899648, 'input_scaling': 0.8216619713233748, 'bias_dist': 'foldnorm', 'bias_scaling': 0.04249382119350724, 'lr': 0.7520411716638045, 'weight_increment': 0.001395793645992084, 'min_window': 19, 'max_window': 32, 'use_full_instance': True, 'max_partners': 20, 'homeostasis': 'mean', 'target': 0.69, 'spread': 0.36000000000000004}",bc,1000,linear,,-0.46538461538461534,-0.4692307692307692,2.0,"[-0.46538461538461534, -0.49615384615384606, -0.446153846153846, -0.48076923076923067, -0.4576923076923077]",-0.47076903999999997,
Autoencode,filterbank+hag,3,1014,3.6124260355029585,-0.46999999999999986,0.08678682309384242,-0.47001972386587754,,616,"{'decomposition': 'legendre', 'n_filters': 12, 'slowest': 0.015468638100899648, 'input_scaling': 0.8216619713233748, 'bias_dist': 'foldnorm', 'bias_scaling': 0.04249382119350724, 'lr': 0.7520411716638045, 'weight_increment': 0.001395793645992084, 'min_window': 19, 'max_window': 32, 'use_full_instance': True, 'max_partners': 20, 'homeostasis': 'mean', 'target': 0.69, 'spread': 0.36000000000000004}",bc,1000,linear,,-0.4807692307692307,-0.47384615384615375,2.0,"[-0.4807692307692307, -0.5115384615384613, -0.44230769230769224, -0.46538461538461523, -0.4692307692307692]",-0.49307685999999995,
Autoencode,filterbank+hag,2,1014,3.727810650887574,-0.4784615384615383,0.0910686066889154,-0.47664694280078884,,634,"{'decomposition': 'legendre', 'n_filters': 12, 'slowest': 0.015468638100899648, 'input_scaling': 0.8216619713233748, 'bias_dist': 'foldnorm', 'bias_scaling': 0.04249382119350724, 'lr': 0.7520411716638045, 'weight_increment': 0.001395793645992084, 'min_window': 19, 'max_window': 32, 'use_full_instance': True, 'max_partners': 20, 'homeostasis': 'mean', 'target': 0.69, 'spread': 0.36000000000000004}",bc,1000,linear,,-0.46538461538461523,-0.4753846153846152,1.0,"[-0.46538461538461523, -0.4653846153846152, -0.496153846153846, -0.46923076923076906, -0.48076923076923067]",-0.45076917999999994,
Autoencode,filterbank+hag,8,1014,3.7189349112426036,-0.4599999999999999,0.09789500473804946,-0.46106508875739627,,573,"{'decomposition': 'legendre', 'n_filters': 12, 'slowest': 0.015468638100899648, 'input_scaling': 0.8216619713233748, 'bias_dist': 'foldnorm', 'bias_scaling': 0.04249382119350724, 'lr': 0.7520411716638045, 'weight_increment': 0.001395793645992084, 'min_window': 19, 'max_window': 32, 'use_full_instance': True, 'max_partners': 20, 'homeostasis': 'mean', 'target': 0.69, 'spread': 0.36000000000000004}",bc,1000,linear,,-0.446153846153846,-0.4707692307692307,1.0,"[-0.446153846153846, -0.4307692307692307, -0.4615384615384614, -0.5115384615384614, -0.5038461538461537]",-0.46615387999999996,
Autoencode,filterbank+proj,8,1014,0.0,-0.45846153846153825,0.10287005648248698,-0.46098619329388546,,475,"{'decomposition': 'legendre', 'n_filters': 12, 'slowest': 0.015468638100899648, 'input_scaling': 0.8216619713233748, 'bias_dist': 'foldnorm', 'bias_scaling': 0.04249382119350724, 'lr': 0.7520411716638045, 'weight_increment': 0.001395793645992084, 'min_window': 19, 'max_window': 32, 'use_full_instance': True, 'max_partners': 20, 'homeostasis': 'mean', 'target': 0.69, 'spread': 0.36000000000000004}",bc,1000,linear,,-0.43076923076923057,-0.47461538461538455,0.0,"[-0.43076923076923057, -0.4692307692307692, -0.4692307692307692, -0.5038461538461537, -0.49999999999999983]",-0.46615387999999996,
Autoencode,filterbank+proj,4,1014,0.0,-0.4776923076923075,0.06393876508405033,-0.4622879684418144,,542,"{'decomposition': 'legendre', 'n_filters': 12, 'slowest': 0.015468638100899648, 'input_scaling': 0.8216619713233748, 'bias_dist': 'foldnorm', 'bias_scaling': 0.04249382119350724, 'lr': 0.7520411716638045, 'weight_increment': 0.001395793645992084, 'min_window': 19, 'max_window': 32, 'use_full_instance': True, 'max_partners': 20, 'homeostasis': 'mean', 'target': 0.69, 'spread': 0.36000000000000004}",bc,1000,linear,,-0.46538461538461523,-0.46615384615384603,3.0,"[-0.46538461538461523, -0.5192307692307692, -0.46538461538461523, -0.4346153846153845, -0.446153846153846]",-0.47230754,
Autoencode,filterbank+hag,4,1014,3.804733727810651,-0.4715384615384614,0.0741061129484698,-0.46216962524654825,,645,"{'decomposition': 'legendre', 'n_filters': 12, 'slowest': 0.015468638100899648, 'input_scaling': 0.8216619713233748, 'bias_dist': 'foldnorm', 'bias_scaling': 0.04249382119350724, 'lr': 0.7520411716638045, 'weight_increment': 0.001395793645992084, 'min_window': 19, 'max_window': 32, 'use_full_instance': True, 'max_partners': 20, 'homeostasis': 'mean', 'target': 0.69, 'spread': 0.36000000000000004}",bc,1000,linear,,-0.4692307692307692,-0.4592307692307691,3.0,"[-0.4692307692307692, -0.48846153846153834, -0.4653846153846152, -0.4346153846153845, -0.43846153846153835]",-0.47230754,
Autoencode,filterbank+proj,6,1014,0.0,-0.49846153846153834,0.08903160797680183,-0.48406311637080857,,531,"{'decomposition': 'legendre', 'n_filters': 12, 'slowest': 0.015468638100899648, 'input_scaling': 0.8216619713233748, 'bias_dist': 'foldnorm', 'bias_scaling': 0.04249382119350724, 'lr': 0.7520411716638045, 'weight_increment': 0.001395793645992084, 'min_window': 19, 'max_window': 32, 'use_full_instance': True, 'max_partners': 20, 'homeostasis': 'mean', 'target': 0.69, 'spread': 0.36000000000000004}",bc,1000,linear,,-0.49230769230769217,-0.49230769230769217,3.0,"[-0.49230769230769217, -0.5115384615384615, -0.5153846153846152, -0.45769230769230757, -0.4846153846153845]",-0.45999984,
Autoencode,filterbank+proj,1,1014,0.0,-0.466153846153846,0.11732723670730849,-0.4665088757396449,,573,"{'decomposition': 'legendre', 'n_filters': 12, 'slowest': 0.015468638100899648, 'input_scaling': 0.8216619713233748, 'bias_dist': 'foldnorm', 'bias_scaling': 0.04249382119350724, 'lr': 0.7520411716638045, 'weight_increment': 0.001395793645992084, 'min_window': 19, 'max_window': 32, 'use_full_instance': True, 'max_partners': 20, 'homeostasis': 'mean', 'target': 0.69, 'spread': 0.36000000000000004}",bc,1000,linear,,-0.5192307692307692,-0.4646153846153845,2.0,"[-0.5192307692307692, -0.4423076923076922, -0.39230769230769214, -0.48076923076923067, -0.4884615384615384]",-0.46692301999999997,
Autoencode,filterbank+hag,7,1014,3.5956607495069033,-0.4707692307692306,0.0557679044935134,-0.4674161735700196,,609,"{'decomposition': 'legendre', 'n_filters': 12, 'slowest': 0.015468638100899648, 'input_scaling': 0.8216619713233748, 'bias_dist': 'foldnorm', 'bias_scaling': 0.04249382119350724, 'lr': 0.7520411716638045, 'weight_increment': 0.001395793645992084, 'min_window': 19, 'max_window': 32, 'use_full_instance': True, 'max_partners': 20, 'homeostasis': 'mean', 'target': 0.69, 'spread': 0.36000000000000004}",bc,1000,linear,,-0.496153846153846,-0.4738461538461537,1.0,"[-0.496153846153846, -0.43076923076923057, -0.4538461538461537, -0.4884615384615382, -0.49999999999999983]",-0.4576922199999999,
Autoencode,filterbank+proj,2,1014,0.0,-0.4776923076923075,0.08603356988948557,-0.4781065088757395,,572,"{'decomposition': 'legendre', 'n_filters': 12, 'slowest': 0.015468638100899648, 'input_scaling': 0.8216619713233748, 'bias_dist': 'foldnorm', 'bias_scaling': 0.04249382119350724, 'lr': 0.7520411716638045, 'weight_increment': 0.001395793645992084, 'min_window': 19, 'max_window': 32, 'use_full_instance': True, 'max_partners': 20, 'homeostasis': 'mean', 'target': 0.69, 'spread': 0.36000000000000004}",bc,1000,linear,,-0.44999999999999984,-0.473076923076923,0.0,"[-0.44999999999999984, -0.4692307692307692, -0.48846153846153834, -0.48461538461538456, -0.473076923076923]",-0.45076917999999994,
Autoencode,filterbank+proj,7,1014,0.0,-0.466153846153846,0.06690096893895045,-0.4724260355029584,,525,"{'decomposition': 'legendre', 'n_filters': 12, 'slowest': 0.015468638100899648, 'input_scaling': 0.8216619713233748, 'bias_dist': 'foldnorm', 'bias_scaling': 0.04249382119350724, 'lr': 0.7520411716638045, 'weight_increment': 0.001395793645992084, 'min_window': 19, 'max_window': 32, 'use_full_instance': True, 'max_partners': 20, 'homeostasis': 'mean', 'target': 0.69, 'spread': 0.36000000000000004}",bc,1000,linear,,-0.4846153846153844,-0.46999999999999975,1.0,"[-0.4846153846153844, -0.4423076923076922, -0.45384615384615373, -0.4653846153846152, -0.5038461538461536]",-0.4576922199999999,
Autoencode,filterbank+hag,9,1014,3.826429980276134,-0.503076923076923,0.08455942205330035,-0.4846153846153845,,612,"{'decomposition': 'legendre', 'n_filters': 12, 'slowest': 0.015468638100899648, 'input_scaling': 0.8216619713233748, 'bias_dist': 'foldnorm', 'bias_scaling': 0.04249382119350724, 'lr': 0.7520411716638045, 'weight_increment': 0.001395793645992084, 'min_window': 19, 'max_window': 32, 'use_full_instance': True, 'max_partners': 20, 'homeostasis': 'mean', 'target': 0.69, 'spread': 0.36000000000000004}",bc,1000,linear,,-0.4576923076923075,-0.5053846153846153,0.0,"[-0.4576923076923075, -0.5461538461538462, -0.5230769230769231, -0.5153846153846153, -0.4846153846153845]",-0.46153836000000004,
Autoencode,filterbank+proj,9,1014,0.0,-0.5053846153846152,0.09577154770135253,-0.4840236686390531,,514,"{'decomposition': 'legendre', 'n_filters': 12, 'slowest': 0.015468638100899648, 'input_scaling': 0.8216619713233748, 'bias_dist': 'foldnorm', 'bias_scaling': 0.04249382119350724, 'lr': 0.7520411716638045, 'weight_increment': 0.001395793645992084, 'min_window': 19, 'max_window': 32, 'use_full_instance': True, 'max_partners': 20, 'homeostasis': 'mean', 'target': 0.69, 'spread': 0.36000000000000004}",bc,1000,linear,,-0.46538461538461534,-0.5069230769230768,0.0,"[-0.46538461538461534, -0.5307692307692307, -0.5269230769230768, -0.5115384615384614, -0.4999999999999999]",-0.46153836000000004,
Autoencode,filterbank+proj,0,1014,0.0,-0.5,0.0,-0.4970999391223733,-0.4953608298969072,2968,"{'decomposition': 'legendre', 'n_filters': 12, 'slowest': 0.015468638100899648, 'input_scaling': 0.8216619713233748, 'bias_dist': 'foldnorm', 'bias_scaling': 0.04249382119350724, 'lr': 0.7520411716638045, 'weight_increment': 0.001395793645992084, 'min_window': 19, 'max_window': 32, 'use_full_instance': True, 'max_partners': 20, 'homeostasis': 'mean', 'target': 0.69, 'spread': 0.36000000000000004, 'learning_rate': 0.0003}",dqn,1000,linear,0.0003,,,,,,
Autoencode,filterbank+proj,9,1014,0.0,-0.5038461000000001,0.09460290943438264,-0.49879560867325917,-0.49468675773195875,2983,"{'decomposition': 'legendre', 'n_filters': 12, 'slowest': 0.015468638100899648, 'input_scaling': 0.8216619713233748, 'bias_dist': 'foldnorm', 'bias_scaling': 0.04249382119350724, 'lr': 0.7520411716638045, 'weight_increment': 0.001395793645992084, 'min_window': 19, 'max_window': 32, 'use_full_instance': True, 'max_partners': 20, 'homeostasis': 'mean', 'target': 0.69, 'spread': 0.36000000000000004, 'learning_rate': 0.0001}",dqn,1000,linear,0.0001,,,,,,
Autoencode,filterbank+proj,8,1014,0.0,-0.49769234000000007,0.09952853372246775,-0.49455246858261226,-0.49088025257731965,3024,"{'decomposition': 'legendre', 'n_filters': 12, 'slowest': 0.015468638100899648, 'input_scaling': 0.8216619713233748, 'bias_dist': 'foldnorm', 'bias_scaling': 0.04249382119350724, 'lr': 0.7520411716638045, 'weight_increment': 0.001395793645992084, 'min_window': 19, 'max_window': 32, 'use_full_instance': True, 'max_partners': 20, 'homeostasis': 'mean', 'target': 0.69, 'spread': 0.36000000000000004, 'learning_rate': 0.0001}",dqn,1000,linear,0.0001,,,,,,
Autoencode,filterbank+proj,1,1014,0.0,-0.5,0.0,-0.4974921605892047,-0.5019825597938145,2977,"{'decomposition': 'legendre', 'n_filters': 12, 'slowest': 0.015468638100899648, 'input_scaling': 0.8216619713233748, 'bias_dist': 'foldnorm', 'bias_scaling': 0.04249382119350724, 'lr': 0.7520411716638045, 'weight_increment': 0.001395793645992084, 'min_window': 19, 'max_window': 32, 'use_full_instance': True, 'max_partners': 20, 'homeostasis': 'mean', 'target': 0.69, 'spread': 0.36000000000000004, 'learning_rate': 0.0003}",dqn,1000,linear,0.0003,,,,,,
Autoencode,filterbank+proj,2,1014,0.0,-0.50153848,0.018779377837660115,-0.4997662510300783,-0.5013481391752577,2979,"{'decomposition': 'legendre', 'n_filters': 12, 'slowest': 0.015468638100899648, 'input_scaling': 0.8216619713233748, 'bias_dist': 'foldnorm', 'bias_scaling': 0.04249382119350724, 'lr': 0.7520411716638045, 'weight_increment': 0.001395793645992084, 'min_window': 19, 'max_window': 32, 'use_full_instance': True, 'max_partners': 20, 'homeostasis': 'mean', 'target': 0.69, 'spread': 0.36000000000000004, 'learning_rate': 0.0003}",dqn,1000,linear,0.0003,,,,,,
Autoencode,filterbank+proj,8,1014,0.0,-0.50307686,0.06958893869201052,-0.4956776332921301,-0.49436956288659795,2777,"{'decomposition': 'legendre', 'n_filters': 12, 'slowest': 0.015468638100899648, 'input_scaling': 0.8216619713233748, 'bias_dist': 'foldnorm', 'bias_scaling': 0.04249382119350724, 'lr': 0.7520411716638045, 'weight_increment': 0.001395793645992084, 'min_window': 19, 'max_window': 32, 'use_full_instance': True, 'max_partners': 20, 'homeostasis': 'mean', 'target': 0.69, 'spread': 0.36000000000000004, 'learning_rate': 0.0003}",dqn,1000,linear,0.0003,,,,,,
Autoencode,filterbank+proj,5,1014,0.0,-0.5,0.0,-0.49691768819530285,-0.5005154690721649,2943,"{'decomposition': 'legendre', 'n_filters': 12, 'slowest': 0.015468638100899648, 'input_scaling': 0.8216619713233748, 'bias_dist': 'foldnorm', 'bias_scaling': 0.04249382119350724, 'lr': 0.7520411716638045, 'weight_increment': 0.001395793645992084, 'min_window': 19, 'max_window': 32, 'use_full_instance': True, 'max_partners': 20, 'homeostasis': 'mean', 'target': 0.69, 'spread': 0.36000000000000004, 'learning_rate': 0.0003}",dqn,1000,linear,0.0003,,,,,,
Autoencode,filterbank+proj,3,1014,0.0,-0.48307692,0.07888280358020752,-0.49901746714050266,-0.5033306979381443,3029,"{'decomposition': 'legendre', 'n_filters': 12, 'slowest': 0.015468638100899648, 'input_scaling': 0.8216619713233748, 'bias_dist': 'foldnorm', 'bias_scaling': 0.04249382119350724, 'lr': 0.7520411716638045, 'weight_increment': 0.001395793645992084, 'min_window': 19, 'max_window': 32, 'use_full_instance': True, 'max_partners': 20, 'homeostasis': 'mean', 'target': 0.69, 'spread': 0.36000000000000004, 'learning_rate': 0.0003}",dqn,1000,linear,0.0003,,,,,,
Autoencode,filterbank+proj,6,1014,0.0,-0.4984615,0.09388407934857752,-0.5006933242686444,-0.4982950092783505,2530,"{'decomposition': 'legendre', 'n_filters': 12, 'slowest': 0.015468638100899648, 'input_scaling': 0.8216619713233748, 'bias_dist': 'foldnorm', 'bias_scaling': 0.04249382119350724, 'lr': 0.7520411716638045, 'weight_increment': 0.001395793645992084, 'min_window': 19, 'max_window': 32, 'use_full_instance': True, 'max_partners': 20, 'homeostasis': 'mean', 'target': 0.69, 'spread': 0.36000000000000004, 'learning_rate': 0.003}",dqn,1000,linear,0.003,,,,,,
Autoencode,filterbank+proj,6,1014,0.0,-0.50000002,0.018842373248070424,-0.4972702934693037,-0.4969468845360825,2964,"{'decomposition': 'legendre', 'n_filters': 12, 'slowest': 0.015468638100899648, 'input_scaling': 0.8216619713233748, 'bias_dist': 'foldnorm', 'bias_scaling': 0.04249382119350724, 'lr': 0.7520411716638045, 'weight_increment': 0.001395793645992084, 'min_window': 19, 'max_window': 32, 'use_full_instance': True, 'max_partners': 20, 'homeostasis': 'mean', 'target': 0.69, 'spread': 0.36000000000000004, 'learning_rate': 0.0003}",dqn,1000,linear,0.0003,,,,,,
Autoencode,filterbank+proj,5,1014,0.0,-0.49615382,0.031008760549038398,-0.5000594292336218,-0.5022997525773195,2682,"{'decomposition': 'legendre', 'n_filters': 12, 'slowest': 0.015468638100899648, 'input_scaling': 0.8216619713233748, 'bias_dist': 'foldnorm', 'bias_scaling': 0.04249382119350724, 'lr': 0.7520411716638045, 'weight_increment': 0.001395793645992084, 'min_window': 19, 'max_window': 32, 'use_full_instance': True, 'max_partners': 20, 'homeostasis': 'mean', 'target': 0.69, 'spread': 0.36000000000000004, 'learning_rate': 0.001}",dqn,1000,linear,0.001,,,,,,
Autoencode,filterbank+proj,2,1014,0.0,-0.51846158,0.1199704865288276,-0.5001148986402967,-0.5029738257731959,2598,"{'decomposition': 'legendre', 'n_filters': 12, 'slowest': 0.015468638100899648, 'input_scaling': 0.8216619713233748, 'bias_dist': 'foldnorm', 'bias_scaling': 0.04249382119350724, 'lr': 0.7520411716638045, 'weight_increment': 0.001395793645992084, 'min_window': 19, 'max_window': 32, 'use_full_instance': True, 'max_partners': 20, 'homeostasis': 'mean', 'target': 0.69, 'spread': 0.36000000000000004, 'learning_rate': 0.003}",dqn,1000,linear,0.003,,,,,,
Autoencode,filterbank+proj,4,1014,0.0,-0.5,0.0,-0.4974208420889988,-0.49801743402061854,3059,"{'decomposition': 'legendre', 'n_filters': 12, 'slowest': 0.015468638100899648, 'input_scaling': 0.8216619713233748, 'bias_dist': 'foldnorm', 'bias_scaling': 0.04249382119350724, 'lr': 0.7520411716638045, 'weight_increment': 0.001395793645992084, 'min_window': 19, 'max_window': 32, 'use_full_instance': True, 'max_partners': 20, 'homeostasis': 'mean', 'target': 0.69, 'spread': 0.36000000000000004, 'learning_rate': 0.0003}",dqn,1000,linear,0.0003,,,,,,
Autoencode,filterbank+proj,7,1014,0.0,-0.49000004,0.052629341110053816,-0.4966918648537289,-0.4961141958762887,2895,"{'decomposition': 'legendre', 'n_filters': 12, 'slowest': 0.015468638100899648, 'input_scaling': 0.8216619713233748, 'bias_dist': 'foldnorm', 'bias_scaling': 0.04249382119350724, 'lr': 0.7520411716638045, 'weight_increment': 0.001395793645992084, 'min_window': 19, 'max_window': 32, 'use_full_instance': True, 'max_partners': 20, 'homeostasis': 'mean', 'target': 0.69, 'spread': 0.36000000000000004, 'learning_rate': 0.0003}",dqn,1000,linear,0.0003,,,,,,
Autoencode,filterbank+proj,9,1014,0.0,-0.4746154,0.10451645129739146,-0.5006022044705398,-0.49389374329896907,2572,"{'decomposition': 'legendre', 'n_filters': 12, 'slowest': 0.015468638100899648, 'input_scaling': 0.8216619713233748, 'bias_dist': 'foldnorm', 'bias_scaling': 0.04249382119350724, 'lr': 0.7520411716638045, 'weight_increment': 0.001395793645992084, 'min_window': 19, 'max_window': 32, 'use_full_instance': True, 'max_partners': 20, 'homeostasis': 'mean', 'target': 0.69, 'spread': 0.36000000000000004, 'learning_rate': 0.003}",dqn,1000,linear,0.003,,,,,,
Autoencode,filterbank+proj,9,1014,0.0,-0.47999996,0.11389822223071965,-0.4981062481458591,-0.4948057103092784,2884,"{'decomposition': 'legendre', 'n_filters': 12, 'slowest': 0.015468638100899648, 'input_scaling': 0.8216619713233748, 'bias_dist': 'foldnorm', 'bias_scaling': 0.04249382119350724, 'lr': 0.7520411716638045, 'weight_increment': 0.001395793645992084, 'min_window': 19, 'max_window': 32, 'use_full_instance': True, 'max_partners': 20, 'homeostasis': 'mean', 'target': 0.69, 'spread': 0.36000000000000004, 'learning_rate': 0.0003}",dqn,1000,linear,0.0003,,,,,,
Autoencode,filterbank+proj,1,1014,0.0,-0.50076924,0.005384680000000001,-0.4985420516069221,-0.4974226979381443,2822,"{'decomposition': 'legendre', 'n_filters': 12, 'slowest': 0.015468638100899648, 'input_scaling': 0.8216619713233748, 'bias_dist': 'foldnorm', 'bias_scaling': 0.04249382119350724, 'lr': 0.7520411716638045, 'weight_increment': 0.001395793645992084, 'min_window': 19, 'max_window': 32, 'use_full_instance': True, 'max_partners': 20, 'homeostasis': 'mean', 'target': 0.69, 'spread': 0.36000000000000004, 'learning_rate': 0.001}",dqn,1000,linear,0.001,,,,,,
Autoencode,filterbank+proj,3,1014,0.0,-0.48692296,0.08412812302743,-0.4999049197569015,-0.4992862762886598,2807,"{'decomposition': 'legendre', 'n_filters': 12, 'slowest': 0.015468638100899648, 'input_scaling': 0.8216619713233748, 'bias_dist': 'foldnorm', 'bias_scaling': 0.04249382119350724, 'lr': 0.7520411716638045, 'weight_increment': 0.001395793645992084, 'min_window': 19, 'max_window': 32, 'use_full_instance': True, 'max_partners': 20, 'homeostasis': 'mean', 'target': 0.69, 'spread': 0.36000000000000004, 'learning_rate': 0.001}",dqn,1000,linear,0.001,,,,,,
Autoencode,filterbank+proj,0,1014,0.0,-0.5,0.0,-0.4997147519571487,-0.4952418628865979,2687,"{'decomposition': 'legendre', 'n_filters': 12, 'slowest': 0.015468638100899648, 'input_scaling': 0.8216619713233748, 'bias_dist': 'foldnorm', 'bias_scaling': 0.04249382119350724, 'lr': 0.7520411716638045, 'weight_increment': 0.001395793645992084, 'min_window': 19, 'max_window': 32, 'use_full_instance': True, 'max_partners': 20, 'homeostasis': 'mean', 'target': 0.69, 'spread': 0.36000000000000004, 'learning_rate': 0.003}",dqn,1000,linear,0.003,,,,,,
Autoencode,filterbank+proj,0,1014,0.0,-0.5176923,0.08743903120237552,-0.4995206204161516,-0.4985329072164948,2891,"{'decomposition': 'legendre', 'n_filters': 12, 'slowest': 0.015468638100899648, 'input_scaling': 0.8216619713233748, 'bias_dist': 'foldnorm', 'bias_scaling': 0.04249382119350724, 'lr': 0.7520411716638045, 'weight_increment': 0.001395793645992084, 'min_window': 19, 'max_window': 32, 'use_full_instance': True, 'max_partners': 20, 'homeostasis': 'mean', 'target': 0.69, 'spread': 0.36000000000000004, 'learning_rate': 0.001}",dqn,1000,linear,0.001,,,,,,
Autoencode,filterbank+proj,2,1014,0.0,-0.49769228,0.08884877380156464,-0.49851430809641534,-0.4992862742268041,2842,"{'decomposition': 'legendre', 'n_filters': 12, 'slowest': 0.015468638100899648, 'input_scaling': 0.8216619713233748, 'bias_dist': 'foldnorm', 'bias_scaling': 0.04249382119350724, 'lr': 0.7520411716638045, 'weight_increment': 0.001395793645992084, 'min_window': 19, 'max_window': 32, 'use_full_instance': True, 'max_partners': 20, 'homeostasis': 'mean', 'target': 0.69, 'spread': 0.36000000000000004, 'learning_rate': 0.001}",dqn,1000,linear,0.001,,,,,,
Autoencode,filterbank+proj,8,1014,0.0,-0.5,0.0,-0.49911255274000826,-0.49528152474226805,2645,"{'decomposition': 'legendre', 'n_filters': 12, 'slowest': 0.015468638100899648, 'input_scaling': 0.8216619713233748, 'bias_dist': 'foldnorm', 'bias_scaling': 0.04249382119350724, 'lr': 0.7520411716638045, 'weight_increment': 0.001395793645992084, 'min_window': 19, 'max_window': 32, 'use_full_instance': True, 'max_partners': 20, 'homeostasis': 'mean', 'target': 0.69, 'spread': 0.36000000000000004, 'learning_rate': 0.003}",dqn,1000,linear,0.003,,,,,,
Autoencode,filterbank+proj,8,1014,0.0,-0.49923076,0.00538468,-0.49740895601565716,-0.502577324742268,2771,"{'decomposition': 'legendre', 'n_filters': 12, 'slowest': 0.015468638100899648, 'input_scaling': 0.8216619713233748, 'bias_dist': 'foldnorm', 'bias_scaling': 0.04249382119350724, 'lr': 0.7520411716638045, 'weight_increment': 0.001395793645992084, 'min_window': 19, 'max_window': 32, 'use_full_instance': True, 'max_partners': 20, 'homeostasis': 'mean', 'target': 0.69, 'spread': 0.36000000000000004, 'learning_rate': 0.001}",dqn,1000,linear,0.001,,,,,,
Autoencode,filterbank+proj,4,1014,0.0,-0.5015384,0.0876924491232854,-0.49711578172641113,-0.4978984969072165,2865,"{'decomposition': 'legendre', 'n_filters': 12, 'slowest': 0.015468638100899648, 'input_scaling': 0.8216619713233748, 'bias_dist': 'foldnorm', 'bias_scaling': 0.04249382119350724, 'lr': 0.7520411716638045, 'weight_increment': 0.001395793645992084, 'min_window': 19, 'max_window': 32, 'use_full_instance': True, 'max_partners': 20, 'homeostasis': 'mean', 'target': 0.69, 'spread': 0.36000000000000004, 'learning_rate': 0.001}",dqn,1000,linear,0.001,,,,,,
Autoencode,filterbank+proj,7,1014,0.0,-0.51230768,0.09743459257192795,-0.49938592181705804,-0.4974623340206185,2809,"{'decomposition': 'legendre', 'n_filters': 12, 'slowest': 0.015468638100899648, 'input_scaling': 0.8216619713233748, 'bias_dist': 'foldnorm', 'bias_scaling': 0.04249382119350724, 'lr': 0.7520411716638045, 'weight_increment': 0.001395793645992084, 'min_window': 19, 'max_window': 32, 'use_full_instance': True, 'max_partners': 20, 'homeostasis': 'mean', 'target': 0.69, 'spread': 0.36000000000000004, 'learning_rate': 0.001}",dqn,1000,linear,0.001,,,,,,
Autoencode,filterbank+proj,3,1014,0.0,-0.49769224,0.08510700772899021,-0.49748422970745776,-0.49321966804123707,2757,"{'decomposition': 'legendre', 'n_filters': 12, 'slowest': 0.015468638100899648, 'input_scaling': 0.8216619713233748, 'bias_dist': 'foldnorm', 'bias_scaling': 0.04249382119350724, 'lr': 0.7520411716638045, 'weight_increment': 0.001395793645992084, 'min_window': 19, 'max_window': 32, 'use_full_instance': True, 'max_partners': 20, 'homeostasis': 'mean', 'target': 0.69, 'spread': 0.36000000000000004, 'learning_rate': 0.003}",dqn,1000,linear,0.003,,,,,,
Autoencode,filterbank+proj,5,1014,0.0,-0.49230774,0.08702867323240311,-0.4990650106098064,-0.4995638422680412,2748,"{'decomposition': 'legendre', 'n_filters': 12, 'slowest': 0.015468638100899648, 'input_scaling': 0.8216619713233748, 'bias_dist': 'foldnorm', 'bias_scaling': 0.04249382119350724, 'lr': 0.7520411716638045, 'weight_increment': 0.001395793645992084, 'min_window': 19, 'max_window': 32, 'use_full_instance': True, 'max_partners': 20, 'homeostasis': 'mean', 'target': 0.69, 'spread': 0.36000000000000004, 'learning_rate': 0.003}",dqn,1000,linear,0.003,,,,,,
Autoencode,filterbank+proj,7,1014,0.0,-0.5,0.0,-0.5009349996909764,-0.4954004793814433,2730,"{'decomposition': 'legendre', 'n_filters': 12, 'slowest': 0.015468638100899648, 'input_scaling': 0.8216619713233748, 'bias_dist': 'foldnorm', 'bias_scaling': 0.04249382119350724, 'lr': 0.7520411716638045, 'weight_increment': 0.001395793645992084, 'min_window': 19, 'max_window': 32, 'use_full_instance': True, 'max_partners': 20, 'homeostasis': 'mean', 'target': 0.69, 'spread': 0.36000000000000004, 'learning_rate': 0.003}",dqn,1000,linear,0.003,,,,,,
Autoencode,filterbank+proj,1,1014,0.0,-0.50076918,0.048339419591753474,-0.4999088824680676,-0.5057494041237113,2795,"{'decomposition': 'legendre', 'n_filters': 12, 'slowest': 0.015468638100899648, 'input_scaling': 0.8216619713233748, 'bias_dist': 'foldnorm', 'bias_scaling': 0.04249382119350724, 'lr': 0.7520411716638045, 'weight_increment': 0.001395793645992084, 'min_window': 19, 'max_window': 32, 'use_full_instance': True, 'max_partners': 20, 'homeostasis': 'mean', 'target': 0.69, 'spread': 0.36000000000000004, 'learning_rate': 0.003}",dqn,1000,linear,0.003,,,,,,
Autoencode,filterbank+proj,6,1014,0.0,-0.48692302,0.06135089339870773,-0.5006695609806345,-0.5004361773195877,2883,"{'decomposition': 'legendre', 'n_filters': 12, 'slowest': 0.015468638100899648, 'input_scaling': 0.8216619713233748, 'bias_dist': 'foldnorm', 'bias_scaling': 0.04249382119350724, 'lr': 0.7520411716638045, 'weight_increment': 0.001395793645992084, 'min_window': 19, 'max_window': 32, 'use_full_instance': True, 'max_partners': 20, 'homeostasis': 'mean', 'target': 0.69, 'spread': 0.36000000000000004, 'learning_rate': 0.001}",dqn,1000,linear,0.001,,,,,,
Autoencode,filterbank+proj,9,1014,0.0,-0.5053846,0.09699950490987054,-0.4986371306139267,-0.49583664845360825,2886,"{'decomposition': 'legendre', 'n_filters': 12, 'slowest': 0.015468638100899648, 'input_scaling': 0.8216619713233748, 'bias_dist': 'foldnorm', 'bias_scaling': 0.04249382119350724, 'lr': 0.7520411716638045, 'weight_increment': 0.001395793645992084, 'min_window': 19, 'max_window': 32, 'use_full_instance': True, 'max_partners': 20, 'homeostasis': 'mean', 'target': 0.69, 'spread': 0.36000000000000004, 'learning_rate': 0.001}",dqn,1000,linear,0.001,,,,,,
Autoencode,filterbank+proj,4,1014,0.0,-0.5,0.0,-0.4997385218376596,-0.5006740649484536,2852,"{'decomposition': 'legendre', 'n_filters': 12, 'slowest': 0.015468638100899648, 'input_scaling': 0.8216619713233748, 'bias_dist': 'foldnorm', 'bias_scaling': 0.04249382119350724, 'lr': 0.7520411716638045, 'weight_increment': 0.001395793645992084, 'min_window': 19, 'max_window': 32, 'use_full_instance': True, 'max_partners': 20, 'homeostasis': 'mean', 'target': 0.69, 'spread': 0.36000000000000004, 'learning_rate': 0.003}",dqn,1000,linear,0.003,,,,,,
Autoencode,filterbank+esn,2,312,4.237179487179487,-0.45307686,0.10299944159130377,-0.46975844214748524,-0.4501424197530865,1371,"{'decomposition': 'legendre', 'n_filters': 12, 'slowest': 0.006397371281320229, 'input_scaling': 0.550142611755141, 'bias_dist': 'foldnorm', 'bias_scaling': 0.07438842372152364, 'lr': 0.6575600610814601, 'sr': 0.8663422541011234, 'rc_connectivity': 0.013579746643157644, 'learning_rate': 0.0003}",ppo,300,64x64,0.0003,,,,,,
Autoencode,filterbank+esn,4,312,4.237179487179487,-0.4207692,0.10187881291416777,-0.461004407487401,-0.4403291646090535,1321,"{'decomposition': 'legendre', 'n_filters': 12, 'slowest': 0.006397371281320229, 'input_scaling': 0.550142611755141, 'bias_dist': 'foldnorm', 'bias_scaling': 0.07438842372152364, 'lr': 0.6575600610814601, 'sr': 0.8663422541011234, 'rc_connectivity': 0.013579746643157644, 'learning_rate': 0.0003}",ppo,300,64x64,0.0003,,,,,,
Autoencode,filterbank+esn,5,312,4.237179487179487,-0.4461537999999999,0.11487074959501223,-0.4677687133600741,-0.44127886831275714,1329,"{'decomposition': 'legendre', 'n_filters': 12, 'slowest': 0.006397371281320229, 'input_scaling': 0.550142611755141, 'bias_dist': 'foldnorm', 'bias_scaling': 0.07438842372152364, 'lr': 0.6575600610814601, 'sr': 0.8663422541011234, 'rc_connectivity': 0.013579746643157644, 'learning_rate': 0.0003}",ppo,300,64x64,0.0003,,,,,,
Autoencode,filterbank+esn,2,312,4.237179487179487,-0.46307691999999995,0.09759238565253746,-0.4614909698652679,-0.44072487037037034,1306,"{'decomposition': 'legendre', 'n_filters': 12, 'slowest': 0.006397371281320229, 'input_scaling': 0.550142611755141, 'bias_dist': 'foldnorm', 'bias_scaling': 0.07438842372152364, 'lr': 0.6575600610814601, 'sr': 0.8663422541011234, 'rc_connectivity': 0.013579746643157644, 'learning_rate': 0.001}",ppo,300,64x64,0.001,,,,,,
Autoencode,filterbank+esn,6,312,4.237179487179487,-0.46384616,0.10129642818093045,-0.48044287524426615,-0.46399174485596706,1472,"{'decomposition': 'legendre', 'n_filters': 12, 'slowest': 0.006397371281320229, 'input_scaling': 0.550142611755141, 'bias_dist': 'foldnorm', 'bias_scaling': 0.07438842372152364, 'lr': 0.6575600610814601, 'sr': 0.8663422541011234, 'rc_connectivity': 0.013579746643157644, 'learning_rate': 0.0003}",ppo,300,64x64,0.0003,,,,,,
Autoencode,filterbank+esn,1,312,4.237179487179487,-0.46615384000000004,0.1265473349616435,-0.48252358665021083,-0.46296294238683133,1657,"{'decomposition': 'legendre', 'n_filters': 12, 'slowest': 0.006397371281320229, 'input_scaling': 0.550142611755141, 'bias_dist': 'foldnorm', 'bias_scaling': 0.07438842372152364, 'lr': 0.6575600610814601, 'sr': 0.8663422541011234, 'rc_connectivity': 0.013579746643157644, 'learning_rate': 0.0003}",ppo,300,64x64,0.0003,,,,,,
Autoencode,filterbank+esn,7,312,4.237179487179487,-0.40692304,0.10236549143514331,-0.4634174117042066,-0.43977522016460907,1472,"{'decomposition': 'legendre', 'n_filters': 12, 'slowest': 0.006397371281320229, 'input_scaling': 0.550142611755141, 'bias_dist': 'foldnorm', 'bias_scaling': 0.07438842372152364, 'lr': 0.6575600610814601, 'sr': 0.8663422541011234, 'rc_connectivity': 0.013579746643157644, 'learning_rate': 0.0003}",ppo,300,64x64,0.0003,,,,,,
Autoencode,filterbank+esn,0,312,4.237179487179487,-0.46923076,0.09940655044946685,-0.47408601697007097,-0.46256724279835393,1678,"{'decomposition': 'legendre', 'n_filters': 12, 'slowest': 0.006397371281320229, 'input_scaling': 0.550142611755141, 'bias_dist': 'foldnorm', 'bias_scaling': 0.07438842372152364, 'lr': 0.6575600610814601, 'sr': 0.8663422541011234, 'rc_connectivity': 0.013579746643157644, 'learning_rate': 0.0003}",ppo,300,64x64,0.0003,,,,,,
Autoencode,filterbank+esn,7,312,4.237179487179487,-0.4384615,0.11792093479959359,-0.4584094568548802,-0.4495093086419753,1382,"{'decomposition': 'legendre', 'n_filters': 12, 'slowest': 0.006397371281320229, 'input_scaling': 0.550142611755141, 'bias_dist': 'foldnorm', 'bias_scaling': 0.07438842372152364, 'lr': 0.6575600610814601, 'sr': 0.8663422541011234, 'rc_connectivity': 0.013579746643157644, 'learning_rate': 0.001}",ppo,300,64x64,0.001,,,,,,
Autoencode,filterbank+esn,5,312,4.237179487179487,-0.44615387999999995,0.1300887306657483,-0.4637734287771264,-0.4577001975308642,1403,"{'decomposition': 'legendre', 'n_filters': 12, 'slowest': 0.006397371281320229, 'input_scaling': 0.550142611755141, 'bias_dist': 'foldnorm', 'bias_scaling': 0.07438842372152364, 'lr': 0.6575600610814601, 'sr': 0.8663422541011234, 'rc_connectivity': 0.013579746643157644, 'learning_rate': 0.001}",ppo,300,64x64,0.001,,,,,,
Autoencode,filterbank+esn,4,312,4.237179487179487,-0.46538458,0.12598726069759433,-0.4589039209091844,-0.45053810905349795,1410,"{'decomposition': 'legendre', 'n_filters': 12, 'slowest': 0.006397371281320229, 'input_scaling': 0.550142611755141, 'bias_dist': 'foldnorm', 'bias_scaling': 0.07438842372152364, 'lr': 0.6575600610814601, 'sr': 0.8663422541011234, 'rc_connectivity': 0.013579746643157644, 'learning_rate': 0.001}",ppo,300,64x64,0.001,,,,,,
Autoencode,filterbank+esn,3,312,4.237179487179487,-0.4430769599999999,0.12192743186632939,-0.4747901344235319,-0.4527540195473251,1736,"{'decomposition': 'legendre', 'n_filters': 12, 'slowest': 0.006397371281320229, 'input_scaling': 0.550142611755141, 'bias_dist': 'foldnorm', 'bias_scaling': 0.07438842372152364, 'lr': 0.6575600610814601, 'sr': 0.8663422541011234, 'rc_connectivity': 0.013579746643157644, 'learning_rate': 0.0003}",ppo,300,64x64,0.0003,,,,,,
Autoencode,filterbank+esn,9,312,4.237179487179487,-0.41999991999999997,0.13163519378005867,-0.4708779161781343,-0.457067096707819,1553,"{'decomposition': 'legendre', 'n_filters': 12, 'slowest': 0.006397371281320229, 'input_scaling': 0.550142611755141, 'bias_dist': 'foldnorm', 'bias_scaling': 0.07438842372152364, 'lr': 0.6575600610814601, 'sr': 0.8663422541011234, 'rc_connectivity': 0.013579746643157644, 'learning_rate': 0.0003}",ppo,300,64x64,0.0003,,,,,,
Autoencode,filterbank+esn,0,312,4.237179487179487,-0.43769218000000004,0.11914140995870243,-0.4644933665535328,-0.4602722098765432,1549,"{'decomposition': 'legendre', 'n_filters': 12, 'slowest': 0.006397371281320229, 'input_scaling': 0.550142611755141, 'bias_dist': 'foldnorm', 'bias_scaling': 0.07438842372152364, 'lr': 0.6575600610814601, 'sr': 0.8663422541011234, 'rc_connectivity': 0.013579746643157644, 'learning_rate': 0.001}",ppo,300,64x64,0.001,,,,,,
Autoencode,filterbank+esn,8,312,4.237179487179487,-0.45307688,0.10666831732986884,-0.468235488532346,-0.4542576440329218,1587,"{'decomposition': 'legendre', 'n_filters': 12, 'slowest': 0.006397371281320229, 'input_scaling': 0.550142611755141, 'bias_dist': 'foldnorm', 'bias_scaling': 0.07438842372152364, 'lr': 0.6575600610814601, 'sr': 0.8663422541011234, 'rc_connectivity': 0.013579746643157644, 'learning_rate': 0.0003}",ppo,300,64x64,0.0003,,,,,,
Autoencode,filterbank+esn,6,312,4.237179487179487,-0.42615386,0.12036437936615799,-0.46706063858891295,-0.4539806574074074,1431,"{'decomposition': 'legendre', 'n_filters': 12, 'slowest': 0.006397371281320229, 'input_scaling': 0.550142611755141, 'bias_dist': 'foldnorm', 'bias_scaling': 0.07438842372152364, 'lr': 0.6575600610814601, 'sr': 0.8663422541011234, 'rc_connectivity': 0.013579746643157644, 'learning_rate': 0.001}",ppo,300,64x64,0.001,,,,,,
Autoencode,filterbank+esn,1,312,4.237179487179487,-0.45076915999999995,0.11014789633730823,-0.46852030566697517,-0.4547324804526749,1544,"{'decomposition': 'legendre', 'n_filters': 12, 'slowest': 0.006397371281320229, 'input_scaling': 0.550142611755141, 'bias_dist': 'foldnorm', 'bias_scaling': 0.07438842372152364, 'lr': 0.6575600610814601, 'sr': 0.8663422541011234, 'rc_connectivity': 0.013579746643157644, 'learning_rate': 0.001}",ppo,300,64x64,0.001,,,,,,
Autoencode,filterbank+esn,1,312,4.237179487179487,-0.47384613999999997,0.1067099324807227,-0.4718312484829784,-0.4729344557613168,1393,"{'decomposition': 'legendre', 'n_filters': 12, 'slowest': 0.006397371281320229, 'input_scaling': 0.550142611755141, 'bias_dist': 'foldnorm', 'bias_scaling': 0.07438842372152364, 'lr': 0.6575600610814601, 'sr': 0.8663422541011234, 'rc_connectivity': 0.013579746643157644, 'learning_rate': 0.003}",ppo,300,64x64,0.003,,,,,,
Autoencode,filterbank+esn,0,312,4.237179487179487,-0.47923077999999997,0.11747094354610249,-0.47533998344132466,-0.47210350411522634,1419,"{'decomposition': 'legendre', 'n_filters': 12, 'slowest': 0.006397371281320229, 'input_scaling': 0.550142611755141, 'bias_dist': 'foldnorm', 'bias_scaling': 0.07438842372152364, 'lr': 0.6575600610814601, 'sr': 0.8663422541011234, 'rc_connectivity': 0.013579746643157644, 'learning_rate': 0.003}",ppo,300,64x64,0.003,,,,,,
Autoencode,filterbank+esn,3,312,4.237179487179487,-0.42384608000000007,0.12905898745873376,-0.46072751815283347,-0.4487179362139918,1535,"{'decomposition': 'legendre', 'n_filters': 12, 'slowest': 0.006397371281320229, 'input_scaling': 0.550142611755141, 'bias_dist': 'foldnorm', 'bias_scaling': 0.07438842372152364, 'lr': 0.6575600610814601, 'sr': 0.8663422541011234, 'rc_connectivity': 0.013579746643157644, 'learning_rate': 0.001}",ppo,300,64x64,0.001,,,,,,
Autoencode,filterbank+esn,2,312,4.237179487179487,-0.48615384,0.09382112816447263,-0.46841349100071994,-0.4637543137860083,1416,"{'decomposition': 'legendre', 'n_filters': 12, 'slowest': 0.006397371281320229, 'input_scaling': 0.550142611755141, 'bias_dist': 'foldnorm', 'bias_scaling': 0.07438842372152364, 'lr': 0.6575600610814601, 'sr': 0.8663422541011234, 'rc_connectivity': 0.013579746643157644, 'learning_rate': 0.003}",ppo,300,64x64,0.003,,,,,,
Autoencode,filterbank+esn,9,312,4.237179487179487,-0.41615378,0.10788175877789348,-0.4630416178134321,-0.4543763487654321,1446,"{'decomposition': 'legendre', 'n_filters': 12, 'slowest': 0.006397371281320229, 'input_scaling': 0.550142611755141, 'bias_dist': 'foldnorm', 'bias_scaling': 0.07438842372152364, 'lr': 0.6575600610814601, 'sr': 0.8663422541011234, 'rc_connectivity': 0.013579746643157644, 'learning_rate': 0.001}",ppo,300,64x64,0.001,,,,,,
Autoencode,filterbank+esn,5,312,4.237179487179487,-0.46076922000000003,0.10727674208238988,-0.4710124161267098,-0.46664291152263376,1438,"{'decomposition': 'legendre', 'n_filters': 12, 'slowest': 0.006397371281320229, 'input_scaling': 0.550142611755141, 'bias_dist': 'foldnorm', 'bias_scaling': 0.07438842372152364, 'lr': 0.6575600610814601, 'sr': 0.8663422541011234, 'rc_connectivity': 0.013579746643157644, 'learning_rate': 0.003}",ppo,300,64x64,0.003,,,,,,
Autoencode,filterbank+esn,3,312,4.237179487179487,-0.47923084000000005,0.09976609795263316,-0.47489693757070855,-0.479423859053498,1463,"{'decomposition': 'legendre', 'n_filters': 12, 'slowest': 0.006397371281320229, 'input_scaling': 0.550142611755141, 'bias_dist': 'foldnorm', 'bias_scaling': 0.07438842372152364, 'lr': 0.6575600610814601, 'sr': 0.8663422541011234, 'rc_connectivity': 0.013579746643157644, 'learning_rate': 0.003}",ppo,300,64x64,0.003,,,,,,
Autoencode,filterbank+esn,8,312,4.237179487179487,-0.4646154,0.10737324008560047,-0.4627212047721896,-0.45402022736625514,1501,"{'decomposition': 'legendre', 'n_filters': 12, 'slowest': 0.006397371281320229, 'input_scaling': 0.550142611755141, 'bias_dist': 'foldnorm', 'bias_scaling': 0.07438842372152364, 'lr': 0.6575600610814601, 'sr': 0.8663422541011234, 'rc_connectivity': 0.013579746643157644, 'learning_rate': 0.001}",ppo,300,64x64,0.001,,,,,,
Autoencode,filterbank+esn,4,312,4.237179487179487,-0.45999996000000004,0.12088439093480349,-0.470494212794405,-0.46565368209876545,1473,"{'decomposition': 'legendre', 'n_filters': 12, 'slowest': 0.006397371281320229, 'input_scaling': 0.550142611755141, 'bias_dist': 'foldnorm', 'bias_scaling': 0.07438842372152364, 'lr': 0.6575600610814601, 'sr': 0.8663422541011234, 'rc_connectivity': 0.013579746643157644, 'learning_rate': 0.003}",ppo,300,64x64,0.003,,,,,,
Autoencode,filterbank+esn,6,312,4.237179487179487,-0.47076910000000005,0.09087357652986923,-0.47283600812506427,-0.4635169290123457,1470,"{'decomposition': 'legendre', 'n_filters': 12, 'slowest': 0.006397371281320229, 'input_scaling': 0.550142611755141, 'bias_dist': 'foldnorm', 'bias_scaling': 0.07438842372152364, 'lr': 0.6575600610814601, 'sr': 0.8663422541011234, 'rc_connectivity': 0.013579746643157644, 'learning_rate': 0.003}",ppo,300,64x64,0.003,,,,,,
Autoencode,filterbank+esn,8,312,4.237179487179487,-0.4638462,0.13018199195618416,-0.47001161411087117,-0.47135167283950613,1464,"{'decomposition': 'legendre', 'n_filters': 12, 'slowest': 0.006397371281320229, 'input_scaling': 0.550142611755141, 'bias_dist': 'foldnorm', 'bias_scaling': 0.07438842372152364, 'lr': 0.6575600610814601, 'sr': 0.8663422541011234, 'rc_connectivity': 0.013579746643157644, 'learning_rate': 0.003}",ppo,300,64x64,0.003,,,,,,
Autoencode,filterbank+esn,7,312,4.237179487179487,-0.4576923,0.1395789214943646,-0.47049026144194184,-0.46197370370370366,1472,"{'decomposition': 'legendre', 'n_filters': 12, 'slowest': 0.006397371281320229, 'input_scaling': 0.550142611755141, 'bias_dist': 'foldnorm', 'bias_scaling': 0.07438842372152364, 'lr': 0.6575600610814601, 'sr': 0.8663422541011234, 'rc_connectivity': 0.013579746643157644, 'learning_rate': 0.003}",ppo,300,64x64,0.003,,,,,,
Autoencode,filterbank+esn,9,312,4.237179487179487,-0.46769232000000005,0.11675097390504971,-0.47395943391957207,-0.4682652427983539,1467,"{'decomposition': 'legendre', 'n_filters': 12, 'slowest': 0.006397371281320229, 'input_scaling': 0.550142611755141, 'bias_dist': 'foldnorm', 'bias_scaling': 0.07438842372152364, 'lr': 0.6575600610814601, 'sr': 0.8663422541011234, 'rc_connectivity': 0.013579746643157644, 'learning_rate': 0.003}",ppo,300,64x64,0.003,,,,,,
Autoencode,filterbank+esn,1,312,4.237179487179487,-0.5,0.0,-0.5001028502519799,-0.5,1456,"{'decomposition': 'legendre', 'n_filters': 12, 'slowest': 0.006397371281320229, 'input_scaling': 0.550142611755141, 'bias_dist': 'foldnorm', 'bias_scaling': 0.07438842372152364, 'lr': 0.6575600610814601, 'sr': 0.8663422541011234, 'rc_connectivity': 0.013579746643157644, 'learning_rate': 0.01}",ppo,300,64x64,0.01,,,,,,
Autoencode,filterbank+esn,0,312,4.237179487179487,-0.5,0.0,-0.49958860403167743,-0.5,1495,"{'decomposition': 'legendre', 'n_filters': 12, 'slowest': 0.006397371281320229, 'input_scaling': 0.550142611755141, 'bias_dist': 'foldnorm', 'bias_scaling': 0.07438842372152364, 'lr': 0.6575600610814601, 'sr': 0.8663422541011234, 'rc_connectivity': 0.013579746643157644, 'learning_rate': 0.01}",ppo,300,64x64,0.01,,,,,,
Autoencode,filterbank+esn,2,312,4.237179487179487,-0.5,0.0,-0.49936708320477213,-0.5,1349,"{'decomposition': 'legendre', 'n_filters': 12, 'slowest': 0.006397371281320229, 'input_scaling': 0.550142611755141, 'bias_dist': 'foldnorm', 'bias_scaling': 0.07438842372152364, 'lr': 0.6575600610814601, 'sr': 0.8663422541011234, 'rc_connectivity': 0.013579746643157644, 'learning_rate': 0.01}",ppo,300,64x64,0.01,,,,,,
Autoencode,filterbank+esn,5,312,4.237179487179487,-0.5,0.0,-0.49986550365113647,-0.5,1347,"{'decomposition': 'legendre', 'n_filters': 12, 'slowest': 0.006397371281320229, 'input_scaling': 0.550142611755141, 'bias_dist': 'foldnorm', 'bias_scaling': 0.07438842372152364, 'lr': 0.6575600610814601, 'sr': 0.8663422541011234, 'rc_connectivity': 0.013579746643157644, 'learning_rate': 0.01}",ppo,300,64x64,0.01,,,,,,
Autoencode,filterbank+esn,3,312,4.237179487179487,-0.5,0.0,-0.5005894054304227,-0.5,1429,"{'decomposition': 'legendre', 'n_filters': 12, 'slowest': 0.006397371281320229, 'input_scaling': 0.550142611755141, 'bias_dist': 'foldnorm', 'bias_scaling': 0.07438842372152364, 'lr': 0.6575600610814601, 'sr': 0.8663422541011234, 'rc_connectivity': 0.013579746643157644, 'learning_rate': 0.01}",ppo,300,64x64,0.01,,,,,,
Autoencode,filterbank+esn,4,312,4.237179487179487,-0.5,0.0,-0.4999802217422606,-0.5,1467,"{'decomposition': 'legendre', 'n_filters': 12, 'slowest': 0.006397371281320229, 'input_scaling': 0.550142611755141, 'bias_dist': 'foldnorm', 'bias_scaling': 0.07438842372152364, 'lr': 0.6575600610814601, 'sr': 0.8663422541011234, 'rc_connectivity': 0.013579746643157644, 'learning_rate': 0.01}",ppo,300,64x64,0.01,,,,,,
Autoencode,filterbank+esn,7,312,4.237179487179487,-0.5,0.0,-0.4996439845726628,-0.5,1357,"{'decomposition': 'legendre', 'n_filters': 12, 'slowest': 0.006397371281320229, 'input_scaling': 0.550142611755141, 'bias_dist': 'foldnorm', 'bias_scaling': 0.07438842372152364, 'lr': 0.6575600610814601, 'sr': 0.8663422541011234, 'rc_connectivity': 0.013579746643157644, 'learning_rate': 0.01}",ppo,300,64x64,0.01,,,,,,
Autoencode,filterbank+esn,6,312,4.237179487179487,-0.5,0.0,-0.5006329174123213,-0.5,1384,"{'decomposition': 'legendre', 'n_filters': 12, 'slowest': 0.006397371281320229, 'input_scaling': 0.550142611755141, 'bias_dist': 'foldnorm', 'bias_scaling': 0.07438842372152364, 'lr': 0.6575600610814601, 'sr': 0.8663422541011234, 'rc_connectivity': 0.013579746643157644, 'learning_rate': 0.01}",ppo,300,64x64,0.01,,,,,,
Autoencode,filterbank+hag,0,312,3.0224358974358974,-0.42230763999999993,0.1047651943877851,-0.47865488439781967,-0.4620528281893004,1316,"{'decomposition': 'legendre', 'n_filters': 12, 'slowest': 0.015468638100899648, 'input_scaling': 0.8216619713233748, 'bias_dist': 'foldnorm', 'bias_scaling': 0.04249382119350724, 'lr': 0.7520411716638045, 'weight_increment': 0.001395793645992084, 'min_window': 19, 'max_window': 32, 'use_full_instance': True, 'max_partners': 20, 'homeostasis': 'mean', 'target': 0.69, 'spread': 0.36000000000000004, 'learning_rate': 0.0003}",ppo,300,64x64,0.0003,,,,,,
Autoencode,filterbank+hag,1,312,3.3108974358974357,-0.45769224000000003,0.12762051763248103,-0.4676975170214954,-0.45026114711934156,1329,"{'decomposition': 'legendre', 'n_filters': 12, 'slowest': 0.015468638100899648, 'input_scaling': 0.8216619713233748, 'bias_dist': 'foldnorm', 'bias_scaling': 0.04249382119350724, 'lr': 0.7520411716638045, 'weight_increment': 0.001395793645992084, 'min_window': 19, 'max_window': 32, 'use_full_instance': True, 'max_partners': 20, 'homeostasis': 'mean', 'target': 0.69, 'spread': 0.36000000000000004, 'learning_rate': 0.0003}",ppo,300,64x64,0.0003,,,,,,
Autoencode,filterbank+hag,4,312,2.8653846153846154,-0.4600000399999999,0.12354731649501091,-0.4705139851897563,-0.45073594547325097,1310,"{'decomposition': 'legendre', 'n_filters': 12, 'slowest': 0.015468638100899648, 'input_scaling': 0.8216619713233748, 'bias_dist': 'foldnorm', 'bias_scaling': 0.04249382119350724, 'lr': 0.7520411716638045, 'weight_increment': 0.001395793645992084, 'min_window': 19, 'max_window': 32, 'use_full_instance': True, 'max_partners': 20, 'homeostasis': 'mean', 'target': 0.69, 'spread': 0.36000000000000004, 'learning_rate': 0.0003}",ppo,300,64x64,0.0003,,,,,,
Autoencode,filterbank+esn,9,312,4.237179487179487,-0.5,0.0,-0.5001661405944667,-0.5,1361,"{'decomposition': 'legendre', 'n_filters': 12, 'slowest': 0.006397371281320229, 'input_scaling': 0.550142611755141, 'bias_dist': 'foldnorm', 'bias_scaling': 0.07438842372152364, 'lr': 0.6575600610814601, 'sr': 0.8663422541011234, 'rc_connectivity': 0.013579746643157644, 'learning_rate': 0.01}",ppo,300,64x64,0.01,,,,,,
Autoencode,filterbank+esn,8,312,4.237179487179487,-0.5,0.0,-0.4996914525352257,-0.5,1378,"{'decomposition': 'legendre', 'n_filters': 12, 'slowest': 0.006397371281320229, 'input_scaling': 0.550142611755141, 'bias_dist': 'foldnorm', 'bias_scaling': 0.07438842372152364, 'lr': 0.6575600610814601, 'sr': 0.8663422541011234, 'rc_connectivity': 0.013579746643157644, 'learning_rate': 0.01}",ppo,300,64x64,0.01,,,,,,
Autoencode,filterbank+hag,3,312,3.1121794871794872,-0.44923078000000005,0.09212808310787542,-0.47499978926257325,-0.4624089629629629,1339,"{'decomposition': 'legendre', 'n_filters': 12, 'slowest': 0.015468638100899648, 'input_scaling': 0.8216619713233748, 'bias_dist': 'foldnorm', 'bias_scaling': 0.04249382119350724, 'lr': 0.7520411716638045, 'weight_increment': 0.001395793645992084, 'min_window': 19, 'max_window': 32, 'use_full_instance': True, 'max_partners': 20, 'homeostasis': 'mean', 'target': 0.69, 'spread': 0.36000000000000004, 'learning_rate': 0.0003}",ppo,300,64x64,0.0003,,,,,,
Autoencode,filterbank+hag,2,312,3.1378205128205128,-0.47153852,0.10428969899318724,-0.4765978994137613,-0.46320035802469134,1348,"{'decomposition': 'legendre', 'n_filters': 12, 'slowest': 0.015468638100899648, 'input_scaling': 0.8216619713233748, 'bias_dist': 'foldnorm', 'bias_scaling': 0.04249382119350724, 'lr': 0.7520411716638045, 'weight_increment': 0.001395793645992084, 'min_window': 19, 'max_window': 32, 'use_full_instance': True, 'max_partners': 20, 'homeostasis': 'mean', 'target': 0.69, 'spread': 0.36000000000000004, 'learning_rate': 0.0003}",ppo,300,64x64,0.0003,,,,,,
Autoencode,filterbank+hag,6,312,3.6794871794871793,-0.45461536,0.12491188995043827,-0.47973479399362334,-0.4702437242798354,1315,"{'decomposition': 'legendre', 'n_filters': 12, 'slowest': 0.015468638100899648, 'input_scaling': 0.8216619713233748, 'bias_dist': 'foldnorm', 'bias_scaling': 0.04249382119350724, 'lr': 0.7520411716638045, 'weight_increment': 0.001395793645992084, 'min_window': 19, 'max_window': 32, 'use_full_instance': True, 'max_partners': 20, 'homeostasis': 'mean', 'target': 0.69, 'spread': 0.36000000000000004, 'learning_rate': 0.0003}",ppo,300,64x64,0.0003,,,,,,
Autoencode,filterbank+hag,7,312,3.1121794871794872,-0.43769221999999997,0.07571755571788884,-0.47317618697932734,-0.4506963816872428,1320,"{'decomposition': 'legendre', 'n_filters': 12, 'slowest': 0.015468638100899648, 'input_scaling': 0.8216619713233748, 'bias_dist': 'foldnorm', 'bias_scaling': 0.04249382119350724, 'lr': 0.7520411716638045, 'weight_increment': 0.001395793645992084, 'min_window': 19, 'max_window': 32, 'use_full_instance': True, 'max_partners': 20, 'homeostasis': 'mean', 'target': 0.69, 'spread': 0.36000000000000004, 'learning_rate': 0.0003}",ppo,300,64x64,0.0003,,,,,,
Autoencode,filterbank+hag,5,312,3.269230769230769,-0.46769219999999995,0.12073745696709037,-0.4830615738969453,-0.46130103189300414,1332,"{'decomposition': 'legendre', 'n_filters': 12, 'slowest': 0.015468638100899648, 'input_scaling': 0.8216619713233748, 'bias_dist': 'foldnorm', 'bias_scaling': 0.04249382119350724, 'lr': 0.7520411716638045, 'weight_increment': 0.001395793645992084, 'min_window': 19, 'max_window': 32, 'use_full_instance': True, 'max_partners': 20, 'homeostasis': 'mean', 'target': 0.69, 'spread': 0.36000000000000004, 'learning_rate': 0.0003}",ppo,300,64x64,0.0003,,,,,,
Autoencode,filterbank+hag,8,312,2.9743589743589745,-0.41307684,0.09383676810618745,-0.4784096267612877,-0.4544554989711934,1305,"{'decomposition': 'legendre', 'n_filters': 12, 'slowest': 0.015468638100899648, 'input_scaling': 0.8216619713233748, 'bias_dist': 'foldnorm', 'bias_scaling': 0.04249382119350724, 'lr': 0.7520411716638045, 'weight_increment': 0.001395793645992084, 'min_window': 19, 'max_window': 32, 'use_full_instance': True, 'max_partners': 20, 'homeostasis': 'mean', 'target': 0.69, 'spread': 0.36000000000000004, 'learning_rate': 0.0003}",ppo,300,64x64,0.0003,,,,,,
Autoencode,filterbank+hag,9,312,3.1153846153846154,-0.44692298,0.0984766046529814,-0.47232967211765914,-0.4522396008230453,1314,"{'decomposition': 'legendre', 'n_filters': 12, 'slowest': 0.015468638100899648, 'input_scaling': 0.8216619713233748, 'bias_dist': 'foldnorm', 'bias_scaling': 0.04249382119350724, 'lr': 0.7520411716638045, 'weight_increment': 0.001395793645992084, 'min_window': 19, 'max_window': 32, 'use_full_instance': True, 'max_partners': 20, 'homeostasis': 'mean', 'target': 0.69, 'spread': 0.36000000000000004, 'learning_rate': 0.0003}",ppo,300,64x64,0.0003,,,,,,
Autoencode,filterbank+hag,2,312,3.1378205128205128,-0.46076915999999996,0.11473925937835924,-0.476609770235524,-0.4657723827160494,1301,"{'decomposition': 'legendre', 'n_filters': 12, 'slowest': 0.015468638100899648, 'input_scaling': 0.8216619713233748, 'bias_dist': 'foldnorm', 'bias_scaling': 0.04249382119350724, 'lr': 0.7520411716638045, 'weight_increment': 0.001395793645992084, 'min_window': 19, 'max_window': 32, 'use_full_instance': True, 'max_partners': 20, 'homeostasis': 'mean', 'target': 0.69, 'spread': 0.36000000000000004, 'learning_rate': 0.001}",ppo,300,64x64,0.001,,,,,,
Autoencode,filterbank+hag,0,312,3.0224358974358974,-0.4453844999999999,0.11016129137973102,-0.482836095649491,-0.4778410895061728,1319,"{'decomposition': 'legendre', 'n_filters': 12, 'slowest': 0.015468638100899648, 'input_scaling': 0.8216619713233748, 'bias_dist': 'foldnorm', 'bias_scaling': 0.04249382119350724, 'lr': 0.7520411716638045, 'weight_increment': 0.001395793645992084, 'min_window': 19, 'max_window': 32, 'use_full_instance': True, 'max_partners': 20, 'homeostasis': 'mean', 'target': 0.69, 'spread': 0.36000000000000004, 'learning_rate': 0.001}",ppo,300,64x64,0.001,,,,,,
Autoencode,filterbank+hag,1,312,3.3108974358974357,-0.49846152000000005,0.11172668496223094,-0.47798637508999275,-0.47020417386831276,1322,"{'decomposition': 'legendre', 'n_filters': 12, 'slowest': 0.015468638100899648, 'input_scaling': 0.8216619713233748, 'bias_dist': 'foldnorm', 'bias_scaling': 0.04249382119350724, 'lr': 0.7520411716638045, 'weight_increment': 0.001395793645992084, 'min_window': 19, 'max_window': 32, 'use_full_instance': True, 'max_partners': 20, 'homeostasis': 'mean', 'target': 0.69, 'spread': 0.36000000000000004, 'learning_rate': 0.001}",ppo,300,64x64,0.001,,,,,,
Autoencode,filterbank+hag,3,312,3.1121794871794872,-0.47230765999999996,0.1006018215279644,-0.4785520333230484,-0.46494142901234564,1338,"{'decomposition': 'legendre', 'n_filters': 12, 'slowest': 0.015468638100899648, 'input_scaling': 0.8216619713233748, 'bias_dist': 'foldnorm', 'bias_scaling': 0.04249382119350724, 'lr': 0.7520411716638045, 'weight_increment': 0.001395793645992084, 'min_window': 19, 'max_window': 32, 'use_full_instance': True, 'max_partners': 20, 'homeostasis': 'mean', 'target': 0.69, 'spread': 0.36000000000000004, 'learning_rate': 0.001}",ppo,300,64x64,0.001,,,,,,
Autoencode,filterbank+hag,5,312,3.269230769230769,-0.47615384000000005,0.1140669327648219,-0.48148718656793177,-0.47281574897119344,1300,"{'decomposition': 'legendre', 'n_filters': 12, 'slowest': 0.015468638100899648, 'input_scaling': 0.8216619713233748, 'bias_dist': 'foldnorm', 'bias_scaling': 0.04249382119350724, 'lr': 0.7520411716638045, 'weight_increment': 0.001395793645992084, 'min_window': 19, 'max_window': 32, 'use_full_instance': True, 'max_partners': 20, 'homeostasis': 'mean', 'target': 0.69, 'spread': 0.36000000000000004, 'learning_rate': 0.001}",ppo,300,64x64,0.001,,,,,,
Autoencode,filterbank+hag,4,312,2.8653846153846154,-0.4515384600000001,0.11559221413801361,-0.47997609616373543,-0.47546691049382717,1314,"{'decomposition': 'legendre', 'n_filters': 12, 'slowest': 0.015468638100899648, 'input_scaling': 0.8216619713233748, 'bias_dist': 'foldnorm', 'bias_scaling': 0.04249382119350724, 'lr': 0.7520411716638045, 'weight_increment': 0.001395793645992084, 'min_window': 19, 'max_window': 32, 'use_full_instance': True, 'max_partners': 20, 'homeostasis': 'mean', 'target': 0.69, 'spread': 0.36000000000000004, 'learning_rate': 0.001}",ppo,300,64x64,0.001,,,,,,
Autoencode,filterbank+hag,6,312,3.6794871794871793,-0.46230760000000004,0.12295431883752599,-0.48161772055949814,-0.4759417469135802,1309,"{'decomposition': 'legendre', 'n_filters': 12, 'slowest': 0.015468638100899648, 'input_scaling': 0.8216619713233748, 'bias_dist': 'foldnorm', 'bias_scaling': 0.04249382119350724, 'lr': 0.7520411716638045, 'weight_increment': 0.001395793645992084, 'min_window': 19, 'max_window': 32, 'use_full_instance': True, 'max_partners': 20, 'homeostasis': 'mean', 'target': 0.69, 'spread': 0.36000000000000004, 'learning_rate': 0.001}",ppo,300,64x64,0.001,,,,,,
Autoencode,filterbank+hag,8,312,2.9743589743589745,-0.4453845799999999,0.11281503495245479,-0.4845884795844903,-0.4787116069958848,1315,"{'decomposition': 'legendre', 'n_filters': 12, 'slowest': 0.015468638100899648, 'input_scaling': 0.8216619713233748, 'bias_dist': 'foldnorm', 'bias_scaling': 0.04249382119350724, 'lr': 0.7520411716638045, 'weight_increment': 0.001395793645992084, 'min_window': 19, 'max_window': 32, 'use_full_instance': True, 'max_partners': 20, 'homeostasis': 'mean', 'target': 0.69, 'spread': 0.36000000000000004, 'learning_rate': 0.001}",ppo,300,64x64,0.001,,,,,,
Autoencode,filterbank+hag,9,312,3.1153846153846154,-0.46999995999999994,0.1363710634599525,-0.4791928608454181,-0.47143080761316875,1304,"{'decomposition': 'legendre', 'n_filters': 12, 'slowest': 0.015468638100899648, 'input_scaling': 0.8216619713233748, 'bias_dist': 'foldnorm', 'bias_scaling': 0.04249382119350724, 'lr': 0.7520411716638045, 'weight_increment': 0.001395793645992084, 'min_window': 19, 'max_window': 32, 'use_full_instance': True, 'max_partners': 20, 'homeostasis': 'mean', 'target': 0.69, 'spread': 0.36000000000000004, 'learning_rate': 0.001}",ppo,300,64x64,0.001,,,,,,
Autoencode,filterbank+hag,7,312,3.1121794871794872,-0.4453845999999999,0.11176112882948167,-0.48209241581816314,-0.47590216049382716,1316,"{'decomposition': 'legendre', 'n_filters': 12, 'slowest': 0.015468638100899648, 'input_scaling': 0.8216619713233748, 'bias_dist': 'foldnorm', 'bias_scaling': 0.04249382119350724, 'lr': 0.7520411716638045, 'weight_increment': 0.001395793645992084, 'min_window': 19, 'max_window': 32, 'use_full_instance': True, 'max_partners': 20, 'homeostasis': 'mean', 'target': 0.69, 'spread': 0.36000000000000004, 'learning_rate': 0.001}",ppo,300,64x64,0.001,,,,,,
Autoencode,filterbank+hag,0,312,3.0224358974358974,-0.46615376000000003,0.08758444359509512,-0.5007515928211458,-0.5022950411522634,1298,"{'decomposition': 'legendre', 'n_filters': 12, 'slowest': 0.015468638100899648, 'input_scaling': 0.8216619713233748, 'bias_dist': 'foldnorm', 'bias_scaling': 0.04249382119350724, 'lr': 0.7520411716638045, 'weight_increment': 0.001395793645992084, 'min_window': 19, 'max_window': 32, 'use_full_instance': True, 'max_partners': 20, 'homeostasis': 'mean', 'target': 0.69, 'spread': 0.36000000000000004, 'learning_rate': 0.003}",ppo,300,64x64,0.003,,,,,,
Autoencode,filterbank+hag,1,312,3.3108974358974357,-0.5,0.0,-0.5004786479481641,-0.5008705360082304,1317,"{'decomposition': 'legendre', 'n_filters': 12, 'slowest': 0.015468638100899648, 'input_scaling': 0.8216619713233748, 'bias_dist': 'foldnorm', 'bias_scaling': 0.04249382119350724, 'lr': 0.7520411716638045, 'weight_increment': 0.001395793645992084, 'min_window': 19, 'max_window': 32, 'use_full_instance': True, 'max_partners': 20, 'homeostasis': 'mean', 'target': 0.69, 'spread': 0.36000000000000004, 'learning_rate': 0.003}",ppo,300,64x64,0.003,,,,,,
Autoencode,filterbank+hag,2,312,3.1378205128205128,-0.49384612000000006,0.10696466622312996,-0.49799049460043193,-0.4988524917695474,1300,"{'decomposition': 'legendre', 'n_filters': 12, 'slowest': 0.015468638100899648, 'input_scaling': 0.8216619713233748, 'bias_dist': 'foldnorm', 'bias_scaling': 0.04249382119350724, 'lr': 0.7520411716638045, 'weight_increment': 0.001395793645992084, 'min_window': 19, 'max_window': 32, 'use_full_instance': True, 'max_partners': 20, 'homeostasis': 'mean', 'target': 0.69, 'spread': 0.36000000000000004, 'learning_rate': 0.003}",ppo,300,64x64,0.003,,,,,,
Autoencode,filterbank+hag,3,312,3.1121794871794872,-0.5,0.0,-0.4999129772703897,-0.5,1319,"{'decomposition': 'legendre', 'n_filters': 12, 'slowest': 0.015468638100899648, 'input_scaling': 0.8216619713233748, 'bias_dist': 'foldnorm', 'bias_scaling': 0.04249382119350724, 'lr': 0.7520411716638045, 'weight_increment': 0.001395793645992084, 'min_window': 19, 'max_window': 32, 'use_full_instance': True, 'max_partners': 20, 'homeostasis': 'mean', 'target': 0.69, 'spread': 0.36000000000000004, 'learning_rate': 0.003}",ppo,300,64x64,0.003,,,,,,
Autoencode,filterbank+hag,4,312,2.8653846153846154,-0.5092308,0.09837750813371926,-0.49675234793787926,-0.4984172335390946,1310,"{'decomposition': 'legendre', 'n_filters': 12, 'slowest': 0.015468638100899648, 'input_scaling': 0.8216619713233748, 'bias_dist': 'foldnorm', 'bias_scaling': 0.04249382119350724, 'lr': 0.7520411716638045, 'weight_increment': 0.001395793645992084, 'min_window': 19, 'max_window': 32, 'use_full_instance': True, 'max_partners': 20, 'homeostasis': 'mean', 'target': 0.69, 'spread': 0.36000000000000004, 'learning_rate': 0.003}",ppo,300,64x64,0.003,,,,,,
Autoencode,filterbank+hag,5,312,3.269230769230769,-0.5,0.0,-0.49913369258459317,-0.4989316286008231,1318,"{'decomposition': 'legendre', 'n_filters': 12, 'slowest': 0.015468638100899648, 'input_scaling': 0.8216619713233748, 'bias_dist': 'foldnorm', 'bias_scaling': 0.04249382119350724, 'lr': 0.7520411716638045, 'weight_increment': 0.001395793645992084, 'min_window': 19, 'max_window': 32, 'use_full_instance': True, 'max_partners': 20, 'homeostasis': 'mean', 'target': 0.69, 'spread': 0.36000000000000004, 'learning_rate': 0.003}",ppo,300,64x64,0.003,,,,,,
Autoencode,filterbank+hag,6,312,3.6794871794871793,-0.49461542000000003,0.03264493440158213,-0.5004905138331791,-0.5007518374485597,1322,"{'decomposition': 'legendre', 'n_filters': 12, 'slowest': 0.015468638100899648, 'input_scaling': 0.8216619713233748, 'bias_dist': 'foldnorm', 'bias_scaling': 0.04249382119350724, 'lr': 0.7520411716638045, 'weight_increment': 0.001395793645992084, 'min_window': 19, 'max_window': 32, 'use_full_instance': True, 'max_partners': 20, 'homeostasis': 'mean', 'target': 0.69, 'spread': 0.36000000000000004, 'learning_rate': 0.003}",ppo,300,64x64,0.003,,,,,,
Autoencode,filterbank+hag,8,312,2.9743589743589745,-0.51076928,0.09167739556118293,-0.49879746436285094,-0.5044317808641975,1301,"{'decomposition': 'legendre', 'n_filters': 12, 'slowest': 0.015468638100899648, 'input_scaling': 0.8216619713233748, 'bias_dist': 'foldnorm', 'bias_scaling': 0.04249382119350724, 'lr': 0.7520411716638045, 'weight_increment': 0.001395793645992084, 'min_window': 19, 'max_window': 32, 'use_full_instance': True, 'max_partners': 20, 'homeostasis': 'mean', 'target': 0.69, 'spread': 0.36000000000000004, 'learning_rate': 0.003}",ppo,300,64x64,0.003,,,,,,
Autoencode,filterbank+hag,7,312,3.1121794871794872,-0.49153838,0.07893164321560524,-0.499363129383935,-0.4972301471193415,1310,"{'decomposition': 'legendre', 'n_filters': 12, 'slowest': 0.015468638100899648, 'input_scaling': 0.8216619713233748, 'bias_dist': 'foldnorm', 'bias_scaling': 0.04249382119350724, 'lr': 0.7520411716638045, 'weight_increment': 0.001395793645992084, 'min_window': 19, 'max_window': 32, 'use_full_instance': True, 'max_partners': 20, 'homeostasis': 'mean', 'target': 0.69, 'spread': 0.36000000000000004, 'learning_rate': 0.003}",ppo,300,64x64,0.003,,,,,,
Autoencode,filterbank+hag,9,312,3.1153846153846154,-0.5,0.0,-0.49947388789468267,-0.49996043004115226,1325,"{'decomposition': 'legendre', 'n_filters': 12, 'slowest': 0.015468638100899648, 'input_scaling': 0.8216619713233748, 'bias_dist': 'foldnorm', 'bias_scaling': 0.04249382119350724, 'lr': 0.7520411716638045, 'weight_increment': 0.001395793645992084, 'min_window': 19, 'max_window': 32, 'use_full_instance': True, 'max_partners': 20, 'homeostasis': 'mean', 'target': 0.69, 'spread': 0.36000000000000004, 'learning_rate': 0.003}",ppo,300,64x64,0.003,,,,,,
Autoencode,filterbank+hag,1,312,3.3108974358974357,-0.5,0.0,-0.5000474702252391,-0.5,1345,"{'decomposition': 'legendre', 'n_filters': 12, 'slowest': 0.015468638100899648, 'input_scaling': 0.8216619713233748, 'bias_dist': 'foldnorm', 'bias_scaling': 0.04249382119350724, 'lr': 0.7520411716638045, 'weight_increment': 0.001395793645992084, 'min_window': 19, 'max_window': 32, 'use_full_instance': True, 'max_partners': 20, 'homeostasis': 'mean', 'target': 0.69, 'spread': 0.36000000000000004, 'learning_rate': 0.01}",ppo,300,64x64,0.01,,,,,,
Autoencode,filterbank+hag,0,312,3.0224358974358974,-0.5,0.0,-0.4998575928211458,-0.5,1352,"{'decomposition': 'legendre', 'n_filters': 12, 'slowest': 0.015468638100899648, 'input_scaling': 0.8216619713233748, 'bias_dist': 'foldnorm', 'bias_scaling': 0.04249382119350724, 'lr': 0.7520411716638045, 'weight_increment': 0.001395793645992084, 'min_window': 19, 'max_window': 32, 'use_full_instance': True, 'max_partners': 20, 'homeostasis': 'mean', 'target': 0.69, 'spread': 0.36000000000000004, 'learning_rate': 0.01}",ppo,300,64x64,0.01,,,,,,
Autoencode,filterbank+hag,2,312,3.1378205128205128,-0.5,0.0,-0.4992325893242826,-0.5,1344,"{'decomposition': 'legendre', 'n_filters': 12, 'slowest': 0.015468638100899648, 'input_scaling': 0.8216619713233748, 'bias_dist': 'foldnorm', 'bias_scaling': 0.04249382119350724, 'lr': 0.7520411716638045, 'weight_increment': 0.001395793645992084, 'min_window': 19, 'max_window': 32, 'use_full_instance': True, 'max_partners': 20, 'homeostasis': 'mean', 'target': 0.69, 'spread': 0.36000000000000004, 'learning_rate': 0.01}",ppo,300,64x64,0.01,,,,,,
Autoencode,filterbank+hag,3,312,3.1121794871794872,-0.5,0.0,-0.4999248408927286,-0.5,1346,"{'decomposition': 'legendre', 'n_filters': 12, 'slowest': 0.015468638100899648, 'input_scaling': 0.8216619713233748, 'bias_dist': 'foldnorm', 'bias_scaling': 0.04249382119350724, 'lr': 0.7520411716638045, 'weight_increment': 0.001395793645992084, 'min_window': 19, 'max_window': 32, 'use_full_instance': True, 'max_partners': 20, 'homeostasis': 'mean', 'target': 0.69, 'spread': 0.36000000000000004, 'learning_rate': 0.01}",ppo,300,64x64,0.01,,,,,,
Autoencode,filterbank+hag,4,312,2.8653846153846154,-0.5,0.0,-0.5004509536151394,-0.5,1342,"{'decomposition': 'legendre', 'n_filters': 12, 'slowest': 0.015468638100899648, 'input_scaling': 0.8216619713233748, 'bias_dist': 'foldnorm', 'bias_scaling': 0.04249382119350724, 'lr': 0.7520411716638045, 'weight_increment': 0.001395793645992084, 'min_window': 19, 'max_window': 32, 'use_full_instance': True, 'max_partners': 20, 'homeostasis': 'mean', 'target': 0.69, 'spread': 0.36000000000000004, 'learning_rate': 0.01}",ppo,300,64x64,0.01,,,,,,
Autoencode,filterbank+proj,0,312,0.0,-0.42307691999999997,0.0951486013109683,-0.47354803188316363,-0.45125035493827165,1312,"{'decomposition': 'legendre', 'n_filters': 12, 'slowest': 0.015468638100899648, 'input_scaling': 0.8216619713233748, 'bias_dist': 'foldnorm', 'bias_scaling': 0.04249382119350724, 'lr': 0.7520411716638045, 'weight_increment': 0.001395793645992084, 'min_window': 19, 'max_window': 32, 'use_full_instance': True, 'max_partners': 20, 'homeostasis': 'mean', 'target': 0.69, 'spread': 0.36000000000000004, 'learning_rate': 0.0003}",ppo,300,64x64,0.0003,,,,,,
Autoencode,filterbank+hag,7,312,3.1121794871794872,-0.5,0.0,-0.49996835503445447,-0.5,1330,"{'decomposition': 'legendre', 'n_filters': 12, 'slowest': 0.015468638100899648, 'input_scaling': 0.8216619713233748, 'bias_dist': 'foldnorm', 'bias_scaling': 0.04249382119350724, 'lr': 0.7520411716638045, 'weight_increment': 0.001395793645992084, 'min_window': 19, 'max_window': 32, 'use_full_instance': True, 'max_partners': 20, 'homeostasis': 'mean', 'target': 0.69, 'spread': 0.36000000000000004, 'learning_rate': 0.01}",ppo,300,64x64,0.01,,,,,,
Autoencode,filterbank+proj,2,312,0.0,-0.42692302,0.1264560679617218,-0.4650985939524838,-0.44586890020576136,1300,"{'decomposition': 'legendre', 'n_filters': 12, 'slowest': 0.015468638100899648, 'input_scaling': 0.8216619713233748, 'bias_dist': 'foldnorm', 'bias_scaling': 0.04249382119350724, 'lr': 0.7520411716638045, 'weight_increment': 0.001395793645992084, 'min_window': 19, 'max_window': 32, 'use_full_instance': True, 'max_partners': 20, 'homeostasis': 'mean', 'target': 0.69, 'spread': 0.36000000000000004, 'learning_rate': 0.0003}",ppo,300,64x64,0.0003,,,,,,
Autoencode,filterbank+proj,3,312,0.0,-0.43923078,0.11894265838416257,-0.4634174082073434,-0.446699871399177,1298,"{'decomposition': 'legendre', 'n_filters': 12, 'slowest': 0.015468638100899648, 'input_scaling': 0.8216619713233748, 'bias_dist': 'foldnorm', 'bias_scaling': 0.04249382119350724, 'lr': 0.7520411716638045, 'weight_increment': 0.001395793645992084, 'min_window': 19, 'max_window': 32, 'use_full_instance': True, 'max_partners': 20, 'homeostasis': 'mean', 'target': 0.69, 'spread': 0.36000000000000004, 'learning_rate': 0.0003}",ppo,300,64x64,0.0003,,,,,,
Autoencode,filterbank+hag,5,312,3.269230769230769,-0.5,0.0,-0.49990110665432475,-0.5,1374,"{'decomposition': 'legendre', 'n_filters': 12, 'slowest': 0.015468638100899648, 'input_scaling': 0.8216619713233748, 'bias_dist': 'foldnorm', 'bias_scaling': 0.04249382119350724, 'lr': 0.7520411716638045, 'weight_increment': 0.001395793645992084, 'min_window': 19, 'max_window': 32, 'use_full_instance': True, 'max_partners': 20, 'homeostasis': 'mean', 'target': 0.69, 'spread': 0.36000000000000004, 'learning_rate': 0.01}",ppo,300,64x64,0.01,,,,,,
Autoencode,filterbank+proj,1,312,0.0,-0.40307686,0.13082359805616262,-0.46622202180397,-0.44333647427983536,1326,"{'decomposition': 'legendre', 'n_filters': 12, 'slowest': 0.015468638100899648, 'input_scaling': 0.8216619713233748, 'bias_dist': 'foldnorm', 'bias_scaling': 0.04249382119350724, 'lr': 0.7520411716638045, 'weight_increment': 0.001395793645992084, 'min_window': 19, 'max_window': 32, 'use_full_instance': True, 'max_partners': 20, 'homeostasis': 'mean', 'target': 0.69, 'spread': 0.36000000000000004, 'learning_rate': 0.0003}",ppo,300,64x64,0.0003,,,,,,
Autoencode,filterbank+proj,5,312,0.0,-0.43999999999999995,0.11516908331475073,-0.4733225521958244,-0.46035135082304535,1297,"{'decomposition': 'legendre', 'n_filters': 12, 'slowest': 0.015468638100899648, 'input_scaling': 0.8216619713233748, 'bias_dist': 'foldnorm', 'bias_scaling': 0.04249382119350724, 'lr': 0.7520411716638045, 'weight_increment': 0.001395793645992084, 'min_window': 19, 'max_window': 32, 'use_full_instance': True, 'max_partners': 20, 'homeostasis': 'mean', 'target': 0.69, 'spread': 0.36000000000000004, 'learning_rate': 0.0003}",ppo,300,64x64,0.0003,,,,,,
Autoencode,filterbank+hag,8,312,2.9743589743589745,-0.5,0.0,-0.499968354314512,-0.5,1363,"{'decomposition': 'legendre', 'n_filters': 12, 'slowest': 0.015468638100899648, 'input_scaling': 0.8216619713233748, 'bias_dist': 'foldnorm', 'bias_scaling': 0.04249382119350724, 'lr': 0.7520411716638045, 'weight_increment': 0.001395793645992084, 'min_window': 19, 'max_window': 32, 'use_full_instance': True, 'max_partners': 20, 'homeostasis': 'mean', 'target': 0.69, 'spread': 0.36000000000000004, 'learning_rate': 0.01}",ppo,300,64x64,0.01,,,,,,
Autoencode,filterbank+proj,4,312,0.0,-0.47076922000000004,0.11856146917971115,-0.47092142558881006,-0.4510920781893004,1322,"{'decomposition': 'legendre', 'n_filters': 12, 'slowest': 0.015468638100899648, 'input_scaling': 0.8216619713233748, 'bias_dist': 'foldnorm', 'bias_scaling': 0.04249382119350724, 'lr': 0.7520411716638045, 'weight_increment': 0.001395793645992084, 'min_window': 19, 'max_window': 32, 'use_full_instance': True, 'max_partners': 20, 'homeostasis': 'mean', 'target': 0.69, 'spread': 0.36000000000000004, 'learning_rate': 0.0003}",ppo,300,64x64,0.0003,,,,,,
Autoencode,filterbank+proj,6,312,0.0,-0.44846154,0.13045433685703361,-0.4756327029723336,-0.45037983436213996,1296,"{'decomposition': 'legendre', 'n_filters': 12, 'slowest': 0.015468638100899648, 'input_scaling': 0.8216619713233748, 'bias_dist': 'foldnorm', 'bias_scaling': 0.04249382119350724, 'lr': 0.7520411716638045, 'weight_increment': 0.001395793645992084, 'min_window': 19, 'max_window': 32, 'use_full_instance': True, 'max_partners': 20, 'homeostasis': 'mean', 'target': 0.69, 'spread': 0.36000000000000004, 'learning_rate': 0.0003}",ppo,300,64x64,0.0003,,,,,,
Autoencode,filterbank+hag,9,312,3.1153846153846154,-0.5,0.0,-0.499703320477219,-0.5,1367,"{'decomposition': 'legendre', 'n_filters': 12, 'slowest': 0.015468638100899648, 'input_scaling': 0.8216619713233748, 'bias_dist': 'foldnorm', 'bias_scaling': 0.04249382119350724, 'lr': 0.7520411716638045, 'weight_increment': 0.001395793645992084, 'min_window': 19, 'max_window': 32, 'use_full_instance': True, 'max_partners': 20, 'homeostasis': 'mean', 'target': 0.69, 'spread': 0.36000000000000004, 'learning_rate': 0.01}",ppo,300,64x64,0.01,,,,,,
Autoencode,filterbank+hag,6,312,3.6794871794871793,-0.5,0.0,-0.5003243713874318,-0.5,1390,"{'decomposition': 'legendre', 'n_filters': 12, 'slowest': 0.015468638100899648, 'input_scaling': 0.8216619713233748, 'bias_dist': 'foldnorm', 'bias_scaling': 0.04249382119350724, 'lr': 0.7520411716638045, 'weight_increment': 0.001395793645992084, 'min_window': 19, 'max_window': 32, 'use_full_instance': True, 'max_partners': 20, 'homeostasis': 'mean', 'target': 0.69, 'spread': 0.36000000000000004, 'learning_rate': 0.01}",ppo,300,64x64,0.01,,,,,,
Autoencode,filterbank+proj,7,312,0.0,-0.43307693999999997,0.1161029496950719,-0.4647030079193664,-0.44218895061728397,1297,"{'decomposition': 'legendre', 'n_filters': 12, 'slowest': 0.015468638100899648, 'input_scaling': 0.8216619713233748, 'bias_dist': 'foldnorm', 'bias_scaling': 0.04249382119350724, 'lr': 0.7520411716638045, 'weight_increment': 0.001395793645992084, 'min_window': 19, 'max_window': 32, 'use_full_instance': True, 'max_partners': 20, 'homeostasis': 'mean', 'target': 0.69, 'spread': 0.36000000000000004, 'learning_rate': 0.0003}",ppo,300,64x64,0.0003,,,,,,
Autoencode,filterbank+proj,9,312,0.0,-0.42538461999999994,0.12835102239248272,-0.4725907429805615,-0.4537036635802469,1305,"{'decomposition': 'legendre', 'n_filters': 12, 'slowest': 0.015468638100899648, 'input_scaling': 0.8216619713233748, 'bias_dist': 'foldnorm', 'bias_scaling': 0.04249382119350724, 'lr': 0.7520411716638045, 'weight_increment': 0.001395793645992084, 'min_window': 19, 'max_window': 32, 'use_full_instance': True, 'max_partners': 20, 'homeostasis': 'mean', 'target': 0.69, 'spread': 0.36000000000000004, 'learning_rate': 0.0003}",ppo,300,64x64,0.0003,,,,,,
Autoencode,filterbank+proj,0,312,0.0,-0.49153846,0.11234200201994086,-0.47608365741026437,-0.4642291666666667,1298,"{'decomposition': 'legendre', 'n_filters': 12, 'slowest': 0.015468638100899648, 'input_scaling': 0.8216619713233748, 'bias_dist': 'foldnorm', 'bias_scaling': 0.04249382119350724, 'lr': 0.7520411716638045, 'weight_increment': 0.001395793645992084, 'min_window': 19, 'max_window': 32, 'use_full_instance': True, 'max_partners': 20, 'homeostasis': 'mean', 'target': 0.69, 'spread': 0.36000000000000004, 'learning_rate': 0.001}",ppo,300,64x64,0.001,,,,,,
Autoencode,filterbank+proj,8,312,0.0,-0.42846147999999995,0.1360930082768751,-0.47215562059035276,-0.4638730216049383,1315,"{'decomposition': 'legendre', 'n_filters': 12, 'slowest': 0.015468638100899648, 'input_scaling': 0.8216619713233748, 'bias_dist': 'foldnorm', 'bias_scaling': 0.04249382119350724, 'lr': 0.7520411716638045, 'weight_increment': 0.001395793645992084, 'min_window': 19, 'max_window': 32, 'use_full_instance': True, 'max_partners': 20, 'homeostasis': 'mean', 'target': 0.69, 'spread': 0.36000000000000004, 'learning_rate': 0.0003}",ppo,300,64x64,0.0003,,,,,,
Autoencode,filterbank+proj,2,312,0.0,-0.44230762,0.1264560959435155,-0.46712788573485553,-0.45358496502057616,1299,"{'decomposition': 'legendre', 'n_filters': 12, 'slowest': 0.015468638100899648, 'input_scaling': 0.8216619713233748, 'bias_dist': 'foldnorm', 'bias_scaling': 0.04249382119350724, 'lr': 0.7520411716638045, 'weight_increment': 0.001395793645992084, 'min_window': 19, 'max_window': 32, 'use_full_instance': True, 'max_partners': 20, 'homeostasis': 'mean', 'target': 0.69, 'spread': 0.36000000000000004, 'learning_rate': 0.001}",ppo,300,64x64,0.001,,,,,,
Autoencode,filterbank+proj,1,312,0.0,-0.4384614799999999,0.11817150068459653,-0.46737314285714293,-0.45081511625514403,1313,"{'decomposition': 'legendre', 'n_filters': 12, 'slowest': 0.015468638100899648, 'input_scaling': 0.8216619713233748, 'bias_dist': 'foldnorm', 'bias_scaling': 0.04249382119350724, 'lr': 0.7520411716638045, 'weight_increment': 0.001395793645992084, 'min_window': 19, 'max_window': 32, 'use_full_instance': True, 'max_partners': 20, 'homeostasis': 'mean', 'target': 0.69, 'spread': 0.36000000000000004, 'learning_rate': 0.001}",ppo,300,64x64,0.001,,,,,,
Autoencode,filterbank+proj,4,312,0.0,-0.4584615,0.09664197025252537,-0.4708620982207138,-0.45888728395061734,1301,"{'decomposition': 'legendre', 'n_filters': 12, 'slowest': 0.015468638100899648, 'input_scaling': 0.8216619713233748, 'bias_dist': 'foldnorm', 'bias_scaling': 0.04249382119350724, 'lr': 0.7520411716638045, 'weight_increment': 0.001395793645992084, 'min_window': 19, 'max_window': 32, 'use_full_instance': True, 'max_partners': 20, 'homeostasis': 'mean', 'target': 0.69, 'spread': 0.36000000000000004, 'learning_rate': 0.001}",ppo,300,64x64,0.001,,,,,,
Autoencode,filterbank+proj,3,312,0.0,-0.46,0.13951736758583141,-0.4701579762419007,-0.452754024691358,1325,"{'decomposition': 'legendre', 'n_filters': 12, 'slowest': 0.015468638100899648, 'input_scaling': 0.8216619713233748, 'bias_dist': 'foldnorm', 'bias_scaling': 0.04249382119350724, 'lr': 0.7520411716638045, 'weight_increment': 0.001395793645992084, 'min_window': 19, 'max_window': 32, 'use_full_instance': True, 'max_partners': 20, 'homeostasis': 'mean', 'target': 0.69, 'spread': 0.36000000000000004, 'learning_rate': 0.001}",ppo,300,64x64,0.001,,,,,,
Autoencode,filterbank+proj,5,312,0.0,-0.43769228,0.1138071954343907,-0.4710875766738661,-0.4598369588477367,1307,"{'decomposition': 'legendre', 'n_filters': 12, 'slowest': 0.015468638100899648, 'input_scaling': 0.8216619713233748, 'bias_dist': 'foldnorm', 'bias_scaling': 0.04249382119350724, 'lr': 0.7520411716638045, 'weight_increment': 0.001395793645992084, 'min_window': 19, 'max_window': 32, 'use_full_instance': True, 'max_partners': 20, 'homeostasis': 'mean', 'target': 0.69, 'spread': 0.36000000000000004, 'learning_rate': 0.001}",ppo,300,64x64,0.001,,,,,,
Autoencode,filterbank+proj,6,312,0.0,-0.44076921999999996,0.13570113970063624,-0.4728992967191197,-0.4540993693415638,1314,"{'decomposition': 'legendre', 'n_filters': 12, 'slowest': 0.015468638100899648, 'input_scaling': 0.8216619713233748, 'bias_dist': 'foldnorm', 'bias_scaling': 0.04249382119350724, 'lr': 0.7520411716638045, 'weight_increment': 0.001395793645992084, 'min_window': 19, 'max_window': 32, 'use_full_instance': True, 'max_partners': 20, 'homeostasis': 'mean', 'target': 0.69, 'spread': 0.36000000000000004, 'learning_rate': 0.001}",ppo,300,64x64,0.001,,,,,,
Autoencode,filterbank+proj,7,312,0.0,-0.43692307999999996,0.12181087595397054,-0.46709228190887586,-0.4573044948559671,1314,"{'decomposition': 'legendre', 'n_filters': 12, 'slowest': 0.015468638100899648, 'input_scaling': 0.8216619713233748, 'bias_dist': 'foldnorm', 'bias_scaling': 0.04249382119350724, 'lr': 0.7520411716638045, 'weight_increment': 0.001395793645992084, 'min_window': 19, 'max_window': 32, 'use_full_instance': True, 'max_partners': 20, 'homeostasis': 'mean', 'target': 0.69, 'spread': 0.36000000000000004, 'learning_rate': 0.001}",ppo,300,64x64,0.001,,,,,,
Autoencode,filterbank+proj,8,312,0.0,-0.42692300000000005,0.11180348831803058,-0.4731643303507148,-0.4580563343621399,1316,"{'decomposition': 'legendre', 'n_filters': 12, 'slowest': 0.015468638100899648, 'input_scaling': 0.8216619713233748, 'bias_dist': 'foldnorm', 'bias_scaling': 0.04249382119350724, 'lr': 0.7520411716638045, 'weight_increment': 0.001395793645992084, 'min_window': 19, 'max_window': 32, 'use_full_instance': True, 'max_partners': 20, 'homeostasis': 'mean', 'target': 0.69, 'spread': 0.36000000000000004, 'learning_rate': 0.001}",ppo,300,64x64,0.001,,,,,,
Autoencode,filterbank+proj,9,312,0.0,-0.44923072,0.12904757700724798,-0.4699522825259694,-0.4575419341563786,1297,"{'decomposition': 'legendre', 'n_filters': 12, 'slowest': 0.015468638100899648, 'input_scaling': 0.8216619713233748, 'bias_dist': 'foldnorm', 'bias_scaling': 0.04249382119350724, 'lr': 0.7520411716638045, 'weight_increment': 0.001395793645992084, 'min_window': 19, 'max_window': 32, 'use_full_instance': True, 'max_partners': 20, 'homeostasis': 'mean', 'target': 0.69, 'spread': 0.36000000000000004, 'learning_rate': 0.001}",ppo,300,64x64,0.001,,,,,,
Autoencode,filterbank+proj,1,312,0.0,-0.50153842,0.11382549193007513,-0.4867364397819602,-0.4852009969135802,1303,"{'decomposition': 'legendre', 'n_filters': 12, 'slowest': 0.015468638100899648, 'input_scaling': 0.8216619713233748, 'bias_dist': 'foldnorm', 'bias_scaling': 0.04249382119350724, 'lr': 0.7520411716638045, 'weight_increment': 0.001395793645992084, 'min_window': 19, 'max_window': 32, 'use_full_instance': True, 'max_partners': 20, 'homeostasis': 'mean', 'target': 0.69, 'spread': 0.36000000000000004, 'learning_rate': 0.003}",ppo,300,64x64,0.003,,,,,,
Autoencode,filterbank+proj,0,312,0.0,-0.5030769199999999,0.1137942424063432,-0.4899682769721279,-0.49192782304526755,1310,"{'decomposition': 'legendre', 'n_filters': 12, 'slowest': 0.015468638100899648, 'input_scaling': 0.8216619713233748, 'bias_dist': 'foldnorm', 'bias_scaling': 0.04249382119350724, 'lr': 0.7520411716638045, 'weight_increment': 0.001395793645992084, 'min_window': 19, 'max_window': 32, 'use_full_instance': True, 'max_partners': 20, 'homeostasis': 'mean', 'target': 0.69, 'spread': 0.36000000000000004, 'learning_rate': 0.003}",ppo,300,64x64,0.003,,,,,,
Autoencode,filterbank+proj,2,312,0.0,-0.45769228,0.10441449898228501,-0.4800670804278515,-0.4715495401234568,1307,"{'decomposition': 'legendre', 'n_filters': 12, 'slowest': 0.015468638100899648, 'input_scaling': 0.8216619713233748, 'bias_dist': 'foldnorm', 'bias_scaling': 0.04249382119350724, 'lr': 0.7520411716638045, 'weight_increment': 0.001395793645992084, 'min_window': 19, 'max_window': 32, 'use_full_instance': True, 'max_partners': 20, 'homeostasis': 'mean', 'target': 0.69, 'spread': 0.36000000000000004, 'learning_rate': 0.003}",ppo,300,64x64,0.003,,,,,,
Autoencode,filterbank+proj,6,312,0.0,-0.47230769999999994,0.10659903559906157,-0.4849761417258047,-0.4797008364197531,1285,"{'decomposition': 'legendre', 'n_filters': 12, 'slowest': 0.015468638100899648, 'input_scaling': 0.8216619713233748, 'bias_dist': 'foldnorm', 'bias_scaling': 0.04249382119350724, 'lr': 0.7520411716638045, 'weight_increment': 0.001395793645992084, 'min_window': 19, 'max_window': 32, 'use_full_instance': True, 'max_partners': 20, 'homeostasis': 'mean', 'target': 0.69, 'spread': 0.36000000000000004, 'learning_rate': 0.003}",ppo,300,64x64,0.003,,,,,,
Autoencode,filterbank+proj,3,312,0.0,-0.48846155999999996,0.11798369168256433,-0.4830615663889746,-0.47526904732510283,1311,"{'decomposition': 'legendre', 'n_filters': 12, 'slowest': 0.015468638100899648, 'input_scaling': 0.8216619713233748, 'bias_dist': 'foldnorm', 'bias_scaling': 0.04249382119350724, 'lr': 0.7520411716638045, 'weight_increment': 0.001395793645992084, 'min_window': 19, 'max_window': 32, 'use_full_instance': True, 'max_partners': 20, 'homeostasis': 'mean', 'target': 0.69, 'spread': 0.36000000000000004, 'learning_rate': 0.003}",ppo,300,64x64,0.003,,,,,,
Autoencode,filterbank+proj,4,312,0.0,-0.4584614799999999,0.1173777157769293,-0.4791018805924098,-0.4801361172839506,1309,"{'decomposition': 'legendre', 'n_filters': 12, 'slowest': 0.015468638100899648, 'input_scaling': 0.8216619713233748, 'bias_dist': 'foldnorm', 'bias_scaling': 0.04249382119350724, 'lr': 0.7520411716638045, 'weight_increment': 0.001395793645992084, 'min_window': 19, 'max_window': 32, 'use_full_instance': True, 'max_partners': 20, 'homeostasis': 'mean', 'target': 0.69, 'spread': 0.36000000000000004, 'learning_rate': 0.003}",ppo,300,64x64,0.003,,,,,,
Autoencode,filterbank+proj,7,312,0.0,-0.46076915999999996,0.10131979723299095,-0.48352043566800373,-0.47123298045267487,1305,"{'decomposition': 'legendre', 'n_filters': 12, 'slowest': 0.015468638100899648, 'input_scaling': 0.8216619713233748, 'bias_dist': 'foldnorm', 'bias_scaling': 0.04249382119350724, 'lr': 0.7520411716638045, 'weight_increment': 0.001395793645992084, 'min_window': 19, 'max_window': 32, 'use_full_instance': True, 'max_partners': 20, 'homeostasis': 'mean', 'target': 0.69, 'spread': 0.36000000000000004, 'learning_rate': 0.003}",ppo,300,64x64,0.003,,,,,,
Autoencode,filterbank+esn,2,312,4.237179487179487,-0.44769226,0.10051943074586327,-0.45908192090918426,-0.43443333744855966,1160,"{'decomposition': 'legendre', 'n_filters': 12, 'slowest': 0.006397371281320229, 'input_scaling': 0.550142611755141, 'bias_dist': 'foldnorm', 'bias_scaling': 0.07438842372152364, 'lr': 0.6575600610814601, 'sr': 0.8663422541011234, 'rc_connectivity': 0.013579746643157644, 'learning_rate': 0.0003}",ppo,300,64,0.0003,,,,,,
Autoencode,filterbank+esn,0,312,4.237179487179487,-0.46461537999999997,0.08314816549338656,-0.47346495474647743,-0.4522791594650206,1183,"{'decomposition': 'legendre', 'n_filters': 12, 'slowest': 0.006397371281320229, 'input_scaling': 0.550142611755141, 'bias_dist': 'foldnorm', 'bias_scaling': 0.07438842372152364, 'lr': 0.6575600610814601, 'sr': 0.8663422541011234, 'rc_connectivity': 0.013579746643157644, 'learning_rate': 0.0003}",ppo,300,64,0.0003,,,,,,
Autoencode,filterbank+proj,5,312,0.0,-0.46846156,0.11933996859496152,-0.48433926432171137,-0.4778806265432099,1324,"{'decomposition': 'legendre', 'n_filters': 12, 'slowest': 0.015468638100899648, 'input_scaling': 0.8216619713233748, 'bias_dist': 'foldnorm', 'bias_scaling': 0.04249382119350724, 'lr': 0.7520411716638045, 'weight_increment': 0.001395793645992084, 'min_window': 19, 'max_window': 32, 'use_full_instance': True, 'max_partners': 20, 'homeostasis': 'mean', 'target': 0.69, 'spread': 0.36000000000000004, 'learning_rate': 0.003}",ppo,300,64x64,0.003,,,,,,
Autoencode,filterbank+esn,4,312,4.237179487179487,-0.45923075999999996,0.09465297542234158,-0.47604805492132063,-0.4543367901234568,1159,"{'decomposition': 'legendre', 'n_filters': 12, 'slowest': 0.006397371281320229, 'input_scaling': 0.550142611755141, 'bias_dist': 'foldnorm', 'bias_scaling': 0.07438842372152364, 'lr': 0.6575600610814601, 'sr': 0.8663422541011234, 'rc_connectivity': 0.013579746643157644, 'learning_rate': 0.0003}",ppo,300,64,0.0003,,,,,,
Autoencode,filterbank+proj,0,312,0.0,-0.5,0.0,-0.5000988939627687,-0.5,1309,"{'decomposition': 'legendre', 'n_filters': 12, 'slowest': 0.015468638100899648, 'input_scaling': 0.8216619713233748, 'bias_dist': 'foldnorm', 'bias_scaling': 0.04249382119350724, 'lr': 0.7520411716638045, 'weight_increment': 0.001395793645992084, 'min_window': 19, 'max_window': 32, 'use_full_instance': True, 'max_partners': 20, 'homeostasis': 'mean', 'target': 0.69, 'spread': 0.36000000000000004, 'learning_rate': 0.01}",ppo,300,64x64,0.01,,,,,,
Autoencode,filterbank+proj,8,312,0.0,-0.48461542,0.1291759179384594,-0.4850750365113648,-0.4758230329218107,1320,"{'decomposition': 'legendre', 'n_filters': 12, 'slowest': 0.015468638100899648, 'input_scaling': 0.8216619713233748, 'bias_dist': 'foldnorm', 'bias_scaling': 0.04249382119350724, 'lr': 0.7520411716638045, 'weight_increment': 0.001395793645992084, 'min_window': 19, 'max_window': 32, 'use_full_instance': True, 'max_partners': 20, 'homeostasis': 'mean', 'target': 0.69, 'spread': 0.36000000000000004, 'learning_rate': 0.003}",ppo,300,64x64,0.003,,,,,,
Autoencode,filterbank+proj,9,312,0.0,-0.4615384,0.1153846933337347,-0.4845568309163838,-0.4863485154320988,1324,"{'decomposition': 'legendre', 'n_filters': 12, 'slowest': 0.015468638100899648, 'input_scaling': 0.8216619713233748, 'bias_dist': 'foldnorm', 'bias_scaling': 0.04249382119350724, 'lr': 0.7520411716638045, 'weight_increment': 0.001395793645992084, 'min_window': 19, 'max_window': 32, 'use_full_instance': True, 'max_partners': 20, 'homeostasis': 'mean', 'target': 0.69, 'spread': 0.36000000000000004, 'learning_rate': 0.003}",ppo,300,64x64,0.003,,,,,,
Autoencode,filterbank+esn,3,312,4.237179487179487,-0.47461542,0.10675704939423722,-0.4839555587781549,-0.4742006748971193,1189,"{'decomposition': 'legendre', 'n_filters': 12, 'slowest': 0.006397371281320229, 'input_scaling': 0.550142611755141, 'bias_dist': 'foldnorm', 'bias_scaling': 0.07438842372152364, 'lr': 0.6575600610814601, 'sr': 0.8663422541011234, 'rc_connectivity': 0.013579746643157644, 'learning_rate': 0.0003}",ppo,300,64,0.0003,,,,,,
Autoencode,filterbank+proj,2,312,0.0,-0.5,0.0,-0.4993552157770235,-0.5,1325,"{'decomposition': 'legendre', 'n_filters': 12, 'slowest': 0.015468638100899648, 'input_scaling': 0.8216619713233748, 'bias_dist': 'foldnorm', 'bias_scaling': 0.04249382119350724, 'lr': 0.7520411716638045, 'weight_increment': 0.001395793645992084, 'min_window': 19, 'max_window': 32, 'use_full_instance': True, 'max_partners': 20, 'homeostasis': 'mean', 'target': 0.69, 'spread': 0.36000000000000004, 'learning_rate': 0.01}",ppo,300,64x64,0.01,,,,,,
Autoencode,filterbank+esn,1,312,4.237179487179487,-0.47076924000000003,0.12416828938993403,-0.4777806656381775,-0.4554447366255144,1200,"{'decomposition': 'legendre', 'n_filters': 12, 'slowest': 0.006397371281320229, 'input_scaling': 0.550142611755141, 'bias_dist': 'foldnorm', 'bias_scaling': 0.07438842372152364, 'lr': 0.6575600610814601, 'sr': 0.8663422541011234, 'rc_connectivity': 0.013579746643157644, 'learning_rate': 0.0003}",ppo,300,64,0.0003,,,,,,
Autoencode,filterbank+esn,5,312,4.237179487179487,-0.40615384,0.11124905597143014,-0.4671832554767047,-0.44812438065843624,1182,"{'decomposition': 'legendre', 'n_filters': 12, 'slowest': 0.006397371281320229, 'input_scaling': 0.550142611755141, 'bias_dist': 'foldnorm', 'bias_scaling': 0.07438842372152364, 'lr': 0.6575600610814601, 'sr': 0.8663422541011234, 'rc_connectivity': 0.013579746643157644, 'learning_rate': 0.0003}",ppo,300,64,0.0003,,,,,,
Autoencode,filterbank+proj,3,312,0.0,-0.5,0.0,-0.5001780081250643,-0.5,1321,"{'decomposition': 'legendre', 'n_filters': 12, 'slowest': 0.015468638100899648, 'input_scaling': 0.8216619713233748, 'bias_dist': 'foldnorm', 'bias_scaling': 0.04249382119350724, 'lr': 0.7520411716638045, 'weight_increment': 0.001395793645992084, 'min_window': 19, 'max_window': 32, 'use_full_instance': True, 'max_partners': 20, 'homeostasis': 'mean', 'target': 0.69, 'spread': 0.36000000000000004, 'learning_rate': 0.01}",ppo,300,64x64,0.01,,,,,,
Autoencode,filterbank+proj,4,312,0.0,-0.5,0.0,-0.49976661318523086,-0.5,1313,"{'decomposition': 'legendre', 'n_filters': 12, 'slowest': 0.015468638100899648, 'input_scaling': 0.8216619713233748, 'bias_dist': 'foldnorm', 'bias_scaling': 0.04249382119350724, 'lr': 0.7520411716638045, 'weight_increment': 0.001395793645992084, 'min_window': 19, 'max_window': 32, 'use_full_instance': True, 'max_partners': 20, 'homeostasis': 'mean', 'target': 0.69, 'spread': 0.36000000000000004, 'learning_rate': 0.01}",ppo,300,64x64,0.01,,,,,,
Autoencode,filterbank+proj,6,312,0.0,-0.5,0.0,-0.5004113963797182,-0.5,1312,"{'decomposition': 'legendre', 'n_filters': 12, 'slowest': 0.015468638100899648, 'input_scaling': 0.8216619713233748, 'bias_dist': 'foldnorm', 'bias_scaling': 0.04249382119350724, 'lr': 0.7520411716638045, 'weight_increment': 0.001395793645992084, 'min_window': 19, 'max_window': 32, 'use_full_instance': True, 'max_partners': 20, 'homeostasis': 'mean', 'target': 0.69, 'spread': 0.36000000000000004, 'learning_rate': 0.01}",ppo,300,64x64,0.01,,,,,,
Autoencode,filterbank+esn,6,312,4.237179487179487,-0.46153841999999995,0.09003629380024257,-0.47645548986938185,-0.45378280967078194,1172,"{'decomposition': 'legendre', 'n_filters': 12, 'slowest': 0.006397371281320229, 'input_scaling': 0.550142611755141, 'bias_dist': 'foldnorm', 'bias_scaling': 0.07438842372152364, 'lr': 0.6575600610814601, 'sr': 0.8663422541011234, 'rc_connectivity': 0.013579746643157644, 'learning_rate': 0.0003}",ppo,300,64,0.0003,,,,,,
Autoencode,filterbank+proj,1,312,0.0,-0.5,0.0,-0.5004825994034763,-0.5,1384,"{'decomposition': 'legendre', 'n_filters': 12, 'slowest': 0.015468638100899648, 'input_scaling': 0.8216619713233748, 'bias_dist': 'foldnorm', 'bias_scaling': 0.04249382119350724, 'lr': 0.7520411716638045, 'weight_increment': 0.001395793645992084, 'min_window': 19, 'max_window': 32, 'use_full_instance': True, 'max_partners': 20, 'homeostasis': 'mean', 'target': 0.69, 'spread': 0.36000000000000004, 'learning_rate': 0.01}",ppo,300,64x64,0.01,,,,,,
Autoencode,filterbank+proj,5,312,0.0,-0.5,0.0,-0.49998022184510954,-0.5,1334,"{'decomposition': 'legendre', 'n_filters': 12, 'slowest': 0.015468638100899648, 'input_scaling': 0.8216619713233748, 'bias_dist': 'foldnorm', 'bias_scaling': 0.04249382119350724, 'lr': 0.7520411716638045, 'weight_increment': 0.001395793645992084, 'min_window': 19, 'max_window': 32, 'use_full_instance': True, 'max_partners': 20, 'homeostasis': 'mean', 'target': 0.69, 'spread': 0.36000000000000004, 'learning_rate': 0.01}",ppo,300,64x64,0.01,,,,,,
Autoencode,filterbank+esn,7,312,4.237179487179487,-0.45307686,0.08436680899050528,-0.4865979716136995,-0.4723804681069959,1194,"{'decomposition': 'legendre', 'n_filters': 12, 'slowest': 0.006397371281320229, 'input_scaling': 0.550142611755141, 'bias_dist': 'foldnorm', 'bias_scaling': 0.07438842372152364, 'lr': 0.6575600610814601, 'sr': 0.8663422541011234, 'rc_connectivity': 0.013579746643157644, 'learning_rate': 0.0003}",ppo,300,64,0.0003,,,,,,
Autoencode,filterbank+proj,7,312,0.0,-0.5,0.0,-0.5000514247660187,-0.5,1347,"{'decomposition': 'legendre', 'n_filters': 12, 'slowest': 0.015468638100899648, 'input_scaling': 0.8216619713233748, 'bias_dist': 'foldnorm', 'bias_scaling': 0.04249382119350724, 'lr': 0.7520411716638045, 'weight_increment': 0.001395793645992084, 'min_window': 19, 'max_window': 32, 'use_full_instance': True, 'max_partners': 20, 'homeostasis': 'mean', 'target': 0.69, 'spread': 0.36000000000000004, 'learning_rate': 0.01}",ppo,300,64x64,0.01,,,,,,
Autoencode,filterbank+proj,8,312,0.0,-0.5,0.0,-0.499845725496246,-0.5,1348,"{'decomposition': 'legendre', 'n_filters': 12, 'slowest': 0.015468638100899648, 'input_scaling': 0.8216619713233748, 'bias_dist': 'foldnorm', 'bias_scaling': 0.04249382119350724, 'lr': 0.7520411716638045, 'weight_increment': 0.001395793645992084, 'min_window': 19, 'max_window': 32, 'use_full_instance': True, 'max_partners': 20, 'homeostasis': 'mean', 'target': 0.69, 'spread': 0.36000000000000004, 'learning_rate': 0.01}",ppo,300,64x64,0.01,,,,,,
Autoencode,filterbank+proj,9,312,0.0,-0.5,0.0,-0.5003006352977476,-0.5,1368,"{'decomposition': 'legendre', 'n_filters': 12, 'slowest': 0.015468638100899648, 'input_scaling': 0.8216619713233748, 'bias_dist': 'foldnorm', 'bias_scaling': 0.04249382119350724, 'lr': 0.7520411716638045, 'weight_increment': 0.001395793645992084, 'min_window': 19, 'max_window': 32, 'use_full_instance': True, 'max_partners': 20, 'homeostasis': 'mean', 'target': 0.69, 'spread': 0.36000000000000004, 'learning_rate': 0.01}",ppo,300,64x64,0.01,,,,,,
Autoencode,filterbank+esn,8,312,4.237179487179487,-0.41461532,0.12266518473331216,-0.46662550498817235,-0.4497862839506173,1187,"{'decomposition': 'legendre', 'n_filters': 12, 'slowest': 0.006397371281320229, 'input_scaling': 0.550142611755141, 'bias_dist': 'foldnorm', 'bias_scaling': 0.07438842372152364, 'lr': 0.6575600610814601, 'sr': 0.8663422541011234, 'rc_connectivity': 0.013579746643157644, 'learning_rate': 0.0003}",ppo,300,64,0.0003,,,,,,
Autoencode,filterbank+esn,9,312,4.237179487179487,-0.4269229600000001,0.1102042050769316,-0.4756524774246632,-0.4592829722222222,1187,"{'decomposition': 'legendre', 'n_filters': 12, 'slowest': 0.006397371281320229, 'input_scaling': 0.550142611755141, 'bias_dist': 'foldnorm', 'bias_scaling': 0.07438842372152364, 'lr': 0.6575600610814601, 'sr': 0.8663422541011234, 'rc_connectivity': 0.013579746643157644, 'learning_rate': 0.0003}",ppo,300,64,0.0003,,,,,,
Autoencode,filterbank+esn,0,312,4.237179487179487,-0.45230772,0.13291457474619403,-0.46559306232644243,-0.442545079218107,1197,"{'decomposition': 'legendre', 'n_filters': 12, 'slowest': 0.006397371281320229, 'input_scaling': 0.550142611755141, 'bias_dist': 'foldnorm', 'bias_scaling': 0.07438842372152364, 'lr': 0.6575600610814601, 'sr': 0.8663422541011234, 'rc_connectivity': 0.013579746643157644, 'learning_rate': 0.001}",ppo,300,64,0.001,,,,,,
Autoencode,filterbank+esn,1,312,4.237179487179487,-0.45461536,0.11218389178679083,-0.46598468137406146,-0.4402500380658436,1180,"{'decomposition': 'legendre', 'n_filters': 12, 'slowest': 0.006397371281320229, 'input_scaling': 0.550142611755141, 'bias_dist': 'foldnorm', 'bias_scaling': 0.07438842372152364, 'lr': 0.6575600610814601, 'sr': 0.8663422541011234, 'rc_connectivity': 0.013579746643157644, 'learning_rate': 0.001}",ppo,300,64,0.001,,,,,,
Autoencode,filterbank+esn,2,312,4.237179487179487,-0.43153840000000004,0.10442584912079958,-0.4602805159930063,-0.43174260390946506,1188,"{'decomposition': 'legendre', 'n_filters': 12, 'slowest': 0.006397371281320229, 'input_scaling': 0.550142611755141, 'bias_dist': 'foldnorm', 'bias_scaling': 0.07438842372152364, 'lr': 0.6575600610814601, 'sr': 0.8663422541011234, 'rc_connectivity': 0.013579746643157644, 'learning_rate': 0.001}",ppo,300,64,0.001,,,,,,
Autoencode,filterbank+esn,3,312,4.237179487179487,-0.42769223999999995,0.09749534917185743,-0.4658857858685591,-0.44531493004115225,1189,"{'decomposition': 'legendre', 'n_filters': 12, 'slowest': 0.006397371281320229, 'input_scaling': 0.550142611755141, 'bias_dist': 'foldnorm', 'bias_scaling': 0.07438842372152364, 'lr': 0.6575600610814601, 'sr': 0.8663422541011234, 'rc_connectivity': 0.013579746643157644, 'learning_rate': 0.001}",ppo,300,64,0.001,,,,,,
Autoencode,filterbank+esn,4,312,4.237179487179487,-0.45769228,0.0942897926297518,-0.45885645130103875,-0.4349872839506173,1169,"{'decomposition': 'legendre', 'n_filters': 12, 'slowest': 0.006397371281320229, 'input_scaling': 0.550142611755141, 'bias_dist': 'foldnorm', 'bias_scaling': 0.07438842372152364, 'lr': 0.6575600610814601, 'sr': 0.8663422541011234, 'rc_connectivity': 0.013579746643157644, 'learning_rate': 0.001}",ppo,300,64,0.001,,,,,,
Autoencode,filterbank+esn,5,312,4.237179487179487,-0.42692302,0.13195166485520218,-0.45344106212074453,-0.4356995627572017,1170,"{'decomposition': 'legendre', 'n_filters': 12, 'slowest': 0.006397371281320229, 'input_scaling': 0.550142611755141, 'bias_dist': 'foldnorm', 'bias_scaling': 0.07438842372152364, 'lr': 0.6575600610814601, 'sr': 0.8663422541011234, 'rc_connectivity': 0.013579746643157644, 'learning_rate': 0.001}",ppo,300,64,0.001,,,,,,
Autoencode,filterbank+esn,6,312,4.237179487179487,-0.41846158,0.14688890147864678,-0.45511038064383424,-0.4284583405349794,1181,"{'decomposition': 'legendre', 'n_filters': 12, 'slowest': 0.006397371281320229, 'input_scaling': 0.550142611755141, 'bias_dist': 'foldnorm', 'bias_scaling': 0.07438842372152364, 'lr': 0.6575600610814601, 'sr': 0.8663422541011234, 'rc_connectivity': 0.013579746643157644, 'learning_rate': 0.001}",ppo,300,64,0.001,,,,,,
Autoencode,filterbank+esn,7,312,4.237179487179487,-0.39923065999999996,0.08209179519260373,-0.4534094126298468,-0.4207027119341564,1188,"{'decomposition': 'legendre', 'n_filters': 12, 'slowest': 0.006397371281320229, 'input_scaling': 0.550142611755141, 'bias_dist': 'foldnorm', 'bias_scaling': 0.07438842372152364, 'lr': 0.6575600610814601, 'sr': 0.8663422541011234, 'rc_connectivity': 0.013579746643157644, 'learning_rate': 0.001}",ppo,300,64,0.001,,,,,,
Autoencode,filterbank+esn,2,312,4.237179487179487,-0.41769227999999997,0.12522414766123025,-0.45931531831739175,-0.45077552983539093,1171,"{'decomposition': 'legendre', 'n_filters': 12, 'slowest': 0.006397371281320229, 'input_scaling': 0.550142611755141, 'bias_dist': 'foldnorm', 'bias_scaling': 0.07438842372152364, 'lr': 0.6575600610814601, 'sr': 0.8663422541011234, 'rc_connectivity': 0.013579746643157644, 'learning_rate': 0.003}",ppo,300,64,0.003,,,,,,
Autoencode,filterbank+esn,9,312,4.237179487179487,-0.39999992,0.12498524495200862,-0.45555341838938596,-0.4279043775720165,1186,"{'decomposition': 'legendre', 'n_filters': 12, 'slowest': 0.006397371281320229, 'input_scaling': 0.550142611755141, 'bias_dist': 'foldnorm', 'bias_scaling': 0.07438842372152364, 'lr': 0.6575600610814601, 'sr': 0.8663422541011234, 'rc_connectivity': 0.013579746643157644, 'learning_rate': 0.001}",ppo,300,64,0.001,,,,,,
Autoencode,filterbank+esn,1,312,4.237179487179487,-0.4707692599999999,0.11028752655541968,-0.46374573516404394,-0.459876517489712,1178,"{'decomposition': 'legendre', 'n_filters': 12, 'slowest': 0.006397371281320229, 'input_scaling': 0.550142611755141, 'bias_dist': 'foldnorm', 'bias_scaling': 0.07438842372152364, 'lr': 0.6575600610814601, 'sr': 0.8663422541011234, 'rc_connectivity': 0.013579746643157644, 'learning_rate': 0.003}",ppo,300,64,0.003,,,,,,
Autoencode,filterbank+esn,8,312,4.237179487179487,-0.43999989999999994,0.12166501765425425,-0.46166502005553844,-0.44313859567901237,1201,"{'decomposition': 'legendre', 'n_filters': 12, 'slowest': 0.006397371281320229, 'input_scaling': 0.550142611755141, 'bias_dist': 'foldnorm', 'bias_scaling': 0.07438842372152364, 'lr': 0.6575600610814601, 'sr': 0.8663422541011234, 'rc_connectivity': 0.013579746643157644, 'learning_rate': 0.001}",ppo,300,64,0.001,,,,,,
Autoencode,filterbank+esn,0,312,4.237179487179487,-0.45923077999999995,0.11211008295729515,-0.4645566545304946,-0.4546533364197531,1196,"{'decomposition': 'legendre', 'n_filters': 12, 'slowest': 0.006397371281320229, 'input_scaling': 0.550142611755141, 'bias_dist': 'foldnorm', 'bias_scaling': 0.07438842372152364, 'lr': 0.6575600610814601, 'sr': 0.8663422541011234, 'rc_connectivity': 0.013579746643157644, 'learning_rate': 0.003}",ppo,300,64,0.003,,,,,,
Autoencode,filterbank+esn,5,312,4.237179487179487,-0.44230764,0.09888440624744833,-0.46271328530289,-0.4527144300411522,1177,"{'decomposition': 'legendre', 'n_filters': 12, 'slowest': 0.006397371281320229, 'input_scaling': 0.550142611755141, 'bias_dist': 'foldnorm', 'bias_scaling': 0.07438842372152364, 'lr': 0.6575600610814601, 'sr': 0.8663422541011234, 'rc_connectivity': 0.013579746643157644, 'learning_rate': 0.003}",ppo,300,64,0.003,,,,,,
Autoencode,filterbank+esn,6,312,4.237179487179487,-0.46846150000000003,0.1249118915514852,-0.45934301059343824,-0.4477682572016461,1169,"{'decomposition': 'legendre', 'n_filters': 12, 'slowest': 0.006397371281320229, 'input_scaling': 0.550142611755141, 'bias_dist': 'foldnorm', 'bias_scaling': 0.07438842372152364, 'lr': 0.6575600610814601, 'sr': 0.8663422541011234, 'rc_connectivity': 0.013579746643157644, 'learning_rate': 0.003}",ppo,300,64,0.003,,,,,,
Autoencode,filterbank+esn,3,312,4.237179487179487,-0.45538454,0.10640999316891435,-0.45717922606191497,-0.4429803456790124,1189,"{'decomposition': 'legendre', 'n_filters': 12, 'slowest': 0.006397371281320229, 'input_scaling': 0.550142611755141, 'bias_dist': 'foldnorm', 'bias_scaling': 0.07438842372152364, 'lr': 0.6575600610814601, 'sr': 0.8663422541011234, 'rc_connectivity': 0.013579746643157644, 'learning_rate': 0.003}",ppo,300,64,0.003,,,,,,
Autoencode,filterbank+esn,4,312,4.237179487179487,-0.44076924,0.11232089924489742,-0.46020931194075904,-0.45243745061728396,1192,"{'decomposition': 'legendre', 'n_filters': 12, 'slowest': 0.006397371281320229, 'input_scaling': 0.550142611755141, 'bias_dist': 'foldnorm', 'bias_scaling': 0.07438842372152364, 'lr': 0.6575600610814601, 'sr': 0.8663422541011234, 'rc_connectivity': 0.013579746643157644, 'learning_rate': 0.003}",ppo,300,64,0.003,,,,,,
Autoencode,filterbank+esn,8,312,4.237179487179487,-0.42461534,0.09229491396206184,-0.46704877033837294,-0.45235830246913583,1183,"{'decomposition': 'legendre', 'n_filters': 12, 'slowest': 0.006397371281320229, 'input_scaling': 0.550142611755141, 'bias_dist': 'foldnorm', 'bias_scaling': 0.07438842372152364, 'lr': 0.6575600610814601, 'sr': 0.8663422541011234, 'rc_connectivity': 0.013579746643157644, 'learning_rate': 0.003}",ppo,300,64,0.003,,,,,,
Autoencode,filterbank+esn,9,312,4.237179487179487,-0.43230766,0.12176225260179938,-0.45776862491000714,-0.4453545133744856,1183,"{'decomposition': 'legendre', 'n_filters': 12, 'slowest': 0.006397371281320229, 'input_scaling': 0.550142611755141, 'bias_dist': 'foldnorm', 'bias_scaling': 0.07438842372152364, 'lr': 0.6575600610814601, 'sr': 0.8663422541011234, 'rc_connectivity': 0.013579746643157644, 'learning_rate': 0.003}",ppo,300,64,0.003,,,,,,
Autoencode,filterbank+esn,7,312,4.237179487179487,-0.42538464,0.1304090505992218,-0.4570170391854366,-0.44590847633744857,1197,"{'decomposition': 'legendre', 'n_filters': 12, 'slowest': 0.006397371281320229, 'input_scaling': 0.550142611755141, 'bias_dist': 'foldnorm', 'bias_scaling': 0.07438842372152364, 'lr': 0.6575600610814601, 'sr': 0.8663422541011234, 'rc_connectivity': 0.013579746643157644, 'learning_rate': 0.003}",ppo,300,64,0.003,,,,,,
Autoencode,filterbank+esn,1,312,4.237179487179487,-0.50076928,0.0739783131186539,-0.49854033415612464,-0.5000000072016461,1185,"{'decomposition': 'legendre', 'n_filters': 12, 'slowest': 0.006397371281320229, 'input_scaling': 0.550142611755141, 'bias_dist': 'foldnorm', 'bias_scaling': 0.07438842372152364, 'lr': 0.6575600610814601, 'sr': 0.8663422541011234, 'rc_connectivity': 0.013579746643157644, 'learning_rate': 0.01}",ppo,300,64,0.01,,,,,,
Autoencode,filterbank+esn,3,312,4.237179487179487,-0.5,0.0,-0.49655851352463226,-0.500633121399177,1174,"{'decomposition': 'legendre', 'n_filters': 12, 'slowest': 0.006397371281320229, 'input_scaling': 0.550142611755141, 'bias_dist': 'foldnorm', 'bias_scaling': 0.07438842372152364, 'lr': 0.6575600610814601, 'sr': 0.8663422541011234, 'rc_connectivity': 0.013579746643157644, 'learning_rate': 0.01}",ppo,300,64,0.01,,,,,,
Autoencode,filterbank+esn,2,312,4.237179487179487,-0.5,0.0,-0.49645961513936027,-0.4985755010288066,1194,"{'decomposition': 'legendre', 'n_filters': 12, 'slowest': 0.006397371281320229, 'input_scaling': 0.550142611755141, 'bias_dist': 'foldnorm', 'bias_scaling': 0.07438842372152364, 'lr': 0.6575600610814601, 'sr': 0.8663422541011234, 'rc_connectivity': 0.013579746643157644, 'learning_rate': 0.01}",ppo,300,64,0.01,,,,,,
Autoencode,filterbank+esn,4,312,4.237179487179487,-0.5,0.0,-0.49826739247145935,-0.5,1195,"{'decomposition': 'legendre', 'n_filters': 12, 'slowest': 0.006397371281320229, 'input_scaling': 0.550142611755141, 'bias_dist': 'foldnorm', 'bias_scaling': 0.07438842372152364, 'lr': 0.6575600610814601, 'sr': 0.8663422541011234, 'rc_connectivity': 0.013579746643157644, 'learning_rate': 0.01}",ppo,300,64,0.01,,,,,,
Autoencode,filterbank+esn,0,312,4.237179487179487,-0.5,0.0,-0.5001938333847578,-0.5,1231,"{'decomposition': 'legendre', 'n_filters': 12, 'slowest': 0.006397371281320229, 'input_scaling': 0.550142611755141, 'bias_dist': 'foldnorm', 'bias_scaling': 0.07438842372152364, 'lr': 0.6575600610814601, 'sr': 0.8663422541011234, 'rc_connectivity': 0.013579746643157644, 'learning_rate': 0.01}",ppo,300,64,0.01,,,,,,
Autoencode,filterbank+esn,5,312,4.237179487179487,-0.5,0.0,-0.4997112307929651,-0.5,1196,"{'decomposition': 'legendre', 'n_filters': 12, 'slowest': 0.006397371281320229, 'input_scaling': 0.550142611755141, 'bias_dist': 'foldnorm', 'bias_scaling': 0.07438842372152364, 'lr': 0.6575600610814601, 'sr': 0.8663422541011234, 'rc_connectivity': 0.013579746643157644, 'learning_rate': 0.01}",ppo,300,64,0.01,,,,,,
Autoencode,filterbank+esn,7,312,4.237179487179487,-0.47999996,0.07701543646126016,-0.4998299037334157,-0.5017014763374485,1180,"{'decomposition': 'legendre', 'n_filters': 12, 'slowest': 0.006397371281320229, 'input_scaling': 0.550142611755141, 'bias_dist': 'foldnorm', 'bias_scaling': 0.07438842372152364, 'lr': 0.6575600610814601, 'sr': 0.8663422541011234, 'rc_connectivity': 0.013579746643157644, 'learning_rate': 0.01}",ppo,300,64,0.01,,,,,,
Autoencode,filterbank+esn,6,312,4.237179487179487,-0.5,0.0,-0.49973892245191814,-0.5,1209,"{'decomposition': 'legendre', 'n_filters': 12, 'slowest': 0.006397371281320229, 'input_scaling': 0.550142611755141, 'bias_dist': 'foldnorm', 'bias_scaling': 0.07438842372152364, 'lr': 0.6575600610814601, 'sr': 0.8663422541011234, 'rc_connectivity': 0.013579746643157644, 'learning_rate': 0.01}",ppo,300,64,0.01,,,,,,
Autoencode,filterbank+esn,9,312,4.237179487179487,-0.5,0.0,-0.499711229661627,-0.5,1196,"{'decomposition': 'legendre', 'n_filters': 12, 'slowest': 0.006397371281320229, 'input_scaling': 0.550142611755141, 'bias_dist': 'foldnorm', 'bias_scaling': 0.07438842372152364, 'lr': 0.6575600610814601, 'sr': 0.8663422541011234, 'rc_connectivity': 0.013579746643157644, 'learning_rate': 0.01}",ppo,300,64,0.01,,,,,,
Autoencode,filterbank+esn,8,312,4.237179487179487,-0.5,0.0,-0.49961629476499025,-0.5,1218,"{'decomposition': 'legendre', 'n_filters': 12, 'slowest': 0.006397371281320229, 'input_scaling': 0.550142611755141, 'bias_dist': 'foldnorm', 'bias_scaling': 0.07438842372152364, 'lr': 0.6575600610814601, 'sr': 0.8663422541011234, 'rc_connectivity': 0.013579746643157644, 'learning_rate': 0.01}",ppo,300,64,0.01,,,,,,
Autoencode,filterbank+hag,0,312,3.0224358974358974,-0.44999996,0.11570481888200854,-0.4862577990332202,-0.47344885802469133,1189,"{'decomposition': 'legendre', 'n_filters': 12, 'slowest': 0.015468638100899648, 'input_scaling': 0.8216619713233748, 'bias_dist': 'foldnorm', 'bias_scaling': 0.04249382119350724, 'lr': 0.7520411716638045, 'weight_increment': 0.001395793645992084, 'min_window': 19, 'max_window': 32, 'use_full_instance': True, 'max_partners': 20, 'homeostasis': 'mean', 'target': 0.69, 'spread': 0.36000000000000004, 'learning_rate': 0.0003}",ppo,300,64,0.0003,,,,,,
Autoencode,filterbank+hag,1,312,3.3108974358974357,-0.46999994,0.08712716516090947,-0.4788289288285508,-0.46015349279835394,1188,"{'decomposition': 'legendre', 'n_filters': 12, 'slowest': 0.015468638100899648, 'input_scaling': 0.8216619713233748, 'bias_dist': 'foldnorm', 'bias_scaling': 0.04249382119350724, 'lr': 0.7520411716638045, 'weight_increment': 0.001395793645992084, 'min_window': 19, 'max_window': 32, 'use_full_instance': True, 'max_partners': 20, 'homeostasis': 'mean', 'target': 0.69, 'spread': 0.36000000000000004, 'learning_rate': 0.0003}",ppo,300,64,0.0003,,,,,,
Autoencode,filterbank+hag,2,312,3.1378205128205128,-0.47230771999999993,0.11742817770212394,-0.48233370502931194,-0.4682652561728395,1195,"{'decomposition': 'legendre', 'n_filters': 12, 'slowest': 0.015468638100899648, 'input_scaling': 0.8216619713233748, 'bias_dist': 'foldnorm', 'bias_scaling': 0.04249382119350724, 'lr': 0.7520411716638045, 'weight_increment': 0.001395793645992084, 'min_window': 19, 'max_window': 32, 'use_full_instance': True, 'max_partners': 20, 'homeostasis': 'mean', 'target': 0.69, 'spread': 0.36000000000000004, 'learning_rate': 0.0003}",ppo,300,64,0.0003,,,,,,
Autoencode,filterbank+hag,3,312,3.1121794871794872,-0.45384610000000003,0.11013715655731265,-0.4795369922863314,-0.45829371913580247,1191,"{'decomposition': 'legendre', 'n_filters': 12, 'slowest': 0.015468638100899648, 'input_scaling': 0.8216619713233748, 'bias_dist': 'foldnorm', 'bias_scaling': 0.04249382119350724, 'lr': 0.7520411716638045, 'weight_increment': 0.001395793645992084, 'min_window': 19, 'max_window': 32, 'use_full_instance': True, 'max_partners': 20, 'homeostasis': 'mean', 'target': 0.69, 'spread': 0.36000000000000004, 'learning_rate': 0.0003}",ppo,300,64,0.0003,,,,,,
Autoencode,filterbank+hag,5,312,3.269230769230769,-0.45769225999999996,0.08113476108100892,-0.4706326478453152,-0.45374320884773667,1181,"{'decomposition': 'legendre', 'n_filters': 12, 'slowest': 0.015468638100899648, 'input_scaling': 0.8216619713233748, 'bias_dist': 'foldnorm', 'bias_scaling': 0.04249382119350724, 'lr': 0.7520411716638045, 'weight_increment': 0.001395793645992084, 'min_window': 19, 'max_window': 32, 'use_full_instance': True, 'max_partners': 20, 'homeostasis': 'mean', 'target': 0.69, 'spread': 0.36000000000000004, 'learning_rate': 0.0003}",ppo,300,64,0.0003,,,,,,
Autoencode,filterbank+hag,4,312,2.8653846153846154,-0.45615374,0.1079694578448572,-0.47706467499742883,-0.45730448456790124,1185,"{'decomposition': 'legendre', 'n_filters': 12, 'slowest': 0.015468638100899648, 'input_scaling': 0.8216619713233748, 'bias_dist': 'foldnorm', 'bias_scaling': 0.04249382119350724, 'lr': 0.7520411716638045, 'weight_increment': 0.001395793645992084, 'min_window': 19, 'max_window': 32, 'use_full_instance': True, 'max_partners': 20, 'homeostasis': 'mean', 'target': 0.69, 'spread': 0.36000000000000004, 'learning_rate': 0.0003}",ppo,300,64,0.0003,,,,,,
Autoencode,filterbank+hag,6,312,3.6794871794871793,-0.45076913999999996,0.07655310063400697,-0.4724641534505812,-0.4517251728395062,1188,"{'decomposition': 'legendre', 'n_filters': 12, 'slowest': 0.015468638100899648, 'input_scaling': 0.8216619713233748, 'bias_dist': 'foldnorm', 'bias_scaling': 0.04249382119350724, 'lr': 0.7520411716638045, 'weight_increment': 0.001395793645992084, 'min_window': 19, 'max_window': 32, 'use_full_instance': True, 'max_partners': 20, 'homeostasis': 'mean', 'target': 0.69, 'spread': 0.36000000000000004, 'learning_rate': 0.0003}",ppo,300,64,0.0003,,,,,,
Autoencode,filterbank+hag,7,312,3.1121794871794872,-0.45153842,0.08898183910238987,-0.478840779903322,-0.4602326213991769,1181,"{'decomposition': 'legendre', 'n_filters': 12, 'slowest': 0.015468638100899648, 'input_scaling': 0.8216619713233748, 'bias_dist': 'foldnorm', 'bias_scaling': 0.04249382119350724, 'lr': 0.7520411716638045, 'weight_increment': 0.001395793645992084, 'min_window': 19, 'max_window': 32, 'use_full_instance': True, 'max_partners': 20, 'homeostasis': 'mean', 'target': 0.69, 'spread': 0.36000000000000004, 'learning_rate': 0.0003}",ppo,300,64,0.0003,,,,,,
Autoencode,filterbank+hag,8,312,2.9743589743589745,-0.47538455999999996,0.10872048845882915,-0.4782434839041448,-0.46616807407407407,1186,"{'decomposition': 'legendre', 'n_filters': 12, 'slowest': 0.015468638100899648, 'input_scaling': 0.8216619713233748, 'bias_dist': 'foldnorm', 'bias_scaling': 0.04249382119350724, 'lr': 0.7520411716638045, 'weight_increment': 0.001395793645992084, 'min_window': 19, 'max_window': 32, 'use_full_instance': True, 'max_partners': 20, 'homeostasis': 'mean', 'target': 0.69, 'spread': 0.36000000000000004, 'learning_rate': 0.0003}",ppo,300,64,0.0003,,,,,,
Autoencode,filterbank+hag,9,312,3.1153846153846154,-0.46153833999999994,0.06296438459879045,-0.47163740111076824,-0.45702748251028813,1186,"{'decomposition': 'legendre', 'n_filters': 12, 'slowest': 0.015468638100899648, 'input_scaling': 0.8216619713233748, 'bias_dist': 'foldnorm', 'bias_scaling': 0.04249382119350724, 'lr': 0.7520411716638045, 'weight_increment': 0.001395793645992084, 'min_window': 19, 'max_window': 32, 'use_full_instance': True, 'max_partners': 20, 'homeostasis': 'mean', 'target': 0.69, 'spread': 0.36000000000000004, 'learning_rate': 0.0003}",ppo,300,64,0.0003,,,,,,
Autoencode,filterbank+hag,1,312,3.3108974358974357,-0.43384613999999994,0.11384618945981634,-0.4707038632109432,-0.45817503086419753,1176,"{'decomposition': 'legendre', 'n_filters': 12, 'slowest': 0.015468638100899648, 'input_scaling': 0.8216619713233748, 'bias_dist': 'foldnorm', 'bias_scaling': 0.04249382119350724, 'lr': 0.7520411716638045, 'weight_increment': 0.001395793645992084, 'min_window': 19, 'max_window': 32, 'use_full_instance': True, 'max_partners': 20, 'homeostasis': 'mean', 'target': 0.69, 'spread': 0.36000000000000004, 'learning_rate': 0.001}",ppo,300,64,0.001,,,,,,
Autoencode,filterbank+hag,0,312,3.0224358974358974,-0.45153839999999995,0.11168700962260562,-0.4785995056052659,-0.452556153292181,1183,"{'decomposition': 'legendre', 'n_filters': 12, 'slowest': 0.015468638100899648, 'input_scaling': 0.8216619713233748, 'bias_dist': 'foldnorm', 'bias_scaling': 0.04249382119350724, 'lr': 0.7520411716638045, 'weight_increment': 0.001395793645992084, 'min_window': 19, 'max_window': 32, 'use_full_instance': True, 'max_partners': 20, 'homeostasis': 'mean', 'target': 0.69, 'spread': 0.36000000000000004, 'learning_rate': 0.001}",ppo,300,64,0.001,,,,,,
Autoencode,filterbank+hag,3,312,3.1121794871794872,-0.43846154,0.11357557169254487,-0.47420468692790285,-0.46304206687242805,1182,"{'decomposition': 'legendre', 'n_filters': 12, 'slowest': 0.015468638100899648, 'input_scaling': 0.8216619713233748, 'bias_dist': 'foldnorm', 'bias_scaling': 0.04249382119350724, 'lr': 0.7520411716638045, 'weight_increment': 0.001395793645992084, 'min_window': 19, 'max_window': 32, 'use_full_instance': True, 'max_partners': 20, 'homeostasis': 'mean', 'target': 0.69, 'spread': 0.36000000000000004, 'learning_rate': 0.001}",ppo,300,64,0.001,,,,,,
Autoencode,filterbank+hag,2,312,3.1378205128205128,-0.44692294000000005,0.09573457029922054,-0.47109943391957215,-0.4527540010288066,1190,"{'decomposition': 'legendre', 'n_filters': 12, 'slowest': 0.015468638100899648, 'input_scaling': 0.8216619713233748, 'bias_dist': 'foldnorm', 'bias_scaling': 0.04249382119350724, 'lr': 0.7520411716638045, 'weight_increment': 0.001395793645992084, 'min_window': 19, 'max_window': 32, 'use_full_instance': True, 'max_partners': 20, 'homeostasis': 'mean', 'target': 0.69, 'spread': 0.36000000000000004, 'learning_rate': 0.001}",ppo,300,64,0.001,,,,,,
Autoencode,filterbank+hag,4,312,2.8653846153846154,-0.4376923,0.1343161301872936,-0.472911157153142,-0.4600743755144033,1190,"{'decomposition': 'legendre', 'n_filters': 12, 'slowest': 0.015468638100899648, 'input_scaling': 0.8216619713233748, 'bias_dist': 'foldnorm', 'bias_scaling': 0.04249382119350724, 'lr': 0.7520411716638045, 'weight_increment': 0.001395793645992084, 'min_window': 19, 'max_window': 32, 'use_full_instance': True, 'max_partners': 20, 'homeostasis': 'mean', 'target': 0.69, 'spread': 0.36000000000000004, 'learning_rate': 0.001}",ppo,300,64,0.001,,,,,,
Autoencode,filterbank+hag,7,312,3.1121794871794872,-0.43692295999999997,0.10427563630454814,-0.4726263503034042,-0.45299142901234574,1174,"{'decomposition': 'legendre', 'n_filters': 12, 'slowest': 0.015468638100899648, 'input_scaling': 0.8216619713233748, 'bias_dist': 'foldnorm', 'bias_scaling': 0.04249382119350724, 'lr': 0.7520411716638045, 'weight_increment': 0.001395793645992084, 'min_window': 19, 'max_window': 32, 'use_full_instance': True, 'max_partners': 20, 'homeostasis': 'mean', 'target': 0.69, 'spread': 0.36000000000000004, 'learning_rate': 0.001}",ppo,300,64,0.001,,,,,,
Autoencode,filterbank+hag,5,312,3.269230769230769,-0.4738460400000001,0.10304258192630074,-0.4788764019335596,-0.45888726337448554,1184,"{'decomposition': 'legendre', 'n_filters': 12, 'slowest': 0.015468638100899648, 'input_scaling': 0.8216619713233748, 'bias_dist': 'foldnorm', 'bias_scaling': 0.04249382119350724, 'lr': 0.7520411716638045, 'weight_increment': 0.001395793645992084, 'min_window': 19, 'max_window': 32, 'use_full_instance': True, 'max_partners': 20, 'homeostasis': 'mean', 'target': 0.69, 'spread': 0.36000000000000004, 'learning_rate': 0.001}",ppo,300,64,0.001,,,,,,
Autoencode,filterbank+hag,9,312,3.1153846153846154,-0.46999989999999997,0.07893152548918587,-0.476313089478556,-0.4723804825102881,1176,"{'decomposition': 'legendre', 'n_filters': 12, 'slowest': 0.015468638100899648, 'input_scaling': 0.8216619713233748, 'bias_dist': 'foldnorm', 'bias_scaling': 0.04249382119350724, 'lr': 0.7520411716638045, 'weight_increment': 0.001395793645992084, 'min_window': 19, 'max_window': 32, 'use_full_instance': True, 'max_partners': 20, 'homeostasis': 'mean', 'target': 0.69, 'spread': 0.36000000000000004, 'learning_rate': 0.001}",ppo,300,64,0.001,,,,,,
Autoencode,filterbank+hag,6,312,3.6794871794871793,-0.43230766000000004,0.0989770973691611,-0.4757672020981179,-0.456987945473251,1204,"{'decomposition': 'legendre', 'n_filters': 12, 'slowest': 0.015468638100899648, 'input_scaling': 0.8216619713233748, 'bias_dist': 'foldnorm', 'bias_scaling': 0.04249382119350724, 'lr': 0.7520411716638045, 'weight_increment': 0.001395793645992084, 'min_window': 19, 'max_window': 32, 'use_full_instance': True, 'max_partners': 20, 'homeostasis': 'mean', 'target': 0.69, 'spread': 0.36000000000000004, 'learning_rate': 0.001}",ppo,300,64,0.001,,,,,,
Autoencode,filterbank+hag,8,312,2.9743589743589745,-0.47153848,0.10791464130677356,-0.4775235387226165,-0.4634773384773662,1195,"{'decomposition': 'legendre', 'n_filters': 12, 'slowest': 0.015468638100899648, 'input_scaling': 0.8216619713233748, 'bias_dist': 'foldnorm', 'bias_scaling': 0.04249382119350724, 'lr': 0.7520411716638045, 'weight_increment': 0.001395793645992084, 'min_window': 19, 'max_window': 32, 'use_full_instance': True, 'max_partners': 20, 'homeostasis': 'mean', 'target': 0.69, 'spread': 0.36000000000000004, 'learning_rate': 0.001}",ppo,300,64,0.001,,,,,,
Autoencode,filterbank+hag,0,312,3.0224358974358974,-0.45538460000000003,0.11314770019439192,-0.4904785639206006,-0.48903925308641977,1193,"{'decomposition': 'legendre', 'n_filters': 12, 'slowest': 0.015468638100899648, 'input_scaling': 0.8216619713233748, 'bias_dist': 'foldnorm', 'bias_scaling': 0.04249382119350724, 'lr': 0.7520411716638045, 'weight_increment': 0.001395793645992084, 'min_window': 19, 'max_window': 32, 'use_full_instance': True, 'max_partners': 20, 'homeostasis': 'mean', 'target': 0.69, 'spread': 0.36000000000000004, 'learning_rate': 0.003}",ppo,300,64,0.003,,,,,,
Autoencode,filterbank+hag,2,312,3.1378205128205128,-0.45307685999999997,0.08678689398820769,-0.4829903568857349,-0.4790281656378601,1183,"{'decomposition': 'legendre', 'n_filters': 12, 'slowest': 0.015468638100899648, 'input_scaling': 0.8216619713233748, 'bias_dist': 'foldnorm', 'bias_scaling': 0.04249382119350724, 'lr': 0.7520411716638045, 'weight_increment': 0.001395793645992084, 'min_window': 19, 'max_window': 32, 'use_full_instance': True, 'max_partners': 20, 'homeostasis': 'mean', 'target': 0.69, 'spread': 0.36000000000000004, 'learning_rate': 0.003}",ppo,300,64,0.003,,,,,,
Autoencode,filterbank+hag,1,312,3.3108974358974357,-0.48999990000000004,0.12279061655879898,-0.48350461102540365,-0.4736467232510288,1188,"{'decomposition': 'legendre', 'n_filters': 12, 'slowest': 0.015468638100899648, 'input_scaling': 0.8216619713233748, 'bias_dist': 'foldnorm', 'bias_scaling': 0.04249382119350724, 'lr': 0.7520411716638045, 'weight_increment': 0.001395793645992084, 'min_window': 19, 'max_window': 32, 'use_full_instance': True, 'max_partners': 20, 'homeostasis': 'mean', 'target': 0.69, 'spread': 0.36000000000000004, 'learning_rate': 0.003}",ppo,300,64,0.003,,,,,,
Autoencode,filterbank+hag,3,312,3.1121794871794872,-0.46769228000000007,0.09618784991422565,-0.4877332861256813,-0.4911364290123456,1179,"{'decomposition': 'legendre', 'n_filters': 12, 'slowest': 0.015468638100899648, 'input_scaling': 0.8216619713233748, 'bias_dist': 'foldnorm', 'bias_scaling': 0.04249382119350724, 'lr': 0.7520411716638045, 'weight_increment': 0.001395793645992084, 'min_window': 19, 'max_window': 32, 'use_full_instance': True, 'max_partners': 20, 'homeostasis': 'mean', 'target': 0.69, 'spread': 0.36000000000000004, 'learning_rate': 0.003}",ppo,300,64,0.003,,,,,,
Autoencode,filterbank+hag,4,312,2.8653846153846154,-0.49769224000000006,0.08119317629593266,-0.4860600070965751,-0.490384621399177,1178,"{'decomposition': 'legendre', 'n_filters': 12, 'slowest': 0.015468638100899648, 'input_scaling': 0.8216619713233748, 'bias_dist': 'foldnorm', 'bias_scaling': 0.04249382119350724, 'lr': 0.7520411716638045, 'weight_increment': 0.001395793645992084, 'min_window': 19, 'max_window': 32, 'use_full_instance': True, 'max_partners': 20, 'homeostasis': 'mean', 'target': 0.69, 'spread': 0.36000000000000004, 'learning_rate': 0.003}",ppo,300,64,0.003,,,,,,
Autoencode,filterbank+hag,5,312,3.269230769230769,-0.46384610000000004,0.09923086589186854,-0.4878084398848092,-0.4842117592592593,1176,"{'decomposition': 'legendre', 'n_filters': 12, 'slowest': 0.015468638100899648, 'input_scaling': 0.8216619713233748, 'bias_dist': 'foldnorm', 'bias_scaling': 0.04249382119350724, 'lr': 0.7520411716638045, 'weight_increment': 0.001395793645992084, 'min_window': 19, 'max_window': 32, 'use_full_instance': True, 'max_partners': 20, 'homeostasis': 'mean', 'target': 0.69, 'spread': 0.36000000000000004, 'learning_rate': 0.003}",ppo,300,64,0.003,,,,,,
Autoencode,filterbank+hag,7,312,3.1121794871794872,-0.48076929999999996,0.06933765210973039,-0.48446188285508585,-0.47400282716049386,1185,"{'decomposition': 'legendre', 'n_filters': 12, 'slowest': 0.015468638100899648, 'input_scaling': 0.8216619713233748, 'bias_dist': 'foldnorm', 'bias_scaling': 0.04249382119350724, 'lr': 0.7520411716638045, 'weight_increment': 0.001395793645992084, 'min_window': 19, 'max_window': 32, 'use_full_instance': True, 'max_partners': 20, 'homeostasis': 'mean', 'target': 0.69, 'spread': 0.36000000000000004, 'learning_rate': 0.003}",ppo,300,64,0.003,,,,,,
Autoencode,filterbank+hag,6,312,3.6794871794871793,-0.48307692,0.05111785329563048,-0.49168110315746166,-0.4850427181069959,1202,"{'decomposition': 'legendre', 'n_filters': 12, 'slowest': 0.015468638100899648, 'input_scaling': 0.8216619713233748, 'bias_dist': 'foldnorm', 'bias_scaling': 0.04249382119350724, 'lr': 0.7520411716638045, 'weight_increment': 0.001395793645992084, 'min_window': 19, 'max_window': 32, 'use_full_instance': True, 'max_partners': 20, 'homeostasis': 'mean', 'target': 0.69, 'spread': 0.36000000000000004, 'learning_rate': 0.003}",ppo,300,64,0.003,,,,,,
Autoencode,filterbank+hag,8,312,2.9743589743589745,-0.49230766,0.10686503117327202,-0.4935086464054304,-0.48963278806584354,1187,"{'decomposition': 'legendre', 'n_filters': 12, 'slowest': 0.015468638100899648, 'input_scaling': 0.8216619713233748, 'bias_dist': 'foldnorm', 'bias_scaling': 0.04249382119350724, 'lr': 0.7520411716638045, 'weight_increment': 0.001395793645992084, 'min_window': 19, 'max_window': 32, 'use_full_instance': True, 'max_partners': 20, 'homeostasis': 'mean', 'target': 0.69, 'spread': 0.36000000000000004, 'learning_rate': 0.003}",ppo,300,64,0.003,,,,,,
Autoencode,filterbank+hag,9,312,3.1153846153846154,-0.49461531999999997,0.09730394466524778,-0.4827846676951558,-0.4846470277777778,1199,"{'decomposition': 'legendre', 'n_filters': 12, 'slowest': 0.015468638100899648, 'input_scaling': 0.8216619713233748, 'bias_dist': 'foldnorm', 'bias_scaling': 0.04249382119350724, 'lr': 0.7520411716638045, 'weight_increment': 0.001395793645992084, 'min_window': 19, 'max_window': 32, 'use_full_instance': True, 'max_partners': 20, 'homeostasis': 'mean', 'target': 0.69, 'spread': 0.36000000000000004, 'learning_rate': 0.003}",ppo,300,64,0.003,,,,,,
Autoencode,filterbank+hag,0,312,3.0224358974358974,-0.5,0.0,-0.5001542739895094,-0.5,1229,"{'decomposition': 'legendre', 'n_filters': 12, 'slowest': 0.015468638100899648, 'input_scaling': 0.8216619713233748, 'bias_dist': 'foldnorm', 'bias_scaling': 0.04249382119350724, 'lr': 0.7520411716638045, 'weight_increment': 0.001395793645992084, 'min_window': 19, 'max_window': 32, 'use_full_instance': True, 'max_partners': 20, 'homeostasis': 'mean', 'target': 0.69, 'spread': 0.36000000000000004, 'learning_rate': 0.01}",ppo,300,64,0.01,,,,,,
Autoencode,filterbank+hag,1,312,3.3108974358974357,-0.5,0.0,-0.5003797507970791,-0.5,1212,"{'decomposition': 'legendre', 'n_filters': 12, 'slowest': 0.015468638100899648, 'input_scaling': 0.8216619713233748, 'bias_dist': 'foldnorm', 'bias_scaling': 0.04249382119350724, 'lr': 0.7520411716638045, 'weight_increment': 0.001395793645992084, 'min_window': 19, 'max_window': 32, 'use_full_instance': True, 'max_partners': 20, 'homeostasis': 'mean', 'target': 0.69, 'spread': 0.36000000000000004, 'learning_rate': 0.01}",ppo,300,64,0.01,,,,,,
Autoencode,filterbank+hag,2,312,3.1378205128205128,-0.5,0.0,-0.4999960437107888,-0.5,1247,"{'decomposition': 'legendre', 'n_filters': 12, 'slowest': 0.015468638100899648, 'input_scaling': 0.8216619713233748, 'bias_dist': 'foldnorm', 'bias_scaling': 0.04249382119350724, 'lr': 0.7520411716638045, 'weight_increment': 0.001395793645992084, 'min_window': 19, 'max_window': 32, 'use_full_instance': True, 'max_partners': 20, 'homeostasis': 'mean', 'target': 0.69, 'spread': 0.36000000000000004, 'learning_rate': 0.01}",ppo,300,64,0.01,,,,,,
Autoencode,filterbank+hag,3,312,3.1121794871794872,-0.5,0.0,-0.4996756302581508,-0.5,1250,"{'decomposition': 'legendre', 'n_filters': 12, 'slowest': 0.015468638100899648, 'input_scaling': 0.8216619713233748, 'bias_dist': 'foldnorm', 'bias_scaling': 0.04249382119350724, 'lr': 0.7520411716638045, 'weight_increment': 0.001395793645992084, 'min_window': 19, 'max_window': 32, 'use_full_instance': True, 'max_partners': 20, 'homeostasis': 'mean', 'target': 0.69, 'spread': 0.36000000000000004, 'learning_rate': 0.01}",ppo,300,64,0.01,,,,,,
Autoencode,filterbank+hag,4,312,2.8653846153846154,-0.5,0.0,-0.4995490485446879,-0.5,1229,"{'decomposition': 'legendre', 'n_filters': 12, 'slowest': 0.015468638100899648, 'input_scaling': 0.8216619713233748, 'bias_dist': 'foldnorm', 'bias_scaling': 0.04249382119350724, 'lr': 0.7520411716638045, 'weight_increment': 0.001395793645992084, 'min_window': 19, 'max_window': 32, 'use_full_instance': True, 'max_partners': 20, 'homeostasis': 'mean', 'target': 0.69, 'spread': 0.36000000000000004, 'learning_rate': 0.01}",ppo,300,64,0.01,,,,,,
Autoencode,filterbank+hag,5,312,3.269230769230769,-0.5,0.0,-0.5002333876375604,-0.5,1230,"{'decomposition': 'legendre', 'n_filters': 12, 'slowest': 0.015468638100899648, 'input_scaling': 0.8216619713233748, 'bias_dist': 'foldnorm', 'bias_scaling': 0.04249382119350724, 'lr': 0.7520411716638045, 'weight_increment': 0.001395793645992084, 'min_window': 19, 'max_window': 32, 'use_full_instance': True, 'max_partners': 20, 'homeostasis': 'mean', 'target': 0.69, 'spread': 0.36000000000000004, 'learning_rate': 0.01}",ppo,300,64,0.01,,,,,,
Autoencode,filterbank+hag,6,312,3.6794871794871793,-0.5,0.0,-0.500015823305564,-0.5,1230,"{'decomposition': 'legendre', 'n_filters': 12, 'slowest': 0.015468638100899648, 'input_scaling': 0.8216619713233748, 'bias_dist': 'foldnorm', 'bias_scaling': 0.04249382119350724, 'lr': 0.7520411716638045, 'weight_increment': 0.001395793645992084, 'min_window': 19, 'max_window': 32, 'use_full_instance': True, 'max_partners': 20, 'homeostasis': 'mean', 'target': 0.69, 'spread': 0.36000000000000004, 'learning_rate': 0.01}",ppo,300,64,0.01,,,,,,
Autoencode,filterbank+hag,7,312,3.1121794871794872,-0.5,0.0,-0.49977056741746373,-0.5,1207,"{'decomposition': 'legendre', 'n_filters': 12, 'slowest': 0.015468638100899648, 'input_scaling': 0.8216619713233748, 'bias_dist': 'foldnorm', 'bias_scaling': 0.04249382119350724, 'lr': 0.7520411716638045, 'weight_increment': 0.001395793645992084, 'min_window': 19, 'max_window': 32, 'use_full_instance': True, 'max_partners': 20, 'homeostasis': 'mean', 'target': 0.69, 'spread': 0.36000000000000004, 'learning_rate': 0.01}",ppo,300,64,0.01,,,,,,
Autoencode,filterbank+hag,8,312,2.9743589743589745,-0.5,0.0,-0.4999881344235318,-0.5,1215,"{'decomposition': 'legendre', 'n_filters': 12, 'slowest': 0.015468638100899648, 'input_scaling': 0.8216619713233748, 'bias_dist': 'foldnorm', 'bias_scaling': 0.04249382119350724, 'lr': 0.7520411716638045, 'weight_increment': 0.001395793645992084, 'min_window': 19, 'max_window': 32, 'use_full_instance': True, 'max_partners': 20, 'homeostasis': 'mean', 'target': 0.69, 'spread': 0.36000000000000004, 'learning_rate': 0.01}",ppo,300,64,0.01,,,,,,
Autoencode,filterbank+hag,9,312,3.1153846153846154,-0.5,0.0,-0.5002136088655765,-0.5,1222,"{'decomposition': 'legendre', 'n_filters': 12, 'slowest': 0.015468638100899648, 'input_scaling': 0.8216619713233748, 'bias_dist': 'foldnorm', 'bias_scaling': 0.04249382119350724, 'lr': 0.7520411716638045, 'weight_increment': 0.001395793645992084, 'min_window': 19, 'max_window': 32, 'use_full_instance': True, 'max_partners': 20, 'homeostasis': 'mean', 'target': 0.69, 'spread': 0.36000000000000004, 'learning_rate': 0.01}",ppo,300,64,0.01,,,,,,
Autoencode,filterbank+proj,1,312,0.0,-0.4507691,0.06058894991803373,-0.48008683163632626,-0.4621714979423868,1169,"{'decomposition': 'legendre', 'n_filters': 12, 'slowest': 0.015468638100899648, 'input_scaling': 0.8216619713233748, 'bias_dist': 'foldnorm', 'bias_scaling': 0.04249382119350724, 'lr': 0.7520411716638045, 'weight_increment': 0.001395793645992084, 'min_window': 19, 'max_window': 32, 'use_full_instance': True, 'max_partners': 20, 'homeostasis': 'mean', 'target': 0.69, 'spread': 0.36000000000000004, 'learning_rate': 0.0003}",ppo,300,64,0.0003,,,,,,
Autoencode,filterbank+proj,0,312,0.0,-0.46846148,0.08380389820246788,-0.48342944327882337,-0.45920382407407406,1187,"{'decomposition': 'legendre', 'n_filters': 12, 'slowest': 0.015468638100899648, 'input_scaling': 0.8216619713233748, 'bias_dist': 'foldnorm', 'bias_scaling': 0.04249382119350724, 'lr': 0.7520411716638045, 'weight_increment': 0.001395793645992084, 'min_window': 19, 'max_window': 32, 'use_full_instance': True, 'max_partners': 20, 'homeostasis': 'mean', 'target': 0.69, 'spread': 0.36000000000000004, 'learning_rate': 0.0003}",ppo,300,64,0.0003,,,,,,
Autoencode,filterbank+proj,4,312,0.0,-0.44461536,0.12117771777546561,-0.4723731738146662,-0.4564735205761317,1177,"{'decomposition': 'legendre', 'n_filters': 12, 'slowest': 0.015468638100899648, 'input_scaling': 0.8216619713233748, 'bias_dist': 'foldnorm', 'bias_scaling': 0.04249382119350724, 'lr': 0.7520411716638045, 'weight_increment': 0.001395793645992084, 'min_window': 19, 'max_window': 32, 'use_full_instance': True, 'max_partners': 20, 'homeostasis': 'mean', 'target': 0.69, 'spread': 0.36000000000000004, 'learning_rate': 0.0003}",ppo,300,64,0.0003,,,,,,
Autoencode,filterbank+proj,2,312,0.0,-0.44076927999999993,0.10094528618237503,-0.47392382402550653,-0.4575419063786008,1186,"{'decomposition': 'legendre', 'n_filters': 12, 'slowest': 0.015468638100899648, 'input_scaling': 0.8216619713233748, 'bias_dist': 'foldnorm', 'bias_scaling': 0.04249382119350724, 'lr': 0.7520411716638045, 'weight_increment': 0.001395793645992084, 'min_window': 19, 'max_window': 32, 'use_full_instance': True, 'max_partners': 20, 'homeostasis': 'mean', 'target': 0.69, 'spread': 0.36000000000000004, 'learning_rate': 0.0003}",ppo,300,64,0.0003,,,,,,
Autoencode,filterbank+proj,3,312,0.0,-0.46307687999999997,0.084950429068402,-0.47790328324591175,-0.4563548117283951,1184,"{'decomposition': 'legendre', 'n_filters': 12, 'slowest': 0.015468638100899648, 'input_scaling': 0.8216619713233748, 'bias_dist': 'foldnorm', 'bias_scaling': 0.04249382119350724, 'lr': 0.7520411716638045, 'weight_increment': 0.001395793645992084, 'min_window': 19, 'max_window': 32, 'use_full_instance': True, 'max_partners': 20, 'homeostasis': 'mean', 'target': 0.69, 'spread': 0.36000000000000004, 'learning_rate': 0.0003}",ppo,300,64,0.0003,,,,,,
Autoencode,filterbank+proj,7,312,0.0,-0.4453846,0.10935263559384382,-0.47120228036614215,-0.44638329526748965,1169,"{'decomposition': 'legendre', 'n_filters': 12, 'slowest': 0.015468638100899648, 'input_scaling': 0.8216619713233748, 'bias_dist': 'foldnorm', 'bias_scaling': 0.04249382119350724, 'lr': 0.7520411716638045, 'weight_increment': 0.001395793645992084, 'min_window': 19, 'max_window': 32, 'use_full_instance': True, 'max_partners': 20, 'homeostasis': 'mean', 'target': 0.69, 'spread': 0.36000000000000004, 'learning_rate': 0.0003}",ppo,300,64,0.0003,,,,,,
Autoencode,filterbank+proj,8,312,0.0,-0.46538458,0.12991811180602802,-0.4743866468168261,-0.45928296604938273,1172,"{'decomposition': 'legendre', 'n_filters': 12, 'slowest': 0.015468638100899648, 'input_scaling': 0.8216619713233748, 'bias_dist': 'foldnorm', 'bias_scaling': 0.04249382119350724, 'lr': 0.7520411716638045, 'weight_increment': 0.001395793645992084, 'min_window': 19, 'max_window': 32, 'use_full_instance': True, 'max_partners': 20, 'homeostasis': 'mean', 'target': 0.69, 'spread': 0.36000000000000004, 'learning_rate': 0.0003}",ppo,300,64,0.0003,,,,,,
Autoencode,filterbank+proj,5,312,0.0,-0.44076914,0.10664604628508458,-0.46659781651753574,-0.4376384722222223,1193,"{'decomposition': 'legendre', 'n_filters': 12, 'slowest': 0.015468638100899648, 'input_scaling': 0.8216619713233748, 'bias_dist': 'foldnorm', 'bias_scaling': 0.04249382119350724, 'lr': 0.7520411716638045, 'weight_increment': 0.001395793645992084, 'min_window': 19, 'max_window': 32, 'use_full_instance': True, 'max_partners': 20, 'homeostasis': 'mean', 'target': 0.69, 'spread': 0.36000000000000004, 'learning_rate': 0.0003}",ppo,300,64,0.0003,,,,,,
Autoencode,filterbank+proj,6,312,0.0,-0.44769224,0.07721486210738449,-0.4760282624704309,-0.466247183127572,1187,"{'decomposition': 'legendre', 'n_filters': 12, 'slowest': 0.015468638100899648, 'input_scaling': 0.8216619713233748, 'bias_dist': 'foldnorm', 'bias_scaling': 0.04249382119350724, 'lr': 0.7520411716638045, 'weight_increment': 0.001395793645992084, 'min_window': 19, 'max_window': 32, 'use_full_instance': True, 'max_partners': 20, 'homeostasis': 'mean', 'target': 0.69, 'spread': 0.36000000000000004, 'learning_rate': 0.0003}",ppo,300,64,0.0003,,,,,,
Autoencode,filterbank+proj,9,312,0.0,-0.45999994,0.1211288938606161,-0.4758423534917206,-0.4579771800411523,1187,"{'decomposition': 'legendre', 'n_filters': 12, 'slowest': 0.015468638100899648, 'input_scaling': 0.8216619713233748, 'bias_dist': 'foldnorm', 'bias_scaling': 0.04249382119350724, 'lr': 0.7520411716638045, 'weight_increment': 0.001395793645992084, 'min_window': 19, 'max_window': 32, 'use_full_instance': True, 'max_partners': 20, 'homeostasis': 'mean', 'target': 0.69, 'spread': 0.36000000000000004, 'learning_rate': 0.0003}",ppo,300,64,0.0003,,,,,,
Autoencode,filterbank+proj,0,312,0.0,-0.41153833999999995,0.09077241930555997,-0.47374186269669855,-0.45030069341563783,1189,"{'decomposition': 'legendre', 'n_filters': 12, 'slowest': 0.015468638100899648, 'input_scaling': 0.8216619713233748, 'bias_dist': 'foldnorm', 'bias_scaling': 0.04249382119350724, 'lr': 0.7520411716638045, 'weight_increment': 0.001395793645992084, 'min_window': 19, 'max_window': 32, 'use_full_instance': True, 'max_partners': 20, 'homeostasis': 'mean', 'target': 0.69, 'spread': 0.36000000000000004, 'learning_rate': 0.001}",ppo,300,64,0.001,,,,,,
Autoencode,filterbank+proj,1,312,0.0,-0.44923064,0.09804007761640339,-0.47471892965134216,-0.4489157520576132,1178,"{'decomposition': 'legendre', 'n_filters': 12, 'slowest': 0.015468638100899648, 'input_scaling': 0.8216619713233748, 'bias_dist': 'foldnorm', 'bias_scaling': 0.04249382119350724, 'lr': 0.7520411716638045, 'weight_increment': 0.001395793645992084, 'min_window': 19, 'max_window': 32, 'use_full_instance': True, 'max_partners': 20, 'homeostasis': 'mean', 'target': 0.69, 'spread': 0.36000000000000004, 'learning_rate': 0.001}",ppo,300,64,0.001,,,,,,
Autoencode,filterbank+proj,2,312,0.0,-0.43384614,0.11513825109997285,-0.4765504284685796,-0.4542180679012346,1183,"{'decomposition': 'legendre', 'n_filters': 12, 'slowest': 0.015468638100899648, 'input_scaling': 0.8216619713233748, 'bias_dist': 'foldnorm', 'bias_scaling': 0.04249382119350724, 'lr': 0.7520411716638045, 'weight_increment': 0.001395793645992084, 'min_window': 19, 'max_window': 32, 'use_full_instance': True, 'max_partners': 20, 'homeostasis': 'mean', 'target': 0.69, 'spread': 0.36000000000000004, 'learning_rate': 0.001}",ppo,300,64,0.001,,,,,,
Autoencode,filterbank+proj,3,312,0.0,-0.43769221999999997,0.12730484945033163,-0.4727212782063149,-0.4515669156378601,1182,"{'decomposition': 'legendre', 'n_filters': 12, 'slowest': 0.015468638100899648, 'input_scaling': 0.8216619713233748, 'bias_dist': 'foldnorm', 'bias_scaling': 0.04249382119350724, 'lr': 0.7520411716638045, 'weight_increment': 0.001395793645992084, 'min_window': 19, 'max_window': 32, 'use_full_instance': True, 'max_partners': 20, 'homeostasis': 'mean', 'target': 0.69, 'spread': 0.36000000000000004, 'learning_rate': 0.001}",ppo,300,64,0.001,,,,,,
Autoencode,filterbank+proj,4,312,0.0,-0.42999998,0.14177451317038473,-0.46909784130412424,-0.4401313323045268,1172,"{'decomposition': 'legendre', 'n_filters': 12, 'slowest': 0.015468638100899648, 'input_scaling': 0.8216619713233748, 'bias_dist': 'foldnorm', 'bias_scaling': 0.04249382119350724, 'lr': 0.7520411716638045, 'weight_increment': 0.001395793645992084, 'min_window': 19, 'max_window': 32, 'use_full_instance': True, 'max_partners': 20, 'homeostasis': 'mean', 'target': 0.69, 'spread': 0.36000000000000004, 'learning_rate': 0.001}",ppo,300,64,0.001,,,,,,
Autoencode,filterbank+proj,5,312,0.0,-0.44307685999999996,0.09584267886093542,-0.4726935940553326,-0.4536640936213992,1161,"{'decomposition': 'legendre', 'n_filters': 12, 'slowest': 0.015468638100899648, 'input_scaling': 0.8216619713233748, 'bias_dist': 'foldnorm', 'bias_scaling': 0.04249382119350724, 'lr': 0.7520411716638045, 'weight_increment': 0.001395793645992084, 'min_window': 19, 'max_window': 32, 'use_full_instance': True, 'max_partners': 20, 'homeostasis': 'mean', 'target': 0.69, 'spread': 0.36000000000000004, 'learning_rate': 0.001}",ppo,300,64,0.001,,,,,,
Autoencode,filterbank+proj,7,312,0.0,-0.45076912,0.09167741737693966,-0.46831460464877095,-0.43407718209876545,1177,"{'decomposition': 'legendre', 'n_filters': 12, 'slowest': 0.015468638100899648, 'input_scaling': 0.8216619713233748, 'bias_dist': 'foldnorm', 'bias_scaling': 0.04249382119350724, 'lr': 0.7520411716638045, 'weight_increment': 0.001395793645992084, 'min_window': 19, 'max_window': 32, 'use_full_instance': True, 'max_partners': 20, 'homeostasis': 'mean', 'target': 0.69, 'spread': 0.36000000000000004, 'learning_rate': 0.001}",ppo,300,64,0.001,,,,,,
Autoencode,filterbank+proj,9,312,0.0,-0.43461528,0.10776105245459323,-0.4727291911961329,-0.45718578395061726,1168,"{'decomposition': 'legendre', 'n_filters': 12, 'slowest': 0.015468638100899648, 'input_scaling': 0.8216619713233748, 'bias_dist': 'foldnorm', 'bias_scaling': 0.04249382119350724, 'lr': 0.7520411716638045, 'weight_increment': 0.001395793645992084, 'min_window': 19, 'max_window': 32, 'use_full_instance': True, 'max_partners': 20, 'homeostasis': 'mean', 'target': 0.69, 'spread': 0.36000000000000004, 'learning_rate': 0.001}",ppo,300,64,0.001,,,,,,
Autoencode,filterbank+proj,6,312,0.0,-0.45076928000000005,0.1166697944717552,-0.4720171650725085,-0.45188348251028804,1182,"{'decomposition': 'legendre', 'n_filters': 12, 'slowest': 0.015468638100899648, 'input_scaling': 0.8216619713233748, 'bias_dist': 'foldnorm', 'bias_scaling': 0.04249382119350724, 'lr': 0.7520411716638045, 'weight_increment': 0.001395793645992084, 'min_window': 19, 'max_window': 32, 'use_full_instance': True, 'max_partners': 20, 'homeostasis': 'mean', 'target': 0.69, 'spread': 0.36000000000000004, 'learning_rate': 0.001}",ppo,300,64,0.001,,,,,,
Autoencode,filterbank+proj,0,312,0.0,-0.4615384199999999,0.11461287658620038,-0.47618650673660395,-0.4704020133744856,1169,"{'decomposition': 'legendre', 'n_filters': 12, 'slowest': 0.015468638100899648, 'input_scaling': 0.8216619713233748, 'bias_dist': 'foldnorm', 'bias_scaling': 0.04249382119350724, 'lr': 0.7520411716638045, 'weight_increment': 0.001395793645992084, 'min_window': 19, 'max_window': 32, 'use_full_instance': True, 'max_partners': 20, 'homeostasis': 'mean', 'target': 0.69, 'spread': 0.36000000000000004, 'learning_rate': 0.003}",ppo,300,64,0.003,,,,,,
Autoencode,filterbank+proj,1,312,0.0,-0.4515384,0.11456383073954884,-0.4688486252185539,-0.45524687345679016,1172,"{'decomposition': 'legendre', 'n_filters': 12, 'slowest': 0.015468638100899648, 'input_scaling': 0.8216619713233748, 'bias_dist': 'foldnorm', 'bias_scaling': 0.04249382119350724, 'lr': 0.7520411716638045, 'weight_increment': 0.001395793645992084, 'min_window': 19, 'max_window': 32, 'use_full_instance': True, 'max_partners': 20, 'homeostasis': 'mean', 'target': 0.69, 'spread': 0.36000000000000004, 'learning_rate': 0.003}",ppo,300,64,0.003,,,,,,
Autoencode,filterbank+proj,8,312,0.0,-0.46538458000000005,0.09584577558934769,-0.4764278073639823,-0.45394109465020577,1216,"{'decomposition': 'legendre', 'n_filters': 12, 'slowest': 0.015468638100899648, 'input_scaling': 0.8216619713233748, 'bias_dist': 'foldnorm', 'bias_scaling': 0.04249382119350724, 'lr': 0.7520411716638045, 'weight_increment': 0.001395793645992084, 'min_window': 19, 'max_window': 32, 'use_full_instance': True, 'max_partners': 20, 'homeostasis': 'mean', 'target': 0.69, 'spread': 0.36000000000000004, 'learning_rate': 0.001}",ppo,300,64,0.001,,,,,,
Autoencode,filterbank+proj,2,312,0.0,-0.44615379999999993,0.08391329704069551,-0.469655590044225,-0.4650205277777778,1175,"{'decomposition': 'legendre', 'n_filters': 12, 'slowest': 0.015468638100899648, 'input_scaling': 0.8216619713233748, 'bias_dist': 'foldnorm', 'bias_scaling': 0.04249382119350724, 'lr': 0.7520411716638045, 'weight_increment': 0.001395793645992084, 'min_window': 19, 'max_window': 32, 'use_full_instance': True, 'max_partners': 20, 'homeostasis': 'mean', 'target': 0.69, 'spread': 0.36000000000000004, 'learning_rate': 0.003}",ppo,300,64,0.003,,,,,,
Autoencode,filterbank+proj,3,312,0.0,-0.46076917999999994,0.0983564417114995,-0.47074341705235,-0.4664846347736626,1166,"{'decomposition': 'legendre', 'n_filters': 12, 'slowest': 0.015468638100899648, 'input_scaling': 0.8216619713233748, 'bias_dist': 'foldnorm', 'bias_scaling': 0.04249382119350724, 'lr': 0.7520411716638045, 'weight_increment': 0.001395793645992084, 'min_window': 19, 'max_window': 32, 'use_full_instance': True, 'max_partners': 20, 'homeostasis': 'mean', 'target': 0.69, 'spread': 0.36000000000000004, 'learning_rate': 0.003}",ppo,300,64,0.003,,,,,,
Autoencode,filterbank+proj,4,312,0.0,-0.45999996000000004,0.11012645177230763,-0.47409787874112924,-0.45358496502057616,1182,"{'decomposition': 'legendre', 'n_filters': 12, 'slowest': 0.015468638100899648, 'input_scaling': 0.8216619713233748, 'bias_dist': 'foldnorm', 'bias_scaling': 0.04249382119350724, 'lr': 0.7520411716638045, 'weight_increment': 0.001395793645992084, 'min_window': 19, 'max_window': 32, 'use_full_instance': True, 'max_partners': 20, 'homeostasis': 'mean', 'target': 0.69, 'spread': 0.36000000000000004, 'learning_rate': 0.003}",ppo,300,64,0.003,,,,,,
Autoencode,filterbank+proj,5,312,0.0,-0.44461532,0.11745842297058819,-0.4673177592306901,-0.44895534259259257,1193,"{'decomposition': 'legendre', 'n_filters': 12, 'slowest': 0.015468638100899648, 'input_scaling': 0.8216619713233748, 'bias_dist': 'foldnorm', 'bias_scaling': 0.04249382119350724, 'lr': 0.7520411716638045, 'weight_increment': 0.001395793645992084, 'min_window': 19, 'max_window': 32, 'use_full_instance': True, 'max_partners': 20, 'homeostasis': 'mean', 'target': 0.69, 'spread': 0.36000000000000004, 'learning_rate': 0.003}",ppo,300,64,0.003,,,,,,
Autoencode,filterbank+esn,0,312,4.237179487179487,-0.45999998,0.08460149360158838,-0.4929469372621618,-0.4893953775720165,987,"{'decomposition': 'legendre', 'n_filters': 12, 'slowest': 0.006397371281320229, 'input_scaling': 0.550142611755141, 'bias_dist': 'foldnorm', 'bias_scaling': 0.07438842372152364, 'lr': 0.6575600610814601, 'sr': 0.8663422541011234, 'rc_connectivity': 0.013579746643157644, 'learning_rate': 0.0003}",ppo,300,linear,0.0003,,,,,,
Autoencode,filterbank+esn,1,312,4.237179487179487,-0.51692314,0.10718571670311489,-0.48931162295587777,-0.4800965318930041,990,"{'decomposition': 'legendre', 'n_filters': 12, 'slowest': 0.006397371281320229, 'input_scaling': 0.550142611755141, 'bias_dist': 'foldnorm', 'bias_scaling': 0.07438842372152364, 'lr': 0.6575600610814601, 'sr': 0.8663422541011234, 'rc_connectivity': 0.013579746643157644, 'learning_rate': 0.0003}",ppo,300,linear,0.0003,,,,,,
Autoencode,filterbank+esn,5,312,4.237179487179487,-0.5053846200000001,0.09730405866188521,-0.4858068371901676,-0.4757438765432099,982,"{'decomposition': 'legendre', 'n_filters': 12, 'slowest': 0.006397371281320229, 'input_scaling': 0.550142611755141, 'bias_dist': 'foldnorm', 'bias_scaling': 0.07438842372152364, 'lr': 0.6575600610814601, 'sr': 0.8663422541011234, 'rc_connectivity': 0.013579746643157644, 'learning_rate': 0.0003}",ppo,300,linear,0.0003,,,,,,
Autoencode,filterbank+esn,2,312,4.237179487179487,-0.47538452,0.0712360442644705,-0.4917048335904556,-0.4843304516460906,999,"{'decomposition': 'legendre', 'n_filters': 12, 'slowest': 0.006397371281320229, 'input_scaling': 0.550142611755141, 'bias_dist': 'foldnorm', 'bias_scaling': 0.07438842372152364, 'lr': 0.6575600610814601, 'sr': 0.8663422541011234, 'rc_connectivity': 0.013579746643157644, 'learning_rate': 0.0003}",ppo,300,linear,0.0003,,,,,,
Autoencode,filterbank+esn,3,312,4.237179487179487,-0.47076927999999996,0.09469983243280633,-0.48895955569268734,-0.482866396090535,997,"{'decomposition': 'legendre', 'n_filters': 12, 'slowest': 0.006397371281320229, 'input_scaling': 0.550142611755141, 'bias_dist': 'foldnorm', 'bias_scaling': 0.07438842372152364, 'lr': 0.6575600610814601, 'sr': 0.8663422541011234, 'rc_connectivity': 0.013579746643157644, 'learning_rate': 0.0003}",ppo,300,linear,0.0003,,,,,,
Autoencode,filterbank+esn,6,312,4.237179487179487,-0.45230761999999997,0.09532267140064633,-0.48851255877815486,-0.48338080041152265,983,"{'decomposition': 'legendre', 'n_filters': 12, 'slowest': 0.006397371281320229, 'input_scaling': 0.550142611755141, 'bias_dist': 'foldnorm', 'bias_scaling': 0.07438842372152364, 'lr': 0.6575600610814601, 'sr': 0.8663422541011234, 'rc_connectivity': 0.013579746643157644, 'learning_rate': 0.0003}",ppo,300,linear,0.0003,,,,,,
Autoencode,filterbank+esn,4,312,4.237179487179487,-0.48153841999999997,0.061653933049267834,-0.49185119459014703,-0.48373691563786014,998,"{'decomposition': 'legendre', 'n_filters': 12, 'slowest': 0.006397371281320229, 'input_scaling': 0.550142611755141, 'bias_dist': 'foldnorm', 'bias_scaling': 0.07438842372152364, 'lr': 0.6575600610814601, 'sr': 0.8663422541011234, 'rc_connectivity': 0.013579746643157644, 'learning_rate': 0.0003}",ppo,300,linear,0.0003,,,,,,
Autoencode,filterbank+esn,7,312,4.237179487179487,-0.48384622,0.11069715179466723,-0.4860441816311838,-0.4672760082304527,990,"{'decomposition': 'legendre', 'n_filters': 12, 'slowest': 0.006397371281320229, 'input_scaling': 0.550142611755141, 'bias_dist': 'foldnorm', 'bias_scaling': 0.07438842372152364, 'lr': 0.6575600610814601, 'sr': 0.8663422541011234, 'rc_connectivity': 0.013579746643157644, 'learning_rate': 0.0003}",ppo,300,linear,0.0003,,,,,,
Autoencode,filterbank+esn,8,312,4.237179487179487,-0.4861538,0.05426224422192654,-0.4936154465699887,-0.4847657366255144,987,"{'decomposition': 'legendre', 'n_filters': 12, 'slowest': 0.006397371281320229, 'input_scaling': 0.550142611755141, 'bias_dist': 'foldnorm', 'bias_scaling': 0.07438842372152364, 'lr': 0.6575600610814601, 'sr': 0.8663422541011234, 'rc_connectivity': 0.013579746643157644, 'learning_rate': 0.0003}",ppo,300,linear,0.0003,,,,,,
Autoencode,filterbank+esn,9,312,4.237179487179487,-0.44692304000000005,0.10487807848563206,-0.48202119777846336,-0.46834438168724285,993,"{'decomposition': 'legendre', 'n_filters': 12, 'slowest': 0.006397371281320229, 'input_scaling': 0.550142611755141, 'bias_dist': 'foldnorm', 'bias_scaling': 0.07438842372152364, 'lr': 0.6575600610814601, 'sr': 0.8663422541011234, 'rc_connectivity': 0.013579746643157644, 'learning_rate': 0.0003}",ppo,300,linear,0.0003,,,,,,
Autoencode,filterbank+esn,0,312,4.237179487179487,-0.48923078,0.11767981631074888,-0.4791256135966265,-0.46517881995884774,987,"{'decomposition': 'legendre', 'n_filters': 12, 'slowest': 0.006397371281320229, 'input_scaling': 0.550142611755141, 'bias_dist': 'foldnorm', 'bias_scaling': 0.07438842372152364, 'lr': 0.6575600610814601, 'sr': 0.8663422541011234, 'rc_connectivity': 0.013579746643157644, 'learning_rate': 0.001}",ppo,300,linear,0.001,,,,,,
Autoencode,filterbank+proj,7,312,0.0,-0.44769222,0.09722796032999766,-0.47530437910110046,-0.4655745329218107,1171,"{'decomposition': 'legendre', 'n_filters': 12, 'slowest': 0.015468638100899648, 'input_scaling': 0.8216619713233748, 'bias_dist': 'foldnorm', 'bias_scaling': 0.04249382119350724, 'lr': 0.7520411716638045, 'weight_increment': 0.001395793645992084, 'min_window': 19, 'max_window': 32, 'use_full_instance': True, 'max_partners': 20, 'homeostasis': 'mean', 'target': 0.69, 'spread': 0.36000000000000004, 'learning_rate': 0.003}",ppo,300,64,0.003,,,,,,
Autoencode,filterbank+proj,6,312,0.0,-0.48000002,0.11873101854435343,-0.4717402620590353,-0.4541389290123457,1188,"{'decomposition': 'legendre', 'n_filters': 12, 'slowest': 0.015468638100899648, 'input_scaling': 0.8216619713233748, 'bias_dist': 'foldnorm', 'bias_scaling': 0.04249382119350724, 'lr': 0.7520411716638045, 'weight_increment': 0.001395793645992084, 'min_window': 19, 'max_window': 32, 'use_full_instance': True, 'max_partners': 20, 'homeostasis': 'mean', 'target': 0.69, 'spread': 0.36000000000000004, 'learning_rate': 0.003}",ppo,300,64,0.003,,,,,,
Autoencode,filterbank+proj,8,312,0.0,-0.46538458,0.10298803015478837,-0.47489693931914023,-0.46316078497942387,1174,"{'decomposition': 'legendre', 'n_filters': 12, 'slowest': 0.015468638100899648, 'input_scaling': 0.8216619713233748, 'bias_dist': 'foldnorm', 'bias_scaling': 0.04249382119350724, 'lr': 0.7520411716638045, 'weight_increment': 0.001395793645992084, 'min_window': 19, 'max_window': 32, 'use_full_instance': True, 'max_partners': 20, 'homeostasis': 'mean', 'target': 0.69, 'spread': 0.36000000000000004, 'learning_rate': 0.003}",ppo,300,64,0.003,,,,,,
Autoencode,filterbank+esn,1,312,4.237179487179487,-0.49076921999999995,0.08823057764092672,-0.48479021978813125,-0.4747546553497943,1007,"{'decomposition': 'legendre', 'n_filters': 12, 'slowest': 0.006397371281320229, 'input_scaling': 0.550142611755141, 'bias_dist': 'foldnorm', 'bias_scaling': 0.07438842372152364, 'lr': 0.6575600610814601, 'sr': 0.8663422541011234, 'rc_connectivity': 0.013579746643157644, 'learning_rate': 0.001}",ppo,300,linear,0.001,,,,,,
Autoencode,filterbank+proj,9,312,0.0,-0.47307694000000006,0.12241419779819822,-0.47292698601254757,-0.4629629290123457,1185,"{'decomposition': 'legendre', 'n_filters': 12, 'slowest': 0.015468638100899648, 'input_scaling': 0.8216619713233748, 'bias_dist': 'foldnorm', 'bias_scaling': 0.04249382119350724, 'lr': 0.7520411716638045, 'weight_increment': 0.001395793645992084, 'min_window': 19, 'max_window': 32, 'use_full_instance': True, 'max_partners': 20, 'homeostasis': 'mean', 'target': 0.69, 'spread': 0.36000000000000004, 'learning_rate': 0.003}",ppo,300,64,0.003,,,,,,
Autoencode,filterbank+esn,2,312,4.237179487179487,-0.46076914,0.0786310761254124,-0.46990479687339304,-0.4462645905349794,997,"{'decomposition': 'legendre', 'n_filters': 12, 'slowest': 0.006397371281320229, 'input_scaling': 0.550142611755141, 'bias_dist': 'foldnorm', 'bias_scaling': 0.07438842372152364, 'lr': 0.6575600610814601, 'sr': 0.8663422541011234, 'rc_connectivity': 0.013579746643157644, 'learning_rate': 0.001}",ppo,300,linear,0.001,,,,,,
Autoencode,filterbank+proj,0,312,0.0,-0.5,0.0,-0.5001542729610203,-0.5,1185,"{'decomposition': 'legendre', 'n_filters': 12, 'slowest': 0.015468638100899648, 'input_scaling': 0.8216619713233748, 'bias_dist': 'foldnorm', 'bias_scaling': 0.04249382119350724, 'lr': 0.7520411716638045, 'weight_increment': 0.001395793645992084, 'min_window': 19, 'max_window': 32, 'use_full_instance': True, 'max_partners': 20, 'homeostasis': 'mean', 'target': 0.69, 'spread': 0.36000000000000004, 'learning_rate': 0.01}",ppo,300,64,0.01,,,,,,
Autoencode,filterbank+esn,3,312,4.237179487179487,-0.4761537800000001,0.10766213826899222,-0.4775630929754191,-0.46185497942386833,1001,"{'decomposition': 'legendre', 'n_filters': 12, 'slowest': 0.006397371281320229, 'input_scaling': 0.550142611755141, 'bias_dist': 'foldnorm', 'bias_scaling': 0.07438842372152364, 'lr': 0.6575600610814601, 'sr': 0.8663422541011234, 'rc_connectivity': 0.013579746643157644, 'learning_rate': 0.001}",ppo,300,linear,0.001,,,,,,
Autoencode,filterbank+proj,4,312,0.0,-0.5,0.0,-0.5002373440296205,-0.5,1178,"{'decomposition': 'legendre', 'n_filters': 12, 'slowest': 0.015468638100899648, 'input_scaling': 0.8216619713233748, 'bias_dist': 'foldnorm', 'bias_scaling': 0.04249382119350724, 'lr': 0.7520411716638045, 'weight_increment': 0.001395793645992084, 'min_window': 19, 'max_window': 32, 'use_full_instance': True, 'max_partners': 20, 'homeostasis': 'mean', 'target': 0.69, 'spread': 0.36000000000000004, 'learning_rate': 0.01}",ppo,300,64,0.01,,,,,,
Autoencode,filterbank+esn,4,312,4.237179487179487,-0.47307688,0.09397542383041217,-0.4917285613493777,-0.48710034053497947,980,"{'decomposition': 'legendre', 'n_filters': 12, 'slowest': 0.006397371281320229, 'input_scaling': 0.550142611755141, 'bias_dist': 'foldnorm', 'bias_scaling': 0.07438842372152364, 'lr': 0.6575600610814601, 'sr': 0.8663422541011234, 'rc_connectivity': 0.013579746643157644, 'learning_rate': 0.001}",ppo,300,linear,0.001,,,,,,
Autoencode,filterbank+proj,2,312,0.0,-0.5,0.0,-0.4998734168466523,-0.5,1190,"{'decomposition': 'legendre', 'n_filters': 12, 'slowest': 0.015468638100899648, 'input_scaling': 0.8216619713233748, 'bias_dist': 'foldnorm', 'bias_scaling': 0.04249382119350724, 'lr': 0.7520411716638045, 'weight_increment': 0.001395793645992084, 'min_window': 19, 'max_window': 32, 'use_full_instance': True, 'max_partners': 20, 'homeostasis': 'mean', 'target': 0.69, 'spread': 0.36000000000000004, 'learning_rate': 0.01}",ppo,300,64,0.01,,,,,,
Autoencode,filterbank+esn,5,312,4.237179487179487,-0.45153846000000003,0.08419838347598128,-0.47533206818883067,-0.45413893724279836,988,"{'decomposition': 'legendre', 'n_filters': 12, 'slowest': 0.006397371281320229, 'input_scaling': 0.550142611755141, 'bias_dist': 'foldnorm', 'bias_scaling': 0.07438842372152364, 'lr': 0.6575600610814601, 'sr': 0.8663422541011234, 'rc_connectivity': 0.013579746643157644, 'learning_rate': 0.001}",ppo,300,linear,0.001,,,,,,
Autoencode,filterbank+proj,1,312,0.0,-0.5,0.0,-0.4997349656484624,-0.5,1224,"{'decomposition': 'legendre', 'n_filters': 12, 'slowest': 0.015468638100899648, 'input_scaling': 0.8216619713233748, 'bias_dist': 'foldnorm', 'bias_scaling': 0.04249382119350724, 'lr': 0.7520411716638045, 'weight_increment': 0.001395793645992084, 'min_window': 19, 'max_window': 32, 'use_full_instance': True, 'max_partners': 20, 'homeostasis': 'mean', 'target': 0.69, 'spread': 0.36000000000000004, 'learning_rate': 0.01}",ppo,300,64,0.01,,,,,,
Autoencode,filterbank+proj,8,312,0.0,-0.5,0.0,-0.5001186722205081,-0.5,1192,"{'decomposition': 'legendre', 'n_filters': 12, 'slowest': 0.015468638100899648, 'input_scaling': 0.8216619713233748, 'bias_dist': 'foldnorm', 'bias_scaling': 0.04249382119350724, 'lr': 0.7520411716638045, 'weight_increment': 0.001395793645992084, 'min_window': 19, 'max_window': 32, 'use_full_instance': True, 'max_partners': 20, 'homeostasis': 'mean', 'target': 0.69, 'spread': 0.36000000000000004, 'learning_rate': 0.01}",ppo,300,64,0.01,,,,,,
Autoencode,filterbank+proj,3,312,0.0,-0.5,0.0,-0.49956486825054,-0.5,1218,"{'decomposition': 'legendre', 'n_filters': 12, 'slowest': 0.015468638100899648, 'input_scaling': 0.8216619713233748, 'bias_dist': 'foldnorm', 'bias_scaling': 0.04249382119350724, 'lr': 0.7520411716638045, 'weight_increment': 0.001395793645992084, 'min_window': 19, 'max_window': 32, 'use_full_instance': True, 'max_partners': 20, 'homeostasis': 'mean', 'target': 0.69, 'spread': 0.36000000000000004, 'learning_rate': 0.01}",ppo,300,64,0.01,,,,,,
Autoencode,filterbank+proj,9,312,0.0,-0.5,0.0,-0.4996518932428263,-0.5,1194,"{'decomposition': 'legendre', 'n_filters': 12, 'slowest': 0.015468638100899648, 'input_scaling': 0.8216619713233748, 'bias_dist': 'foldnorm', 'bias_scaling': 0.04249382119350724, 'lr': 0.7520411716638045, 'weight_increment': 0.001395793645992084, 'min_window': 19, 'max_window': 32, 'use_full_instance': True, 'max_partners': 20, 'homeostasis': 'mean', 'target': 0.69, 'spread': 0.36000000000000004, 'learning_rate': 0.01}",ppo,300,64,0.01,,,,,,
Autoencode,filterbank+proj,6,312,0.0,-0.5,0.0,-0.5001661409030135,-0.5,1219,"{'decomposition': 'legendre', 'n_filters': 12, 'slowest': 0.015468638100899648, 'input_scaling': 0.8216619713233748, 'bias_dist': 'foldnorm', 'bias_scaling': 0.04249382119350724, 'lr': 0.7520411716638045, 'weight_increment': 0.001395793645992084, 'min_window': 19, 'max_window': 32, 'use_full_instance': True, 'max_partners': 20, 'homeostasis': 'mean', 'target': 0.69, 'spread': 0.36000000000000004, 'learning_rate': 0.01}",ppo,300,64,0.01,,,,,,
Autoencode,filterbank+proj,5,312,0.0,-0.5,0.0,-0.49979034660084337,-0.5,1230,"{'decomposition': 'legendre', 'n_filters': 12, 'slowest': 0.015468638100899648, 'input_scaling': 0.8216619713233748, 'bias_dist': 'foldnorm', 'bias_scaling': 0.04249382119350724, 'lr': 0.7520411716638045, 'weight_increment': 0.001395793645992084, 'min_window': 19, 'max_window': 32, 'use_full_instance': True, 'max_partners': 20, 'homeostasis': 'mean', 'target': 0.69, 'spread': 0.36000000000000004, 'learning_rate': 0.01}",ppo,300,64,0.01,,,,,,
Autoencode,filterbank+proj,7,312,0.0,-0.5,0.0,-0.5014636230587267,-0.5,1235,"{'decomposition': 'legendre', 'n_filters': 12, 'slowest': 0.015468638100899648, 'input_scaling': 0.8216619713233748, 'bias_dist': 'foldnorm', 'bias_scaling': 0.04249382119350724, 'lr': 0.7520411716638045, 'weight_increment': 0.001395793645992084, 'min_window': 19, 'max_window': 32, 'use_full_instance': True, 'max_partners': 20, 'homeostasis': 'mean', 'target': 0.69, 'spread': 0.36000000000000004, 'learning_rate': 0.01}",ppo,300,64,0.01,,,,,,
Autoencode,filterbank+esn,6,312,4.237179487179487,-0.46076915999999996,0.10504729229739526,-0.4750353895916899,-0.46383346707818934,1001,"{'decomposition': 'legendre', 'n_filters': 12, 'slowest': 0.006397371281320229, 'input_scaling': 0.550142611755141, 'bias_dist': 'foldnorm', 'bias_scaling': 0.07438842372152364, 'lr': 0.6575600610814601, 'sr': 0.8663422541011234, 'rc_connectivity': 0.013579746643157644, 'learning_rate': 0.001}",ppo,300,linear,0.001,,,,,,
Autoencode,filterbank+esn,7,312,4.237179487179487,-0.45230772,0.1110893277329627,-0.4690028964311427,-0.4520021759259259,998,"{'decomposition': 'legendre', 'n_filters': 12, 'slowest': 0.006397371281320229, 'input_scaling': 0.550142611755141, 'bias_dist': 'foldnorm', 'bias_scaling': 0.07438842372152364, 'lr': 0.6575600610814601, 'sr': 0.8663422541011234, 'rc_connectivity': 0.013579746643157644, 'learning_rate': 0.001}",ppo,300,linear,0.001,,,,,,
Autoencode,filterbank+esn,8,312,4.237179487179487,-0.46538458,0.09948099000755671,-0.47804965473619254,-0.46533711008230455,993,"{'decomposition': 'legendre', 'n_filters': 12, 'slowest': 0.006397371281320229, 'input_scaling': 0.550142611755141, 'bias_dist': 'foldnorm', 'bias_scaling': 0.07438842372152364, 'lr': 0.6575600610814601, 'sr': 0.8663422541011234, 'rc_connectivity': 0.013579746643157644, 'learning_rate': 0.001}",ppo,300,linear,0.001,,,,,,
Autoencode,filterbank+esn,9,312,4.237179487179487,-0.4592307400000001,0.09371053053863476,-0.4807237187082176,-0.4685026491769547,987,"{'decomposition': 'legendre', 'n_filters': 12, 'slowest': 0.006397371281320229, 'input_scaling': 0.550142611755141, 'bias_dist': 'foldnorm', 'bias_scaling': 0.07438842372152364, 'lr': 0.6575600610814601, 'sr': 0.8663422541011234, 'rc_connectivity': 0.013579746643157644, 'learning_rate': 0.001}",ppo,300,linear,0.001,,,,,,
Autoencode,filterbank+esn,0,312,4.237179487179487,-0.46384609999999993,0.09339435261668662,-0.47037948997223084,-0.4554051532921811,991,"{'decomposition': 'legendre', 'n_filters': 12, 'slowest': 0.006397371281320229, 'input_scaling': 0.550142611755141, 'bias_dist': 'foldnorm', 'bias_scaling': 0.07438842372152364, 'lr': 0.6575600610814601, 'sr': 0.8663422541011234, 'rc_connectivity': 0.013579746643157644, 'learning_rate': 0.003}",ppo,300,linear,0.003,,,,,,
Autoencode,filterbank+esn,1,312,4.237179487179487,-0.43384608,0.09516107829041029,-0.47042695361513936,-0.4624089681069959,986,"{'decomposition': 'legendre', 'n_filters': 12, 'slowest': 0.006397371281320229, 'input_scaling': 0.550142611755141, 'bias_dist': 'foldnorm', 'bias_scaling': 0.07438842372152364, 'lr': 0.6575600610814601, 'sr': 0.8663422541011234, 'rc_connectivity': 0.013579746643157644, 'learning_rate': 0.003}",ppo,300,linear,0.003,,,,,,
Autoencode,filterbank+esn,2,312,4.237179487179487,-0.43230767999999997,0.08789460803039967,-0.4540700173814667,-0.4423867808641975,969,"{'decomposition': 'legendre', 'n_filters': 12, 'slowest': 0.006397371281320229, 'input_scaling': 0.550142611755141, 'bias_dist': 'foldnorm', 'bias_scaling': 0.07438842372152364, 'lr': 0.6575600610814601, 'sr': 0.8663422541011234, 'rc_connectivity': 0.013579746643157644, 'learning_rate': 0.003}",ppo,300,linear,0.003,,,,,,
Autoencode,filterbank+esn,3,312,4.237179487179487,-0.4530768799999999,0.0881399524832275,-0.4686508309163838,-0.4476890977366256,973,"{'decomposition': 'legendre', 'n_filters': 12, 'slowest': 0.006397371281320229, 'input_scaling': 0.550142611755141, 'bias_dist': 'foldnorm', 'bias_scaling': 0.07438842372152364, 'lr': 0.6575600610814601, 'sr': 0.8663422541011234, 'rc_connectivity': 0.013579746643157644, 'learning_rate': 0.003}",ppo,300,linear,0.003,,,,,,
Autoencode,filterbank+esn,4,312,4.237179487179487,-0.44230769999999997,0.11020427697149508,-0.4618272046693408,-0.4487574845679012,978,"{'decomposition': 'legendre', 'n_filters': 12, 'slowest': 0.006397371281320229, 'input_scaling': 0.550142611755141, 'bias_dist': 'foldnorm', 'bias_scaling': 0.07438842372152364, 'lr': 0.6575600610814601, 'sr': 0.8663422541011234, 'rc_connectivity': 0.013579746643157644, 'learning_rate': 0.003}",ppo,300,linear,0.003,,,,,,
Autoencode,filterbank+esn,5,312,4.237179487179487,-0.48615381999999996,0.12421596571998143,-0.4684411844081045,-0.46149888168724285,987,"{'decomposition': 'legendre', 'n_filters': 12, 'slowest': 0.006397371281320229, 'input_scaling': 0.550142611755141, 'bias_dist': 'foldnorm', 'bias_scaling': 0.07438842372152364, 'lr': 0.6575600610814601, 'sr': 0.8663422541011234, 'rc_connectivity': 0.013579746643157644, 'learning_rate': 0.003}",ppo,300,linear,0.003,,,,,,
Autoencode,filterbank+esn,7,312,4.237179487179487,-0.4523076,0.11980269953819905,-0.46661759683225346,-0.4497862839506173,976,"{'decomposition': 'legendre', 'n_filters': 12, 'slowest': 0.006397371281320229, 'input_scaling': 0.550142611755141, 'bias_dist': 'foldnorm', 'bias_scaling': 0.07438842372152364, 'lr': 0.6575600610814601, 'sr': 0.8663422541011234, 'rc_connectivity': 0.013579746643157644, 'learning_rate': 0.003}",ppo,300,linear,0.003,,,,,,
Autoencode,filterbank+esn,0,312,4.237179487179487,-0.4746153199999999,0.08126602329447159,-0.48040330710685997,-0.47886988477366255,965,"{'decomposition': 'legendre', 'n_filters': 12, 'slowest': 0.006397371281320229, 'input_scaling': 0.550142611755141, 'bias_dist': 'foldnorm', 'bias_scaling': 0.07438842372152364, 'lr': 0.6575600610814601, 'sr': 0.8663422541011234, 'rc_connectivity': 0.013579746643157644, 'learning_rate': 0.01}",ppo,300,linear,0.01,,,,,,
Autoencode,filterbank+esn,6,312,4.237179487179487,-0.44769225999999995,0.10980353506382387,-0.4689870771366862,-0.4589268487654321,983,"{'decomposition': 'legendre', 'n_filters': 12, 'slowest': 0.006397371281320229, 'input_scaling': 0.550142611755141, 'bias_dist': 'foldnorm', 'bias_scaling': 0.07438842372152364, 'lr': 0.6575600610814601, 'sr': 0.8663422541011234, 'rc_connectivity': 0.013579746643157644, 'learning_rate': 0.003}",ppo,300,linear,0.003,,,,,,
Autoencode,filterbank+esn,9,312,4.237179487179487,-0.43307696,0.12206564135774817,-0.46702898344132476,-0.44966757304526755,987,"{'decomposition': 'legendre', 'n_filters': 12, 'slowest': 0.006397371281320229, 'input_scaling': 0.550142611755141, 'bias_dist': 'foldnorm', 'bias_scaling': 0.07438842372152364, 'lr': 0.6575600610814601, 'sr': 0.8663422541011234, 'rc_connectivity': 0.013579746643157644, 'learning_rate': 0.003}",ppo,300,linear,0.003,,,,,,
Autoencode,filterbank+esn,8,312,4.237179487179487,-0.4776923,0.11228938212213119,-0.4722307807261133,-0.47048115432098764,989,"{'decomposition': 'legendre', 'n_filters': 12, 'slowest': 0.006397371281320229, 'input_scaling': 0.550142611755141, 'bias_dist': 'foldnorm', 'bias_scaling': 0.07438842372152364, 'lr': 0.6575600610814601, 'sr': 0.8663422541011234, 'rc_connectivity': 0.013579746643157644, 'learning_rate': 0.003}",ppo,300,linear,0.003,,,,,,
Autoencode,filterbank+esn,1,312,4.237179487179487,-0.50230776,0.11237366100498106,-0.48943028910829983,-0.4885248209876544,993,"{'decomposition': 'legendre', 'n_filters': 12, 'slowest': 0.006397371281320229, 'input_scaling': 0.550142611755141, 'bias_dist': 'foldnorm', 'bias_scaling': 0.07438842372152364, 'lr': 0.6575600610814601, 'sr': 0.8663422541011234, 'rc_connectivity': 0.013579746643157644, 'learning_rate': 0.01}",ppo,300,linear,0.01,,,,,,
Autoencode,filterbank+esn,3,312,4.237179487179487,-0.47615386,0.12846159077872418,-0.4838804039905379,-0.4872586203703704,989,"{'decomposition': 'legendre', 'n_filters': 12, 'slowest': 0.006397371281320229, 'input_scaling': 0.550142611755141, 'bias_dist': 'foldnorm', 'bias_scaling': 0.07438842372152364, 'lr': 0.6575600610814601, 'sr': 0.8663422541011234, 'rc_connectivity': 0.013579746643157644, 'learning_rate': 0.01}",ppo,300,linear,0.01,,,,,,
Autoencode,filterbank+esn,2,312,4.237179487179487,-0.42999994,0.09690171866059136,-0.4636943050498817,-0.4677112664609054,1002,"{'decomposition': 'legendre', 'n_filters': 12, 'slowest': 0.006397371281320229, 'input_scaling': 0.550142611755141, 'bias_dist': 'foldnorm', 'bias_scaling': 0.07438842372152364, 'lr': 0.6575600610814601, 'sr': 0.8663422541011234, 'rc_connectivity': 0.013579746643157644, 'learning_rate': 0.01}",ppo,300,linear,0.01,,,,,,
Autoencode,filterbank+esn,4,312,4.237179487179487,-0.50307696,0.10514576924726168,-0.490779195824334,-0.4914529794238683,986,"{'decomposition': 'legendre', 'n_filters': 12, 'slowest': 0.006397371281320229, 'input_scaling': 0.550142611755141, 'bias_dist': 'foldnorm', 'bias_scaling': 0.07438842372152364, 'lr': 0.6575600610814601, 'sr': 0.8663422541011234, 'rc_connectivity': 0.013579746643157644, 'learning_rate': 0.01}",ppo,300,linear,0.01,,,,,,
Autoencode,filterbank+esn,5,312,4.237179487179487,-0.46615384,0.08483893719262636,-0.48700542332613395,-0.48808957510288065,979,"{'decomposition': 'legendre', 'n_filters': 12, 'slowest': 0.006397371281320229, 'input_scaling': 0.550142611755141, 'bias_dist': 'foldnorm', 'bias_scaling': 0.07438842372152364, 'lr': 0.6575600610814601, 'sr': 0.8663422541011234, 'rc_connectivity': 0.013579746643157644, 'learning_rate': 0.01}",ppo,300,linear,0.01,,,,,,
Autoencode,filterbank+esn,9,312,4.237179487179487,-0.48692306,0.07754002536636417,-0.4817759462100175,-0.4817188693415638,973,"{'decomposition': 'legendre', 'n_filters': 12, 'slowest': 0.006397371281320229, 'input_scaling': 0.550142611755141, 'bias_dist': 'foldnorm', 'bias_scaling': 0.07438842372152364, 'lr': 0.6575600610814601, 'sr': 0.8663422541011234, 'rc_connectivity': 0.013579746643157644, 'learning_rate': 0.01}",ppo,300,linear,0.01,,,,,,
Autoencode,filterbank+esn,6,312,4.237179487179487,-0.48846148000000006,0.0991831207013048,-0.4825591843052556,-0.47744538271604936,989,"{'decomposition': 'legendre', 'n_filters': 12, 'slowest': 0.006397371281320229, 'input_scaling': 0.550142611755141, 'bias_dist': 'foldnorm', 'bias_scaling': 0.07438842372152364, 'lr': 0.6575600610814601, 'sr': 0.8663422541011234, 'rc_connectivity': 0.013579746643157644, 'learning_rate': 0.01}",ppo,300,linear,0.01,,,,,,
Autoencode,filterbank+esn,8,312,4.237179487179487,-0.5000001,0.11226558009225267,-0.4826501648668107,-0.4759813034979424,988,"{'decomposition': 'legendre', 'n_filters': 12, 'slowest': 0.006397371281320229, 'input_scaling': 0.550142611755141, 'bias_dist': 'foldnorm', 'bias_scaling': 0.07438842372152364, 'lr': 0.6575600610814601, 'sr': 0.8663422541011234, 'rc_connectivity': 0.013579746643157644, 'learning_rate': 0.01}",ppo,300,linear,0.01,,,,,,
Autoencode,filterbank+esn,7,312,4.237179487179487,-0.4523076200000001,0.07073583302284352,-0.4735796741746374,-0.4664450493827161,999,"{'decomposition': 'legendre', 'n_filters': 12, 'slowest': 0.006397371281320229, 'input_scaling': 0.550142611755141, 'bias_dist': 'foldnorm', 'bias_scaling': 0.07438842372152364, 'lr': 0.6575600610814601, 'sr': 0.8663422541011234, 'rc_connectivity': 0.013579746643157644, 'learning_rate': 0.01}",ppo,300,linear,0.01,,,,,,
Autoencode,filterbank+hag,1,312,3.3108974358974357,-0.50307694,0.10982508638783944,-0.49443428314306287,-0.49030546296296296,975,"{'decomposition': 'legendre', 'n_filters': 12, 'slowest': 0.015468638100899648, 'input_scaling': 0.8216619713233748, 'bias_dist': 'foldnorm', 'bias_scaling': 0.04249382119350724, 'lr': 0.7520411716638045, 'weight_increment': 0.001395793645992084, 'min_window': 19, 'max_window': 32, 'use_full_instance': True, 'max_partners': 20, 'homeostasis': 'mean', 'target': 0.69, 'spread': 0.36000000000000004, 'learning_rate': 0.0003}",ppo,300,linear,0.0003,,,,,,
Autoencode,filterbank+hag,0,312,3.0224358974358974,-0.48692314000000003,0.0583857615584519,-0.493231732798519,-0.48686290226337453,991,"{'decomposition': 'legendre', 'n_filters': 12, 'slowest': 0.015468638100899648, 'input_scaling': 0.8216619713233748, 'bias_dist': 'foldnorm', 'bias_scaling': 0.04249382119350724, 'lr': 0.7520411716638045, 'weight_increment': 0.001395793645992084, 'min_window': 19, 'max_window': 32, 'use_full_instance': True, 'max_partners': 20, 'homeostasis': 'mean', 'target': 0.69, 'spread': 0.36000000000000004, 'learning_rate': 0.0003}",ppo,300,linear,0.0003,,,,,,
Autoencode,filterbank+hag,2,312,3.1378205128205128,-0.48538456,0.02866876807200477,-0.49315656392060064,-0.48808953497942387,1000,"{'decomposition': 'legendre', 'n_filters': 12, 'slowest': 0.015468638100899648, 'input_scaling': 0.8216619713233748, 'bias_dist': 'foldnorm', 'bias_scaling': 0.04249382119350724, 'lr': 0.7520411716638045, 'weight_increment': 0.001395793645992084, 'min_window': 19, 'max_window': 32, 'use_full_instance': True, 'max_partners': 20, 'homeostasis': 'mean', 'target': 0.69, 'spread': 0.36000000000000004, 'learning_rate': 0.0003}",ppo,300,linear,0.0003,,,,,,
Autoencode,filterbank+hag,3,312,3.1121794871794872,-0.4753846399999999,0.09631075274127182,-0.49650313504062527,-0.4884061275720165,988,"{'decomposition': 'legendre', 'n_filters': 12, 'slowest': 0.015468638100899648, 'input_scaling': 0.8216619713233748, 'bias_dist': 'foldnorm', 'bias_scaling': 0.04249382119350724, 'lr': 0.7520411716638045, 'weight_increment': 0.001395793645992084, 'min_window': 19, 'max_window': 32, 'use_full_instance': True, 'max_partners': 20, 'homeostasis': 'mean', 'target': 0.69, 'spread': 0.36000000000000004, 'learning_rate': 0.0003}",ppo,300,linear,0.0003,,,,,,
Autoencode,filterbank+hag,4,312,2.8653846153846154,-0.47384605999999996,0.04381255057921646,-0.49628556165792453,-0.4892766512345679,982,"{'decomposition': 'legendre', 'n_filters': 12, 'slowest': 0.015468638100899648, 'input_scaling': 0.8216619713233748, 'bias_dist': 'foldnorm', 'bias_scaling': 0.04249382119350724, 'lr': 0.7520411716638045, 'weight_increment': 0.001395793645992084, 'min_window': 19, 'max_window': 32, 'use_full_instance': True, 'max_partners': 20, 'homeostasis': 'mean', 'target': 0.69, 'spread': 0.36000000000000004, 'learning_rate': 0.0003}",ppo,300,linear,0.0003,,,,,,
Autoencode,filterbank+hag,6,312,3.6794871794871793,-0.48153840000000003,0.08434933965764047,-0.49034010007199424,-0.4863089403292181,969,"{'decomposition': 'legendre', 'n_filters': 12, 'slowest': 0.015468638100899648, 'input_scaling': 0.8216619713233748, 'bias_dist': 'foldnorm', 'bias_scaling': 0.04249382119350724, 'lr': 0.7520411716638045, 'weight_increment': 0.001395793645992084, 'min_window': 19, 'max_window': 32, 'use_full_instance': True, 'max_partners': 20, 'homeostasis': 'mean', 'target': 0.69, 'spread': 0.36000000000000004, 'learning_rate': 0.0003}",ppo,300,linear,0.0003,,,,,,
Autoencode,filterbank+hag,7,312,3.1121794871794872,-0.48230762,0.033714892992794745,-0.4897230024683739,-0.48215413888888886,982,"{'decomposition': 'legendre', 'n_filters': 12, 'slowest': 0.015468638100899648, 'input_scaling': 0.8216619713233748, 'bias_dist': 'foldnorm', 'bias_scaling': 0.04249382119350724, 'lr': 0.7520411716638045, 'weight_increment': 0.001395793645992084, 'min_window': 19, 'max_window': 32, 'use_full_instance': True, 'max_partners': 20, 'homeostasis': 'mean', 'target': 0.69, 'spread': 0.36000000000000004, 'learning_rate': 0.0003}",ppo,300,linear,0.0003,,,,,,
Autoencode,filterbank+hag,5,312,3.269230769230769,-0.47846144,0.03934385835942378,-0.4895964149953718,-0.4826289660493827,1003,"{'decomposition': 'legendre', 'n_filters': 12, 'slowest': 0.015468638100899648, 'input_scaling': 0.8216619713233748, 'bias_dist': 'foldnorm', 'bias_scaling': 0.04249382119350724, 'lr': 0.7520411716638045, 'weight_increment': 0.001395793645992084, 'min_window': 19, 'max_window': 32, 'use_full_instance': True, 'max_partners': 20, 'homeostasis': 'mean', 'target': 0.69, 'spread': 0.36000000000000004, 'learning_rate': 0.0003}",ppo,300,linear,0.0003,,,,,,
Autoencode,filterbank+hag,8,312,2.9743589743589745,-0.49307683999999996,0.018349236252618254,-0.4930299760362028,-0.4890787623456791,991,"{'decomposition': 'legendre', 'n_filters': 12, 'slowest': 0.015468638100899648, 'input_scaling': 0.8216619713233748, 'bias_dist': 'foldnorm', 'bias_scaling': 0.04249382119350724, 'lr': 0.7520411716638045, 'weight_increment': 0.001395793645992084, 'min_window': 19, 'max_window': 32, 'use_full_instance': True, 'max_partners': 20, 'homeostasis': 'mean', 'target': 0.69, 'spread': 0.36000000000000004, 'learning_rate': 0.0003}",ppo,300,linear,0.0003,,,,,,
Autoencode,filterbank+hag,9,312,3.1153846153846154,-0.49384614,0.04096482335761256,-0.49129342620590355,-0.4884061244855968,990,"{'decomposition': 'legendre', 'n_filters': 12, 'slowest': 0.015468638100899648, 'input_scaling': 0.8216619713233748, 'bias_dist': 'foldnorm', 'bias_scaling': 0.04249382119350724, 'lr': 0.7520411716638045, 'weight_increment': 0.001395793645992084, 'min_window': 19, 'max_window': 32, 'use_full_instance': True, 'max_partners': 20, 'homeostasis': 'mean', 'target': 0.69, 'spread': 0.36000000000000004, 'learning_rate': 0.0003}",ppo,300,linear,0.0003,,,,,,
Autoencode,filterbank+hag,0,312,3.0224358974358974,-0.4453844800000001,0.06393880954294973,-0.4790069216291267,-0.4614988333333333,995,"{'decomposition': 'legendre', 'n_filters': 12, 'slowest': 0.015468638100899648, 'input_scaling': 0.8216619713233748, 'bias_dist': 'foldnorm', 'bias_scaling': 0.04249382119350724, 'lr': 0.7520411716638045, 'weight_increment': 0.001395793645992084, 'min_window': 19, 'max_window': 32, 'use_full_instance': True, 'max_partners': 20, 'homeostasis': 'mean', 'target': 0.69, 'spread': 0.36000000000000004, 'learning_rate': 0.001}",ppo,300,linear,0.001,,,,,,
Autoencode,filterbank+hag,1,312,3.3108974358974357,-0.44307692000000004,0.09238472045134735,-0.47979412629846757,-0.4631607757201646,983,"{'decomposition': 'legendre', 'n_filters': 12, 'slowest': 0.015468638100899648, 'input_scaling': 0.8216619713233748, 'bias_dist': 'foldnorm', 'bias_scaling': 0.04249382119350724, 'lr': 0.7520411716638045, 'weight_increment': 0.001395793645992084, 'min_window': 19, 'max_window': 32, 'use_full_instance': True, 'max_partners': 20, 'homeostasis': 'mean', 'target': 0.69, 'spread': 0.36000000000000004, 'learning_rate': 0.001}",ppo,300,linear,0.001,,,,,,
Autoencode,filterbank+hag,2,312,3.1378205128205128,-0.44615378,0.12802561309976845,-0.4769341403887689,-0.4644665853909465,975,"{'decomposition': 'legendre', 'n_filters': 12, 'slowest': 0.015468638100899648, 'input_scaling': 0.8216619713233748, 'bias_dist': 'foldnorm', 'bias_scaling': 0.04249382119350724, 'lr': 0.7520411716638045, 'weight_increment': 0.001395793645992084, 'min_window': 19, 'max_window': 32, 'use_full_instance': True, 'max_partners': 20, 'homeostasis': 'mean', 'target': 0.69, 'spread': 0.36000000000000004, 'learning_rate': 0.001}",ppo,300,linear,0.001,,,,,,
Autoencode,filterbank+hag,5,312,3.269230769230769,-0.4292307199999999,0.09306102605538798,-0.47441038105522987,-0.4577001738683128,984,"{'decomposition': 'legendre', 'n_filters': 12, 'slowest': 0.015468638100899648, 'input_scaling': 0.8216619713233748, 'bias_dist': 'foldnorm', 'bias_scaling': 0.04249382119350724, 'lr': 0.7520411716638045, 'weight_increment': 0.001395793645992084, 'min_window': 19, 'max_window': 32, 'use_full_instance': True, 'max_partners': 20, 'homeostasis': 'mean', 'target': 0.69, 'spread': 0.36000000000000004, 'learning_rate': 0.001}",ppo,300,linear,0.001,,,,,,
Autoencode,filterbank+hag,6,312,3.6794871794871793,-0.46615376000000003,0.08587880804425733,-0.4786904737221022,-0.46541623559670786,981,"{'decomposition': 'legendre', 'n_filters': 12, 'slowest': 0.015468638100899648, 'input_scaling': 0.8216619713233748, 'bias_dist': 'foldnorm', 'bias_scaling': 0.04249382119350724, 'lr': 0.7520411716638045, 'weight_increment': 0.001395793645992084, 'min_window': 19, 'max_window': 32, 'use_full_instance': True, 'max_partners': 20, 'homeostasis': 'mean', 'target': 0.69, 'spread': 0.36000000000000004, 'learning_rate': 0.001}",ppo,300,linear,0.001,,,,,,
Autoencode,filterbank+hag,4,312,2.8653846153846154,-0.46769232000000005,0.13463963593451075,-0.48286377383523604,-0.4732114228395062,991,"{'decomposition': 'legendre', 'n_filters': 12, 'slowest': 0.015468638100899648, 'input_scaling': 0.8216619713233748, 'bias_dist': 'foldnorm', 'bias_scaling': 0.04249382119350724, 'lr': 0.7520411716638045, 'weight_increment': 0.001395793645992084, 'min_window': 19, 'max_window': 32, 'use_full_instance': True, 'max_partners': 20, 'homeostasis': 'mean', 'target': 0.69, 'spread': 0.36000000000000004, 'learning_rate': 0.001}",ppo,300,linear,0.001,,,,,,
Autoencode,filterbank+hag,7,312,3.1121794871794872,-0.45923073999999997,0.07434539882677609,-0.4770686089684254,-0.460549158436214,982,"{'decomposition': 'legendre', 'n_filters': 12, 'slowest': 0.015468638100899648, 'input_scaling': 0.8216619713233748, 'bias_dist': 'foldnorm', 'bias_scaling': 0.04249382119350724, 'lr': 0.7520411716638045, 'weight_increment': 0.001395793645992084, 'min_window': 19, 'max_window': 32, 'use_full_instance': True, 'max_partners': 20, 'homeostasis': 'mean', 'target': 0.69, 'spread': 0.36000000000000004, 'learning_rate': 0.001}",ppo,300,linear,0.001,,,,,,
Autoencode,filterbank+hag,8,312,2.9743589743589745,-0.48461535999999994,0.10291614820926014,-0.4872665062223594,-0.46874008950617285,983,"{'decomposition': 'legendre', 'n_filters': 12, 'slowest': 0.015468638100899648, 'input_scaling': 0.8216619713233748, 'bias_dist': 'foldnorm', 'bias_scaling': 0.04249382119350724, 'lr': 0.7520411716638045, 'weight_increment': 0.001395793645992084, 'min_window': 19, 'max_window': 32, 'use_full_instance': True, 'max_partners': 20, 'homeostasis': 'mean', 'target': 0.69, 'spread': 0.36000000000000004, 'learning_rate': 0.001}",ppo,300,linear,0.001,,,,,,
Autoencode,filterbank+hag,3,312,3.1121794871794872,-0.43923076,0.07011828258551689,-0.47569203260310605,-0.4698875689300412,1007,"{'decomposition': 'legendre', 'n_filters': 12, 'slowest': 0.015468638100899648, 'input_scaling': 0.8216619713233748, 'bias_dist': 'foldnorm', 'bias_scaling': 0.04249382119350724, 'lr': 0.7520411716638045, 'weight_increment': 0.001395793645992084, 'min_window': 19, 'max_window': 32, 'use_full_instance': True, 'max_partners': 20, 'homeostasis': 'mean', 'target': 0.69, 'spread': 0.36000000000000004, 'learning_rate': 0.001}",ppo,300,linear,0.001,,,,,,
Autoencode,filterbank+hag,9,312,3.1153846153846154,-0.4746153599999999,0.11003229243086049,-0.4763961579759333,-0.4620132644032922,992,"{'decomposition': 'legendre', 'n_filters': 12, 'slowest': 0.015468638100899648, 'input_scaling': 0.8216619713233748, 'bias_dist': 'foldnorm', 'bias_scaling': 0.04249382119350724, 'lr': 0.7520411716638045, 'weight_increment': 0.001395793645992084, 'min_window': 19, 'max_window': 32, 'use_full_instance': True, 'max_partners': 20, 'homeostasis': 'mean', 'target': 0.69, 'spread': 0.36000000000000004, 'learning_rate': 0.001}",ppo,300,linear,0.001,,,,,,
Autoencode,filterbank+hag,1,312,3.3108974358974357,-0.49,0.10400570364475209,-0.47064057297130524,-0.45552388168724284,983,"{'decomposition': 'legendre', 'n_filters': 12, 'slowest': 0.015468638100899648, 'input_scaling': 0.8216619713233748, 'bias_dist': 'foldnorm', 'bias_scaling': 0.04249382119350724, 'lr': 0.7520411716638045, 'weight_increment': 0.001395793645992084, 'min_window': 19, 'max_window': 32, 'use_full_instance': True, 'max_partners': 20, 'homeostasis': 'mean', 'target': 0.69, 'spread': 0.36000000000000004, 'learning_rate': 0.003}",ppo,300,linear,0.003,,,,,,
Autoencode,filterbank+hag,0,312,3.0224358974358974,-0.4669231,0.09546220969247465,-0.47427588573485546,-0.46086576954732517,988,"{'decomposition': 'legendre', 'n_filters': 12, 'slowest': 0.015468638100899648, 'input_scaling': 0.8216619713233748, 'bias_dist': 'foldnorm', 'bias_scaling': 0.04249382119350724, 'lr': 0.7520411716638045, 'weight_increment': 0.001395793645992084, 'min_window': 19, 'max_window': 32, 'use_full_instance': True, 'max_partners': 20, 'homeostasis': 'mean', 'target': 0.69, 'spread': 0.36000000000000004, 'learning_rate': 0.003}",ppo,300,linear,0.003,,,,,,
Autoencode,filterbank+hag,2,312,3.1378205128205128,-0.45307691999999994,0.1184940417749078,-0.46943801398745233,-0.4484013600823046,991,"{'decomposition': 'legendre', 'n_filters': 12, 'slowest': 0.015468638100899648, 'input_scaling': 0.8216619713233748, 'bias_dist': 'foldnorm', 'bias_scaling': 0.04249382119350724, 'lr': 0.7520411716638045, 'weight_increment': 0.001395793645992084, 'min_window': 19, 'max_window': 32, 'use_full_instance': True, 'max_partners': 20, 'homeostasis': 'mean', 'target': 0.69, 'spread': 0.36000000000000004, 'learning_rate': 0.003}",ppo,300,linear,0.003,,,,,,
Autoencode,filterbank+hag,3,312,3.1121794871794872,-0.4530768799999999,0.07967766040080242,-0.47547842414892527,-0.46707815123456786,972,"{'decomposition': 'legendre', 'n_filters': 12, 'slowest': 0.015468638100899648, 'input_scaling': 0.8216619713233748, 'bias_dist': 'foldnorm', 'bias_scaling': 0.04249382119350724, 'lr': 0.7520411716638045, 'weight_increment': 0.001395793645992084, 'min_window': 19, 'max_window': 32, 'use_full_instance': True, 'max_partners': 20, 'homeostasis': 'mean', 'target': 0.69, 'spread': 0.36000000000000004, 'learning_rate': 0.003}",ppo,300,linear,0.003,,,,,,
Autoencode,filterbank+hag,7,312,3.1121794871794872,-0.45769228,0.10693423638536724,-0.4709332932222566,-0.4531892572016461,975,"{'decomposition': 'legendre', 'n_filters': 12, 'slowest': 0.015468638100899648, 'input_scaling': 0.8216619713233748, 'bias_dist': 'foldnorm', 'bias_scaling': 0.04249382119350724, 'lr': 0.7520411716638045, 'weight_increment': 0.001395793645992084, 'min_window': 19, 'max_window': 32, 'use_full_instance': True, 'max_partners': 20, 'homeostasis': 'mean', 'target': 0.69, 'spread': 0.36000000000000004, 'learning_rate': 0.003}",ppo,300,linear,0.003,,,,,,
Autoencode,filterbank+hag,5,312,3.269230769230769,-0.46692297999999993,0.08971033980283209,-0.47282017587164454,-0.453228841563786,988,"{'decomposition': 'legendre', 'n_filters': 12, 'slowest': 0.015468638100899648, 'input_scaling': 0.8216619713233748, 'bias_dist': 'foldnorm', 'bias_scaling': 0.04249382119350724, 'lr': 0.7520411716638045, 'weight_increment': 0.001395793645992084, 'min_window': 19, 'max_window': 32, 'use_full_instance': True, 'max_partners': 20, 'homeostasis': 'mean', 'target': 0.69, 'spread': 0.36000000000000004, 'learning_rate': 0.003}",ppo,300,linear,0.003,,,,,,
Autoencode,filterbank+hag,4,312,2.8653846153846154,-0.4653846,0.11100681625251667,-0.47058123511261957,-0.4629233703703704,1006,"{'decomposition': 'legendre', 'n_filters': 12, 'slowest': 0.015468638100899648, 'input_scaling': 0.8216619713233748, 'bias_dist': 'foldnorm', 'bias_scaling': 0.04249382119350724, 'lr': 0.7520411716638045, 'weight_increment': 0.001395793645992084, 'min_window': 19, 'max_window': 32, 'use_full_instance': True, 'max_partners': 20, 'homeostasis': 'mean', 'target': 0.69, 'spread': 0.36000000000000004, 'learning_rate': 0.003}",ppo,300,linear,0.003,,,,,,
Autoencode,filterbank+hag,6,312,3.6794871794871793,-0.4692307400000001,0.10262823688436043,-0.463631021701121,-0.4477682716049383,993,"{'decomposition': 'legendre', 'n_filters': 12, 'slowest': 0.015468638100899648, 'input_scaling': 0.8216619713233748, 'bias_dist': 'foldnorm', 'bias_scaling': 0.04249382119350724, 'lr': 0.7520411716638045, 'weight_increment': 0.001395793645992084, 'min_window': 19, 'max_window': 32, 'use_full_instance': True, 'max_partners': 20, 'homeostasis': 'mean', 'target': 0.69, 'spread': 0.36000000000000004, 'learning_rate': 0.003}",ppo,300,linear,0.003,,,,,,
Autoencode,filterbank+hag,9,312,3.1153846153846154,-0.44846138,0.09218266916701642,-0.4745132257533683,-0.45204173868312764,972,"{'decomposition': 'legendre', 'n_filters': 12, 'slowest': 0.015468638100899648, 'input_scaling': 0.8216619713233748, 'bias_dist': 'foldnorm', 'bias_scaling': 0.04249382119350724, 'lr': 0.7520411716638045, 'weight_increment': 0.001395793645992084, 'min_window': 19, 'max_window': 32, 'use_full_instance': True, 'max_partners': 20, 'homeostasis': 'mean', 'target': 0.69, 'spread': 0.36000000000000004, 'learning_rate': 0.003}",ppo,300,linear,0.003,,,,,,
Autoencode,filterbank+hag,0,312,3.0224358974358974,-0.5,0.0,-0.49982990373341557,-0.5,976,"{'decomposition': 'legendre', 'n_filters': 12, 'slowest': 0.015468638100899648, 'input_scaling': 0.8216619713233748, 'bias_dist': 'foldnorm', 'bias_scaling': 0.04249382119350724, 'lr': 0.7520411716638045, 'weight_increment': 0.001395793645992084, 'min_window': 19, 'max_window': 32, 'use_full_instance': True, 'max_partners': 20, 'homeostasis': 'mean', 'target': 0.69, 'spread': 0.36000000000000004, 'learning_rate': 0.01}",ppo,300,linear,0.01,,,,,,
Autoencode,filterbank+hag,1,312,3.3108974358974357,-0.5184616000000001,0.10609818038854389,-0.490565575645377,-0.49275877983539096,982,"{'decomposition': 'legendre', 'n_filters': 12, 'slowest': 0.015468638100899648, 'input_scaling': 0.8216619713233748, 'bias_dist': 'foldnorm', 'bias_scaling': 0.04249382119350724, 'lr': 0.7520411716638045, 'weight_increment': 0.001395793645992084, 'min_window': 19, 'max_window': 32, 'use_full_instance': True, 'max_partners': 20, 'homeostasis': 'mean', 'target': 0.69, 'spread': 0.36000000000000004, 'learning_rate': 0.01}",ppo,300,linear,0.01,,,,,,
Autoencode,filterbank+hag,8,312,2.9743589743589745,-0.45076928000000005,0.1397462192481843,-0.4714871029517639,-0.45477206172839507,1005,"{'decomposition': 'legendre', 'n_filters': 12, 'slowest': 0.015468638100899648, 'input_scaling': 0.8216619713233748, 'bias_dist': 'foldnorm', 'bias_scaling': 0.04249382119350724, 'lr': 0.7520411716638045, 'weight_increment': 0.001395793645992084, 'min_window': 19, 'max_window': 32, 'use_full_instance': True, 'max_partners': 20, 'homeostasis': 'mean', 'target': 0.69, 'spread': 0.36000000000000004, 'learning_rate': 0.003}",ppo,300,linear,0.003,,,,,,
Autoencode,filterbank+hag,3,312,3.1121794871794872,-0.5,0.0,-0.4908741246528849,-0.5,981,"{'decomposition': 'legendre', 'n_filters': 12, 'slowest': 0.015468638100899648, 'input_scaling': 0.8216619713233748, 'bias_dist': 'foldnorm', 'bias_scaling': 0.04249382119350724, 'lr': 0.7520411716638045, 'weight_increment': 0.001395793645992084, 'min_window': 19, 'max_window': 32, 'use_full_instance': True, 'max_partners': 20, 'homeostasis': 'mean', 'target': 0.69, 'spread': 0.36000000000000004, 'learning_rate': 0.01}",ppo,300,linear,0.01,,,,,,
Autoencode,filterbank+hag,2,312,3.1378205128205128,-0.49384609999999995,0.08044264037567389,-0.49378554170523503,-0.500435255144033,992,"{'decomposition': 'legendre', 'n_filters': 12, 'slowest': 0.015468638100899648, 'input_scaling': 0.8216619713233748, 'bias_dist': 'foldnorm', 'bias_scaling': 0.04249382119350724, 'lr': 0.7520411716638045, 'weight_increment': 0.001395793645992084, 'min_window': 19, 'max_window': 32, 'use_full_instance': True, 'max_partners': 20, 'homeostasis': 'mean', 'target': 0.69, 'spread': 0.36000000000000004, 'learning_rate': 0.01}",ppo,300,linear,0.01,,,,,,
Autoencode,filterbank+hag,4,312,2.8653846153846154,-0.49,0.07249176896834564,-0.4894026014604546,-0.48528013374485596,974,"{'decomposition': 'legendre', 'n_filters': 12, 'slowest': 0.015468638100899648, 'input_scaling': 0.8216619713233748, 'bias_dist': 'foldnorm', 'bias_scaling': 0.04249382119350724, 'lr': 0.7520411716638045, 'weight_increment': 0.001395793645992084, 'min_window': 19, 'max_window': 32, 'use_full_instance': True, 'max_partners': 20, 'homeostasis': 'mean', 'target': 0.69, 'spread': 0.36000000000000004, 'learning_rate': 0.01}",ppo,300,linear,0.01,,,,,,
Autoencode,filterbank+hag,6,312,3.6794871794871793,-0.4892307,0.025558994064125453,-0.4982515615550755,-0.49473722736625514,981,"{'decomposition': 'legendre', 'n_filters': 12, 'slowest': 0.015468638100899648, 'input_scaling': 0.8216619713233748, 'bias_dist': 'foldnorm', 'bias_scaling': 0.04249382119350724, 'lr': 0.7520411716638045, 'weight_increment': 0.001395793645992084, 'min_window': 19, 'max_window': 32, 'use_full_instance': True, 'max_partners': 20, 'homeostasis': 'mean', 'target': 0.69, 'spread': 0.36000000000000004, 'learning_rate': 0.01}",ppo,300,linear,0.01,,,,,,
Autoencode,filterbank+hag,5,312,3.269230769230769,-0.5,0.0,-0.49624205440707597,-0.5,992,"{'decomposition': 'legendre', 'n_filters': 12, 'slowest': 0.015468638100899648, 'input_scaling': 0.8216619713233748, 'bias_dist': 'foldnorm', 'bias_scaling': 0.04249382119350724, 'lr': 0.7520411716638045, 'weight_increment': 0.001395793645992084, 'min_window': 19, 'max_window': 32, 'use_full_instance': True, 'max_partners': 20, 'homeostasis': 'mean', 'target': 0.69, 'spread': 0.36000000000000004, 'learning_rate': 0.01}",ppo,300,linear,0.01,,,,,,
Autoencode,filterbank+hag,8,312,2.9743589743589745,-0.5,0.0,-0.4925869440501902,-0.49406452983539095,978,"{'decomposition': 'legendre', 'n_filters': 12, 'slowest': 0.015468638100899648, 'input_scaling': 0.8216619713233748, 'bias_dist': 'foldnorm', 'bias_scaling': 0.04249382119350724, 'lr': 0.7520411716638045, 'weight_increment': 0.001395793645992084, 'min_window': 19, 'max_window': 32, 'use_full_instance': True, 'max_partners': 20, 'homeostasis': 'mean', 'target': 0.69, 'spread': 0.36000000000000004, 'learning_rate': 0.01}",ppo,300,linear,0.01,,,,,,
Autoencode,filterbank+hag,7,312,3.1121794871794872,-0.5015384199999999,0.10602011647948514,-0.4889318672220509,-0.4852801532921811,989,"{'decomposition': 'legendre', 'n_filters': 12, 'slowest': 0.015468638100899648, 'input_scaling': 0.8216619713233748, 'bias_dist': 'foldnorm', 'bias_scaling': 0.04249382119350724, 'lr': 0.7520411716638045, 'weight_increment': 0.001395793645992084, 'min_window': 19, 'max_window': 32, 'use_full_instance': True, 'max_partners': 20, 'homeostasis': 'mean', 'target': 0.69, 'spread': 0.36000000000000004, 'learning_rate': 0.01}",ppo,300,linear,0.01,,,,,,
Autoencode,filterbank+hag,9,312,3.1153846153846154,-0.5,0.0,-0.4951265383112208,-0.5002374187242798,993,"{'decomposition': 'legendre', 'n_filters': 12, 'slowest': 0.015468638100899648, 'input_scaling': 0.8216619713233748, 'bias_dist': 'foldnorm', 'bias_scaling': 0.04249382119350724, 'lr': 0.7520411716638045, 'weight_increment': 0.001395793645992084, 'min_window': 19, 'max_window': 32, 'use_full_instance': True, 'max_partners': 20, 'homeostasis': 'mean', 'target': 0.69, 'spread': 0.36000000000000004, 'learning_rate': 0.01}",ppo,300,linear,0.01,,,,,,
Autoencode,filterbank+proj,0,312,0.0,-0.48461532000000007,0.029792263402057928,-0.49484171850251985,-0.49062198971193416,1000,"{'decomposition': 'legendre', 'n_filters': 12, 'slowest': 0.015468638100899648, 'input_scaling': 0.8216619713233748, 'bias_dist': 'foldnorm', 'bias_scaling': 0.04249382119350724, 'lr': 0.7520411716638045, 'weight_increment': 0.001395793645992084, 'min_window': 19, 'max_window': 32, 'use_full_instance': True, 'max_partners': 20, 'homeostasis': 'mean', 'target': 0.69, 'spread': 0.36000000000000004, 'learning_rate': 0.0003}",ppo,300,linear,0.0003,,,,,,
Autoencode,filterbank+proj,1,312,0.0,-0.4546152600000001,0.08793830773304885,-0.492452461894477,-0.48595283230452674,994,"{'decomposition': 'legendre', 'n_filters': 12, 'slowest': 0.015468638100899648, 'input_scaling': 0.8216619713233748, 'bias_dist': 'foldnorm', 'bias_scaling': 0.04249382119350724, 'lr': 0.7520411716638045, 'weight_increment': 0.001395793645992084, 'min_window': 19, 'max_window': 32, 'use_full_instance': True, 'max_partners': 20, 'homeostasis': 'mean', 'target': 0.69, 'spread': 0.36000000000000004, 'learning_rate': 0.0003}",ppo,300,linear,0.0003,,,,,,
Autoencode,filterbank+proj,2,312,0.0,-0.50923082,0.0992756327209633,-0.4930893405327573,-0.48480530658436216,1004,"{'decomposition': 'legendre', 'n_filters': 12, 'slowest': 0.015468638100899648, 'input_scaling': 0.8216619713233748, 'bias_dist': 'foldnorm', 'bias_scaling': 0.04249382119350724, 'lr': 0.7520411716638045, 'weight_increment': 0.001395793645992084, 'min_window': 19, 'max_window': 32, 'use_full_instance': True, 'max_partners': 20, 'homeostasis': 'mean', 'target': 0.69, 'spread': 0.36000000000000004, 'learning_rate': 0.0003}",ppo,300,linear,0.0003,,,,,,
Autoencode,filterbank+proj,3,312,0.0,-0.49307692000000003,0.029482857601555522,-0.49370246652267824,-0.49078028395061735,984,"{'decomposition': 'legendre', 'n_filters': 12, 'slowest': 0.015468638100899648, 'input_scaling': 0.8216619713233748, 'bias_dist': 'foldnorm', 'bias_scaling': 0.04249382119350724, 'lr': 0.7520411716638045, 'weight_increment': 0.001395793645992084, 'min_window': 19, 'max_window': 32, 'use_full_instance': True, 'max_partners': 20, 'homeostasis': 'mean', 'target': 0.69, 'spread': 0.36000000000000004, 'learning_rate': 0.0003}",ppo,300,linear,0.0003,,,,,,
Autoencode,filterbank+proj,6,312,0.0,-0.49076912,0.01642647134918513,-0.4948694000822791,-0.48892048148148154,966,"{'decomposition': 'legendre', 'n_filters': 12, 'slowest': 0.015468638100899648, 'input_scaling': 0.8216619713233748, 'bias_dist': 'foldnorm', 'bias_scaling': 0.04249382119350724, 'lr': 0.7520411716638045, 'weight_increment': 0.001395793645992084, 'min_window': 19, 'max_window': 32, 'use_full_instance': True, 'max_partners': 20, 'homeostasis': 'mean', 'target': 0.69, 'spread': 0.36000000000000004, 'learning_rate': 0.0003}",ppo,300,linear,0.0003,,,,,,
Autoencode,filterbank+proj,4,312,0.0,-0.48230748,0.0191693620209333,-0.49679189005450997,-0.49081982613168723,1004,"{'decomposition': 'legendre', 'n_filters': 12, 'slowest': 0.015468638100899648, 'input_scaling': 0.8216619713233748, 'bias_dist': 'foldnorm', 'bias_scaling': 0.04249382119350724, 'lr': 0.7520411716638045, 'weight_increment': 0.001395793645992084, 'min_window': 19, 'max_window': 32, 'use_full_instance': True, 'max_partners': 20, 'homeostasis': 'mean', 'target': 0.69, 'spread': 0.36000000000000004, 'learning_rate': 0.0003}",ppo,300,linear,0.0003,,,,,,
Autoencode,filterbank+proj,5,312,0.0,-0.48461534,0.057047836670152535,-0.49389235534300113,-0.4918091152263374,985,"{'decomposition': 'legendre', 'n_filters': 12, 'slowest': 0.015468638100899648, 'input_scaling': 0.8216619713233748, 'bias_dist': 'foldnorm', 'bias_scaling': 0.04249382119350724, 'lr': 0.7520411716638045, 'weight_increment': 0.001395793645992084, 'min_window': 19, 'max_window': 32, 'use_full_instance': True, 'max_partners': 20, 'homeostasis': 'mean', 'target': 0.69, 'spread': 0.36000000000000004, 'learning_rate': 0.0003}",ppo,300,linear,0.0003,,,,,,
Autoencode,filterbank+proj,7,312,0.0,-0.48384596,0.018983247302777256,-0.49514629188522064,-0.48468650102880656,977,"{'decomposition': 'legendre', 'n_filters': 12, 'slowest': 0.015468638100899648, 'input_scaling': 0.8216619713233748, 'bias_dist': 'foldnorm', 'bias_scaling': 0.04249382119350724, 'lr': 0.7520411716638045, 'weight_increment': 0.001395793645992084, 'min_window': 19, 'max_window': 32, 'use_full_instance': True, 'max_partners': 20, 'homeostasis': 'mean', 'target': 0.69, 'spread': 0.36000000000000004, 'learning_rate': 0.0003}",ppo,300,linear,0.0003,,,,,,
Autoencode,filterbank+proj,1,312,0.0,-0.43153833999999996,0.10096875981839333,-0.4823495316260414,-0.46862138888888893,964,"{'decomposition': 'legendre', 'n_filters': 12, 'slowest': 0.015468638100899648, 'input_scaling': 0.8216619713233748, 'bias_dist': 'foldnorm', 'bias_scaling': 0.04249382119350724, 'lr': 0.7520411716638045, 'weight_increment': 0.001395793645992084, 'min_window': 19, 'max_window': 32, 'use_full_instance': True, 'max_partners': 20, 'homeostasis': 'mean', 'target': 0.69, 'spread': 0.36000000000000004, 'learning_rate': 0.001}",ppo,300,linear,0.001,,,,,,
Autoencode,filterbank+proj,8,312,0.0,-0.4846152,0.01884245489738532,-0.49320400226267613,-0.4859922633744856,986,"{'decomposition': 'legendre', 'n_filters': 12, 'slowest': 0.015468638100899648, 'input_scaling': 0.8216619713233748, 'bias_dist': 'foldnorm', 'bias_scaling': 0.04249382119350724, 'lr': 0.7520411716638045, 'weight_increment': 0.001395793645992084, 'min_window': 19, 'max_window': 32, 'use_full_instance': True, 'max_partners': 20, 'homeostasis': 'mean', 'target': 0.69, 'spread': 0.36000000000000004, 'learning_rate': 0.0003}",ppo,300,linear,0.0003,,,,,,
Autoencode,filterbank+esn,0,312,4.237179487179487,-0.5084615400000001,0.07186870901169994,-0.4749215415121549,-0.4631244742268041,724,"{'decomposition': 'legendre', 'n_filters': 12, 'slowest': 0.006397371281320229, 'input_scaling': 0.550142611755141, 'bias_dist': 'foldnorm', 'bias_scaling': 0.07438842372152364, 'lr': 0.6575600610814601, 'sr': 0.8663422541011234, 'rc_connectivity': 0.013579746643157644, 'learning_rate': 0.0001}",dqn,300,linear,0.0001,,,,,,
Autoencode,filterbank+esn,1,312,4.237179487179487,-0.51,0.10023945295680738,-0.47560297558714465,-0.46276763608247423,721,"{'decomposition': 'legendre', 'n_filters': 12, 'slowest': 0.006397371281320229, 'input_scaling': 0.550142611755141, 'bias_dist': 'foldnorm', 'bias_scaling': 0.07438842372152364, 'lr': 0.6575600610814601, 'sr': 0.8663422541011234, 'rc_connectivity': 0.013579746643157644, 'learning_rate': 0.0001}",dqn,300,linear,0.0001,,,,,,
Autoencode,filterbank+proj,9,312,0.0,-0.48692309999999994,0.11003238205496597,-0.4950395092049779,-0.49331274999999997,990,"{'decomposition': 'legendre', 'n_filters': 12, 'slowest': 0.015468638100899648, 'input_scaling': 0.8216619713233748, 'bias_dist': 'foldnorm', 'bias_scaling': 0.04249382119350724, 'lr': 0.7520411716638045, 'weight_increment': 0.001395793645992084, 'min_window': 19, 'max_window': 32, 'use_full_instance': True, 'max_partners': 20, 'homeostasis': 'mean', 'target': 0.69, 'spread': 0.36000000000000004, 'learning_rate': 0.0003}",ppo,300,linear,0.0003,,,,,,
Autoencode,filterbank+proj,2,312,0.0,-0.43692298,0.09661739015591136,-0.4797703944255888,-0.4674342952674897,982,"{'decomposition': 'legendre', 'n_filters': 12, 'slowest': 0.015468638100899648, 'input_scaling': 0.8216619713233748, 'bias_dist': 'foldnorm', 'bias_scaling': 0.04249382119350724, 'lr': 0.7520411716638045, 'weight_increment': 0.001395793645992084, 'min_window': 19, 'max_window': 32, 'use_full_instance': True, 'max_partners': 20, 'homeostasis': 'mean', 'target': 0.69, 'spread': 0.36000000000000004, 'learning_rate': 0.001}",ppo,300,linear,0.001,,,,,,
Autoencode,filterbank+esn,2,312,4.237179487179487,-0.48461538,0.10932831170248444,-0.4736854432426864,-0.46899282886597937,726,"{'decomposition': 'legendre', 'n_filters': 12, 'slowest': 0.006397371281320229, 'input_scaling': 0.550142611755141, 'bias_dist': 'foldnorm', 'bias_scaling': 0.07438842372152364, 'lr': 0.6575600610814601, 'sr': 0.8663422541011234, 'rc_connectivity': 0.013579746643157644, 'learning_rate': 0.0001}",dqn,300,linear,0.0001,,,,,,
Autoencode,filterbank+proj,0,312,0.0,-0.4392307,0.11202553011046186,-0.4827490533785868,-0.4683048086419753,989,"{'decomposition': 'legendre', 'n_filters': 12, 'slowest': 0.015468638100899648, 'input_scaling': 0.8216619713233748, 'bias_dist': 'foldnorm', 'bias_scaling': 0.04249382119350724, 'lr': 0.7520411716638045, 'weight_increment': 0.001395793645992084, 'min_window': 19, 'max_window': 32, 'use_full_instance': True, 'max_partners': 20, 'homeostasis': 'mean', 'target': 0.69, 'spread': 0.36000000000000004, 'learning_rate': 0.001}",ppo,300,linear,0.001,,,,,,
Autoencode,filterbank+proj,4,312,0.0,-0.47538454,0.10198049798529324,-0.4833226427028695,-0.4716286718106996,981,"{'decomposition': 'legendre', 'n_filters': 12, 'slowest': 0.015468638100899648, 'input_scaling': 0.8216619713233748, 'bias_dist': 'foldnorm', 'bias_scaling': 0.04249382119350724, 'lr': 0.7520411716638045, 'weight_increment': 0.001395793645992084, 'min_window': 19, 'max_window': 32, 'use_full_instance': True, 'max_partners': 20, 'homeostasis': 'mean', 'target': 0.69, 'spread': 0.36000000000000004, 'learning_rate': 0.001}",ppo,300,linear,0.001,,,,,,
Autoencode,filterbank+proj,3,312,0.0,-0.47846152000000003,0.10467195714750727,-0.47523712897253934,-0.46533710596707817,985,"{'decomposition': 'legendre', 'n_filters': 12, 'slowest': 0.015468638100899648, 'input_scaling': 0.8216619713233748, 'bias_dist': 'foldnorm', 'bias_scaling': 0.04249382119350724, 'lr': 0.7520411716638045, 'weight_increment': 0.001395793645992084, 'min_window': 19, 'max_window': 32, 'use_full_instance': True, 'max_partners': 20, 'homeostasis': 'mean', 'target': 0.69, 'spread': 0.36000000000000004, 'learning_rate': 0.001}",ppo,300,linear,0.001,,,,,,
Autoencode,filterbank+esn,3,312,4.237179487179487,-0.48538462000000004,0.06338116601953296,-0.47746503903996707,-0.47299759690721654,725,"{'decomposition': 'legendre', 'n_filters': 12, 'slowest': 0.006397371281320229, 'input_scaling': 0.550142611755141, 'bias_dist': 'foldnorm', 'bias_scaling': 0.07438842372152364, 'lr': 0.6575600610814601, 'sr': 0.8663422541011234, 'rc_connectivity': 0.013579746643157644, 'learning_rate': 0.0001}",dqn,300,linear,0.0001,,,,,,
Autoencode,filterbank+esn,4,312,4.237179487179487,-0.5053846399999999,0.11331750532512794,-0.47599123815409977,-0.4670102989690722,724,"{'decomposition': 'legendre', 'n_filters': 12, 'slowest': 0.006397371281320229, 'input_scaling': 0.550142611755141, 'bias_dist': 'foldnorm', 'bias_scaling': 0.07438842372152364, 'lr': 0.6575600610814601, 'sr': 0.8663422541011234, 'rc_connectivity': 0.013579746643157644, 'learning_rate': 0.0001}",dqn,300,linear,0.0001,,,,,,
Autoencode,filterbank+esn,5,312,4.237179487179487,-0.46307690000000007,0.08936338924509298,-0.4835425043263289,-0.46927039690721645,727,"{'decomposition': 'legendre', 'n_filters': 12, 'slowest': 0.006397371281320229, 'input_scaling': 0.550142611755141, 'bias_dist': 'foldnorm', 'bias_scaling': 0.07438842372152364, 'lr': 0.6575600610814601, 'sr': 0.8663422541011234, 'rc_connectivity': 0.013579746643157644, 'learning_rate': 0.0001}",dqn,300,linear,0.0001,,,,,,
Autoencode,filterbank+esn,7,312,4.237179487179487,-0.46230762,0.10419886820400498,-0.4755593964771323,-0.46697063505154635,717,"{'decomposition': 'legendre', 'n_filters': 12, 'slowest': 0.006397371281320229, 'input_scaling': 0.550142611755141, 'bias_dist': 'foldnorm', 'bias_scaling': 0.07438842372152364, 'lr': 0.6575600610814601, 'sr': 0.8663422541011234, 'rc_connectivity': 0.013579746643157644, 'learning_rate': 0.0001}",dqn,300,linear,0.0001,,,,,,
Autoencode,filterbank+esn,6,312,4.237179487179487,-0.46846148000000004,0.09316596112599064,-0.4738122239390194,-0.46697063298969077,726,"{'decomposition': 'legendre', 'n_filters': 12, 'slowest': 0.006397371281320229, 'input_scaling': 0.550142611755141, 'bias_dist': 'foldnorm', 'bias_scaling': 0.07438842372152364, 'lr': 0.6575600610814601, 'sr': 0.8663422541011234, 'rc_connectivity': 0.013579746643157644, 'learning_rate': 0.0001}",dqn,300,linear,0.0001,,,,,,
Autoencode,filterbank+proj,5,312,0.0,-0.46769226,0.11725672585686672,-0.4793273509204978,-0.4662076450617284,993,"{'decomposition': 'legendre', 'n_filters': 12, 'slowest': 0.015468638100899648, 'input_scaling': 0.8216619713233748, 'bias_dist': 'foldnorm', 'bias_scaling': 0.04249382119350724, 'lr': 0.7520411716638045, 'weight_increment': 0.001395793645992084, 'min_window': 19, 'max_window': 32, 'use_full_instance': True, 'max_partners': 20, 'homeostasis': 'mean', 'target': 0.69, 'spread': 0.36000000000000004, 'learning_rate': 0.001}",ppo,300,linear,0.001,,,,,,
Autoencode,filterbank+proj,0,312,0.0,-0.45538446,0.06074492877342437,-0.4816295723542116,-0.4698479979423868,978,"{'decomposition': 'legendre', 'n_filters': 12, 'slowest': 0.015468638100899648, 'input_scaling': 0.8216619713233748, 'bias_dist': 'foldnorm', 'bias_scaling': 0.04249382119350724, 'lr': 0.7520411716638045, 'weight_increment': 0.001395793645992084, 'min_window': 19, 'max_window': 32, 'use_full_instance': True, 'max_partners': 20, 'homeostasis': 'mean', 'target': 0.69, 'spread': 0.36000000000000004, 'learning_rate': 0.003}",ppo,300,linear,0.003,,,,,,
Autoencode,filterbank+proj,6,312,0.0,-0.45692298000000003,0.1007781372698444,-0.4787814351537591,-0.4668407181069959,991,"{'decomposition': 'legendre', 'n_filters': 12, 'slowest': 0.015468638100899648, 'input_scaling': 0.8216619713233748, 'bias_dist': 'foldnorm', 'bias_scaling': 0.04249382119350724, 'lr': 0.7520411716638045, 'weight_increment': 0.001395793645992084, 'min_window': 19, 'max_window': 32, 'use_full_instance': True, 'max_partners': 20, 'homeostasis': 'mean', 'target': 0.69, 'spread': 0.36000000000000004, 'learning_rate': 0.001}",ppo,300,linear,0.001,,,,,,
Autoencode,filterbank+proj,9,312,0.0,-0.47153846,0.08764175078447714,-0.4820291112825259,-0.4683048137860083,988,"{'decomposition': 'legendre', 'n_filters': 12, 'slowest': 0.015468638100899648, 'input_scaling': 0.8216619713233748, 'bias_dist': 'foldnorm', 'bias_scaling': 0.04249382119350724, 'lr': 0.7520411716638045, 'weight_increment': 0.001395793645992084, 'min_window': 19, 'max_window': 32, 'use_full_instance': True, 'max_partners': 20, 'homeostasis': 'mean', 'target': 0.69, 'spread': 0.36000000000000004, 'learning_rate': 0.001}",ppo,300,linear,0.001,,,,,,
Autoencode,filterbank+proj,8,312,0.0,-0.46769226,0.10861155635047495,-0.48328704175665943,-0.46684074794238684,993,"{'decomposition': 'legendre', 'n_filters': 12, 'slowest': 0.015468638100899648, 'input_scaling': 0.8216619713233748, 'bias_dist': 'foldnorm', 'bias_scaling': 0.04249382119350724, 'lr': 0.7520411716638045, 'weight_increment': 0.001395793645992084, 'min_window': 19, 'max_window': 32, 'use_full_instance': True, 'max_partners': 20, 'homeostasis': 'mean', 'target': 0.69, 'spread': 0.36000000000000004, 'learning_rate': 0.001}",ppo,300,linear,0.001,,,,,,
Autoencode,filterbank+proj,7,312,0.0,-0.47384605999999996,0.09180640585654357,-0.480067073742672,-0.4681860997942387,998,"{'decomposition': 'legendre', 'n_filters': 12, 'slowest': 0.015468638100899648, 'input_scaling': 0.8216619713233748, 'bias_dist': 'foldnorm', 'bias_scaling': 0.04249382119350724, 'lr': 0.7520411716638045, 'weight_increment': 0.001395793645992084, 'min_window': 19, 'max_window': 32, 'use_full_instance': True, 'max_partners': 20, 'homeostasis': 'mean', 'target': 0.69, 'spread': 0.36000000000000004, 'learning_rate': 0.001}",ppo,300,linear,0.001,,,,,,
Autoencode,filterbank+esn,8,312,4.237179487179487,-0.4915384399999999,0.08506537125697154,-0.4762883722702925,-0.47113399896907215,726,"{'decomposition': 'legendre', 'n_filters': 12, 'slowest': 0.006397371281320229, 'input_scaling': 0.550142611755141, 'bias_dist': 'foldnorm', 'bias_scaling': 0.07438842372152364, 'lr': 0.6575600610814601, 'sr': 0.8663422541011234, 'rc_connectivity': 0.013579746643157644, 'learning_rate': 0.0001}",dqn,300,linear,0.0001,,,,,,
Autoencode,filterbank+proj,2,312,0.0,-0.44692303999999994,0.09162897650306043,-0.482242727861771,-0.4690170905349794,987,"{'decomposition': 'legendre', 'n_filters': 12, 'slowest': 0.015468638100899648, 'input_scaling': 0.8216619713233748, 'bias_dist': 'foldnorm', 'bias_scaling': 0.04249382119350724, 'lr': 0.7520411716638045, 'weight_increment': 0.001395793645992084, 'min_window': 19, 'max_window': 32, 'use_full_instance': True, 'max_partners': 20, 'homeostasis': 'mean', 'target': 0.69, 'spread': 0.36000000000000004, 'learning_rate': 0.003}",ppo,300,linear,0.003,,,,,,
Autoencode,filterbank+proj,1,312,0.0,-0.4499999400000001,0.1197260553080089,-0.46866666481538627,-0.4605887716049383,993,"{'decomposition': 'legendre', 'n_filters': 12, 'slowest': 0.015468638100899648, 'input_scaling': 0.8216619713233748, 'bias_dist': 'foldnorm', 'bias_scaling': 0.04249382119350724, 'lr': 0.7520411716638045, 'weight_increment': 0.001395793645992084, 'min_window': 19, 'max_window': 32, 'use_full_instance': True, 'max_partners': 20, 'homeostasis': 'mean', 'target': 0.69, 'spread': 0.36000000000000004, 'learning_rate': 0.003}",ppo,300,linear,0.003,,,,,,
Autoencode,filterbank+esn,9,312,4.237179487179487,-0.4523076199999999,0.10812003942616558,-0.48020663473423975,-0.46617761134020613,731,"{'decomposition': 'legendre', 'n_filters': 12, 'slowest': 0.006397371281320229, 'input_scaling': 0.550142611755141, 'bias_dist': 'foldnorm', 'bias_scaling': 0.07438842372152364, 'lr': 0.6575600610814601, 'sr': 0.8663422541011234, 'rc_connectivity': 0.013579746643157644, 'learning_rate': 0.0001}",dqn,300,linear,0.0001,,,,,,
Autoencode,filterbank+esn,2,312,4.237179487179487,-0.46384604,0.06983077892504422,-0.48576509785743716,-0.47835048144329895,701,"{'decomposition': 'legendre', 'n_filters': 12, 'slowest': 0.006397371281320229, 'input_scaling': 0.550142611755141, 'bias_dist': 'foldnorm', 'bias_scaling': 0.07438842372152364, 'lr': 0.6575600610814601, 'sr': 0.8663422541011234, 'rc_connectivity': 0.013579746643157644, 'learning_rate': 0.0003}",dqn,300,linear,0.0003,,,,,,
Autoencode,filterbank+esn,0,312,4.237179487179487,-0.47923069999999995,0.0864179480185106,-0.4825045027812113,-0.4671292329896907,723,"{'decomposition': 'legendre', 'n_filters': 12, 'slowest': 0.006397371281320229, 'input_scaling': 0.550142611755141, 'bias_dist': 'foldnorm', 'bias_scaling': 0.07438842372152364, 'lr': 0.6575600610814601, 'sr': 0.8663422541011234, 'rc_connectivity': 0.013579746643157644, 'learning_rate': 0.0003}",dqn,300,linear,0.0003,,,,,,
Autoencode,filterbank+esn,1,312,4.237179487179487,-0.47307698000000004,0.11441911429503203,-0.48239357684384016,-0.4759317804123711,721,"{'decomposition': 'legendre', 'n_filters': 12, 'slowest': 0.006397371281320229, 'input_scaling': 0.550142611755141, 'bias_dist': 'foldnorm', 'bias_scaling': 0.07438842372152364, 'lr': 0.6575600610814601, 'sr': 0.8663422541011234, 'rc_connectivity': 0.013579746643157644, 'learning_rate': 0.0003}",dqn,300,linear,0.0003,,,,,,
Autoencode,filterbank+proj,3,312,0.0,-0.46384612000000003,0.10389170700063408,-0.466471227398951,-0.4476495277777778,995,"{'decomposition': 'legendre', 'n_filters': 12, 'slowest': 0.015468638100899648, 'input_scaling': 0.8216619713233748, 'bias_dist': 'foldnorm', 'bias_scaling': 0.04249382119350724, 'lr': 0.7520411716638045, 'weight_increment': 0.001395793645992084, 'min_window': 19, 'max_window': 32, 'use_full_instance': True, 'max_partners': 20, 'homeostasis': 'mean', 'target': 0.69, 'spread': 0.36000000000000004, 'learning_rate': 0.003}",ppo,300,linear,0.003,,,,,,
Autoencode,filterbank+esn,3,312,4.237179487179487,-0.5007693,0.05781541439867052,-0.4868031084672435,-0.4805709628865979,718,"{'decomposition': 'legendre', 'n_filters': 12, 'slowest': 0.006397371281320229, 'input_scaling': 0.550142611755141, 'bias_dist': 'foldnorm', 'bias_scaling': 0.07438842372152364, 'lr': 0.6575600610814601, 'sr': 0.8663422541011234, 'rc_connectivity': 0.013579746643157644, 'learning_rate': 0.0003}",dqn,300,linear,0.0003,,,,,,
Autoencode,filterbank+proj,4,312,0.0,-0.43999995999999997,0.07888272205697772,-0.47571971150879355,-0.45572168518518524,985,"{'decomposition': 'legendre', 'n_filters': 12, 'slowest': 0.015468638100899648, 'input_scaling': 0.8216619713233748, 'bias_dist': 'foldnorm', 'bias_scaling': 0.04249382119350724, 'lr': 0.7520411716638045, 'weight_increment': 0.001395793645992084, 'min_window': 19, 'max_window': 32, 'use_full_instance': True, 'max_partners': 20, 'homeostasis': 'mean', 'target': 0.69, 'spread': 0.36000000000000004, 'learning_rate': 0.003}",ppo,300,linear,0.003,,,,,,
Autoencode,filterbank+esn,4,312,4.237179487179487,-0.49000007999999995,0.09994383601540217,-0.48326121332921296,-0.47200631443298974,721,"{'decomposition': 'legendre', 'n_filters': 12, 'slowest': 0.006397371281320229, 'input_scaling': 0.550142611755141, 'bias_dist': 'foldnorm', 'bias_scaling': 0.07438842372152364, 'lr': 0.6575600610814601, 'sr': 0.8663422541011234, 'rc_connectivity': 0.013579746643157644, 'learning_rate': 0.0003}",dqn,300,linear,0.0003,,,,,,
Autoencode,filterbank+proj,9,312,0.0,-0.46153838,0.09069106608456866,-0.4790069270801193,-0.4644665524691358,960,"{'decomposition': 'legendre', 'n_filters': 12, 'slowest': 0.015468638100899648, 'input_scaling': 0.8216619713233748, 'bias_dist': 'foldnorm', 'bias_scaling': 0.04249382119350724, 'lr': 0.7520411716638045, 'weight_increment': 0.001395793645992084, 'min_window': 19, 'max_window': 32, 'use_full_instance': True, 'max_partners': 20, 'homeostasis': 'mean', 'target': 0.69, 'spread': 0.36000000000000004, 'learning_rate': 0.003}",ppo,300,linear,0.003,,,,,,
Autoencode,filterbank+proj,5,312,0.0,-0.44923066,0.11132342309803629,-0.4793352676128767,-0.4606679053497943,995,"{'decomposition': 'legendre', 'n_filters': 12, 'slowest': 0.015468638100899648, 'input_scaling': 0.8216619713233748, 'bias_dist': 'foldnorm', 'bias_scaling': 0.04249382119350724, 'lr': 0.7520411716638045, 'weight_increment': 0.001395793645992084, 'min_window': 19, 'max_window': 32, 'use_full_instance': True, 'max_partners': 20, 'homeostasis': 'mean', 'target': 0.69, 'spread': 0.36000000000000004, 'learning_rate': 0.003}",ppo,300,linear,0.003,,,,,,
Autoencode,filterbank+esn,6,312,4.237179487179487,-0.46846154,0.10622357677468972,-0.4834751518335393,-0.475971418556701,724,"{'decomposition': 'legendre', 'n_filters': 12, 'slowest': 0.006397371281320229, 'input_scaling': 0.550142611755141, 'bias_dist': 'foldnorm', 'bias_scaling': 0.07438842372152364, 'lr': 0.6575600610814601, 'sr': 0.8663422541011234, 'rc_connectivity': 0.013579746643157644, 'learning_rate': 0.0003}",dqn,300,linear,0.0003,,,,,,
Autoencode,filterbank+esn,7,312,4.237179487179487,-0.49384612000000006,0.02475934700159922,-0.4842318667078698,-0.47688341649484534,722,"{'decomposition': 'legendre', 'n_filters': 12, 'slowest': 0.006397371281320229, 'input_scaling': 0.550142611755141, 'bias_dist': 'foldnorm', 'bias_scaling': 0.07438842372152364, 'lr': 0.6575600610814601, 'sr': 0.8663422541011234, 'rc_connectivity': 0.013579746643157644, 'learning_rate': 0.0003}",dqn,300,linear,0.0003,,,,,,
Autoencode,filterbank+esn,5,312,4.237179487179487,-0.45923070000000005,0.07434537689170725,-0.4810822009682736,-0.4710943443298969,736,"{'decomposition': 'legendre', 'n_filters': 12, 'slowest': 0.006397371281320229, 'input_scaling': 0.550142611755141, 'bias_dist': 'foldnorm', 'bias_scaling': 0.07438842372152364, 'lr': 0.6575600610814601, 'sr': 0.8663422541011234, 'rc_connectivity': 0.013579746643157644, 'learning_rate': 0.0003}",dqn,300,linear,0.0003,,,,,,
Autoencode,filterbank+proj,8,312,0.0,-0.45999986,0.061519336798119,-0.47270940861873917,-0.460113908436214,992,"{'decomposition': 'legendre', 'n_filters': 12, 'slowest': 0.015468638100899648, 'input_scaling': 0.8216619713233748, 'bias_dist': 'foldnorm', 'bias_scaling': 0.04249382119350724, 'lr': 0.7520411716638045, 'weight_increment': 0.001395793645992084, 'min_window': 19, 'max_window': 32, 'use_full_instance': True, 'max_partners': 20, 'homeostasis': 'mean', 'target': 0.69, 'spread': 0.36000000000000004, 'learning_rate': 0.003}",ppo,300,linear,0.003,,,,,,
Autoencode,filterbank+proj,6,312,0.0,-0.46769222,0.07667661140251048,-0.47866276056772605,-0.46335860493827163,997,"{'decomposition': 'legendre', 'n_filters': 12, 'slowest': 0.015468638100899648, 'input_scaling': 0.8216619713233748, 'bias_dist': 'foldnorm', 'bias_scaling': 0.04249382119350724, 'lr': 0.7520411716638045, 'weight_increment': 0.001395793645992084, 'min_window': 19, 'max_window': 32, 'use_full_instance': True, 'max_partners': 20, 'homeostasis': 'mean', 'target': 0.69, 'spread': 0.36000000000000004, 'learning_rate': 0.003}",ppo,300,linear,0.003,,,,,,
Autoencode,filterbank+esn,8,312,4.237179487179487,-0.4838461,0.04556688601001828,-0.4838634189328389,-0.47704200412371134,726,"{'decomposition': 'legendre', 'n_filters': 12, 'slowest': 0.006397371281320229, 'input_scaling': 0.550142611755141, 'bias_dist': 'foldnorm', 'bias_scaling': 0.07438842372152364, 'lr': 0.6575600610814601, 'sr': 0.8663422541011234, 'rc_connectivity': 0.013579746643157644, 'learning_rate': 0.0003}",dqn,300,linear,0.0003,,,,,,
Autoencode,filterbank+proj,7,312,0.0,-0.45769222000000004,0.11206780613401693,-0.4676737445232952,-0.45417849588477366,999,"{'decomposition': 'legendre', 'n_filters': 12, 'slowest': 0.015468638100899648, 'input_scaling': 0.8216619713233748, 'bias_dist': 'foldnorm', 'bias_scaling': 0.04249382119350724, 'lr': 0.7520411716638045, 'weight_increment': 0.001395793645992084, 'min_window': 19, 'max_window': 32, 'use_full_instance': True, 'max_partners': 20, 'homeostasis': 'mean', 'target': 0.69, 'spread': 0.36000000000000004, 'learning_rate': 0.003}",ppo,300,linear,0.003,,,,,,
Autoencode,filterbank+esn,9,312,4.237179487179487,-0.48307684,0.07098640026494088,-0.48640296302018954,-0.4752577134020619,726,"{'decomposition': 'legendre', 'n_filters': 12, 'slowest': 0.006397371281320229, 'input_scaling': 0.550142611755141, 'bias_dist': 'foldnorm', 'bias_scaling': 0.07438842372152364, 'lr': 0.6575600610814601, 'sr': 0.8663422541011234, 'rc_connectivity': 0.013579746643157644, 'learning_rate': 0.0003}",dqn,300,linear,0.0003,,,,,,
Autoencode,filterbank+esn,1,312,4.237179487179487,-0.4876923,0.11369022242325855,-0.4905549700247218,-0.48628071340206186,720,"{'decomposition': 'legendre', 'n_filters': 12, 'slowest': 0.006397371281320229, 'input_scaling': 0.550142611755141, 'bias_dist': 'foldnorm', 'bias_scaling': 0.07438842372152364, 'lr': 0.6575600610814601, 'sr': 0.8663422541011234, 'rc_connectivity': 0.013579746643157644, 'learning_rate': 0.001}",dqn,300,linear,0.001,,,,,,
Autoencode,filterbank+esn,0,312,4.237179487179487,-0.49538456000000003,0.050815924541883516,-0.48849085918829827,-0.4789849278350515,732,"{'decomposition': 'legendre', 'n_filters': 12, 'slowest': 0.006397371281320229, 'input_scaling': 0.550142611755141, 'bias_dist': 'foldnorm', 'bias_scaling': 0.07438842372152364, 'lr': 0.6575600610814601, 'sr': 0.8663422541011234, 'rc_connectivity': 0.013579746643157644, 'learning_rate': 0.001}",dqn,300,linear,0.001,,,,,,
Autoencode,filterbank+proj,0,312,0.0,-0.4715384,0.09415156131004944,-0.4808107532654531,-0.48274769444444443,996,"{'decomposition': 'legendre', 'n_filters': 12, 'slowest': 0.015468638100899648, 'input_scaling': 0.8216619713233748, 'bias_dist': 'foldnorm', 'bias_scaling': 0.04249382119350724, 'lr': 0.7520411716638045, 'weight_increment': 0.001395793645992084, 'min_window': 19, 'max_window': 32, 'use_full_instance': True, 'max_partners': 20, 'homeostasis': 'mean', 'target': 0.69, 'spread': 0.36000000000000004, 'learning_rate': 0.01}",ppo,300,linear,0.01,,,,,,
Autoencode,filterbank+esn,2,312,4.237179487179487,-0.48846149999999994,0.05921085329540522,-0.49296376957148735,-0.49750199484536084,736,"{'decomposition': 'legendre', 'n_filters': 12, 'slowest': 0.006397371281320229, 'input_scaling': 0.550142611755141, 'bias_dist': 'foldnorm', 'bias_scaling': 0.07438842372152364, 'lr': 0.6575600610814601, 'sr': 0.8663422541011234, 'rc_connectivity': 0.013579746643157644, 'learning_rate': 0.001}",dqn,300,linear,0.001,,,,,,
Autoencode,filterbank+esn,3,312,4.237179487179487,-0.48230754,0.035426569543894594,-0.4931380915739597,-0.4937747855670103,725,"{'decomposition': 'legendre', 'n_filters': 12, 'slowest': 0.006397371281320229, 'input_scaling': 0.550142611755141, 'bias_dist': 'foldnorm', 'bias_scaling': 0.07438842372152364, 'lr': 0.6575600610814601, 'sr': 0.8663422541011234, 'rc_connectivity': 0.013579746643157644, 'learning_rate': 0.001}",dqn,300,linear,0.001,,,,,,
Autoencode,filterbank+proj,2,312,0.0,-0.4546153399999999,0.11112402356423384,-0.477104235832562,-0.4633982098765432,991,"{'decomposition': 'legendre', 'n_filters': 12, 'slowest': 0.015468638100899648, 'input_scaling': 0.8216619713233748, 'bias_dist': 'foldnorm', 'bias_scaling': 0.04249382119350724, 'lr': 0.7520411716638045, 'weight_increment': 0.001395793645992084, 'min_window': 19, 'max_window': 32, 'use_full_instance': True, 'max_partners': 20, 'homeostasis': 'mean', 'target': 0.69, 'spread': 0.36000000000000004, 'learning_rate': 0.01}",ppo,300,linear,0.01,,,,,,
Autoencode,filterbank+proj,1,312,0.0,-0.47153841999999996,0.08864867231404878,-0.4772426847680757,-0.4733697201646091,1020,"{'decomposition': 'legendre', 'n_filters': 12, 'slowest': 0.015468638100899648, 'input_scaling': 0.8216619713233748, 'bias_dist': 'foldnorm', 'bias_scaling': 0.04249382119350724, 'lr': 0.7520411716638045, 'weight_increment': 0.001395793645992084, 'min_window': 19, 'max_window': 32, 'use_full_instance': True, 'max_partners': 20, 'homeostasis': 'mean', 'target': 0.69, 'spread': 0.36000000000000004, 'learning_rate': 0.01}",ppo,300,linear,0.01,,,,,,
Autoencode,filterbank+proj,5,312,0.0,-0.45461524000000003,0.10079275478833981,-0.48098876087627285,-0.47534818209876545,982,"{'decomposition': 'legendre', 'n_filters': 12, 'slowest': 0.015468638100899648, 'input_scaling': 0.8216619713233748, 'bias_dist': 'foldnorm', 'bias_scaling': 0.04249382119350724, 'lr': 0.7520411716638045, 'weight_increment': 0.001395793645992084, 'min_window': 19, 'max_window': 32, 'use_full_instance': True, 'max_partners': 20, 'homeostasis': 'mean', 'target': 0.69, 'spread': 0.36000000000000004, 'learning_rate': 0.01}",ppo,300,linear,0.01,,,,,,
Autoencode,filterbank+proj,4,312,0.0,-0.4607692,0.12767616468895046,-0.47694600010284893,-0.46961061522633746,994,"{'decomposition': 'legendre', 'n_filters': 12, 'slowest': 0.015468638100899648, 'input_scaling': 0.8216619713233748, 'bias_dist': 'foldnorm', 'bias_scaling': 0.04249382119350724, 'lr': 0.7520411716638045, 'weight_increment': 0.001395793645992084, 'min_window': 19, 'max_window': 32, 'use_full_instance': True, 'max_partners': 20, 'homeostasis': 'mean', 'target': 0.69, 'spread': 0.36000000000000004, 'learning_rate': 0.01}",ppo,300,linear,0.01,,,,,,
Autoencode,filterbank+proj,6,312,0.0,-0.44692298,0.10956892513983879,-0.47666119243031985,-0.4643083096707819,989,"{'decomposition': 'legendre', 'n_filters': 12, 'slowest': 0.015468638100899648, 'input_scaling': 0.8216619713233748, 'bias_dist': 'foldnorm', 'bias_scaling': 0.04249382119350724, 'lr': 0.7520411716638045, 'weight_increment': 0.001395793645992084, 'min_window': 19, 'max_window': 32, 'use_full_instance': True, 'max_partners': 20, 'homeostasis': 'mean', 'target': 0.69, 'spread': 0.36000000000000004, 'learning_rate': 0.01}",ppo,300,linear,0.01,,,,,,
Autoencode,filterbank+proj,3,312,0.0,-0.46384608,0.11131550442033489,-0.4760559679111386,-0.4703228755144034,1011,"{'decomposition': 'legendre', 'n_filters': 12, 'slowest': 0.015468638100899648, 'input_scaling': 0.8216619713233748, 'bias_dist': 'foldnorm', 'bias_scaling': 0.04249382119350724, 'lr': 0.7520411716638045, 'weight_increment': 0.001395793645992084, 'min_window': 19, 'max_window': 32, 'use_full_instance': True, 'max_partners': 20, 'homeostasis': 'mean', 'target': 0.69, 'spread': 0.36000000000000004, 'learning_rate': 0.01}",ppo,300,linear,0.01,,,,,,
Autoencode,filterbank+proj,8,312,0.0,-0.43923071999999996,0.08034326020545593,-0.4842285007713668,-0.47570431069958846,984,"{'decomposition': 'legendre', 'n_filters': 12, 'slowest': 0.015468638100899648, 'input_scaling': 0.8216619713233748, 'bias_dist': 'foldnorm', 'bias_scaling': 0.04249382119350724, 'lr': 0.7520411716638045, 'weight_increment': 0.001395793645992084, 'min_window': 19, 'max_window': 32, 'use_full_instance': True, 'max_partners': 20, 'homeostasis': 'mean', 'target': 0.69, 'spread': 0.36000000000000004, 'learning_rate': 0.01}",ppo,300,linear,0.01,,,,,,
Autoencode,filterbank+proj,7,312,0.0,-0.5,0.0,-0.4993829048647537,-0.5,991,"{'decomposition': 'legendre', 'n_filters': 12, 'slowest': 0.015468638100899648, 'input_scaling': 0.8216619713233748, 'bias_dist': 'foldnorm', 'bias_scaling': 0.04249382119350724, 'lr': 0.7520411716638045, 'weight_increment': 0.001395793645992084, 'min_window': 19, 'max_window': 32, 'use_full_instance': True, 'max_partners': 20, 'homeostasis': 'mean', 'target': 0.69, 'spread': 0.36000000000000004, 'learning_rate': 0.01}",ppo,300,linear,0.01,,,,,,
Autoencode,filterbank+proj,9,312,0.0,-0.45230768000000005,0.0921666775969363,-0.481321038671192,-0.48468660288065846,992,"{'decomposition': 'legendre', 'n_filters': 12, 'slowest': 0.015468638100899648, 'input_scaling': 0.8216619713233748, 'bias_dist': 'foldnorm', 'bias_scaling': 0.04249382119350724, 'lr': 0.7520411716638045, 'weight_increment': 0.001395793645992084, 'min_window': 19, 'max_window': 32, 'use_full_instance': True, 'max_partners': 20, 'homeostasis': 'mean', 'target': 0.69, 'spread': 0.36000000000000004, 'learning_rate': 0.01}",ppo,300,linear,0.01,,,,,,
Autoencode,filterbank+esn,4,312,4.237179487179487,-0.48153845999999995,0.08076562520929556,-0.48679914421096,-0.48172083814432987,729,"{'decomposition': 'legendre', 'n_filters': 12, 'slowest': 0.006397371281320229, 'input_scaling': 0.550142611755141, 'bias_dist': 'foldnorm', 'bias_scaling': 0.07438842372152364, 'lr': 0.6575600610814601, 'sr': 0.8663422541011234, 'rc_connectivity': 0.013579746643157644, 'learning_rate': 0.001}",dqn,300,linear,0.001,,,,,,
Autoencode,filterbank+esn,5,312,4.237179487179487,-0.48153848,0.0884583315545212,-0.49213178831891224,-0.4899682721649485,730,"{'decomposition': 'legendre', 'n_filters': 12, 'slowest': 0.006397371281320229, 'input_scaling': 0.550142611755141, 'bias_dist': 'foldnorm', 'bias_scaling': 0.07438842372152364, 'lr': 0.6575600610814601, 'sr': 0.8663422541011234, 'rc_connectivity': 0.013579746643157644, 'learning_rate': 0.001}",dqn,300,linear,0.001,,,,,,
Autoencode,filterbank+esn,6,312,4.237179487179487,-0.49076928000000003,0.10893800782115304,-0.48746473104655946,-0.4791435226804124,725,"{'decomposition': 'legendre', 'n_filters': 12, 'slowest': 0.006397371281320229, 'input_scaling': 0.550142611755141, 'bias_dist': 'foldnorm', 'bias_scaling': 0.07438842372152364, 'lr': 0.6575600610814601, 'sr': 0.8663422541011234, 'rc_connectivity': 0.013579746643157644, 'learning_rate': 0.001}",dqn,300,linear,0.001,,,,,,
Autoencode,filterbank+esn,7,312,4.237179487179487,-0.49846156,0.08564425358940551,-0.48845519015245153,-0.4836637597938145,736,"{'decomposition': 'legendre', 'n_filters': 12, 'slowest': 0.006397371281320229, 'input_scaling': 0.550142611755141, 'bias_dist': 'foldnorm', 'bias_scaling': 0.07438842372152364, 'lr': 0.6575600610814601, 'sr': 0.8663422541011234, 'rc_connectivity': 0.013579746643157644, 'learning_rate': 0.001}",dqn,300,linear,0.001,,,,,,
Autoencode,filterbank+esn,8,312,4.237179487179487,-0.49230764,0.027735131845917013,-0.4884512283683559,-0.48826327731958763,712,"{'decomposition': 'legendre', 'n_filters': 12, 'slowest': 0.006397371281320229, 'input_scaling': 0.550142611755141, 'bias_dist': 'foldnorm', 'bias_scaling': 0.07438842372152364, 'lr': 0.6575600610814601, 'sr': 0.8663422541011234, 'rc_connectivity': 0.013579746643157644, 'learning_rate': 0.001}",dqn,300,linear,0.001,,,,,,
Autoencode,filterbank+esn,9,312,4.237179487179487,-0.47999994,0.050582583152863986,-0.490899655026782,-0.4821966536082474,728,"{'decomposition': 'legendre', 'n_filters': 12, 'slowest': 0.006397371281320229, 'input_scaling': 0.550142611755141, 'bias_dist': 'foldnorm', 'bias_scaling': 0.07438842372152364, 'lr': 0.6575600610814601, 'sr': 0.8663422541011234, 'rc_connectivity': 0.013579746643157644, 'learning_rate': 0.001}",dqn,300,linear,0.001,,,,,,
Autoencode,filterbank+esn,0,312,4.237179487179487,-0.4630769,0.10958779658269438,-0.4929915086526576,-0.4873116536082474,729,"{'decomposition': 'legendre', 'n_filters': 12, 'slowest': 0.006397371281320229, 'input_scaling': 0.550142611755141, 'bias_dist': 'foldnorm', 'bias_scaling': 0.07438842372152364, 'lr': 0.6575600610814601, 'sr': 0.8663422541011234, 'rc_connectivity': 0.013579746643157644, 'learning_rate': 0.003}",dqn,300,linear,0.003,,,,,,
Autoencode,filterbank+esn,1,312,4.237179487179487,-0.5053846399999999,0.07175328519413168,-0.491937656262876,-0.488620130927835,721,"{'decomposition': 'legendre', 'n_filters': 12, 'slowest': 0.006397371281320229, 'input_scaling': 0.550142611755141, 'bias_dist': 'foldnorm', 'bias_scaling': 0.07438842372152364, 'lr': 0.6575600610814601, 'sr': 0.8663422541011234, 'rc_connectivity': 0.013579746643157644, 'learning_rate': 0.003}",dqn,300,linear,0.003,,,,,,
Autoencode,filterbank+esn,3,312,4.237179487179487,-0.4946154,0.07297975191380139,-0.49405724206839724,-0.4879460690721649,715,"{'decomposition': 'legendre', 'n_filters': 12, 'slowest': 0.006397371281320229, 'input_scaling': 0.550142611755141, 'bias_dist': 'foldnorm', 'bias_scaling': 0.07438842372152364, 'lr': 0.6575600610814601, 'sr': 0.8663422541011234, 'rc_connectivity': 0.013579746643157644, 'learning_rate': 0.003}",dqn,300,linear,0.003,,,,,,
Autoencode,filterbank+esn,2,312,4.237179487179487,-0.47846148,0.06397123680631475,-0.4944177699835187,-0.5014670958762887,721,"{'decomposition': 'legendre', 'n_filters': 12, 'slowest': 0.006397371281320229, 'input_scaling': 0.550142611755141, 'bias_dist': 'foldnorm', 'bias_scaling': 0.07438842372152364, 'lr': 0.6575600610814601, 'sr': 0.8663422541011234, 'rc_connectivity': 0.013579746643157644, 'learning_rate': 0.003}",dqn,300,linear,0.003,,,,,,
Autoencode,filterbank+esn,5,312,4.237179487179487,-0.49538464000000004,0.027348294669145276,-0.4943543793778327,-0.4940127010309278,720,"{'decomposition': 'legendre', 'n_filters': 12, 'slowest': 0.006397371281320229, 'input_scaling': 0.550142611755141, 'bias_dist': 'foldnorm', 'bias_scaling': 0.07438842372152364, 'lr': 0.6575600610814601, 'sr': 0.8663422541011234, 'rc_connectivity': 0.013579746643157644, 'learning_rate': 0.003}",dqn,300,linear,0.003,,,,,,
Autoencode,filterbank+esn,4,312,4.237179487179487,-0.47846148000000005,0.04689173571333866,-0.4905945878656777,-0.4910785041237113,726,"{'decomposition': 'legendre', 'n_filters': 12, 'slowest': 0.006397371281320229, 'input_scaling': 0.550142611755141, 'bias_dist': 'foldnorm', 'bias_scaling': 0.07438842372152364, 'lr': 0.6575600610814601, 'sr': 0.8663422541011234, 'rc_connectivity': 0.013579746643157644, 'learning_rate': 0.003}",dqn,300,linear,0.003,,,,,,
Autoencode,filterbank+esn,9,312,4.237179487179487,-0.48076921999999994,0.11972609000252034,-0.49269436392665844,-0.49008722164948454,712,"{'decomposition': 'legendre', 'n_filters': 12, 'slowest': 0.006397371281320229, 'input_scaling': 0.550142611755141, 'bias_dist': 'foldnorm', 'bias_scaling': 0.07438842372152364, 'lr': 0.6575600610814601, 'sr': 0.8663422541011234, 'rc_connectivity': 0.013579746643157644, 'learning_rate': 0.003}",dqn,300,linear,0.003,,,,,,
Autoencode,filterbank+esn,7,312,4.237179487179487,-0.48769231999999996,0.06029526320182705,-0.4935342742068397,-0.4990880164948454,723,"{'decomposition': 'legendre', 'n_filters': 12, 'slowest': 0.006397371281320229, 'input_scaling': 0.550142611755141, 'bias_dist': 'foldnorm', 'bias_scaling': 0.07438842372152364, 'lr': 0.6575600610814601, 'sr': 0.8663422541011234, 'rc_connectivity': 0.013579746643157644, 'learning_rate': 0.003}",dqn,300,linear,0.003,,,,,,
Autoencode,filterbank+esn,6,312,4.237179487179487,-0.4730769,0.10610098098401352,-0.4942672182735887,-0.4890166608247422,725,"{'decomposition': 'legendre', 'n_filters': 12, 'slowest': 0.006397371281320229, 'input_scaling': 0.550142611755141, 'bias_dist': 'foldnorm', 'bias_scaling': 0.07438842372152364, 'lr': 0.6575600610814601, 'sr': 0.8663422541011234, 'rc_connectivity': 0.013579746643157644, 'learning_rate': 0.003}",dqn,300,linear,0.003,,,,,,
Autoencode,filterbank+hag,1,312,3.3108974358974357,-0.4953846,0.0459225999207362,-0.492076316131026,-0.4832672340206186,716,"{'decomposition': 'legendre', 'n_filters': 12, 'slowest': 0.015468638100899648, 'input_scaling': 0.8216619713233748, 'bias_dist': 'foldnorm', 'bias_scaling': 0.04249382119350724, 'lr': 0.7520411716638045, 'weight_increment': 0.001395793645992084, 'min_window': 19, 'max_window': 32, 'use_full_instance': True, 'max_partners': 20, 'homeostasis': 'mean', 'target': 0.69, 'spread': 0.36000000000000004, 'learning_rate': 0.0001}",dqn,300,linear,0.0001,,,,,,
Autoencode,filterbank+esn,8,312,4.237179487179487,-0.49538457999999996,0.027348425179589412,-0.49259928440461476,-0.4902458360824742,732,"{'decomposition': 'legendre', 'n_filters': 12, 'slowest': 0.006397371281320229, 'input_scaling': 0.550142611755141, 'bias_dist': 'foldnorm', 'bias_scaling': 0.07438842372152364, 'lr': 0.6575600610814601, 'sr': 0.8663422541011234, 'rc_connectivity': 0.013579746643157644, 'learning_rate': 0.003}",dqn,300,linear,0.003,,,,,,
Autoencode,filterbank+hag,0,312,3.0224358974358974,-0.49230763999999994,0.10547168901440045,-0.49244872579316035,-0.49064233711340205,729,"{'decomposition': 'legendre', 'n_filters': 12, 'slowest': 0.015468638100899648, 'input_scaling': 0.8216619713233748, 'bias_dist': 'foldnorm', 'bias_scaling': 0.04249382119350724, 'lr': 0.7520411716638045, 'weight_increment': 0.001395793645992084, 'min_window': 19, 'max_window': 32, 'use_full_instance': True, 'max_partners': 20, 'homeostasis': 'mean', 'target': 0.69, 'spread': 0.36000000000000004, 'learning_rate': 0.0001}",dqn,300,linear,0.0001,,,,,,
Autoencode,filterbank+hag,2,312,3.1378205128205128,-0.49615384,0.06261100022531503,-0.49260720065925007,-0.49369547422680415,723,"{'decomposition': 'legendre', 'n_filters': 12, 'slowest': 0.015468638100899648, 'input_scaling': 0.8216619713233748, 'bias_dist': 'foldnorm', 'bias_scaling': 0.04249382119350724, 'lr': 0.7520411716638045, 'weight_increment': 0.001395793645992084, 'min_window': 19, 'max_window': 32, 'use_full_instance': True, 'max_partners': 20, 'homeostasis': 'mean', 'target': 0.69, 'spread': 0.36000000000000004, 'learning_rate': 0.0001}",dqn,300,linear,0.0001,,,,,,
Autoencode,filterbank+hag,5,312,3.269230769230769,-0.49769233999999996,0.048290432071626775,-0.48850670127729706,-0.486716893814433,722,"{'decomposition': 'legendre', 'n_filters': 12, 'slowest': 0.015468638100899648, 'input_scaling': 0.8216619713233748, 'bias_dist': 'foldnorm', 'bias_scaling': 0.04249382119350724, 'lr': 0.7520411716638045, 'weight_increment': 0.001395793645992084, 'min_window': 19, 'max_window': 32, 'use_full_instance': True, 'max_partners': 20, 'homeostasis': 'mean', 'target': 0.69, 'spread': 0.36000000000000004, 'learning_rate': 0.0001}",dqn,300,linear,0.0001,,,,,,
Autoencode,filterbank+hag,3,312,3.1121794871794872,-0.49846154000000004,0.10795587748764954,-0.49023010527400085,-0.4868754907216495,728,"{'decomposition': 'legendre', 'n_filters': 12, 'slowest': 0.015468638100899648, 'input_scaling': 0.8216619713233748, 'bias_dist': 'foldnorm', 'bias_scaling': 0.04249382119350724, 'lr': 0.7520411716638045, 'weight_increment': 0.001395793645992084, 'min_window': 19, 'max_window': 32, 'use_full_instance': True, 'max_partners': 20, 'homeostasis': 'mean', 'target': 0.69, 'spread': 0.36000000000000004, 'learning_rate': 0.0001}",dqn,300,linear,0.0001,,,,,,
Autoencode,filterbank+hag,4,312,2.8653846153846154,-0.50615386,0.10098924048412485,-0.48641880706633706,-0.4812450422680412,727,"{'decomposition': 'legendre', 'n_filters': 12, 'slowest': 0.015468638100899648, 'input_scaling': 0.8216619713233748, 'bias_dist': 'foldnorm', 'bias_scaling': 0.04249382119350724, 'lr': 0.7520411716638045, 'weight_increment': 0.001395793645992084, 'min_window': 19, 'max_window': 32, 'use_full_instance': True, 'max_partners': 20, 'homeostasis': 'mean', 'target': 0.69, 'spread': 0.36000000000000004, 'learning_rate': 0.0001}",dqn,300,linear,0.0001,,,,,,
Autoencode,filterbank+hag,6,312,3.6794871794871793,-0.49692302000000005,0.1051458198730677,-0.49195746209311914,-0.48362410721649485,729,"{'decomposition': 'legendre', 'n_filters': 12, 'slowest': 0.015468638100899648, 'input_scaling': 0.8216619713233748, 'bias_dist': 'foldnorm', 'bias_scaling': 0.04249382119350724, 'lr': 0.7520411716638045, 'weight_increment': 0.001395793645992084, 'min_window': 19, 'max_window': 32, 'use_full_instance': True, 'max_partners': 20, 'homeostasis': 'mean', 'target': 0.69, 'spread': 0.36000000000000004, 'learning_rate': 0.0001}",dqn,300,linear,0.0001,,,,,,
Autoencode,filterbank+hag,8,312,2.9743589743589745,-0.4769231,0.10088381271903832,-0.48937434198599084,-0.48988898041237117,716,"{'decomposition': 'legendre', 'n_filters': 12, 'slowest': 0.015468638100899648, 'input_scaling': 0.8216619713233748, 'bias_dist': 'foldnorm', 'bias_scaling': 0.04249382119350724, 'lr': 0.7520411716638045, 'weight_increment': 0.001395793645992084, 'min_window': 19, 'max_window': 32, 'use_full_instance': True, 'max_partners': 20, 'homeostasis': 'mean', 'target': 0.69, 'spread': 0.36000000000000004, 'learning_rate': 0.0001}",dqn,300,linear,0.0001,,,,,,
Autoencode,filterbank+hag,9,312,3.1153846153846154,-0.47923069999999995,0.08327976923941371,-0.489413954367532,-0.4799365309278351,724,"{'decomposition': 'legendre', 'n_filters': 12, 'slowest': 0.015468638100899648, 'input_scaling': 0.8216619713233748, 'bias_dist': 'foldnorm', 'bias_scaling': 0.04249382119350724, 'lr': 0.7520411716638045, 'weight_increment': 0.001395793645992084, 'min_window': 19, 'max_window': 32, 'use_full_instance': True, 'max_partners': 20, 'homeostasis': 'mean', 'target': 0.69, 'spread': 0.36000000000000004, 'learning_rate': 0.0001}",dqn,300,linear,0.0001,,,,,,
Autoencode,filterbank+hag,0,312,3.0224358974358974,-0.5,0.0,-0.494081010197775,-0.4879460752577319,723,"{'decomposition': 'legendre', 'n_filters': 12, 'slowest': 0.015468638100899648, 'input_scaling': 0.8216619713233748, 'bias_dist': 'foldnorm', 'bias_scaling': 0.04249382119350724, 'lr': 0.7520411716638045, 'weight_increment': 0.001395793645992084, 'min_window': 19, 'max_window': 32, 'use_full_instance': True, 'max_partners': 20, 'homeostasis': 'mean', 'target': 0.69, 'spread': 0.36000000000000004, 'learning_rate': 0.0003}",dqn,300,linear,0.0003,,,,,,
Autoencode,filterbank+hag,1,312,3.3108974358974357,-0.48615388,0.06955494181915185,-0.49652942933662964,-0.4951229278350515,723,"{'decomposition': 'legendre', 'n_filters': 12, 'slowest': 0.015468638100899648, 'input_scaling': 0.8216619713233748, 'bias_dist': 'foldnorm', 'bias_scaling': 0.04249382119350724, 'lr': 0.7520411716638045, 'weight_increment': 0.001395793645992084, 'min_window': 19, 'max_window': 32, 'use_full_instance': True, 'max_partners': 20, 'homeostasis': 'mean', 'target': 0.69, 'spread': 0.36000000000000004, 'learning_rate': 0.0003}",dqn,300,linear,0.0003,,,,,,
Autoencode,filterbank+hag,7,312,3.1121794871794872,-0.47384603999999997,0.09180645043197345,-0.49308658724763077,-0.4924662855670104,740,"{'decomposition': 'legendre', 'n_filters': 12, 'slowest': 0.015468638100899648, 'input_scaling': 0.8216619713233748, 'bias_dist': 'foldnorm', 'bias_scaling': 0.04249382119350724, 'lr': 0.7520411716638045, 'weight_increment': 0.001395793645992084, 'min_window': 19, 'max_window': 32, 'use_full_instance': True, 'max_partners': 20, 'homeostasis': 'mean', 'target': 0.69, 'spread': 0.36000000000000004, 'learning_rate': 0.0001}",dqn,300,linear,0.0001,,,,,,
Autoencode,filterbank+hag,3,312,3.1121794871794872,-0.48461534,0.11013714119180869,-0.4960579708487845,-0.49353686185567014,717,"{'decomposition': 'legendre', 'n_filters': 12, 'slowest': 0.015468638100899648, 'input_scaling': 0.8216619713233748, 'bias_dist': 'foldnorm', 'bias_scaling': 0.04249382119350724, 'lr': 0.7520411716638045, 'weight_increment': 0.001395793645992084, 'min_window': 19, 'max_window': 32, 'use_full_instance': True, 'max_partners': 20, 'homeostasis': 'mean', 'target': 0.69, 'spread': 0.36000000000000004, 'learning_rate': 0.0003}",dqn,300,linear,0.0003,,,,,,
Autoencode,filterbank+hag,2,312,3.1378205128205128,-0.5092306999999999,0.0928064658026045,-0.49540030366707866,-0.4975416422680412,728,"{'decomposition': 'legendre', 'n_filters': 12, 'slowest': 0.015468638100899648, 'input_scaling': 0.8216619713233748, 'bias_dist': 'foldnorm', 'bias_scaling': 0.04249382119350724, 'lr': 0.7520411716638045, 'weight_increment': 0.001395793645992084, 'min_window': 19, 'max_window': 32, 'use_full_instance': True, 'max_partners': 20, 'homeostasis': 'mean', 'target': 0.69, 'spread': 0.36000000000000004, 'learning_rate': 0.0003}",dqn,300,linear,0.0003,,,,,,
Autoencode,filterbank+hag,5,312,3.269230769230769,-0.47538459999999993,0.0574405755197491,-0.4933322231149566,-0.49183186391752576,718,"{'decomposition': 'legendre', 'n_filters': 12, 'slowest': 0.015468638100899648, 'input_scaling': 0.8216619713233748, 'bias_dist': 'foldnorm', 'bias_scaling': 0.04249382119350724, 'lr': 0.7520411716638045, 'weight_increment': 0.001395793645992084, 'min_window': 19, 'max_window': 32, 'use_full_instance': True, 'max_partners': 20, 'homeostasis': 'mean', 'target': 0.69, 'spread': 0.36000000000000004, 'learning_rate': 0.0003}",dqn,300,linear,0.0003,,,,,,
Autoencode,filterbank+hag,7,312,3.1121794871794872,-0.46307687999999997,0.06835357357319075,-0.4955469035846724,-0.4931403886597938,718,"{'decomposition': 'legendre', 'n_filters': 12, 'slowest': 0.015468638100899648, 'input_scaling': 0.8216619713233748, 'bias_dist': 'foldnorm', 'bias_scaling': 0.04249382119350724, 'lr': 0.7520411716638045, 'weight_increment': 0.001395793645992084, 'min_window': 19, 'max_window': 32, 'use_full_instance': True, 'max_partners': 20, 'homeostasis': 'mean', 'target': 0.69, 'spread': 0.36000000000000004, 'learning_rate': 0.0003}",dqn,300,linear,0.0003,,,,,,
Autoencode,filterbank+hag,4,312,2.8653846153846154,-0.48846156,0.05506872006036094,-0.4940611984960857,-0.49591594329896904,724,"{'decomposition': 'legendre', 'n_filters': 12, 'slowest': 0.015468638100899648, 'input_scaling': 0.8216619713233748, 'bias_dist': 'foldnorm', 'bias_scaling': 0.04249382119350724, 'lr': 0.7520411716638045, 'weight_increment': 0.001395793645992084, 'min_window': 19, 'max_window': 32, 'use_full_instance': True, 'max_partners': 20, 'homeostasis': 'mean', 'target': 0.69, 'spread': 0.36000000000000004, 'learning_rate': 0.0003}",dqn,300,linear,0.0003,,,,,,
Autoencode,filterbank+hag,9,312,3.1153846153846154,-0.4961539,0.10526108509591757,-0.4959985392459827,-0.49226805257731954,720,"{'decomposition': 'legendre', 'n_filters': 12, 'slowest': 0.015468638100899648, 'input_scaling': 0.8216619713233748, 'bias_dist': 'foldnorm', 'bias_scaling': 0.04249382119350724, 'lr': 0.7520411716638045, 'weight_increment': 0.001395793645992084, 'min_window': 19, 'max_window': 32, 'use_full_instance': True, 'max_partners': 20, 'homeostasis': 'mean', 'target': 0.69, 'spread': 0.36000000000000004, 'learning_rate': 0.0003}",dqn,300,linear,0.0003,,,,,,
Autoencode,filterbank+hag,6,312,3.6794871794871793,-0.51461538,0.08527373406152447,-0.49520617449526166,-0.4873909618556701,728,"{'decomposition': 'legendre', 'n_filters': 12, 'slowest': 0.015468638100899648, 'input_scaling': 0.8216619713233748, 'bias_dist': 'foldnorm', 'bias_scaling': 0.04249382119350724, 'lr': 0.7520411716638045, 'weight_increment': 0.001395793645992084, 'min_window': 19, 'max_window': 32, 'use_full_instance': True, 'max_partners': 20, 'homeostasis': 'mean', 'target': 0.69, 'spread': 0.36000000000000004, 'learning_rate': 0.0003}",dqn,300,linear,0.0003,,,,,,
Autoencode,filterbank+hag,8,312,2.9743589743589745,-0.49307685999999995,0.08056390283694305,-0.496129285434693,-0.4946867371134021,727,"{'decomposition': 'legendre', 'n_filters': 12, 'slowest': 0.015468638100899648, 'input_scaling': 0.8216619713233748, 'bias_dist': 'foldnorm', 'bias_scaling': 0.04249382119350724, 'lr': 0.7520411716638045, 'weight_increment': 0.001395793645992084, 'min_window': 19, 'max_window': 32, 'use_full_instance': True, 'max_partners': 20, 'homeostasis': 'mean', 'target': 0.69, 'spread': 0.36000000000000004, 'learning_rate': 0.0003}",dqn,300,linear,0.0003,,,,,,
Autoencode,filterbank+hag,2,312,3.1378205128205128,-0.5169231999999999,0.07774956671493417,-0.49717917325916766,-0.4948453649484536,718,"{'decomposition': 'legendre', 'n_filters': 12, 'slowest': 0.015468638100899648, 'input_scaling': 0.8216619713233748, 'bias_dist': 'foldnorm', 'bias_scaling': 0.04249382119350724, 'lr': 0.7520411716638045, 'weight_increment': 0.001395793645992084, 'min_window': 19, 'max_window': 32, 'use_full_instance': True, 'max_partners': 20, 'homeostasis': 'mean', 'target': 0.69, 'spread': 0.36000000000000004, 'learning_rate': 0.001}",dqn,300,linear,0.001,,,,,,
Autoencode,filterbank+hag,1,312,3.3108974358974357,-0.5,0.0,-0.4960936288627936,-0.4917129195876289,721,"{'decomposition': 'legendre', 'n_filters': 12, 'slowest': 0.015468638100899648, 'input_scaling': 0.8216619713233748, 'bias_dist': 'foldnorm', 'bias_scaling': 0.04249382119350724, 'lr': 0.7520411716638045, 'weight_increment': 0.001395793645992084, 'min_window': 19, 'max_window': 32, 'use_full_instance': True, 'max_partners': 20, 'homeostasis': 'mean', 'target': 0.69, 'spread': 0.36000000000000004, 'learning_rate': 0.001}",dqn,300,linear,0.001,,,,,,
Autoencode,filterbank+hag,0,312,3.0224358974358974,-0.49076921999999995,0.06552485622671446,-0.49620455819942316,-0.49436955051546394,729,"{'decomposition': 'legendre', 'n_filters': 12, 'slowest': 0.015468638100899648, 'input_scaling': 0.8216619713233748, 'bias_dist': 'foldnorm', 'bias_scaling': 0.04249382119350724, 'lr': 0.7520411716638045, 'weight_increment': 0.001395793645992084, 'min_window': 19, 'max_window': 32, 'use_full_instance': True, 'max_partners': 20, 'homeostasis': 'mean', 'target': 0.69, 'spread': 0.36000000000000004, 'learning_rate': 0.001}",dqn,300,linear,0.001,,,,,,
Autoencode,filterbank+hag,6,312,3.6794871794871793,-0.49538461999999994,0.02126201257443895,-0.4959549659044088,-0.4969468618556701,715,"{'decomposition': 'legendre', 'n_filters': 12, 'slowest': 0.015468638100899648, 'input_scaling': 0.8216619713233748, 'bias_dist': 'foldnorm', 'bias_scaling': 0.04249382119350724, 'lr': 0.7520411716638045, 'weight_increment': 0.001395793645992084, 'min_window': 19, 'max_window': 32, 'use_full_instance': True, 'max_partners': 20, 'homeostasis': 'mean', 'target': 0.69, 'spread': 0.36000000000000004, 'learning_rate': 0.001}",dqn,300,linear,0.001,,,,,,
Autoencode,filterbank+hag,4,312,2.8653846153846154,-0.5023077,0.07746358235848635,-0.4946792432014833,-0.4969865154639175,725,"{'decomposition': 'legendre', 'n_filters': 12, 'slowest': 0.015468638100899648, 'input_scaling': 0.8216619713233748, 'bias_dist': 'foldnorm', 'bias_scaling': 0.04249382119350724, 'lr': 0.7520411716638045, 'weight_increment': 0.001395793645992084, 'min_window': 19, 'max_window': 32, 'use_full_instance': True, 'max_partners': 20, 'homeostasis': 'mean', 'target': 0.69, 'spread': 0.36000000000000004, 'learning_rate': 0.001}",dqn,300,linear,0.001,,,,,,
Autoencode,filterbank+hag,3,312,3.1121794871794872,-0.50692308,0.1137553003594716,-0.4971553976102183,-0.49329896597938144,736,"{'decomposition': 'legendre', 'n_filters': 12, 'slowest': 0.015468638100899648, 'input_scaling': 0.8216619713233748, 'bias_dist': 'foldnorm', 'bias_scaling': 0.04249382119350724, 'lr': 0.7520411716638045, 'weight_increment': 0.001395793645992084, 'min_window': 19, 'max_window': 32, 'use_full_instance': True, 'max_partners': 20, 'homeostasis': 'mean', 'target': 0.69, 'spread': 0.36000000000000004, 'learning_rate': 0.001}",dqn,300,linear,0.001,,,,,,
Autoencode,filterbank+hag,7,312,3.1121794871794872,-0.49076917999999997,0.06275728777845327,-0.49669979408735054,-0.4931800164948453,720,"{'decomposition': 'legendre', 'n_filters': 12, 'slowest': 0.015468638100899648, 'input_scaling': 0.8216619713233748, 'bias_dist': 'foldnorm', 'bias_scaling': 0.04249382119350724, 'lr': 0.7520411716638045, 'weight_increment': 0.001395793645992084, 'min_window': 19, 'max_window': 32, 'use_full_instance': True, 'max_partners': 20, 'homeostasis': 'mean', 'target': 0.69, 'spread': 0.36000000000000004, 'learning_rate': 0.001}",dqn,300,linear,0.001,,,,,,
Autoencode,filterbank+hag,5,312,3.269230769230769,-0.49923078,0.06412367224427809,-0.4966165917799753,-0.495876287628866,727,"{'decomposition': 'legendre', 'n_filters': 12, 'slowest': 0.015468638100899648, 'input_scaling': 0.8216619713233748, 'bias_dist': 'foldnorm', 'bias_scaling': 0.04249382119350724, 'lr': 0.7520411716638045, 'weight_increment': 0.001395793645992084, 'min_window': 19, 'max_window': 32, 'use_full_instance': True, 'max_partners': 20, 'homeostasis': 'mean', 'target': 0.69, 'spread': 0.36000000000000004, 'learning_rate': 0.001}",dqn,300,linear,0.001,,,,,,
Autoencode,filterbank+hag,0,312,3.0224358974358974,-0.48461543999999995,0.09262773071346614,-0.49797154007004535,-0.4929421103092783,719,"{'decomposition': 'legendre', 'n_filters': 12, 'slowest': 0.015468638100899648, 'input_scaling': 0.8216619713233748, 'bias_dist': 'foldnorm', 'bias_scaling': 0.04249382119350724, 'lr': 0.7520411716638045, 'weight_increment': 0.001395793645992084, 'min_window': 19, 'max_window': 32, 'use_full_instance': True, 'max_partners': 20, 'homeostasis': 'mean', 'target': 0.69, 'spread': 0.36000000000000004, 'learning_rate': 0.003}",dqn,300,linear,0.003,,,,,,
Autoencode,filterbank+hag,9,312,3.1153846153846154,-0.5,0.0,-0.4978685297692625,-0.49730372989690713,725,"{'decomposition': 'legendre', 'n_filters': 12, 'slowest': 0.015468638100899648, 'input_scaling': 0.8216619713233748, 'bias_dist': 'foldnorm', 'bias_scaling': 0.04249382119350724, 'lr': 0.7520411716638045, 'weight_increment': 0.001395793645992084, 'min_window': 19, 'max_window': 32, 'use_full_instance': True, 'max_partners': 20, 'homeostasis': 'mean', 'target': 0.69, 'spread': 0.36000000000000004, 'learning_rate': 0.001}",dqn,300,linear,0.001,,,,,,
Autoencode,filterbank+hag,1,312,3.3108974358974357,-0.44846140000000007,0.08235092710686381,-0.497547623197363,-0.5002775639175258,723,"{'decomposition': 'legendre', 'n_filters': 12, 'slowest': 0.015468638100899648, 'input_scaling': 0.8216619713233748, 'bias_dist': 'foldnorm', 'bias_scaling': 0.04249382119350724, 'lr': 0.7520411716638045, 'weight_increment': 0.001395793645992084, 'min_window': 19, 'max_window': 32, 'use_full_instance': True, 'max_partners': 20, 'homeostasis': 'mean', 'target': 0.69, 'spread': 0.36000000000000004, 'learning_rate': 0.003}",dqn,300,linear,0.003,,,,,,
Autoencode,filterbank+hag,2,312,3.1378205128205128,-0.50153846,0.010769219999999996,-0.49855393232385653,-0.5001189525773196,726,"{'decomposition': 'legendre', 'n_filters': 12, 'slowest': 0.015468638100899648, 'input_scaling': 0.8216619713233748, 'bias_dist': 'foldnorm', 'bias_scaling': 0.04249382119350724, 'lr': 0.7520411716638045, 'weight_increment': 0.001395793645992084, 'min_window': 19, 'max_window': 32, 'use_full_instance': True, 'max_partners': 20, 'homeostasis': 'mean', 'target': 0.69, 'spread': 0.36000000000000004, 'learning_rate': 0.003}",dqn,300,linear,0.003,,,,,,
Autoencode,filterbank+hag,8,312,2.9743589743589745,-0.49923078000000004,0.014370483144682367,-0.49840734816646065,-0.49968279793814435,734,"{'decomposition': 'legendre', 'n_filters': 12, 'slowest': 0.015468638100899648, 'input_scaling': 0.8216619713233748, 'bias_dist': 'foldnorm', 'bias_scaling': 0.04249382119350724, 'lr': 0.7520411716638045, 'weight_increment': 0.001395793645992084, 'min_window': 19, 'max_window': 32, 'use_full_instance': True, 'max_partners': 20, 'homeostasis': 'mean', 'target': 0.69, 'spread': 0.36000000000000004, 'learning_rate': 0.001}",dqn,300,linear,0.001,,,,,,
Autoencode,filterbank+hag,3,312,3.1121794871794872,-0.49384614000000004,0.07065224407618204,-0.49696919365471776,-0.48798570412371134,724,"{'decomposition': 'legendre', 'n_filters': 12, 'slowest': 0.015468638100899648, 'input_scaling': 0.8216619713233748, 'bias_dist': 'foldnorm', 'bias_scaling': 0.04249382119350724, 'lr': 0.7520411716638045, 'weight_increment': 0.001395793645992084, 'min_window': 19, 'max_window': 32, 'use_full_instance': True, 'max_partners': 20, 'homeostasis': 'mean', 'target': 0.69, 'spread': 0.36000000000000004, 'learning_rate': 0.003}",dqn,300,linear,0.003,,,,,,
Autoencode,filterbank+hag,4,312,2.8653846153846154,-0.5046153800000001,0.08272014369472287,-0.4960500491347342,-0.5042426721649484,722,"{'decomposition': 'legendre', 'n_filters': 12, 'slowest': 0.015468638100899648, 'input_scaling': 0.8216619713233748, 'bias_dist': 'foldnorm', 'bias_scaling': 0.04249382119350724, 'lr': 0.7520411716638045, 'weight_increment': 0.001395793645992084, 'min_window': 19, 'max_window': 32, 'use_full_instance': True, 'max_partners': 20, 'homeostasis': 'mean', 'target': 0.69, 'spread': 0.36000000000000004, 'learning_rate': 0.003}",dqn,300,linear,0.003,,,,,,
Autoencode,filterbank+hag,5,312,3.269230769230769,-0.49615381999999997,0.02339542589284495,-0.49851430995055623,-0.5011895257731959,727,"{'decomposition': 'legendre', 'n_filters': 12, 'slowest': 0.015468638100899648, 'input_scaling': 0.8216619713233748, 'bias_dist': 'foldnorm', 'bias_scaling': 0.04249382119350724, 'lr': 0.7520411716638045, 'weight_increment': 0.001395793645992084, 'min_window': 19, 'max_window': 32, 'use_full_instance': True, 'max_partners': 20, 'homeostasis': 'mean', 'target': 0.69, 'spread': 0.36000000000000004, 'learning_rate': 0.003}",dqn,300,linear,0.003,,,,,,
Autoencode,filterbank+hag,6,312,3.6794871794871793,-0.49769228,0.019475601244675348,-0.4991997159044087,-0.49968278762886603,736,"{'decomposition': 'legendre', 'n_filters': 12, 'slowest': 0.015468638100899648, 'input_scaling': 0.8216619713233748, 'bias_dist': 'foldnorm', 'bias_scaling': 0.04249382119350724, 'lr': 0.7520411716638045, 'weight_increment': 0.001395793645992084, 'min_window': 19, 'max_window': 32, 'use_full_instance': True, 'max_partners': 20, 'homeostasis': 'mean', 'target': 0.69, 'spread': 0.36000000000000004, 'learning_rate': 0.003}",dqn,300,linear,0.003,,,,,,
Autoencode,filterbank+hag,7,312,3.1121794871794872,-0.47999991999999997,0.08539509011338767,-0.499857375566543,-0.5005947793814434,732,"{'decomposition': 'legendre', 'n_filters': 12, 'slowest': 0.015468638100899648, 'input_scaling': 0.8216619713233748, 'bias_dist': 'foldnorm', 'bias_scaling': 0.04249382119350724, 'lr': 0.7520411716638045, 'weight_increment': 0.001395793645992084, 'min_window': 19, 'max_window': 32, 'use_full_instance': True, 'max_partners': 20, 'homeostasis': 'mean', 'target': 0.69, 'spread': 0.36000000000000004, 'learning_rate': 0.003}",dqn,300,linear,0.003,,,,,,
Autoencode,filterbank+hag,8,312,2.9743589743589745,-0.4946154199999999,0.06794108674965096,-0.4972465212196127,-0.49357654123711336,726,"{'decomposition': 'legendre', 'n_filters': 12, 'slowest': 0.015468638100899648, 'input_scaling': 0.8216619713233748, 'bias_dist': 'foldnorm', 'bias_scaling': 0.04249382119350724, 'lr': 0.7520411716638045, 'weight_increment': 0.001395793645992084, 'min_window': 19, 'max_window': 32, 'use_full_instance': True, 'max_partners': 20, 'homeostasis': 'mean', 'target': 0.69, 'spread': 0.36000000000000004, 'learning_rate': 0.003}",dqn,300,linear,0.003,,,,,,
Autoencode,filterbank+hag,9,312,3.1153846153846154,-0.51,0.09288610956004131,-0.49754365801400907,-0.49191116391752576,722,"{'decomposition': 'legendre', 'n_filters': 12, 'slowest': 0.015468638100899648, 'input_scaling': 0.8216619713233748, 'bias_dist': 'foldnorm', 'bias_scaling': 0.04249382119350724, 'lr': 0.7520411716638045, 'weight_increment': 0.001395793645992084, 'min_window': 19, 'max_window': 32, 'use_full_instance': True, 'max_partners': 20, 'homeostasis': 'mean', 'target': 0.69, 'spread': 0.36000000000000004, 'learning_rate': 0.003}",dqn,300,linear,0.003,,,,,,
Autoencode,filterbank+esn,0,312,125.82051282051282,-0.27153846153846145,0.11827407744915913,-0.3483516483516483,-0.28080847723704855,136,"{'decomposition': 'legendre', 'n_filters': 12, 'slowest': 0.00924027277149832, 'input_scaling': 0.9262395347308947, 'bias_dist': 'uniform', 'bias_scaling': 0.19428472665720273, 'lr': 0.2669477591549632, 'sr': 0.7883174408165851, 'rc_connectivity': 0.4032751870517758, 'ridge': 1.3795694362222703e-06, 'gamma': 0.926482616528829}",lspi,300,linear,,,-0.2873076923076922,,"[-0.3499999999999999, -0.3461538461538461, -0.27307692307692305, -0.2923076923076922, -0.27692307692307694, -0.3269230769230768, -0.26923076923076916, -0.34615384615384603, -0.29999999999999993, -0.23846153846153842, -0.3346153846153845, -0.2999999999999999, -0.29230769230769227, -0.29999999999999993, -0.24615384615384608, -0.21923076923076917, -0.2538461538461537, -0.2576923076923076, -0.2884615384615384, -0.2346153846153846]",,15.0
Autoencode,filterbank+proj,0,312,0.0,-0.48692302,0.10976310500974179,-0.4924645830243098,-0.48612212577319586,733,"{'decomposition': 'legendre', 'n_filters': 12, 'slowest': 0.015468638100899648, 'input_scaling': 0.8216619713233748, 'bias_dist': 'foldnorm', 'bias_scaling': 0.04249382119350724, 'lr': 0.7520411716638045, 'weight_increment': 0.001395793645992084, 'min_window': 19, 'max_window': 32, 'use_full_instance': True, 'max_partners': 20, 'homeostasis': 'mean', 'target': 0.69, 'spread': 0.36000000000000004, 'learning_rate': 0.0001}",dqn,300,linear,0.0001,,,,,,
Autoencode,filterbank+esn,1,312,125.82051282051282,-0.343076923076923,0.10372927896023115,-0.352963108320251,-0.275706436420722,136,"{'decomposition': 'legendre', 'n_filters': 12, 'slowest': 0.00924027277149832, 'input_scaling': 0.9262395347308947, 'bias_dist': 'uniform', 'bias_scaling': 0.19428472665720273, 'lr': 0.2669477591549632, 'sr': 0.7883174408165851, 'rc_connectivity': 0.4032751870517758, 'ridge': 1.3795694362222703e-06, 'gamma': 0.926482616528829}",lspi,300,linear,,,-0.28653846153846146,,"[-0.44615384615384607, -0.3076923076923076, -0.2846153846153846, -0.26538461538461533, -0.21538461538461534, -0.32307692307692293, -0.2538461538461537, -0.31923076923076915, -0.28076923076923066, -0.33461538461538454, -0.23846153846153842, -0.2846153846153845, -0.31153846153846143, -0.28461538461538455, -0.25769230769230766, -0.23076923076923075, -0.26153846153846144, -0.2769230769230768, -0.3076923076923076, -0.2461538461538461]",,4.0
Autoencode,filterbank+esn,2,312,125.82051282051282,-0.3115384615384615,0.11047235858726973,-0.35967425431711136,-0.28571428571428564,136,"{'decomposition': 'legendre', 'n_filters': 12, 'slowest': 0.00924027277149832, 'input_scaling': 0.9262395347308947, 'bias_dist': 'uniform', 'bias_scaling': 0.19428472665720273, 'lr': 0.2669477591549632, 'sr': 0.7883174408165851, 'rc_connectivity': 0.4032751870517758, 'ridge': 1.3795694362222703e-06, 'gamma': 0.926482616528829}",lspi,300,linear,,,-0.29057692307692295,,"[-0.37692307692307675, -0.38076923076923064, -0.2346153846153846, -0.3576923076923076, -0.21538461538461534, -0.3192307692307691, -0.26923076923076916, -0.3153846153846153, -0.2769230769230768, -0.25769230769230766, -0.29615384615384605, -0.2961538461538461, -0.29230769230769227, -0.2846153846153845, -0.2615384615384615, -0.23076923076923075, -0.2653846153846153, -0.29615384615384605, -0.2923076923076922, -0.29230769230769227]",,4.0
Autoencode,filterbank+proj,1,312,0.0,-0.5053846,0.06572773535852273,-0.4956499077049855,-0.49666932371134015,723,"{'decomposition': 'legendre', 'n_filters': 12, 'slowest': 0.015468638100899648, 'input_scaling': 0.8216619713233748, 'bias_dist': 'foldnorm', 'bias_scaling': 0.04249382119350724, 'lr': 0.7520411716638045, 'weight_increment': 0.001395793645992084, 'min_window': 19, 'max_window': 32, 'use_full_instance': True, 'max_partners': 20, 'homeostasis': 'mean', 'target': 0.69, 'spread': 0.36000000000000004, 'learning_rate': 0.0001}",dqn,300,linear,0.0001,,,,,,
Autoencode,filterbank+esn,3,312,125.82051282051282,-0.27230769230769225,0.10955531417464565,-0.3568485086342228,-0.30082417582417575,137,"{'decomposition': 'legendre', 'n_filters': 12, 'slowest': 0.00924027277149832, 'input_scaling': 0.9262395347308947, 'bias_dist': 'uniform', 'bias_scaling': 0.19428472665720273, 'lr': 0.2669477591549632, 'sr': 0.7883174408165851, 'rc_connectivity': 0.4032751870517758, 'ridge': 1.3795694362222703e-06, 'gamma': 0.926482616528829}",lspi,300,linear,,,-0.2917307692307691,,"[-0.3884615384615383, -0.32692307692307676, -0.23846153846153842, -0.33076923076923065, -0.20384615384615384, -0.29230769230769227, -0.33076923076923065, -0.33461538461538454, -0.2807692307692307, -0.273076923076923, -0.29999999999999993, -0.273076923076923, -0.33846153846153837, -0.2846153846153846, -0.2961538461538461, -0.17307692307692304, -0.273076923076923, -0.31153846153846143, -0.3192307692307692, -0.26538461538461533]",,15.0
Autoencode,filterbank+esn,4,312,125.82051282051282,-0.2769230769230769,0.10851335368973751,-0.3445054945054944,-0.2721742543171114,136,"{'decomposition': 'legendre', 'n_filters': 12, 'slowest': 0.00924027277149832, 'input_scaling': 0.9262395347308947, 'bias_dist': 'uniform', 'bias_scaling': 0.19428472665720273, 'lr': 0.2669477591549632, 'sr': 0.7883174408165851, 'rc_connectivity': 0.4032751870517758, 'ridge': 1.3795694362222703e-06, 'gamma': 0.926482616528829}",lspi,300,linear,,,-0.2821153846153846,,"[-0.40384615384615385, -0.41538461538461535, -0.2538461538461538, -0.29999999999999993, -0.24230769230769225, -0.2346153846153846, -0.28846153846153844, -0.2961538461538461, -0.3076923076923076, -0.273076923076923, -0.22307692307692303, -0.2923076923076922, -0.28846153846153844, -0.29230769230769227, -0.2692307692307692, -0.18846153846153846, -0.24999999999999994, -0.23846153846153842, -0.3499999999999999, -0.2346153846153846]",,15.0
Autoencode,filterbank+proj,2,312,0.0,-0.48923076000000004,0.08771941438052583,-0.491173010197775,-0.488501181443299,725,"{'decomposition': 'legendre', 'n_filters': 12, 'slowest': 0.015468638100899648, 'input_scaling': 0.8216619713233748, 'bias_dist': 'foldnorm', 'bias_scaling': 0.04249382119350724, 'lr': 0.7520411716638045, 'weight_increment': 0.001395793645992084, 'min_window': 19, 'max_window': 32, 'use_full_instance': True, 'max_partners': 20, 'homeostasis': 'mean', 'target': 0.69, 'spread': 0.36000000000000004, 'learning_rate': 0.0001}",dqn,300,linear,0.0001,,,,,,
Autoencode,filterbank+esn,5,312,125.82051282051282,-0.2769230769230769,0.10986812966988994,-0.350353218210361,-0.2910125588697016,135,"{'decomposition': 'legendre', 'n_filters': 12, 'slowest': 0.00924027277149832, 'input_scaling': 0.9262395347308947, 'bias_dist': 'uniform', 'bias_scaling': 0.19428472665720273, 'lr': 0.2669477591549632, 'sr': 0.7883174408165851, 'rc_connectivity': 0.4032751870517758, 'ridge': 1.3795694362222703e-06, 'gamma': 0.926482616528829}",lspi,300,linear,,,-0.2761538461538461,,"[-0.3615384615384614, -0.3423076923076922, -0.21538461538461534, -0.28461538461538455, -0.21538461538461534, -0.2615384615384615, -0.2461538461538461, -0.31153846153846143, -0.2961538461538461, -0.21538461538461534, -0.24615384615384617, -0.2576923076923076, -0.33846153846153837, -0.31538461538461526, -0.31538461538461526, -0.17692307692307688, -0.28076923076923066, -0.2884615384615383, -0.29999999999999993, -0.25384615384615383]",,15.0
Autoencode,filterbank+esn,6,312,125.82051282051282,-0.2923076923076922,0.11640573808016574,-0.3516287284144426,-0.2945447409733123,137,"{'decomposition': 'legendre', 'n_filters': 12, 'slowest': 0.00924027277149832, 'input_scaling': 0.9262395347308947, 'bias_dist': 'uniform', 'bias_scaling': 0.19428472665720273, 'lr': 0.2669477591549632, 'sr': 0.7883174408165851, 'rc_connectivity': 0.4032751870517758, 'ridge': 1.3795694362222703e-06, 'gamma': 0.926482616528829}",lspi,300,linear,,,-0.28442307692307683,,"[-0.35384615384615375, -0.3192307692307691, -0.23846153846153842, -0.2769230769230768, -0.22307692307692303, -0.3269230769230768, -0.2346153846153846, -0.3423076923076922, -0.26153846153846144, -0.22692307692307687, -0.2692307692307691, -0.31153846153846143, -0.3499999999999999, -0.3499999999999999, -0.2846153846153846, -0.2461538461538461, -0.273076923076923, -0.25384615384615383, -0.29615384615384605, -0.24999999999999994]",,4.0
Autoencode,filterbank+proj,6,312,0.0,-0.48846153999999997,0.07185216520779593,-0.491727674907293,-0.49111814845360824,719,"{'decomposition': 'legendre', 'n_filters': 12, 'slowest': 0.015468638100899648, 'input_scaling': 0.8216619713233748, 'bias_dist': 'foldnorm', 'bias_scaling': 0.04249382119350724, 'lr': 0.7520411716638045, 'weight_increment': 0.001395793645992084, 'min_window': 19, 'max_window': 32, 'use_full_instance': True, 'max_partners': 20, 'homeostasis': 'mean', 'target': 0.69, 'spread': 0.36000000000000004, 'learning_rate': 0.0001}",dqn,300,linear,0.0001,,,,,,
Autoencode,filterbank+proj,3,312,0.0,-0.4907692399999999,0.09119866761780239,-0.48924360053564075,-0.4836241195876289,734,"{'decomposition': 'legendre', 'n_filters': 12, 'slowest': 0.015468638100899648, 'input_scaling': 0.8216619713233748, 'bias_dist': 'foldnorm', 'bias_scaling': 0.04249382119350724, 'lr': 0.7520411716638045, 'weight_increment': 0.001395793645992084, 'min_window': 19, 'max_window': 32, 'use_full_instance': True, 'max_partners': 20, 'homeostasis': 'mean', 'target': 0.69, 'spread': 0.36000000000000004, 'learning_rate': 0.0001}",dqn,300,linear,0.0001,,,,,,
Autoencode,filterbank+proj,4,312,0.0,-0.4984615,0.07456398229527443,-0.48935453193242684,-0.486796187628866,733,"{'decomposition': 'legendre', 'n_filters': 12, 'slowest': 0.015468638100899648, 'input_scaling': 0.8216619713233748, 'bias_dist': 'foldnorm', 'bias_scaling': 0.04249382119350724, 'lr': 0.7520411716638045, 'weight_increment': 0.001395793645992084, 'min_window': 19, 'max_window': 32, 'use_full_instance': True, 'max_partners': 20, 'homeostasis': 'mean', 'target': 0.69, 'spread': 0.36000000000000004, 'learning_rate': 0.0001}",dqn,300,linear,0.0001,,,,,,
Autoencode,filterbank+esn,7,312,125.82051282051282,-0.3107692307692307,0.12158713728294909,-0.353748037676609,-0.28944270015698575,137,"{'decomposition': 'legendre', 'n_filters': 12, 'slowest': 0.00924027277149832, 'input_scaling': 0.9262395347308947, 'bias_dist': 'uniform', 'bias_scaling': 0.19428472665720273, 'lr': 0.2669477591549632, 'sr': 0.7883174408165851, 'rc_connectivity': 0.4032751870517758, 'ridge': 1.3795694362222703e-06, 'gamma': 0.926482616528829}",lspi,300,linear,,,-0.2709615384615384,,"[-0.42692307692307685, -0.36538461538461525, -0.1769230769230769, -0.2923076923076922, -0.2346153846153846, -0.26923076923076916, -0.25769230769230766, -0.28461538461538455, -0.31538461538461526, -0.2461538461538461, -0.23076923076923075, -0.2653846153846153, -0.2307692307692307, -0.28076923076923066, -0.26923076923076916, -0.21923076923076917, -0.28461538461538455, -0.2615384615384615, -0.2923076923076922, -0.21538461538461537]",,2.0
Autoencode,filterbank+proj,7,312,0.0,-0.48692307999999995,0.08824732973202985,-0.49246853955500625,-0.48782710309278354,727,"{'decomposition': 'legendre', 'n_filters': 12, 'slowest': 0.015468638100899648, 'input_scaling': 0.8216619713233748, 'bias_dist': 'foldnorm', 'bias_scaling': 0.04249382119350724, 'lr': 0.7520411716638045, 'weight_increment': 0.001395793645992084, 'min_window': 19, 'max_window': 32, 'use_full_instance': True, 'max_partners': 20, 'homeostasis': 'mean', 'target': 0.69, 'spread': 0.36000000000000004, 'learning_rate': 0.0001}",dqn,300,linear,0.0001,,,,,,
Autoencode,filterbank+esn,8,312,125.82051282051282,-0.2653846153846153,0.10298790645381443,-0.35555337519623226,-0.2925824175824175,136,"{'decomposition': 'legendre', 'n_filters': 12, 'slowest': 0.00924027277149832, 'input_scaling': 0.9262395347308947, 'bias_dist': 'uniform', 'bias_scaling': 0.19428472665720273, 'lr': 0.2669477591549632, 'sr': 0.7883174408165851, 'rc_connectivity': 0.4032751870517758, 'ridge': 1.3795694362222703e-06, 'gamma': 0.926482616528829}",lspi,300,linear,,,-0.2849999999999999,,"[-0.41923076923076896, -0.34230769230769226, -0.2576923076923076, -0.29615384615384605, -0.25769230769230766, -0.29999999999999993, -0.296153846153846, -0.3076923076923076, -0.29999999999999993, -0.26538461538461533, -0.24230769230769225, -0.26538461538461533, -0.2884615384615383, -0.2961538461538461, -0.2884615384615384, -0.17307692307692304, -0.2807692307692307, -0.26538461538461533, -0.31153846153846143, -0.24615384615384608]",,15.0
Autoencode,filterbank+esn,9,312,125.82051282051282,-0.2884615384615384,0.11873345415717787,-0.35001962323390884,-0.28944270015698575,138,"{'decomposition': 'legendre', 'n_filters': 12, 'slowest': 0.00924027277149832, 'input_scaling': 0.9262395347308947, 'bias_dist': 'uniform', 'bias_scaling': 0.19428472665720273, 'lr': 0.2669477591549632, 'sr': 0.7883174408165851, 'rc_connectivity': 0.4032751870517758, 'ridge': 1.3795694362222703e-06, 'gamma': 0.926482616528829}",lspi,300,linear,,,-0.2884615384615384,,"[-0.373076923076923, -0.323076923076923, -0.18461538461538457, -0.2769230769230769, -0.2538461538461538, -0.3115384615384615, -0.2961538461538461, -0.34615384615384603, -0.34999999999999987, -0.3076923076923076, -0.31538461538461526, -0.31923076923076915, -0.2846153846153846, -0.2884615384615383, -0.28461538461538455, -0.18076923076923074, -0.26923076923076916, -0.273076923076923, -0.3076923076923076, -0.223076923076923]",,15.0
Autoencode,filterbank+hag,0,312,4.612179487179487,-0.3638461538461538,0.11897242482954812,-0.40863422291993706,-0.35812401883830447,141,"{'decomposition': 'legendre', 'n_filters': 12, 'slowest': 0.005831297225426596, 'input_scaling': 0.7754440447009786, 'bias_dist': 'foldnorm', 'bias_scaling': 0.21105039816821586, 'lr': 0.11153274560306031, 'weight_increment': 0.0018405728620499555, 'min_window': 10, 'max_window': 57, 'use_full_instance': False, 'max_partners': 5, 'homeostasis': 'mean', 'target': 0.59, 'spread': 0.365, 'ridge': 1.2645649156092547e-06, 'gamma': 0.9282405285465252}",lspi,300,linear,,,-0.3680769230769229,,"[-0.4346153846153845, -0.4192307692307691, -0.2961538461538461, -0.41538461538461524, -0.39999999999999986, -0.38846153846153836, -0.36538461538461525, -0.36538461538461525, -0.3346153846153845, -0.373076923076923, -0.33846153846153826, -0.37692307692307686, -0.3846153846153845, -0.3653846153846152, -0.3999999999999999, -0.30769230769230765, -0.3769230769230768, -0.30384615384615377, -0.36538461538461525, -0.34999999999999987]",,2.0
Autoencode,filterbank+hag,1,312,4.637820512820513,-0.3815384615384614,0.1062652703958715,-0.41020408163265293,-0.3759811616954473,141,"{'decomposition': 'legendre', 'n_filters': 12, 'slowest': 0.005831297225426596, 'input_scaling': 0.7754440447009786, 'bias_dist': 'foldnorm', 'bias_scaling': 0.21105039816821586, 'lr': 0.11153274560306031, 'weight_increment': 0.0018405728620499555, 'min_window': 10, 'max_window': 57, 'use_full_instance': False, 'max_partners': 5, 'homeostasis': 'mean', 'target': 0.59, 'spread': 0.365, 'ridge': 1.2645649156092547e-06, 'gamma': 0.9282405285465252}",lspi,300,linear,,,-0.37673076923076915,,"[-0.45384615384615373, -0.4115384615384614, -0.38846153846153836, -0.3499999999999999, -0.38846153846153836, -0.4115384615384615, -0.36923076923076914, -0.3884615384615383, -0.34615384615384603, -0.39615384615384597, -0.34615384615384603, -0.3999999999999999, -0.3615384615384615, -0.3615384615384614, -0.373076923076923, -0.2884615384615384, -0.38461538461538447, -0.373076923076923, -0.3961538461538461, -0.34615384615384603]",,15.0
Autoencode,filterbank+proj,5,312,0.0,-0.48076923999999993,0.1080352544917741,-0.49337580016481253,-0.4876685041237113,749,"{'decomposition': 'legendre', 'n_filters': 12, 'slowest': 0.015468638100899648, 'input_scaling': 0.8216619713233748, 'bias_dist': 'foldnorm', 'bias_scaling': 0.04249382119350724, 'lr': 0.7520411716638045, 'weight_increment': 0.001395793645992084, 'min_window': 19, 'max_window': 32, 'use_full_instance': True, 'max_partners': 20, 'homeostasis': 'mean', 'target': 0.69, 'spread': 0.36000000000000004, 'learning_rate': 0.0001}",dqn,300,linear,0.0001,,,,,,
Autoencode,filterbank+hag,2,312,4.634615384615385,-0.3646153846153845,0.11100402466183037,-0.4116169544740972,-0.36538461538461525,142,"{'decomposition': 'legendre', 'n_filters': 12, 'slowest': 0.005831297225426596, 'input_scaling': 0.7754440447009786, 'bias_dist': 'foldnorm', 'bias_scaling': 0.21105039816821586, 'lr': 0.11153274560306031, 'weight_increment': 0.0018405728620499555, 'min_window': 10, 'max_window': 57, 'use_full_instance': False, 'max_partners': 5, 'homeostasis': 'mean', 'target': 0.59, 'spread': 0.365, 'ridge': 1.2645649156092547e-06, 'gamma': 0.9282405285465252}",lspi,300,linear,,,-0.3749999999999999,,"[-0.5038461538461537, -0.42692307692307685, -0.28846153846153844, -0.4346153846153845, -0.3884615384615383, -0.41538461538461535, -0.35384615384615375, -0.3769230769230768, -0.3346153846153845, -0.373076923076923, -0.3461538461538461, -0.4423076923076922, -0.4192307692307692, -0.3384615384615384, -0.373076923076923, -0.3153846153846153, -0.3769230769230768, -0.2807692307692307, -0.396153846153846, -0.3153846153846153]",,17.0
Autoencode,filterbank+hag,3,312,4.596153846153846,-0.3776923076923076,0.11218380944054142,-0.4130102040816325,-0.3732339089481945,141,"{'decomposition': 'legendre', 'n_filters': 12, 'slowest': 0.005831297225426596, 'input_scaling': 0.7754440447009786, 'bias_dist': 'foldnorm', 'bias_scaling': 0.21105039816821586, 'lr': 0.11153274560306031, 'weight_increment': 0.0018405728620499555, 'min_window': 10, 'max_window': 57, 'use_full_instance': False, 'max_partners': 5, 'homeostasis': 'mean', 'target': 0.59, 'spread': 0.365, 'ridge': 1.2645649156092547e-06, 'gamma': 0.9282405285465252}",lspi,300,linear,,,-0.3767307692307691,,"[-0.47692307692307684, -0.4115384615384615, -0.34230769230769226, -0.3576923076923076, -0.3384615384615383, -0.39230769230769214, -0.3538461538461537, -0.38461538461538447, -0.3384615384615383, -0.2769230769230769, -0.3307692307692307, -0.3615384615384615, -0.39615384615384597, -0.4346153846153845, -0.4076923076923076, -0.3999999999999999, -0.4346153846153845, -0.29230769230769227, -0.40384615384615363, -0.3999999999999998]",,9.0
Autoencode,filterbank+hag,4,312,4.637820512820513,-0.3707692307692307,0.1076263534301089,-0.40857535321821026,-0.3818681318681318,142,"{'decomposition': 'legendre', 'n_filters': 12, 'slowest': 0.005831297225426596, 'input_scaling': 0.7754440447009786, 'bias_dist': 'foldnorm', 'bias_scaling': 0.21105039816821586, 'lr': 0.11153274560306031, 'weight_increment': 0.0018405728620499555, 'min_window': 10, 'max_window': 57, 'use_full_instance': False, 'max_partners': 5, 'homeostasis': 'mean', 'target': 0.59, 'spread': 0.365, 'ridge': 1.2645649156092547e-06, 'gamma': 0.9282405285465252}",lspi,300,linear,,,-0.3686538461538461,,"[-0.43846153846153835, -0.41538461538461535, -0.31923076923076915, -0.3730769230769229, -0.33076923076923065, -0.36923076923076914, -0.3615384615384614, -0.3884615384615384, -0.373076923076923, -0.33846153846153837, -0.31538461538461526, -0.3346153846153845, -0.39999999999999986, -0.3769230769230768, -0.4423076923076922, -0.29230769230769227, -0.39230769230769225, -0.3307692307692306, -0.4192307692307692, -0.3615384615384615]",,15.0
Autoencode,filterbank+hag,5,312,4.608974358974359,-0.3876923076923076,0.11611053700992739,-0.40818288854003126,-0.3626373626373625,141,"{'decomposition': 'legendre', 'n_filters': 12, 'slowest': 0.005831297225426596, 'input_scaling': 0.7754440447009786, 'bias_dist': 'foldnorm', 'bias_scaling': 0.21105039816821586, 'lr': 0.11153274560306031, 'weight_increment': 0.0018405728620499555, 'min_window': 10, 'max_window': 57, 'use_full_instance': False, 'max_partners': 5, 'homeostasis': 'mean', 'target': 0.59, 'spread': 0.365, 'ridge': 1.2645649156092547e-06, 'gamma': 0.9282405285465252}",lspi,300,linear,,,-0.3717307692307691,,"[-0.4423076923076922, -0.41538461538461524, -0.296153846153846, -0.3269230769230768, -0.3384615384615384, -0.3961538461538461, -0.36923076923076914, -0.3499999999999999, -0.35384615384615375, -0.373076923076923, -0.3769230769230768, -0.3884615384615383, -0.4730769230769229, -0.38076923076923064, -0.3615384615384614, -0.3653846153846153, -0.36923076923076914, -0.323076923076923, -0.3923076923076922, -0.3423076923076922]",,2.0
Autoencode,filterbank+hag,6,312,4.551282051282051,-0.40999999999999986,0.12700696528446476,-0.4089285714285713,-0.3626373626373625,142,"{'decomposition': 'legendre', 'n_filters': 12, 'slowest': 0.005831297225426596, 'input_scaling': 0.7754440447009786, 'bias_dist': 'foldnorm', 'bias_scaling': 0.21105039816821586, 'lr': 0.11153274560306031, 'weight_increment': 0.0018405728620499555, 'min_window': 10, 'max_window': 57, 'use_full_instance': False, 'max_partners': 5, 'homeostasis': 'mean', 'target': 0.59, 'spread': 0.365, 'ridge': 1.2645649156092547e-06, 'gamma': 0.9282405285465252}",lspi,300,linear,,,-0.3599999999999998,,"[-0.38461538461538447, -0.3499999999999999, -0.29230769230769227, -0.3615384615384614, -0.36923076923076914, -0.4115384615384613, -0.39230769230769214, -0.3769230769230768, -0.3269230769230768, -0.3346153846153845, -0.33461538461538454, -0.38461538461538447, -0.373076923076923, -0.396153846153846, -0.3884615384615383, -0.3269230769230768, -0.3615384615384614, -0.29230769230769227, -0.36538461538461525, -0.3769230769230768]",,2.0
Autoencode,filterbank+hag,7,312,4.592948717948718,-0.3830769230769229,0.1014568436541387,-0.4213108320251176,-0.3759811616954473,142,"{'decomposition': 'legendre', 'n_filters': 12, 'slowest': 0.005831297225426596, 'input_scaling': 0.7754440447009786, 'bias_dist': 'foldnorm', 'bias_scaling': 0.21105039816821586, 'lr': 0.11153274560306031, 'weight_increment': 0.0018405728620499555, 'min_window': 10, 'max_window': 57, 'use_full_instance': False, 'max_partners': 5, 'homeostasis': 'mean', 'target': 0.59, 'spread': 0.365, 'ridge': 1.2645649156092547e-06, 'gamma': 0.9282405285465252}",lspi,300,linear,,,-0.3923076923076922,,"[-0.4076923076923076, -0.4115384615384614, -0.36923076923076914, -0.41538461538461524, -0.38076923076923064, -0.4230769230769229, -0.42692307692307685, -0.42692307692307674, -0.35384615384615375, -0.3461538461538461, -0.34615384615384603, -0.39615384615384597, -0.4499999999999999, -0.42692307692307674, -0.36538461538461525, -0.3884615384615383, -0.446153846153846, -0.2961538461538461, -0.446153846153846, -0.32307692307692293]",,17.0
Autoencode,filterbank+hag,8,312,4.634615384615385,-0.3938461538461538,0.12838551412323115,-0.4108320251177393,-0.38088697017268436,141,"{'decomposition': 'legendre', 'n_filters': 12, 'slowest': 0.005831297225426596, 'input_scaling': 0.7754440447009786, 'bias_dist': 'foldnorm', 'bias_scaling': 0.21105039816821586, 'lr': 0.11153274560306031, 'weight_increment': 0.0018405728620499555, 'min_window': 10, 'max_window': 57, 'use_full_instance': False, 'max_partners': 5, 'homeostasis': 'mean', 'target': 0.59, 'spread': 0.365, 'ridge': 1.2645649156092547e-06, 'gamma': 0.9282405285465252}",lspi,300,linear,,,-0.3730769230769229,,"[-0.48461538461538456, -0.44615384615384607, -0.2923076923076922, -0.39999999999999986, -0.3961538461538461, -0.38461538461538447, -0.3769230769230768, -0.3576923076923076, -0.3346153846153845, -0.32692307692307687, -0.33846153846153837, -0.4615384615384615, -0.38076923076923064, -0.36923076923076914, -0.3769230769230768, -0.3115384615384615, -0.38846153846153836, -0.31923076923076915, -0.40384615384615374, -0.31153846153846143]",,2.0
Autoencode,filterbank+hag,9,312,4.5256410256410255,-0.366153846153846,0.11646672074640085,-0.40467032967032956,-0.3675431711145996,142,"{'decomposition': 'legendre', 'n_filters': 12, 'slowest': 0.005831297225426596, 'input_scaling': 0.7754440447009786, 'bias_dist': 'foldnorm', 'bias_scaling': 0.21105039816821586, 'lr': 0.11153274560306031, 'weight_increment': 0.0018405728620499555, 'min_window': 10, 'max_window': 57, 'use_full_instance': False, 'max_partners': 5, 'homeostasis': 'mean', 'target': 0.59, 'spread': 0.365, 'ridge': 1.2645649156092547e-06, 'gamma': 0.9282405285465252}",lspi,300,linear,,,-0.3676923076923075,,"[-0.42692307692307674, -0.4076923076923076, -0.3384615384615383, -0.3769230769230768, -0.34999999999999987, -0.34999999999999987, -0.34230769230769215, -0.36538461538461525, -0.35769230769230764, -0.3461538461538461, -0.33461538461538454, -0.44230769230769224, -0.4346153846153845, -0.38461538461538447, -0.373076923076923, -0.3269230769230768, -0.34999999999999987, -0.29230769230769227, -0.3999999999999998, -0.35384615384615364]",,17.0
Autoencode,filterbank+esn,0,312,4.237179487179487,-0.46538461538461534,0.09206699387373712,-0.4693491124260354,,88,"{'decomposition': 'legendre', 'n_filters': 12, 'slowest': 0.006397371281320229, 'input_scaling': 0.550142611755141, 'bias_dist': 'foldnorm', 'bias_scaling': 0.07438842372152364, 'lr': 0.6575600610814601, 'sr': 0.8663422541011234, 'rc_connectivity': 0.013579746643157644}",bc,300,linear,,-0.4615384615384614,-0.4723076923076922,4.0,"[-0.4615384615384614, -0.496153846153846, -0.49615384615384606, -0.4692307692307692, -0.4384615384615384]",-0.47846152000000003,
Autoencode,filterbank+esn,1,312,4.237179487179487,-0.4692307692307691,0.12779421327566273,-0.461222879684418,,91,"{'decomposition': 'legendre', 'n_filters': 12, 'slowest': 0.006397371281320229, 'input_scaling': 0.550142611755141, 'bias_dist': 'foldnorm', 'bias_scaling': 0.07438842372152364, 'lr': 0.6575600610814601, 'sr': 0.8663422541011234, 'rc_connectivity': 0.013579746643157644}",bc,300,linear,,-0.4846153846153845,-0.46307692307692305,2.0,"[-0.4846153846153845, -0.46538461538461534, -0.3884615384615383, -0.48461538461538456, -0.4923076923076922]",-0.46692301999999997,
Autoencode,filterbank+esn,2,312,4.237179487179487,-0.4784615384615383,0.0860576385904431,-0.4768047337278105,,91,"{'decomposition': 'legendre', 'n_filters': 12, 'slowest': 0.006397371281320229, 'input_scaling': 0.550142611755141, 'bias_dist': 'foldnorm', 'bias_scaling': 0.07438842372152364, 'lr': 0.6575600610814601, 'sr': 0.8663422541011234, 'rc_connectivity': 0.013579746643157644}",bc,300,linear,,-0.4846153846153845,-0.4776923076923076,3.0,"[-0.4846153846153845, -0.473076923076923, -0.49615384615384617, -0.4615384615384614, -0.473076923076923]",-0.45076917999999994,
Autoencode,filterbank+esn,3,312,4.237179487179487,-0.4846153846153845,0.08496431551682512,-0.4679684418145955,,90,"{'decomposition': 'legendre', 'n_filters': 12, 'slowest': 0.006397371281320229, 'input_scaling': 0.550142611755141, 'bias_dist': 'foldnorm', 'bias_scaling': 0.07438842372152364, 'lr': 0.6575600610814601, 'sr': 0.8663422541011234, 'rc_connectivity': 0.013579746643157644}",bc,300,linear,,-0.5038461538461537,-0.48615384615384605,3.0,"[-0.5038461538461537, -0.5038461538461536, -0.4499999999999999, -0.44615384615384607, -0.5269230769230768]",-0.49307685999999995,
Autoencode,filterbank+proj,0,312,0.0,-0.35846153846153833,0.09528530810585856,-0.42576530612244884,-0.38284929356357916,138,"{'decomposition': 'legendre', 'n_filters': 12, 'slowest': 0.005831297225426596, 'input_scaling': 0.7754440447009786, 'bias_dist': 'foldnorm', 'bias_scaling': 0.21105039816821586, 'lr': 0.11153274560306031, 'weight_increment': 0.0018405728620499555, 'min_window': 10, 'max_window': 57, 'use_full_instance': False, 'max_partners': 5, 'homeostasis': 'mean', 'target': 0.59, 'spread': 0.365, 'ridge': 1.2645649156092547e-06, 'gamma': 0.9282405285465252}",lspi,300,linear,,,-0.3944230769230767,,"[-0.4615384615384614, -0.446153846153846, -0.3346153846153845, -0.41538461538461524, -0.4346153846153845, -0.42692307692307674, -0.3999999999999999, -0.4230769230769229, -0.3769230769230768, -0.37692307692307686, -0.34615384615384603, -0.3653846153846153, -0.40384615384615374, -0.36923076923076914, -0.446153846153846, -0.3153846153846153, -0.3961538461538461, -0.3615384615384615, -0.38461538461538447, -0.40384615384615374]",,15.0
Autoencode,filterbank+proj,1,312,0.0,-0.41538461538461524,0.1298611001241087,-0.42812009419152264,-0.3971742543171113,137,"{'decomposition': 'legendre', 'n_filters': 12, 'slowest': 0.005831297225426596, 'input_scaling': 0.7754440447009786, 'bias_dist': 'foldnorm', 'bias_scaling': 0.21105039816821586, 'lr': 0.11153274560306031, 'weight_increment': 0.0018405728620499555, 'min_window': 10, 'max_window': 57, 'use_full_instance': False, 'max_partners': 5, 'homeostasis': 'mean', 'target': 0.59, 'spread': 0.365, 'ridge': 1.2645649156092547e-06, 'gamma': 0.9282405285465252}",lspi,300,linear,,,-0.4073076923076922,,"[-0.446153846153846, -0.43846153846153835, -0.4115384615384614, -0.43846153846153835, -0.4730769230769229, -0.4499999999999999, -0.4076923076923076, -0.45384615384615384, -0.38076923076923064, -0.3576923076923076, -0.3653846153846153, -0.3999999999999999, -0.44999999999999984, -0.38461538461538447, -0.373076923076923, -0.33076923076923065, -0.4307692307692307, -0.35384615384615375, -0.3653846153846153, -0.4346153846153845]",,15.0
Autoencode,filterbank+esn,4,312,4.237179487179487,-0.4669230769230767,0.07175319303040928,-0.4549112426035502,,91,"{'decomposition': 'legendre', 'n_filters': 12, 'slowest': 0.006397371281320229, 'input_scaling': 0.550142611755141, 'bias_dist': 'foldnorm', 'bias_scaling': 0.07438842372152364, 'lr': 0.6575600610814601, 'sr': 0.8663422541011234, 'rc_connectivity': 0.013579746643157644}",bc,300,linear,,-0.4346153846153845,-0.44692307692307676,3.0,"[-0.4346153846153845, -0.49230769230769217, -0.44999999999999984, -0.41538461538461524, -0.4423076923076922]",-0.47230754,
Autoencode,filterbank+proj,2,312,0.0,-0.3738461538461538,0.10321460380135081,-0.4257064364207221,-0.38540031397174246,137,"{'decomposition': 'legendre', 'n_filters': 12, 'slowest': 0.005831297225426596, 'input_scaling': 0.7754440447009786, 'bias_dist': 'foldnorm', 'bias_scaling': 0.21105039816821586, 'lr': 0.11153274560306031, 'weight_increment': 0.0018405728620499555, 'min_window': 10, 'max_window': 57, 'use_full_instance': False, 'max_partners': 5, 'homeostasis': 'mean', 'target': 0.59, 'spread': 0.365, 'ridge': 1.2645649156092547e-06, 'gamma': 0.9282405285465252}",lspi,300,linear,,,-0.3940384615384614,,"[-0.4923076923076922, -0.48076923076923067, -0.32692307692307676, -0.41538461538461535, -0.40384615384615374, -0.40384615384615374, -0.3769230769230768, -0.39230769230769214, -0.33846153846153837, -0.4192307692307691, -0.3423076923076922, -0.373076923076923, -0.43846153846153835, -0.4230769230769229, -0.41538461538461524, -0.3961538461538461, -0.38461538461538447, -0.3269230769230768, -0.4076923076923076, -0.32307692307692293]",,19.0
Autoencode,filterbank+esn,5,312,4.237179487179487,-0.4669230769230768,0.08320858512829825,-0.4606311637080867,,90,"{'decomposition': 'legendre', 'n_filters': 12, 'slowest': 0.006397371281320229, 'input_scaling': 0.550142611755141, 'bias_dist': 'foldnorm', 'bias_scaling': 0.07438842372152364, 'lr': 0.6575600610814601, 'sr': 0.8663422541011234, 'rc_connectivity': 0.013579746643157644}",bc,300,linear,,-0.4846153846153845,-0.4507692307692306,4.0,"[-0.4846153846153845, -0.4730769230769229, -0.42692307692307685, -0.4538461538461537, -0.41538461538461524]",-0.47076903999999997,
Autoencode,filterbank+esn,6,312,4.237179487179487,-0.48692307692307674,0.07829922880060339,-0.47388560157790915,,89,"{'decomposition': 'legendre', 'n_filters': 12, 'slowest': 0.006397371281320229, 'input_scaling': 0.550142611755141, 'bias_dist': 'foldnorm', 'bias_scaling': 0.07438842372152364, 'lr': 0.6575600610814601, 'sr': 0.8663422541011234, 'rc_connectivity': 0.013579746643157644}",bc,300,linear,,-0.49230769230769217,-0.46615384615384603,4.0,"[-0.49230769230769217, -0.47692307692307684, -0.46923076923076923, -0.4538461538461537, -0.43846153846153835]",-0.45999984,
Autoencode,filterbank+proj,3,312,0.0,-0.3869230769230768,0.10614548462052183,-0.42709968602825743,-0.39148351648351637,137,"{'decomposition': 'legendre', 'n_filters': 12, 'slowest': 0.005831297225426596, 'input_scaling': 0.7754440447009786, 'bias_dist': 'foldnorm', 'bias_scaling': 0.21105039816821586, 'lr': 0.11153274560306031, 'weight_increment': 0.0018405728620499555, 'min_window': 10, 'max_window': 57, 'use_full_instance': False, 'max_partners': 5, 'homeostasis': 'mean', 'target': 0.59, 'spread': 0.365, 'ridge': 1.2645649156092547e-06, 'gamma': 0.9282405285465252}",lspi,300,linear,,,-0.4023076923076922,,"[-0.46923076923076906, -0.47692307692307684, -0.36538461538461525, -0.40384615384615363, -0.373076923076923, -0.4423076923076922, -0.37692307692307686, -0.43846153846153835, -0.3499999999999999, -0.33461538461538454, -0.39615384615384597, -0.3307692307692307, -0.4115384615384613, -0.4346153846153845, -0.41538461538461535, -0.41538461538461524, -0.46153846153846134, -0.3269230769230768, -0.41538461538461524, -0.4076923076923077]",,17.0
Autoencode,filterbank+esn,7,312,4.237179487179487,-0.46307692307692294,0.06434007281946609,-0.461499013806706,,89,"{'decomposition': 'legendre', 'n_filters': 12, 'slowest': 0.006397371281320229, 'input_scaling': 0.550142611755141, 'bias_dist': 'foldnorm', 'bias_scaling': 0.07438842372152364, 'lr': 0.6575600610814601, 'sr': 0.8663422541011234, 'rc_connectivity': 0.013579746643157644}",bc,300,linear,,-0.48076923076923056,-0.47230769230769215,2.0,"[-0.48076923076923056, -0.43846153846153824, -0.41538461538461535, -0.5038461538461536, -0.5230769230769229]",-0.4576922199999999,
Autoencode,filterbank+esn,9,312,4.237179487179487,-0.4907692307692307,0.09021998099320468,-0.4747928994082839,,89,"{'decomposition': 'legendre', 'n_filters': 12, 'slowest': 0.006397371281320229, 'input_scaling': 0.550142611755141, 'bias_dist': 'foldnorm', 'bias_scaling': 0.07438842372152364, 'lr': 0.6575600610814601, 'sr': 0.8663422541011234, 'rc_connectivity': 0.013579746643157644}",bc,300,linear,,-0.46538461538461523,-0.4823076923076922,4.0,"[-0.46538461538461523, -0.5461538461538462, -0.4692307692307692, -0.47692307692307684, -0.45384615384615373]",-0.46153836000000004,
Autoencode,filterbank+proj,4,312,0.0,-0.3807692307692306,0.10939586656406067,-0.42768838304552576,-0.39403453689167955,138,"{'decomposition': 'legendre', 'n_filters': 12, 'slowest': 0.005831297225426596, 'input_scaling': 0.7754440447009786, 'bias_dist': 'foldnorm', 'bias_scaling': 0.21105039816821586, 'lr': 0.11153274560306031, 'weight_increment': 0.0018405728620499555, 'min_window': 10, 'max_window': 57, 'use_full_instance': False, 'max_partners': 5, 'homeostasis': 'mean', 'target': 0.59, 'spread': 0.365, 'ridge': 1.2645649156092547e-06, 'gamma': 0.9282405285465252}",lspi,300,linear,,,-0.4011538461538461,,"[-0.48076923076923067, -0.4192307692307692, -0.3499999999999998, -0.4692307692307692, -0.4076923076923077, -0.4192307692307691, -0.3769230769230768, -0.39230769230769214, -0.3769230769230768, -0.3615384615384615, -0.3384615384615383, -0.41538461538461535, -0.45769230769230757, -0.39230769230769214, -0.39999999999999986, -0.3769230769230768, -0.42692307692307685, -0.39999999999999997, -0.3999999999999999, -0.3615384615384614]",,10.0
Autoencode,filterbank+proj,5,312,0.0,-0.3638461538461537,0.10774998455497625,-0.4294544740973312,-0.38206436420722123,136,"{'decomposition': 'legendre', 'n_filters': 12, 'slowest': 0.005831297225426596, 'input_scaling': 0.7754440447009786, 'bias_dist': 'foldnorm', 'bias_scaling': 0.21105039816821586, 'lr': 0.11153274560306031, 'weight_increment': 0.0018405728620499555, 'min_window': 10, 'max_window': 57, 'use_full_instance': False, 'max_partners': 5, 'homeostasis': 'mean', 'target': 0.59, 'spread': 0.365, 'ridge': 1.2645649156092547e-06, 'gamma': 0.9282405285465252}",lspi,300,linear,,,-0.396153846153846,,"[-0.4192307692307692, -0.4884615384615384, -0.396153846153846, -0.36538461538461525, -0.35384615384615375, -0.43846153846153835, -0.36923076923076914, -0.4230769230769229, -0.35384615384615375, -0.4384615384615384, -0.4076923076923076, -0.38076923076923064, -0.4192307692307692, -0.38076923076923064, -0.39230769230769214, -0.3807692307692307, -0.38076923076923064, -0.31538461538461526, -0.4346153846153845, -0.38461538461538447]",,17.0
Autoencode,filterbank+proj,6,312,0.0,-0.36538461538461525,0.11544870015233562,-0.43049450549450535,-0.39069858712715844,137,"{'decomposition': 'legendre', 'n_filters': 12, 'slowest': 0.005831297225426596, 'input_scaling': 0.7754440447009786, 'bias_dist': 'foldnorm', 'bias_scaling': 0.21105039816821586, 'lr': 0.11153274560306031, 'weight_increment': 0.0018405728620499555, 'min_window': 10, 'max_window': 57, 'use_full_instance': False, 'max_partners': 5, 'homeostasis': 'mean', 'target': 0.59, 'spread': 0.365, 'ridge': 1.2645649156092547e-06, 'gamma': 0.9282405285465252}",lspi,300,linear,,,-0.3874999999999999,,"[-0.4846153846153845, -0.3884615384615384, -0.40384615384615374, -0.31923076923076915, -0.38076923076923064, -0.3999999999999998, -0.39999999999999986, -0.4076923076923076, -0.3615384615384615, -0.3461538461538461, -0.40384615384615374, -0.39230769230769214, -0.43076923076923057, -0.40384615384615374, -0.4076923076923076, -0.39230769230769225, -0.4192307692307691, -0.28846153846153844, -0.31153846153846143, -0.4076923076923076]",,17.0
Autoencode,filterbank+esn,8,312,4.237179487179487,-0.43538461538461526,0.10361512763373991,-0.44867850098619316,,93,"{'decomposition': 'legendre', 'n_filters': 12, 'slowest': 0.006397371281320229, 'input_scaling': 0.550142611755141, 'bias_dist': 'foldnorm', 'bias_scaling': 0.07438842372152364, 'lr': 0.6575600610814601, 'sr': 0.8663422541011234, 'rc_connectivity': 0.013579746643157644}",bc,300,linear,,-0.43846153846153824,-0.4638461538461537,0.0,"[-0.43846153846153824, -0.43846153846153835, -0.47692307692307684, -0.4846153846153845, -0.48076923076923067]",-0.46615387999999996,
Autoencode,filterbank+hag,0,312,3.0224358974358974,-0.4823076923076921,0.0891146459250285,-0.4694280078895462,,92,"{'decomposition': 'legendre', 'n_filters': 12, 'slowest': 0.015468638100899648, 'input_scaling': 0.8216619713233748, 'bias_dist': 'foldnorm', 'bias_scaling': 0.04249382119350724, 'lr': 0.7520411716638045, 'weight_increment': 0.001395793645992084, 'min_window': 19, 'max_window': 32, 'use_full_instance': True, 'max_partners': 20, 'homeostasis': 'mean', 'target': 0.69, 'spread': 0.36000000000000004}",bc,300,linear,,-0.473076923076923,-0.4638461538461537,4.0,"[-0.473076923076923, -0.48076923076923067, -0.45384615384615373, -0.46538461538461534, -0.44615384615384607]",-0.47846152000000003,
Autoencode,filterbank+proj,7,312,0.0,-0.36769230769230754,0.11542563373478576,-0.43112244897959173,-0.406789638932496,138,"{'decomposition': 'legendre', 'n_filters': 12, 'slowest': 0.005831297225426596, 'input_scaling': 0.7754440447009786, 'bias_dist': 'foldnorm', 'bias_scaling': 0.21105039816821586, 'lr': 0.11153274560306031, 'weight_increment': 0.0018405728620499555, 'min_window': 10, 'max_window': 57, 'use_full_instance': False, 'max_partners': 5, 'homeostasis': 'mean', 'target': 0.59, 'spread': 0.365, 'ridge': 1.2645649156092547e-06, 'gamma': 0.9282405285465252}",lspi,300,linear,,,-0.4017307692307691,,"[-0.4576923076923075, -0.396153846153846, -0.36538461538461525, -0.396153846153846, -0.373076923076923, -0.4615384615384615, -0.3692307692307691, -0.43846153846153835, -0.3692307692307691, -0.3769230769230768, -0.3499999999999998, -0.38461538461538447, -0.45384615384615373, -0.4307692307692307, -0.4192307692307691, -0.423076923076923, -0.4346153846153845, -0.31153846153846143, -0.4115384615384614, -0.4115384615384614]",,17.0
Autoencode,filterbank+proj,8,312,0.0,-0.4238461538461538,0.13684742940556557,-0.4262362637362636,-0.3987441130298272,138,"{'decomposition': 'legendre', 'n_filters': 12, 'slowest': 0.005831297225426596, 'input_scaling': 0.7754440447009786, 'bias_dist': 'foldnorm', 'bias_scaling': 0.21105039816821586, 'lr': 0.11153274560306031, 'weight_increment': 0.0018405728620499555, 'min_window': 10, 'max_window': 57, 'use_full_instance': False, 'max_partners': 5, 'homeostasis': 'mean', 'target': 0.59, 'spread': 0.365, 'ridge': 1.2645649156092547e-06, 'gamma': 0.9282405285465252}",lspi,300,linear,,,-0.40269230769230757,,"[-0.5038461538461537, -0.5, -0.2884615384615384, -0.44230769230769207, -0.42692307692307685, -0.446153846153846, -0.42692307692307685, -0.44999999999999984, -0.31538461538461526, -0.40384615384615374, -0.3615384615384614, -0.4115384615384615, -0.4423076923076922, -0.3730769230769229, -0.39999999999999986, -0.3576923076923076, -0.4115384615384615, -0.3192307692307692, -0.4076923076923076, -0.3653846153846153]",,2.0
Autoencode,filterbank+proj,9,312,0.0,-0.37538461538461526,0.10784604411275003,-0.4194270015698586,-0.38226059654631067,136,"{'decomposition': 'legendre', 'n_filters': 12, 'slowest': 0.005831297225426596, 'input_scaling': 0.7754440447009786, 'bias_dist': 'foldnorm', 'bias_scaling': 0.21105039816821586, 'lr': 0.11153274560306031, 'weight_increment': 0.0018405728620499555, 'min_window': 10, 'max_window': 57, 'use_full_instance': False, 'max_partners': 5, 'homeostasis': 'mean', 'target': 0.59, 'spread': 0.365, 'ridge': 1.2645649156092547e-06, 'gamma': 0.9282405285465252}",lspi,300,linear,,,-0.3921153846153844,,"[-0.45769230769230757, -0.4423076923076922, -0.3769230769230768, -0.4692307692307692, -0.36538461538461525, -0.396153846153846, -0.41538461538461524, -0.3769230769230768, -0.33076923076923065, -0.35384615384615375, -0.36923076923076914, -0.4192307692307692, -0.43846153846153835, -0.41538461538461524, -0.38461538461538447, -0.37692307692307686, -0.3615384615384614, -0.31153846153846143, -0.39999999999999986, -0.38076923076923064]",,17.0
Autoencode,filterbank+hag,2,312,3.1378205128205128,-0.4899999999999999,0.080974099153543,-0.47755424063116364,,92,"{'decomposition': 'legendre', 'n_filters': 12, 'slowest': 0.015468638100899648, 'input_scaling': 0.8216619713233748, 'bias_dist': 'foldnorm', 'bias_scaling': 0.04249382119350724, 'lr': 0.7520411716638045, 'weight_increment': 0.001395793645992084, 'min_window': 19, 'max_window': 32, 'use_full_instance': True, 'max_partners': 20, 'homeostasis': 'mean', 'target': 0.69, 'spread': 0.36000000000000004}",bc,300,linear,,-0.4615384615384614,-0.4838461538461537,0.0,"[-0.4615384615384614, -0.496153846153846, -0.5038461538461537, -0.48846153846153834, -0.4692307692307692]",-0.45076917999999994,
Autoencode,filterbank+hag,1,312,3.3108974358974357,-0.44999999999999984,0.11259447052541885,-0.46725838264299785,,92,"{'decomposition': 'legendre', 'n_filters': 12, 'slowest': 0.015468638100899648, 'input_scaling': 0.8216619713233748, 'bias_dist': 'foldnorm', 'bias_scaling': 0.04249382119350724, 'lr': 0.7520411716638045, 'weight_increment': 0.001395793645992084, 'min_window': 19, 'max_window': 32, 'use_full_instance': True, 'max_partners': 20, 'homeostasis': 'mean', 'target': 0.69, 'spread': 0.36000000000000004}",bc,300,linear,,-0.5461538461538461,-0.46538461538461523,2.0,"[-0.5461538461538461, -0.46538461538461523, -0.3653846153846153, -0.496153846153846, -0.45384615384615384]",-0.46692301999999997,
Autoencode,filterbank+hag,3,312,3.1121794871794872,-0.46384615384615374,0.08370489158788542,-0.47013806706114386,,94,"{'decomposition': 'legendre', 'n_filters': 12, 'slowest': 0.015468638100899648, 'input_scaling': 0.8216619713233748, 'bias_dist': 'foldnorm', 'bias_scaling': 0.04249382119350724, 'lr': 0.7520411716638045, 'weight_increment': 0.001395793645992084, 'min_window': 19, 'max_window': 32, 'use_full_instance': True, 'max_partners': 20, 'homeostasis': 'mean', 'target': 0.69, 'spread': 0.36000000000000004}",bc,300,linear,,-0.5076923076923076,-0.47999999999999987,2.0,"[-0.5076923076923076, -0.49230769230769217, -0.45384615384615373, -0.469230769230769, -0.47692307692307684]",-0.49307685999999995,
Autoencode,filterbank+hag,4,312,2.8653846153846154,-0.47230769230769204,0.0717655617827114,-0.4596844181459564,,93,"{'decomposition': 'legendre', 'n_filters': 12, 'slowest': 0.015468638100899648, 'input_scaling': 0.8216619713233748, 'bias_dist': 'foldnorm', 'bias_scaling': 0.04249382119350724, 'lr': 0.7520411716638045, 'weight_increment': 0.001395793645992084, 'min_window': 19, 'max_window': 32, 'use_full_instance': True, 'max_partners': 20, 'homeostasis': 'mean', 'target': 0.69, 'spread': 0.36000000000000004}",bc,300,linear,,-0.47692307692307684,-0.46307692307692283,3.0,"[-0.47692307692307684, -0.5153846153846151, -0.46923076923076906, -0.4192307692307691, -0.4346153846153844]",-0.47230754,
Autoencode,filterbank+hag,5,312,3.269230769230769,-0.46230769230769214,0.07477382068849385,-0.45814595660749496,,91,"{'decomposition': 'legendre', 'n_filters': 12, 'slowest': 0.015468638100899648, 'input_scaling': 0.8216619713233748, 'bias_dist': 'foldnorm', 'bias_scaling': 0.04249382119350724, 'lr': 0.7520411716638045, 'weight_increment': 0.001395793645992084, 'min_window': 19, 'max_window': 32, 'use_full_instance': True, 'max_partners': 20, 'homeostasis': 'mean', 'target': 0.69, 'spread': 0.36000000000000004}",bc,300,linear,,-0.4346153846153845,-0.45153846153846144,4.0,"[-0.4346153846153845, -0.4923076923076922, -0.4846153846153845, -0.44999999999999984, -0.3961538461538461]",-0.47076903999999997,
Autoencode,filterbank+hag,6,312,3.6794871794871793,-0.5023076923076922,0.08082781757955962,-0.48449704142011824,,91,"{'decomposition': 'legendre', 'n_filters': 12, 'slowest': 0.015468638100899648, 'input_scaling': 0.8216619713233748, 'bias_dist': 'foldnorm', 'bias_scaling': 0.04249382119350724, 'lr': 0.7520411716638045, 'weight_increment': 0.001395793645992084, 'min_window': 19, 'max_window': 32, 'use_full_instance': True, 'max_partners': 20, 'homeostasis': 'mean', 'target': 0.69, 'spread': 0.36000000000000004}",bc,300,linear,,-0.48846153846153834,-0.47384615384615375,3.0,"[-0.48846153846153834, -0.4576923076923075, -0.49615384615384617, -0.4346153846153845, -0.49230769230769217]",-0.45999984,
Autoencode,filterbank+hag,7,312,3.1121794871794872,-0.46846153846153826,0.07485291296857896,-0.4690729783037474,,90,"{'decomposition': 'legendre', 'n_filters': 12, 'slowest': 0.015468638100899648, 'input_scaling': 0.8216619713233748, 'bias_dist': 'foldnorm', 'bias_scaling': 0.04249382119350724, 'lr': 0.7520411716638045, 'weight_increment': 0.001395793645992084, 'min_window': 19, 'max_window': 32, 'use_full_instance': True, 'max_partners': 20, 'homeostasis': 'mean', 'target': 0.69, 'spread': 0.36000000000000004}",bc,300,linear,,-0.4846153846153845,-0.47461538461538455,2.0,"[-0.4846153846153845, -0.4615384615384614, -0.45769230769230757, -0.4769230769230767, -0.49230769230769217]",-0.4576922199999999,
Autoencode,filterbank+hag,8,312,2.9743589743589745,-0.4546153846153845,0.11165511141602721,-0.46031558185404325,,93,"{'decomposition': 'legendre', 'n_filters': 12, 'slowest': 0.015468638100899648, 'input_scaling': 0.8216619713233748, 'bias_dist': 'foldnorm', 'bias_scaling': 0.04249382119350724, 'lr': 0.7520411716638045, 'weight_increment': 0.001395793645992084, 'min_window': 19, 'max_window': 32, 'use_full_instance': True, 'max_partners': 20, 'homeostasis': 'mean', 'target': 0.69, 'spread': 0.36000000000000004}",bc,300,linear,,-0.4346153846153845,-0.4669230769230768,0.0,"[-0.4346153846153845, -0.43846153846153824, -0.46538461538461534, -0.4846153846153845, -0.5115384615384614]",-0.46615387999999996,
Autoencode,filterbank+hag,9,312,3.1153846153846154,-0.5115384615384614,0.09270746763995354,-0.48473372781065077,,91,"{'decomposition': 'legendre', 'n_filters': 12, 'slowest': 0.015468638100899648, 'input_scaling': 0.8216619713233748, 'bias_dist': 'foldnorm', 'bias_scaling': 0.04249382119350724, 'lr': 0.7520411716638045, 'weight_increment': 0.001395793645992084, 'min_window': 19, 'max_window': 32, 'use_full_instance': True, 'max_partners': 20, 'homeostasis': 'mean', 'target': 0.69, 'spread': 0.36000000000000004}",bc,300,linear,,-0.44999999999999984,-0.5038461538461538,0.0,"[-0.44999999999999984, -0.5384615384615385, -0.5269230769230768, -0.49999999999999983, -0.5038461538461538]",-0.46153836000000004,
Autoencode,filterbank+proj,0,312,0.0,-0.47384615384615364,0.08852506080502033,-0.4695069033530571,,89,"{'decomposition': 'legendre', 'n_filters': 12, 'slowest': 0.015468638100899648, 'input_scaling': 0.8216619713233748, 'bias_dist': 'foldnorm', 'bias_scaling': 0.04249382119350724, 'lr': 0.7520411716638045, 'weight_increment': 0.001395793645992084, 'min_window': 19, 'max_window': 32, 'use_full_instance': True, 'max_partners': 20, 'homeostasis': 'mean', 'target': 0.69, 'spread': 0.36000000000000004}",bc,300,linear,,-0.46538461538461523,-0.4646153846153845,3.0,"[-0.46538461538461523, -0.49230769230769217, -0.45769230769230757, -0.4423076923076922, -0.46538461538461523]",-0.47846152000000003,
Autoencode,filterbank+proj,1,312,0.0,-0.4676923076923076,0.12244066308351721,-0.46603550295857976,,88,"{'decomposition': 'legendre', 'n_filters': 12, 'slowest': 0.015468638100899648, 'input_scaling': 0.8216619713233748, 'bias_dist': 'foldnorm', 'bias_scaling': 0.04249382119350724, 'lr': 0.7520411716638045, 'weight_increment': 0.001395793645992084, 'min_window': 19, 'max_window': 32, 'use_full_instance': True, 'max_partners': 20, 'homeostasis': 'mean', 'target': 0.69, 'spread': 0.36000000000000004}",bc,300,linear,,-0.5269230769230768,-0.4692307692307692,2.0,"[-0.5269230769230768, -0.43846153846153835, -0.38846153846153836, -0.496153846153846, -0.49615384615384617]",-0.46692301999999997,
Autoencode,filterbank+proj,2,312,0.0,-0.4823076923076921,0.08911464592502853,-0.4781854043392504,,87,"{'decomposition': 'legendre', 'n_filters': 12, 'slowest': 0.015468638100899648, 'input_scaling': 0.8216619713233748, 'bias_dist': 'foldnorm', 'bias_scaling': 0.04249382119350724, 'lr': 0.7520411716638045, 'weight_increment': 0.001395793645992084, 'min_window': 19, 'max_window': 32, 'use_full_instance': True, 'max_partners': 20, 'homeostasis': 'mean', 'target': 0.69, 'spread': 0.36000000000000004}",bc,300,linear,,-0.4576923076923075,-0.4776923076923076,0.0,"[-0.4576923076923075, -0.48076923076923067, -0.49230769230769217, -0.4769230769230767, -0.48076923076923067]",-0.45076917999999994,
Autoencode,filterbank+proj,8,312,0.0,-0.48307696000000006,0.10910073709924421,-0.49060251503914293,-0.48731166185567004,737,"{'decomposition': 'legendre', 'n_filters': 12, 'slowest': 0.015468638100899648, 'input_scaling': 0.8216619713233748, 'bias_dist': 'foldnorm', 'bias_scaling': 0.04249382119350724, 'lr': 0.7520411716638045, 'weight_increment': 0.001395793645992084, 'min_window': 19, 'max_window': 32, 'use_full_instance': True, 'max_partners': 20, 'homeostasis': 'mean', 'target': 0.69, 'spread': 0.36000000000000004, 'learning_rate': 0.0001}",dqn,300,linear,0.0001,,,,,,
Autoencode,filterbank+proj,3,312,0.0,-0.47846153846153827,0.09074315140343775,-0.47475345167652844,,89,"{'decomposition': 'legendre', 'n_filters': 12, 'slowest': 0.015468638100899648, 'input_scaling': 0.8216619713233748, 'bias_dist': 'foldnorm', 'bias_scaling': 0.04249382119350724, 'lr': 0.7520411716638045, 'weight_increment': 0.001395793645992084, 'min_window': 19, 'max_window': 32, 'use_full_instance': True, 'max_partners': 20, 'homeostasis': 'mean', 'target': 0.69, 'spread': 0.36000000000000004}",bc,300,linear,,-0.5038461538461537,-0.4684615384615383,3.0,"[-0.5038461538461537, -0.48846153846153834, -0.4499999999999999, -0.43076923076923057, -0.469230769230769]",-0.49307685999999995,
Autoencode,filterbank+proj,4,312,0.0,-0.4815384615384613,0.061653738183119644,-0.463826429980276,,88,"{'decomposition': 'legendre', 'n_filters': 12, 'slowest': 0.015468638100899648, 'input_scaling': 0.8216619713233748, 'bias_dist': 'foldnorm', 'bias_scaling': 0.04249382119350724, 'lr': 0.7520411716638045, 'weight_increment': 0.001395793645992084, 'min_window': 19, 'max_window': 32, 'use_full_instance': True, 'max_partners': 20, 'homeostasis': 'mean', 'target': 0.69, 'spread': 0.36000000000000004}",bc,300,linear,,-0.48076923076923067,-0.4676923076923075,3.0,"[-0.48076923076923067, -0.5153846153846153, -0.44999999999999984, -0.43846153846153835, -0.4538461538461537]",-0.47230754,
Autoencode,filterbank+proj,5,312,0.0,-0.4607692307692306,0.08513476959552332,-0.4657988165680472,,89,"{'decomposition': 'legendre', 'n_filters': 12, 'slowest': 0.015468638100899648, 'input_scaling': 0.8216619713233748, 'bias_dist': 'foldnorm', 'bias_scaling': 0.04249382119350724, 'lr': 0.7520411716638045, 'weight_increment': 0.001395793645992084, 'min_window': 19, 'max_window': 32, 'use_full_instance': True, 'max_partners': 20, 'homeostasis': 'mean', 'target': 0.69, 'spread': 0.36000000000000004}",bc,300,linear,,-0.4346153846153844,-0.4669230769230768,0.0,"[-0.4346153846153844, -0.46538461538461534, -0.4846153846153845, -0.44999999999999984, -0.5]",-0.47076903999999997,
Autoencode,filterbank+proj,6,312,0.0,-0.49999999999999983,0.09262765060609464,-0.4855226824457593,,88,"{'decomposition': 'legendre', 'n_filters': 12, 'slowest': 0.015468638100899648, 'input_scaling': 0.8216619713233748, 'bias_dist': 'foldnorm', 'bias_scaling': 0.04249382119350724, 'lr': 0.7520411716638045, 'weight_increment': 0.001395793645992084, 'min_window': 19, 'max_window': 32, 'use_full_instance': True, 'max_partners': 20, 'homeostasis': 'mean', 'target': 0.69, 'spread': 0.36000000000000004}",bc,300,linear,,-0.48846153846153834,-0.49076923076923074,3.0,"[-0.48846153846153834, -0.4999999999999999, -0.5192307692307692, -0.446153846153846, -0.49999999999999983]",-0.45999984,
Autoencode,filterbank+proj,7,312,0.0,-0.4707692307692306,0.05986177371798066,-0.47364891518737656,,89,"{'decomposition': 'legendre', 'n_filters': 12, 'slowest': 0.015468638100899648, 'input_scaling': 0.8216619713233748, 'bias_dist': 'foldnorm', 'bias_scaling': 0.04249382119350724, 'lr': 0.7520411716638045, 'weight_increment': 0.001395793645992084, 'min_window': 19, 'max_window': 32, 'use_full_instance': True, 'max_partners': 20, 'homeostasis': 'mean', 'target': 0.69, 'spread': 0.36000000000000004}",bc,300,linear,,-0.48076923076923056,-0.46923076923076906,1.0,"[-0.48076923076923056, -0.44230769230769207, -0.4538461538461537, -0.4730769230769229, -0.496153846153846]",-0.4576922199999999,
Autoencode,filterbank+proj,8,312,0.0,-0.4676923076923075,0.09680089979531925,-0.46193293885601566,,88,"{'decomposition': 'legendre', 'n_filters': 12, 'slowest': 0.015468638100899648, 'input_scaling': 0.8216619713233748, 'bias_dist': 'foldnorm', 'bias_scaling': 0.04249382119350724, 'lr': 0.7520411716638045, 'weight_increment': 0.001395793645992084, 'min_window': 19, 'max_window': 32, 'use_full_instance': True, 'max_partners': 20, 'homeostasis': 'mean', 'target': 0.69, 'spread': 0.36000000000000004}",bc,300,linear,,-0.4346153846153844,-0.47692307692307684,0.0,"[-0.4346153846153844, -0.47692307692307684, -0.473076923076923, -0.5038461538461537, -0.496153846153846]",-0.46615387999999996,
Autoencode,filterbank+proj,9,312,0.0,-0.5007692307692306,0.10161127925090765,-0.4850493096646942,,88,"{'decomposition': 'legendre', 'n_filters': 12, 'slowest': 0.015468638100899648, 'input_scaling': 0.8216619713233748, 'bias_dist': 'foldnorm', 'bias_scaling': 0.04249382119350724, 'lr': 0.7520411716638045, 'weight_increment': 0.001395793645992084, 'min_window': 19, 'max_window': 32, 'use_full_instance': True, 'max_partners': 20, 'homeostasis': 'mean', 'target': 0.69, 'spread': 0.36000000000000004}",bc,300,linear,,-0.46538461538461534,-0.5084615384615383,0.0,"[-0.46538461538461534, -0.5384615384615383, -0.5307692307692307, -0.5076923076923076, -0.4999999999999999]",-0.46153836000000004,
Autoencode,filterbank+proj,9,312,0.0,-0.50692306,0.0426144584470623,-0.49192972641120725,-0.4849722257731959,737,"{'decomposition': 'legendre', 'n_filters': 12, 'slowest': 0.015468638100899648, 'input_scaling': 0.8216619713233748, 'bias_dist': 'foldnorm', 'bias_scaling': 0.04249382119350724, 'lr': 0.7520411716638045, 'weight_increment': 0.001395793645992084, 'min_window': 19, 'max_window': 32, 'use_full_instance': True, 'max_partners': 20, 'homeostasis': 'mean', 'target': 0.69, 'spread': 0.36000000000000004, 'learning_rate': 0.0001}",dqn,300,linear,0.0001,,,,,,
Autoencode,filterbank+proj,0,312,0.0,-0.47692314,0.08213146886303932,-0.4969375010300782,-0.4919904835051547,723,"{'decomposition': 'legendre', 'n_filters': 12, 'slowest': 0.015468638100899648, 'input_scaling': 0.8216619713233748, 'bias_dist': 'foldnorm', 'bias_scaling': 0.04249382119350724, 'lr': 0.7520411716638045, 'weight_increment': 0.001395793645992084, 'min_window': 19, 'max_window': 32, 'use_full_instance': True, 'max_partners': 20, 'homeostasis': 'mean', 'target': 0.69, 'spread': 0.36000000000000004, 'learning_rate': 0.0003}",dqn,300,linear,0.0003,,,,,,
Autoencode,filterbank+proj,1,312,0.0,-0.5,0.01720072931011938,-0.4968146847960445,-0.49468676907216497,731,"{'decomposition': 'legendre', 'n_filters': 12, 'slowest': 0.015468638100899648, 'input_scaling': 0.8216619713233748, 'bias_dist': 'foldnorm', 'bias_scaling': 0.04249382119350724, 'lr': 0.7520411716638045, 'weight_increment': 0.001395793645992084, 'min_window': 19, 'max_window': 32, 'use_full_instance': True, 'max_partners': 20, 'homeostasis': 'mean', 'target': 0.69, 'spread': 0.36000000000000004, 'learning_rate': 0.0003}",dqn,300,linear,0.0003,,,,,,
Autoencode,filterbank+proj,2,312,0.0,-0.50461544,0.02126207190765754,-0.4956142468067573,-0.4975812896907217,726,"{'decomposition': 'legendre', 'n_filters': 12, 'slowest': 0.015468638100899648, 'input_scaling': 0.8216619713233748, 'bias_dist': 'foldnorm', 'bias_scaling': 0.04249382119350724, 'lr': 0.7520411716638045, 'weight_increment': 0.001395793645992084, 'min_window': 19, 'max_window': 32, 'use_full_instance': True, 'max_partners': 20, 'homeostasis': 'mean', 'target': 0.69, 'spread': 0.36000000000000004, 'learning_rate': 0.0003}",dqn,300,linear,0.0003,,,,,,
Autoencode,filterbank+proj,3,312,0.0,-0.50846152,0.07227919212532469,-0.4959549637412444,-0.4913164134020619,737,"{'decomposition': 'legendre', 'n_filters': 12, 'slowest': 0.015468638100899648, 'input_scaling': 0.8216619713233748, 'bias_dist': 'foldnorm', 'bias_scaling': 0.04249382119350724, 'lr': 0.7520411716638045, 'weight_increment': 0.001395793645992084, 'min_window': 19, 'max_window': 32, 'use_full_instance': True, 'max_partners': 20, 'homeostasis': 'mean', 'target': 0.69, 'spread': 0.36000000000000004, 'learning_rate': 0.0003}",dqn,300,linear,0.0003,,,,,,
Autoencode,filterbank+proj,5,312,0.0,-0.4976923,0.04100091166608371,-0.4937006732591677,-0.4919904793814433,725,"{'decomposition': 'legendre', 'n_filters': 12, 'slowest': 0.015468638100899648, 'input_scaling': 0.8216619713233748, 'bias_dist': 'foldnorm', 'bias_scaling': 0.04249382119350724, 'lr': 0.7520411716638045, 'weight_increment': 0.001395793645992084, 'min_window': 19, 'max_window': 32, 'use_full_instance': True, 'max_partners': 20, 'homeostasis': 'mean', 'target': 0.69, 'spread': 0.36000000000000004, 'learning_rate': 0.0003}",dqn,300,linear,0.0003,,,,,,
Autoencode,filterbank+proj,4,312,0.0,-0.50307694,0.0916128948319853,-0.4955785826122785,-0.49159397628865975,748,"{'decomposition': 'legendre', 'n_filters': 12, 'slowest': 0.015468638100899648, 'input_scaling': 0.8216619713233748, 'bias_dist': 'foldnorm', 'bias_scaling': 0.04249382119350724, 'lr': 0.7520411716638045, 'weight_increment': 0.001395793645992084, 'min_window': 19, 'max_window': 32, 'use_full_instance': True, 'max_partners': 20, 'homeostasis': 'mean', 'target': 0.69, 'spread': 0.36000000000000004, 'learning_rate': 0.0003}",dqn,300,linear,0.0003,,,,,,
Autoencode,filterbank+proj,6,312,0.0,-0.49153844,0.038684195388897516,-0.4973455663370416,-0.5007533659793815,737,"{'decomposition': 'legendre', 'n_filters': 12, 'slowest': 0.015468638100899648, 'input_scaling': 0.8216619713233748, 'bias_dist': 'foldnorm', 'bias_scaling': 0.04249382119350724, 'lr': 0.7520411716638045, 'weight_increment': 0.001395793645992084, 'min_window': 19, 'max_window': 32, 'use_full_instance': True, 'max_partners': 20, 'homeostasis': 'mean', 'target': 0.69, 'spread': 0.36000000000000004, 'learning_rate': 0.0003}",dqn,300,linear,0.0003,,,,,,
Autoencode,filterbank+proj,7,312,0.0,-0.5,0.08970711119482111,-0.4978051477132262,-0.4914353649484536,735,"{'decomposition': 'legendre', 'n_filters': 12, 'slowest': 0.015468638100899648, 'input_scaling': 0.8216619713233748, 'bias_dist': 'foldnorm', 'bias_scaling': 0.04249382119350724, 'lr': 0.7520411716638045, 'weight_increment': 0.001395793645992084, 'min_window': 19, 'max_window': 32, 'use_full_instance': True, 'max_partners': 20, 'homeostasis': 'mean', 'target': 0.69, 'spread': 0.36000000000000004, 'learning_rate': 0.0003}",dqn,300,linear,0.0003,,,,,,
Autoencode,filterbank+proj,8,312,0.0,-0.49846152000000005,0.007536981958954127,-0.4946079356201071,-0.4925059443298969,731,"{'decomposition': 'legendre', 'n_filters': 12, 'slowest': 0.015468638100899648, 'input_scaling': 0.8216619713233748, 'bias_dist': 'foldnorm', 'bias_scaling': 0.04249382119350724, 'lr': 0.7520411716638045, 'weight_increment': 0.001395793645992084, 'min_window': 19, 'max_window': 32, 'use_full_instance': True, 'max_partners': 20, 'homeostasis': 'mean', 'target': 0.69, 'spread': 0.36000000000000004, 'learning_rate': 0.0003}",dqn,300,linear,0.0003,,,,,,
Autoencode,filterbank+proj,0,312,0.0,-0.50384616,0.024627452811332308,-0.4988391824268644,-0.49968280206185567,733,"{'decomposition': 'legendre', 'n_filters': 12, 'slowest': 0.015468638100899648, 'input_scaling': 0.8216619713233748, 'bias_dist': 'foldnorm', 'bias_scaling': 0.04249382119350724, 'lr': 0.7520411716638045, 'weight_increment': 0.001395793645992084, 'min_window': 19, 'max_window': 32, 'use_full_instance': True, 'max_partners': 20, 'homeostasis': 'mean', 'target': 0.69, 'spread': 0.36000000000000004, 'learning_rate': 0.001}",dqn,300,linear,0.001,,,,,,
Autoencode,filterbank+proj,1,312,0.0,-0.5,0.0,-0.4984033884425216,-0.5032910515463918,730,"{'decomposition': 'legendre', 'n_filters': 12, 'slowest': 0.015468638100899648, 'input_scaling': 0.8216619713233748, 'bias_dist': 'foldnorm', 'bias_scaling': 0.04249382119350724, 'lr': 0.7520411716638045, 'weight_increment': 0.001395793645992084, 'min_window': 19, 'max_window': 32, 'use_full_instance': True, 'max_partners': 20, 'homeostasis': 'mean', 'target': 0.69, 'spread': 0.36000000000000004, 'learning_rate': 0.001}",dqn,300,linear,0.001,,,,,,
Autoencode,filterbank+proj,2,312,0.0,-0.49692306,0.02532651888152811,-0.4976664751751133,-0.49960349175257734,730,"{'decomposition': 'legendre', 'n_filters': 12, 'slowest': 0.015468638100899648, 'input_scaling': 0.8216619713233748, 'bias_dist': 'foldnorm', 'bias_scaling': 0.04249382119350724, 'lr': 0.7520411716638045, 'weight_increment': 0.001395793645992084, 'min_window': 19, 'max_window': 32, 'use_full_instance': True, 'max_partners': 20, 'homeostasis': 'mean', 'target': 0.69, 'spread': 0.36000000000000004, 'learning_rate': 0.001}",dqn,300,linear,0.001,,,,,,
Autoencode,filterbank+proj,9,312,0.0,-0.5038461799999999,0.07546707915102849,-0.4985539311907704,-0.5040444350515464,740,"{'decomposition': 'legendre', 'n_filters': 12, 'slowest': 0.015468638100899648, 'input_scaling': 0.8216619713233748, 'bias_dist': 'foldnorm', 'bias_scaling': 0.04249382119350724, 'lr': 0.7520411716638045, 'weight_increment': 0.001395793645992084, 'min_window': 19, 'max_window': 32, 'use_full_instance': True, 'max_partners': 20, 'homeostasis': 'mean', 'target': 0.69, 'spread': 0.36000000000000004, 'learning_rate': 0.0003}",dqn,300,linear,0.0003,,,,,,
Autoencode,filterbank+proj,5,312,0.0,-0.51923086,0.03461552222284678,-0.4971989818706221,-0.4902458195876288,729,"{'decomposition': 'legendre', 'n_filters': 12, 'slowest': 0.015468638100899648, 'input_scaling': 0.8216619713233748, 'bias_dist': 'foldnorm', 'bias_scaling': 0.04249382119350724, 'lr': 0.7520411716638045, 'weight_increment': 0.001395793645992084, 'min_window': 19, 'max_window': 32, 'use_full_instance': True, 'max_partners': 20, 'homeostasis': 'mean', 'target': 0.69, 'spread': 0.36000000000000004, 'learning_rate': 0.001}",dqn,300,linear,0.001,,,,,,
Autoencode,filterbank+proj,3,312,0.0,-0.49307692000000003,0.03235347240024786,-0.49858959373712397,-0.5083663927835051,743,"{'decomposition': 'legendre', 'n_filters': 12, 'slowest': 0.015468638100899648, 'input_scaling': 0.8216619713233748, 'bias_dist': 'foldnorm', 'bias_scaling': 0.04249382119350724, 'lr': 0.7520411716638045, 'weight_increment': 0.001395793645992084, 'min_window': 19, 'max_window': 32, 'use_full_instance': True, 'max_partners': 20, 'homeostasis': 'mean', 'target': 0.69, 'spread': 0.36000000000000004, 'learning_rate': 0.001}",dqn,300,linear,0.001,,,,,,
Autoencode,filterbank+proj,4,312,0.0,-0.53846158,0.0979071284375331,-0.49602231005356406,-0.5034496525773196,744,"{'decomposition': 'legendre', 'n_filters': 12, 'slowest': 0.015468638100899648, 'input_scaling': 0.8216619713233748, 'bias_dist': 'foldnorm', 'bias_scaling': 0.04249382119350724, 'lr': 0.7520411716638045, 'weight_increment': 0.001395793645992084, 'min_window': 19, 'max_window': 32, 'use_full_instance': True, 'max_partners': 20, 'homeostasis': 'mean', 'target': 0.69, 'spread': 0.36000000000000004, 'learning_rate': 0.001}",dqn,300,linear,0.001,,,,,,
Autoencode,filterbank+proj,6,312,0.0,-0.48538458,0.05952979191567529,-0.49839149793984344,-0.495122924742268,735,"{'decomposition': 'legendre', 'n_filters': 12, 'slowest': 0.015468638100899648, 'input_scaling': 0.8216619713233748, 'bias_dist': 'foldnorm', 'bias_scaling': 0.04249382119350724, 'lr': 0.7520411716638045, 'weight_increment': 0.001395793645992084, 'min_window': 19, 'max_window': 32, 'use_full_instance': True, 'max_partners': 20, 'homeostasis': 'mean', 'target': 0.69, 'spread': 0.36000000000000004, 'learning_rate': 0.001}",dqn,300,linear,0.001,,,,,,
Autoencode,filterbank+proj,8,312,0.0,-0.5,0.0,-0.4985380855995056,-0.5020618608247422,731,"{'decomposition': 'legendre', 'n_filters': 12, 'slowest': 0.015468638100899648, 'input_scaling': 0.8216619713233748, 'bias_dist': 'foldnorm', 'bias_scaling': 0.04249382119350724, 'lr': 0.7520411716638045, 'weight_increment': 0.001395793645992084, 'min_window': 19, 'max_window': 32, 'use_full_instance': True, 'max_partners': 20, 'homeostasis': 'mean', 'target': 0.69, 'spread': 0.36000000000000004, 'learning_rate': 0.001}",dqn,300,linear,0.001,,,,,,
Autoencode,filterbank+proj,9,312,0.0,-0.49153842000000003,0.05615399479505977,-0.4995681659456119,-0.49912767835051547,730,"{'decomposition': 'legendre', 'n_filters': 12, 'slowest': 0.015468638100899648, 'input_scaling': 0.8216619713233748, 'bias_dist': 'foldnorm', 'bias_scaling': 0.04249382119350724, 'lr': 0.7520411716638045, 'weight_increment': 0.001395793645992084, 'min_window': 19, 'max_window': 32, 'use_full_instance': True, 'max_partners': 20, 'homeostasis': 'mean', 'target': 0.69, 'spread': 0.36000000000000004, 'learning_rate': 0.001}",dqn,300,linear,0.001,,,,,,
Autoencode,filterbank+proj,7,312,0.0,-0.49615388000000005,0.078540797976756,-0.49950081036258753,-0.49746232474226804,741,"{'decomposition': 'legendre', 'n_filters': 12, 'slowest': 0.015468638100899648, 'input_scaling': 0.8216619713233748, 'bias_dist': 'foldnorm', 'bias_scaling': 0.04249382119350724, 'lr': 0.7520411716638045, 'weight_increment': 0.001395793645992084, 'min_window': 19, 'max_window': 32, 'use_full_instance': True, 'max_partners': 20, 'homeostasis': 'mean', 'target': 0.69, 'spread': 0.36000000000000004, 'learning_rate': 0.001}",dqn,300,linear,0.001,,,,,,
Autoencode,filterbank+proj,1,312,0.0,-0.52538466,0.06554740988097395,-0.4983558416769675,-0.4927438515463918,733,"{'decomposition': 'legendre', 'n_filters': 12, 'slowest': 0.015468638100899648, 'input_scaling': 0.8216619713233748, 'bias_dist': 'foldnorm', 'bias_scaling': 0.04249382119350724, 'lr': 0.7520411716638045, 'weight_increment': 0.001395793645992084, 'min_window': 19, 'max_window': 32, 'use_full_instance': True, 'max_partners': 20, 'homeostasis': 'mean', 'target': 0.69, 'spread': 0.36000000000000004, 'learning_rate': 0.003}",dqn,300,linear,0.003,,,,,,
Autoencode,filterbank+proj,2,312,0.0,-0.49769228000000004,0.014204928389879336,-0.49879560609806345,-0.493695487628866,725,"{'decomposition': 'legendre', 'n_filters': 12, 'slowest': 0.015468638100899648, 'input_scaling': 0.8216619713233748, 'bias_dist': 'foldnorm', 'bias_scaling': 0.04249382119350724, 'lr': 0.7520411716638045, 'weight_increment': 0.001395793645992084, 'min_window': 19, 'max_window': 32, 'use_full_instance': True, 'max_partners': 20, 'homeostasis': 'mean', 'target': 0.69, 'spread': 0.36000000000000004, 'learning_rate': 0.003}",dqn,300,linear,0.003,,,,,,
Autoencode,filterbank+proj,0,312,0.0,-0.5061539199999999,0.07189748727899745,-0.4993581800576844,-0.49599523608247426,736,"{'decomposition': 'legendre', 'n_filters': 12, 'slowest': 0.015468638100899648, 'input_scaling': 0.8216619713233748, 'bias_dist': 'foldnorm', 'bias_scaling': 0.04249382119350724, 'lr': 0.7520411716638045, 'weight_increment': 0.001395793645992084, 'min_window': 19, 'max_window': 32, 'use_full_instance': True, 'max_partners': 20, 'homeostasis': 'mean', 'target': 0.69, 'spread': 0.36000000000000004, 'learning_rate': 0.003}",dqn,300,linear,0.003,,,,,,
Autoencode,filterbank+proj,3,312,0.0,-0.5030768800000001,0.09694758068804812,-0.49750800762257935,-0.4964314113402062,731,"{'decomposition': 'legendre', 'n_filters': 12, 'slowest': 0.015468638100899648, 'input_scaling': 0.8216619713233748, 'bias_dist': 'foldnorm', 'bias_scaling': 0.04249382119350724, 'lr': 0.7520411716638045, 'weight_increment': 0.001395793645992084, 'min_window': 19, 'max_window': 32, 'use_full_instance': True, 'max_partners': 20, 'homeostasis': 'mean', 'target': 0.69, 'spread': 0.36000000000000004, 'learning_rate': 0.003}",dqn,300,linear,0.003,,,,,,
Autoencode,filterbank+proj,6,312,0.0,-0.5046153600000001,0.05253357441018458,-0.5011489352080758,-0.5009912628865979,730,"{'decomposition': 'legendre', 'n_filters': 12, 'slowest': 0.015468638100899648, 'input_scaling': 0.8216619713233748, 'bias_dist': 'foldnorm', 'bias_scaling': 0.04249382119350724, 'lr': 0.7520411716638045, 'weight_increment': 0.001395793645992084, 'min_window': 19, 'max_window': 32, 'use_full_instance': True, 'max_partners': 20, 'homeostasis': 'mean', 'target': 0.69, 'spread': 0.36000000000000004, 'learning_rate': 0.003}",dqn,300,linear,0.003,,,,,,
Autoencode,filterbank+proj,8,312,0.0,-0.50153848,0.007536981958954127,-0.4965175446023897,-0.49004758762886597,726,"{'decomposition': 'legendre', 'n_filters': 12, 'slowest': 0.015468638100899648, 'input_scaling': 0.8216619713233748, 'bias_dist': 'foldnorm', 'bias_scaling': 0.04249382119350724, 'lr': 0.7520411716638045, 'weight_increment': 0.001395793645992084, 'min_window': 19, 'max_window': 32, 'use_full_instance': True, 'max_partners': 20, 'homeostasis': 'mean', 'target': 0.69, 'spread': 0.36000000000000004, 'learning_rate': 0.003}",dqn,300,linear,0.003,,,,,,
Autoencode,filterbank+proj,4,312,0.0,-0.5123077,0.10559504280585336,-0.4951824025545941,-0.4993655773195876,739,"{'decomposition': 'legendre', 'n_filters': 12, 'slowest': 0.015468638100899648, 'input_scaling': 0.8216619713233748, 'bias_dist': 'foldnorm', 'bias_scaling': 0.04249382119350724, 'lr': 0.7520411716638045, 'weight_increment': 0.001395793645992084, 'min_window': 19, 'max_window': 32, 'use_full_instance': True, 'max_partners': 20, 'homeostasis': 'mean', 'target': 0.69, 'spread': 0.36000000000000004, 'learning_rate': 0.003}",dqn,300,linear,0.003,,,,,,
Autoencode,filterbank+proj,9,312,0.0,-0.44769222,0.09318823444583332,-0.4984469593119078,-0.4934179144329897,727,"{'decomposition': 'legendre', 'n_filters': 12, 'slowest': 0.015468638100899648, 'input_scaling': 0.8216619713233748, 'bias_dist': 'foldnorm', 'bias_scaling': 0.04249382119350724, 'lr': 0.7520411716638045, 'weight_increment': 0.001395793645992084, 'min_window': 19, 'max_window': 32, 'use_full_instance': True, 'max_partners': 20, 'homeostasis': 'mean', 'target': 0.69, 'spread': 0.36000000000000004, 'learning_rate': 0.003}",dqn,300,linear,0.003,,,,,,
Autoencode,filterbank+proj,7,312,0.0,-0.4876923,0.11902963451834168,-0.4992116005356407,-0.49417129587628866,737,"{'decomposition': 'legendre', 'n_filters': 12, 'slowest': 0.015468638100899648, 'input_scaling': 0.8216619713233748, 'bias_dist': 'foldnorm', 'bias_scaling': 0.04249382119350724, 'lr': 0.7520411716638045, 'weight_increment': 0.001395793645992084, 'min_window': 19, 'max_window': 32, 'use_full_instance': True, 'max_partners': 20, 'homeostasis': 'mean', 'target': 0.69, 'spread': 0.36000000000000004, 'learning_rate': 0.003}",dqn,300,linear,0.003,,,,,,
Autoencode,filterbank+proj,5,312,0.0,-0.49923078000000004,0.06727593812777047,-0.49927498341573956,-0.4993259340206186,751,"{'decomposition': 'legendre', 'n_filters': 12, 'slowest': 0.015468638100899648, 'input_scaling': 0.8216619713233748, 'bias_dist': 'foldnorm', 'bias_scaling': 0.04249382119350724, 'lr': 0.7520411716638045, 'weight_increment': 0.001395793645992084, 'min_window': 19, 'max_window': 32, 'use_full_instance': True, 'max_partners': 20, 'homeostasis': 'mean', 'target': 0.69, 'spread': 0.36000000000000004, 'learning_rate': 0.003}",dqn,300,linear,0.003,,,,,,
Autoencode,filterbank+esn,0,312,4.237179487179487,-0.46923076,0.09940655044946685,-0.47408601697007097,-0.46256724279835393,1306,"{'decomposition': 'legendre', 'n_filters': 12, 'slowest': 0.006397371281320229, 'input_scaling': 0.550142611755141, 'bias_dist': 'foldnorm', 'bias_scaling': 0.07438842372152364, 'lr': 0.6575600610814601, 'sr': 0.8663422541011234, 'rc_connectivity': 0.013579746643157644, 'learning_rate': 0.0003}",ppo,100,64x64,0.0003,,,,,,
Autoencode,filterbank+esn,5,312,4.237179487179487,-0.4461537999999999,0.11487074959501223,-0.4677687133600741,-0.44127886831275714,1302,"{'decomposition': 'legendre', 'n_filters': 12, 'slowest': 0.006397371281320229, 'input_scaling': 0.550142611755141, 'bias_dist': 'foldnorm', 'bias_scaling': 0.07438842372152364, 'lr': 0.6575600610814601, 'sr': 0.8663422541011234, 'rc_connectivity': 0.013579746643157644, 'learning_rate': 0.0003}",ppo,100,64x64,0.0003,,,,,,
Autoencode,filterbank+esn,2,312,4.237179487179487,-0.45307686,0.10299944159130377,-0.46975844214748524,-0.4501424197530865,1313,"{'decomposition': 'legendre', 'n_filters': 12, 'slowest': 0.006397371281320229, 'input_scaling': 0.550142611755141, 'bias_dist': 'foldnorm', 'bias_scaling': 0.07438842372152364, 'lr': 0.6575600610814601, 'sr': 0.8663422541011234, 'rc_connectivity': 0.013579746643157644, 'learning_rate': 0.0003}",ppo,100,64x64,0.0003,,,,,,
Autoencode,filterbank+esn,4,312,4.237179487179487,-0.4207692,0.10187881291416777,-0.461004407487401,-0.4403291646090535,1313,"{'decomposition': 'legendre', 'n_filters': 12, 'slowest': 0.006397371281320229, 'input_scaling': 0.550142611755141, 'bias_dist': 'foldnorm', 'bias_scaling': 0.07438842372152364, 'lr': 0.6575600610814601, 'sr': 0.8663422541011234, 'rc_connectivity': 0.013579746643157644, 'learning_rate': 0.0003}",ppo,100,64x64,0.0003,,,,,,
Autoencode,filterbank+esn,1,312,4.237179487179487,-0.46615384000000004,0.1265473349616435,-0.48252358665021083,-0.46296294238683133,1326,"{'decomposition': 'legendre', 'n_filters': 12, 'slowest': 0.006397371281320229, 'input_scaling': 0.550142611755141, 'bias_dist': 'foldnorm', 'bias_scaling': 0.07438842372152364, 'lr': 0.6575600610814601, 'sr': 0.8663422541011234, 'rc_connectivity': 0.013579746643157644, 'learning_rate': 0.0003}",ppo,100,64x64,0.0003,,,,,,
Autoencode,filterbank+esn,3,312,4.237179487179487,-0.4430769599999999,0.12192743186632939,-0.4747901344235319,-0.4527540195473251,1319,"{'decomposition': 'legendre', 'n_filters': 12, 'slowest': 0.006397371281320229, 'input_scaling': 0.550142611755141, 'bias_dist': 'foldnorm', 'bias_scaling': 0.07438842372152364, 'lr': 0.6575600610814601, 'sr': 0.8663422541011234, 'rc_connectivity': 0.013579746643157644, 'learning_rate': 0.0003}",ppo,100,64x64,0.0003,,,,,,
Autoencode,filterbank+esn,7,312,4.237179487179487,-0.40692304,0.10236549143514331,-0.4634174117042066,-0.43977522016460907,1316,"{'decomposition': 'legendre', 'n_filters': 12, 'slowest': 0.006397371281320229, 'input_scaling': 0.550142611755141, 'bias_dist': 'foldnorm', 'bias_scaling': 0.07438842372152364, 'lr': 0.6575600610814601, 'sr': 0.8663422541011234, 'rc_connectivity': 0.013579746643157644, 'learning_rate': 0.0003}",ppo,100,64x64,0.0003,,,,,,
Autoencode,filterbank+esn,8,312,4.237179487179487,-0.45307688,0.10666831732986884,-0.468235488532346,-0.4542576440329218,1316,"{'decomposition': 'legendre', 'n_filters': 12, 'slowest': 0.006397371281320229, 'input_scaling': 0.550142611755141, 'bias_dist': 'foldnorm', 'bias_scaling': 0.07438842372152364, 'lr': 0.6575600610814601, 'sr': 0.8663422541011234, 'rc_connectivity': 0.013579746643157644, 'learning_rate': 0.0003}",ppo,100,64x64,0.0003,,,,,,
Autoencode,filterbank+esn,0,312,4.237179487179487,-0.43769218000000004,0.11914140995870243,-0.4644933665535328,-0.4602722098765432,1315,"{'decomposition': 'legendre', 'n_filters': 12, 'slowest': 0.006397371281320229, 'input_scaling': 0.550142611755141, 'bias_dist': 'foldnorm', 'bias_scaling': 0.07438842372152364, 'lr': 0.6575600610814601, 'sr': 0.8663422541011234, 'rc_connectivity': 0.013579746643157644, 'learning_rate': 0.001}",ppo,100,64x64,0.001,,,,,,
Autoencode,filterbank+esn,3,312,4.237179487179487,-0.42384608000000007,0.12905898745873376,-0.46072751815283347,-0.4487179362139918,1308,"{'decomposition': 'legendre', 'n_filters': 12, 'slowest': 0.006397371281320229, 'input_scaling': 0.550142611755141, 'bias_dist': 'foldnorm', 'bias_scaling': 0.07438842372152364, 'lr': 0.6575600610814601, 'sr': 0.8663422541011234, 'rc_connectivity': 0.013579746643157644, 'learning_rate': 0.001}",ppo,100,64x64,0.001,,,,,,
Autoencode,filterbank+esn,1,312,4.237179487179487,-0.45076915999999995,0.11014789633730823,-0.46852030566697517,-0.4547324804526749,1315,"{'decomposition': 'legendre', 'n_filters': 12, 'slowest': 0.006397371281320229, 'input_scaling': 0.550142611755141, 'bias_dist': 'foldnorm', 'bias_scaling': 0.07438842372152364, 'lr': 0.6575600610814601, 'sr': 0.8663422541011234, 'rc_connectivity': 0.013579746643157644, 'learning_rate': 0.001}",ppo,100,64x64,0.001,,,,,,
Autoencode,filterbank+esn,9,312,4.237179487179487,-0.41999991999999997,0.13163519378005867,-0.4708779161781343,-0.457067096707819,1319,"{'decomposition': 'legendre', 'n_filters': 12, 'slowest': 0.006397371281320229, 'input_scaling': 0.550142611755141, 'bias_dist': 'foldnorm', 'bias_scaling': 0.07438842372152364, 'lr': 0.6575600610814601, 'sr': 0.8663422541011234, 'rc_connectivity': 0.013579746643157644, 'learning_rate': 0.0003}",ppo,100,64x64,0.0003,,,,,,
Autoencode,filterbank+esn,4,312,4.237179487179487,-0.46538458,0.12598726069759433,-0.4589039209091844,-0.45053810905349795,1314,"{'decomposition': 'legendre', 'n_filters': 12, 'slowest': 0.006397371281320229, 'input_scaling': 0.550142611755141, 'bias_dist': 'foldnorm', 'bias_scaling': 0.07438842372152364, 'lr': 0.6575600610814601, 'sr': 0.8663422541011234, 'rc_connectivity': 0.013579746643157644, 'learning_rate': 0.001}",ppo,100,64x64,0.001,,,,,,
Autoencode,filterbank+esn,7,312,4.237179487179487,-0.4384615,0.11792093479959359,-0.4584094568548802,-0.4495093086419753,1309,"{'decomposition': 'legendre', 'n_filters': 12, 'slowest': 0.006397371281320229, 'input_scaling': 0.550142611755141, 'bias_dist': 'foldnorm', 'bias_scaling': 0.07438842372152364, 'lr': 0.6575600610814601, 'sr': 0.8663422541011234, 'rc_connectivity': 0.013579746643157644, 'learning_rate': 0.001}",ppo,100,64x64,0.001,,,,,,
Autoencode,filterbank+esn,9,312,4.237179487179487,-0.41615378,0.10788175877789348,-0.4630416178134321,-0.4543763487654321,1308,"{'decomposition': 'legendre', 'n_filters': 12, 'slowest': 0.006397371281320229, 'input_scaling': 0.550142611755141, 'bias_dist': 'foldnorm', 'bias_scaling': 0.07438842372152364, 'lr': 0.6575600610814601, 'sr': 0.8663422541011234, 'rc_connectivity': 0.013579746643157644, 'learning_rate': 0.001}",ppo,100,64x64,0.001,,,,,,
Autoencode,filterbank+esn,2,312,4.237179487179487,-0.46307691999999995,0.09759238565253746,-0.4614909698652679,-0.44072487037037034,1326,"{'decomposition': 'legendre', 'n_filters': 12, 'slowest': 0.006397371281320229, 'input_scaling': 0.550142611755141, 'bias_dist': 'foldnorm', 'bias_scaling': 0.07438842372152364, 'lr': 0.6575600610814601, 'sr': 0.8663422541011234, 'rc_connectivity': 0.013579746643157644, 'learning_rate': 0.001}",ppo,100,64x64,0.001,,,,,,
Autoencode,filterbank+esn,8,312,4.237179487179487,-0.4646154,0.10737324008560047,-0.4627212047721896,-0.45402022736625514,1313,"{'decomposition': 'legendre', 'n_filters': 12, 'slowest': 0.006397371281320229, 'input_scaling': 0.550142611755141, 'bias_dist': 'foldnorm', 'bias_scaling': 0.07438842372152364, 'lr': 0.6575600610814601, 'sr': 0.8663422541011234, 'rc_connectivity': 0.013579746643157644, 'learning_rate': 0.001}",ppo,100,64x64,0.001,,,,,,
Autoencode,filterbank+esn,6,312,4.237179487179487,-0.46384616,0.10129642818093045,-0.48044287524426615,-0.46399174485596706,1335,"{'decomposition': 'legendre', 'n_filters': 12, 'slowest': 0.006397371281320229, 'input_scaling': 0.550142611755141, 'bias_dist': 'foldnorm', 'bias_scaling': 0.07438842372152364, 'lr': 0.6575600610814601, 'sr': 0.8663422541011234, 'rc_connectivity': 0.013579746643157644, 'learning_rate': 0.0003}",ppo,100,64x64,0.0003,,,,,,
Autoencode,filterbank+esn,6,312,4.237179487179487,-0.42615386,0.12036437936615799,-0.46706063858891295,-0.4539806574074074,1319,"{'decomposition': 'legendre', 'n_filters': 12, 'slowest': 0.006397371281320229, 'input_scaling': 0.550142611755141, 'bias_dist': 'foldnorm', 'bias_scaling': 0.07438842372152364, 'lr': 0.6575600610814601, 'sr': 0.8663422541011234, 'rc_connectivity': 0.013579746643157644, 'learning_rate': 0.001}",ppo,100,64x64,0.001,,,,,,
Autoencode,filterbank+esn,5,312,4.237179487179487,-0.44615387999999995,0.1300887306657483,-0.4637734287771264,-0.4577001975308642,1323,"{'decomposition': 'legendre', 'n_filters': 12, 'slowest': 0.006397371281320229, 'input_scaling': 0.550142611755141, 'bias_dist': 'foldnorm', 'bias_scaling': 0.07438842372152364, 'lr': 0.6575600610814601, 'sr': 0.8663422541011234, 'rc_connectivity': 0.013579746643157644, 'learning_rate': 0.001}",ppo,100,64x64,0.001,,,,,,
Autoencode,filterbank+esn,2,312,4.237179487179487,-0.48615384,0.09382112816447263,-0.46841349100071994,-0.4637543137860083,1312,"{'decomposition': 'legendre', 'n_filters': 12, 'slowest': 0.006397371281320229, 'input_scaling': 0.550142611755141, 'bias_dist': 'foldnorm', 'bias_scaling': 0.07438842372152364, 'lr': 0.6575600610814601, 'sr': 0.8663422541011234, 'rc_connectivity': 0.013579746643157644, 'learning_rate': 0.003}",ppo,100,64x64,0.003,,,,,,
Autoencode,filterbank+esn,3,312,4.237179487179487,-0.47923084000000005,0.09976609795263316,-0.47489693757070855,-0.479423859053498,1309,"{'decomposition': 'legendre', 'n_filters': 12, 'slowest': 0.006397371281320229, 'input_scaling': 0.550142611755141, 'bias_dist': 'foldnorm', 'bias_scaling': 0.07438842372152364, 'lr': 0.6575600610814601, 'sr': 0.8663422541011234, 'rc_connectivity': 0.013579746643157644, 'learning_rate': 0.003}",ppo,100,64x64,0.003,,,,,,
Autoencode,filterbank+esn,1,312,4.237179487179487,-0.47384613999999997,0.1067099324807227,-0.4718312484829784,-0.4729344557613168,1325,"{'decomposition': 'legendre', 'n_filters': 12, 'slowest': 0.006397371281320229, 'input_scaling': 0.550142611755141, 'bias_dist': 'foldnorm', 'bias_scaling': 0.07438842372152364, 'lr': 0.6575600610814601, 'sr': 0.8663422541011234, 'rc_connectivity': 0.013579746643157644, 'learning_rate': 0.003}",ppo,100,64x64,0.003,,,,,,
Autoencode,filterbank+esn,0,312,4.237179487179487,-0.47923077999999997,0.11747094354610249,-0.47533998344132466,-0.47210350411522634,1330,"{'decomposition': 'legendre', 'n_filters': 12, 'slowest': 0.006397371281320229, 'input_scaling': 0.550142611755141, 'bias_dist': 'foldnorm', 'bias_scaling': 0.07438842372152364, 'lr': 0.6575600610814601, 'sr': 0.8663422541011234, 'rc_connectivity': 0.013579746643157644, 'learning_rate': 0.003}",ppo,100,64x64,0.003,,,,,,
Autoencode,filterbank+esn,4,312,4.237179487179487,-0.45999996000000004,0.12088439093480349,-0.470494212794405,-0.46565368209876545,1307,"{'decomposition': 'legendre', 'n_filters': 12, 'slowest': 0.006397371281320229, 'input_scaling': 0.550142611755141, 'bias_dist': 'foldnorm', 'bias_scaling': 0.07438842372152364, 'lr': 0.6575600610814601, 'sr': 0.8663422541011234, 'rc_connectivity': 0.013579746643157644, 'learning_rate': 0.003}",ppo,100,64x64,0.003,,,,,,
Autoencode,filterbank+esn,9,312,4.237179487179487,-0.46769232000000005,0.11675097390504971,-0.47395943391957207,-0.4682652427983539,1308,"{'decomposition': 'legendre', 'n_filters': 12, 'slowest': 0.006397371281320229, 'input_scaling': 0.550142611755141, 'bias_dist': 'foldnorm', 'bias_scaling': 0.07438842372152364, 'lr': 0.6575600610814601, 'sr': 0.8663422541011234, 'rc_connectivity': 0.013579746643157644, 'learning_rate': 0.003}",ppo,100,64x64,0.003,,,,,,
Autoencode,filterbank+esn,7,312,4.237179487179487,-0.4576923,0.1395789214943646,-0.47049026144194184,-0.46197370370370366,1311,"{'decomposition': 'legendre', 'n_filters': 12, 'slowest': 0.006397371281320229, 'input_scaling': 0.550142611755141, 'bias_dist': 'foldnorm', 'bias_scaling': 0.07438842372152364, 'lr': 0.6575600610814601, 'sr': 0.8663422541011234, 'rc_connectivity': 0.013579746643157644, 'learning_rate': 0.003}",ppo,100,64x64,0.003,,,,,,
Autoencode,filterbank+esn,6,312,4.237179487179487,-0.47076910000000005,0.09087357652986923,-0.47283600812506427,-0.4635169290123457,1312,"{'decomposition': 'legendre', 'n_filters': 12, 'slowest': 0.006397371281320229, 'input_scaling': 0.550142611755141, 'bias_dist': 'foldnorm', 'bias_scaling': 0.07438842372152364, 'lr': 0.6575600610814601, 'sr': 0.8663422541011234, 'rc_connectivity': 0.013579746643157644, 'learning_rate': 0.003}",ppo,100,64x64,0.003,,,,,,
Autoencode,filterbank+esn,5,312,4.237179487179487,-0.46076922000000003,0.10727674208238988,-0.4710124161267098,-0.46664291152263376,1320,"{'decomposition': 'legendre', 'n_filters': 12, 'slowest': 0.006397371281320229, 'input_scaling': 0.550142611755141, 'bias_dist': 'foldnorm', 'bias_scaling': 0.07438842372152364, 'lr': 0.6575600610814601, 'sr': 0.8663422541011234, 'rc_connectivity': 0.013579746643157644, 'learning_rate': 0.003}",ppo,100,64x64,0.003,,,,,,
Autoencode,filterbank+esn,8,312,4.237179487179487,-0.4638462,0.13018199195618416,-0.47001161411087117,-0.47135167283950613,1321,"{'decomposition': 'legendre', 'n_filters': 12, 'slowest': 0.006397371281320229, 'input_scaling': 0.550142611755141, 'bias_dist': 'foldnorm', 'bias_scaling': 0.07438842372152364, 'lr': 0.6575600610814601, 'sr': 0.8663422541011234, 'rc_connectivity': 0.013579746643157644, 'learning_rate': 0.003}",ppo,100,64x64,0.003,,,,,,
Autoencode,filterbank+esn,2,312,4.237179487179487,-0.5,0.0,-0.49936708320477213,-0.5,1315,"{'decomposition': 'legendre', 'n_filters': 12, 'slowest': 0.006397371281320229, 'input_scaling': 0.550142611755141, 'bias_dist': 'foldnorm', 'bias_scaling': 0.07438842372152364, 'lr': 0.6575600610814601, 'sr': 0.8663422541011234, 'rc_connectivity': 0.013579746643157644, 'learning_rate': 0.01}",ppo,100,64x64,0.01,,,,,,
Autoencode,filterbank+esn,1,312,4.237179487179487,-0.5,0.0,-0.5001028502519799,-0.5,1352,"{'decomposition': 'legendre', 'n_filters': 12, 'slowest': 0.006397371281320229, 'input_scaling': 0.550142611755141, 'bias_dist': 'foldnorm', 'bias_scaling': 0.07438842372152364, 'lr': 0.6575600610814601, 'sr': 0.8663422541011234, 'rc_connectivity': 0.013579746643157644, 'learning_rate': 0.01}",ppo,100,64x64,0.01,,,,,,
Autoencode,filterbank+esn,0,312,4.237179487179487,-0.5,0.0,-0.49958860403167743,-0.5,1361,"{'decomposition': 'legendre', 'n_filters': 12, 'slowest': 0.006397371281320229, 'input_scaling': 0.550142611755141, 'bias_dist': 'foldnorm', 'bias_scaling': 0.07438842372152364, 'lr': 0.6575600610814601, 'sr': 0.8663422541011234, 'rc_connectivity': 0.013579746643157644, 'learning_rate': 0.01}",ppo,100,64x64,0.01,,,,,,
Autoencode,filterbank+esn,3,312,4.237179487179487,-0.5,0.0,-0.5005894054304227,-0.5,1321,"{'decomposition': 'legendre', 'n_filters': 12, 'slowest': 0.006397371281320229, 'input_scaling': 0.550142611755141, 'bias_dist': 'foldnorm', 'bias_scaling': 0.07438842372152364, 'lr': 0.6575600610814601, 'sr': 0.8663422541011234, 'rc_connectivity': 0.013579746643157644, 'learning_rate': 0.01}",ppo,100,64x64,0.01,,,,,,
Autoencode,filterbank+esn,4,312,4.237179487179487,-0.5,0.0,-0.4999802217422606,-0.5,1388,"{'decomposition': 'legendre', 'n_filters': 12, 'slowest': 0.006397371281320229, 'input_scaling': 0.550142611755141, 'bias_dist': 'foldnorm', 'bias_scaling': 0.07438842372152364, 'lr': 0.6575600610814601, 'sr': 0.8663422541011234, 'rc_connectivity': 0.013579746643157644, 'learning_rate': 0.01}",ppo,100,64x64,0.01,,,,,,
Autoencode,filterbank+esn,5,312,4.237179487179487,-0.5,0.0,-0.49986550365113647,-0.5,1310,"{'decomposition': 'legendre', 'n_filters': 12, 'slowest': 0.006397371281320229, 'input_scaling': 0.550142611755141, 'bias_dist': 'foldnorm', 'bias_scaling': 0.07438842372152364, 'lr': 0.6575600610814601, 'sr': 0.8663422541011234, 'rc_connectivity': 0.013579746643157644, 'learning_rate': 0.01}",ppo,100,64x64,0.01,,,,,,
Autoencode,filterbank+esn,6,312,4.237179487179487,-0.5,0.0,-0.5006329174123213,-0.5,1363,"{'decomposition': 'legendre', 'n_filters': 12, 'slowest': 0.006397371281320229, 'input_scaling': 0.550142611755141, 'bias_dist': 'foldnorm', 'bias_scaling': 0.07438842372152364, 'lr': 0.6575600610814601, 'sr': 0.8663422541011234, 'rc_connectivity': 0.013579746643157644, 'learning_rate': 0.01}",ppo,100,64x64,0.01,,,,,,
Autoencode,filterbank+esn,7,312,4.237179487179487,-0.5,0.0,-0.4996439845726628,-0.5,1347,"{'decomposition': 'legendre', 'n_filters': 12, 'slowest': 0.006397371281320229, 'input_scaling': 0.550142611755141, 'bias_dist': 'foldnorm', 'bias_scaling': 0.07438842372152364, 'lr': 0.6575600610814601, 'sr': 0.8663422541011234, 'rc_connectivity': 0.013579746643157644, 'learning_rate': 0.01}",ppo,100,64x64,0.01,,,,,,
Autoencode,filterbank+esn,8,312,4.237179487179487,-0.5,0.0,-0.4996914525352257,-0.5,1354,"{'decomposition': 'legendre', 'n_filters': 12, 'slowest': 0.006397371281320229, 'input_scaling': 0.550142611755141, 'bias_dist': 'foldnorm', 'bias_scaling': 0.07438842372152364, 'lr': 0.6575600610814601, 'sr': 0.8663422541011234, 'rc_connectivity': 0.013579746643157644, 'learning_rate': 0.01}",ppo,100,64x64,0.01,,,,,,
Autoencode,filterbank+esn,9,312,4.237179487179487,-0.5,0.0,-0.5001661405944667,-0.5,1340,"{'decomposition': 'legendre', 'n_filters': 12, 'slowest': 0.006397371281320229, 'input_scaling': 0.550142611755141, 'bias_dist': 'foldnorm', 'bias_scaling': 0.07438842372152364, 'lr': 0.6575600610814601, 'sr': 0.8663422541011234, 'rc_connectivity': 0.013579746643157644, 'learning_rate': 0.01}",ppo,100,64x64,0.01,,,,,,
Autoencode,filterbank+hag,1,312,3.3108974358974357,-0.45769224000000003,0.12762051763248103,-0.4676975170214954,-0.45026114711934156,1301,"{'decomposition': 'legendre', 'n_filters': 12, 'slowest': 0.015468638100899648, 'input_scaling': 0.8216619713233748, 'bias_dist': 'foldnorm', 'bias_scaling': 0.04249382119350724, 'lr': 0.7520411716638045, 'weight_increment': 0.001395793645992084, 'min_window': 19, 'max_window': 32, 'use_full_instance': True, 'max_partners': 20, 'homeostasis': 'mean', 'target': 0.69, 'spread': 0.36000000000000004, 'learning_rate': 0.0003}",ppo,100,64x64,0.0003,,,,,,
Autoencode,filterbank+hag,2,312,3.1378205128205128,-0.47153852,0.10428969899318724,-0.4765978994137613,-0.46320035802469134,1305,"{'decomposition': 'legendre', 'n_filters': 12, 'slowest': 0.015468638100899648, 'input_scaling': 0.8216619713233748, 'bias_dist': 'foldnorm', 'bias_scaling': 0.04249382119350724, 'lr': 0.7520411716638045, 'weight_increment': 0.001395793645992084, 'min_window': 19, 'max_window': 32, 'use_full_instance': True, 'max_partners': 20, 'homeostasis': 'mean', 'target': 0.69, 'spread': 0.36000000000000004, 'learning_rate': 0.0003}",ppo,100,64x64,0.0003,,,,,,
Autoencode,filterbank+hag,3,312,3.1121794871794872,-0.44923078000000005,0.09212808310787542,-0.47499978926257325,-0.4624089629629629,1303,"{'decomposition': 'legendre', 'n_filters': 12, 'slowest': 0.015468638100899648, 'input_scaling': 0.8216619713233748, 'bias_dist': 'foldnorm', 'bias_scaling': 0.04249382119350724, 'lr': 0.7520411716638045, 'weight_increment': 0.001395793645992084, 'min_window': 19, 'max_window': 32, 'use_full_instance': True, 'max_partners': 20, 'homeostasis': 'mean', 'target': 0.69, 'spread': 0.36000000000000004, 'learning_rate': 0.0003}",ppo,100,64x64,0.0003,,,,,,
Autoencode,filterbank+hag,0,312,3.0224358974358974,-0.42230763999999993,0.1047651943877851,-0.47865488439781967,-0.4620528281893004,1322,"{'decomposition': 'legendre', 'n_filters': 12, 'slowest': 0.015468638100899648, 'input_scaling': 0.8216619713233748, 'bias_dist': 'foldnorm', 'bias_scaling': 0.04249382119350724, 'lr': 0.7520411716638045, 'weight_increment': 0.001395793645992084, 'min_window': 19, 'max_window': 32, 'use_full_instance': True, 'max_partners': 20, 'homeostasis': 'mean', 'target': 0.69, 'spread': 0.36000000000000004, 'learning_rate': 0.0003}",ppo,100,64x64,0.0003,,,,,,
Autoencode,filterbank+hag,6,312,3.6794871794871793,-0.45461536,0.12491188995043827,-0.47973479399362334,-0.4702437242798354,1302,"{'decomposition': 'legendre', 'n_filters': 12, 'slowest': 0.015468638100899648, 'input_scaling': 0.8216619713233748, 'bias_dist': 'foldnorm', 'bias_scaling': 0.04249382119350724, 'lr': 0.7520411716638045, 'weight_increment': 0.001395793645992084, 'min_window': 19, 'max_window': 32, 'use_full_instance': True, 'max_partners': 20, 'homeostasis': 'mean', 'target': 0.69, 'spread': 0.36000000000000004, 'learning_rate': 0.0003}",ppo,100,64x64,0.0003,,,,,,
Autoencode,filterbank+hag,4,312,2.8653846153846154,-0.4600000399999999,0.12354731649501091,-0.4705139851897563,-0.45073594547325097,1307,"{'decomposition': 'legendre', 'n_filters': 12, 'slowest': 0.015468638100899648, 'input_scaling': 0.8216619713233748, 'bias_dist': 'foldnorm', 'bias_scaling': 0.04249382119350724, 'lr': 0.7520411716638045, 'weight_increment': 0.001395793645992084, 'min_window': 19, 'max_window': 32, 'use_full_instance': True, 'max_partners': 20, 'homeostasis': 'mean', 'target': 0.69, 'spread': 0.36000000000000004, 'learning_rate': 0.0003}",ppo,100,64x64,0.0003,,,,,,
Autoencode,filterbank+hag,5,312,3.269230769230769,-0.46769219999999995,0.12073745696709037,-0.4830615738969453,-0.46130103189300414,1307,"{'decomposition': 'legendre', 'n_filters': 12, 'slowest': 0.015468638100899648, 'input_scaling': 0.8216619713233748, 'bias_dist': 'foldnorm', 'bias_scaling': 0.04249382119350724, 'lr': 0.7520411716638045, 'weight_increment': 0.001395793645992084, 'min_window': 19, 'max_window': 32, 'use_full_instance': True, 'max_partners': 20, 'homeostasis': 'mean', 'target': 0.69, 'spread': 0.36000000000000004, 'learning_rate': 0.0003}",ppo,100,64x64,0.0003,,,,,,
Autoencode,filterbank+hag,7,312,3.1121794871794872,-0.43769221999999997,0.07571755571788884,-0.47317618697932734,-0.4506963816872428,1316,"{'decomposition': 'legendre', 'n_filters': 12, 'slowest': 0.015468638100899648, 'input_scaling': 0.8216619713233748, 'bias_dist': 'foldnorm', 'bias_scaling': 0.04249382119350724, 'lr': 0.7520411716638045, 'weight_increment': 0.001395793645992084, 'min_window': 19, 'max_window': 32, 'use_full_instance': True, 'max_partners': 20, 'homeostasis': 'mean', 'target': 0.69, 'spread': 0.36000000000000004, 'learning_rate': 0.0003}",ppo,100,64x64,0.0003,,,,,,
Autoencode,filterbank+hag,0,312,3.0224358974358974,-0.4453844999999999,0.11016129137973102,-0.482836095649491,-0.4778410895061728,1308,"{'decomposition': 'legendre', 'n_filters': 12, 'slowest': 0.015468638100899648, 'input_scaling': 0.8216619713233748, 'bias_dist': 'foldnorm', 'bias_scaling': 0.04249382119350724, 'lr': 0.7520411716638045, 'weight_increment': 0.001395793645992084, 'min_window': 19, 'max_window': 32, 'use_full_instance': True, 'max_partners': 20, 'homeostasis': 'mean', 'target': 0.69, 'spread': 0.36000000000000004, 'learning_rate': 0.001}",ppo,100,64x64,0.001,,,,,,
Autoencode,filterbank+hag,8,312,2.9743589743589745,-0.41307684,0.09383676810618745,-0.4784096267612877,-0.4544554989711934,1314,"{'decomposition': 'legendre', 'n_filters': 12, 'slowest': 0.015468638100899648, 'input_scaling': 0.8216619713233748, 'bias_dist': 'foldnorm', 'bias_scaling': 0.04249382119350724, 'lr': 0.7520411716638045, 'weight_increment': 0.001395793645992084, 'min_window': 19, 'max_window': 32, 'use_full_instance': True, 'max_partners': 20, 'homeostasis': 'mean', 'target': 0.69, 'spread': 0.36000000000000004, 'learning_rate': 0.0003}",ppo,100,64x64,0.0003,,,,,,
Autoencode,filterbank+hag,2,312,3.1378205128205128,-0.46076915999999996,0.11473925937835924,-0.476609770235524,-0.4657723827160494,1307,"{'decomposition': 'legendre', 'n_filters': 12, 'slowest': 0.015468638100899648, 'input_scaling': 0.8216619713233748, 'bias_dist': 'foldnorm', 'bias_scaling': 0.04249382119350724, 'lr': 0.7520411716638045, 'weight_increment': 0.001395793645992084, 'min_window': 19, 'max_window': 32, 'use_full_instance': True, 'max_partners': 20, 'homeostasis': 'mean', 'target': 0.69, 'spread': 0.36000000000000004, 'learning_rate': 0.001}",ppo,100,64x64,0.001,,,,,,
Autoencode,filterbank+hag,9,312,3.1153846153846154,-0.44692298,0.0984766046529814,-0.47232967211765914,-0.4522396008230453,1321,"{'decomposition': 'legendre', 'n_filters': 12, 'slowest': 0.015468638100899648, 'input_scaling': 0.8216619713233748, 'bias_dist': 'foldnorm', 'bias_scaling': 0.04249382119350724, 'lr': 0.7520411716638045, 'weight_increment': 0.001395793645992084, 'min_window': 19, 'max_window': 32, 'use_full_instance': True, 'max_partners': 20, 'homeostasis': 'mean', 'target': 0.69, 'spread': 0.36000000000000004, 'learning_rate': 0.0003}",ppo,100,64x64,0.0003,,,,,,
Autoencode,filterbank+hag,1,312,3.3108974358974357,-0.49846152000000005,0.11172668496223094,-0.47798637508999275,-0.47020417386831276,1316,"{'decomposition': 'legendre', 'n_filters': 12, 'slowest': 0.015468638100899648, 'input_scaling': 0.8216619713233748, 'bias_dist': 'foldnorm', 'bias_scaling': 0.04249382119350724, 'lr': 0.7520411716638045, 'weight_increment': 0.001395793645992084, 'min_window': 19, 'max_window': 32, 'use_full_instance': True, 'max_partners': 20, 'homeostasis': 'mean', 'target': 0.69, 'spread': 0.36000000000000004, 'learning_rate': 0.001}",ppo,100,64x64,0.001,,,,,,
Autoencode,filterbank+hag,4,312,2.8653846153846154,-0.4515384600000001,0.11559221413801361,-0.47997609616373543,-0.47546691049382717,1304,"{'decomposition': 'legendre', 'n_filters': 12, 'slowest': 0.015468638100899648, 'input_scaling': 0.8216619713233748, 'bias_dist': 'foldnorm', 'bias_scaling': 0.04249382119350724, 'lr': 0.7520411716638045, 'weight_increment': 0.001395793645992084, 'min_window': 19, 'max_window': 32, 'use_full_instance': True, 'max_partners': 20, 'homeostasis': 'mean', 'target': 0.69, 'spread': 0.36000000000000004, 'learning_rate': 0.001}",ppo,100,64x64,0.001,,,,,,
Autoencode,filterbank+hag,3,312,3.1121794871794872,-0.47230765999999996,0.1006018215279644,-0.4785520333230484,-0.46494142901234564,1314,"{'decomposition': 'legendre', 'n_filters': 12, 'slowest': 0.015468638100899648, 'input_scaling': 0.8216619713233748, 'bias_dist': 'foldnorm', 'bias_scaling': 0.04249382119350724, 'lr': 0.7520411716638045, 'weight_increment': 0.001395793645992084, 'min_window': 19, 'max_window': 32, 'use_full_instance': True, 'max_partners': 20, 'homeostasis': 'mean', 'target': 0.69, 'spread': 0.36000000000000004, 'learning_rate': 0.001}",ppo,100,64x64,0.001,,,,,,
Autoencode,filterbank+hag,7,312,3.1121794871794872,-0.4453845999999999,0.11176112882948167,-0.48209241581816314,-0.47590216049382716,1309,"{'decomposition': 'legendre', 'n_filters': 12, 'slowest': 0.015468638100899648, 'input_scaling': 0.8216619713233748, 'bias_dist': 'foldnorm', 'bias_scaling': 0.04249382119350724, 'lr': 0.7520411716638045, 'weight_increment': 0.001395793645992084, 'min_window': 19, 'max_window': 32, 'use_full_instance': True, 'max_partners': 20, 'homeostasis': 'mean', 'target': 0.69, 'spread': 0.36000000000000004, 'learning_rate': 0.001}",ppo,100,64x64,0.001,,,,,,
Autoencode,filterbank+hag,5,312,3.269230769230769,-0.47615384000000005,0.1140669327648219,-0.48148718656793177,-0.47281574897119344,1317,"{'decomposition': 'legendre', 'n_filters': 12, 'slowest': 0.015468638100899648, 'input_scaling': 0.8216619713233748, 'bias_dist': 'foldnorm', 'bias_scaling': 0.04249382119350724, 'lr': 0.7520411716638045, 'weight_increment': 0.001395793645992084, 'min_window': 19, 'max_window': 32, 'use_full_instance': True, 'max_partners': 20, 'homeostasis': 'mean', 'target': 0.69, 'spread': 0.36000000000000004, 'learning_rate': 0.001}",ppo,100,64x64,0.001,,,,,,
Autoencode,filterbank+hag,8,312,2.9743589743589745,-0.4453845799999999,0.11281503495245479,-0.4845884795844903,-0.4787116069958848,1304,"{'decomposition': 'legendre', 'n_filters': 12, 'slowest': 0.015468638100899648, 'input_scaling': 0.8216619713233748, 'bias_dist': 'foldnorm', 'bias_scaling': 0.04249382119350724, 'lr': 0.7520411716638045, 'weight_increment': 0.001395793645992084, 'min_window': 19, 'max_window': 32, 'use_full_instance': True, 'max_partners': 20, 'homeostasis': 'mean', 'target': 0.69, 'spread': 0.36000000000000004, 'learning_rate': 0.001}",ppo,100,64x64,0.001,,,,,,
Autoencode,filterbank+hag,6,312,3.6794871794871793,-0.46230760000000004,0.12295431883752599,-0.48161772055949814,-0.4759417469135802,1318,"{'decomposition': 'legendre', 'n_filters': 12, 'slowest': 0.015468638100899648, 'input_scaling': 0.8216619713233748, 'bias_dist': 'foldnorm', 'bias_scaling': 0.04249382119350724, 'lr': 0.7520411716638045, 'weight_increment': 0.001395793645992084, 'min_window': 19, 'max_window': 32, 'use_full_instance': True, 'max_partners': 20, 'homeostasis': 'mean', 'target': 0.69, 'spread': 0.36000000000000004, 'learning_rate': 0.001}",ppo,100,64x64,0.001,,,,,,
Autoencode,filterbank+hag,1,312,3.3108974358974357,-0.5,0.0,-0.5004786479481641,-0.5008705360082304,1304,"{'decomposition': 'legendre', 'n_filters': 12, 'slowest': 0.015468638100899648, 'input_scaling': 0.8216619713233748, 'bias_dist': 'foldnorm', 'bias_scaling': 0.04249382119350724, 'lr': 0.7520411716638045, 'weight_increment': 0.001395793645992084, 'min_window': 19, 'max_window': 32, 'use_full_instance': True, 'max_partners': 20, 'homeostasis': 'mean', 'target': 0.69, 'spread': 0.36000000000000004, 'learning_rate': 0.003}",ppo,100,64x64,0.003,,,,,,
Autoencode,filterbank+hag,9,312,3.1153846153846154,-0.46999995999999994,0.1363710634599525,-0.4791928608454181,-0.47143080761316875,1310,"{'decomposition': 'legendre', 'n_filters': 12, 'slowest': 0.015468638100899648, 'input_scaling': 0.8216619713233748, 'bias_dist': 'foldnorm', 'bias_scaling': 0.04249382119350724, 'lr': 0.7520411716638045, 'weight_increment': 0.001395793645992084, 'min_window': 19, 'max_window': 32, 'use_full_instance': True, 'max_partners': 20, 'homeostasis': 'mean', 'target': 0.69, 'spread': 0.36000000000000004, 'learning_rate': 0.001}",ppo,100,64x64,0.001,,,,,,
Autoencode,filterbank+hag,2,312,3.1378205128205128,-0.49384612000000006,0.10696466622312996,-0.49799049460043193,-0.4988524917695474,1322,"{'decomposition': 'legendre', 'n_filters': 12, 'slowest': 0.015468638100899648, 'input_scaling': 0.8216619713233748, 'bias_dist': 'foldnorm', 'bias_scaling': 0.04249382119350724, 'lr': 0.7520411716638045, 'weight_increment': 0.001395793645992084, 'min_window': 19, 'max_window': 32, 'use_full_instance': True, 'max_partners': 20, 'homeostasis': 'mean', 'target': 0.69, 'spread': 0.36000000000000004, 'learning_rate': 0.003}",ppo,100,64x64,0.003,,,,,,
Autoencode,filterbank+hag,0,312,3.0224358974358974,-0.46615376000000003,0.08758444359509512,-0.5007515928211458,-0.5022950411522634,1330,"{'decomposition': 'legendre', 'n_filters': 12, 'slowest': 0.015468638100899648, 'input_scaling': 0.8216619713233748, 'bias_dist': 'foldnorm', 'bias_scaling': 0.04249382119350724, 'lr': 0.7520411716638045, 'weight_increment': 0.001395793645992084, 'min_window': 19, 'max_window': 32, 'use_full_instance': True, 'max_partners': 20, 'homeostasis': 'mean', 'target': 0.69, 'spread': 0.36000000000000004, 'learning_rate': 0.003}",ppo,100,64x64,0.003,,,,,,
Autoencode,filterbank+hag,3,312,3.1121794871794872,-0.5,0.0,-0.4999129772703897,-0.5,1320,"{'decomposition': 'legendre', 'n_filters': 12, 'slowest': 0.015468638100899648, 'input_scaling': 0.8216619713233748, 'bias_dist': 'foldnorm', 'bias_scaling': 0.04249382119350724, 'lr': 0.7520411716638045, 'weight_increment': 0.001395793645992084, 'min_window': 19, 'max_window': 32, 'use_full_instance': True, 'max_partners': 20, 'homeostasis': 'mean', 'target': 0.69, 'spread': 0.36000000000000004, 'learning_rate': 0.003}",ppo,100,64x64,0.003,,,,,,
Autoencode,filterbank+hag,4,312,2.8653846153846154,-0.5092308,0.09837750813371926,-0.49675234793787926,-0.4984172335390946,1316,"{'decomposition': 'legendre', 'n_filters': 12, 'slowest': 0.015468638100899648, 'input_scaling': 0.8216619713233748, 'bias_dist': 'foldnorm', 'bias_scaling': 0.04249382119350724, 'lr': 0.7520411716638045, 'weight_increment': 0.001395793645992084, 'min_window': 19, 'max_window': 32, 'use_full_instance': True, 'max_partners': 20, 'homeostasis': 'mean', 'target': 0.69, 'spread': 0.36000000000000004, 'learning_rate': 0.003}",ppo,100,64x64,0.003,,,,,,
Autoencode,filterbank+hag,6,312,3.6794871794871793,-0.49461542000000003,0.03264493440158213,-0.5004905138331791,-0.5007518374485597,1313,"{'decomposition': 'legendre', 'n_filters': 12, 'slowest': 0.015468638100899648, 'input_scaling': 0.8216619713233748, 'bias_dist': 'foldnorm', 'bias_scaling': 0.04249382119350724, 'lr': 0.7520411716638045, 'weight_increment': 0.001395793645992084, 'min_window': 19, 'max_window': 32, 'use_full_instance': True, 'max_partners': 20, 'homeostasis': 'mean', 'target': 0.69, 'spread': 0.36000000000000004, 'learning_rate': 0.003}",ppo,100,64x64,0.003,,,,,,
Autoencode,filterbank+hag,5,312,3.269230769230769,-0.5,0.0,-0.49913369258459317,-0.4989316286008231,1313,"{'decomposition': 'legendre', 'n_filters': 12, 'slowest': 0.015468638100899648, 'input_scaling': 0.8216619713233748, 'bias_dist': 'foldnorm', 'bias_scaling': 0.04249382119350724, 'lr': 0.7520411716638045, 'weight_increment': 0.001395793645992084, 'min_window': 19, 'max_window': 32, 'use_full_instance': True, 'max_partners': 20, 'homeostasis': 'mean', 'target': 0.69, 'spread': 0.36000000000000004, 'learning_rate': 0.003}",ppo,100,64x64,0.003,,,,,,
Autoencode,filterbank+hag,9,312,3.1153846153846154,-0.5,0.0,-0.49947388789468267,-0.49996043004115226,1303,"{'decomposition': 'legendre', 'n_filters': 12, 'slowest': 0.015468638100899648, 'input_scaling': 0.8216619713233748, 'bias_dist': 'foldnorm', 'bias_scaling': 0.04249382119350724, 'lr': 0.7520411716638045, 'weight_increment': 0.001395793645992084, 'min_window': 19, 'max_window': 32, 'use_full_instance': True, 'max_partners': 20, 'homeostasis': 'mean', 'target': 0.69, 'spread': 0.36000000000000004, 'learning_rate': 0.003}",ppo,100,64x64,0.003,,,,,,
Autoencode,filterbank+hag,7,312,3.1121794871794872,-0.49153838,0.07893164321560524,-0.499363129383935,-0.4972301471193415,1305,"{'decomposition': 'legendre', 'n_filters': 12, 'slowest': 0.015468638100899648, 'input_scaling': 0.8216619713233748, 'bias_dist': 'foldnorm', 'bias_scaling': 0.04249382119350724, 'lr': 0.7520411716638045, 'weight_increment': 0.001395793645992084, 'min_window': 19, 'max_window': 32, 'use_full_instance': True, 'max_partners': 20, 'homeostasis': 'mean', 'target': 0.69, 'spread': 0.36000000000000004, 'learning_rate': 0.003}",ppo,100,64x64,0.003,,,,,,
Autoencode,filterbank+hag,8,312,2.9743589743589745,-0.51076928,0.09167739556118293,-0.49879746436285094,-0.5044317808641975,1315,"{'decomposition': 'legendre', 'n_filters': 12, 'slowest': 0.015468638100899648, 'input_scaling': 0.8216619713233748, 'bias_dist': 'foldnorm', 'bias_scaling': 0.04249382119350724, 'lr': 0.7520411716638045, 'weight_increment': 0.001395793645992084, 'min_window': 19, 'max_window': 32, 'use_full_instance': True, 'max_partners': 20, 'homeostasis': 'mean', 'target': 0.69, 'spread': 0.36000000000000004, 'learning_rate': 0.003}",ppo,100,64x64,0.003,,,,,,
Autoencode,filterbank+proj,0,312,0.0,-0.42307691999999997,0.0951486013109683,-0.47354803188316363,-0.45125035493827165,1301,"{'decomposition': 'legendre', 'n_filters': 12, 'slowest': 0.015468638100899648, 'input_scaling': 0.8216619713233748, 'bias_dist': 'foldnorm', 'bias_scaling': 0.04249382119350724, 'lr': 0.7520411716638045, 'weight_increment': 0.001395793645992084, 'min_window': 19, 'max_window': 32, 'use_full_instance': True, 'max_partners': 20, 'homeostasis': 'mean', 'target': 0.69, 'spread': 0.36000000000000004, 'learning_rate': 0.0003}",ppo,100,64x64,0.0003,,,,,,
Autoencode,filterbank+hag,7,312,3.1121794871794872,-0.5,0.0,-0.49996835503445447,-0.5,1312,"{'decomposition': 'legendre', 'n_filters': 12, 'slowest': 0.015468638100899648, 'input_scaling': 0.8216619713233748, 'bias_dist': 'foldnorm', 'bias_scaling': 0.04249382119350724, 'lr': 0.7520411716638045, 'weight_increment': 0.001395793645992084, 'min_window': 19, 'max_window': 32, 'use_full_instance': True, 'max_partners': 20, 'homeostasis': 'mean', 'target': 0.69, 'spread': 0.36000000000000004, 'learning_rate': 0.01}",ppo,100,64x64,0.01,,,,,,
Autoencode,filterbank+proj,2,312,0.0,-0.42692302,0.1264560679617218,-0.4650985939524838,-0.44586890020576136,1306,"{'decomposition': 'legendre', 'n_filters': 12, 'slowest': 0.015468638100899648, 'input_scaling': 0.8216619713233748, 'bias_dist': 'foldnorm', 'bias_scaling': 0.04249382119350724, 'lr': 0.7520411716638045, 'weight_increment': 0.001395793645992084, 'min_window': 19, 'max_window': 32, 'use_full_instance': True, 'max_partners': 20, 'homeostasis': 'mean', 'target': 0.69, 'spread': 0.36000000000000004, 'learning_rate': 0.0003}",ppo,100,64x64,0.0003,,,,,,
Autoencode,filterbank+proj,3,312,0.0,-0.43923078,0.11894265838416257,-0.4634174082073434,-0.446699871399177,1309,"{'decomposition': 'legendre', 'n_filters': 12, 'slowest': 0.015468638100899648, 'input_scaling': 0.8216619713233748, 'bias_dist': 'foldnorm', 'bias_scaling': 0.04249382119350724, 'lr': 0.7520411716638045, 'weight_increment': 0.001395793645992084, 'min_window': 19, 'max_window': 32, 'use_full_instance': True, 'max_partners': 20, 'homeostasis': 'mean', 'target': 0.69, 'spread': 0.36000000000000004, 'learning_rate': 0.0003}",ppo,100,64x64,0.0003,,,,,,
Autoencode,filterbank+hag,4,312,2.8653846153846154,-0.5,0.0,-0.5004509536151394,-0.5,1329,"{'decomposition': 'legendre', 'n_filters': 12, 'slowest': 0.015468638100899648, 'input_scaling': 0.8216619713233748, 'bias_dist': 'foldnorm', 'bias_scaling': 0.04249382119350724, 'lr': 0.7520411716638045, 'weight_increment': 0.001395793645992084, 'min_window': 19, 'max_window': 32, 'use_full_instance': True, 'max_partners': 20, 'homeostasis': 'mean', 'target': 0.69, 'spread': 0.36000000000000004, 'learning_rate': 0.01}",ppo,100,64x64,0.01,,,,,,
Autoencode,filterbank+hag,2,312,3.1378205128205128,-0.5,0.0,-0.4992325893242826,-0.5,1332,"{'decomposition': 'legendre', 'n_filters': 12, 'slowest': 0.015468638100899648, 'input_scaling': 0.8216619713233748, 'bias_dist': 'foldnorm', 'bias_scaling': 0.04249382119350724, 'lr': 0.7520411716638045, 'weight_increment': 0.001395793645992084, 'min_window': 19, 'max_window': 32, 'use_full_instance': True, 'max_partners': 20, 'homeostasis': 'mean', 'target': 0.69, 'spread': 0.36000000000000004, 'learning_rate': 0.01}",ppo,100,64x64,0.01,,,,,,
Autoencode,filterbank+proj,8,312,0.0,-0.42846147999999995,0.1360930082768751,-0.47215562059035276,-0.4638730216049383,1290,"{'decomposition': 'legendre', 'n_filters': 12, 'slowest': 0.015468638100899648, 'input_scaling': 0.8216619713233748, 'bias_dist': 'foldnorm', 'bias_scaling': 0.04249382119350724, 'lr': 0.7520411716638045, 'weight_increment': 0.001395793645992084, 'min_window': 19, 'max_window': 32, 'use_full_instance': True, 'max_partners': 20, 'homeostasis': 'mean', 'target': 0.69, 'spread': 0.36000000000000004, 'learning_rate': 0.0003}",ppo,100,64x64,0.0003,,,,,,
Autoencode,filterbank+proj,4,312,0.0,-0.47076922000000004,0.11856146917971115,-0.47092142558881006,-0.4510920781893004,1309,"{'decomposition': 'legendre', 'n_filters': 12, 'slowest': 0.015468638100899648, 'input_scaling': 0.8216619713233748, 'bias_dist': 'foldnorm', 'bias_scaling': 0.04249382119350724, 'lr': 0.7520411716638045, 'weight_increment': 0.001395793645992084, 'min_window': 19, 'max_window': 32, 'use_full_instance': True, 'max_partners': 20, 'homeostasis': 'mean', 'target': 0.69, 'spread': 0.36000000000000004, 'learning_rate': 0.0003}",ppo,100,64x64,0.0003,,,,,,
Autoencode,filterbank+hag,3,312,3.1121794871794872,-0.5,0.0,-0.4999248408927286,-0.5,1346,"{'decomposition': 'legendre', 'n_filters': 12, 'slowest': 0.015468638100899648, 'input_scaling': 0.8216619713233748, 'bias_dist': 'foldnorm', 'bias_scaling': 0.04249382119350724, 'lr': 0.7520411716638045, 'weight_increment': 0.001395793645992084, 'min_window': 19, 'max_window': 32, 'use_full_instance': True, 'max_partners': 20, 'homeostasis': 'mean', 'target': 0.69, 'spread': 0.36000000000000004, 'learning_rate': 0.01}",ppo,100,64x64,0.01,,,,,,
Autoencode,filterbank+proj,0,312,0.0,-0.49153846,0.11234200201994086,-0.47608365741026437,-0.4642291666666667,1297,"{'decomposition': 'legendre', 'n_filters': 12, 'slowest': 0.015468638100899648, 'input_scaling': 0.8216619713233748, 'bias_dist': 'foldnorm', 'bias_scaling': 0.04249382119350724, 'lr': 0.7520411716638045, 'weight_increment': 0.001395793645992084, 'min_window': 19, 'max_window': 32, 'use_full_instance': True, 'max_partners': 20, 'homeostasis': 'mean', 'target': 0.69, 'spread': 0.36000000000000004, 'learning_rate': 0.001}",ppo,100,64x64,0.001,,,,,,
Autoencode,filterbank+proj,1,312,0.0,-0.40307686,0.13082359805616262,-0.46622202180397,-0.44333647427983536,1334,"{'decomposition': 'legendre', 'n_filters': 12, 'slowest': 0.015468638100899648, 'input_scaling': 0.8216619713233748, 'bias_dist': 'foldnorm', 'bias_scaling': 0.04249382119350724, 'lr': 0.7520411716638045, 'weight_increment': 0.001395793645992084, 'min_window': 19, 'max_window': 32, 'use_full_instance': True, 'max_partners': 20, 'homeostasis': 'mean', 'target': 0.69, 'spread': 0.36000000000000004, 'learning_rate': 0.0003}",ppo,100,64x64,0.0003,,,,,,
Autoencode,filterbank+proj,5,312,0.0,-0.43999999999999995,0.11516908331475073,-0.4733225521958244,-0.46035135082304535,1315,"{'decomposition': 'legendre', 'n_filters': 12, 'slowest': 0.015468638100899648, 'input_scaling': 0.8216619713233748, 'bias_dist': 'foldnorm', 'bias_scaling': 0.04249382119350724, 'lr': 0.7520411716638045, 'weight_increment': 0.001395793645992084, 'min_window': 19, 'max_window': 32, 'use_full_instance': True, 'max_partners': 20, 'homeostasis': 'mean', 'target': 0.69, 'spread': 0.36000000000000004, 'learning_rate': 0.0003}",ppo,100,64x64,0.0003,,,,,,
Autoencode,filterbank+proj,9,312,0.0,-0.42538461999999994,0.12835102239248272,-0.4725907429805615,-0.4537036635802469,1303,"{'decomposition': 'legendre', 'n_filters': 12, 'slowest': 0.015468638100899648, 'input_scaling': 0.8216619713233748, 'bias_dist': 'foldnorm', 'bias_scaling': 0.04249382119350724, 'lr': 0.7520411716638045, 'weight_increment': 0.001395793645992084, 'min_window': 19, 'max_window': 32, 'use_full_instance': True, 'max_partners': 20, 'homeostasis': 'mean', 'target': 0.69, 'spread': 0.36000000000000004, 'learning_rate': 0.0003}",ppo,100,64x64,0.0003,,,,,,
Autoencode,filterbank+proj,6,312,0.0,-0.44846154,0.13045433685703361,-0.4756327029723336,-0.45037983436213996,1318,"{'decomposition': 'legendre', 'n_filters': 12, 'slowest': 0.015468638100899648, 'input_scaling': 0.8216619713233748, 'bias_dist': 'foldnorm', 'bias_scaling': 0.04249382119350724, 'lr': 0.7520411716638045, 'weight_increment': 0.001395793645992084, 'min_window': 19, 'max_window': 32, 'use_full_instance': True, 'max_partners': 20, 'homeostasis': 'mean', 'target': 0.69, 'spread': 0.36000000000000004, 'learning_rate': 0.0003}",ppo,100,64x64,0.0003,,,,,,
Autoencode,filterbank+hag,5,312,3.269230769230769,-0.5,0.0,-0.49990110665432475,-0.5,1354,"{'decomposition': 'legendre', 'n_filters': 12, 'slowest': 0.015468638100899648, 'input_scaling': 0.8216619713233748, 'bias_dist': 'foldnorm', 'bias_scaling': 0.04249382119350724, 'lr': 0.7520411716638045, 'weight_increment': 0.001395793645992084, 'min_window': 19, 'max_window': 32, 'use_full_instance': True, 'max_partners': 20, 'homeostasis': 'mean', 'target': 0.69, 'spread': 0.36000000000000004, 'learning_rate': 0.01}",ppo,100,64x64,0.01,,,,,,
Autoencode,filterbank+proj,1,312,0.0,-0.4384614799999999,0.11817150068459653,-0.46737314285714293,-0.45081511625514403,1309,"{'decomposition': 'legendre', 'n_filters': 12, 'slowest': 0.015468638100899648, 'input_scaling': 0.8216619713233748, 'bias_dist': 'foldnorm', 'bias_scaling': 0.04249382119350724, 'lr': 0.7520411716638045, 'weight_increment': 0.001395793645992084, 'min_window': 19, 'max_window': 32, 'use_full_instance': True, 'max_partners': 20, 'homeostasis': 'mean', 'target': 0.69, 'spread': 0.36000000000000004, 'learning_rate': 0.001}",ppo,100,64x64,0.001,,,,,,
Autoencode,filterbank+proj,7,312,0.0,-0.43307693999999997,0.1161029496950719,-0.4647030079193664,-0.44218895061728397,1320,"{'decomposition': 'legendre', 'n_filters': 12, 'slowest': 0.015468638100899648, 'input_scaling': 0.8216619713233748, 'bias_dist': 'foldnorm', 'bias_scaling': 0.04249382119350724, 'lr': 0.7520411716638045, 'weight_increment': 0.001395793645992084, 'min_window': 19, 'max_window': 32, 'use_full_instance': True, 'max_partners': 20, 'homeostasis': 'mean', 'target': 0.69, 'spread': 0.36000000000000004, 'learning_rate': 0.0003}",ppo,100,64x64,0.0003,,,,,,
Autoencode,filterbank+hag,0,312,3.0224358974358974,-0.5,0.0,-0.4998575928211458,-0.5,1367,"{'decomposition': 'legendre', 'n_filters': 12, 'slowest': 0.015468638100899648, 'input_scaling': 0.8216619713233748, 'bias_dist': 'foldnorm', 'bias_scaling': 0.04249382119350724, 'lr': 0.7520411716638045, 'weight_increment': 0.001395793645992084, 'min_window': 19, 'max_window': 32, 'use_full_instance': True, 'max_partners': 20, 'homeostasis': 'mean', 'target': 0.69, 'spread': 0.36000000000000004, 'learning_rate': 0.01}",ppo,100,64x64,0.01,,,,,,
Autoencode,filterbank+hag,1,312,3.3108974358974357,-0.5,0.0,-0.5000474702252391,-0.5,1372,"{'decomposition': 'legendre', 'n_filters': 12, 'slowest': 0.015468638100899648, 'input_scaling': 0.8216619713233748, 'bias_dist': 'foldnorm', 'bias_scaling': 0.04249382119350724, 'lr': 0.7520411716638045, 'weight_increment': 0.001395793645992084, 'min_window': 19, 'max_window': 32, 'use_full_instance': True, 'max_partners': 20, 'homeostasis': 'mean', 'target': 0.69, 'spread': 0.36000000000000004, 'learning_rate': 0.01}",ppo,100,64x64,0.01,,,,,,
Autoencode,filterbank+proj,2,312,0.0,-0.44230762,0.1264560959435155,-0.46712788573485553,-0.45358496502057616,1314,"{'decomposition': 'legendre', 'n_filters': 12, 'slowest': 0.015468638100899648, 'input_scaling': 0.8216619713233748, 'bias_dist': 'foldnorm', 'bias_scaling': 0.04249382119350724, 'lr': 0.7520411716638045, 'weight_increment': 0.001395793645992084, 'min_window': 19, 'max_window': 32, 'use_full_instance': True, 'max_partners': 20, 'homeostasis': 'mean', 'target': 0.69, 'spread': 0.36000000000000004, 'learning_rate': 0.001}",ppo,100,64x64,0.001,,,,,,
Autoencode,filterbank+hag,6,312,3.6794871794871793,-0.5,0.0,-0.5003243713874318,-0.5,1365,"{'decomposition': 'legendre', 'n_filters': 12, 'slowest': 0.015468638100899648, 'input_scaling': 0.8216619713233748, 'bias_dist': 'foldnorm', 'bias_scaling': 0.04249382119350724, 'lr': 0.7520411716638045, 'weight_increment': 0.001395793645992084, 'min_window': 19, 'max_window': 32, 'use_full_instance': True, 'max_partners': 20, 'homeostasis': 'mean', 'target': 0.69, 'spread': 0.36000000000000004, 'learning_rate': 0.01}",ppo,100,64x64,0.01,,,,,,
Autoencode,filterbank+proj,4,312,0.0,-0.4584615,0.09664197025252537,-0.4708620982207138,-0.45888728395061734,1310,"{'decomposition': 'legendre', 'n_filters': 12, 'slowest': 0.015468638100899648, 'input_scaling': 0.8216619713233748, 'bias_dist': 'foldnorm', 'bias_scaling': 0.04249382119350724, 'lr': 0.7520411716638045, 'weight_increment': 0.001395793645992084, 'min_window': 19, 'max_window': 32, 'use_full_instance': True, 'max_partners': 20, 'homeostasis': 'mean', 'target': 0.69, 'spread': 0.36000000000000004, 'learning_rate': 0.001}",ppo,100,64x64,0.001,,,,,,
Autoencode,filterbank+proj,3,312,0.0,-0.46,0.13951736758583141,-0.4701579762419007,-0.452754024691358,1315,"{'decomposition': 'legendre', 'n_filters': 12, 'slowest': 0.015468638100899648, 'input_scaling': 0.8216619713233748, 'bias_dist': 'foldnorm', 'bias_scaling': 0.04249382119350724, 'lr': 0.7520411716638045, 'weight_increment': 0.001395793645992084, 'min_window': 19, 'max_window': 32, 'use_full_instance': True, 'max_partners': 20, 'homeostasis': 'mean', 'target': 0.69, 'spread': 0.36000000000000004, 'learning_rate': 0.001}",ppo,100,64x64,0.001,,,,,,
Autoencode,filterbank+hag,8,312,2.9743589743589745,-0.5,0.0,-0.499968354314512,-0.5,1370,"{'decomposition': 'legendre', 'n_filters': 12, 'slowest': 0.015468638100899648, 'input_scaling': 0.8216619713233748, 'bias_dist': 'foldnorm', 'bias_scaling': 0.04249382119350724, 'lr': 0.7520411716638045, 'weight_increment': 0.001395793645992084, 'min_window': 19, 'max_window': 32, 'use_full_instance': True, 'max_partners': 20, 'homeostasis': 'mean', 'target': 0.69, 'spread': 0.36000000000000004, 'learning_rate': 0.01}",ppo,100,64x64,0.01,,,,,,
Autoencode,filterbank+hag,9,312,3.1153846153846154,-0.5,0.0,-0.499703320477219,-0.5,1388,"{'decomposition': 'legendre', 'n_filters': 12, 'slowest': 0.015468638100899648, 'input_scaling': 0.8216619713233748, 'bias_dist': 'foldnorm', 'bias_scaling': 0.04249382119350724, 'lr': 0.7520411716638045, 'weight_increment': 0.001395793645992084, 'min_window': 19, 'max_window': 32, 'use_full_instance': True, 'max_partners': 20, 'homeostasis': 'mean', 'target': 0.69, 'spread': 0.36000000000000004, 'learning_rate': 0.01}",ppo,100,64x64,0.01,,,,,,
Autoencode,filterbank+proj,5,312,0.0,-0.43769228,0.1138071954343907,-0.4710875766738661,-0.4598369588477367,1305,"{'decomposition': 'legendre', 'n_filters': 12, 'slowest': 0.015468638100899648, 'input_scaling': 0.8216619713233748, 'bias_dist': 'foldnorm', 'bias_scaling': 0.04249382119350724, 'lr': 0.7520411716638045, 'weight_increment': 0.001395793645992084, 'min_window': 19, 'max_window': 32, 'use_full_instance': True, 'max_partners': 20, 'homeostasis': 'mean', 'target': 0.69, 'spread': 0.36000000000000004, 'learning_rate': 0.001}",ppo,100,64x64,0.001,,,,,,
Autoencode,filterbank+proj,6,312,0.0,-0.44076921999999996,0.13570113970063624,-0.4728992967191197,-0.4540993693415638,1318,"{'decomposition': 'legendre', 'n_filters': 12, 'slowest': 0.015468638100899648, 'input_scaling': 0.8216619713233748, 'bias_dist': 'foldnorm', 'bias_scaling': 0.04249382119350724, 'lr': 0.7520411716638045, 'weight_increment': 0.001395793645992084, 'min_window': 19, 'max_window': 32, 'use_full_instance': True, 'max_partners': 20, 'homeostasis': 'mean', 'target': 0.69, 'spread': 0.36000000000000004, 'learning_rate': 0.001}",ppo,100,64x64,0.001,,,,,,
Autoencode,filterbank+proj,7,312,0.0,-0.43692307999999996,0.12181087595397054,-0.46709228190887586,-0.4573044948559671,1310,"{'decomposition': 'legendre', 'n_filters': 12, 'slowest': 0.015468638100899648, 'input_scaling': 0.8216619713233748, 'bias_dist': 'foldnorm', 'bias_scaling': 0.04249382119350724, 'lr': 0.7520411716638045, 'weight_increment': 0.001395793645992084, 'min_window': 19, 'max_window': 32, 'use_full_instance': True, 'max_partners': 20, 'homeostasis': 'mean', 'target': 0.69, 'spread': 0.36000000000000004, 'learning_rate': 0.001}",ppo,100,64x64,0.001,,,,,,
Autoencode,filterbank+proj,8,312,0.0,-0.42692300000000005,0.11180348831803058,-0.4731643303507148,-0.4580563343621399,1318,"{'decomposition': 'legendre', 'n_filters': 12, 'slowest': 0.015468638100899648, 'input_scaling': 0.8216619713233748, 'bias_dist': 'foldnorm', 'bias_scaling': 0.04249382119350724, 'lr': 0.7520411716638045, 'weight_increment': 0.001395793645992084, 'min_window': 19, 'max_window': 32, 'use_full_instance': True, 'max_partners': 20, 'homeostasis': 'mean', 'target': 0.69, 'spread': 0.36000000000000004, 'learning_rate': 0.001}",ppo,100,64x64,0.001,,,,,,
Autoencode,filterbank+proj,9,312,0.0,-0.44923072,0.12904757700724798,-0.4699522825259694,-0.4575419341563786,1304,"{'decomposition': 'legendre', 'n_filters': 12, 'slowest': 0.015468638100899648, 'input_scaling': 0.8216619713233748, 'bias_dist': 'foldnorm', 'bias_scaling': 0.04249382119350724, 'lr': 0.7520411716638045, 'weight_increment': 0.001395793645992084, 'min_window': 19, 'max_window': 32, 'use_full_instance': True, 'max_partners': 20, 'homeostasis': 'mean', 'target': 0.69, 'spread': 0.36000000000000004, 'learning_rate': 0.001}",ppo,100,64x64,0.001,,,,,,
Autoencode,filterbank+proj,0,312,0.0,-0.5030769199999999,0.1137942424063432,-0.4899682769721279,-0.49192782304526755,1300,"{'decomposition': 'legendre', 'n_filters': 12, 'slowest': 0.015468638100899648, 'input_scaling': 0.8216619713233748, 'bias_dist': 'foldnorm', 'bias_scaling': 0.04249382119350724, 'lr': 0.7520411716638045, 'weight_increment': 0.001395793645992084, 'min_window': 19, 'max_window': 32, 'use_full_instance': True, 'max_partners': 20, 'homeostasis': 'mean', 'target': 0.69, 'spread': 0.36000000000000004, 'learning_rate': 0.003}",ppo,100,64x64,0.003,,,,,,
Autoencode,filterbank+esn,1,312,4.237179487179487,-0.47076924000000003,0.12416828938993403,-0.4777806656381775,-0.4554447366255144,1179,"{'decomposition': 'legendre', 'n_filters': 12, 'slowest': 0.006397371281320229, 'input_scaling': 0.550142611755141, 'bias_dist': 'foldnorm', 'bias_scaling': 0.07438842372152364, 'lr': 0.6575600610814601, 'sr': 0.8663422541011234, 'rc_connectivity': 0.013579746643157644, 'learning_rate': 0.0003}",ppo,100,64,0.0003,,,,,,
Autoencode,filterbank+esn,0,312,4.237179487179487,-0.46461537999999997,0.08314816549338656,-0.47346495474647743,-0.4522791594650206,1182,"{'decomposition': 'legendre', 'n_filters': 12, 'slowest': 0.006397371281320229, 'input_scaling': 0.550142611755141, 'bias_dist': 'foldnorm', 'bias_scaling': 0.07438842372152364, 'lr': 0.6575600610814601, 'sr': 0.8663422541011234, 'rc_connectivity': 0.013579746643157644, 'learning_rate': 0.0003}",ppo,100,64,0.0003,,,,,,
Autoencode,filterbank+esn,3,312,4.237179487179487,-0.47461542,0.10675704939423722,-0.4839555587781549,-0.4742006748971193,1173,"{'decomposition': 'legendre', 'n_filters': 12, 'slowest': 0.006397371281320229, 'input_scaling': 0.550142611755141, 'bias_dist': 'foldnorm', 'bias_scaling': 0.07438842372152364, 'lr': 0.6575600610814601, 'sr': 0.8663422541011234, 'rc_connectivity': 0.013579746643157644, 'learning_rate': 0.0003}",ppo,100,64,0.0003,,,,,,
Autoencode,filterbank+proj,1,312,0.0,-0.50153842,0.11382549193007513,-0.4867364397819602,-0.4852009969135802,1307,"{'decomposition': 'legendre', 'n_filters': 12, 'slowest': 0.015468638100899648, 'input_scaling': 0.8216619713233748, 'bias_dist': 'foldnorm', 'bias_scaling': 0.04249382119350724, 'lr': 0.7520411716638045, 'weight_increment': 0.001395793645992084, 'min_window': 19, 'max_window': 32, 'use_full_instance': True, 'max_partners': 20, 'homeostasis': 'mean', 'target': 0.69, 'spread': 0.36000000000000004, 'learning_rate': 0.003}",ppo,100,64x64,0.003,,,,,,
Autoencode,filterbank+proj,2,312,0.0,-0.45769228,0.10441449898228501,-0.4800670804278515,-0.4715495401234568,1298,"{'decomposition': 'legendre', 'n_filters': 12, 'slowest': 0.015468638100899648, 'input_scaling': 0.8216619713233748, 'bias_dist': 'foldnorm', 'bias_scaling': 0.04249382119350724, 'lr': 0.7520411716638045, 'weight_increment': 0.001395793645992084, 'min_window': 19, 'max_window': 32, 'use_full_instance': True, 'max_partners': 20, 'homeostasis': 'mean', 'target': 0.69, 'spread': 0.36000000000000004, 'learning_rate': 0.003}",ppo,100,64x64,0.003,,,,,,
Autoencode,filterbank+esn,4,312,4.237179487179487,-0.45923075999999996,0.09465297542234158,-0.47604805492132063,-0.4543367901234568,1180,"{'decomposition': 'legendre', 'n_filters': 12, 'slowest': 0.006397371281320229, 'input_scaling': 0.550142611755141, 'bias_dist': 'foldnorm', 'bias_scaling': 0.07438842372152364, 'lr': 0.6575600610814601, 'sr': 0.8663422541011234, 'rc_connectivity': 0.013579746643157644, 'learning_rate': 0.0003}",ppo,100,64,0.0003,,,,,,
Autoencode,filterbank+esn,2,312,4.237179487179487,-0.44769226,0.10051943074586327,-0.45908192090918426,-0.43443333744855966,1196,"{'decomposition': 'legendre', 'n_filters': 12, 'slowest': 0.006397371281320229, 'input_scaling': 0.550142611755141, 'bias_dist': 'foldnorm', 'bias_scaling': 0.07438842372152364, 'lr': 0.6575600610814601, 'sr': 0.8663422541011234, 'rc_connectivity': 0.013579746643157644, 'learning_rate': 0.0003}",ppo,100,64,0.0003,,,,,,
Autoencode,filterbank+proj,3,312,0.0,-0.48846155999999996,0.11798369168256433,-0.4830615663889746,-0.47526904732510283,1310,"{'decomposition': 'legendre', 'n_filters': 12, 'slowest': 0.015468638100899648, 'input_scaling': 0.8216619713233748, 'bias_dist': 'foldnorm', 'bias_scaling': 0.04249382119350724, 'lr': 0.7520411716638045, 'weight_increment': 0.001395793645992084, 'min_window': 19, 'max_window': 32, 'use_full_instance': True, 'max_partners': 20, 'homeostasis': 'mean', 'target': 0.69, 'spread': 0.36000000000000004, 'learning_rate': 0.003}",ppo,100,64x64,0.003,,,,,,
Autoencode,filterbank+esn,5,312,4.237179487179487,-0.40615384,0.11124905597143014,-0.4671832554767047,-0.44812438065843624,1179,"{'decomposition': 'legendre', 'n_filters': 12, 'slowest': 0.006397371281320229, 'input_scaling': 0.550142611755141, 'bias_dist': 'foldnorm', 'bias_scaling': 0.07438842372152364, 'lr': 0.6575600610814601, 'sr': 0.8663422541011234, 'rc_connectivity': 0.013579746643157644, 'learning_rate': 0.0003}",ppo,100,64,0.0003,,,,,,
Autoencode,filterbank+proj,4,312,0.0,-0.4584614799999999,0.1173777157769293,-0.4791018805924098,-0.4801361172839506,1291,"{'decomposition': 'legendre', 'n_filters': 12, 'slowest': 0.015468638100899648, 'input_scaling': 0.8216619713233748, 'bias_dist': 'foldnorm', 'bias_scaling': 0.04249382119350724, 'lr': 0.7520411716638045, 'weight_increment': 0.001395793645992084, 'min_window': 19, 'max_window': 32, 'use_full_instance': True, 'max_partners': 20, 'homeostasis': 'mean', 'target': 0.69, 'spread': 0.36000000000000004, 'learning_rate': 0.003}",ppo,100,64x64,0.003,,,,,,
Autoencode,filterbank+esn,6,312,4.237179487179487,-0.46153841999999995,0.09003629380024257,-0.47645548986938185,-0.45378280967078194,1192,"{'decomposition': 'legendre', 'n_filters': 12, 'slowest': 0.006397371281320229, 'input_scaling': 0.550142611755141, 'bias_dist': 'foldnorm', 'bias_scaling': 0.07438842372152364, 'lr': 0.6575600610814601, 'sr': 0.8663422541011234, 'rc_connectivity': 0.013579746643157644, 'learning_rate': 0.0003}",ppo,100,64,0.0003,,,,,,
Autoencode,filterbank+esn,7,312,4.237179487179487,-0.45307686,0.08436680899050528,-0.4865979716136995,-0.4723804681069959,1186,"{'decomposition': 'legendre', 'n_filters': 12, 'slowest': 0.006397371281320229, 'input_scaling': 0.550142611755141, 'bias_dist': 'foldnorm', 'bias_scaling': 0.07438842372152364, 'lr': 0.6575600610814601, 'sr': 0.8663422541011234, 'rc_connectivity': 0.013579746643157644, 'learning_rate': 0.0003}",ppo,100,64,0.0003,,,,,,
Autoencode,filterbank+proj,5,312,0.0,-0.46846156,0.11933996859496152,-0.48433926432171137,-0.4778806265432099,1299,"{'decomposition': 'legendre', 'n_filters': 12, 'slowest': 0.015468638100899648, 'input_scaling': 0.8216619713233748, 'bias_dist': 'foldnorm', 'bias_scaling': 0.04249382119350724, 'lr': 0.7520411716638045, 'weight_increment': 0.001395793645992084, 'min_window': 19, 'max_window': 32, 'use_full_instance': True, 'max_partners': 20, 'homeostasis': 'mean', 'target': 0.69, 'spread': 0.36000000000000004, 'learning_rate': 0.003}",ppo,100,64x64,0.003,,,,,,
Autoencode,filterbank+proj,6,312,0.0,-0.47230769999999994,0.10659903559906157,-0.4849761417258047,-0.4797008364197531,1301,"{'decomposition': 'legendre', 'n_filters': 12, 'slowest': 0.015468638100899648, 'input_scaling': 0.8216619713233748, 'bias_dist': 'foldnorm', 'bias_scaling': 0.04249382119350724, 'lr': 0.7520411716638045, 'weight_increment': 0.001395793645992084, 'min_window': 19, 'max_window': 32, 'use_full_instance': True, 'max_partners': 20, 'homeostasis': 'mean', 'target': 0.69, 'spread': 0.36000000000000004, 'learning_rate': 0.003}",ppo,100,64x64,0.003,,,,,,
Autoencode,filterbank+proj,8,312,0.0,-0.48461542,0.1291759179384594,-0.4850750365113648,-0.4758230329218107,1303,"{'decomposition': 'legendre', 'n_filters': 12, 'slowest': 0.015468638100899648, 'input_scaling': 0.8216619713233748, 'bias_dist': 'foldnorm', 'bias_scaling': 0.04249382119350724, 'lr': 0.7520411716638045, 'weight_increment': 0.001395793645992084, 'min_window': 19, 'max_window': 32, 'use_full_instance': True, 'max_partners': 20, 'homeostasis': 'mean', 'target': 0.69, 'spread': 0.36000000000000004, 'learning_rate': 0.003}",ppo,100,64x64,0.003,,,,,,
Autoencode,filterbank+proj,9,312,0.0,-0.4615384,0.1153846933337347,-0.4845568309163838,-0.4863485154320988,1313,"{'decomposition': 'legendre', 'n_filters': 12, 'slowest': 0.015468638100899648, 'input_scaling': 0.8216619713233748, 'bias_dist': 'foldnorm', 'bias_scaling': 0.04249382119350724, 'lr': 0.7520411716638045, 'weight_increment': 0.001395793645992084, 'min_window': 19, 'max_window': 32, 'use_full_instance': True, 'max_partners': 20, 'homeostasis': 'mean', 'target': 0.69, 'spread': 0.36000000000000004, 'learning_rate': 0.003}",ppo,100,64x64,0.003,,,,,,
Autoencode,filterbank+proj,7,312,0.0,-0.46076915999999996,0.10131979723299095,-0.48352043566800373,-0.47123298045267487,1321,"{'decomposition': 'legendre', 'n_filters': 12, 'slowest': 0.015468638100899648, 'input_scaling': 0.8216619713233748, 'bias_dist': 'foldnorm', 'bias_scaling': 0.04249382119350724, 'lr': 0.7520411716638045, 'weight_increment': 0.001395793645992084, 'min_window': 19, 'max_window': 32, 'use_full_instance': True, 'max_partners': 20, 'homeostasis': 'mean', 'target': 0.69, 'spread': 0.36000000000000004, 'learning_rate': 0.003}",ppo,100,64x64,0.003,,,,,,
Autoencode,filterbank+proj,0,312,0.0,-0.5,0.0,-0.5000988939627687,-0.5,1326,"{'decomposition': 'legendre', 'n_filters': 12, 'slowest': 0.015468638100899648, 'input_scaling': 0.8216619713233748, 'bias_dist': 'foldnorm', 'bias_scaling': 0.04249382119350724, 'lr': 0.7520411716638045, 'weight_increment': 0.001395793645992084, 'min_window': 19, 'max_window': 32, 'use_full_instance': True, 'max_partners': 20, 'homeostasis': 'mean', 'target': 0.69, 'spread': 0.36000000000000004, 'learning_rate': 0.01}",ppo,100,64x64,0.01,,,,,,
Autoencode,filterbank+proj,7,312,0.0,-0.5,0.0,-0.5000514247660187,-0.5,1309,"{'decomposition': 'legendre', 'n_filters': 12, 'slowest': 0.015468638100899648, 'input_scaling': 0.8216619713233748, 'bias_dist': 'foldnorm', 'bias_scaling': 0.04249382119350724, 'lr': 0.7520411716638045, 'weight_increment': 0.001395793645992084, 'min_window': 19, 'max_window': 32, 'use_full_instance': True, 'max_partners': 20, 'homeostasis': 'mean', 'target': 0.69, 'spread': 0.36000000000000004, 'learning_rate': 0.01}",ppo,100,64x64,0.01,,,,,,
Autoencode,filterbank+proj,2,312,0.0,-0.5,0.0,-0.4993552157770235,-0.5,1328,"{'decomposition': 'legendre', 'n_filters': 12, 'slowest': 0.015468638100899648, 'input_scaling': 0.8216619713233748, 'bias_dist': 'foldnorm', 'bias_scaling': 0.04249382119350724, 'lr': 0.7520411716638045, 'weight_increment': 0.001395793645992084, 'min_window': 19, 'max_window': 32, 'use_full_instance': True, 'max_partners': 20, 'homeostasis': 'mean', 'target': 0.69, 'spread': 0.36000000000000004, 'learning_rate': 0.01}",ppo,100,64x64,0.01,,,,,,
Autoencode,filterbank+proj,4,312,0.0,-0.5,0.0,-0.49976661318523086,-0.5,1331,"{'decomposition': 'legendre', 'n_filters': 12, 'slowest': 0.015468638100899648, 'input_scaling': 0.8216619713233748, 'bias_dist': 'foldnorm', 'bias_scaling': 0.04249382119350724, 'lr': 0.7520411716638045, 'weight_increment': 0.001395793645992084, 'min_window': 19, 'max_window': 32, 'use_full_instance': True, 'max_partners': 20, 'homeostasis': 'mean', 'target': 0.69, 'spread': 0.36000000000000004, 'learning_rate': 0.01}",ppo,100,64x64,0.01,,,,,,
Autoencode,filterbank+proj,3,312,0.0,-0.5,0.0,-0.5001780081250643,-0.5,1337,"{'decomposition': 'legendre', 'n_filters': 12, 'slowest': 0.015468638100899648, 'input_scaling': 0.8216619713233748, 'bias_dist': 'foldnorm', 'bias_scaling': 0.04249382119350724, 'lr': 0.7520411716638045, 'weight_increment': 0.001395793645992084, 'min_window': 19, 'max_window': 32, 'use_full_instance': True, 'max_partners': 20, 'homeostasis': 'mean', 'target': 0.69, 'spread': 0.36000000000000004, 'learning_rate': 0.01}",ppo,100,64x64,0.01,,,,,,
Autoencode,filterbank+proj,6,312,0.0,-0.5,0.0,-0.5004113963797182,-0.5,1328,"{'decomposition': 'legendre', 'n_filters': 12, 'slowest': 0.015468638100899648, 'input_scaling': 0.8216619713233748, 'bias_dist': 'foldnorm', 'bias_scaling': 0.04249382119350724, 'lr': 0.7520411716638045, 'weight_increment': 0.001395793645992084, 'min_window': 19, 'max_window': 32, 'use_full_instance': True, 'max_partners': 20, 'homeostasis': 'mean', 'target': 0.69, 'spread': 0.36000000000000004, 'learning_rate': 0.01}",ppo,100,64x64,0.01,,,,,,
Autoencode,filterbank+proj,5,312,0.0,-0.5,0.0,-0.49998022184510954,-0.5,1338,"{'decomposition': 'legendre', 'n_filters': 12, 'slowest': 0.015468638100899648, 'input_scaling': 0.8216619713233748, 'bias_dist': 'foldnorm', 'bias_scaling': 0.04249382119350724, 'lr': 0.7520411716638045, 'weight_increment': 0.001395793645992084, 'min_window': 19, 'max_window': 32, 'use_full_instance': True, 'max_partners': 20, 'homeostasis': 'mean', 'target': 0.69, 'spread': 0.36000000000000004, 'learning_rate': 0.01}",ppo,100,64x64,0.01,,,,,,
Autoencode,filterbank+proj,8,312,0.0,-0.5,0.0,-0.499845725496246,-0.5,1357,"{'decomposition': 'legendre', 'n_filters': 12, 'slowest': 0.015468638100899648, 'input_scaling': 0.8216619713233748, 'bias_dist': 'foldnorm', 'bias_scaling': 0.04249382119350724, 'lr': 0.7520411716638045, 'weight_increment': 0.001395793645992084, 'min_window': 19, 'max_window': 32, 'use_full_instance': True, 'max_partners': 20, 'homeostasis': 'mean', 'target': 0.69, 'spread': 0.36000000000000004, 'learning_rate': 0.01}",ppo,100,64x64,0.01,,,,,,
Autoencode,filterbank+proj,1,312,0.0,-0.5,0.0,-0.5004825994034763,-0.5,1377,"{'decomposition': 'legendre', 'n_filters': 12, 'slowest': 0.015468638100899648, 'input_scaling': 0.8216619713233748, 'bias_dist': 'foldnorm', 'bias_scaling': 0.04249382119350724, 'lr': 0.7520411716638045, 'weight_increment': 0.001395793645992084, 'min_window': 19, 'max_window': 32, 'use_full_instance': True, 'max_partners': 20, 'homeostasis': 'mean', 'target': 0.69, 'spread': 0.36000000000000004, 'learning_rate': 0.01}",ppo,100,64x64,0.01,,,,,,
Autoencode,filterbank+proj,9,312,0.0,-0.5,0.0,-0.5003006352977476,-0.5,1374,"{'decomposition': 'legendre', 'n_filters': 12, 'slowest': 0.015468638100899648, 'input_scaling': 0.8216619713233748, 'bias_dist': 'foldnorm', 'bias_scaling': 0.04249382119350724, 'lr': 0.7520411716638045, 'weight_increment': 0.001395793645992084, 'min_window': 19, 'max_window': 32, 'use_full_instance': True, 'max_partners': 20, 'homeostasis': 'mean', 'target': 0.69, 'spread': 0.36000000000000004, 'learning_rate': 0.01}",ppo,100,64x64,0.01,,,,,,
Autoencode,filterbank+esn,8,312,4.237179487179487,-0.41461532,0.12266518473331216,-0.46662550498817235,-0.4497862839506173,1176,"{'decomposition': 'legendre', 'n_filters': 12, 'slowest': 0.006397371281320229, 'input_scaling': 0.550142611755141, 'bias_dist': 'foldnorm', 'bias_scaling': 0.07438842372152364, 'lr': 0.6575600610814601, 'sr': 0.8663422541011234, 'rc_connectivity': 0.013579746643157644, 'learning_rate': 0.0003}",ppo,100,64,0.0003,,,,,,
Autoencode,filterbank+esn,1,312,4.237179487179487,-0.45461536,0.11218389178679083,-0.46598468137406146,-0.4402500380658436,1176,"{'decomposition': 'legendre', 'n_filters': 12, 'slowest': 0.006397371281320229, 'input_scaling': 0.550142611755141, 'bias_dist': 'foldnorm', 'bias_scaling': 0.07438842372152364, 'lr': 0.6575600610814601, 'sr': 0.8663422541011234, 'rc_connectivity': 0.013579746643157644, 'learning_rate': 0.001}",ppo,100,64,0.001,,,,,,
Autoencode,filterbank+esn,2,312,4.237179487179487,-0.43153840000000004,0.10442584912079958,-0.4602805159930063,-0.43174260390946506,1177,"{'decomposition': 'legendre', 'n_filters': 12, 'slowest': 0.006397371281320229, 'input_scaling': 0.550142611755141, 'bias_dist': 'foldnorm', 'bias_scaling': 0.07438842372152364, 'lr': 0.6575600610814601, 'sr': 0.8663422541011234, 'rc_connectivity': 0.013579746643157644, 'learning_rate': 0.001}",ppo,100,64,0.001,,,,,,
Autoencode,filterbank+esn,0,312,4.237179487179487,-0.45230772,0.13291457474619403,-0.46559306232644243,-0.442545079218107,1183,"{'decomposition': 'legendre', 'n_filters': 12, 'slowest': 0.006397371281320229, 'input_scaling': 0.550142611755141, 'bias_dist': 'foldnorm', 'bias_scaling': 0.07438842372152364, 'lr': 0.6575600610814601, 'sr': 0.8663422541011234, 'rc_connectivity': 0.013579746643157644, 'learning_rate': 0.001}",ppo,100,64,0.001,,,,,,
Autoencode,filterbank+esn,9,312,4.237179487179487,-0.4269229600000001,0.1102042050769316,-0.4756524774246632,-0.4592829722222222,1189,"{'decomposition': 'legendre', 'n_filters': 12, 'slowest': 0.006397371281320229, 'input_scaling': 0.550142611755141, 'bias_dist': 'foldnorm', 'bias_scaling': 0.07438842372152364, 'lr': 0.6575600610814601, 'sr': 0.8663422541011234, 'rc_connectivity': 0.013579746643157644, 'learning_rate': 0.0003}",ppo,100,64,0.0003,,,,,,
Autoencode,filterbank+esn,5,312,4.237179487179487,-0.42692302,0.13195166485520218,-0.45344106212074453,-0.4356995627572017,1176,"{'decomposition': 'legendre', 'n_filters': 12, 'slowest': 0.006397371281320229, 'input_scaling': 0.550142611755141, 'bias_dist': 'foldnorm', 'bias_scaling': 0.07438842372152364, 'lr': 0.6575600610814601, 'sr': 0.8663422541011234, 'rc_connectivity': 0.013579746643157644, 'learning_rate': 0.001}",ppo,100,64,0.001,,,,,,
Autoencode,filterbank+esn,3,312,4.237179487179487,-0.42769223999999995,0.09749534917185743,-0.4658857858685591,-0.44531493004115225,1191,"{'decomposition': 'legendre', 'n_filters': 12, 'slowest': 0.006397371281320229, 'input_scaling': 0.550142611755141, 'bias_dist': 'foldnorm', 'bias_scaling': 0.07438842372152364, 'lr': 0.6575600610814601, 'sr': 0.8663422541011234, 'rc_connectivity': 0.013579746643157644, 'learning_rate': 0.001}",ppo,100,64,0.001,,,,,,
Autoencode,filterbank+esn,4,312,4.237179487179487,-0.45769228,0.0942897926297518,-0.45885645130103875,-0.4349872839506173,1186,"{'decomposition': 'legendre', 'n_filters': 12, 'slowest': 0.006397371281320229, 'input_scaling': 0.550142611755141, 'bias_dist': 'foldnorm', 'bias_scaling': 0.07438842372152364, 'lr': 0.6575600610814601, 'sr': 0.8663422541011234, 'rc_connectivity': 0.013579746643157644, 'learning_rate': 0.001}",ppo,100,64,0.001,,,,,,
Autoencode,filterbank+esn,0,312,4.237179487179487,-0.45923077999999995,0.11211008295729515,-0.4645566545304946,-0.4546533364197531,1170,"{'decomposition': 'legendre', 'n_filters': 12, 'slowest': 0.006397371281320229, 'input_scaling': 0.550142611755141, 'bias_dist': 'foldnorm', 'bias_scaling': 0.07438842372152364, 'lr': 0.6575600610814601, 'sr': 0.8663422541011234, 'rc_connectivity': 0.013579746643157644, 'learning_rate': 0.003}",ppo,100,64,0.003,,,,,,
Autoencode,filterbank+esn,6,312,4.237179487179487,-0.41846158,0.14688890147864678,-0.45511038064383424,-0.4284583405349794,1188,"{'decomposition': 'legendre', 'n_filters': 12, 'slowest': 0.006397371281320229, 'input_scaling': 0.550142611755141, 'bias_dist': 'foldnorm', 'bias_scaling': 0.07438842372152364, 'lr': 0.6575600610814601, 'sr': 0.8663422541011234, 'rc_connectivity': 0.013579746643157644, 'learning_rate': 0.001}",ppo,100,64,0.001,,,,,,
Autoencode,filterbank+esn,8,312,4.237179487179487,-0.43999989999999994,0.12166501765425425,-0.46166502005553844,-0.44313859567901237,1181,"{'decomposition': 'legendre', 'n_filters': 12, 'slowest': 0.006397371281320229, 'input_scaling': 0.550142611755141, 'bias_dist': 'foldnorm', 'bias_scaling': 0.07438842372152364, 'lr': 0.6575600610814601, 'sr': 0.8663422541011234, 'rc_connectivity': 0.013579746643157644, 'learning_rate': 0.001}",ppo,100,64,0.001,,,,,,
Autoencode,filterbank+esn,9,312,4.237179487179487,-0.39999992,0.12498524495200862,-0.45555341838938596,-0.4279043775720165,1190,"{'decomposition': 'legendre', 'n_filters': 12, 'slowest': 0.006397371281320229, 'input_scaling': 0.550142611755141, 'bias_dist': 'foldnorm', 'bias_scaling': 0.07438842372152364, 'lr': 0.6575600610814601, 'sr': 0.8663422541011234, 'rc_connectivity': 0.013579746643157644, 'learning_rate': 0.001}",ppo,100,64,0.001,,,,,,
Autoencode,filterbank+esn,3,312,4.237179487179487,-0.45538454,0.10640999316891435,-0.45717922606191497,-0.4429803456790124,1173,"{'decomposition': 'legendre', 'n_filters': 12, 'slowest': 0.006397371281320229, 'input_scaling': 0.550142611755141, 'bias_dist': 'foldnorm', 'bias_scaling': 0.07438842372152364, 'lr': 0.6575600610814601, 'sr': 0.8663422541011234, 'rc_connectivity': 0.013579746643157644, 'learning_rate': 0.003}",ppo,100,64,0.003,,,,,,
Autoencode,filterbank+esn,7,312,4.237179487179487,-0.39923065999999996,0.08209179519260373,-0.4534094126298468,-0.4207027119341564,1196,"{'decomposition': 'legendre', 'n_filters': 12, 'slowest': 0.006397371281320229, 'input_scaling': 0.550142611755141, 'bias_dist': 'foldnorm', 'bias_scaling': 0.07438842372152364, 'lr': 0.6575600610814601, 'sr': 0.8663422541011234, 'rc_connectivity': 0.013579746643157644, 'learning_rate': 0.001}",ppo,100,64,0.001,,,,,,
Autoencode,filterbank+esn,7,312,4.237179487179487,-0.42538464,0.1304090505992218,-0.4570170391854366,-0.44590847633744857,1175,"{'decomposition': 'legendre', 'n_filters': 12, 'slowest': 0.006397371281320229, 'input_scaling': 0.550142611755141, 'bias_dist': 'foldnorm', 'bias_scaling': 0.07438842372152364, 'lr': 0.6575600610814601, 'sr': 0.8663422541011234, 'rc_connectivity': 0.013579746643157644, 'learning_rate': 0.003}",ppo,100,64,0.003,,,,,,
Autoencode,filterbank+esn,1,312,4.237179487179487,-0.4707692599999999,0.11028752655541968,-0.46374573516404394,-0.459876517489712,1191,"{'decomposition': 'legendre', 'n_filters': 12, 'slowest': 0.006397371281320229, 'input_scaling': 0.550142611755141, 'bias_dist': 'foldnorm', 'bias_scaling': 0.07438842372152364, 'lr': 0.6575600610814601, 'sr': 0.8663422541011234, 'rc_connectivity': 0.013579746643157644, 'learning_rate': 0.003}",ppo,100,64,0.003,,,,,,
Autoencode,filterbank+esn,2,312,4.237179487179487,-0.41769227999999997,0.12522414766123025,-0.45931531831739175,-0.45077552983539093,1189,"{'decomposition': 'legendre', 'n_filters': 12, 'slowest': 0.006397371281320229, 'input_scaling': 0.550142611755141, 'bias_dist': 'foldnorm', 'bias_scaling': 0.07438842372152364, 'lr': 0.6575600610814601, 'sr': 0.8663422541011234, 'rc_connectivity': 0.013579746643157644, 'learning_rate': 0.003}",ppo,100,64,0.003,,,,,,
Autoencode,filterbank+esn,5,312,4.237179487179487,-0.44230764,0.09888440624744833,-0.46271328530289,-0.4527144300411522,1189,"{'decomposition': 'legendre', 'n_filters': 12, 'slowest': 0.006397371281320229, 'input_scaling': 0.550142611755141, 'bias_dist': 'foldnorm', 'bias_scaling': 0.07438842372152364, 'lr': 0.6575600610814601, 'sr': 0.8663422541011234, 'rc_connectivity': 0.013579746643157644, 'learning_rate': 0.003}",ppo,100,64,0.003,,,,,,
Autoencode,filterbank+esn,8,312,4.237179487179487,-0.42461534,0.09229491396206184,-0.46704877033837294,-0.45235830246913583,1187,"{'decomposition': 'legendre', 'n_filters': 12, 'slowest': 0.006397371281320229, 'input_scaling': 0.550142611755141, 'bias_dist': 'foldnorm', 'bias_scaling': 0.07438842372152364, 'lr': 0.6575600610814601, 'sr': 0.8663422541011234, 'rc_connectivity': 0.013579746643157644, 'learning_rate': 0.003}",ppo,100,64,0.003,,,,,,
Autoencode,filterbank+esn,6,312,4.237179487179487,-0.46846150000000003,0.1249118915514852,-0.45934301059343824,-0.4477682572016461,1190,"{'decomposition': 'legendre', 'n_filters': 12, 'slowest': 0.006397371281320229, 'input_scaling': 0.550142611755141, 'bias_dist': 'foldnorm', 'bias_scaling': 0.07438842372152364, 'lr': 0.6575600610814601, 'sr': 0.8663422541011234, 'rc_connectivity': 0.013579746643157644, 'learning_rate': 0.003}",ppo,100,64,0.003,,,,,,
Autoencode,filterbank+esn,9,312,4.237179487179487,-0.43230766,0.12176225260179938,-0.45776862491000714,-0.4453545133744856,1190,"{'decomposition': 'legendre', 'n_filters': 12, 'slowest': 0.006397371281320229, 'input_scaling': 0.550142611755141, 'bias_dist': 'foldnorm', 'bias_scaling': 0.07438842372152364, 'lr': 0.6575600610814601, 'sr': 0.8663422541011234, 'rc_connectivity': 0.013579746643157644, 'learning_rate': 0.003}",ppo,100,64,0.003,,,,,,
Autoencode,filterbank+esn,4,312,4.237179487179487,-0.44076924,0.11232089924489742,-0.46020931194075904,-0.45243745061728396,1203,"{'decomposition': 'legendre', 'n_filters': 12, 'slowest': 0.006397371281320229, 'input_scaling': 0.550142611755141, 'bias_dist': 'foldnorm', 'bias_scaling': 0.07438842372152364, 'lr': 0.6575600610814601, 'sr': 0.8663422541011234, 'rc_connectivity': 0.013579746643157644, 'learning_rate': 0.003}",ppo,100,64,0.003,,,,,,
Autoencode,filterbank+esn,2,312,4.237179487179487,-0.5,0.0,-0.49645961513936027,-0.4985755010288066,1190,"{'decomposition': 'legendre', 'n_filters': 12, 'slowest': 0.006397371281320229, 'input_scaling': 0.550142611755141, 'bias_dist': 'foldnorm', 'bias_scaling': 0.07438842372152364, 'lr': 0.6575600610814601, 'sr': 0.8663422541011234, 'rc_connectivity': 0.013579746643157644, 'learning_rate': 0.01}",ppo,100,64,0.01,,,,,,
Autoencode,filterbank+esn,1,312,4.237179487179487,-0.50076928,0.0739783131186539,-0.49854033415612464,-0.5000000072016461,1196,"{'decomposition': 'legendre', 'n_filters': 12, 'slowest': 0.006397371281320229, 'input_scaling': 0.550142611755141, 'bias_dist': 'foldnorm', 'bias_scaling': 0.07438842372152364, 'lr': 0.6575600610814601, 'sr': 0.8663422541011234, 'rc_connectivity': 0.013579746643157644, 'learning_rate': 0.01}",ppo,100,64,0.01,,,,,,
Autoencode,filterbank+esn,7,312,4.237179487179487,-0.47999996,0.07701543646126016,-0.4998299037334157,-0.5017014763374485,1184,"{'decomposition': 'legendre', 'n_filters': 12, 'slowest': 0.006397371281320229, 'input_scaling': 0.550142611755141, 'bias_dist': 'foldnorm', 'bias_scaling': 0.07438842372152364, 'lr': 0.6575600610814601, 'sr': 0.8663422541011234, 'rc_connectivity': 0.013579746643157644, 'learning_rate': 0.01}",ppo,100,64,0.01,,,,,,
Autoencode,filterbank+esn,4,312,4.237179487179487,-0.5,0.0,-0.49826739247145935,-0.5,1195,"{'decomposition': 'legendre', 'n_filters': 12, 'slowest': 0.006397371281320229, 'input_scaling': 0.550142611755141, 'bias_dist': 'foldnorm', 'bias_scaling': 0.07438842372152364, 'lr': 0.6575600610814601, 'sr': 0.8663422541011234, 'rc_connectivity': 0.013579746643157644, 'learning_rate': 0.01}",ppo,100,64,0.01,,,,,,
Autoencode,filterbank+esn,3,312,4.237179487179487,-0.5,0.0,-0.49655851352463226,-0.500633121399177,1202,"{'decomposition': 'legendre', 'n_filters': 12, 'slowest': 0.006397371281320229, 'input_scaling': 0.550142611755141, 'bias_dist': 'foldnorm', 'bias_scaling': 0.07438842372152364, 'lr': 0.6575600610814601, 'sr': 0.8663422541011234, 'rc_connectivity': 0.013579746643157644, 'learning_rate': 0.01}",ppo,100,64,0.01,,,,,,
Autoencode,filterbank+esn,0,312,4.237179487179487,-0.5,0.0,-0.5001938333847578,-0.5,1223,"{'decomposition': 'legendre', 'n_filters': 12, 'slowest': 0.006397371281320229, 'input_scaling': 0.550142611755141, 'bias_dist': 'foldnorm', 'bias_scaling': 0.07438842372152364, 'lr': 0.6575600610814601, 'sr': 0.8663422541011234, 'rc_connectivity': 0.013579746643157644, 'learning_rate': 0.01}",ppo,100,64,0.01,,,,,,
Autoencode,filterbank+esn,5,312,4.237179487179487,-0.5,0.0,-0.4997112307929651,-0.5,1210,"{'decomposition': 'legendre', 'n_filters': 12, 'slowest': 0.006397371281320229, 'input_scaling': 0.550142611755141, 'bias_dist': 'foldnorm', 'bias_scaling': 0.07438842372152364, 'lr': 0.6575600610814601, 'sr': 0.8663422541011234, 'rc_connectivity': 0.013579746643157644, 'learning_rate': 0.01}",ppo,100,64,0.01,,,,,,
Autoencode,filterbank+esn,6,312,4.237179487179487,-0.5,0.0,-0.49973892245191814,-0.5,1222,"{'decomposition': 'legendre', 'n_filters': 12, 'slowest': 0.006397371281320229, 'input_scaling': 0.550142611755141, 'bias_dist': 'foldnorm', 'bias_scaling': 0.07438842372152364, 'lr': 0.6575600610814601, 'sr': 0.8663422541011234, 'rc_connectivity': 0.013579746643157644, 'learning_rate': 0.01}",ppo,100,64,0.01,,,,,,
Autoencode,filterbank+esn,9,312,4.237179487179487,-0.5,0.0,-0.499711229661627,-0.5,1203,"{'decomposition': 'legendre', 'n_filters': 12, 'slowest': 0.006397371281320229, 'input_scaling': 0.550142611755141, 'bias_dist': 'foldnorm', 'bias_scaling': 0.07438842372152364, 'lr': 0.6575600610814601, 'sr': 0.8663422541011234, 'rc_connectivity': 0.013579746643157644, 'learning_rate': 0.01}",ppo,100,64,0.01,,,,,,
Autoencode,filterbank+hag,1,312,3.3108974358974357,-0.46999994,0.08712716516090947,-0.4788289288285508,-0.46015349279835394,1187,"{'decomposition': 'legendre', 'n_filters': 12, 'slowest': 0.015468638100899648, 'input_scaling': 0.8216619713233748, 'bias_dist': 'foldnorm', 'bias_scaling': 0.04249382119350724, 'lr': 0.7520411716638045, 'weight_increment': 0.001395793645992084, 'min_window': 19, 'max_window': 32, 'use_full_instance': True, 'max_partners': 20, 'homeostasis': 'mean', 'target': 0.69, 'spread': 0.36000000000000004, 'learning_rate': 0.0003}",ppo,100,64,0.0003,,,,,,
Autoencode,filterbank+hag,0,312,3.0224358974358974,-0.44999996,0.11570481888200854,-0.4862577990332202,-0.47344885802469133,1204,"{'decomposition': 'legendre', 'n_filters': 12, 'slowest': 0.015468638100899648, 'input_scaling': 0.8216619713233748, 'bias_dist': 'foldnorm', 'bias_scaling': 0.04249382119350724, 'lr': 0.7520411716638045, 'weight_increment': 0.001395793645992084, 'min_window': 19, 'max_window': 32, 'use_full_instance': True, 'max_partners': 20, 'homeostasis': 'mean', 'target': 0.69, 'spread': 0.36000000000000004, 'learning_rate': 0.0003}",ppo,100,64,0.0003,,,,,,
Autoencode,filterbank+esn,8,312,4.237179487179487,-0.5,0.0,-0.49961629476499025,-0.5,1239,"{'decomposition': 'legendre', 'n_filters': 12, 'slowest': 0.006397371281320229, 'input_scaling': 0.550142611755141, 'bias_dist': 'foldnorm', 'bias_scaling': 0.07438842372152364, 'lr': 0.6575600610814601, 'sr': 0.8663422541011234, 'rc_connectivity': 0.013579746643157644, 'learning_rate': 0.01}",ppo,100,64,0.01,,,,,,
Autoencode,filterbank+hag,3,312,3.1121794871794872,-0.45384610000000003,0.11013715655731265,-0.4795369922863314,-0.45829371913580247,1177,"{'decomposition': 'legendre', 'n_filters': 12, 'slowest': 0.015468638100899648, 'input_scaling': 0.8216619713233748, 'bias_dist': 'foldnorm', 'bias_scaling': 0.04249382119350724, 'lr': 0.7520411716638045, 'weight_increment': 0.001395793645992084, 'min_window': 19, 'max_window': 32, 'use_full_instance': True, 'max_partners': 20, 'homeostasis': 'mean', 'target': 0.69, 'spread': 0.36000000000000004, 'learning_rate': 0.0003}",ppo,100,64,0.0003,,,,,,
Autoencode,filterbank+hag,2,312,3.1378205128205128,-0.47230771999999993,0.11742817770212394,-0.48233370502931194,-0.4682652561728395,1199,"{'decomposition': 'legendre', 'n_filters': 12, 'slowest': 0.015468638100899648, 'input_scaling': 0.8216619713233748, 'bias_dist': 'foldnorm', 'bias_scaling': 0.04249382119350724, 'lr': 0.7520411716638045, 'weight_increment': 0.001395793645992084, 'min_window': 19, 'max_window': 32, 'use_full_instance': True, 'max_partners': 20, 'homeostasis': 'mean', 'target': 0.69, 'spread': 0.36000000000000004, 'learning_rate': 0.0003}",ppo,100,64,0.0003,,,,,,
Autoencode,filterbank+hag,4,312,2.8653846153846154,-0.45615374,0.1079694578448572,-0.47706467499742883,-0.45730448456790124,1175,"{'decomposition': 'legendre', 'n_filters': 12, 'slowest': 0.015468638100899648, 'input_scaling': 0.8216619713233748, 'bias_dist': 'foldnorm', 'bias_scaling': 0.04249382119350724, 'lr': 0.7520411716638045, 'weight_increment': 0.001395793645992084, 'min_window': 19, 'max_window': 32, 'use_full_instance': True, 'max_partners': 20, 'homeostasis': 'mean', 'target': 0.69, 'spread': 0.36000000000000004, 'learning_rate': 0.0003}",ppo,100,64,0.0003,,,,,,
Autoencode,filterbank+hag,7,312,3.1121794871794872,-0.45153842,0.08898183910238987,-0.478840779903322,-0.4602326213991769,1169,"{'decomposition': 'legendre', 'n_filters': 12, 'slowest': 0.015468638100899648, 'input_scaling': 0.8216619713233748, 'bias_dist': 'foldnorm', 'bias_scaling': 0.04249382119350724, 'lr': 0.7520411716638045, 'weight_increment': 0.001395793645992084, 'min_window': 19, 'max_window': 32, 'use_full_instance': True, 'max_partners': 20, 'homeostasis': 'mean', 'target': 0.69, 'spread': 0.36000000000000004, 'learning_rate': 0.0003}",ppo,100,64,0.0003,,,,,,
Autoencode,filterbank+hag,9,312,3.1153846153846154,-0.46153833999999994,0.06296438459879045,-0.47163740111076824,-0.45702748251028813,1177,"{'decomposition': 'legendre', 'n_filters': 12, 'slowest': 0.015468638100899648, 'input_scaling': 0.8216619713233748, 'bias_dist': 'foldnorm', 'bias_scaling': 0.04249382119350724, 'lr': 0.7520411716638045, 'weight_increment': 0.001395793645992084, 'min_window': 19, 'max_window': 32, 'use_full_instance': True, 'max_partners': 20, 'homeostasis': 'mean', 'target': 0.69, 'spread': 0.36000000000000004, 'learning_rate': 0.0003}",ppo,100,64,0.0003,,,,,,
Autoencode,filterbank+hag,8,312,2.9743589743589745,-0.47538455999999996,0.10872048845882915,-0.4782434839041448,-0.46616807407407407,1186,"{'decomposition': 'legendre', 'n_filters': 12, 'slowest': 0.015468638100899648, 'input_scaling': 0.8216619713233748, 'bias_dist': 'foldnorm', 'bias_scaling': 0.04249382119350724, 'lr': 0.7520411716638045, 'weight_increment': 0.001395793645992084, 'min_window': 19, 'max_window': 32, 'use_full_instance': True, 'max_partners': 20, 'homeostasis': 'mean', 'target': 0.69, 'spread': 0.36000000000000004, 'learning_rate': 0.0003}",ppo,100,64,0.0003,,,,,,
Autoencode,filterbank+hag,6,312,3.6794871794871793,-0.45076913999999996,0.07655310063400697,-0.4724641534505812,-0.4517251728395062,1188,"{'decomposition': 'legendre', 'n_filters': 12, 'slowest': 0.015468638100899648, 'input_scaling': 0.8216619713233748, 'bias_dist': 'foldnorm', 'bias_scaling': 0.04249382119350724, 'lr': 0.7520411716638045, 'weight_increment': 0.001395793645992084, 'min_window': 19, 'max_window': 32, 'use_full_instance': True, 'max_partners': 20, 'homeostasis': 'mean', 'target': 0.69, 'spread': 0.36000000000000004, 'learning_rate': 0.0003}",ppo,100,64,0.0003,,,,,,
Autoencode,filterbank+hag,5,312,3.269230769230769,-0.45769225999999996,0.08113476108100892,-0.4706326478453152,-0.45374320884773667,1192,"{'decomposition': 'legendre', 'n_filters': 12, 'slowest': 0.015468638100899648, 'input_scaling': 0.8216619713233748, 'bias_dist': 'foldnorm', 'bias_scaling': 0.04249382119350724, 'lr': 0.7520411716638045, 'weight_increment': 0.001395793645992084, 'min_window': 19, 'max_window': 32, 'use_full_instance': True, 'max_partners': 20, 'homeostasis': 'mean', 'target': 0.69, 'spread': 0.36000000000000004, 'learning_rate': 0.0003}",ppo,100,64,0.0003,,,,,,
Autoencode,filterbank+hag,0,312,3.0224358974358974,-0.45153839999999995,0.11168700962260562,-0.4785995056052659,-0.452556153292181,1189,"{'decomposition': 'legendre', 'n_filters': 12, 'slowest': 0.015468638100899648, 'input_scaling': 0.8216619713233748, 'bias_dist': 'foldnorm', 'bias_scaling': 0.04249382119350724, 'lr': 0.7520411716638045, 'weight_increment': 0.001395793645992084, 'min_window': 19, 'max_window': 32, 'use_full_instance': True, 'max_partners': 20, 'homeostasis': 'mean', 'target': 0.69, 'spread': 0.36000000000000004, 'learning_rate': 0.001}",ppo,100,64,0.001,,,,,,
Autoencode,filterbank+hag,1,312,3.3108974358974357,-0.43384613999999994,0.11384618945981634,-0.4707038632109432,-0.45817503086419753,1197,"{'decomposition': 'legendre', 'n_filters': 12, 'slowest': 0.015468638100899648, 'input_scaling': 0.8216619713233748, 'bias_dist': 'foldnorm', 'bias_scaling': 0.04249382119350724, 'lr': 0.7520411716638045, 'weight_increment': 0.001395793645992084, 'min_window': 19, 'max_window': 32, 'use_full_instance': True, 'max_partners': 20, 'homeostasis': 'mean', 'target': 0.69, 'spread': 0.36000000000000004, 'learning_rate': 0.001}",ppo,100,64,0.001,,,,,,
Autoencode,filterbank+hag,3,312,3.1121794871794872,-0.43846154,0.11357557169254487,-0.47420468692790285,-0.46304206687242805,1194,"{'decomposition': 'legendre', 'n_filters': 12, 'slowest': 0.015468638100899648, 'input_scaling': 0.8216619713233748, 'bias_dist': 'foldnorm', 'bias_scaling': 0.04249382119350724, 'lr': 0.7520411716638045, 'weight_increment': 0.001395793645992084, 'min_window': 19, 'max_window': 32, 'use_full_instance': True, 'max_partners': 20, 'homeostasis': 'mean', 'target': 0.69, 'spread': 0.36000000000000004, 'learning_rate': 0.001}",ppo,100,64,0.001,,,,,,
Autoencode,filterbank+hag,2,312,3.1378205128205128,-0.44692294000000005,0.09573457029922054,-0.47109943391957215,-0.4527540010288066,1204,"{'decomposition': 'legendre', 'n_filters': 12, 'slowest': 0.015468638100899648, 'input_scaling': 0.8216619713233748, 'bias_dist': 'foldnorm', 'bias_scaling': 0.04249382119350724, 'lr': 0.7520411716638045, 'weight_increment': 0.001395793645992084, 'min_window': 19, 'max_window': 32, 'use_full_instance': True, 'max_partners': 20, 'homeostasis': 'mean', 'target': 0.69, 'spread': 0.36000000000000004, 'learning_rate': 0.001}",ppo,100,64,0.001,,,,,,
Autoencode,filterbank+hag,4,312,2.8653846153846154,-0.4376923,0.1343161301872936,-0.472911157153142,-0.4600743755144033,1197,"{'decomposition': 'legendre', 'n_filters': 12, 'slowest': 0.015468638100899648, 'input_scaling': 0.8216619713233748, 'bias_dist': 'foldnorm', 'bias_scaling': 0.04249382119350724, 'lr': 0.7520411716638045, 'weight_increment': 0.001395793645992084, 'min_window': 19, 'max_window': 32, 'use_full_instance': True, 'max_partners': 20, 'homeostasis': 'mean', 'target': 0.69, 'spread': 0.36000000000000004, 'learning_rate': 0.001}",ppo,100,64,0.001,,,,,,
Autoencode,filterbank+hag,7,312,3.1121794871794872,-0.43692295999999997,0.10427563630454814,-0.4726263503034042,-0.45299142901234574,1178,"{'decomposition': 'legendre', 'n_filters': 12, 'slowest': 0.015468638100899648, 'input_scaling': 0.8216619713233748, 'bias_dist': 'foldnorm', 'bias_scaling': 0.04249382119350724, 'lr': 0.7520411716638045, 'weight_increment': 0.001395793645992084, 'min_window': 19, 'max_window': 32, 'use_full_instance': True, 'max_partners': 20, 'homeostasis': 'mean', 'target': 0.69, 'spread': 0.36000000000000004, 'learning_rate': 0.001}",ppo,100,64,0.001,,,,,,
Autoencode,filterbank+hag,5,312,3.269230769230769,-0.4738460400000001,0.10304258192630074,-0.4788764019335596,-0.45888726337448554,1190,"{'decomposition': 'legendre', 'n_filters': 12, 'slowest': 0.015468638100899648, 'input_scaling': 0.8216619713233748, 'bias_dist': 'foldnorm', 'bias_scaling': 0.04249382119350724, 'lr': 0.7520411716638045, 'weight_increment': 0.001395793645992084, 'min_window': 19, 'max_window': 32, 'use_full_instance': True, 'max_partners': 20, 'homeostasis': 'mean', 'target': 0.69, 'spread': 0.36000000000000004, 'learning_rate': 0.001}",ppo,100,64,0.001,,,,,,
Autoencode,filterbank+hag,8,312,2.9743589743589745,-0.47153848,0.10791464130677356,-0.4775235387226165,-0.4634773384773662,1179,"{'decomposition': 'legendre', 'n_filters': 12, 'slowest': 0.015468638100899648, 'input_scaling': 0.8216619713233748, 'bias_dist': 'foldnorm', 'bias_scaling': 0.04249382119350724, 'lr': 0.7520411716638045, 'weight_increment': 0.001395793645992084, 'min_window': 19, 'max_window': 32, 'use_full_instance': True, 'max_partners': 20, 'homeostasis': 'mean', 'target': 0.69, 'spread': 0.36000000000000004, 'learning_rate': 0.001}",ppo,100,64,0.001,,,,,,
Autoencode,filterbank+hag,9,312,3.1153846153846154,-0.46999989999999997,0.07893152548918587,-0.476313089478556,-0.4723804825102881,1174,"{'decomposition': 'legendre', 'n_filters': 12, 'slowest': 0.015468638100899648, 'input_scaling': 0.8216619713233748, 'bias_dist': 'foldnorm', 'bias_scaling': 0.04249382119350724, 'lr': 0.7520411716638045, 'weight_increment': 0.001395793645992084, 'min_window': 19, 'max_window': 32, 'use_full_instance': True, 'max_partners': 20, 'homeostasis': 'mean', 'target': 0.69, 'spread': 0.36000000000000004, 'learning_rate': 0.001}",ppo,100,64,0.001,,,,,,
Autoencode,filterbank+hag,6,312,3.6794871794871793,-0.43230766000000004,0.0989770973691611,-0.4757672020981179,-0.456987945473251,1205,"{'decomposition': 'legendre', 'n_filters': 12, 'slowest': 0.015468638100899648, 'input_scaling': 0.8216619713233748, 'bias_dist': 'foldnorm', 'bias_scaling': 0.04249382119350724, 'lr': 0.7520411716638045, 'weight_increment': 0.001395793645992084, 'min_window': 19, 'max_window': 32, 'use_full_instance': True, 'max_partners': 20, 'homeostasis': 'mean', 'target': 0.69, 'spread': 0.36000000000000004, 'learning_rate': 0.001}",ppo,100,64,0.001,,,,,,
Autoencode,filterbank+hag,1,312,3.3108974358974357,-0.48999990000000004,0.12279061655879898,-0.48350461102540365,-0.4736467232510288,1183,"{'decomposition': 'legendre', 'n_filters': 12, 'slowest': 0.015468638100899648, 'input_scaling': 0.8216619713233748, 'bias_dist': 'foldnorm', 'bias_scaling': 0.04249382119350724, 'lr': 0.7520411716638045, 'weight_increment': 0.001395793645992084, 'min_window': 19, 'max_window': 32, 'use_full_instance': True, 'max_partners': 20, 'homeostasis': 'mean', 'target': 0.69, 'spread': 0.36000000000000004, 'learning_rate': 0.003}",ppo,100,64,0.003,,,,,,
Autoencode,filterbank+hag,0,312,3.0224358974358974,-0.45538460000000003,0.11314770019439192,-0.4904785639206006,-0.48903925308641977,1186,"{'decomposition': 'legendre', 'n_filters': 12, 'slowest': 0.015468638100899648, 'input_scaling': 0.8216619713233748, 'bias_dist': 'foldnorm', 'bias_scaling': 0.04249382119350724, 'lr': 0.7520411716638045, 'weight_increment': 0.001395793645992084, 'min_window': 19, 'max_window': 32, 'use_full_instance': True, 'max_partners': 20, 'homeostasis': 'mean', 'target': 0.69, 'spread': 0.36000000000000004, 'learning_rate': 0.003}",ppo,100,64,0.003,,,,,,
Autoencode,filterbank+hag,2,312,3.1378205128205128,-0.45307685999999997,0.08678689398820769,-0.4829903568857349,-0.4790281656378601,1192,"{'decomposition': 'legendre', 'n_filters': 12, 'slowest': 0.015468638100899648, 'input_scaling': 0.8216619713233748, 'bias_dist': 'foldnorm', 'bias_scaling': 0.04249382119350724, 'lr': 0.7520411716638045, 'weight_increment': 0.001395793645992084, 'min_window': 19, 'max_window': 32, 'use_full_instance': True, 'max_partners': 20, 'homeostasis': 'mean', 'target': 0.69, 'spread': 0.36000000000000004, 'learning_rate': 0.003}",ppo,100,64,0.003,,,,,,
Autoencode,filterbank+hag,3,312,3.1121794871794872,-0.46769228000000007,0.09618784991422565,-0.4877332861256813,-0.4911364290123456,1176,"{'decomposition': 'legendre', 'n_filters': 12, 'slowest': 0.015468638100899648, 'input_scaling': 0.8216619713233748, 'bias_dist': 'foldnorm', 'bias_scaling': 0.04249382119350724, 'lr': 0.7520411716638045, 'weight_increment': 0.001395793645992084, 'min_window': 19, 'max_window': 32, 'use_full_instance': True, 'max_partners': 20, 'homeostasis': 'mean', 'target': 0.69, 'spread': 0.36000000000000004, 'learning_rate': 0.003}",ppo,100,64,0.003,,,,,,
Autoencode,filterbank+hag,6,312,3.6794871794871793,-0.48307692,0.05111785329563048,-0.49168110315746166,-0.4850427181069959,1170,"{'decomposition': 'legendre', 'n_filters': 12, 'slowest': 0.015468638100899648, 'input_scaling': 0.8216619713233748, 'bias_dist': 'foldnorm', 'bias_scaling': 0.04249382119350724, 'lr': 0.7520411716638045, 'weight_increment': 0.001395793645992084, 'min_window': 19, 'max_window': 32, 'use_full_instance': True, 'max_partners': 20, 'homeostasis': 'mean', 'target': 0.69, 'spread': 0.36000000000000004, 'learning_rate': 0.003}",ppo,100,64,0.003,,,,,,
Autoencode,filterbank+hag,4,312,2.8653846153846154,-0.49769224000000006,0.08119317629593266,-0.4860600070965751,-0.490384621399177,1183,"{'decomposition': 'legendre', 'n_filters': 12, 'slowest': 0.015468638100899648, 'input_scaling': 0.8216619713233748, 'bias_dist': 'foldnorm', 'bias_scaling': 0.04249382119350724, 'lr': 0.7520411716638045, 'weight_increment': 0.001395793645992084, 'min_window': 19, 'max_window': 32, 'use_full_instance': True, 'max_partners': 20, 'homeostasis': 'mean', 'target': 0.69, 'spread': 0.36000000000000004, 'learning_rate': 0.003}",ppo,100,64,0.003,,,,,,
Autoencode,filterbank+hag,5,312,3.269230769230769,-0.46384610000000004,0.09923086589186854,-0.4878084398848092,-0.4842117592592593,1184,"{'decomposition': 'legendre', 'n_filters': 12, 'slowest': 0.015468638100899648, 'input_scaling': 0.8216619713233748, 'bias_dist': 'foldnorm', 'bias_scaling': 0.04249382119350724, 'lr': 0.7520411716638045, 'weight_increment': 0.001395793645992084, 'min_window': 19, 'max_window': 32, 'use_full_instance': True, 'max_partners': 20, 'homeostasis': 'mean', 'target': 0.69, 'spread': 0.36000000000000004, 'learning_rate': 0.003}",ppo,100,64,0.003,,,,,,
Autoencode,filterbank+hag,7,312,3.1121794871794872,-0.48076929999999996,0.06933765210973039,-0.48446188285508585,-0.47400282716049386,1183,"{'decomposition': 'legendre', 'n_filters': 12, 'slowest': 0.015468638100899648, 'input_scaling': 0.8216619713233748, 'bias_dist': 'foldnorm', 'bias_scaling': 0.04249382119350724, 'lr': 0.7520411716638045, 'weight_increment': 0.001395793645992084, 'min_window': 19, 'max_window': 32, 'use_full_instance': True, 'max_partners': 20, 'homeostasis': 'mean', 'target': 0.69, 'spread': 0.36000000000000004, 'learning_rate': 0.003}",ppo,100,64,0.003,,,,,,
Autoencode,filterbank+hag,8,312,2.9743589743589745,-0.49230766,0.10686503117327202,-0.4935086464054304,-0.48963278806584354,1195,"{'decomposition': 'legendre', 'n_filters': 12, 'slowest': 0.015468638100899648, 'input_scaling': 0.8216619713233748, 'bias_dist': 'foldnorm', 'bias_scaling': 0.04249382119350724, 'lr': 0.7520411716638045, 'weight_increment': 0.001395793645992084, 'min_window': 19, 'max_window': 32, 'use_full_instance': True, 'max_partners': 20, 'homeostasis': 'mean', 'target': 0.69, 'spread': 0.36000000000000004, 'learning_rate': 0.003}",ppo,100,64,0.003,,,,,,
Autoencode,filterbank+hag,9,312,3.1153846153846154,-0.49461531999999997,0.09730394466524778,-0.4827846676951558,-0.4846470277777778,1179,"{'decomposition': 'legendre', 'n_filters': 12, 'slowest': 0.015468638100899648, 'input_scaling': 0.8216619713233748, 'bias_dist': 'foldnorm', 'bias_scaling': 0.04249382119350724, 'lr': 0.7520411716638045, 'weight_increment': 0.001395793645992084, 'min_window': 19, 'max_window': 32, 'use_full_instance': True, 'max_partners': 20, 'homeostasis': 'mean', 'target': 0.69, 'spread': 0.36000000000000004, 'learning_rate': 0.003}",ppo,100,64,0.003,,,,,,
Autoencode,filterbank+hag,1,312,3.3108974358974357,-0.5,0.0,-0.5003797507970791,-0.5,1188,"{'decomposition': 'legendre', 'n_filters': 12, 'slowest': 0.015468638100899648, 'input_scaling': 0.8216619713233748, 'bias_dist': 'foldnorm', 'bias_scaling': 0.04249382119350724, 'lr': 0.7520411716638045, 'weight_increment': 0.001395793645992084, 'min_window': 19, 'max_window': 32, 'use_full_instance': True, 'max_partners': 20, 'homeostasis': 'mean', 'target': 0.69, 'spread': 0.36000000000000004, 'learning_rate': 0.01}",ppo,100,64,0.01,,,,,,
Autoencode,filterbank+hag,0,312,3.0224358974358974,-0.5,0.0,-0.5001542739895094,-0.5,1235,"{'decomposition': 'legendre', 'n_filters': 12, 'slowest': 0.015468638100899648, 'input_scaling': 0.8216619713233748, 'bias_dist': 'foldnorm', 'bias_scaling': 0.04249382119350724, 'lr': 0.7520411716638045, 'weight_increment': 0.001395793645992084, 'min_window': 19, 'max_window': 32, 'use_full_instance': True, 'max_partners': 20, 'homeostasis': 'mean', 'target': 0.69, 'spread': 0.36000000000000004, 'learning_rate': 0.01}",ppo,100,64,0.01,,,,,,
Autoencode,filterbank+hag,7,312,3.1121794871794872,-0.5,0.0,-0.49977056741746373,-0.5,1185,"{'decomposition': 'legendre', 'n_filters': 12, 'slowest': 0.015468638100899648, 'input_scaling': 0.8216619713233748, 'bias_dist': 'foldnorm', 'bias_scaling': 0.04249382119350724, 'lr': 0.7520411716638045, 'weight_increment': 0.001395793645992084, 'min_window': 19, 'max_window': 32, 'use_full_instance': True, 'max_partners': 20, 'homeostasis': 'mean', 'target': 0.69, 'spread': 0.36000000000000004, 'learning_rate': 0.01}",ppo,100,64,0.01,,,,,,
Autoencode,filterbank+proj,0,312,0.0,-0.46846148,0.08380389820246788,-0.48342944327882337,-0.45920382407407406,1182,"{'decomposition': 'legendre', 'n_filters': 12, 'slowest': 0.015468638100899648, 'input_scaling': 0.8216619713233748, 'bias_dist': 'foldnorm', 'bias_scaling': 0.04249382119350724, 'lr': 0.7520411716638045, 'weight_increment': 0.001395793645992084, 'min_window': 19, 'max_window': 32, 'use_full_instance': True, 'max_partners': 20, 'homeostasis': 'mean', 'target': 0.69, 'spread': 0.36000000000000004, 'learning_rate': 0.0003}",ppo,100,64,0.0003,,,,,,
Autoencode,filterbank+proj,4,312,0.0,-0.44461536,0.12117771777546561,-0.4723731738146662,-0.4564735205761317,1166,"{'decomposition': 'legendre', 'n_filters': 12, 'slowest': 0.015468638100899648, 'input_scaling': 0.8216619713233748, 'bias_dist': 'foldnorm', 'bias_scaling': 0.04249382119350724, 'lr': 0.7520411716638045, 'weight_increment': 0.001395793645992084, 'min_window': 19, 'max_window': 32, 'use_full_instance': True, 'max_partners': 20, 'homeostasis': 'mean', 'target': 0.69, 'spread': 0.36000000000000004, 'learning_rate': 0.0003}",ppo,100,64,0.0003,,,,,,
Autoencode,filterbank+proj,2,312,0.0,-0.44076927999999993,0.10094528618237503,-0.47392382402550653,-0.4575419063786008,1180,"{'decomposition': 'legendre', 'n_filters': 12, 'slowest': 0.015468638100899648, 'input_scaling': 0.8216619713233748, 'bias_dist': 'foldnorm', 'bias_scaling': 0.04249382119350724, 'lr': 0.7520411716638045, 'weight_increment': 0.001395793645992084, 'min_window': 19, 'max_window': 32, 'use_full_instance': True, 'max_partners': 20, 'homeostasis': 'mean', 'target': 0.69, 'spread': 0.36000000000000004, 'learning_rate': 0.0003}",ppo,100,64,0.0003,,,,,,
Autoencode,filterbank+proj,1,312,0.0,-0.4507691,0.06058894991803373,-0.48008683163632626,-0.4621714979423868,1181,"{'decomposition': 'legendre', 'n_filters': 12, 'slowest': 0.015468638100899648, 'input_scaling': 0.8216619713233748, 'bias_dist': 'foldnorm', 'bias_scaling': 0.04249382119350724, 'lr': 0.7520411716638045, 'weight_increment': 0.001395793645992084, 'min_window': 19, 'max_window': 32, 'use_full_instance': True, 'max_partners': 20, 'homeostasis': 'mean', 'target': 0.69, 'spread': 0.36000000000000004, 'learning_rate': 0.0003}",ppo,100,64,0.0003,,,,,,
Autoencode,filterbank+hag,2,312,3.1378205128205128,-0.5,0.0,-0.4999960437107888,-0.5,1234,"{'decomposition': 'legendre', 'n_filters': 12, 'slowest': 0.015468638100899648, 'input_scaling': 0.8216619713233748, 'bias_dist': 'foldnorm', 'bias_scaling': 0.04249382119350724, 'lr': 0.7520411716638045, 'weight_increment': 0.001395793645992084, 'min_window': 19, 'max_window': 32, 'use_full_instance': True, 'max_partners': 20, 'homeostasis': 'mean', 'target': 0.69, 'spread': 0.36000000000000004, 'learning_rate': 0.01}",ppo,100,64,0.01,,,,,,
Autoencode,filterbank+hag,4,312,2.8653846153846154,-0.5,0.0,-0.4995490485446879,-0.5,1223,"{'decomposition': 'legendre', 'n_filters': 12, 'slowest': 0.015468638100899648, 'input_scaling': 0.8216619713233748, 'bias_dist': 'foldnorm', 'bias_scaling': 0.04249382119350724, 'lr': 0.7520411716638045, 'weight_increment': 0.001395793645992084, 'min_window': 19, 'max_window': 32, 'use_full_instance': True, 'max_partners': 20, 'homeostasis': 'mean', 'target': 0.69, 'spread': 0.36000000000000004, 'learning_rate': 0.01}",ppo,100,64,0.01,,,,,,
Autoencode,filterbank+proj,7,312,0.0,-0.4453846,0.10935263559384382,-0.47120228036614215,-0.44638329526748965,1173,"{'decomposition': 'legendre', 'n_filters': 12, 'slowest': 0.015468638100899648, 'input_scaling': 0.8216619713233748, 'bias_dist': 'foldnorm', 'bias_scaling': 0.04249382119350724, 'lr': 0.7520411716638045, 'weight_increment': 0.001395793645992084, 'min_window': 19, 'max_window': 32, 'use_full_instance': True, 'max_partners': 20, 'homeostasis': 'mean', 'target': 0.69, 'spread': 0.36000000000000004, 'learning_rate': 0.0003}",ppo,100,64,0.0003,,,,,,
Autoencode,filterbank+hag,3,312,3.1121794871794872,-0.5,0.0,-0.4996756302581508,-0.5,1233,"{'decomposition': 'legendre', 'n_filters': 12, 'slowest': 0.015468638100899648, 'input_scaling': 0.8216619713233748, 'bias_dist': 'foldnorm', 'bias_scaling': 0.04249382119350724, 'lr': 0.7520411716638045, 'weight_increment': 0.001395793645992084, 'min_window': 19, 'max_window': 32, 'use_full_instance': True, 'max_partners': 20, 'homeostasis': 'mean', 'target': 0.69, 'spread': 0.36000000000000004, 'learning_rate': 0.01}",ppo,100,64,0.01,,,,,,
Autoencode,filterbank+proj,3,312,0.0,-0.46307687999999997,0.084950429068402,-0.47790328324591175,-0.4563548117283951,1188,"{'decomposition': 'legendre', 'n_filters': 12, 'slowest': 0.015468638100899648, 'input_scaling': 0.8216619713233748, 'bias_dist': 'foldnorm', 'bias_scaling': 0.04249382119350724, 'lr': 0.7520411716638045, 'weight_increment': 0.001395793645992084, 'min_window': 19, 'max_window': 32, 'use_full_instance': True, 'max_partners': 20, 'homeostasis': 'mean', 'target': 0.69, 'spread': 0.36000000000000004, 'learning_rate': 0.0003}",ppo,100,64,0.0003,,,,,,
Autoencode,filterbank+hag,5,312,3.269230769230769,-0.5,0.0,-0.5002333876375604,-0.5,1236,"{'decomposition': 'legendre', 'n_filters': 12, 'slowest': 0.015468638100899648, 'input_scaling': 0.8216619713233748, 'bias_dist': 'foldnorm', 'bias_scaling': 0.04249382119350724, 'lr': 0.7520411716638045, 'weight_increment': 0.001395793645992084, 'min_window': 19, 'max_window': 32, 'use_full_instance': True, 'max_partners': 20, 'homeostasis': 'mean', 'target': 0.69, 'spread': 0.36000000000000004, 'learning_rate': 0.01}",ppo,100,64,0.01,,,,,,
Autoencode,filterbank+proj,6,312,0.0,-0.44769224,0.07721486210738449,-0.4760282624704309,-0.466247183127572,1185,"{'decomposition': 'legendre', 'n_filters': 12, 'slowest': 0.015468638100899648, 'input_scaling': 0.8216619713233748, 'bias_dist': 'foldnorm', 'bias_scaling': 0.04249382119350724, 'lr': 0.7520411716638045, 'weight_increment': 0.001395793645992084, 'min_window': 19, 'max_window': 32, 'use_full_instance': True, 'max_partners': 20, 'homeostasis': 'mean', 'target': 0.69, 'spread': 0.36000000000000004, 'learning_rate': 0.0003}",ppo,100,64,0.0003,,,,,,
Autoencode,filterbank+proj,1,312,0.0,-0.44923064,0.09804007761640339,-0.47471892965134216,-0.4489157520576132,1171,"{'decomposition': 'legendre', 'n_filters': 12, 'slowest': 0.015468638100899648, 'input_scaling': 0.8216619713233748, 'bias_dist': 'foldnorm', 'bias_scaling': 0.04249382119350724, 'lr': 0.7520411716638045, 'weight_increment': 0.001395793645992084, 'min_window': 19, 'max_window': 32, 'use_full_instance': True, 'max_partners': 20, 'homeostasis': 'mean', 'target': 0.69, 'spread': 0.36000000000000004, 'learning_rate': 0.001}",ppo,100,64,0.001,,,,,,
Autoencode,filterbank+proj,5,312,0.0,-0.44076914,0.10664604628508458,-0.46659781651753574,-0.4376384722222223,1195,"{'decomposition': 'legendre', 'n_filters': 12, 'slowest': 0.015468638100899648, 'input_scaling': 0.8216619713233748, 'bias_dist': 'foldnorm', 'bias_scaling': 0.04249382119350724, 'lr': 0.7520411716638045, 'weight_increment': 0.001395793645992084, 'min_window': 19, 'max_window': 32, 'use_full_instance': True, 'max_partners': 20, 'homeostasis': 'mean', 'target': 0.69, 'spread': 0.36000000000000004, 'learning_rate': 0.0003}",ppo,100,64,0.0003,,,,,,
Autoencode,filterbank+proj,8,312,0.0,-0.46538458,0.12991811180602802,-0.4743866468168261,-0.45928296604938273,1186,"{'decomposition': 'legendre', 'n_filters': 12, 'slowest': 0.015468638100899648, 'input_scaling': 0.8216619713233748, 'bias_dist': 'foldnorm', 'bias_scaling': 0.04249382119350724, 'lr': 0.7520411716638045, 'weight_increment': 0.001395793645992084, 'min_window': 19, 'max_window': 32, 'use_full_instance': True, 'max_partners': 20, 'homeostasis': 'mean', 'target': 0.69, 'spread': 0.36000000000000004, 'learning_rate': 0.0003}",ppo,100,64,0.0003,,,,,,
Autoencode,filterbank+hag,6,312,3.6794871794871793,-0.5,0.0,-0.500015823305564,-0.5,1240,"{'decomposition': 'legendre', 'n_filters': 12, 'slowest': 0.015468638100899648, 'input_scaling': 0.8216619713233748, 'bias_dist': 'foldnorm', 'bias_scaling': 0.04249382119350724, 'lr': 0.7520411716638045, 'weight_increment': 0.001395793645992084, 'min_window': 19, 'max_window': 32, 'use_full_instance': True, 'max_partners': 20, 'homeostasis': 'mean', 'target': 0.69, 'spread': 0.36000000000000004, 'learning_rate': 0.01}",ppo,100,64,0.01,,,,,,
Autoencode,filterbank+proj,9,312,0.0,-0.45999994,0.1211288938606161,-0.4758423534917206,-0.4579771800411523,1185,"{'decomposition': 'legendre', 'n_filters': 12, 'slowest': 0.015468638100899648, 'input_scaling': 0.8216619713233748, 'bias_dist': 'foldnorm', 'bias_scaling': 0.04249382119350724, 'lr': 0.7520411716638045, 'weight_increment': 0.001395793645992084, 'min_window': 19, 'max_window': 32, 'use_full_instance': True, 'max_partners': 20, 'homeostasis': 'mean', 'target': 0.69, 'spread': 0.36000000000000004, 'learning_rate': 0.0003}",ppo,100,64,0.0003,,,,,,
Autoencode,filterbank+hag,8,312,2.9743589743589745,-0.5,0.0,-0.4999881344235318,-0.5,1226,"{'decomposition': 'legendre', 'n_filters': 12, 'slowest': 0.015468638100899648, 'input_scaling': 0.8216619713233748, 'bias_dist': 'foldnorm', 'bias_scaling': 0.04249382119350724, 'lr': 0.7520411716638045, 'weight_increment': 0.001395793645992084, 'min_window': 19, 'max_window': 32, 'use_full_instance': True, 'max_partners': 20, 'homeostasis': 'mean', 'target': 0.69, 'spread': 0.36000000000000004, 'learning_rate': 0.01}",ppo,100,64,0.01,,,,,,
Autoencode,filterbank+proj,2,312,0.0,-0.43384614,0.11513825109997285,-0.4765504284685796,-0.4542180679012346,1182,"{'decomposition': 'legendre', 'n_filters': 12, 'slowest': 0.015468638100899648, 'input_scaling': 0.8216619713233748, 'bias_dist': 'foldnorm', 'bias_scaling': 0.04249382119350724, 'lr': 0.7520411716638045, 'weight_increment': 0.001395793645992084, 'min_window': 19, 'max_window': 32, 'use_full_instance': True, 'max_partners': 20, 'homeostasis': 'mean', 'target': 0.69, 'spread': 0.36000000000000004, 'learning_rate': 0.001}",ppo,100,64,0.001,,,,,,
Autoencode,filterbank+proj,4,312,0.0,-0.42999998,0.14177451317038473,-0.46909784130412424,-0.4401313323045268,1180,"{'decomposition': 'legendre', 'n_filters': 12, 'slowest': 0.015468638100899648, 'input_scaling': 0.8216619713233748, 'bias_dist': 'foldnorm', 'bias_scaling': 0.04249382119350724, 'lr': 0.7520411716638045, 'weight_increment': 0.001395793645992084, 'min_window': 19, 'max_window': 32, 'use_full_instance': True, 'max_partners': 20, 'homeostasis': 'mean', 'target': 0.69, 'spread': 0.36000000000000004, 'learning_rate': 0.001}",ppo,100,64,0.001,,,,,,
Autoencode,filterbank+proj,0,312,0.0,-0.41153833999999995,0.09077241930555997,-0.47374186269669855,-0.45030069341563783,1197,"{'decomposition': 'legendre', 'n_filters': 12, 'slowest': 0.015468638100899648, 'input_scaling': 0.8216619713233748, 'bias_dist': 'foldnorm', 'bias_scaling': 0.04249382119350724, 'lr': 0.7520411716638045, 'weight_increment': 0.001395793645992084, 'min_window': 19, 'max_window': 32, 'use_full_instance': True, 'max_partners': 20, 'homeostasis': 'mean', 'target': 0.69, 'spread': 0.36000000000000004, 'learning_rate': 0.001}",ppo,100,64,0.001,,,,,,
Autoencode,filterbank+proj,6,312,0.0,-0.45076928000000005,0.1166697944717552,-0.4720171650725085,-0.45188348251028804,1181,"{'decomposition': 'legendre', 'n_filters': 12, 'slowest': 0.015468638100899648, 'input_scaling': 0.8216619713233748, 'bias_dist': 'foldnorm', 'bias_scaling': 0.04249382119350724, 'lr': 0.7520411716638045, 'weight_increment': 0.001395793645992084, 'min_window': 19, 'max_window': 32, 'use_full_instance': True, 'max_partners': 20, 'homeostasis': 'mean', 'target': 0.69, 'spread': 0.36000000000000004, 'learning_rate': 0.001}",ppo,100,64,0.001,,,,,,
Autoencode,filterbank+hag,9,312,3.1153846153846154,-0.5,0.0,-0.5002136088655765,-0.5,1247,"{'decomposition': 'legendre', 'n_filters': 12, 'slowest': 0.015468638100899648, 'input_scaling': 0.8216619713233748, 'bias_dist': 'foldnorm', 'bias_scaling': 0.04249382119350724, 'lr': 0.7520411716638045, 'weight_increment': 0.001395793645992084, 'min_window': 19, 'max_window': 32, 'use_full_instance': True, 'max_partners': 20, 'homeostasis': 'mean', 'target': 0.69, 'spread': 0.36000000000000004, 'learning_rate': 0.01}",ppo,100,64,0.01,,,,,,
Autoencode,filterbank+proj,7,312,0.0,-0.45076912,0.09167741737693966,-0.46831460464877095,-0.43407718209876545,1191,"{'decomposition': 'legendre', 'n_filters': 12, 'slowest': 0.015468638100899648, 'input_scaling': 0.8216619713233748, 'bias_dist': 'foldnorm', 'bias_scaling': 0.04249382119350724, 'lr': 0.7520411716638045, 'weight_increment': 0.001395793645992084, 'min_window': 19, 'max_window': 32, 'use_full_instance': True, 'max_partners': 20, 'homeostasis': 'mean', 'target': 0.69, 'spread': 0.36000000000000004, 'learning_rate': 0.001}",ppo,100,64,0.001,,,,,,
Autoencode,filterbank+proj,5,312,0.0,-0.44307685999999996,0.09584267886093542,-0.4726935940553326,-0.4536640936213992,1199,"{'decomposition': 'legendre', 'n_filters': 12, 'slowest': 0.015468638100899648, 'input_scaling': 0.8216619713233748, 'bias_dist': 'foldnorm', 'bias_scaling': 0.04249382119350724, 'lr': 0.7520411716638045, 'weight_increment': 0.001395793645992084, 'min_window': 19, 'max_window': 32, 'use_full_instance': True, 'max_partners': 20, 'homeostasis': 'mean', 'target': 0.69, 'spread': 0.36000000000000004, 'learning_rate': 0.001}",ppo,100,64,0.001,,,,,,
Autoencode,filterbank+proj,3,312,0.0,-0.43769221999999997,0.12730484945033163,-0.4727212782063149,-0.4515669156378601,1208,"{'decomposition': 'legendre', 'n_filters': 12, 'slowest': 0.015468638100899648, 'input_scaling': 0.8216619713233748, 'bias_dist': 'foldnorm', 'bias_scaling': 0.04249382119350724, 'lr': 0.7520411716638045, 'weight_increment': 0.001395793645992084, 'min_window': 19, 'max_window': 32, 'use_full_instance': True, 'max_partners': 20, 'homeostasis': 'mean', 'target': 0.69, 'spread': 0.36000000000000004, 'learning_rate': 0.001}",ppo,100,64,0.001,,,,,,
Autoencode,filterbank+proj,8,312,0.0,-0.46538458000000005,0.09584577558934769,-0.4764278073639823,-0.45394109465020577,1192,"{'decomposition': 'legendre', 'n_filters': 12, 'slowest': 0.015468638100899648, 'input_scaling': 0.8216619713233748, 'bias_dist': 'foldnorm', 'bias_scaling': 0.04249382119350724, 'lr': 0.7520411716638045, 'weight_increment': 0.001395793645992084, 'min_window': 19, 'max_window': 32, 'use_full_instance': True, 'max_partners': 20, 'homeostasis': 'mean', 'target': 0.69, 'spread': 0.36000000000000004, 'learning_rate': 0.001}",ppo,100,64,0.001,,,,,,
Autoencode,filterbank+proj,0,312,0.0,-0.4615384199999999,0.11461287658620038,-0.47618650673660395,-0.4704020133744856,1182,"{'decomposition': 'legendre', 'n_filters': 12, 'slowest': 0.015468638100899648, 'input_scaling': 0.8216619713233748, 'bias_dist': 'foldnorm', 'bias_scaling': 0.04249382119350724, 'lr': 0.7520411716638045, 'weight_increment': 0.001395793645992084, 'min_window': 19, 'max_window': 32, 'use_full_instance': True, 'max_partners': 20, 'homeostasis': 'mean', 'target': 0.69, 'spread': 0.36000000000000004, 'learning_rate': 0.003}",ppo,100,64,0.003,,,,,,
Autoencode,filterbank+proj,9,312,0.0,-0.43461528,0.10776105245459323,-0.4727291911961329,-0.45718578395061726,1187,"{'decomposition': 'legendre', 'n_filters': 12, 'slowest': 0.015468638100899648, 'input_scaling': 0.8216619713233748, 'bias_dist': 'foldnorm', 'bias_scaling': 0.04249382119350724, 'lr': 0.7520411716638045, 'weight_increment': 0.001395793645992084, 'min_window': 19, 'max_window': 32, 'use_full_instance': True, 'max_partners': 20, 'homeostasis': 'mean', 'target': 0.69, 'spread': 0.36000000000000004, 'learning_rate': 0.001}",ppo,100,64,0.001,,,,,,
Autoencode,filterbank+proj,2,312,0.0,-0.44615379999999993,0.08391329704069551,-0.469655590044225,-0.4650205277777778,1164,"{'decomposition': 'legendre', 'n_filters': 12, 'slowest': 0.015468638100899648, 'input_scaling': 0.8216619713233748, 'bias_dist': 'foldnorm', 'bias_scaling': 0.04249382119350724, 'lr': 0.7520411716638045, 'weight_increment': 0.001395793645992084, 'min_window': 19, 'max_window': 32, 'use_full_instance': True, 'max_partners': 20, 'homeostasis': 'mean', 'target': 0.69, 'spread': 0.36000000000000004, 'learning_rate': 0.003}",ppo,100,64,0.003,,,,,,
Autoencode,filterbank+proj,1,312,0.0,-0.4515384,0.11456383073954884,-0.4688486252185539,-0.45524687345679016,1194,"{'decomposition': 'legendre', 'n_filters': 12, 'slowest': 0.015468638100899648, 'input_scaling': 0.8216619713233748, 'bias_dist': 'foldnorm', 'bias_scaling': 0.04249382119350724, 'lr': 0.7520411716638045, 'weight_increment': 0.001395793645992084, 'min_window': 19, 'max_window': 32, 'use_full_instance': True, 'max_partners': 20, 'homeostasis': 'mean', 'target': 0.69, 'spread': 0.36000000000000004, 'learning_rate': 0.003}",ppo,100,64,0.003,,,,,,
Autoencode,filterbank+proj,3,312,0.0,-0.46076917999999994,0.0983564417114995,-0.47074341705235,-0.4664846347736626,1187,"{'decomposition': 'legendre', 'n_filters': 12, 'slowest': 0.015468638100899648, 'input_scaling': 0.8216619713233748, 'bias_dist': 'foldnorm', 'bias_scaling': 0.04249382119350724, 'lr': 0.7520411716638045, 'weight_increment': 0.001395793645992084, 'min_window': 19, 'max_window': 32, 'use_full_instance': True, 'max_partners': 20, 'homeostasis': 'mean', 'target': 0.69, 'spread': 0.36000000000000004, 'learning_rate': 0.003}",ppo,100,64,0.003,,,,,,
Autoencode,filterbank+esn,1,312,4.237179487179487,-0.51692314,0.10718571670311489,-0.48931162295587777,-0.4800965318930041,967,"{'decomposition': 'legendre', 'n_filters': 12, 'slowest': 0.006397371281320229, 'input_scaling': 0.550142611755141, 'bias_dist': 'foldnorm', 'bias_scaling': 0.07438842372152364, 'lr': 0.6575600610814601, 'sr': 0.8663422541011234, 'rc_connectivity': 0.013579746643157644, 'learning_rate': 0.0003}",ppo,100,linear,0.0003,,,,,,
Autoencode,filterbank+esn,2,312,4.237179487179487,-0.47538452,0.0712360442644705,-0.4917048335904556,-0.4843304516460906,970,"{'decomposition': 'legendre', 'n_filters': 12, 'slowest': 0.006397371281320229, 'input_scaling': 0.550142611755141, 'bias_dist': 'foldnorm', 'bias_scaling': 0.07438842372152364, 'lr': 0.6575600610814601, 'sr': 0.8663422541011234, 'rc_connectivity': 0.013579746643157644, 'learning_rate': 0.0003}",ppo,100,linear,0.0003,,,,,,
Autoencode,filterbank+proj,4,312,0.0,-0.45999996000000004,0.11012645177230763,-0.47409787874112924,-0.45358496502057616,1188,"{'decomposition': 'legendre', 'n_filters': 12, 'slowest': 0.015468638100899648, 'input_scaling': 0.8216619713233748, 'bias_dist': 'foldnorm', 'bias_scaling': 0.04249382119350724, 'lr': 0.7520411716638045, 'weight_increment': 0.001395793645992084, 'min_window': 19, 'max_window': 32, 'use_full_instance': True, 'max_partners': 20, 'homeostasis': 'mean', 'target': 0.69, 'spread': 0.36000000000000004, 'learning_rate': 0.003}",ppo,100,64,0.003,,,,,,
Autoencode,filterbank+esn,0,312,4.237179487179487,-0.45999998,0.08460149360158838,-0.4929469372621618,-0.4893953775720165,986,"{'decomposition': 'legendre', 'n_filters': 12, 'slowest': 0.006397371281320229, 'input_scaling': 0.550142611755141, 'bias_dist': 'foldnorm', 'bias_scaling': 0.07438842372152364, 'lr': 0.6575600610814601, 'sr': 0.8663422541011234, 'rc_connectivity': 0.013579746643157644, 'learning_rate': 0.0003}",ppo,100,linear,0.0003,,,,,,
Autoencode,filterbank+esn,3,312,4.237179487179487,-0.47076927999999996,0.09469983243280633,-0.48895955569268734,-0.482866396090535,989,"{'decomposition': 'legendre', 'n_filters': 12, 'slowest': 0.006397371281320229, 'input_scaling': 0.550142611755141, 'bias_dist': 'foldnorm', 'bias_scaling': 0.07438842372152364, 'lr': 0.6575600610814601, 'sr': 0.8663422541011234, 'rc_connectivity': 0.013579746643157644, 'learning_rate': 0.0003}",ppo,100,linear,0.0003,,,,,,
Autoencode,filterbank+proj,5,312,0.0,-0.44461532,0.11745842297058819,-0.4673177592306901,-0.44895534259259257,1202,"{'decomposition': 'legendre', 'n_filters': 12, 'slowest': 0.015468638100899648, 'input_scaling': 0.8216619713233748, 'bias_dist': 'foldnorm', 'bias_scaling': 0.04249382119350724, 'lr': 0.7520411716638045, 'weight_increment': 0.001395793645992084, 'min_window': 19, 'max_window': 32, 'use_full_instance': True, 'max_partners': 20, 'homeostasis': 'mean', 'target': 0.69, 'spread': 0.36000000000000004, 'learning_rate': 0.003}",ppo,100,64,0.003,,,,,,
Autoencode,filterbank+esn,4,312,4.237179487179487,-0.48153841999999997,0.061653933049267834,-0.49185119459014703,-0.48373691563786014,985,"{'decomposition': 'legendre', 'n_filters': 12, 'slowest': 0.006397371281320229, 'input_scaling': 0.550142611755141, 'bias_dist': 'foldnorm', 'bias_scaling': 0.07438842372152364, 'lr': 0.6575600610814601, 'sr': 0.8663422541011234, 'rc_connectivity': 0.013579746643157644, 'learning_rate': 0.0003}",ppo,100,linear,0.0003,,,,,,
Autoencode,filterbank+esn,7,312,4.237179487179487,-0.48384622,0.11069715179466723,-0.4860441816311838,-0.4672760082304527,961,"{'decomposition': 'legendre', 'n_filters': 12, 'slowest': 0.006397371281320229, 'input_scaling': 0.550142611755141, 'bias_dist': 'foldnorm', 'bias_scaling': 0.07438842372152364, 'lr': 0.6575600610814601, 'sr': 0.8663422541011234, 'rc_connectivity': 0.013579746643157644, 'learning_rate': 0.0003}",ppo,100,linear,0.0003,,,,,,
Autoencode,filterbank+esn,5,312,4.237179487179487,-0.5053846200000001,0.09730405866188521,-0.4858068371901676,-0.4757438765432099,988,"{'decomposition': 'legendre', 'n_filters': 12, 'slowest': 0.006397371281320229, 'input_scaling': 0.550142611755141, 'bias_dist': 'foldnorm', 'bias_scaling': 0.07438842372152364, 'lr': 0.6575600610814601, 'sr': 0.8663422541011234, 'rc_connectivity': 0.013579746643157644, 'learning_rate': 0.0003}",ppo,100,linear,0.0003,,,,,,
Autoencode,filterbank+esn,6,312,4.237179487179487,-0.45230761999999997,0.09532267140064633,-0.48851255877815486,-0.48338080041152265,985,"{'decomposition': 'legendre', 'n_filters': 12, 'slowest': 0.006397371281320229, 'input_scaling': 0.550142611755141, 'bias_dist': 'foldnorm', 'bias_scaling': 0.07438842372152364, 'lr': 0.6575600610814601, 'sr': 0.8663422541011234, 'rc_connectivity': 0.013579746643157644, 'learning_rate': 0.0003}",ppo,100,linear,0.0003,,,,,,
Autoencode,filterbank+esn,8,312,4.237179487179487,-0.4861538,0.05426224422192654,-0.4936154465699887,-0.4847657366255144,980,"{'decomposition': 'legendre', 'n_filters': 12, 'slowest': 0.006397371281320229, 'input_scaling': 0.550142611755141, 'bias_dist': 'foldnorm', 'bias_scaling': 0.07438842372152364, 'lr': 0.6575600610814601, 'sr': 0.8663422541011234, 'rc_connectivity': 0.013579746643157644, 'learning_rate': 0.0003}",ppo,100,linear,0.0003,,,,,,
Autoencode,filterbank+esn,9,312,4.237179487179487,-0.44692304000000005,0.10487807848563206,-0.48202119777846336,-0.46834438168724285,993,"{'decomposition': 'legendre', 'n_filters': 12, 'slowest': 0.006397371281320229, 'input_scaling': 0.550142611755141, 'bias_dist': 'foldnorm', 'bias_scaling': 0.07438842372152364, 'lr': 0.6575600610814601, 'sr': 0.8663422541011234, 'rc_connectivity': 0.013579746643157644, 'learning_rate': 0.0003}",ppo,100,linear,0.0003,,,,,,
Autoencode,filterbank+esn,0,312,4.237179487179487,-0.48923078,0.11767981631074888,-0.4791256135966265,-0.46517881995884774,987,"{'decomposition': 'legendre', 'n_filters': 12, 'slowest': 0.006397371281320229, 'input_scaling': 0.550142611755141, 'bias_dist': 'foldnorm', 'bias_scaling': 0.07438842372152364, 'lr': 0.6575600610814601, 'sr': 0.8663422541011234, 'rc_connectivity': 0.013579746643157644, 'learning_rate': 0.001}",ppo,100,linear,0.001,,,,,,
Autoencode,filterbank+proj,6,312,0.0,-0.48000002,0.11873101854435343,-0.4717402620590353,-0.4541389290123457,1195,"{'decomposition': 'legendre', 'n_filters': 12, 'slowest': 0.015468638100899648, 'input_scaling': 0.8216619713233748, 'bias_dist': 'foldnorm', 'bias_scaling': 0.04249382119350724, 'lr': 0.7520411716638045, 'weight_increment': 0.001395793645992084, 'min_window': 19, 'max_window': 32, 'use_full_instance': True, 'max_partners': 20, 'homeostasis': 'mean', 'target': 0.69, 'spread': 0.36000000000000004, 'learning_rate': 0.003}",ppo,100,64,0.003,,,,,,
Autoencode,filterbank+esn,1,312,4.237179487179487,-0.49076921999999995,0.08823057764092672,-0.48479021978813125,-0.4747546553497943,990,"{'decomposition': 'legendre', 'n_filters': 12, 'slowest': 0.006397371281320229, 'input_scaling': 0.550142611755141, 'bias_dist': 'foldnorm', 'bias_scaling': 0.07438842372152364, 'lr': 0.6575600610814601, 'sr': 0.8663422541011234, 'rc_connectivity': 0.013579746643157644, 'learning_rate': 0.001}",ppo,100,linear,0.001,,,,,,
Autoencode,filterbank+proj,7,312,0.0,-0.44769222,0.09722796032999766,-0.47530437910110046,-0.4655745329218107,1194,"{'decomposition': 'legendre', 'n_filters': 12, 'slowest': 0.015468638100899648, 'input_scaling': 0.8216619713233748, 'bias_dist': 'foldnorm', 'bias_scaling': 0.04249382119350724, 'lr': 0.7520411716638045, 'weight_increment': 0.001395793645992084, 'min_window': 19, 'max_window': 32, 'use_full_instance': True, 'max_partners': 20, 'homeostasis': 'mean', 'target': 0.69, 'spread': 0.36000000000000004, 'learning_rate': 0.003}",ppo,100,64,0.003,,,,,,
Autoencode,filterbank+esn,3,312,4.237179487179487,-0.4761537800000001,0.10766213826899222,-0.4775630929754191,-0.46185497942386833,977,"{'decomposition': 'legendre', 'n_filters': 12, 'slowest': 0.006397371281320229, 'input_scaling': 0.550142611755141, 'bias_dist': 'foldnorm', 'bias_scaling': 0.07438842372152364, 'lr': 0.6575600610814601, 'sr': 0.8663422541011234, 'rc_connectivity': 0.013579746643157644, 'learning_rate': 0.001}",ppo,100,linear,0.001,,,,,,
Autoencode,filterbank+esn,2,312,4.237179487179487,-0.46076914,0.0786310761254124,-0.46990479687339304,-0.4462645905349794,999,"{'decomposition': 'legendre', 'n_filters': 12, 'slowest': 0.006397371281320229, 'input_scaling': 0.550142611755141, 'bias_dist': 'foldnorm', 'bias_scaling': 0.07438842372152364, 'lr': 0.6575600610814601, 'sr': 0.8663422541011234, 'rc_connectivity': 0.013579746643157644, 'learning_rate': 0.001}",ppo,100,linear,0.001,,,,,,
Autoencode,filterbank+proj,9,312,0.0,-0.47307694000000006,0.12241419779819822,-0.47292698601254757,-0.4629629290123457,1166,"{'decomposition': 'legendre', 'n_filters': 12, 'slowest': 0.015468638100899648, 'input_scaling': 0.8216619713233748, 'bias_dist': 'foldnorm', 'bias_scaling': 0.04249382119350724, 'lr': 0.7520411716638045, 'weight_increment': 0.001395793645992084, 'min_window': 19, 'max_window': 32, 'use_full_instance': True, 'max_partners': 20, 'homeostasis': 'mean', 'target': 0.69, 'spread': 0.36000000000000004, 'learning_rate': 0.003}",ppo,100,64,0.003,,,,,,
Autoencode,filterbank+esn,4,312,4.237179487179487,-0.47307688,0.09397542383041217,-0.4917285613493777,-0.48710034053497947,967,"{'decomposition': 'legendre', 'n_filters': 12, 'slowest': 0.006397371281320229, 'input_scaling': 0.550142611755141, 'bias_dist': 'foldnorm', 'bias_scaling': 0.07438842372152364, 'lr': 0.6575600610814601, 'sr': 0.8663422541011234, 'rc_connectivity': 0.013579746643157644, 'learning_rate': 0.001}",ppo,100,linear,0.001,,,,,,
Autoencode,filterbank+proj,8,312,0.0,-0.46538458,0.10298803015478837,-0.47489693931914023,-0.46316078497942387,1192,"{'decomposition': 'legendre', 'n_filters': 12, 'slowest': 0.015468638100899648, 'input_scaling': 0.8216619713233748, 'bias_dist': 'foldnorm', 'bias_scaling': 0.04249382119350724, 'lr': 0.7520411716638045, 'weight_increment': 0.001395793645992084, 'min_window': 19, 'max_window': 32, 'use_full_instance': True, 'max_partners': 20, 'homeostasis': 'mean', 'target': 0.69, 'spread': 0.36000000000000004, 'learning_rate': 0.003}",ppo,100,64,0.003,,,,,,
Autoencode,filterbank+proj,0,312,0.0,-0.5,0.0,-0.5001542729610203,-0.5,1185,"{'decomposition': 'legendre', 'n_filters': 12, 'slowest': 0.015468638100899648, 'input_scaling': 0.8216619713233748, 'bias_dist': 'foldnorm', 'bias_scaling': 0.04249382119350724, 'lr': 0.7520411716638045, 'weight_increment': 0.001395793645992084, 'min_window': 19, 'max_window': 32, 'use_full_instance': True, 'max_partners': 20, 'homeostasis': 'mean', 'target': 0.69, 'spread': 0.36000000000000004, 'learning_rate': 0.01}",ppo,100,64,0.01,,,,,,
Autoencode,filterbank+proj,2,312,0.0,-0.5,0.0,-0.4998734168466523,-0.5,1192,"{'decomposition': 'legendre', 'n_filters': 12, 'slowest': 0.015468638100899648, 'input_scaling': 0.8216619713233748, 'bias_dist': 'foldnorm', 'bias_scaling': 0.04249382119350724, 'lr': 0.7520411716638045, 'weight_increment': 0.001395793645992084, 'min_window': 19, 'max_window': 32, 'use_full_instance': True, 'max_partners': 20, 'homeostasis': 'mean', 'target': 0.69, 'spread': 0.36000000000000004, 'learning_rate': 0.01}",ppo,100,64,0.01,,,,,,
Autoencode,filterbank+proj,3,312,0.0,-0.5,0.0,-0.49956486825054,-0.5,1195,"{'decomposition': 'legendre', 'n_filters': 12, 'slowest': 0.015468638100899648, 'input_scaling': 0.8216619713233748, 'bias_dist': 'foldnorm', 'bias_scaling': 0.04249382119350724, 'lr': 0.7520411716638045, 'weight_increment': 0.001395793645992084, 'min_window': 19, 'max_window': 32, 'use_full_instance': True, 'max_partners': 20, 'homeostasis': 'mean', 'target': 0.69, 'spread': 0.36000000000000004, 'learning_rate': 0.01}",ppo,100,64,0.01,,,,,,
Autoencode,filterbank+esn,5,312,4.237179487179487,-0.45153846000000003,0.08419838347598128,-0.47533206818883067,-0.45413893724279836,987,"{'decomposition': 'legendre', 'n_filters': 12, 'slowest': 0.006397371281320229, 'input_scaling': 0.550142611755141, 'bias_dist': 'foldnorm', 'bias_scaling': 0.07438842372152364, 'lr': 0.6575600610814601, 'sr': 0.8663422541011234, 'rc_connectivity': 0.013579746643157644, 'learning_rate': 0.001}",ppo,100,linear,0.001,,,,,,
Autoencode,filterbank+proj,4,312,0.0,-0.5,0.0,-0.5002373440296205,-0.5,1212,"{'decomposition': 'legendre', 'n_filters': 12, 'slowest': 0.015468638100899648, 'input_scaling': 0.8216619713233748, 'bias_dist': 'foldnorm', 'bias_scaling': 0.04249382119350724, 'lr': 0.7520411716638045, 'weight_increment': 0.001395793645992084, 'min_window': 19, 'max_window': 32, 'use_full_instance': True, 'max_partners': 20, 'homeostasis': 'mean', 'target': 0.69, 'spread': 0.36000000000000004, 'learning_rate': 0.01}",ppo,100,64,0.01,,,,,,
Autoencode,filterbank+proj,1,312,0.0,-0.5,0.0,-0.4997349656484624,-0.5,1234,"{'decomposition': 'legendre', 'n_filters': 12, 'slowest': 0.015468638100899648, 'input_scaling': 0.8216619713233748, 'bias_dist': 'foldnorm', 'bias_scaling': 0.04249382119350724, 'lr': 0.7520411716638045, 'weight_increment': 0.001395793645992084, 'min_window': 19, 'max_window': 32, 'use_full_instance': True, 'max_partners': 20, 'homeostasis': 'mean', 'target': 0.69, 'spread': 0.36000000000000004, 'learning_rate': 0.01}",ppo,100,64,0.01,,,,,,
Autoencode,filterbank+proj,8,312,0.0,-0.5,0.0,-0.5001186722205081,-0.5,1201,"{'decomposition': 'legendre', 'n_filters': 12, 'slowest': 0.015468638100899648, 'input_scaling': 0.8216619713233748, 'bias_dist': 'foldnorm', 'bias_scaling': 0.04249382119350724, 'lr': 0.7520411716638045, 'weight_increment': 0.001395793645992084, 'min_window': 19, 'max_window': 32, 'use_full_instance': True, 'max_partners': 20, 'homeostasis': 'mean', 'target': 0.69, 'spread': 0.36000000000000004, 'learning_rate': 0.01}",ppo,100,64,0.01,,,,,,
Autoencode,filterbank+proj,9,312,0.0,-0.5,0.0,-0.4996518932428263,-0.5,1206,"{'decomposition': 'legendre', 'n_filters': 12, 'slowest': 0.015468638100899648, 'input_scaling': 0.8216619713233748, 'bias_dist': 'foldnorm', 'bias_scaling': 0.04249382119350724, 'lr': 0.7520411716638045, 'weight_increment': 0.001395793645992084, 'min_window': 19, 'max_window': 32, 'use_full_instance': True, 'max_partners': 20, 'homeostasis': 'mean', 'target': 0.69, 'spread': 0.36000000000000004, 'learning_rate': 0.01}",ppo,100,64,0.01,,,,,,
Autoencode,filterbank+proj,7,312,0.0,-0.5,0.0,-0.5014636230587267,-0.5,1230,"{'decomposition': 'legendre', 'n_filters': 12, 'slowest': 0.015468638100899648, 'input_scaling': 0.8216619713233748, 'bias_dist': 'foldnorm', 'bias_scaling': 0.04249382119350724, 'lr': 0.7520411716638045, 'weight_increment': 0.001395793645992084, 'min_window': 19, 'max_window': 32, 'use_full_instance': True, 'max_partners': 20, 'homeostasis': 'mean', 'target': 0.69, 'spread': 0.36000000000000004, 'learning_rate': 0.01}",ppo,100,64,0.01,,,,,,
Autoencode,filterbank+proj,6,312,0.0,-0.5,0.0,-0.5001661409030135,-0.5,1235,"{'decomposition': 'legendre', 'n_filters': 12, 'slowest': 0.015468638100899648, 'input_scaling': 0.8216619713233748, 'bias_dist': 'foldnorm', 'bias_scaling': 0.04249382119350724, 'lr': 0.7520411716638045, 'weight_increment': 0.001395793645992084, 'min_window': 19, 'max_window': 32, 'use_full_instance': True, 'max_partners': 20, 'homeostasis': 'mean', 'target': 0.69, 'spread': 0.36000000000000004, 'learning_rate': 0.01}",ppo,100,64,0.01,,,,,,
Autoencode,filterbank+proj,5,312,0.0,-0.5,0.0,-0.49979034660084337,-0.5,1249,"{'decomposition': 'legendre', 'n_filters': 12, 'slowest': 0.015468638100899648, 'input_scaling': 0.8216619713233748, 'bias_dist': 'foldnorm', 'bias_scaling': 0.04249382119350724, 'lr': 0.7520411716638045, 'weight_increment': 0.001395793645992084, 'min_window': 19, 'max_window': 32, 'use_full_instance': True, 'max_partners': 20, 'homeostasis': 'mean', 'target': 0.69, 'spread': 0.36000000000000004, 'learning_rate': 0.01}",ppo,100,64,0.01,,,,,,
Autoencode,filterbank+esn,6,312,4.237179487179487,-0.46076915999999996,0.10504729229739526,-0.4750353895916899,-0.46383346707818934,972,"{'decomposition': 'legendre', 'n_filters': 12, 'slowest': 0.006397371281320229, 'input_scaling': 0.550142611755141, 'bias_dist': 'foldnorm', 'bias_scaling': 0.07438842372152364, 'lr': 0.6575600610814601, 'sr': 0.8663422541011234, 'rc_connectivity': 0.013579746643157644, 'learning_rate': 0.001}",ppo,100,linear,0.001,,,,,,
Autoencode,filterbank+esn,7,312,4.237179487179487,-0.45230772,0.1110893277329627,-0.4690028964311427,-0.4520021759259259,974,"{'decomposition': 'legendre', 'n_filters': 12, 'slowest': 0.006397371281320229, 'input_scaling': 0.550142611755141, 'bias_dist': 'foldnorm', 'bias_scaling': 0.07438842372152364, 'lr': 0.6575600610814601, 'sr': 0.8663422541011234, 'rc_connectivity': 0.013579746643157644, 'learning_rate': 0.001}",ppo,100,linear,0.001,,,,,,
Autoencode,filterbank+esn,8,312,4.237179487179487,-0.46538458,0.09948099000755671,-0.47804965473619254,-0.46533711008230455,973,"{'decomposition': 'legendre', 'n_filters': 12, 'slowest': 0.006397371281320229, 'input_scaling': 0.550142611755141, 'bias_dist': 'foldnorm', 'bias_scaling': 0.07438842372152364, 'lr': 0.6575600610814601, 'sr': 0.8663422541011234, 'rc_connectivity': 0.013579746643157644, 'learning_rate': 0.001}",ppo,100,linear,0.001,,,,,,
Autoencode,filterbank+esn,9,312,4.237179487179487,-0.4592307400000001,0.09371053053863476,-0.4807237187082176,-0.4685026491769547,977,"{'decomposition': 'legendre', 'n_filters': 12, 'slowest': 0.006397371281320229, 'input_scaling': 0.550142611755141, 'bias_dist': 'foldnorm', 'bias_scaling': 0.07438842372152364, 'lr': 0.6575600610814601, 'sr': 0.8663422541011234, 'rc_connectivity': 0.013579746643157644, 'learning_rate': 0.001}",ppo,100,linear,0.001,,,,,,
Autoencode,filterbank+esn,2,312,4.237179487179487,-0.43230767999999997,0.08789460803039967,-0.4540700173814667,-0.4423867808641975,979,"{'decomposition': 'legendre', 'n_filters': 12, 'slowest': 0.006397371281320229, 'input_scaling': 0.550142611755141, 'bias_dist': 'foldnorm', 'bias_scaling': 0.07438842372152364, 'lr': 0.6575600610814601, 'sr': 0.8663422541011234, 'rc_connectivity': 0.013579746643157644, 'learning_rate': 0.003}",ppo,100,linear,0.003,,,,,,
Autoencode,filterbank+esn,1,312,4.237179487179487,-0.43384608,0.09516107829041029,-0.47042695361513936,-0.4624089681069959,982,"{'decomposition': 'legendre', 'n_filters': 12, 'slowest': 0.006397371281320229, 'input_scaling': 0.550142611755141, 'bias_dist': 'foldnorm', 'bias_scaling': 0.07438842372152364, 'lr': 0.6575600610814601, 'sr': 0.8663422541011234, 'rc_connectivity': 0.013579746643157644, 'learning_rate': 0.003}",ppo,100,linear,0.003,,,,,,
Autoencode,filterbank+esn,3,312,4.237179487179487,-0.4530768799999999,0.0881399524832275,-0.4686508309163838,-0.4476890977366256,979,"{'decomposition': 'legendre', 'n_filters': 12, 'slowest': 0.006397371281320229, 'input_scaling': 0.550142611755141, 'bias_dist': 'foldnorm', 'bias_scaling': 0.07438842372152364, 'lr': 0.6575600610814601, 'sr': 0.8663422541011234, 'rc_connectivity': 0.013579746643157644, 'learning_rate': 0.003}",ppo,100,linear,0.003,,,,,,
Autoencode,filterbank+esn,0,312,4.237179487179487,-0.46384609999999993,0.09339435261668662,-0.47037948997223084,-0.4554051532921811,999,"{'decomposition': 'legendre', 'n_filters': 12, 'slowest': 0.006397371281320229, 'input_scaling': 0.550142611755141, 'bias_dist': 'foldnorm', 'bias_scaling': 0.07438842372152364, 'lr': 0.6575600610814601, 'sr': 0.8663422541011234, 'rc_connectivity': 0.013579746643157644, 'learning_rate': 0.003}",ppo,100,linear,0.003,,,,,,
Autoencode,filterbank+esn,7,312,4.237179487179487,-0.4523076,0.11980269953819905,-0.46661759683225346,-0.4497862839506173,976,"{'decomposition': 'legendre', 'n_filters': 12, 'slowest': 0.006397371281320229, 'input_scaling': 0.550142611755141, 'bias_dist': 'foldnorm', 'bias_scaling': 0.07438842372152364, 'lr': 0.6575600610814601, 'sr': 0.8663422541011234, 'rc_connectivity': 0.013579746643157644, 'learning_rate': 0.003}",ppo,100,linear,0.003,,,,,,
Autoencode,filterbank+esn,9,312,4.237179487179487,-0.43307696,0.12206564135774817,-0.46702898344132476,-0.44966757304526755,977,"{'decomposition': 'legendre', 'n_filters': 12, 'slowest': 0.006397371281320229, 'input_scaling': 0.550142611755141, 'bias_dist': 'foldnorm', 'bias_scaling': 0.07438842372152364, 'lr': 0.6575600610814601, 'sr': 0.8663422541011234, 'rc_connectivity': 0.013579746643157644, 'learning_rate': 0.003}",ppo,100,linear,0.003,,,,,,
Autoencode,filterbank+esn,4,312,4.237179487179487,-0.44230769999999997,0.11020427697149508,-0.4618272046693408,-0.4487574845679012,993,"{'decomposition': 'legendre', 'n_filters': 12, 'slowest': 0.006397371281320229, 'input_scaling': 0.550142611755141, 'bias_dist': 'foldnorm', 'bias_scaling': 0.07438842372152364, 'lr': 0.6575600610814601, 'sr': 0.8663422541011234, 'rc_connectivity': 0.013579746643157644, 'learning_rate': 0.003}",ppo,100,linear,0.003,,,,,,
Autoencode,filterbank+esn,5,312,4.237179487179487,-0.48615381999999996,0.12421596571998143,-0.4684411844081045,-0.46149888168724285,991,"{'decomposition': 'legendre', 'n_filters': 12, 'slowest': 0.006397371281320229, 'input_scaling': 0.550142611755141, 'bias_dist': 'foldnorm', 'bias_scaling': 0.07438842372152364, 'lr': 0.6575600610814601, 'sr': 0.8663422541011234, 'rc_connectivity': 0.013579746643157644, 'learning_rate': 0.003}",ppo,100,linear,0.003,,,,,,
Autoencode,filterbank+esn,6,312,4.237179487179487,-0.44769225999999995,0.10980353506382387,-0.4689870771366862,-0.4589268487654321,988,"{'decomposition': 'legendre', 'n_filters': 12, 'slowest': 0.006397371281320229, 'input_scaling': 0.550142611755141, 'bias_dist': 'foldnorm', 'bias_scaling': 0.07438842372152364, 'lr': 0.6575600610814601, 'sr': 0.8663422541011234, 'rc_connectivity': 0.013579746643157644, 'learning_rate': 0.003}",ppo,100,linear,0.003,,,,,,
Autoencode,filterbank+esn,8,312,4.237179487179487,-0.4776923,0.11228938212213119,-0.4722307807261133,-0.47048115432098764,992,"{'decomposition': 'legendre', 'n_filters': 12, 'slowest': 0.006397371281320229, 'input_scaling': 0.550142611755141, 'bias_dist': 'foldnorm', 'bias_scaling': 0.07438842372152364, 'lr': 0.6575600610814601, 'sr': 0.8663422541011234, 'rc_connectivity': 0.013579746643157644, 'learning_rate': 0.003}",ppo,100,linear,0.003,,,,,,
Autoencode,filterbank+esn,2,312,4.237179487179487,-0.42999994,0.09690171866059136,-0.4636943050498817,-0.4677112664609054,986,"{'decomposition': 'legendre', 'n_filters': 12, 'slowest': 0.006397371281320229, 'input_scaling': 0.550142611755141, 'bias_dist': 'foldnorm', 'bias_scaling': 0.07438842372152364, 'lr': 0.6575600610814601, 'sr': 0.8663422541011234, 'rc_connectivity': 0.013579746643157644, 'learning_rate': 0.01}",ppo,100,linear,0.01,,,,,,
Autoencode,filterbank+esn,0,312,4.237179487179487,-0.4746153199999999,0.08126602329447159,-0.48040330710685997,-0.47886988477366255,992,"{'decomposition': 'legendre', 'n_filters': 12, 'slowest': 0.006397371281320229, 'input_scaling': 0.550142611755141, 'bias_dist': 'foldnorm', 'bias_scaling': 0.07438842372152364, 'lr': 0.6575600610814601, 'sr': 0.8663422541011234, 'rc_connectivity': 0.013579746643157644, 'learning_rate': 0.01}",ppo,100,linear,0.01,,,,,,
Autoencode,filterbank+esn,1,312,4.237179487179487,-0.50230776,0.11237366100498106,-0.48943028910829983,-0.4885248209876544,994,"{'decomposition': 'legendre', 'n_filters': 12, 'slowest': 0.006397371281320229, 'input_scaling': 0.550142611755141, 'bias_dist': 'foldnorm', 'bias_scaling': 0.07438842372152364, 'lr': 0.6575600610814601, 'sr': 0.8663422541011234, 'rc_connectivity': 0.013579746643157644, 'learning_rate': 0.01}",ppo,100,linear,0.01,,,,,,
Autoencode,filterbank+esn,4,312,4.237179487179487,-0.50307696,0.10514576924726168,-0.490779195824334,-0.4914529794238683,987,"{'decomposition': 'legendre', 'n_filters': 12, 'slowest': 0.006397371281320229, 'input_scaling': 0.550142611755141, 'bias_dist': 'foldnorm', 'bias_scaling': 0.07438842372152364, 'lr': 0.6575600610814601, 'sr': 0.8663422541011234, 'rc_connectivity': 0.013579746643157644, 'learning_rate': 0.01}",ppo,100,linear,0.01,,,,,,
Autoencode,filterbank+esn,3,312,4.237179487179487,-0.47615386,0.12846159077872418,-0.4838804039905379,-0.4872586203703704,998,"{'decomposition': 'legendre', 'n_filters': 12, 'slowest': 0.006397371281320229, 'input_scaling': 0.550142611755141, 'bias_dist': 'foldnorm', 'bias_scaling': 0.07438842372152364, 'lr': 0.6575600610814601, 'sr': 0.8663422541011234, 'rc_connectivity': 0.013579746643157644, 'learning_rate': 0.01}",ppo,100,linear,0.01,,,,,,
Autoencode,filterbank+esn,5,312,4.237179487179487,-0.46615384,0.08483893719262636,-0.48700542332613395,-0.48808957510288065,995,"{'decomposition': 'legendre', 'n_filters': 12, 'slowest': 0.006397371281320229, 'input_scaling': 0.550142611755141, 'bias_dist': 'foldnorm', 'bias_scaling': 0.07438842372152364, 'lr': 0.6575600610814601, 'sr': 0.8663422541011234, 'rc_connectivity': 0.013579746643157644, 'learning_rate': 0.01}",ppo,100,linear,0.01,,,,,,
Autoencode,filterbank+esn,7,312,4.237179487179487,-0.4523076200000001,0.07073583302284352,-0.4735796741746374,-0.4664450493827161,989,"{'decomposition': 'legendre', 'n_filters': 12, 'slowest': 0.006397371281320229, 'input_scaling': 0.550142611755141, 'bias_dist': 'foldnorm', 'bias_scaling': 0.07438842372152364, 'lr': 0.6575600610814601, 'sr': 0.8663422541011234, 'rc_connectivity': 0.013579746643157644, 'learning_rate': 0.01}",ppo,100,linear,0.01,,,,,,
Autoencode,filterbank+esn,6,312,4.237179487179487,-0.48846148000000006,0.0991831207013048,-0.4825591843052556,-0.47744538271604936,995,"{'decomposition': 'legendre', 'n_filters': 12, 'slowest': 0.006397371281320229, 'input_scaling': 0.550142611755141, 'bias_dist': 'foldnorm', 'bias_scaling': 0.07438842372152364, 'lr': 0.6575600610814601, 'sr': 0.8663422541011234, 'rc_connectivity': 0.013579746643157644, 'learning_rate': 0.01}",ppo,100,linear,0.01,,,,,,
Autoencode,filterbank+esn,8,312,4.237179487179487,-0.5000001,0.11226558009225267,-0.4826501648668107,-0.4759813034979424,993,"{'decomposition': 'legendre', 'n_filters': 12, 'slowest': 0.006397371281320229, 'input_scaling': 0.550142611755141, 'bias_dist': 'foldnorm', 'bias_scaling': 0.07438842372152364, 'lr': 0.6575600610814601, 'sr': 0.8663422541011234, 'rc_connectivity': 0.013579746643157644, 'learning_rate': 0.01}",ppo,100,linear,0.01,,,,,,
Autoencode,filterbank+hag,5,312,3.269230769230769,-0.47846144,0.03934385835942378,-0.4895964149953718,-0.4826289660493827,971,"{'decomposition': 'legendre', 'n_filters': 12, 'slowest': 0.015468638100899648, 'input_scaling': 0.8216619713233748, 'bias_dist': 'foldnorm', 'bias_scaling': 0.04249382119350724, 'lr': 0.7520411716638045, 'weight_increment': 0.001395793645992084, 'min_window': 19, 'max_window': 32, 'use_full_instance': True, 'max_partners': 20, 'homeostasis': 'mean', 'target': 0.69, 'spread': 0.36000000000000004, 'learning_rate': 0.0003}",ppo,100,linear,0.0003,,,,,,
Autoencode,filterbank+esn,9,312,4.237179487179487,-0.48692306,0.07754002536636417,-0.4817759462100175,-0.4817188693415638,994,"{'decomposition': 'legendre', 'n_filters': 12, 'slowest': 0.006397371281320229, 'input_scaling': 0.550142611755141, 'bias_dist': 'foldnorm', 'bias_scaling': 0.07438842372152364, 'lr': 0.6575600610814601, 'sr': 0.8663422541011234, 'rc_connectivity': 0.013579746643157644, 'learning_rate': 0.01}",ppo,100,linear,0.01,,,,,,
Autoencode,filterbank+hag,0,312,3.0224358974358974,-0.48692314000000003,0.0583857615584519,-0.493231732798519,-0.48686290226337453,1001,"{'decomposition': 'legendre', 'n_filters': 12, 'slowest': 0.015468638100899648, 'input_scaling': 0.8216619713233748, 'bias_dist': 'foldnorm', 'bias_scaling': 0.04249382119350724, 'lr': 0.7520411716638045, 'weight_increment': 0.001395793645992084, 'min_window': 19, 'max_window': 32, 'use_full_instance': True, 'max_partners': 20, 'homeostasis': 'mean', 'target': 0.69, 'spread': 0.36000000000000004, 'learning_rate': 0.0003}",ppo,100,linear,0.0003,,,,,,
Autoencode,filterbank+hag,2,312,3.1378205128205128,-0.48538456,0.02866876807200477,-0.49315656392060064,-0.48808953497942387,998,"{'decomposition': 'legendre', 'n_filters': 12, 'slowest': 0.015468638100899648, 'input_scaling': 0.8216619713233748, 'bias_dist': 'foldnorm', 'bias_scaling': 0.04249382119350724, 'lr': 0.7520411716638045, 'weight_increment': 0.001395793645992084, 'min_window': 19, 'max_window': 32, 'use_full_instance': True, 'max_partners': 20, 'homeostasis': 'mean', 'target': 0.69, 'spread': 0.36000000000000004, 'learning_rate': 0.0003}",ppo,100,linear,0.0003,,,,,,
Autoencode,filterbank+hag,3,312,3.1121794871794872,-0.4753846399999999,0.09631075274127182,-0.49650313504062527,-0.4884061275720165,995,"{'decomposition': 'legendre', 'n_filters': 12, 'slowest': 0.015468638100899648, 'input_scaling': 0.8216619713233748, 'bias_dist': 'foldnorm', 'bias_scaling': 0.04249382119350724, 'lr': 0.7520411716638045, 'weight_increment': 0.001395793645992084, 'min_window': 19, 'max_window': 32, 'use_full_instance': True, 'max_partners': 20, 'homeostasis': 'mean', 'target': 0.69, 'spread': 0.36000000000000004, 'learning_rate': 0.0003}",ppo,100,linear,0.0003,,,,,,
Autoencode,filterbank+hag,1,312,3.3108974358974357,-0.50307694,0.10982508638783944,-0.49443428314306287,-0.49030546296296296,1006,"{'decomposition': 'legendre', 'n_filters': 12, 'slowest': 0.015468638100899648, 'input_scaling': 0.8216619713233748, 'bias_dist': 'foldnorm', 'bias_scaling': 0.04249382119350724, 'lr': 0.7520411716638045, 'weight_increment': 0.001395793645992084, 'min_window': 19, 'max_window': 32, 'use_full_instance': True, 'max_partners': 20, 'homeostasis': 'mean', 'target': 0.69, 'spread': 0.36000000000000004, 'learning_rate': 0.0003}",ppo,100,linear,0.0003,,,,,,
Autoencode,filterbank+hag,4,312,2.8653846153846154,-0.47384605999999996,0.04381255057921646,-0.49628556165792453,-0.4892766512345679,1005,"{'decomposition': 'legendre', 'n_filters': 12, 'slowest': 0.015468638100899648, 'input_scaling': 0.8216619713233748, 'bias_dist': 'foldnorm', 'bias_scaling': 0.04249382119350724, 'lr': 0.7520411716638045, 'weight_increment': 0.001395793645992084, 'min_window': 19, 'max_window': 32, 'use_full_instance': True, 'max_partners': 20, 'homeostasis': 'mean', 'target': 0.69, 'spread': 0.36000000000000004, 'learning_rate': 0.0003}",ppo,100,linear,0.0003,,,,,,
Autoencode,filterbank+hag,9,312,3.1153846153846154,-0.49384614,0.04096482335761256,-0.49129342620590355,-0.4884061244855968,972,"{'decomposition': 'legendre', 'n_filters': 12, 'slowest': 0.015468638100899648, 'input_scaling': 0.8216619713233748, 'bias_dist': 'foldnorm', 'bias_scaling': 0.04249382119350724, 'lr': 0.7520411716638045, 'weight_increment': 0.001395793645992084, 'min_window': 19, 'max_window': 32, 'use_full_instance': True, 'max_partners': 20, 'homeostasis': 'mean', 'target': 0.69, 'spread': 0.36000000000000004, 'learning_rate': 0.0003}",ppo,100,linear,0.0003,,,,,,
Autoencode,filterbank+hag,6,312,3.6794871794871793,-0.48153840000000003,0.08434933965764047,-0.49034010007199424,-0.4863089403292181,992,"{'decomposition': 'legendre', 'n_filters': 12, 'slowest': 0.015468638100899648, 'input_scaling': 0.8216619713233748, 'bias_dist': 'foldnorm', 'bias_scaling': 0.04249382119350724, 'lr': 0.7520411716638045, 'weight_increment': 0.001395793645992084, 'min_window': 19, 'max_window': 32, 'use_full_instance': True, 'max_partners': 20, 'homeostasis': 'mean', 'target': 0.69, 'spread': 0.36000000000000004, 'learning_rate': 0.0003}",ppo,100,linear,0.0003,,,,,,
Autoencode,filterbank+hag,8,312,2.9743589743589745,-0.49307683999999996,0.018349236252618254,-0.4930299760362028,-0.4890787623456791,989,"{'decomposition': 'legendre', 'n_filters': 12, 'slowest': 0.015468638100899648, 'input_scaling': 0.8216619713233748, 'bias_dist': 'foldnorm', 'bias_scaling': 0.04249382119350724, 'lr': 0.7520411716638045, 'weight_increment': 0.001395793645992084, 'min_window': 19, 'max_window': 32, 'use_full_instance': True, 'max_partners': 20, 'homeostasis': 'mean', 'target': 0.69, 'spread': 0.36000000000000004, 'learning_rate': 0.0003}",ppo,100,linear,0.0003,,,,,,
Autoencode,filterbank+hag,7,312,3.1121794871794872,-0.48230762,0.033714892992794745,-0.4897230024683739,-0.48215413888888886,998,"{'decomposition': 'legendre', 'n_filters': 12, 'slowest': 0.015468638100899648, 'input_scaling': 0.8216619713233748, 'bias_dist': 'foldnorm', 'bias_scaling': 0.04249382119350724, 'lr': 0.7520411716638045, 'weight_increment': 0.001395793645992084, 'min_window': 19, 'max_window': 32, 'use_full_instance': True, 'max_partners': 20, 'homeostasis': 'mean', 'target': 0.69, 'spread': 0.36000000000000004, 'learning_rate': 0.0003}",ppo,100,linear,0.0003,,,,,,
Autoencode,filterbank+hag,0,312,3.0224358974358974,-0.4453844800000001,0.06393880954294973,-0.4790069216291267,-0.4614988333333333,992,"{'decomposition': 'legendre', 'n_filters': 12, 'slowest': 0.015468638100899648, 'input_scaling': 0.8216619713233748, 'bias_dist': 'foldnorm', 'bias_scaling': 0.04249382119350724, 'lr': 0.7520411716638045, 'weight_increment': 0.001395793645992084, 'min_window': 19, 'max_window': 32, 'use_full_instance': True, 'max_partners': 20, 'homeostasis': 'mean', 'target': 0.69, 'spread': 0.36000000000000004, 'learning_rate': 0.001}",ppo,100,linear,0.001,,,,,,
Autoencode,filterbank+hag,4,312,2.8653846153846154,-0.46769232000000005,0.13463963593451075,-0.48286377383523604,-0.4732114228395062,965,"{'decomposition': 'legendre', 'n_filters': 12, 'slowest': 0.015468638100899648, 'input_scaling': 0.8216619713233748, 'bias_dist': 'foldnorm', 'bias_scaling': 0.04249382119350724, 'lr': 0.7520411716638045, 'weight_increment': 0.001395793645992084, 'min_window': 19, 'max_window': 32, 'use_full_instance': True, 'max_partners': 20, 'homeostasis': 'mean', 'target': 0.69, 'spread': 0.36000000000000004, 'learning_rate': 0.001}",ppo,100,linear,0.001,,,,,,
Autoencode,filterbank+hag,1,312,3.3108974358974357,-0.44307692000000004,0.09238472045134735,-0.47979412629846757,-0.4631607757201646,1002,"{'decomposition': 'legendre', 'n_filters': 12, 'slowest': 0.015468638100899648, 'input_scaling': 0.8216619713233748, 'bias_dist': 'foldnorm', 'bias_scaling': 0.04249382119350724, 'lr': 0.7520411716638045, 'weight_increment': 0.001395793645992084, 'min_window': 19, 'max_window': 32, 'use_full_instance': True, 'max_partners': 20, 'homeostasis': 'mean', 'target': 0.69, 'spread': 0.36000000000000004, 'learning_rate': 0.001}",ppo,100,linear,0.001,,,,,,
Autoencode,filterbank+hag,5,312,3.269230769230769,-0.4292307199999999,0.09306102605538798,-0.47441038105522987,-0.4577001738683128,971,"{'decomposition': 'legendre', 'n_filters': 12, 'slowest': 0.015468638100899648, 'input_scaling': 0.8216619713233748, 'bias_dist': 'foldnorm', 'bias_scaling': 0.04249382119350724, 'lr': 0.7520411716638045, 'weight_increment': 0.001395793645992084, 'min_window': 19, 'max_window': 32, 'use_full_instance': True, 'max_partners': 20, 'homeostasis': 'mean', 'target': 0.69, 'spread': 0.36000000000000004, 'learning_rate': 0.001}",ppo,100,linear,0.001,,,,,,
Autoencode,filterbank+hag,2,312,3.1378205128205128,-0.44615378,0.12802561309976845,-0.4769341403887689,-0.4644665853909465,999,"{'decomposition': 'legendre', 'n_filters': 12, 'slowest': 0.015468638100899648, 'input_scaling': 0.8216619713233748, 'bias_dist': 'foldnorm', 'bias_scaling': 0.04249382119350724, 'lr': 0.7520411716638045, 'weight_increment': 0.001395793645992084, 'min_window': 19, 'max_window': 32, 'use_full_instance': True, 'max_partners': 20, 'homeostasis': 'mean', 'target': 0.69, 'spread': 0.36000000000000004, 'learning_rate': 0.001}",ppo,100,linear,0.001,,,,,,
Autoencode,filterbank+hag,6,312,3.6794871794871793,-0.46615376000000003,0.08587880804425733,-0.4786904737221022,-0.46541623559670786,986,"{'decomposition': 'legendre', 'n_filters': 12, 'slowest': 0.015468638100899648, 'input_scaling': 0.8216619713233748, 'bias_dist': 'foldnorm', 'bias_scaling': 0.04249382119350724, 'lr': 0.7520411716638045, 'weight_increment': 0.001395793645992084, 'min_window': 19, 'max_window': 32, 'use_full_instance': True, 'max_partners': 20, 'homeostasis': 'mean', 'target': 0.69, 'spread': 0.36000000000000004, 'learning_rate': 0.001}",ppo,100,linear,0.001,,,,,,
Autoencode,filterbank+hag,8,312,2.9743589743589745,-0.48461535999999994,0.10291614820926014,-0.4872665062223594,-0.46874008950617285,963,"{'decomposition': 'legendre', 'n_filters': 12, 'slowest': 0.015468638100899648, 'input_scaling': 0.8216619713233748, 'bias_dist': 'foldnorm', 'bias_scaling': 0.04249382119350724, 'lr': 0.7520411716638045, 'weight_increment': 0.001395793645992084, 'min_window': 19, 'max_window': 32, 'use_full_instance': True, 'max_partners': 20, 'homeostasis': 'mean', 'target': 0.69, 'spread': 0.36000000000000004, 'learning_rate': 0.001}",ppo,100,linear,0.001,,,,,,
Autoencode,filterbank+hag,3,312,3.1121794871794872,-0.43923076,0.07011828258551689,-0.47569203260310605,-0.4698875689300412,1008,"{'decomposition': 'legendre', 'n_filters': 12, 'slowest': 0.015468638100899648, 'input_scaling': 0.8216619713233748, 'bias_dist': 'foldnorm', 'bias_scaling': 0.04249382119350724, 'lr': 0.7520411716638045, 'weight_increment': 0.001395793645992084, 'min_window': 19, 'max_window': 32, 'use_full_instance': True, 'max_partners': 20, 'homeostasis': 'mean', 'target': 0.69, 'spread': 0.36000000000000004, 'learning_rate': 0.001}",ppo,100,linear,0.001,,,,,,
Autoencode,filterbank+hag,7,312,3.1121794871794872,-0.45923073999999997,0.07434539882677609,-0.4770686089684254,-0.460549158436214,987,"{'decomposition': 'legendre', 'n_filters': 12, 'slowest': 0.015468638100899648, 'input_scaling': 0.8216619713233748, 'bias_dist': 'foldnorm', 'bias_scaling': 0.04249382119350724, 'lr': 0.7520411716638045, 'weight_increment': 0.001395793645992084, 'min_window': 19, 'max_window': 32, 'use_full_instance': True, 'max_partners': 20, 'homeostasis': 'mean', 'target': 0.69, 'spread': 0.36000000000000004, 'learning_rate': 0.001}",ppo,100,linear,0.001,,,,,,
Autoencode,filterbank+hag,1,312,3.3108974358974357,-0.49,0.10400570364475209,-0.47064057297130524,-0.45552388168724284,966,"{'decomposition': 'legendre', 'n_filters': 12, 'slowest': 0.015468638100899648, 'input_scaling': 0.8216619713233748, 'bias_dist': 'foldnorm', 'bias_scaling': 0.04249382119350724, 'lr': 0.7520411716638045, 'weight_increment': 0.001395793645992084, 'min_window': 19, 'max_window': 32, 'use_full_instance': True, 'max_partners': 20, 'homeostasis': 'mean', 'target': 0.69, 'spread': 0.36000000000000004, 'learning_rate': 0.003}",ppo,100,linear,0.003,,,,,,
Autoencode,filterbank+hag,9,312,3.1153846153846154,-0.4746153599999999,0.11003229243086049,-0.4763961579759333,-0.4620132644032922,984,"{'decomposition': 'legendre', 'n_filters': 12, 'slowest': 0.015468638100899648, 'input_scaling': 0.8216619713233748, 'bias_dist': 'foldnorm', 'bias_scaling': 0.04249382119350724, 'lr': 0.7520411716638045, 'weight_increment': 0.001395793645992084, 'min_window': 19, 'max_window': 32, 'use_full_instance': True, 'max_partners': 20, 'homeostasis': 'mean', 'target': 0.69, 'spread': 0.36000000000000004, 'learning_rate': 0.001}",ppo,100,linear,0.001,,,,,,
Autoencode,filterbank+hag,2,312,3.1378205128205128,-0.45307691999999994,0.1184940417749078,-0.46943801398745233,-0.4484013600823046,986,"{'decomposition': 'legendre', 'n_filters': 12, 'slowest': 0.015468638100899648, 'input_scaling': 0.8216619713233748, 'bias_dist': 'foldnorm', 'bias_scaling': 0.04249382119350724, 'lr': 0.7520411716638045, 'weight_increment': 0.001395793645992084, 'min_window': 19, 'max_window': 32, 'use_full_instance': True, 'max_partners': 20, 'homeostasis': 'mean', 'target': 0.69, 'spread': 0.36000000000000004, 'learning_rate': 0.003}",ppo,100,linear,0.003,,,,,,
Autoencode,filterbank+hag,0,312,3.0224358974358974,-0.4669231,0.09546220969247465,-0.47427588573485546,-0.46086576954732517,993,"{'decomposition': 'legendre', 'n_filters': 12, 'slowest': 0.015468638100899648, 'input_scaling': 0.8216619713233748, 'bias_dist': 'foldnorm', 'bias_scaling': 0.04249382119350724, 'lr': 0.7520411716638045, 'weight_increment': 0.001395793645992084, 'min_window': 19, 'max_window': 32, 'use_full_instance': True, 'max_partners': 20, 'homeostasis': 'mean', 'target': 0.69, 'spread': 0.36000000000000004, 'learning_rate': 0.003}",ppo,100,linear,0.003,,,,,,
Autoencode,filterbank+hag,3,312,3.1121794871794872,-0.4530768799999999,0.07967766040080242,-0.47547842414892527,-0.46707815123456786,994,"{'decomposition': 'legendre', 'n_filters': 12, 'slowest': 0.015468638100899648, 'input_scaling': 0.8216619713233748, 'bias_dist': 'foldnorm', 'bias_scaling': 0.04249382119350724, 'lr': 0.7520411716638045, 'weight_increment': 0.001395793645992084, 'min_window': 19, 'max_window': 32, 'use_full_instance': True, 'max_partners': 20, 'homeostasis': 'mean', 'target': 0.69, 'spread': 0.36000000000000004, 'learning_rate': 0.003}",ppo,100,linear,0.003,,,,,,
Autoencode,filterbank+hag,4,312,2.8653846153846154,-0.4653846,0.11100681625251667,-0.47058123511261957,-0.4629233703703704,980,"{'decomposition': 'legendre', 'n_filters': 12, 'slowest': 0.015468638100899648, 'input_scaling': 0.8216619713233748, 'bias_dist': 'foldnorm', 'bias_scaling': 0.04249382119350724, 'lr': 0.7520411716638045, 'weight_increment': 0.001395793645992084, 'min_window': 19, 'max_window': 32, 'use_full_instance': True, 'max_partners': 20, 'homeostasis': 'mean', 'target': 0.69, 'spread': 0.36000000000000004, 'learning_rate': 0.003}",ppo,100,linear,0.003,,,,,,
Autoencode,filterbank+hag,6,312,3.6794871794871793,-0.4692307400000001,0.10262823688436043,-0.463631021701121,-0.4477682716049383,967,"{'decomposition': 'legendre', 'n_filters': 12, 'slowest': 0.015468638100899648, 'input_scaling': 0.8216619713233748, 'bias_dist': 'foldnorm', 'bias_scaling': 0.04249382119350724, 'lr': 0.7520411716638045, 'weight_increment': 0.001395793645992084, 'min_window': 19, 'max_window': 32, 'use_full_instance': True, 'max_partners': 20, 'homeostasis': 'mean', 'target': 0.69, 'spread': 0.36000000000000004, 'learning_rate': 0.003}",ppo,100,linear,0.003,,,,,,
Autoencode,filterbank+hag,8,312,2.9743589743589745,-0.45076928000000005,0.1397462192481843,-0.4714871029517639,-0.45477206172839507,958,"{'decomposition': 'legendre', 'n_filters': 12, 'slowest': 0.015468638100899648, 'input_scaling': 0.8216619713233748, 'bias_dist': 'foldnorm', 'bias_scaling': 0.04249382119350724, 'lr': 0.7520411716638045, 'weight_increment': 0.001395793645992084, 'min_window': 19, 'max_window': 32, 'use_full_instance': True, 'max_partners': 20, 'homeostasis': 'mean', 'target': 0.69, 'spread': 0.36000000000000004, 'learning_rate': 0.003}",ppo,100,linear,0.003,,,,,,
Autoencode,filterbank+hag,7,312,3.1121794871794872,-0.45769228,0.10693423638536724,-0.4709332932222566,-0.4531892572016461,974,"{'decomposition': 'legendre', 'n_filters': 12, 'slowest': 0.015468638100899648, 'input_scaling': 0.8216619713233748, 'bias_dist': 'foldnorm', 'bias_scaling': 0.04249382119350724, 'lr': 0.7520411716638045, 'weight_increment': 0.001395793645992084, 'min_window': 19, 'max_window': 32, 'use_full_instance': True, 'max_partners': 20, 'homeostasis': 'mean', 'target': 0.69, 'spread': 0.36000000000000004, 'learning_rate': 0.003}",ppo,100,linear,0.003,,,,,,
Autoencode,filterbank+hag,5,312,3.269230769230769,-0.46692297999999993,0.08971033980283209,-0.47282017587164454,-0.453228841563786,1001,"{'decomposition': 'legendre', 'n_filters': 12, 'slowest': 0.015468638100899648, 'input_scaling': 0.8216619713233748, 'bias_dist': 'foldnorm', 'bias_scaling': 0.04249382119350724, 'lr': 0.7520411716638045, 'weight_increment': 0.001395793645992084, 'min_window': 19, 'max_window': 32, 'use_full_instance': True, 'max_partners': 20, 'homeostasis': 'mean', 'target': 0.69, 'spread': 0.36000000000000004, 'learning_rate': 0.003}",ppo,100,linear,0.003,,,,,,
Autoencode,filterbank+hag,9,312,3.1153846153846154,-0.44846138,0.09218266916701642,-0.4745132257533683,-0.45204173868312764,973,"{'decomposition': 'legendre', 'n_filters': 12, 'slowest': 0.015468638100899648, 'input_scaling': 0.8216619713233748, 'bias_dist': 'foldnorm', 'bias_scaling': 0.04249382119350724, 'lr': 0.7520411716638045, 'weight_increment': 0.001395793645992084, 'min_window': 19, 'max_window': 32, 'use_full_instance': True, 'max_partners': 20, 'homeostasis': 'mean', 'target': 0.69, 'spread': 0.36000000000000004, 'learning_rate': 0.003}",ppo,100,linear,0.003,,,,,,
Autoencode,filterbank+hag,1,312,3.3108974358974357,-0.5184616000000001,0.10609818038854389,-0.490565575645377,-0.49275877983539096,975,"{'decomposition': 'legendre', 'n_filters': 12, 'slowest': 0.015468638100899648, 'input_scaling': 0.8216619713233748, 'bias_dist': 'foldnorm', 'bias_scaling': 0.04249382119350724, 'lr': 0.7520411716638045, 'weight_increment': 0.001395793645992084, 'min_window': 19, 'max_window': 32, 'use_full_instance': True, 'max_partners': 20, 'homeostasis': 'mean', 'target': 0.69, 'spread': 0.36000000000000004, 'learning_rate': 0.01}",ppo,100,linear,0.01,,,,,,
Autoencode,filterbank+hag,0,312,3.0224358974358974,-0.5,0.0,-0.49982990373341557,-0.5,996,"{'decomposition': 'legendre', 'n_filters': 12, 'slowest': 0.015468638100899648, 'input_scaling': 0.8216619713233748, 'bias_dist': 'foldnorm', 'bias_scaling': 0.04249382119350724, 'lr': 0.7520411716638045, 'weight_increment': 0.001395793645992084, 'min_window': 19, 'max_window': 32, 'use_full_instance': True, 'max_partners': 20, 'homeostasis': 'mean', 'target': 0.69, 'spread': 0.36000000000000004, 'learning_rate': 0.01}",ppo,100,linear,0.01,,,,,,
Autoencode,filterbank+hag,2,312,3.1378205128205128,-0.49384609999999995,0.08044264037567389,-0.49378554170523503,-0.500435255144033,990,"{'decomposition': 'legendre', 'n_filters': 12, 'slowest': 0.015468638100899648, 'input_scaling': 0.8216619713233748, 'bias_dist': 'foldnorm', 'bias_scaling': 0.04249382119350724, 'lr': 0.7520411716638045, 'weight_increment': 0.001395793645992084, 'min_window': 19, 'max_window': 32, 'use_full_instance': True, 'max_partners': 20, 'homeostasis': 'mean', 'target': 0.69, 'spread': 0.36000000000000004, 'learning_rate': 0.01}",ppo,100,linear,0.01,,,,,,
Autoencode,filterbank+hag,5,312,3.269230769230769,-0.5,0.0,-0.49624205440707597,-0.5,970,"{'decomposition': 'legendre', 'n_filters': 12, 'slowest': 0.015468638100899648, 'input_scaling': 0.8216619713233748, 'bias_dist': 'foldnorm', 'bias_scaling': 0.04249382119350724, 'lr': 0.7520411716638045, 'weight_increment': 0.001395793645992084, 'min_window': 19, 'max_window': 32, 'use_full_instance': True, 'max_partners': 20, 'homeostasis': 'mean', 'target': 0.69, 'spread': 0.36000000000000004, 'learning_rate': 0.01}",ppo,100,linear,0.01,,,,,,
Autoencode,filterbank+hag,3,312,3.1121794871794872,-0.5,0.0,-0.4908741246528849,-0.5,991,"{'decomposition': 'legendre', 'n_filters': 12, 'slowest': 0.015468638100899648, 'input_scaling': 0.8216619713233748, 'bias_dist': 'foldnorm', 'bias_scaling': 0.04249382119350724, 'lr': 0.7520411716638045, 'weight_increment': 0.001395793645992084, 'min_window': 19, 'max_window': 32, 'use_full_instance': True, 'max_partners': 20, 'homeostasis': 'mean', 'target': 0.69, 'spread': 0.36000000000000004, 'learning_rate': 0.01}",ppo,100,linear,0.01,,,,,,
Autoencode,filterbank+hag,6,312,3.6794871794871793,-0.4892307,0.025558994064125453,-0.4982515615550755,-0.49473722736625514,985,"{'decomposition': 'legendre', 'n_filters': 12, 'slowest': 0.015468638100899648, 'input_scaling': 0.8216619713233748, 'bias_dist': 'foldnorm', 'bias_scaling': 0.04249382119350724, 'lr': 0.7520411716638045, 'weight_increment': 0.001395793645992084, 'min_window': 19, 'max_window': 32, 'use_full_instance': True, 'max_partners': 20, 'homeostasis': 'mean', 'target': 0.69, 'spread': 0.36000000000000004, 'learning_rate': 0.01}",ppo,100,linear,0.01,,,,,,
Autoencode,filterbank+hag,4,312,2.8653846153846154,-0.49,0.07249176896834564,-0.4894026014604546,-0.48528013374485596,998,"{'decomposition': 'legendre', 'n_filters': 12, 'slowest': 0.015468638100899648, 'input_scaling': 0.8216619713233748, 'bias_dist': 'foldnorm', 'bias_scaling': 0.04249382119350724, 'lr': 0.7520411716638045, 'weight_increment': 0.001395793645992084, 'min_window': 19, 'max_window': 32, 'use_full_instance': True, 'max_partners': 20, 'homeostasis': 'mean', 'target': 0.69, 'spread': 0.36000000000000004, 'learning_rate': 0.01}",ppo,100,linear,0.01,,,,,,
Autoencode,filterbank+hag,7,312,3.1121794871794872,-0.5015384199999999,0.10602011647948514,-0.4889318672220509,-0.4852801532921811,984,"{'decomposition': 'legendre', 'n_filters': 12, 'slowest': 0.015468638100899648, 'input_scaling': 0.8216619713233748, 'bias_dist': 'foldnorm', 'bias_scaling': 0.04249382119350724, 'lr': 0.7520411716638045, 'weight_increment': 0.001395793645992084, 'min_window': 19, 'max_window': 32, 'use_full_instance': True, 'max_partners': 20, 'homeostasis': 'mean', 'target': 0.69, 'spread': 0.36000000000000004, 'learning_rate': 0.01}",ppo,100,linear,0.01,,,,,,
Autoencode,filterbank+hag,8,312,2.9743589743589745,-0.5,0.0,-0.4925869440501902,-0.49406452983539095,996,"{'decomposition': 'legendre', 'n_filters': 12, 'slowest': 0.015468638100899648, 'input_scaling': 0.8216619713233748, 'bias_dist': 'foldnorm', 'bias_scaling': 0.04249382119350724, 'lr': 0.7520411716638045, 'weight_increment': 0.001395793645992084, 'min_window': 19, 'max_window': 32, 'use_full_instance': True, 'max_partners': 20, 'homeostasis': 'mean', 'target': 0.69, 'spread': 0.36000000000000004, 'learning_rate': 0.01}",ppo,100,linear,0.01,,,,,,
Autoencode,filterbank+hag,9,312,3.1153846153846154,-0.5,0.0,-0.4951265383112208,-0.5002374187242798,997,"{'decomposition': 'legendre', 'n_filters': 12, 'slowest': 0.015468638100899648, 'input_scaling': 0.8216619713233748, 'bias_dist': 'foldnorm', 'bias_scaling': 0.04249382119350724, 'lr': 0.7520411716638045, 'weight_increment': 0.001395793645992084, 'min_window': 19, 'max_window': 32, 'use_full_instance': True, 'max_partners': 20, 'homeostasis': 'mean', 'target': 0.69, 'spread': 0.36000000000000004, 'learning_rate': 0.01}",ppo,100,linear,0.01,,,,,,
Autoencode,filterbank+esn,0,312,4.237179487179487,-0.5084615400000001,0.07186870901169994,-0.4749215415121549,-0.4631244742268041,707,"{'decomposition': 'legendre', 'n_filters': 12, 'slowest': 0.006397371281320229, 'input_scaling': 0.550142611755141, 'bias_dist': 'foldnorm', 'bias_scaling': 0.07438842372152364, 'lr': 0.6575600610814601, 'sr': 0.8663422541011234, 'rc_connectivity': 0.013579746643157644, 'learning_rate': 0.0001}",dqn,100,linear,0.0001,,,,,,
Autoencode,filterbank+esn,1,312,4.237179487179487,-0.51,0.10023945295680738,-0.47560297558714465,-0.46276763608247423,730,"{'decomposition': 'legendre', 'n_filters': 12, 'slowest': 0.006397371281320229, 'input_scaling': 0.550142611755141, 'bias_dist': 'foldnorm', 'bias_scaling': 0.07438842372152364, 'lr': 0.6575600610814601, 'sr': 0.8663422541011234, 'rc_connectivity': 0.013579746643157644, 'learning_rate': 0.0001}",dqn,100,linear,0.0001,,,,,,
Autoencode,filterbank+esn,3,312,4.237179487179487,-0.48538462000000004,0.06338116601953296,-0.47746503903996707,-0.47299759690721654,712,"{'decomposition': 'legendre', 'n_filters': 12, 'slowest': 0.006397371281320229, 'input_scaling': 0.550142611755141, 'bias_dist': 'foldnorm', 'bias_scaling': 0.07438842372152364, 'lr': 0.6575600610814601, 'sr': 0.8663422541011234, 'rc_connectivity': 0.013579746643157644, 'learning_rate': 0.0001}",dqn,100,linear,0.0001,,,,,,
Autoencode,filterbank+esn,2,312,4.237179487179487,-0.48461538,0.10932831170248444,-0.4736854432426864,-0.46899282886597937,731,"{'decomposition': 'legendre', 'n_filters': 12, 'slowest': 0.006397371281320229, 'input_scaling': 0.550142611755141, 'bias_dist': 'foldnorm', 'bias_scaling': 0.07438842372152364, 'lr': 0.6575600610814601, 'sr': 0.8663422541011234, 'rc_connectivity': 0.013579746643157644, 'learning_rate': 0.0001}",dqn,100,linear,0.0001,,,,,,
Autoencode,filterbank+esn,5,312,4.237179487179487,-0.46307690000000007,0.08936338924509298,-0.4835425043263289,-0.46927039690721645,716,"{'decomposition': 'legendre', 'n_filters': 12, 'slowest': 0.006397371281320229, 'input_scaling': 0.550142611755141, 'bias_dist': 'foldnorm', 'bias_scaling': 0.07438842372152364, 'lr': 0.6575600610814601, 'sr': 0.8663422541011234, 'rc_connectivity': 0.013579746643157644, 'learning_rate': 0.0001}",dqn,100,linear,0.0001,,,,,,
Autoencode,filterbank+esn,4,312,4.237179487179487,-0.5053846399999999,0.11331750532512794,-0.47599123815409977,-0.4670102989690722,726,"{'decomposition': 'legendre', 'n_filters': 12, 'slowest': 0.006397371281320229, 'input_scaling': 0.550142611755141, 'bias_dist': 'foldnorm', 'bias_scaling': 0.07438842372152364, 'lr': 0.6575600610814601, 'sr': 0.8663422541011234, 'rc_connectivity': 0.013579746643157644, 'learning_rate': 0.0001}",dqn,100,linear,0.0001,,,,,,
Autoencode,filterbank+esn,6,312,4.237179487179487,-0.46846148000000004,0.09316596112599064,-0.4738122239390194,-0.46697063298969077,718,"{'decomposition': 'legendre', 'n_filters': 12, 'slowest': 0.006397371281320229, 'input_scaling': 0.550142611755141, 'bias_dist': 'foldnorm', 'bias_scaling': 0.07438842372152364, 'lr': 0.6575600610814601, 'sr': 0.8663422541011234, 'rc_connectivity': 0.013579746643157644, 'learning_rate': 0.0001}",dqn,100,linear,0.0001,,,,,,
Autoencode,filterbank+proj,1,312,0.0,-0.4546152600000001,0.08793830773304885,-0.492452461894477,-0.48595283230452674,960,"{'decomposition': 'legendre', 'n_filters': 12, 'slowest': 0.015468638100899648, 'input_scaling': 0.8216619713233748, 'bias_dist': 'foldnorm', 'bias_scaling': 0.04249382119350724, 'lr': 0.7520411716638045, 'weight_increment': 0.001395793645992084, 'min_window': 19, 'max_window': 32, 'use_full_instance': True, 'max_partners': 20, 'homeostasis': 'mean', 'target': 0.69, 'spread': 0.36000000000000004, 'learning_rate': 0.0003}",ppo,100,linear,0.0003,,,,,,
Autoencode,filterbank+esn,9,312,4.237179487179487,-0.4523076199999999,0.10812003942616558,-0.48020663473423975,-0.46617761134020613,709,"{'decomposition': 'legendre', 'n_filters': 12, 'slowest': 0.006397371281320229, 'input_scaling': 0.550142611755141, 'bias_dist': 'foldnorm', 'bias_scaling': 0.07438842372152364, 'lr': 0.6575600610814601, 'sr': 0.8663422541011234, 'rc_connectivity': 0.013579746643157644, 'learning_rate': 0.0001}",dqn,100,linear,0.0001,,,,,,
Autoencode,filterbank+esn,0,312,4.237179487179487,-0.47923069999999995,0.0864179480185106,-0.4825045027812113,-0.4671292329896907,708,"{'decomposition': 'legendre', 'n_filters': 12, 'slowest': 0.006397371281320229, 'input_scaling': 0.550142611755141, 'bias_dist': 'foldnorm', 'bias_scaling': 0.07438842372152364, 'lr': 0.6575600610814601, 'sr': 0.8663422541011234, 'rc_connectivity': 0.013579746643157644, 'learning_rate': 0.0003}",dqn,100,linear,0.0003,,,,,,
Autoencode,filterbank+esn,7,312,4.237179487179487,-0.46230762,0.10419886820400498,-0.4755593964771323,-0.46697063505154635,722,"{'decomposition': 'legendre', 'n_filters': 12, 'slowest': 0.006397371281320229, 'input_scaling': 0.550142611755141, 'bias_dist': 'foldnorm', 'bias_scaling': 0.07438842372152364, 'lr': 0.6575600610814601, 'sr': 0.8663422541011234, 'rc_connectivity': 0.013579746643157644, 'learning_rate': 0.0001}",dqn,100,linear,0.0001,,,,,,
Autoencode,filterbank+esn,8,312,4.237179487179487,-0.4915384399999999,0.08506537125697154,-0.4762883722702925,-0.47113399896907215,732,"{'decomposition': 'legendre', 'n_filters': 12, 'slowest': 0.006397371281320229, 'input_scaling': 0.550142611755141, 'bias_dist': 'foldnorm', 'bias_scaling': 0.07438842372152364, 'lr': 0.6575600610814601, 'sr': 0.8663422541011234, 'rc_connectivity': 0.013579746643157644, 'learning_rate': 0.0001}",dqn,100,linear,0.0001,,,,,,
Autoencode,filterbank+proj,0,312,0.0,-0.48461532000000007,0.029792263402057928,-0.49484171850251985,-0.49062198971193416,987,"{'decomposition': 'legendre', 'n_filters': 12, 'slowest': 0.015468638100899648, 'input_scaling': 0.8216619713233748, 'bias_dist': 'foldnorm', 'bias_scaling': 0.04249382119350724, 'lr': 0.7520411716638045, 'weight_increment': 0.001395793645992084, 'min_window': 19, 'max_window': 32, 'use_full_instance': True, 'max_partners': 20, 'homeostasis': 'mean', 'target': 0.69, 'spread': 0.36000000000000004, 'learning_rate': 0.0003}",ppo,100,linear,0.0003,,,,,,
Autoencode,filterbank+proj,2,312,0.0,-0.50923082,0.0992756327209633,-0.4930893405327573,-0.48480530658436216,984,"{'decomposition': 'legendre', 'n_filters': 12, 'slowest': 0.015468638100899648, 'input_scaling': 0.8216619713233748, 'bias_dist': 'foldnorm', 'bias_scaling': 0.04249382119350724, 'lr': 0.7520411716638045, 'weight_increment': 0.001395793645992084, 'min_window': 19, 'max_window': 32, 'use_full_instance': True, 'max_partners': 20, 'homeostasis': 'mean', 'target': 0.69, 'spread': 0.36000000000000004, 'learning_rate': 0.0003}",ppo,100,linear,0.0003,,,,,,
Autoencode,filterbank+proj,8,312,0.0,-0.4846152,0.01884245489738532,-0.49320400226267613,-0.4859922633744856,967,"{'decomposition': 'legendre', 'n_filters': 12, 'slowest': 0.015468638100899648, 'input_scaling': 0.8216619713233748, 'bias_dist': 'foldnorm', 'bias_scaling': 0.04249382119350724, 'lr': 0.7520411716638045, 'weight_increment': 0.001395793645992084, 'min_window': 19, 'max_window': 32, 'use_full_instance': True, 'max_partners': 20, 'homeostasis': 'mean', 'target': 0.69, 'spread': 0.36000000000000004, 'learning_rate': 0.0003}",ppo,100,linear,0.0003,,,,,,
Autoencode,filterbank+esn,1,312,4.237179487179487,-0.47307698000000004,0.11441911429503203,-0.48239357684384016,-0.4759317804123711,735,"{'decomposition': 'legendre', 'n_filters': 12, 'slowest': 0.006397371281320229, 'input_scaling': 0.550142611755141, 'bias_dist': 'foldnorm', 'bias_scaling': 0.07438842372152364, 'lr': 0.6575600610814601, 'sr': 0.8663422541011234, 'rc_connectivity': 0.013579746643157644, 'learning_rate': 0.0003}",dqn,100,linear,0.0003,,,,,,
Autoencode,filterbank+proj,3,312,0.0,-0.49307692000000003,0.029482857601555522,-0.49370246652267824,-0.49078028395061735,994,"{'decomposition': 'legendre', 'n_filters': 12, 'slowest': 0.015468638100899648, 'input_scaling': 0.8216619713233748, 'bias_dist': 'foldnorm', 'bias_scaling': 0.04249382119350724, 'lr': 0.7520411716638045, 'weight_increment': 0.001395793645992084, 'min_window': 19, 'max_window': 32, 'use_full_instance': True, 'max_partners': 20, 'homeostasis': 'mean', 'target': 0.69, 'spread': 0.36000000000000004, 'learning_rate': 0.0003}",ppo,100,linear,0.0003,,,,,,
Autoencode,filterbank+esn,2,312,4.237179487179487,-0.46384604,0.06983077892504422,-0.48576509785743716,-0.47835048144329895,722,"{'decomposition': 'legendre', 'n_filters': 12, 'slowest': 0.006397371281320229, 'input_scaling': 0.550142611755141, 'bias_dist': 'foldnorm', 'bias_scaling': 0.07438842372152364, 'lr': 0.6575600610814601, 'sr': 0.8663422541011234, 'rc_connectivity': 0.013579746643157644, 'learning_rate': 0.0003}",dqn,100,linear,0.0003,,,,,,
Autoencode,filterbank+proj,4,312,0.0,-0.48230748,0.0191693620209333,-0.49679189005450997,-0.49081982613168723,989,"{'decomposition': 'legendre', 'n_filters': 12, 'slowest': 0.015468638100899648, 'input_scaling': 0.8216619713233748, 'bias_dist': 'foldnorm', 'bias_scaling': 0.04249382119350724, 'lr': 0.7520411716638045, 'weight_increment': 0.001395793645992084, 'min_window': 19, 'max_window': 32, 'use_full_instance': True, 'max_partners': 20, 'homeostasis': 'mean', 'target': 0.69, 'spread': 0.36000000000000004, 'learning_rate': 0.0003}",ppo,100,linear,0.0003,,,,,,
Autoencode,filterbank+proj,9,312,0.0,-0.48692309999999994,0.11003238205496597,-0.4950395092049779,-0.49331274999999997,977,"{'decomposition': 'legendre', 'n_filters': 12, 'slowest': 0.015468638100899648, 'input_scaling': 0.8216619713233748, 'bias_dist': 'foldnorm', 'bias_scaling': 0.04249382119350724, 'lr': 0.7520411716638045, 'weight_increment': 0.001395793645992084, 'min_window': 19, 'max_window': 32, 'use_full_instance': True, 'max_partners': 20, 'homeostasis': 'mean', 'target': 0.69, 'spread': 0.36000000000000004, 'learning_rate': 0.0003}",ppo,100,linear,0.0003,,,,,,
Autoencode,filterbank+proj,5,312,0.0,-0.48461534,0.057047836670152535,-0.49389235534300113,-0.4918091152263374,1000,"{'decomposition': 'legendre', 'n_filters': 12, 'slowest': 0.015468638100899648, 'input_scaling': 0.8216619713233748, 'bias_dist': 'foldnorm', 'bias_scaling': 0.04249382119350724, 'lr': 0.7520411716638045, 'weight_increment': 0.001395793645992084, 'min_window': 19, 'max_window': 32, 'use_full_instance': True, 'max_partners': 20, 'homeostasis': 'mean', 'target': 0.69, 'spread': 0.36000000000000004, 'learning_rate': 0.0003}",ppo,100,linear,0.0003,,,,,,
Autoencode,filterbank+proj,0,312,0.0,-0.4392307,0.11202553011046186,-0.4827490533785868,-0.4683048086419753,981,"{'decomposition': 'legendre', 'n_filters': 12, 'slowest': 0.015468638100899648, 'input_scaling': 0.8216619713233748, 'bias_dist': 'foldnorm', 'bias_scaling': 0.04249382119350724, 'lr': 0.7520411716638045, 'weight_increment': 0.001395793645992084, 'min_window': 19, 'max_window': 32, 'use_full_instance': True, 'max_partners': 20, 'homeostasis': 'mean', 'target': 0.69, 'spread': 0.36000000000000004, 'learning_rate': 0.001}",ppo,100,linear,0.001,,,,,,
Autoencode,filterbank+esn,3,312,4.237179487179487,-0.5007693,0.05781541439867052,-0.4868031084672435,-0.4805709628865979,737,"{'decomposition': 'legendre', 'n_filters': 12, 'slowest': 0.006397371281320229, 'input_scaling': 0.550142611755141, 'bias_dist': 'foldnorm', 'bias_scaling': 0.07438842372152364, 'lr': 0.6575600610814601, 'sr': 0.8663422541011234, 'rc_connectivity': 0.013579746643157644, 'learning_rate': 0.0003}",dqn,100,linear,0.0003,,,,,,
Autoencode,filterbank+esn,4,312,4.237179487179487,-0.49000007999999995,0.09994383601540217,-0.48326121332921296,-0.47200631443298974,717,"{'decomposition': 'legendre', 'n_filters': 12, 'slowest': 0.006397371281320229, 'input_scaling': 0.550142611755141, 'bias_dist': 'foldnorm', 'bias_scaling': 0.07438842372152364, 'lr': 0.6575600610814601, 'sr': 0.8663422541011234, 'rc_connectivity': 0.013579746643157644, 'learning_rate': 0.0003}",dqn,100,linear,0.0003,,,,,,
Autoencode,filterbank+proj,3,312,0.0,-0.47846152000000003,0.10467195714750727,-0.47523712897253934,-0.46533710596707817,978,"{'decomposition': 'legendre', 'n_filters': 12, 'slowest': 0.015468638100899648, 'input_scaling': 0.8216619713233748, 'bias_dist': 'foldnorm', 'bias_scaling': 0.04249382119350724, 'lr': 0.7520411716638045, 'weight_increment': 0.001395793645992084, 'min_window': 19, 'max_window': 32, 'use_full_instance': True, 'max_partners': 20, 'homeostasis': 'mean', 'target': 0.69, 'spread': 0.36000000000000004, 'learning_rate': 0.001}",ppo,100,linear,0.001,,,,,,
Autoencode,filterbank+proj,2,312,0.0,-0.43692298,0.09661739015591136,-0.4797703944255888,-0.4674342952674897,989,"{'decomposition': 'legendre', 'n_filters': 12, 'slowest': 0.015468638100899648, 'input_scaling': 0.8216619713233748, 'bias_dist': 'foldnorm', 'bias_scaling': 0.04249382119350724, 'lr': 0.7520411716638045, 'weight_increment': 0.001395793645992084, 'min_window': 19, 'max_window': 32, 'use_full_instance': True, 'max_partners': 20, 'homeostasis': 'mean', 'target': 0.69, 'spread': 0.36000000000000004, 'learning_rate': 0.001}",ppo,100,linear,0.001,,,,,,
Autoencode,filterbank+proj,7,312,0.0,-0.48384596,0.018983247302777256,-0.49514629188522064,-0.48468650102880656,1001,"{'decomposition': 'legendre', 'n_filters': 12, 'slowest': 0.015468638100899648, 'input_scaling': 0.8216619713233748, 'bias_dist': 'foldnorm', 'bias_scaling': 0.04249382119350724, 'lr': 0.7520411716638045, 'weight_increment': 0.001395793645992084, 'min_window': 19, 'max_window': 32, 'use_full_instance': True, 'max_partners': 20, 'homeostasis': 'mean', 'target': 0.69, 'spread': 0.36000000000000004, 'learning_rate': 0.0003}",ppo,100,linear,0.0003,,,,,,
Autoencode,filterbank+proj,6,312,0.0,-0.49076912,0.01642647134918513,-0.4948694000822791,-0.48892048148148154,1008,"{'decomposition': 'legendre', 'n_filters': 12, 'slowest': 0.015468638100899648, 'input_scaling': 0.8216619713233748, 'bias_dist': 'foldnorm', 'bias_scaling': 0.04249382119350724, 'lr': 0.7520411716638045, 'weight_increment': 0.001395793645992084, 'min_window': 19, 'max_window': 32, 'use_full_instance': True, 'max_partners': 20, 'homeostasis': 'mean', 'target': 0.69, 'spread': 0.36000000000000004, 'learning_rate': 0.0003}",ppo,100,linear,0.0003,,,,,,
Autoencode,filterbank+proj,5,312,0.0,-0.46769226,0.11725672585686672,-0.4793273509204978,-0.4662076450617284,987,"{'decomposition': 'legendre', 'n_filters': 12, 'slowest': 0.015468638100899648, 'input_scaling': 0.8216619713233748, 'bias_dist': 'foldnorm', 'bias_scaling': 0.04249382119350724, 'lr': 0.7520411716638045, 'weight_increment': 0.001395793645992084, 'min_window': 19, 'max_window': 32, 'use_full_instance': True, 'max_partners': 20, 'homeostasis': 'mean', 'target': 0.69, 'spread': 0.36000000000000004, 'learning_rate': 0.001}",ppo,100,linear,0.001,,,,,,
Autoencode,filterbank+proj,1,312,0.0,-0.43153833999999996,0.10096875981839333,-0.4823495316260414,-0.46862138888888893,1000,"{'decomposition': 'legendre', 'n_filters': 12, 'slowest': 0.015468638100899648, 'input_scaling': 0.8216619713233748, 'bias_dist': 'foldnorm', 'bias_scaling': 0.04249382119350724, 'lr': 0.7520411716638045, 'weight_increment': 0.001395793645992084, 'min_window': 19, 'max_window': 32, 'use_full_instance': True, 'max_partners': 20, 'homeostasis': 'mean', 'target': 0.69, 'spread': 0.36000000000000004, 'learning_rate': 0.001}",ppo,100,linear,0.001,,,,,,
Autoencode,filterbank+proj,4,312,0.0,-0.47538454,0.10198049798529324,-0.4833226427028695,-0.4716286718106996,995,"{'decomposition': 'legendre', 'n_filters': 12, 'slowest': 0.015468638100899648, 'input_scaling': 0.8216619713233748, 'bias_dist': 'foldnorm', 'bias_scaling': 0.04249382119350724, 'lr': 0.7520411716638045, 'weight_increment': 0.001395793645992084, 'min_window': 19, 'max_window': 32, 'use_full_instance': True, 'max_partners': 20, 'homeostasis': 'mean', 'target': 0.69, 'spread': 0.36000000000000004, 'learning_rate': 0.001}",ppo,100,linear,0.001,,,,,,
Autoencode,filterbank+esn,5,312,4.237179487179487,-0.45923070000000005,0.07434537689170725,-0.4810822009682736,-0.4710943443298969,725,"{'decomposition': 'legendre', 'n_filters': 12, 'slowest': 0.006397371281320229, 'input_scaling': 0.550142611755141, 'bias_dist': 'foldnorm', 'bias_scaling': 0.07438842372152364, 'lr': 0.6575600610814601, 'sr': 0.8663422541011234, 'rc_connectivity': 0.013579746643157644, 'learning_rate': 0.0003}",dqn,100,linear,0.0003,,,,,,
Autoencode,filterbank+esn,6,312,4.237179487179487,-0.46846154,0.10622357677468972,-0.4834751518335393,-0.475971418556701,725,"{'decomposition': 'legendre', 'n_filters': 12, 'slowest': 0.006397371281320229, 'input_scaling': 0.550142611755141, 'bias_dist': 'foldnorm', 'bias_scaling': 0.07438842372152364, 'lr': 0.6575600610814601, 'sr': 0.8663422541011234, 'rc_connectivity': 0.013579746643157644, 'learning_rate': 0.0003}",dqn,100,linear,0.0003,,,,,,
Autoencode,filterbank+proj,7,312,0.0,-0.47384605999999996,0.09180640585654357,-0.480067073742672,-0.4681860997942387,992,"{'decomposition': 'legendre', 'n_filters': 12, 'slowest': 0.015468638100899648, 'input_scaling': 0.8216619713233748, 'bias_dist': 'foldnorm', 'bias_scaling': 0.04249382119350724, 'lr': 0.7520411716638045, 'weight_increment': 0.001395793645992084, 'min_window': 19, 'max_window': 32, 'use_full_instance': True, 'max_partners': 20, 'homeostasis': 'mean', 'target': 0.69, 'spread': 0.36000000000000004, 'learning_rate': 0.001}",ppo,100,linear,0.001,,,,,,
Autoencode,filterbank+proj,0,312,0.0,-0.45538446,0.06074492877342437,-0.4816295723542116,-0.4698479979423868,981,"{'decomposition': 'legendre', 'n_filters': 12, 'slowest': 0.015468638100899648, 'input_scaling': 0.8216619713233748, 'bias_dist': 'foldnorm', 'bias_scaling': 0.04249382119350724, 'lr': 0.7520411716638045, 'weight_increment': 0.001395793645992084, 'min_window': 19, 'max_window': 32, 'use_full_instance': True, 'max_partners': 20, 'homeostasis': 'mean', 'target': 0.69, 'spread': 0.36000000000000004, 'learning_rate': 0.003}",ppo,100,linear,0.003,,,,,,
Autoencode,filterbank+proj,9,312,0.0,-0.47153846,0.08764175078447714,-0.4820291112825259,-0.4683048137860083,984,"{'decomposition': 'legendre', 'n_filters': 12, 'slowest': 0.015468638100899648, 'input_scaling': 0.8216619713233748, 'bias_dist': 'foldnorm', 'bias_scaling': 0.04249382119350724, 'lr': 0.7520411716638045, 'weight_increment': 0.001395793645992084, 'min_window': 19, 'max_window': 32, 'use_full_instance': True, 'max_partners': 20, 'homeostasis': 'mean', 'target': 0.69, 'spread': 0.36000000000000004, 'learning_rate': 0.001}",ppo,100,linear,0.001,,,,,,
Autoencode,filterbank+proj,1,312,0.0,-0.4499999400000001,0.1197260553080089,-0.46866666481538627,-0.4605887716049383,983,"{'decomposition': 'legendre', 'n_filters': 12, 'slowest': 0.015468638100899648, 'input_scaling': 0.8216619713233748, 'bias_dist': 'foldnorm', 'bias_scaling': 0.04249382119350724, 'lr': 0.7520411716638045, 'weight_increment': 0.001395793645992084, 'min_window': 19, 'max_window': 32, 'use_full_instance': True, 'max_partners': 20, 'homeostasis': 'mean', 'target': 0.69, 'spread': 0.36000000000000004, 'learning_rate': 0.003}",ppo,100,linear,0.003,,,,,,
Autoencode,filterbank+proj,6,312,0.0,-0.45692298000000003,0.1007781372698444,-0.4787814351537591,-0.4668407181069959,1001,"{'decomposition': 'legendre', 'n_filters': 12, 'slowest': 0.015468638100899648, 'input_scaling': 0.8216619713233748, 'bias_dist': 'foldnorm', 'bias_scaling': 0.04249382119350724, 'lr': 0.7520411716638045, 'weight_increment': 0.001395793645992084, 'min_window': 19, 'max_window': 32, 'use_full_instance': True, 'max_partners': 20, 'homeostasis': 'mean', 'target': 0.69, 'spread': 0.36000000000000004, 'learning_rate': 0.001}",ppo,100,linear,0.001,,,,,,
Autoencode,filterbank+esn,7,312,4.237179487179487,-0.49384612000000006,0.02475934700159922,-0.4842318667078698,-0.47688341649484534,713,"{'decomposition': 'legendre', 'n_filters': 12, 'slowest': 0.006397371281320229, 'input_scaling': 0.550142611755141, 'bias_dist': 'foldnorm', 'bias_scaling': 0.07438842372152364, 'lr': 0.6575600610814601, 'sr': 0.8663422541011234, 'rc_connectivity': 0.013579746643157644, 'learning_rate': 0.0003}",dqn,100,linear,0.0003,,,,,,
Autoencode,filterbank+proj,8,312,0.0,-0.46769226,0.10861155635047495,-0.48328704175665943,-0.46684074794238684,1000,"{'decomposition': 'legendre', 'n_filters': 12, 'slowest': 0.015468638100899648, 'input_scaling': 0.8216619713233748, 'bias_dist': 'foldnorm', 'bias_scaling': 0.04249382119350724, 'lr': 0.7520411716638045, 'weight_increment': 0.001395793645992084, 'min_window': 19, 'max_window': 32, 'use_full_instance': True, 'max_partners': 20, 'homeostasis': 'mean', 'target': 0.69, 'spread': 0.36000000000000004, 'learning_rate': 0.001}",ppo,100,linear,0.001,,,,,,
Autoencode,filterbank+proj,2,312,0.0,-0.44692303999999994,0.09162897650306043,-0.482242727861771,-0.4690170905349794,985,"{'decomposition': 'legendre', 'n_filters': 12, 'slowest': 0.015468638100899648, 'input_scaling': 0.8216619713233748, 'bias_dist': 'foldnorm', 'bias_scaling': 0.04249382119350724, 'lr': 0.7520411716638045, 'weight_increment': 0.001395793645992084, 'min_window': 19, 'max_window': 32, 'use_full_instance': True, 'max_partners': 20, 'homeostasis': 'mean', 'target': 0.69, 'spread': 0.36000000000000004, 'learning_rate': 0.003}",ppo,100,linear,0.003,,,,,,
Autoencode,filterbank+proj,3,312,0.0,-0.46384612000000003,0.10389170700063408,-0.466471227398951,-0.4476495277777778,985,"{'decomposition': 'legendre', 'n_filters': 12, 'slowest': 0.015468638100899648, 'input_scaling': 0.8216619713233748, 'bias_dist': 'foldnorm', 'bias_scaling': 0.04249382119350724, 'lr': 0.7520411716638045, 'weight_increment': 0.001395793645992084, 'min_window': 19, 'max_window': 32, 'use_full_instance': True, 'max_partners': 20, 'homeostasis': 'mean', 'target': 0.69, 'spread': 0.36000000000000004, 'learning_rate': 0.003}",ppo,100,linear,0.003,,,,,,
Autoencode,filterbank+esn,8,312,4.237179487179487,-0.4838461,0.04556688601001828,-0.4838634189328389,-0.47704200412371134,725,"{'decomposition': 'legendre', 'n_filters': 12, 'slowest': 0.006397371281320229, 'input_scaling': 0.550142611755141, 'bias_dist': 'foldnorm', 'bias_scaling': 0.07438842372152364, 'lr': 0.6575600610814601, 'sr': 0.8663422541011234, 'rc_connectivity': 0.013579746643157644, 'learning_rate': 0.0003}",dqn,100,linear,0.0003,,,,,,
Autoencode,filterbank+esn,9,312,4.237179487179487,-0.48307684,0.07098640026494088,-0.48640296302018954,-0.4752577134020619,720,"{'decomposition': 'legendre', 'n_filters': 12, 'slowest': 0.006397371281320229, 'input_scaling': 0.550142611755141, 'bias_dist': 'foldnorm', 'bias_scaling': 0.07438842372152364, 'lr': 0.6575600610814601, 'sr': 0.8663422541011234, 'rc_connectivity': 0.013579746643157644, 'learning_rate': 0.0003}",dqn,100,linear,0.0003,,,,,,
Autoencode,filterbank+proj,4,312,0.0,-0.43999995999999997,0.07888272205697772,-0.47571971150879355,-0.45572168518518524,999,"{'decomposition': 'legendre', 'n_filters': 12, 'slowest': 0.015468638100899648, 'input_scaling': 0.8216619713233748, 'bias_dist': 'foldnorm', 'bias_scaling': 0.04249382119350724, 'lr': 0.7520411716638045, 'weight_increment': 0.001395793645992084, 'min_window': 19, 'max_window': 32, 'use_full_instance': True, 'max_partners': 20, 'homeostasis': 'mean', 'target': 0.69, 'spread': 0.36000000000000004, 'learning_rate': 0.003}",ppo,100,linear,0.003,,,,,,
Autoencode,filterbank+esn,0,312,4.237179487179487,-0.49538456000000003,0.050815924541883516,-0.48849085918829827,-0.4789849278350515,725,"{'decomposition': 'legendre', 'n_filters': 12, 'slowest': 0.006397371281320229, 'input_scaling': 0.550142611755141, 'bias_dist': 'foldnorm', 'bias_scaling': 0.07438842372152364, 'lr': 0.6575600610814601, 'sr': 0.8663422541011234, 'rc_connectivity': 0.013579746643157644, 'learning_rate': 0.001}",dqn,100,linear,0.001,,,,,,
Autoencode,filterbank+proj,5,312,0.0,-0.44923066,0.11132342309803629,-0.4793352676128767,-0.4606679053497943,997,"{'decomposition': 'legendre', 'n_filters': 12, 'slowest': 0.015468638100899648, 'input_scaling': 0.8216619713233748, 'bias_dist': 'foldnorm', 'bias_scaling': 0.04249382119350724, 'lr': 0.7520411716638045, 'weight_increment': 0.001395793645992084, 'min_window': 19, 'max_window': 32, 'use_full_instance': True, 'max_partners': 20, 'homeostasis': 'mean', 'target': 0.69, 'spread': 0.36000000000000004, 'learning_rate': 0.003}",ppo,100,linear,0.003,,,,,,
Autoencode,filterbank+proj,6,312,0.0,-0.46769222,0.07667661140251048,-0.47866276056772605,-0.46335860493827163,1003,"{'decomposition': 'legendre', 'n_filters': 12, 'slowest': 0.015468638100899648, 'input_scaling': 0.8216619713233748, 'bias_dist': 'foldnorm', 'bias_scaling': 0.04249382119350724, 'lr': 0.7520411716638045, 'weight_increment': 0.001395793645992084, 'min_window': 19, 'max_window': 32, 'use_full_instance': True, 'max_partners': 20, 'homeostasis': 'mean', 'target': 0.69, 'spread': 0.36000000000000004, 'learning_rate': 0.003}",ppo,100,linear,0.003,,,,,,
Autoencode,filterbank+proj,7,312,0.0,-0.45769222000000004,0.11206780613401693,-0.4676737445232952,-0.45417849588477366,1004,"{'decomposition': 'legendre', 'n_filters': 12, 'slowest': 0.015468638100899648, 'input_scaling': 0.8216619713233748, 'bias_dist': 'foldnorm', 'bias_scaling': 0.04249382119350724, 'lr': 0.7520411716638045, 'weight_increment': 0.001395793645992084, 'min_window': 19, 'max_window': 32, 'use_full_instance': True, 'max_partners': 20, 'homeostasis': 'mean', 'target': 0.69, 'spread': 0.36000000000000004, 'learning_rate': 0.003}",ppo,100,linear,0.003,,,,,,
Autoencode,filterbank+proj,0,312,0.0,-0.4715384,0.09415156131004944,-0.4808107532654531,-0.48274769444444443,987,"{'decomposition': 'legendre', 'n_filters': 12, 'slowest': 0.015468638100899648, 'input_scaling': 0.8216619713233748, 'bias_dist': 'foldnorm', 'bias_scaling': 0.04249382119350724, 'lr': 0.7520411716638045, 'weight_increment': 0.001395793645992084, 'min_window': 19, 'max_window': 32, 'use_full_instance': True, 'max_partners': 20, 'homeostasis': 'mean', 'target': 0.69, 'spread': 0.36000000000000004, 'learning_rate': 0.01}",ppo,100,linear,0.01,,,,,,
Autoencode,filterbank+proj,9,312,0.0,-0.46153838,0.09069106608456866,-0.4790069270801193,-0.4644665524691358,998,"{'decomposition': 'legendre', 'n_filters': 12, 'slowest': 0.015468638100899648, 'input_scaling': 0.8216619713233748, 'bias_dist': 'foldnorm', 'bias_scaling': 0.04249382119350724, 'lr': 0.7520411716638045, 'weight_increment': 0.001395793645992084, 'min_window': 19, 'max_window': 32, 'use_full_instance': True, 'max_partners': 20, 'homeostasis': 'mean', 'target': 0.69, 'spread': 0.36000000000000004, 'learning_rate': 0.003}",ppo,100,linear,0.003,,,,,,
Autoencode,filterbank+proj,2,312,0.0,-0.4546153399999999,0.11112402356423384,-0.477104235832562,-0.4633982098765432,982,"{'decomposition': 'legendre', 'n_filters': 12, 'slowest': 0.015468638100899648, 'input_scaling': 0.8216619713233748, 'bias_dist': 'foldnorm', 'bias_scaling': 0.04249382119350724, 'lr': 0.7520411716638045, 'weight_increment': 0.001395793645992084, 'min_window': 19, 'max_window': 32, 'use_full_instance': True, 'max_partners': 20, 'homeostasis': 'mean', 'target': 0.69, 'spread': 0.36000000000000004, 'learning_rate': 0.01}",ppo,100,linear,0.01,,,,,,
Autoencode,filterbank+proj,1,312,0.0,-0.47153841999999996,0.08864867231404878,-0.4772426847680757,-0.4733697201646091,993,"{'decomposition': 'legendre', 'n_filters': 12, 'slowest': 0.015468638100899648, 'input_scaling': 0.8216619713233748, 'bias_dist': 'foldnorm', 'bias_scaling': 0.04249382119350724, 'lr': 0.7520411716638045, 'weight_increment': 0.001395793645992084, 'min_window': 19, 'max_window': 32, 'use_full_instance': True, 'max_partners': 20, 'homeostasis': 'mean', 'target': 0.69, 'spread': 0.36000000000000004, 'learning_rate': 0.01}",ppo,100,linear,0.01,,,,,,
Autoencode,filterbank+esn,1,312,4.237179487179487,-0.4876923,0.11369022242325855,-0.4905549700247218,-0.48628071340206186,738,"{'decomposition': 'legendre', 'n_filters': 12, 'slowest': 0.006397371281320229, 'input_scaling': 0.550142611755141, 'bias_dist': 'foldnorm', 'bias_scaling': 0.07438842372152364, 'lr': 0.6575600610814601, 'sr': 0.8663422541011234, 'rc_connectivity': 0.013579746643157644, 'learning_rate': 0.001}",dqn,100,linear,0.001,,,,,,
Autoencode,filterbank+proj,8,312,0.0,-0.45999986,0.061519336798119,-0.47270940861873917,-0.460113908436214,1017,"{'decomposition': 'legendre', 'n_filters': 12, 'slowest': 0.015468638100899648, 'input_scaling': 0.8216619713233748, 'bias_dist': 'foldnorm', 'bias_scaling': 0.04249382119350724, 'lr': 0.7520411716638045, 'weight_increment': 0.001395793645992084, 'min_window': 19, 'max_window': 32, 'use_full_instance': True, 'max_partners': 20, 'homeostasis': 'mean', 'target': 0.69, 'spread': 0.36000000000000004, 'learning_rate': 0.003}",ppo,100,linear,0.003,,,,,,
Autoencode,filterbank+esn,2,312,4.237179487179487,-0.48846149999999994,0.05921085329540522,-0.49296376957148735,-0.49750199484536084,727,"{'decomposition': 'legendre', 'n_filters': 12, 'slowest': 0.006397371281320229, 'input_scaling': 0.550142611755141, 'bias_dist': 'foldnorm', 'bias_scaling': 0.07438842372152364, 'lr': 0.6575600610814601, 'sr': 0.8663422541011234, 'rc_connectivity': 0.013579746643157644, 'learning_rate': 0.001}",dqn,100,linear,0.001,,,,,,
Autoencode,filterbank+proj,7,312,0.0,-0.5,0.0,-0.4993829048647537,-0.5,964,"{'decomposition': 'legendre', 'n_filters': 12, 'slowest': 0.015468638100899648, 'input_scaling': 0.8216619713233748, 'bias_dist': 'foldnorm', 'bias_scaling': 0.04249382119350724, 'lr': 0.7520411716638045, 'weight_increment': 0.001395793645992084, 'min_window': 19, 'max_window': 32, 'use_full_instance': True, 'max_partners': 20, 'homeostasis': 'mean', 'target': 0.69, 'spread': 0.36000000000000004, 'learning_rate': 0.01}",ppo,100,linear,0.01,,,,,,
Autoencode,filterbank+proj,4,312,0.0,-0.4607692,0.12767616468895046,-0.47694600010284893,-0.46961061522633746,986,"{'decomposition': 'legendre', 'n_filters': 12, 'slowest': 0.015468638100899648, 'input_scaling': 0.8216619713233748, 'bias_dist': 'foldnorm', 'bias_scaling': 0.04249382119350724, 'lr': 0.7520411716638045, 'weight_increment': 0.001395793645992084, 'min_window': 19, 'max_window': 32, 'use_full_instance': True, 'max_partners': 20, 'homeostasis': 'mean', 'target': 0.69, 'spread': 0.36000000000000004, 'learning_rate': 0.01}",ppo,100,linear,0.01,,,,,,
Autoencode,filterbank+esn,3,312,4.237179487179487,-0.48230754,0.035426569543894594,-0.4931380915739597,-0.4937747855670103,732,"{'decomposition': 'legendre', 'n_filters': 12, 'slowest': 0.006397371281320229, 'input_scaling': 0.550142611755141, 'bias_dist': 'foldnorm', 'bias_scaling': 0.07438842372152364, 'lr': 0.6575600610814601, 'sr': 0.8663422541011234, 'rc_connectivity': 0.013579746643157644, 'learning_rate': 0.001}",dqn,100,linear,0.001,,,,,,
Autoencode,filterbank+proj,3,312,0.0,-0.46384608,0.11131550442033489,-0.4760559679111386,-0.4703228755144034,1000,"{'decomposition': 'legendre', 'n_filters': 12, 'slowest': 0.015468638100899648, 'input_scaling': 0.8216619713233748, 'bias_dist': 'foldnorm', 'bias_scaling': 0.04249382119350724, 'lr': 0.7520411716638045, 'weight_increment': 0.001395793645992084, 'min_window': 19, 'max_window': 32, 'use_full_instance': True, 'max_partners': 20, 'homeostasis': 'mean', 'target': 0.69, 'spread': 0.36000000000000004, 'learning_rate': 0.01}",ppo,100,linear,0.01,,,,,,
Autoencode,filterbank+proj,5,312,0.0,-0.45461524000000003,0.10079275478833981,-0.48098876087627285,-0.47534818209876545,989,"{'decomposition': 'legendre', 'n_filters': 12, 'slowest': 0.015468638100899648, 'input_scaling': 0.8216619713233748, 'bias_dist': 'foldnorm', 'bias_scaling': 0.04249382119350724, 'lr': 0.7520411716638045, 'weight_increment': 0.001395793645992084, 'min_window': 19, 'max_window': 32, 'use_full_instance': True, 'max_partners': 20, 'homeostasis': 'mean', 'target': 0.69, 'spread': 0.36000000000000004, 'learning_rate': 0.01}",ppo,100,linear,0.01,,,,,,
Autoencode,filterbank+proj,6,312,0.0,-0.44692298,0.10956892513983879,-0.47666119243031985,-0.4643083096707819,985,"{'decomposition': 'legendre', 'n_filters': 12, 'slowest': 0.015468638100899648, 'input_scaling': 0.8216619713233748, 'bias_dist': 'foldnorm', 'bias_scaling': 0.04249382119350724, 'lr': 0.7520411716638045, 'weight_increment': 0.001395793645992084, 'min_window': 19, 'max_window': 32, 'use_full_instance': True, 'max_partners': 20, 'homeostasis': 'mean', 'target': 0.69, 'spread': 0.36000000000000004, 'learning_rate': 0.01}",ppo,100,linear,0.01,,,,,,
Autoencode,filterbank+proj,8,312,0.0,-0.43923071999999996,0.08034326020545593,-0.4842285007713668,-0.47570431069958846,987,"{'decomposition': 'legendre', 'n_filters': 12, 'slowest': 0.015468638100899648, 'input_scaling': 0.8216619713233748, 'bias_dist': 'foldnorm', 'bias_scaling': 0.04249382119350724, 'lr': 0.7520411716638045, 'weight_increment': 0.001395793645992084, 'min_window': 19, 'max_window': 32, 'use_full_instance': True, 'max_partners': 20, 'homeostasis': 'mean', 'target': 0.69, 'spread': 0.36000000000000004, 'learning_rate': 0.01}",ppo,100,linear,0.01,,,,,,
Autoencode,filterbank+proj,9,312,0.0,-0.45230768000000005,0.0921666775969363,-0.481321038671192,-0.48468660288065846,993,"{'decomposition': 'legendre', 'n_filters': 12, 'slowest': 0.015468638100899648, 'input_scaling': 0.8216619713233748, 'bias_dist': 'foldnorm', 'bias_scaling': 0.04249382119350724, 'lr': 0.7520411716638045, 'weight_increment': 0.001395793645992084, 'min_window': 19, 'max_window': 32, 'use_full_instance': True, 'max_partners': 20, 'homeostasis': 'mean', 'target': 0.69, 'spread': 0.36000000000000004, 'learning_rate': 0.01}",ppo,100,linear,0.01,,,,,,
Autoencode,filterbank+esn,4,312,4.237179487179487,-0.48153845999999995,0.08076562520929556,-0.48679914421096,-0.48172083814432987,722,"{'decomposition': 'legendre', 'n_filters': 12, 'slowest': 0.006397371281320229, 'input_scaling': 0.550142611755141, 'bias_dist': 'foldnorm', 'bias_scaling': 0.07438842372152364, 'lr': 0.6575600610814601, 'sr': 0.8663422541011234, 'rc_connectivity': 0.013579746643157644, 'learning_rate': 0.001}",dqn,100,linear,0.001,,,,,,
Autoencode,filterbank+esn,5,312,4.237179487179487,-0.48153848,0.0884583315545212,-0.49213178831891224,-0.4899682721649485,727,"{'decomposition': 'legendre', 'n_filters': 12, 'slowest': 0.006397371281320229, 'input_scaling': 0.550142611755141, 'bias_dist': 'foldnorm', 'bias_scaling': 0.07438842372152364, 'lr': 0.6575600610814601, 'sr': 0.8663422541011234, 'rc_connectivity': 0.013579746643157644, 'learning_rate': 0.001}",dqn,100,linear,0.001,,,,,,
Autoencode,filterbank+esn,6,312,4.237179487179487,-0.49076928000000003,0.10893800782115304,-0.48746473104655946,-0.4791435226804124,727,"{'decomposition': 'legendre', 'n_filters': 12, 'slowest': 0.006397371281320229, 'input_scaling': 0.550142611755141, 'bias_dist': 'foldnorm', 'bias_scaling': 0.07438842372152364, 'lr': 0.6575600610814601, 'sr': 0.8663422541011234, 'rc_connectivity': 0.013579746643157644, 'learning_rate': 0.001}",dqn,100,linear,0.001,,,,,,
Autoencode,filterbank+esn,7,312,4.237179487179487,-0.49846156,0.08564425358940551,-0.48845519015245153,-0.4836637597938145,728,"{'decomposition': 'legendre', 'n_filters': 12, 'slowest': 0.006397371281320229, 'input_scaling': 0.550142611755141, 'bias_dist': 'foldnorm', 'bias_scaling': 0.07438842372152364, 'lr': 0.6575600610814601, 'sr': 0.8663422541011234, 'rc_connectivity': 0.013579746643157644, 'learning_rate': 0.001}",dqn,100,linear,0.001,,,,,,
Autoencode,filterbank+esn,1,312,4.237179487179487,-0.5053846399999999,0.07175328519413168,-0.491937656262876,-0.488620130927835,709,"{'decomposition': 'legendre', 'n_filters': 12, 'slowest': 0.006397371281320229, 'input_scaling': 0.550142611755141, 'bias_dist': 'foldnorm', 'bias_scaling': 0.07438842372152364, 'lr': 0.6575600610814601, 'sr': 0.8663422541011234, 'rc_connectivity': 0.013579746643157644, 'learning_rate': 0.003}",dqn,100,linear,0.003,,,,,,
Autoencode,filterbank+esn,2,312,4.237179487179487,-0.47846148,0.06397123680631475,-0.4944177699835187,-0.5014670958762887,709,"{'decomposition': 'legendre', 'n_filters': 12, 'slowest': 0.006397371281320229, 'input_scaling': 0.550142611755141, 'bias_dist': 'foldnorm', 'bias_scaling': 0.07438842372152364, 'lr': 0.6575600610814601, 'sr': 0.8663422541011234, 'rc_connectivity': 0.013579746643157644, 'learning_rate': 0.003}",dqn,100,linear,0.003,,,,,,
Autoencode,filterbank+esn,8,312,4.237179487179487,-0.49230764,0.027735131845917013,-0.4884512283683559,-0.48826327731958763,718,"{'decomposition': 'legendre', 'n_filters': 12, 'slowest': 0.006397371281320229, 'input_scaling': 0.550142611755141, 'bias_dist': 'foldnorm', 'bias_scaling': 0.07438842372152364, 'lr': 0.6575600610814601, 'sr': 0.8663422541011234, 'rc_connectivity': 0.013579746643157644, 'learning_rate': 0.001}",dqn,100,linear,0.001,,,,,,
Autoencode,filterbank+esn,3,312,4.237179487179487,-0.4946154,0.07297975191380139,-0.49405724206839724,-0.4879460690721649,710,"{'decomposition': 'legendre', 'n_filters': 12, 'slowest': 0.006397371281320229, 'input_scaling': 0.550142611755141, 'bias_dist': 'foldnorm', 'bias_scaling': 0.07438842372152364, 'lr': 0.6575600610814601, 'sr': 0.8663422541011234, 'rc_connectivity': 0.013579746643157644, 'learning_rate': 0.003}",dqn,100,linear,0.003,,,,,,
Autoencode,filterbank+esn,9,312,4.237179487179487,-0.47999994,0.050582583152863986,-0.490899655026782,-0.4821966536082474,724,"{'decomposition': 'legendre', 'n_filters': 12, 'slowest': 0.006397371281320229, 'input_scaling': 0.550142611755141, 'bias_dist': 'foldnorm', 'bias_scaling': 0.07438842372152364, 'lr': 0.6575600610814601, 'sr': 0.8663422541011234, 'rc_connectivity': 0.013579746643157644, 'learning_rate': 0.001}",dqn,100,linear,0.001,,,,,,
Autoencode,filterbank+esn,0,312,4.237179487179487,-0.4630769,0.10958779658269438,-0.4929915086526576,-0.4873116536082474,723,"{'decomposition': 'legendre', 'n_filters': 12, 'slowest': 0.006397371281320229, 'input_scaling': 0.550142611755141, 'bias_dist': 'foldnorm', 'bias_scaling': 0.07438842372152364, 'lr': 0.6575600610814601, 'sr': 0.8663422541011234, 'rc_connectivity': 0.013579746643157644, 'learning_rate': 0.003}",dqn,100,linear,0.003,,,,,,
Autoencode,filterbank+esn,4,312,4.237179487179487,-0.47846148000000005,0.04689173571333866,-0.4905945878656777,-0.4910785041237113,727,"{'decomposition': 'legendre', 'n_filters': 12, 'slowest': 0.006397371281320229, 'input_scaling': 0.550142611755141, 'bias_dist': 'foldnorm', 'bias_scaling': 0.07438842372152364, 'lr': 0.6575600610814601, 'sr': 0.8663422541011234, 'rc_connectivity': 0.013579746643157644, 'learning_rate': 0.003}",dqn,100,linear,0.003,,,,,,
Autoencode,filterbank+esn,6,312,4.237179487179487,-0.4730769,0.10610098098401352,-0.4942672182735887,-0.4890166608247422,719,"{'decomposition': 'legendre', 'n_filters': 12, 'slowest': 0.006397371281320229, 'input_scaling': 0.550142611755141, 'bias_dist': 'foldnorm', 'bias_scaling': 0.07438842372152364, 'lr': 0.6575600610814601, 'sr': 0.8663422541011234, 'rc_connectivity': 0.013579746643157644, 'learning_rate': 0.003}",dqn,100,linear,0.003,,,,,,
Autoencode,filterbank+esn,5,312,4.237179487179487,-0.49538464000000004,0.027348294669145276,-0.4943543793778327,-0.4940127010309278,723,"{'decomposition': 'legendre', 'n_filters': 12, 'slowest': 0.006397371281320229, 'input_scaling': 0.550142611755141, 'bias_dist': 'foldnorm', 'bias_scaling': 0.07438842372152364, 'lr': 0.6575600610814601, 'sr': 0.8663422541011234, 'rc_connectivity': 0.013579746643157644, 'learning_rate': 0.003}",dqn,100,linear,0.003,,,,,,
Autoencode,filterbank+esn,7,312,4.237179487179487,-0.48769231999999996,0.06029526320182705,-0.4935342742068397,-0.4990880164948454,722,"{'decomposition': 'legendre', 'n_filters': 12, 'slowest': 0.006397371281320229, 'input_scaling': 0.550142611755141, 'bias_dist': 'foldnorm', 'bias_scaling': 0.07438842372152364, 'lr': 0.6575600610814601, 'sr': 0.8663422541011234, 'rc_connectivity': 0.013579746643157644, 'learning_rate': 0.003}",dqn,100,linear,0.003,,,,,,
Autoencode,filterbank+esn,9,312,4.237179487179487,-0.48076921999999994,0.11972609000252034,-0.49269436392665844,-0.49008722164948454,710,"{'decomposition': 'legendre', 'n_filters': 12, 'slowest': 0.006397371281320229, 'input_scaling': 0.550142611755141, 'bias_dist': 'foldnorm', 'bias_scaling': 0.07438842372152364, 'lr': 0.6575600610814601, 'sr': 0.8663422541011234, 'rc_connectivity': 0.013579746643157644, 'learning_rate': 0.003}",dqn,100,linear,0.003,,,,,,
Autoencode,filterbank+esn,8,312,4.237179487179487,-0.49538457999999996,0.027348425179589412,-0.49259928440461476,-0.4902458360824742,718,"{'decomposition': 'legendre', 'n_filters': 12, 'slowest': 0.006397371281320229, 'input_scaling': 0.550142611755141, 'bias_dist': 'foldnorm', 'bias_scaling': 0.07438842372152364, 'lr': 0.6575600610814601, 'sr': 0.8663422541011234, 'rc_connectivity': 0.013579746643157644, 'learning_rate': 0.003}",dqn,100,linear,0.003,,,,,,
Autoencode,filterbank+hag,0,312,3.0224358974358974,-0.49230763999999994,0.10547168901440045,-0.49244872579316035,-0.49064233711340205,719,"{'decomposition': 'legendre', 'n_filters': 12, 'slowest': 0.015468638100899648, 'input_scaling': 0.8216619713233748, 'bias_dist': 'foldnorm', 'bias_scaling': 0.04249382119350724, 'lr': 0.7520411716638045, 'weight_increment': 0.001395793645992084, 'min_window': 19, 'max_window': 32, 'use_full_instance': True, 'max_partners': 20, 'homeostasis': 'mean', 'target': 0.69, 'spread': 0.36000000000000004, 'learning_rate': 0.0001}",dqn,100,linear,0.0001,,,,,,
Autoencode,filterbank+hag,2,312,3.1378205128205128,-0.49615384,0.06261100022531503,-0.49260720065925007,-0.49369547422680415,720,"{'decomposition': 'legendre', 'n_filters': 12, 'slowest': 0.015468638100899648, 'input_scaling': 0.8216619713233748, 'bias_dist': 'foldnorm', 'bias_scaling': 0.04249382119350724, 'lr': 0.7520411716638045, 'weight_increment': 0.001395793645992084, 'min_window': 19, 'max_window': 32, 'use_full_instance': True, 'max_partners': 20, 'homeostasis': 'mean', 'target': 0.69, 'spread': 0.36000000000000004, 'learning_rate': 0.0001}",dqn,100,linear,0.0001,,,,,,
Autoencode,filterbank+hag,4,312,2.8653846153846154,-0.50615386,0.10098924048412485,-0.48641880706633706,-0.4812450422680412,711,"{'decomposition': 'legendre', 'n_filters': 12, 'slowest': 0.015468638100899648, 'input_scaling': 0.8216619713233748, 'bias_dist': 'foldnorm', 'bias_scaling': 0.04249382119350724, 'lr': 0.7520411716638045, 'weight_increment': 0.001395793645992084, 'min_window': 19, 'max_window': 32, 'use_full_instance': True, 'max_partners': 20, 'homeostasis': 'mean', 'target': 0.69, 'spread': 0.36000000000000004, 'learning_rate': 0.0001}",dqn,100,linear,0.0001,,,,,,
Autoencode,filterbank+hag,1,312,3.3108974358974357,-0.4953846,0.0459225999207362,-0.492076316131026,-0.4832672340206186,727,"{'decomposition': 'legendre', 'n_filters': 12, 'slowest': 0.015468638100899648, 'input_scaling': 0.8216619713233748, 'bias_dist': 'foldnorm', 'bias_scaling': 0.04249382119350724, 'lr': 0.7520411716638045, 'weight_increment': 0.001395793645992084, 'min_window': 19, 'max_window': 32, 'use_full_instance': True, 'max_partners': 20, 'homeostasis': 'mean', 'target': 0.69, 'spread': 0.36000000000000004, 'learning_rate': 0.0001}",dqn,100,linear,0.0001,,,,,,
Autoencode,filterbank+hag,6,312,3.6794871794871793,-0.49692302000000005,0.1051458198730677,-0.49195746209311914,-0.48362410721649485,713,"{'decomposition': 'legendre', 'n_filters': 12, 'slowest': 0.015468638100899648, 'input_scaling': 0.8216619713233748, 'bias_dist': 'foldnorm', 'bias_scaling': 0.04249382119350724, 'lr': 0.7520411716638045, 'weight_increment': 0.001395793645992084, 'min_window': 19, 'max_window': 32, 'use_full_instance': True, 'max_partners': 20, 'homeostasis': 'mean', 'target': 0.69, 'spread': 0.36000000000000004, 'learning_rate': 0.0001}",dqn,100,linear,0.0001,,,,,,
Autoencode,filterbank+hag,5,312,3.269230769230769,-0.49769233999999996,0.048290432071626775,-0.48850670127729706,-0.486716893814433,719,"{'decomposition': 'legendre', 'n_filters': 12, 'slowest': 0.015468638100899648, 'input_scaling': 0.8216619713233748, 'bias_dist': 'foldnorm', 'bias_scaling': 0.04249382119350724, 'lr': 0.7520411716638045, 'weight_increment': 0.001395793645992084, 'min_window': 19, 'max_window': 32, 'use_full_instance': True, 'max_partners': 20, 'homeostasis': 'mean', 'target': 0.69, 'spread': 0.36000000000000004, 'learning_rate': 0.0001}",dqn,100,linear,0.0001,,,,,,
Autoencode,filterbank+hag,3,312,3.1121794871794872,-0.49846154000000004,0.10795587748764954,-0.49023010527400085,-0.4868754907216495,730,"{'decomposition': 'legendre', 'n_filters': 12, 'slowest': 0.015468638100899648, 'input_scaling': 0.8216619713233748, 'bias_dist': 'foldnorm', 'bias_scaling': 0.04249382119350724, 'lr': 0.7520411716638045, 'weight_increment': 0.001395793645992084, 'min_window': 19, 'max_window': 32, 'use_full_instance': True, 'max_partners': 20, 'homeostasis': 'mean', 'target': 0.69, 'spread': 0.36000000000000004, 'learning_rate': 0.0001}",dqn,100,linear,0.0001,,,,,,
Autoencode,filterbank+hag,8,312,2.9743589743589745,-0.4769231,0.10088381271903832,-0.48937434198599084,-0.48988898041237117,721,"{'decomposition': 'legendre', 'n_filters': 12, 'slowest': 0.015468638100899648, 'input_scaling': 0.8216619713233748, 'bias_dist': 'foldnorm', 'bias_scaling': 0.04249382119350724, 'lr': 0.7520411716638045, 'weight_increment': 0.001395793645992084, 'min_window': 19, 'max_window': 32, 'use_full_instance': True, 'max_partners': 20, 'homeostasis': 'mean', 'target': 0.69, 'spread': 0.36000000000000004, 'learning_rate': 0.0001}",dqn,100,linear,0.0001,,,,,,
Autoencode,filterbank+hag,7,312,3.1121794871794872,-0.47384603999999997,0.09180645043197345,-0.49308658724763077,-0.4924662855670104,724,"{'decomposition': 'legendre', 'n_filters': 12, 'slowest': 0.015468638100899648, 'input_scaling': 0.8216619713233748, 'bias_dist': 'foldnorm', 'bias_scaling': 0.04249382119350724, 'lr': 0.7520411716638045, 'weight_increment': 0.001395793645992084, 'min_window': 19, 'max_window': 32, 'use_full_instance': True, 'max_partners': 20, 'homeostasis': 'mean', 'target': 0.69, 'spread': 0.36000000000000004, 'learning_rate': 0.0001}",dqn,100,linear,0.0001,,,,,,
Autoencode,filterbank+hag,9,312,3.1153846153846154,-0.47923069999999995,0.08327976923941371,-0.489413954367532,-0.4799365309278351,723,"{'decomposition': 'legendre', 'n_filters': 12, 'slowest': 0.015468638100899648, 'input_scaling': 0.8216619713233748, 'bias_dist': 'foldnorm', 'bias_scaling': 0.04249382119350724, 'lr': 0.7520411716638045, 'weight_increment': 0.001395793645992084, 'min_window': 19, 'max_window': 32, 'use_full_instance': True, 'max_partners': 20, 'homeostasis': 'mean', 'target': 0.69, 'spread': 0.36000000000000004, 'learning_rate': 0.0001}",dqn,100,linear,0.0001,,,,,,
Autoencode,filterbank+hag,0,312,3.0224358974358974,-0.5,0.0,-0.494081010197775,-0.4879460752577319,725,"{'decomposition': 'legendre', 'n_filters': 12, 'slowest': 0.015468638100899648, 'input_scaling': 0.8216619713233748, 'bias_dist': 'foldnorm', 'bias_scaling': 0.04249382119350724, 'lr': 0.7520411716638045, 'weight_increment': 0.001395793645992084, 'min_window': 19, 'max_window': 32, 'use_full_instance': True, 'max_partners': 20, 'homeostasis': 'mean', 'target': 0.69, 'spread': 0.36000000000000004, 'learning_rate': 0.0003}",dqn,100,linear,0.0003,,,,,,
Autoencode,filterbank+hag,2,312,3.1378205128205128,-0.5092306999999999,0.0928064658026045,-0.49540030366707866,-0.4975416422680412,720,"{'decomposition': 'legendre', 'n_filters': 12, 'slowest': 0.015468638100899648, 'input_scaling': 0.8216619713233748, 'bias_dist': 'foldnorm', 'bias_scaling': 0.04249382119350724, 'lr': 0.7520411716638045, 'weight_increment': 0.001395793645992084, 'min_window': 19, 'max_window': 32, 'use_full_instance': True, 'max_partners': 20, 'homeostasis': 'mean', 'target': 0.69, 'spread': 0.36000000000000004, 'learning_rate': 0.0003}",dqn,100,linear,0.0003,,,,,,
Autoencode,filterbank+hag,1,312,3.3108974358974357,-0.48615388,0.06955494181915185,-0.49652942933662964,-0.4951229278350515,733,"{'decomposition': 'legendre', 'n_filters': 12, 'slowest': 0.015468638100899648, 'input_scaling': 0.8216619713233748, 'bias_dist': 'foldnorm', 'bias_scaling': 0.04249382119350724, 'lr': 0.7520411716638045, 'weight_increment': 0.001395793645992084, 'min_window': 19, 'max_window': 32, 'use_full_instance': True, 'max_partners': 20, 'homeostasis': 'mean', 'target': 0.69, 'spread': 0.36000000000000004, 'learning_rate': 0.0003}",dqn,100,linear,0.0003,,,,,,
Autoencode,filterbank+hag,4,312,2.8653846153846154,-0.48846156,0.05506872006036094,-0.4940611984960857,-0.49591594329896904,723,"{'decomposition': 'legendre', 'n_filters': 12, 'slowest': 0.015468638100899648, 'input_scaling': 0.8216619713233748, 'bias_dist': 'foldnorm', 'bias_scaling': 0.04249382119350724, 'lr': 0.7520411716638045, 'weight_increment': 0.001395793645992084, 'min_window': 19, 'max_window': 32, 'use_full_instance': True, 'max_partners': 20, 'homeostasis': 'mean', 'target': 0.69, 'spread': 0.36000000000000004, 'learning_rate': 0.0003}",dqn,100,linear,0.0003,,,,,,
Autoencode,filterbank+hag,3,312,3.1121794871794872,-0.48461534,0.11013714119180869,-0.4960579708487845,-0.49353686185567014,729,"{'decomposition': 'legendre', 'n_filters': 12, 'slowest': 0.015468638100899648, 'input_scaling': 0.8216619713233748, 'bias_dist': 'foldnorm', 'bias_scaling': 0.04249382119350724, 'lr': 0.7520411716638045, 'weight_increment': 0.001395793645992084, 'min_window': 19, 'max_window': 32, 'use_full_instance': True, 'max_partners': 20, 'homeostasis': 'mean', 'target': 0.69, 'spread': 0.36000000000000004, 'learning_rate': 0.0003}",dqn,100,linear,0.0003,,,,,,
Autoencode,filterbank+hag,7,312,3.1121794871794872,-0.46307687999999997,0.06835357357319075,-0.4955469035846724,-0.4931403886597938,718,"{'decomposition': 'legendre', 'n_filters': 12, 'slowest': 0.015468638100899648, 'input_scaling': 0.8216619713233748, 'bias_dist': 'foldnorm', 'bias_scaling': 0.04249382119350724, 'lr': 0.7520411716638045, 'weight_increment': 0.001395793645992084, 'min_window': 19, 'max_window': 32, 'use_full_instance': True, 'max_partners': 20, 'homeostasis': 'mean', 'target': 0.69, 'spread': 0.36000000000000004, 'learning_rate': 0.0003}",dqn,100,linear,0.0003,,,,,,
Autoencode,filterbank+hag,5,312,3.269230769230769,-0.47538459999999993,0.0574405755197491,-0.4933322231149566,-0.49183186391752576,728,"{'decomposition': 'legendre', 'n_filters': 12, 'slowest': 0.015468638100899648, 'input_scaling': 0.8216619713233748, 'bias_dist': 'foldnorm', 'bias_scaling': 0.04249382119350724, 'lr': 0.7520411716638045, 'weight_increment': 0.001395793645992084, 'min_window': 19, 'max_window': 32, 'use_full_instance': True, 'max_partners': 20, 'homeostasis': 'mean', 'target': 0.69, 'spread': 0.36000000000000004, 'learning_rate': 0.0003}",dqn,100,linear,0.0003,,,,,,
Autoencode,filterbank+hag,6,312,3.6794871794871793,-0.51461538,0.08527373406152447,-0.49520617449526166,-0.4873909618556701,725,"{'decomposition': 'legendre', 'n_filters': 12, 'slowest': 0.015468638100899648, 'input_scaling': 0.8216619713233748, 'bias_dist': 'foldnorm', 'bias_scaling': 0.04249382119350724, 'lr': 0.7520411716638045, 'weight_increment': 0.001395793645992084, 'min_window': 19, 'max_window': 32, 'use_full_instance': True, 'max_partners': 20, 'homeostasis': 'mean', 'target': 0.69, 'spread': 0.36000000000000004, 'learning_rate': 0.0003}",dqn,100,linear,0.0003,,,,,,
Autoencode,filterbank+hag,8,312,2.9743589743589745,-0.49307685999999995,0.08056390283694305,-0.496129285434693,-0.4946867371134021,722,"{'decomposition': 'legendre', 'n_filters': 12, 'slowest': 0.015468638100899648, 'input_scaling': 0.8216619713233748, 'bias_dist': 'foldnorm', 'bias_scaling': 0.04249382119350724, 'lr': 0.7520411716638045, 'weight_increment': 0.001395793645992084, 'min_window': 19, 'max_window': 32, 'use_full_instance': True, 'max_partners': 20, 'homeostasis': 'mean', 'target': 0.69, 'spread': 0.36000000000000004, 'learning_rate': 0.0003}",dqn,100,linear,0.0003,,,,,,
Autoencode,filterbank+hag,9,312,3.1153846153846154,-0.4961539,0.10526108509591757,-0.4959985392459827,-0.49226805257731954,721,"{'decomposition': 'legendre', 'n_filters': 12, 'slowest': 0.015468638100899648, 'input_scaling': 0.8216619713233748, 'bias_dist': 'foldnorm', 'bias_scaling': 0.04249382119350724, 'lr': 0.7520411716638045, 'weight_increment': 0.001395793645992084, 'min_window': 19, 'max_window': 32, 'use_full_instance': True, 'max_partners': 20, 'homeostasis': 'mean', 'target': 0.69, 'spread': 0.36000000000000004, 'learning_rate': 0.0003}",dqn,100,linear,0.0003,,,,,,
Autoencode,filterbank+hag,2,312,3.1378205128205128,-0.5169231999999999,0.07774956671493417,-0.49717917325916766,-0.4948453649484536,723,"{'decomposition': 'legendre', 'n_filters': 12, 'slowest': 0.015468638100899648, 'input_scaling': 0.8216619713233748, 'bias_dist': 'foldnorm', 'bias_scaling': 0.04249382119350724, 'lr': 0.7520411716638045, 'weight_increment': 0.001395793645992084, 'min_window': 19, 'max_window': 32, 'use_full_instance': True, 'max_partners': 20, 'homeostasis': 'mean', 'target': 0.69, 'spread': 0.36000000000000004, 'learning_rate': 0.001}",dqn,100,linear,0.001,,,,,,
Autoencode,filterbank+hag,1,312,3.3108974358974357,-0.5,0.0,-0.4960936288627936,-0.4917129195876289,724,"{'decomposition': 'legendre', 'n_filters': 12, 'slowest': 0.015468638100899648, 'input_scaling': 0.8216619713233748, 'bias_dist': 'foldnorm', 'bias_scaling': 0.04249382119350724, 'lr': 0.7520411716638045, 'weight_increment': 0.001395793645992084, 'min_window': 19, 'max_window': 32, 'use_full_instance': True, 'max_partners': 20, 'homeostasis': 'mean', 'target': 0.69, 'spread': 0.36000000000000004, 'learning_rate': 0.001}",dqn,100,linear,0.001,,,,,,
Autoencode,filterbank+hag,0,312,3.0224358974358974,-0.49076921999999995,0.06552485622671446,-0.49620455819942316,-0.49436955051546394,725,"{'decomposition': 'legendre', 'n_filters': 12, 'slowest': 0.015468638100899648, 'input_scaling': 0.8216619713233748, 'bias_dist': 'foldnorm', 'bias_scaling': 0.04249382119350724, 'lr': 0.7520411716638045, 'weight_increment': 0.001395793645992084, 'min_window': 19, 'max_window': 32, 'use_full_instance': True, 'max_partners': 20, 'homeostasis': 'mean', 'target': 0.69, 'spread': 0.36000000000000004, 'learning_rate': 0.001}",dqn,100,linear,0.001,,,,,,
Autoencode,filterbank+hag,3,312,3.1121794871794872,-0.50692308,0.1137553003594716,-0.4971553976102183,-0.49329896597938144,724,"{'decomposition': 'legendre', 'n_filters': 12, 'slowest': 0.015468638100899648, 'input_scaling': 0.8216619713233748, 'bias_dist': 'foldnorm', 'bias_scaling': 0.04249382119350724, 'lr': 0.7520411716638045, 'weight_increment': 0.001395793645992084, 'min_window': 19, 'max_window': 32, 'use_full_instance': True, 'max_partners': 20, 'homeostasis': 'mean', 'target': 0.69, 'spread': 0.36000000000000004, 'learning_rate': 0.001}",dqn,100,linear,0.001,,,,,,
Autoencode,filterbank+hag,6,312,3.6794871794871793,-0.49538461999999994,0.02126201257443895,-0.4959549659044088,-0.4969468618556701,720,"{'decomposition': 'legendre', 'n_filters': 12, 'slowest': 0.015468638100899648, 'input_scaling': 0.8216619713233748, 'bias_dist': 'foldnorm', 'bias_scaling': 0.04249382119350724, 'lr': 0.7520411716638045, 'weight_increment': 0.001395793645992084, 'min_window': 19, 'max_window': 32, 'use_full_instance': True, 'max_partners': 20, 'homeostasis': 'mean', 'target': 0.69, 'spread': 0.36000000000000004, 'learning_rate': 0.001}",dqn,100,linear,0.001,,,,,,
Autoencode,filterbank+hag,5,312,3.269230769230769,-0.49923078,0.06412367224427809,-0.4966165917799753,-0.495876287628866,728,"{'decomposition': 'legendre', 'n_filters': 12, 'slowest': 0.015468638100899648, 'input_scaling': 0.8216619713233748, 'bias_dist': 'foldnorm', 'bias_scaling': 0.04249382119350724, 'lr': 0.7520411716638045, 'weight_increment': 0.001395793645992084, 'min_window': 19, 'max_window': 32, 'use_full_instance': True, 'max_partners': 20, 'homeostasis': 'mean', 'target': 0.69, 'spread': 0.36000000000000004, 'learning_rate': 0.001}",dqn,100,linear,0.001,,,,,,
Autoencode,filterbank+hag,4,312,2.8653846153846154,-0.5023077,0.07746358235848635,-0.4946792432014833,-0.4969865154639175,733,"{'decomposition': 'legendre', 'n_filters': 12, 'slowest': 0.015468638100899648, 'input_scaling': 0.8216619713233748, 'bias_dist': 'foldnorm', 'bias_scaling': 0.04249382119350724, 'lr': 0.7520411716638045, 'weight_increment': 0.001395793645992084, 'min_window': 19, 'max_window': 32, 'use_full_instance': True, 'max_partners': 20, 'homeostasis': 'mean', 'target': 0.69, 'spread': 0.36000000000000004, 'learning_rate': 0.001}",dqn,100,linear,0.001,,,,,,
Autoencode,filterbank+hag,7,312,3.1121794871794872,-0.49076917999999997,0.06275728777845327,-0.49669979408735054,-0.4931800164948453,723,"{'decomposition': 'legendre', 'n_filters': 12, 'slowest': 0.015468638100899648, 'input_scaling': 0.8216619713233748, 'bias_dist': 'foldnorm', 'bias_scaling': 0.04249382119350724, 'lr': 0.7520411716638045, 'weight_increment': 0.001395793645992084, 'min_window': 19, 'max_window': 32, 'use_full_instance': True, 'max_partners': 20, 'homeostasis': 'mean', 'target': 0.69, 'spread': 0.36000000000000004, 'learning_rate': 0.001}",dqn,100,linear,0.001,,,,,,
Autoencode,filterbank+hag,8,312,2.9743589743589745,-0.49923078000000004,0.014370483144682367,-0.49840734816646065,-0.49968279793814435,725,"{'decomposition': 'legendre', 'n_filters': 12, 'slowest': 0.015468638100899648, 'input_scaling': 0.8216619713233748, 'bias_dist': 'foldnorm', 'bias_scaling': 0.04249382119350724, 'lr': 0.7520411716638045, 'weight_increment': 0.001395793645992084, 'min_window': 19, 'max_window': 32, 'use_full_instance': True, 'max_partners': 20, 'homeostasis': 'mean', 'target': 0.69, 'spread': 0.36000000000000004, 'learning_rate': 0.001}",dqn,100,linear,0.001,,,,,,
Autoencode,filterbank+hag,9,312,3.1153846153846154,-0.5,0.0,-0.4978685297692625,-0.49730372989690713,727,"{'decomposition': 'legendre', 'n_filters': 12, 'slowest': 0.015468638100899648, 'input_scaling': 0.8216619713233748, 'bias_dist': 'foldnorm', 'bias_scaling': 0.04249382119350724, 'lr': 0.7520411716638045, 'weight_increment': 0.001395793645992084, 'min_window': 19, 'max_window': 32, 'use_full_instance': True, 'max_partners': 20, 'homeostasis': 'mean', 'target': 0.69, 'spread': 0.36000000000000004, 'learning_rate': 0.001}",dqn,100,linear,0.001,,,,,,
Autoencode,filterbank+hag,0,312,3.0224358974358974,-0.48461543999999995,0.09262773071346614,-0.49797154007004535,-0.4929421103092783,725,"{'decomposition': 'legendre', 'n_filters': 12, 'slowest': 0.015468638100899648, 'input_scaling': 0.8216619713233748, 'bias_dist': 'foldnorm', 'bias_scaling': 0.04249382119350724, 'lr': 0.7520411716638045, 'weight_increment': 0.001395793645992084, 'min_window': 19, 'max_window': 32, 'use_full_instance': True, 'max_partners': 20, 'homeostasis': 'mean', 'target': 0.69, 'spread': 0.36000000000000004, 'learning_rate': 0.003}",dqn,100,linear,0.003,,,,,,
Autoencode,filterbank+hag,5,312,3.269230769230769,-0.49615381999999997,0.02339542589284495,-0.49851430995055623,-0.5011895257731959,709,"{'decomposition': 'legendre', 'n_filters': 12, 'slowest': 0.015468638100899648, 'input_scaling': 0.8216619713233748, 'bias_dist': 'foldnorm', 'bias_scaling': 0.04249382119350724, 'lr': 0.7520411716638045, 'weight_increment': 0.001395793645992084, 'min_window': 19, 'max_window': 32, 'use_full_instance': True, 'max_partners': 20, 'homeostasis': 'mean', 'target': 0.69, 'spread': 0.36000000000000004, 'learning_rate': 0.003}",dqn,100,linear,0.003,,,,,,
Autoencode,filterbank+hag,1,312,3.3108974358974357,-0.44846140000000007,0.08235092710686381,-0.497547623197363,-0.5002775639175258,724,"{'decomposition': 'legendre', 'n_filters': 12, 'slowest': 0.015468638100899648, 'input_scaling': 0.8216619713233748, 'bias_dist': 'foldnorm', 'bias_scaling': 0.04249382119350724, 'lr': 0.7520411716638045, 'weight_increment': 0.001395793645992084, 'min_window': 19, 'max_window': 32, 'use_full_instance': True, 'max_partners': 20, 'homeostasis': 'mean', 'target': 0.69, 'spread': 0.36000000000000004, 'learning_rate': 0.003}",dqn,100,linear,0.003,,,,,,
Autoencode,filterbank+hag,3,312,3.1121794871794872,-0.49384614000000004,0.07065224407618204,-0.49696919365471776,-0.48798570412371134,719,"{'decomposition': 'legendre', 'n_filters': 12, 'slowest': 0.015468638100899648, 'input_scaling': 0.8216619713233748, 'bias_dist': 'foldnorm', 'bias_scaling': 0.04249382119350724, 'lr': 0.7520411716638045, 'weight_increment': 0.001395793645992084, 'min_window': 19, 'max_window': 32, 'use_full_instance': True, 'max_partners': 20, 'homeostasis': 'mean', 'target': 0.69, 'spread': 0.36000000000000004, 'learning_rate': 0.003}",dqn,100,linear,0.003,,,,,,
Autoencode,filterbank+hag,2,312,3.1378205128205128,-0.50153846,0.010769219999999996,-0.49855393232385653,-0.5001189525773196,726,"{'decomposition': 'legendre', 'n_filters': 12, 'slowest': 0.015468638100899648, 'input_scaling': 0.8216619713233748, 'bias_dist': 'foldnorm', 'bias_scaling': 0.04249382119350724, 'lr': 0.7520411716638045, 'weight_increment': 0.001395793645992084, 'min_window': 19, 'max_window': 32, 'use_full_instance': True, 'max_partners': 20, 'homeostasis': 'mean', 'target': 0.69, 'spread': 0.36000000000000004, 'learning_rate': 0.003}",dqn,100,linear,0.003,,,,,,
Autoencode,filterbank+hag,8,312,2.9743589743589745,-0.4946154199999999,0.06794108674965096,-0.4972465212196127,-0.49357654123711336,724,"{'decomposition': 'legendre', 'n_filters': 12, 'slowest': 0.015468638100899648, 'input_scaling': 0.8216619713233748, 'bias_dist': 'foldnorm', 'bias_scaling': 0.04249382119350724, 'lr': 0.7520411716638045, 'weight_increment': 0.001395793645992084, 'min_window': 19, 'max_window': 32, 'use_full_instance': True, 'max_partners': 20, 'homeostasis': 'mean', 'target': 0.69, 'spread': 0.36000000000000004, 'learning_rate': 0.003}",dqn,100,linear,0.003,,,,,,
Autoencode,filterbank+hag,6,312,3.6794871794871793,-0.49769228,0.019475601244675348,-0.4991997159044087,-0.49968278762886603,728,"{'decomposition': 'legendre', 'n_filters': 12, 'slowest': 0.015468638100899648, 'input_scaling': 0.8216619713233748, 'bias_dist': 'foldnorm', 'bias_scaling': 0.04249382119350724, 'lr': 0.7520411716638045, 'weight_increment': 0.001395793645992084, 'min_window': 19, 'max_window': 32, 'use_full_instance': True, 'max_partners': 20, 'homeostasis': 'mean', 'target': 0.69, 'spread': 0.36000000000000004, 'learning_rate': 0.003}",dqn,100,linear,0.003,,,,,,
Autoencode,filterbank+proj,0,312,0.0,-0.48692302,0.10976310500974179,-0.4924645830243098,-0.48612212577319586,718,"{'decomposition': 'legendre', 'n_filters': 12, 'slowest': 0.015468638100899648, 'input_scaling': 0.8216619713233748, 'bias_dist': 'foldnorm', 'bias_scaling': 0.04249382119350724, 'lr': 0.7520411716638045, 'weight_increment': 0.001395793645992084, 'min_window': 19, 'max_window': 32, 'use_full_instance': True, 'max_partners': 20, 'homeostasis': 'mean', 'target': 0.69, 'spread': 0.36000000000000004, 'learning_rate': 0.0001}",dqn,100,linear,0.0001,,,,,,
Autoencode,filterbank+hag,9,312,3.1153846153846154,-0.51,0.09288610956004131,-0.49754365801400907,-0.49191116391752576,728,"{'decomposition': 'legendre', 'n_filters': 12, 'slowest': 0.015468638100899648, 'input_scaling': 0.8216619713233748, 'bias_dist': 'foldnorm', 'bias_scaling': 0.04249382119350724, 'lr': 0.7520411716638045, 'weight_increment': 0.001395793645992084, 'min_window': 19, 'max_window': 32, 'use_full_instance': True, 'max_partners': 20, 'homeostasis': 'mean', 'target': 0.69, 'spread': 0.36000000000000004, 'learning_rate': 0.003}",dqn,100,linear,0.003,,,,,,
Autoencode,filterbank+hag,4,312,2.8653846153846154,-0.5046153800000001,0.08272014369472287,-0.4960500491347342,-0.5042426721649484,739,"{'decomposition': 'legendre', 'n_filters': 12, 'slowest': 0.015468638100899648, 'input_scaling': 0.8216619713233748, 'bias_dist': 'foldnorm', 'bias_scaling': 0.04249382119350724, 'lr': 0.7520411716638045, 'weight_increment': 0.001395793645992084, 'min_window': 19, 'max_window': 32, 'use_full_instance': True, 'max_partners': 20, 'homeostasis': 'mean', 'target': 0.69, 'spread': 0.36000000000000004, 'learning_rate': 0.003}",dqn,100,linear,0.003,,,,,,
Autoencode,filterbank+hag,7,312,3.1121794871794872,-0.47999991999999997,0.08539509011338767,-0.499857375566543,-0.5005947793814434,734,"{'decomposition': 'legendre', 'n_filters': 12, 'slowest': 0.015468638100899648, 'input_scaling': 0.8216619713233748, 'bias_dist': 'foldnorm', 'bias_scaling': 0.04249382119350724, 'lr': 0.7520411716638045, 'weight_increment': 0.001395793645992084, 'min_window': 19, 'max_window': 32, 'use_full_instance': True, 'max_partners': 20, 'homeostasis': 'mean', 'target': 0.69, 'spread': 0.36000000000000004, 'learning_rate': 0.003}",dqn,100,linear,0.003,,,,,,
Autoencode,filterbank+proj,2,312,0.0,-0.48923076000000004,0.08771941438052583,-0.491173010197775,-0.488501181443299,726,"{'decomposition': 'legendre', 'n_filters': 12, 'slowest': 0.015468638100899648, 'input_scaling': 0.8216619713233748, 'bias_dist': 'foldnorm', 'bias_scaling': 0.04249382119350724, 'lr': 0.7520411716638045, 'weight_increment': 0.001395793645992084, 'min_window': 19, 'max_window': 32, 'use_full_instance': True, 'max_partners': 20, 'homeostasis': 'mean', 'target': 0.69, 'spread': 0.36000000000000004, 'learning_rate': 0.0001}",dqn,100,linear,0.0001,,,,,,
Autoencode,filterbank+proj,3,312,0.0,-0.4907692399999999,0.09119866761780239,-0.48924360053564075,-0.4836241195876289,725,"{'decomposition': 'legendre', 'n_filters': 12, 'slowest': 0.015468638100899648, 'input_scaling': 0.8216619713233748, 'bias_dist': 'foldnorm', 'bias_scaling': 0.04249382119350724, 'lr': 0.7520411716638045, 'weight_increment': 0.001395793645992084, 'min_window': 19, 'max_window': 32, 'use_full_instance': True, 'max_partners': 20, 'homeostasis': 'mean', 'target': 0.69, 'spread': 0.36000000000000004, 'learning_rate': 0.0001}",dqn,100,linear,0.0001,,,,,,
Autoencode,filterbank+proj,1,312,0.0,-0.5053846,0.06572773535852273,-0.4956499077049855,-0.49666932371134015,736,"{'decomposition': 'legendre', 'n_filters': 12, 'slowest': 0.015468638100899648, 'input_scaling': 0.8216619713233748, 'bias_dist': 'foldnorm', 'bias_scaling': 0.04249382119350724, 'lr': 0.7520411716638045, 'weight_increment': 0.001395793645992084, 'min_window': 19, 'max_window': 32, 'use_full_instance': True, 'max_partners': 20, 'homeostasis': 'mean', 'target': 0.69, 'spread': 0.36000000000000004, 'learning_rate': 0.0001}",dqn,100,linear,0.0001,,,,,,
Autoencode,filterbank+proj,4,312,0.0,-0.4984615,0.07456398229527443,-0.48935453193242684,-0.486796187628866,726,"{'decomposition': 'legendre', 'n_filters': 12, 'slowest': 0.015468638100899648, 'input_scaling': 0.8216619713233748, 'bias_dist': 'foldnorm', 'bias_scaling': 0.04249382119350724, 'lr': 0.7520411716638045, 'weight_increment': 0.001395793645992084, 'min_window': 19, 'max_window': 32, 'use_full_instance': True, 'max_partners': 20, 'homeostasis': 'mean', 'target': 0.69, 'spread': 0.36000000000000004, 'learning_rate': 0.0001}",dqn,100,linear,0.0001,,,,,,
Autoencode,filterbank+proj,5,312,0.0,-0.48076923999999993,0.1080352544917741,-0.49337580016481253,-0.4876685041237113,733,"{'decomposition': 'legendre', 'n_filters': 12, 'slowest': 0.015468638100899648, 'input_scaling': 0.8216619713233748, 'bias_dist': 'foldnorm', 'bias_scaling': 0.04249382119350724, 'lr': 0.7520411716638045, 'weight_increment': 0.001395793645992084, 'min_window': 19, 'max_window': 32, 'use_full_instance': True, 'max_partners': 20, 'homeostasis': 'mean', 'target': 0.69, 'spread': 0.36000000000000004, 'learning_rate': 0.0001}",dqn,100,linear,0.0001,,,,,,
Autoencode,filterbank+proj,6,312,0.0,-0.48846153999999997,0.07185216520779593,-0.491727674907293,-0.49111814845360824,727,"{'decomposition': 'legendre', 'n_filters': 12, 'slowest': 0.015468638100899648, 'input_scaling': 0.8216619713233748, 'bias_dist': 'foldnorm', 'bias_scaling': 0.04249382119350724, 'lr': 0.7520411716638045, 'weight_increment': 0.001395793645992084, 'min_window': 19, 'max_window': 32, 'use_full_instance': True, 'max_partners': 20, 'homeostasis': 'mean', 'target': 0.69, 'spread': 0.36000000000000004, 'learning_rate': 0.0001}",dqn,100,linear,0.0001,,,,,,
Autoencode,filterbank+proj,7,312,0.0,-0.48692307999999995,0.08824732973202985,-0.49246853955500625,-0.48782710309278354,727,"{'decomposition': 'legendre', 'n_filters': 12, 'slowest': 0.015468638100899648, 'input_scaling': 0.8216619713233748, 'bias_dist': 'foldnorm', 'bias_scaling': 0.04249382119350724, 'lr': 0.7520411716638045, 'weight_increment': 0.001395793645992084, 'min_window': 19, 'max_window': 32, 'use_full_instance': True, 'max_partners': 20, 'homeostasis': 'mean', 'target': 0.69, 'spread': 0.36000000000000004, 'learning_rate': 0.0001}",dqn,100,linear,0.0001,,,,,,
Autoencode,filterbank+esn,2,312,125.82051282051282,-0.3115384615384615,0.11047235858726973,-0.35967425431711136,-0.28571428571428564,136,"{'decomposition': 'legendre', 'n_filters': 12, 'slowest': 0.00924027277149832, 'input_scaling': 0.9262395347308947, 'bias_dist': 'uniform', 'bias_scaling': 0.19428472665720273, 'lr': 0.2669477591549632, 'sr': 0.7883174408165851, 'rc_connectivity': 0.4032751870517758, 'ridge': 1.3795694362222703e-06, 'gamma': 0.926482616528829}",lspi,100,linear,,,-0.29057692307692295,,"[-0.37692307692307675, -0.38076923076923064, -0.2346153846153846, -0.3576923076923076, -0.21538461538461534, -0.3192307692307691, -0.26923076923076916, -0.3153846153846153, -0.2769230769230768, -0.25769230769230766, -0.29615384615384605, -0.2961538461538461, -0.29230769230769227, -0.2846153846153845, -0.2615384615384615, -0.23076923076923075, -0.2653846153846153, -0.29615384615384605, -0.2923076923076922, -0.29230769230769227]",,4.0
Autoencode,filterbank+esn,0,312,125.82051282051282,-0.27153846153846145,0.11827407744915913,-0.3483516483516483,-0.28080847723704855,141,"{'decomposition': 'legendre', 'n_filters': 12, 'slowest': 0.00924027277149832, 'input_scaling': 0.9262395347308947, 'bias_dist': 'uniform', 'bias_scaling': 0.19428472665720273, 'lr': 0.2669477591549632, 'sr': 0.7883174408165851, 'rc_connectivity': 0.4032751870517758, 'ridge': 1.3795694362222703e-06, 'gamma': 0.926482616528829}",lspi,100,linear,,,-0.2873076923076922,,"[-0.3499999999999999, -0.3461538461538461, -0.27307692307692305, -0.2923076923076922, -0.27692307692307694, -0.3269230769230768, -0.26923076923076916, -0.34615384615384603, -0.29999999999999993, -0.23846153846153842, -0.3346153846153845, -0.2999999999999999, -0.29230769230769227, -0.29999999999999993, -0.24615384615384608, -0.21923076923076917, -0.2538461538461537, -0.2576923076923076, -0.2884615384615384, -0.2346153846153846]",,15.0
Autoencode,filterbank+esn,1,312,125.82051282051282,-0.343076923076923,0.10372927896023115,-0.352963108320251,-0.275706436420722,140,"{'decomposition': 'legendre', 'n_filters': 12, 'slowest': 0.00924027277149832, 'input_scaling': 0.9262395347308947, 'bias_dist': 'uniform', 'bias_scaling': 0.19428472665720273, 'lr': 0.2669477591549632, 'sr': 0.7883174408165851, 'rc_connectivity': 0.4032751870517758, 'ridge': 1.3795694362222703e-06, 'gamma': 0.926482616528829}",lspi,100,linear,,,-0.28653846153846146,,"[-0.44615384615384607, -0.3076923076923076, -0.2846153846153846, -0.26538461538461533, -0.21538461538461534, -0.32307692307692293, -0.2538461538461537, -0.31923076923076915, -0.28076923076923066, -0.33461538461538454, -0.23846153846153842, -0.2846153846153845, -0.31153846153846143, -0.28461538461538455, -0.25769230769230766, -0.23076923076923075, -0.26153846153846144, -0.2769230769230768, -0.3076923076923076, -0.2461538461538461]",,4.0
Autoencode,filterbank+esn,3,312,125.82051282051282,-0.27230769230769225,0.10955531417464565,-0.3568485086342228,-0.30082417582417575,138,"{'decomposition': 'legendre', 'n_filters': 12, 'slowest': 0.00924027277149832, 'input_scaling': 0.9262395347308947, 'bias_dist': 'uniform', 'bias_scaling': 0.19428472665720273, 'lr': 0.2669477591549632, 'sr': 0.7883174408165851, 'rc_connectivity': 0.4032751870517758, 'ridge': 1.3795694362222703e-06, 'gamma': 0.926482616528829}",lspi,100,linear,,,-0.2917307692307691,,"[-0.3884615384615383, -0.32692307692307676, -0.23846153846153842, -0.33076923076923065, -0.20384615384615384, -0.29230769230769227, -0.33076923076923065, -0.33461538461538454, -0.2807692307692307, -0.273076923076923, -0.29999999999999993, -0.273076923076923, -0.33846153846153837, -0.2846153846153846, -0.2961538461538461, -0.17307692307692304, -0.273076923076923, -0.31153846153846143, -0.3192307692307692, -0.26538461538461533]",,15.0
Autoencode,filterbank+esn,6,312,125.82051282051282,-0.2923076923076922,0.11640573808016574,-0.3516287284144426,-0.2945447409733123,134,"{'decomposition': 'legendre', 'n_filters': 12, 'slowest': 0.00924027277149832, 'input_scaling': 0.9262395347308947, 'bias_dist': 'uniform', 'bias_scaling': 0.19428472665720273, 'lr': 0.2669477591549632, 'sr': 0.7883174408165851, 'rc_connectivity': 0.4032751870517758, 'ridge': 1.3795694362222703e-06, 'gamma': 0.926482616528829}",lspi,100,linear,,,-0.28442307692307683,,"[-0.35384615384615375, -0.3192307692307691, -0.23846153846153842, -0.2769230769230768, -0.22307692307692303, -0.3269230769230768, -0.2346153846153846, -0.3423076923076922, -0.26153846153846144, -0.22692307692307687, -0.2692307692307691, -0.31153846153846143, -0.3499999999999999, -0.3499999999999999, -0.2846153846153846, -0.2461538461538461, -0.273076923076923, -0.25384615384615383, -0.29615384615384605, -0.24999999999999994]",,4.0
Autoencode,filterbank+esn,4,312,125.82051282051282,-0.2769230769230769,0.10851335368973751,-0.3445054945054944,-0.2721742543171114,137,"{'decomposition': 'legendre', 'n_filters': 12, 'slowest': 0.00924027277149832, 'input_scaling': 0.9262395347308947, 'bias_dist': 'uniform', 'bias_scaling': 0.19428472665720273, 'lr': 0.2669477591549632, 'sr': 0.7883174408165851, 'rc_connectivity': 0.4032751870517758, 'ridge': 1.3795694362222703e-06, 'gamma': 0.926482616528829}",lspi,100,linear,,,-0.2821153846153846,,"[-0.40384615384615385, -0.41538461538461535, -0.2538461538461538, -0.29999999999999993, -0.24230769230769225, -0.2346153846153846, -0.28846153846153844, -0.2961538461538461, -0.3076923076923076, -0.273076923076923, -0.22307692307692303, -0.2923076923076922, -0.28846153846153844, -0.29230769230769227, -0.2692307692307692, -0.18846153846153846, -0.24999999999999994, -0.23846153846153842, -0.3499999999999999, -0.2346153846153846]",,15.0
Autoencode,filterbank+esn,5,312,125.82051282051282,-0.2769230769230769,0.10986812966988994,-0.350353218210361,-0.2910125588697016,139,"{'decomposition': 'legendre', 'n_filters': 12, 'slowest': 0.00924027277149832, 'input_scaling': 0.9262395347308947, 'bias_dist': 'uniform', 'bias_scaling': 0.19428472665720273, 'lr': 0.2669477591549632, 'sr': 0.7883174408165851, 'rc_connectivity': 0.4032751870517758, 'ridge': 1.3795694362222703e-06, 'gamma': 0.926482616528829}",lspi,100,linear,,,-0.2761538461538461,,"[-0.3615384615384614, -0.3423076923076922, -0.21538461538461534, -0.28461538461538455, -0.21538461538461534, -0.2615384615384615, -0.2461538461538461, -0.31153846153846143, -0.2961538461538461, -0.21538461538461534, -0.24615384615384617, -0.2576923076923076, -0.33846153846153837, -0.31538461538461526, -0.31538461538461526, -0.17692307692307688, -0.28076923076923066, -0.2884615384615383, -0.29999999999999993, -0.25384615384615383]",,15.0
Autoencode,filterbank+esn,7,312,125.82051282051282,-0.3107692307692307,0.12158713728294909,-0.353748037676609,-0.28944270015698575,138,"{'decomposition': 'legendre', 'n_filters': 12, 'slowest': 0.00924027277149832, 'input_scaling': 0.9262395347308947, 'bias_dist': 'uniform', 'bias_scaling': 0.19428472665720273, 'lr': 0.2669477591549632, 'sr': 0.7883174408165851, 'rc_connectivity': 0.4032751870517758, 'ridge': 1.3795694362222703e-06, 'gamma': 0.926482616528829}",lspi,100,linear,,,-0.2709615384615384,,"[-0.42692307692307685, -0.36538461538461525, -0.1769230769230769, -0.2923076923076922, -0.2346153846153846, -0.26923076923076916, -0.25769230769230766, -0.28461538461538455, -0.31538461538461526, -0.2461538461538461, -0.23076923076923075, -0.2653846153846153, -0.2307692307692307, -0.28076923076923066, -0.26923076923076916, -0.21923076923076917, -0.28461538461538455, -0.2615384615384615, -0.2923076923076922, -0.21538461538461537]",,2.0
Autoencode,filterbank+esn,8,312,125.82051282051282,-0.2653846153846153,0.10298790645381443,-0.35555337519623226,-0.2925824175824175,137,"{'decomposition': 'legendre', 'n_filters': 12, 'slowest': 0.00924027277149832, 'input_scaling': 0.9262395347308947, 'bias_dist': 'uniform', 'bias_scaling': 0.19428472665720273, 'lr': 0.2669477591549632, 'sr': 0.7883174408165851, 'rc_connectivity': 0.4032751870517758, 'ridge': 1.3795694362222703e-06, 'gamma': 0.926482616528829}",lspi,100,linear,,,-0.2849999999999999,,"[-0.41923076923076896, -0.34230769230769226, -0.2576923076923076, -0.29615384615384605, -0.25769230769230766, -0.29999999999999993, -0.296153846153846, -0.3076923076923076, -0.29999999999999993, -0.26538461538461533, -0.24230769230769225, -0.26538461538461533, -0.2884615384615383, -0.2961538461538461, -0.2884615384615384, -0.17307692307692304, -0.2807692307692307, -0.26538461538461533, -0.31153846153846143, -0.24615384615384608]",,15.0
Autoencode,filterbank+esn,9,312,125.82051282051282,-0.2884615384615384,0.11873345415717787,-0.35001962323390884,-0.28944270015698575,136,"{'decomposition': 'legendre', 'n_filters': 12, 'slowest': 0.00924027277149832, 'input_scaling': 0.9262395347308947, 'bias_dist': 'uniform', 'bias_scaling': 0.19428472665720273, 'lr': 0.2669477591549632, 'sr': 0.7883174408165851, 'rc_connectivity': 0.4032751870517758, 'ridge': 1.3795694362222703e-06, 'gamma': 0.926482616528829}",lspi,100,linear,,,-0.2884615384615384,,"[-0.373076923076923, -0.323076923076923, -0.18461538461538457, -0.2769230769230769, -0.2538461538461538, -0.3115384615384615, -0.2961538461538461, -0.34615384615384603, -0.34999999999999987, -0.3076923076923076, -0.31538461538461526, -0.31923076923076915, -0.2846153846153846, -0.2884615384615383, -0.28461538461538455, -0.18076923076923074, -0.26923076923076916, -0.273076923076923, -0.3076923076923076, -0.223076923076923]",,15.0
Autoencode,filterbank+hag,0,312,4.612179487179487,-0.3638461538461538,0.11897242482954812,-0.40863422291993706,-0.35812401883830447,140,"{'decomposition': 'legendre', 'n_filters': 12, 'slowest': 0.005831297225426596, 'input_scaling': 0.7754440447009786, 'bias_dist': 'foldnorm', 'bias_scaling': 0.21105039816821586, 'lr': 0.11153274560306031, 'weight_increment': 0.0018405728620499555, 'min_window': 10, 'max_window': 57, 'use_full_instance': False, 'max_partners': 5, 'homeostasis': 'mean', 'target': 0.59, 'spread': 0.365, 'ridge': 1.2645649156092547e-06, 'gamma': 0.9282405285465252}",lspi,100,linear,,,-0.3680769230769229,,"[-0.4346153846153845, -0.4192307692307691, -0.2961538461538461, -0.41538461538461524, -0.39999999999999986, -0.38846153846153836, -0.36538461538461525, -0.36538461538461525, -0.3346153846153845, -0.373076923076923, -0.33846153846153826, -0.37692307692307686, -0.3846153846153845, -0.3653846153846152, -0.3999999999999999, -0.30769230769230765, -0.3769230769230768, -0.30384615384615377, -0.36538461538461525, -0.34999999999999987]",,2.0
Autoencode,filterbank+hag,1,312,4.637820512820513,-0.3815384615384614,0.1062652703958715,-0.41020408163265293,-0.3759811616954473,144,"{'decomposition': 'legendre', 'n_filters': 12, 'slowest': 0.005831297225426596, 'input_scaling': 0.7754440447009786, 'bias_dist': 'foldnorm', 'bias_scaling': 0.21105039816821586, 'lr': 0.11153274560306031, 'weight_increment': 0.0018405728620499555, 'min_window': 10, 'max_window': 57, 'use_full_instance': False, 'max_partners': 5, 'homeostasis': 'mean', 'target': 0.59, 'spread': 0.365, 'ridge': 1.2645649156092547e-06, 'gamma': 0.9282405285465252}",lspi,100,linear,,,-0.37673076923076915,,"[-0.45384615384615373, -0.4115384615384614, -0.38846153846153836, -0.3499999999999999, -0.38846153846153836, -0.4115384615384615, -0.36923076923076914, -0.3884615384615383, -0.34615384615384603, -0.39615384615384597, -0.34615384615384603, -0.3999999999999999, -0.3615384615384615, -0.3615384615384614, -0.373076923076923, -0.2884615384615384, -0.38461538461538447, -0.373076923076923, -0.3961538461538461, -0.34615384615384603]",,15.0
Autoencode,filterbank+hag,2,312,4.634615384615385,-0.3646153846153845,0.11100402466183037,-0.4116169544740972,-0.36538461538461525,146,"{'decomposition': 'legendre', 'n_filters': 12, 'slowest': 0.005831297225426596, 'input_scaling': 0.7754440447009786, 'bias_dist': 'foldnorm', 'bias_scaling': 0.21105039816821586, 'lr': 0.11153274560306031, 'weight_increment': 0.0018405728620499555, 'min_window': 10, 'max_window': 57, 'use_full_instance': False, 'max_partners': 5, 'homeostasis': 'mean', 'target': 0.59, 'spread': 0.365, 'ridge': 1.2645649156092547e-06, 'gamma': 0.9282405285465252}",lspi,100,linear,,,-0.3749999999999999,,"[-0.5038461538461537, -0.42692307692307685, -0.28846153846153844, -0.4346153846153845, -0.3884615384615383, -0.41538461538461535, -0.35384615384615375, -0.3769230769230768, -0.3346153846153845, -0.373076923076923, -0.3461538461538461, -0.4423076923076922, -0.4192307692307692, -0.3384615384615384, -0.373076923076923, -0.3153846153846153, -0.3769230769230768, -0.2807692307692307, -0.396153846153846, -0.3153846153846153]",,17.0
Autoencode,filterbank+hag,3,312,4.596153846153846,-0.3776923076923076,0.11218380944054142,-0.4130102040816325,-0.3732339089481945,145,"{'decomposition': 'legendre', 'n_filters': 12, 'slowest': 0.005831297225426596, 'input_scaling': 0.7754440447009786, 'bias_dist': 'foldnorm', 'bias_scaling': 0.21105039816821586, 'lr': 0.11153274560306031, 'weight_increment': 0.0018405728620499555, 'min_window': 10, 'max_window': 57, 'use_full_instance': False, 'max_partners': 5, 'homeostasis': 'mean', 'target': 0.59, 'spread': 0.365, 'ridge': 1.2645649156092547e-06, 'gamma': 0.9282405285465252}",lspi,100,linear,,,-0.3767307692307691,,"[-0.47692307692307684, -0.4115384615384615, -0.34230769230769226, -0.3576923076923076, -0.3384615384615383, -0.39230769230769214, -0.3538461538461537, -0.38461538461538447, -0.3384615384615383, -0.2769230769230769, -0.3307692307692307, -0.3615384615384615, -0.39615384615384597, -0.4346153846153845, -0.4076923076923076, -0.3999999999999999, -0.4346153846153845, -0.29230769230769227, -0.40384615384615363, -0.3999999999999998]",,9.0
Autoencode,filterbank+hag,4,312,4.637820512820513,-0.3707692307692307,0.1076263534301089,-0.40857535321821026,-0.3818681318681318,146,"{'decomposition': 'legendre', 'n_filters': 12, 'slowest': 0.005831297225426596, 'input_scaling': 0.7754440447009786, 'bias_dist': 'foldnorm', 'bias_scaling': 0.21105039816821586, 'lr': 0.11153274560306031, 'weight_increment': 0.0018405728620499555, 'min_window': 10, 'max_window': 57, 'use_full_instance': False, 'max_partners': 5, 'homeostasis': 'mean', 'target': 0.59, 'spread': 0.365, 'ridge': 1.2645649156092547e-06, 'gamma': 0.9282405285465252}",lspi,100,linear,,,-0.3686538461538461,,"[-0.43846153846153835, -0.41538461538461535, -0.31923076923076915, -0.3730769230769229, -0.33076923076923065, -0.36923076923076914, -0.3615384615384614, -0.3884615384615384, -0.373076923076923, -0.33846153846153837, -0.31538461538461526, -0.3346153846153845, -0.39999999999999986, -0.3769230769230768, -0.4423076923076922, -0.29230769230769227, -0.39230769230769225, -0.3307692307692306, -0.4192307692307692, -0.3615384615384615]",,15.0
Autoencode,filterbank+hag,5,312,4.608974358974359,-0.3876923076923076,0.11611053700992739,-0.40818288854003126,-0.3626373626373625,141,"{'decomposition': 'legendre', 'n_filters': 12, 'slowest': 0.005831297225426596, 'input_scaling': 0.7754440447009786, 'bias_dist': 'foldnorm', 'bias_scaling': 0.21105039816821586, 'lr': 0.11153274560306031, 'weight_increment': 0.0018405728620499555, 'min_window': 10, 'max_window': 57, 'use_full_instance': False, 'max_partners': 5, 'homeostasis': 'mean', 'target': 0.59, 'spread': 0.365, 'ridge': 1.2645649156092547e-06, 'gamma': 0.9282405285465252}",lspi,100,linear,,,-0.3717307692307691,,"[-0.4423076923076922, -0.41538461538461524, -0.296153846153846, -0.3269230769230768, -0.3384615384615384, -0.3961538461538461, -0.36923076923076914, -0.3499999999999999, -0.35384615384615375, -0.373076923076923, -0.3769230769230768, -0.3884615384615383, -0.4730769230769229, -0.38076923076923064, -0.3615384615384614, -0.3653846153846153, -0.36923076923076914, -0.323076923076923, -0.3923076923076922, -0.3423076923076922]",,2.0
Autoencode,filterbank+hag,7,312,4.592948717948718,-0.3830769230769229,0.1014568436541387,-0.4213108320251176,-0.3759811616954473,141,"{'decomposition': 'legendre', 'n_filters': 12, 'slowest': 0.005831297225426596, 'input_scaling': 0.7754440447009786, 'bias_dist': 'foldnorm', 'bias_scaling': 0.21105039816821586, 'lr': 0.11153274560306031, 'weight_increment': 0.0018405728620499555, 'min_window': 10, 'max_window': 57, 'use_full_instance': False, 'max_partners': 5, 'homeostasis': 'mean', 'target': 0.59, 'spread': 0.365, 'ridge': 1.2645649156092547e-06, 'gamma': 0.9282405285465252}",lspi,100,linear,,,-0.3923076923076922,,"[-0.4076923076923076, -0.4115384615384614, -0.36923076923076914, -0.41538461538461524, -0.38076923076923064, -0.4230769230769229, -0.42692307692307685, -0.42692307692307674, -0.35384615384615375, -0.3461538461538461, -0.34615384615384603, -0.39615384615384597, -0.4499999999999999, -0.42692307692307674, -0.36538461538461525, -0.3884615384615383, -0.446153846153846, -0.2961538461538461, -0.446153846153846, -0.32307692307692293]",,17.0
Autoencode,filterbank+hag,6,312,4.551282051282051,-0.40999999999999986,0.12700696528446476,-0.4089285714285713,-0.3626373626373625,144,"{'decomposition': 'legendre', 'n_filters': 12, 'slowest': 0.005831297225426596, 'input_scaling': 0.7754440447009786, 'bias_dist': 'foldnorm', 'bias_scaling': 0.21105039816821586, 'lr': 0.11153274560306031, 'weight_increment': 0.0018405728620499555, 'min_window': 10, 'max_window': 57, 'use_full_instance': False, 'max_partners': 5, 'homeostasis': 'mean', 'target': 0.59, 'spread': 0.365, 'ridge': 1.2645649156092547e-06, 'gamma': 0.9282405285465252}",lspi,100,linear,,,-0.3599999999999998,,"[-0.38461538461538447, -0.3499999999999999, -0.29230769230769227, -0.3615384615384614, -0.36923076923076914, -0.4115384615384613, -0.39230769230769214, -0.3769230769230768, -0.3269230769230768, -0.3346153846153845, -0.33461538461538454, -0.38461538461538447, -0.373076923076923, -0.396153846153846, -0.3884615384615383, -0.3269230769230768, -0.3615384615384614, -0.29230769230769227, -0.36538461538461525, -0.3769230769230768]",,2.0
Autoencode,filterbank+hag,8,312,4.634615384615385,-0.3938461538461538,0.12838551412323115,-0.4108320251177393,-0.38088697017268436,143,"{'decomposition': 'legendre', 'n_filters': 12, 'slowest': 0.005831297225426596, 'input_scaling': 0.7754440447009786, 'bias_dist': 'foldnorm', 'bias_scaling': 0.21105039816821586, 'lr': 0.11153274560306031, 'weight_increment': 0.0018405728620499555, 'min_window': 10, 'max_window': 57, 'use_full_instance': False, 'max_partners': 5, 'homeostasis': 'mean', 'target': 0.59, 'spread': 0.365, 'ridge': 1.2645649156092547e-06, 'gamma': 0.9282405285465252}",lspi,100,linear,,,-0.3730769230769229,,"[-0.48461538461538456, -0.44615384615384607, -0.2923076923076922, -0.39999999999999986, -0.3961538461538461, -0.38461538461538447, -0.3769230769230768, -0.3576923076923076, -0.3346153846153845, -0.32692307692307687, -0.33846153846153837, -0.4615384615384615, -0.38076923076923064, -0.36923076923076914, -0.3769230769230768, -0.3115384615384615, -0.38846153846153836, -0.31923076923076915, -0.40384615384615374, -0.31153846153846143]",,2.0
Autoencode,filterbank+esn,0,312,4.237179487179487,-0.46538461538461534,0.09206699387373712,-0.4693491124260354,,90,"{'decomposition': 'legendre', 'n_filters': 12, 'slowest': 0.006397371281320229, 'input_scaling': 0.550142611755141, 'bias_dist': 'foldnorm', 'bias_scaling': 0.07438842372152364, 'lr': 0.6575600610814601, 'sr': 0.8663422541011234, 'rc_connectivity': 0.013579746643157644}",bc,100,linear,,-0.4615384615384614,-0.4723076923076922,4.0,"[-0.4615384615384614, -0.496153846153846, -0.49615384615384606, -0.4692307692307692, -0.4384615384615384]",-0.47846152000000003,
Autoencode,filterbank+proj,1,312,0.0,-0.41538461538461524,0.1298611001241087,-0.42812009419152264,-0.3971742543171113,136,"{'decomposition': 'legendre', 'n_filters': 12, 'slowest': 0.005831297225426596, 'input_scaling': 0.7754440447009786, 'bias_dist': 'foldnorm', 'bias_scaling': 0.21105039816821586, 'lr': 0.11153274560306031, 'weight_increment': 0.0018405728620499555, 'min_window': 10, 'max_window': 57, 'use_full_instance': False, 'max_partners': 5, 'homeostasis': 'mean', 'target': 0.59, 'spread': 0.365, 'ridge': 1.2645649156092547e-06, 'gamma': 0.9282405285465252}",lspi,100,linear,,,-0.4073076923076922,,"[-0.446153846153846, -0.43846153846153835, -0.4115384615384614, -0.43846153846153835, -0.4730769230769229, -0.4499999999999999, -0.4076923076923076, -0.45384615384615384, -0.38076923076923064, -0.3576923076923076, -0.3653846153846153, -0.3999999999999999, -0.44999999999999984, -0.38461538461538447, -0.373076923076923, -0.33076923076923065, -0.4307692307692307, -0.35384615384615375, -0.3653846153846153, -0.4346153846153845]",,15.0
Autoencode,filterbank+proj,2,312,0.0,-0.3738461538461538,0.10321460380135081,-0.4257064364207221,-0.38540031397174246,137,"{'decomposition': 'legendre', 'n_filters': 12, 'slowest': 0.005831297225426596, 'input_scaling': 0.7754440447009786, 'bias_dist': 'foldnorm', 'bias_scaling': 0.21105039816821586, 'lr': 0.11153274560306031, 'weight_increment': 0.0018405728620499555, 'min_window': 10, 'max_window': 57, 'use_full_instance': False, 'max_partners': 5, 'homeostasis': 'mean', 'target': 0.59, 'spread': 0.365, 'ridge': 1.2645649156092547e-06, 'gamma': 0.9282405285465252}",lspi,100,linear,,,-0.3940384615384614,,"[-0.4923076923076922, -0.48076923076923067, -0.32692307692307676, -0.41538461538461535, -0.40384615384615374, -0.40384615384615374, -0.3769230769230768, -0.39230769230769214, -0.33846153846153837, -0.4192307692307691, -0.3423076923076922, -0.373076923076923, -0.43846153846153835, -0.4230769230769229, -0.41538461538461524, -0.3961538461538461, -0.38461538461538447, -0.3269230769230768, -0.4076923076923076, -0.32307692307692293]",,19.0
Autoencode,filterbank+proj,0,312,0.0,-0.35846153846153833,0.09528530810585856,-0.42576530612244884,-0.38284929356357916,141,"{'decomposition': 'legendre', 'n_filters': 12, 'slowest': 0.005831297225426596, 'input_scaling': 0.7754440447009786, 'bias_dist': 'foldnorm', 'bias_scaling': 0.21105039816821586, 'lr': 0.11153274560306031, 'weight_increment': 0.0018405728620499555, 'min_window': 10, 'max_window': 57, 'use_full_instance': False, 'max_partners': 5, 'homeostasis': 'mean', 'target': 0.59, 'spread': 0.365, 'ridge': 1.2645649156092547e-06, 'gamma': 0.9282405285465252}",lspi,100,linear,,,-0.3944230769230767,,"[-0.4615384615384614, -0.446153846153846, -0.3346153846153845, -0.41538461538461524, -0.4346153846153845, -0.42692307692307674, -0.3999999999999999, -0.4230769230769229, -0.3769230769230768, -0.37692307692307686, -0.34615384615384603, -0.3653846153846153, -0.40384615384615374, -0.36923076923076914, -0.446153846153846, -0.3153846153846153, -0.3961538461538461, -0.3615384615384615, -0.38461538461538447, -0.40384615384615374]",,15.0
Autoencode,filterbank+hag,9,312,4.5256410256410255,-0.366153846153846,0.11646672074640085,-0.40467032967032956,-0.3675431711145996,144,"{'decomposition': 'legendre', 'n_filters': 12, 'slowest': 0.005831297225426596, 'input_scaling': 0.7754440447009786, 'bias_dist': 'foldnorm', 'bias_scaling': 0.21105039816821586, 'lr': 0.11153274560306031, 'weight_increment': 0.0018405728620499555, 'min_window': 10, 'max_window': 57, 'use_full_instance': False, 'max_partners': 5, 'homeostasis': 'mean', 'target': 0.59, 'spread': 0.365, 'ridge': 1.2645649156092547e-06, 'gamma': 0.9282405285465252}",lspi,100,linear,,,-0.3676923076923075,,"[-0.42692307692307674, -0.4076923076923076, -0.3384615384615383, -0.3769230769230768, -0.34999999999999987, -0.34999999999999987, -0.34230769230769215, -0.36538461538461525, -0.35769230769230764, -0.3461538461538461, -0.33461538461538454, -0.44230769230769224, -0.4346153846153845, -0.38461538461538447, -0.373076923076923, -0.3269230769230768, -0.34999999999999987, -0.29230769230769227, -0.3999999999999998, -0.35384615384615364]",,17.0
Autoencode,filterbank+proj,4,312,0.0,-0.3807692307692306,0.10939586656406067,-0.42768838304552576,-0.39403453689167955,137,"{'decomposition': 'legendre', 'n_filters': 12, 'slowest': 0.005831297225426596, 'input_scaling': 0.7754440447009786, 'bias_dist': 'foldnorm', 'bias_scaling': 0.21105039816821586, 'lr': 0.11153274560306031, 'weight_increment': 0.0018405728620499555, 'min_window': 10, 'max_window': 57, 'use_full_instance': False, 'max_partners': 5, 'homeostasis': 'mean', 'target': 0.59, 'spread': 0.365, 'ridge': 1.2645649156092547e-06, 'gamma': 0.9282405285465252}",lspi,100,linear,,,-0.4011538461538461,,"[-0.48076923076923067, -0.4192307692307692, -0.3499999999999998, -0.4692307692307692, -0.4076923076923077, -0.4192307692307691, -0.3769230769230768, -0.39230769230769214, -0.3769230769230768, -0.3615384615384615, -0.3384615384615383, -0.41538461538461535, -0.45769230769230757, -0.39230769230769214, -0.39999999999999986, -0.3769230769230768, -0.42692307692307685, -0.39999999999999997, -0.3999999999999999, -0.3615384615384614]",,10.0
Autoencode,filterbank+proj,3,312,0.0,-0.3869230769230768,0.10614548462052183,-0.42709968602825743,-0.39148351648351637,141,"{'decomposition': 'legendre', 'n_filters': 12, 'slowest': 0.005831297225426596, 'input_scaling': 0.7754440447009786, 'bias_dist': 'foldnorm', 'bias_scaling': 0.21105039816821586, 'lr': 0.11153274560306031, 'weight_increment': 0.0018405728620499555, 'min_window': 10, 'max_window': 57, 'use_full_instance': False, 'max_partners': 5, 'homeostasis': 'mean', 'target': 0.59, 'spread': 0.365, 'ridge': 1.2645649156092547e-06, 'gamma': 0.9282405285465252}",lspi,100,linear,,,-0.4023076923076922,,"[-0.46923076923076906, -0.47692307692307684, -0.36538461538461525, -0.40384615384615363, -0.373076923076923, -0.4423076923076922, -0.37692307692307686, -0.43846153846153835, -0.3499999999999999, -0.33461538461538454, -0.39615384615384597, -0.3307692307692307, -0.4115384615384613, -0.4346153846153845, -0.41538461538461535, -0.41538461538461524, -0.46153846153846134, -0.3269230769230768, -0.41538461538461524, -0.4076923076923077]",,17.0
Autoencode,filterbank+esn,1,312,4.237179487179487,-0.4692307692307691,0.12779421327566273,-0.461222879684418,,90,"{'decomposition': 'legendre', 'n_filters': 12, 'slowest': 0.006397371281320229, 'input_scaling': 0.550142611755141, 'bias_dist': 'foldnorm', 'bias_scaling': 0.07438842372152364, 'lr': 0.6575600610814601, 'sr': 0.8663422541011234, 'rc_connectivity': 0.013579746643157644}",bc,100,linear,,-0.4846153846153845,-0.46307692307692305,2.0,"[-0.4846153846153845, -0.46538461538461534, -0.3884615384615383, -0.48461538461538456, -0.4923076923076922]",-0.46692301999999997,
Autoencode,filterbank+esn,2,312,4.237179487179487,-0.4784615384615383,0.0860576385904431,-0.4768047337278105,,89,"{'decomposition': 'legendre', 'n_filters': 12, 'slowest': 0.006397371281320229, 'input_scaling': 0.550142611755141, 'bias_dist': 'foldnorm', 'bias_scaling': 0.07438842372152364, 'lr': 0.6575600610814601, 'sr': 0.8663422541011234, 'rc_connectivity': 0.013579746643157644}",bc,100,linear,,-0.4846153846153845,-0.4776923076923076,3.0,"[-0.4846153846153845, -0.473076923076923, -0.49615384615384617, -0.4615384615384614, -0.473076923076923]",-0.45076917999999994,
Autoencode,filterbank+proj,5,312,0.0,-0.3638461538461537,0.10774998455497625,-0.4294544740973312,-0.38206436420722123,138,"{'decomposition': 'legendre', 'n_filters': 12, 'slowest': 0.005831297225426596, 'input_scaling': 0.7754440447009786, 'bias_dist': 'foldnorm', 'bias_scaling': 0.21105039816821586, 'lr': 0.11153274560306031, 'weight_increment': 0.0018405728620499555, 'min_window': 10, 'max_window': 57, 'use_full_instance': False, 'max_partners': 5, 'homeostasis': 'mean', 'target': 0.59, 'spread': 0.365, 'ridge': 1.2645649156092547e-06, 'gamma': 0.9282405285465252}",lspi,100,linear,,,-0.396153846153846,,"[-0.4192307692307692, -0.4884615384615384, -0.396153846153846, -0.36538461538461525, -0.35384615384615375, -0.43846153846153835, -0.36923076923076914, -0.4230769230769229, -0.35384615384615375, -0.4384615384615384, -0.4076923076923076, -0.38076923076923064, -0.4192307692307692, -0.38076923076923064, -0.39230769230769214, -0.3807692307692307, -0.38076923076923064, -0.31538461538461526, -0.4346153846153845, -0.38461538461538447]",,17.0
Autoencode,filterbank+esn,4,312,4.237179487179487,-0.4669230769230767,0.07175319303040928,-0.4549112426035502,,89,"{'decomposition': 'legendre', 'n_filters': 12, 'slowest': 0.006397371281320229, 'input_scaling': 0.550142611755141, 'bias_dist': 'foldnorm', 'bias_scaling': 0.07438842372152364, 'lr': 0.6575600610814601, 'sr': 0.8663422541011234, 'rc_connectivity': 0.013579746643157644}",bc,100,linear,,-0.4346153846153845,-0.44692307692307676,3.0,"[-0.4346153846153845, -0.49230769230769217, -0.44999999999999984, -0.41538461538461524, -0.4423076923076922]",-0.47230754,
Autoencode,filterbank+esn,3,312,4.237179487179487,-0.4846153846153845,0.08496431551682512,-0.4679684418145955,,90,"{'decomposition': 'legendre', 'n_filters': 12, 'slowest': 0.006397371281320229, 'input_scaling': 0.550142611755141, 'bias_dist': 'foldnorm', 'bias_scaling': 0.07438842372152364, 'lr': 0.6575600610814601, 'sr': 0.8663422541011234, 'rc_connectivity': 0.013579746643157644}",bc,100,linear,,-0.5038461538461537,-0.48615384615384605,3.0,"[-0.5038461538461537, -0.5038461538461536, -0.4499999999999999, -0.44615384615384607, -0.5269230769230768]",-0.49307685999999995,
Autoencode,filterbank+proj,6,312,0.0,-0.36538461538461525,0.11544870015233562,-0.43049450549450535,-0.39069858712715844,140,"{'decomposition': 'legendre', 'n_filters': 12, 'slowest': 0.005831297225426596, 'input_scaling': 0.7754440447009786, 'bias_dist': 'foldnorm', 'bias_scaling': 0.21105039816821586, 'lr': 0.11153274560306031, 'weight_increment': 0.0018405728620499555, 'min_window': 10, 'max_window': 57, 'use_full_instance': False, 'max_partners': 5, 'homeostasis': 'mean', 'target': 0.59, 'spread': 0.365, 'ridge': 1.2645649156092547e-06, 'gamma': 0.9282405285465252}",lspi,100,linear,,,-0.3874999999999999,,"[-0.4846153846153845, -0.3884615384615384, -0.40384615384615374, -0.31923076923076915, -0.38076923076923064, -0.3999999999999998, -0.39999999999999986, -0.4076923076923076, -0.3615384615384615, -0.3461538461538461, -0.40384615384615374, -0.39230769230769214, -0.43076923076923057, -0.40384615384615374, -0.4076923076923076, -0.39230769230769225, -0.4192307692307691, -0.28846153846153844, -0.31153846153846143, -0.4076923076923076]",,17.0
Autoencode,filterbank+esn,5,312,4.237179487179487,-0.4669230769230768,0.08320858512829825,-0.4606311637080867,,89,"{'decomposition': 'legendre', 'n_filters': 12, 'slowest': 0.006397371281320229, 'input_scaling': 0.550142611755141, 'bias_dist': 'foldnorm', 'bias_scaling': 0.07438842372152364, 'lr': 0.6575600610814601, 'sr': 0.8663422541011234, 'rc_connectivity': 0.013579746643157644}",bc,100,linear,,-0.4846153846153845,-0.4507692307692306,4.0,"[-0.4846153846153845, -0.4730769230769229, -0.42692307692307685, -0.4538461538461537, -0.41538461538461524]",-0.47076903999999997,
Autoencode,filterbank+esn,6,312,4.237179487179487,-0.48692307692307674,0.07829922880060339,-0.47388560157790915,,89,"{'decomposition': 'legendre', 'n_filters': 12, 'slowest': 0.006397371281320229, 'input_scaling': 0.550142611755141, 'bias_dist': 'foldnorm', 'bias_scaling': 0.07438842372152364, 'lr': 0.6575600610814601, 'sr': 0.8663422541011234, 'rc_connectivity': 0.013579746643157644}",bc,100,linear,,-0.49230769230769217,-0.46615384615384603,4.0,"[-0.49230769230769217, -0.47692307692307684, -0.46923076923076923, -0.4538461538461537, -0.43846153846153835]",-0.45999984,
Autoencode,filterbank+proj,7,312,0.0,-0.36769230769230754,0.11542563373478576,-0.43112244897959173,-0.406789638932496,137,"{'decomposition': 'legendre', 'n_filters': 12, 'slowest': 0.005831297225426596, 'input_scaling': 0.7754440447009786, 'bias_dist': 'foldnorm', 'bias_scaling': 0.21105039816821586, 'lr': 0.11153274560306031, 'weight_increment': 0.0018405728620499555, 'min_window': 10, 'max_window': 57, 'use_full_instance': False, 'max_partners': 5, 'homeostasis': 'mean', 'target': 0.59, 'spread': 0.365, 'ridge': 1.2645649156092547e-06, 'gamma': 0.9282405285465252}",lspi,100,linear,,,-0.4017307692307691,,"[-0.4576923076923075, -0.396153846153846, -0.36538461538461525, -0.396153846153846, -0.373076923076923, -0.4615384615384615, -0.3692307692307691, -0.43846153846153835, -0.3692307692307691, -0.3769230769230768, -0.3499999999999998, -0.38461538461538447, -0.45384615384615373, -0.4307692307692307, -0.4192307692307691, -0.423076923076923, -0.4346153846153845, -0.31153846153846143, -0.4115384615384614, -0.4115384615384614]",,17.0
Autoencode,filterbank+proj,8,312,0.0,-0.4238461538461538,0.13684742940556557,-0.4262362637362636,-0.3987441130298272,136,"{'decomposition': 'legendre', 'n_filters': 12, 'slowest': 0.005831297225426596, 'input_scaling': 0.7754440447009786, 'bias_dist': 'foldnorm', 'bias_scaling': 0.21105039816821586, 'lr': 0.11153274560306031, 'weight_increment': 0.0018405728620499555, 'min_window': 10, 'max_window': 57, 'use_full_instance': False, 'max_partners': 5, 'homeostasis': 'mean', 'target': 0.59, 'spread': 0.365, 'ridge': 1.2645649156092547e-06, 'gamma': 0.9282405285465252}",lspi,100,linear,,,-0.40269230769230757,,"[-0.5038461538461537, -0.5, -0.2884615384615384, -0.44230769230769207, -0.42692307692307685, -0.446153846153846, -0.42692307692307685, -0.44999999999999984, -0.31538461538461526, -0.40384615384615374, -0.3615384615384614, -0.4115384615384615, -0.4423076923076922, -0.3730769230769229, -0.39999999999999986, -0.3576923076923076, -0.4115384615384615, -0.3192307692307692, -0.4076923076923076, -0.3653846153846153]",,2.0
Autoencode,filterbank+esn,7,312,4.237179487179487,-0.46307692307692294,0.06434007281946609,-0.461499013806706,,90,"{'decomposition': 'legendre', 'n_filters': 12, 'slowest': 0.006397371281320229, 'input_scaling': 0.550142611755141, 'bias_dist': 'foldnorm', 'bias_scaling': 0.07438842372152364, 'lr': 0.6575600610814601, 'sr': 0.8663422541011234, 'rc_connectivity': 0.013579746643157644}",bc,100,linear,,-0.48076923076923056,-0.47230769230769215,2.0,"[-0.48076923076923056, -0.43846153846153824, -0.41538461538461535, -0.5038461538461536, -0.5230769230769229]",-0.4576922199999999,
Autoencode,filterbank+esn,8,312,4.237179487179487,-0.43538461538461526,0.10361512763373991,-0.44867850098619316,,89,"{'decomposition': 'legendre', 'n_filters': 12, 'slowest': 0.006397371281320229, 'input_scaling': 0.550142611755141, 'bias_dist': 'foldnorm', 'bias_scaling': 0.07438842372152364, 'lr': 0.6575600610814601, 'sr': 0.8663422541011234, 'rc_connectivity': 0.013579746643157644}",bc,100,linear,,-0.43846153846153824,-0.4638461538461537,0.0,"[-0.43846153846153824, -0.43846153846153835, -0.47692307692307684, -0.4846153846153845, -0.48076923076923067]",-0.46615387999999996,
Autoencode,filterbank+esn,9,312,4.237179487179487,-0.4907692307692307,0.09021998099320468,-0.4747928994082839,,89,"{'decomposition': 'legendre', 'n_filters': 12, 'slowest': 0.006397371281320229, 'input_scaling': 0.550142611755141, 'bias_dist': 'foldnorm', 'bias_scaling': 0.07438842372152364, 'lr': 0.6575600610814601, 'sr': 0.8663422541011234, 'rc_connectivity': 0.013579746643157644}",bc,100,linear,,-0.46538461538461523,-0.4823076923076922,4.0,"[-0.46538461538461523, -0.5461538461538462, -0.4692307692307692, -0.47692307692307684, -0.45384615384615373]",-0.46153836000000004,
Autoencode,filterbank+proj,9,312,0.0,-0.37538461538461526,0.10784604411275003,-0.4194270015698586,-0.38226059654631067,136,"{'decomposition': 'legendre', 'n_filters': 12, 'slowest': 0.005831297225426596, 'input_scaling': 0.7754440447009786, 'bias_dist': 'foldnorm', 'bias_scaling': 0.21105039816821586, 'lr': 0.11153274560306031, 'weight_increment': 0.0018405728620499555, 'min_window': 10, 'max_window': 57, 'use_full_instance': False, 'max_partners': 5, 'homeostasis': 'mean', 'target': 0.59, 'spread': 0.365, 'ridge': 1.2645649156092547e-06, 'gamma': 0.9282405285465252}",lspi,100,linear,,,-0.3921153846153844,,"[-0.45769230769230757, -0.4423076923076922, -0.3769230769230768, -0.4692307692307692, -0.36538461538461525, -0.396153846153846, -0.41538461538461524, -0.3769230769230768, -0.33076923076923065, -0.35384615384615375, -0.36923076923076914, -0.4192307692307692, -0.43846153846153835, -0.41538461538461524, -0.38461538461538447, -0.37692307692307686, -0.3615384615384614, -0.31153846153846143, -0.39999999999999986, -0.38076923076923064]",,17.0
Autoencode,filterbank+hag,0,312,3.0224358974358974,-0.4823076923076921,0.0891146459250285,-0.4694280078895462,,90,"{'decomposition': 'legendre', 'n_filters': 12, 'slowest': 0.015468638100899648, 'input_scaling': 0.8216619713233748, 'bias_dist': 'foldnorm', 'bias_scaling': 0.04249382119350724, 'lr': 0.7520411716638045, 'weight_increment': 0.001395793645992084, 'min_window': 19, 'max_window': 32, 'use_full_instance': True, 'max_partners': 20, 'homeostasis': 'mean', 'target': 0.69, 'spread': 0.36000000000000004}",bc,100,linear,,-0.473076923076923,-0.4638461538461537,4.0,"[-0.473076923076923, -0.48076923076923067, -0.45384615384615373, -0.46538461538461534, -0.44615384615384607]",-0.47846152000000003,
Autoencode,filterbank+hag,1,312,3.3108974358974357,-0.44999999999999984,0.11259447052541885,-0.46725838264299785,,91,"{'decomposition': 'legendre', 'n_filters': 12, 'slowest': 0.015468638100899648, 'input_scaling': 0.8216619713233748, 'bias_dist': 'foldnorm', 'bias_scaling': 0.04249382119350724, 'lr': 0.7520411716638045, 'weight_increment': 0.001395793645992084, 'min_window': 19, 'max_window': 32, 'use_full_instance': True, 'max_partners': 20, 'homeostasis': 'mean', 'target': 0.69, 'spread': 0.36000000000000004}",bc,100,linear,,-0.5461538461538461,-0.46538461538461523,2.0,"[-0.5461538461538461, -0.46538461538461523, -0.3653846153846153, -0.496153846153846, -0.45384615384615384]",-0.46692301999999997,
Autoencode,filterbank+hag,2,312,3.1378205128205128,-0.4899999999999999,0.080974099153543,-0.47755424063116364,,92,"{'decomposition': 'legendre', 'n_filters': 12, 'slowest': 0.015468638100899648, 'input_scaling': 0.8216619713233748, 'bias_dist': 'foldnorm', 'bias_scaling': 0.04249382119350724, 'lr': 0.7520411716638045, 'weight_increment': 0.001395793645992084, 'min_window': 19, 'max_window': 32, 'use_full_instance': True, 'max_partners': 20, 'homeostasis': 'mean', 'target': 0.69, 'spread': 0.36000000000000004}",bc,100,linear,,-0.4615384615384614,-0.4838461538461537,0.0,"[-0.4615384615384614, -0.496153846153846, -0.5038461538461537, -0.48846153846153834, -0.4692307692307692]",-0.45076917999999994,
Autoencode,filterbank+hag,3,312,3.1121794871794872,-0.46384615384615374,0.08370489158788542,-0.47013806706114386,,90,"{'decomposition': 'legendre', 'n_filters': 12, 'slowest': 0.015468638100899648, 'input_scaling': 0.8216619713233748, 'bias_dist': 'foldnorm', 'bias_scaling': 0.04249382119350724, 'lr': 0.7520411716638045, 'weight_increment': 0.001395793645992084, 'min_window': 19, 'max_window': 32, 'use_full_instance': True, 'max_partners': 20, 'homeostasis': 'mean', 'target': 0.69, 'spread': 0.36000000000000004}",bc,100,linear,,-0.5076923076923076,-0.47999999999999987,2.0,"[-0.5076923076923076, -0.49230769230769217, -0.45384615384615373, -0.469230769230769, -0.47692307692307684]",-0.49307685999999995,
Autoencode,filterbank+hag,4,312,2.8653846153846154,-0.47230769230769204,0.0717655617827114,-0.4596844181459564,,92,"{'decomposition': 'legendre', 'n_filters': 12, 'slowest': 0.015468638100899648, 'input_scaling': 0.8216619713233748, 'bias_dist': 'foldnorm', 'bias_scaling': 0.04249382119350724, 'lr': 0.7520411716638045, 'weight_increment': 0.001395793645992084, 'min_window': 19, 'max_window': 32, 'use_full_instance': True, 'max_partners': 20, 'homeostasis': 'mean', 'target': 0.69, 'spread': 0.36000000000000004}",bc,100,linear,,-0.47692307692307684,-0.46307692307692283,3.0,"[-0.47692307692307684, -0.5153846153846151, -0.46923076923076906, -0.4192307692307691, -0.4346153846153844]",-0.47230754,
Autoencode,filterbank+hag,5,312,3.269230769230769,-0.46230769230769214,0.07477382068849385,-0.45814595660749496,,90,"{'decomposition': 'legendre', 'n_filters': 12, 'slowest': 0.015468638100899648, 'input_scaling': 0.8216619713233748, 'bias_dist': 'foldnorm', 'bias_scaling': 0.04249382119350724, 'lr': 0.7520411716638045, 'weight_increment': 0.001395793645992084, 'min_window': 19, 'max_window': 32, 'use_full_instance': True, 'max_partners': 20, 'homeostasis': 'mean', 'target': 0.69, 'spread': 0.36000000000000004}",bc,100,linear,,-0.4346153846153845,-0.45153846153846144,4.0,"[-0.4346153846153845, -0.4923076923076922, -0.4846153846153845, -0.44999999999999984, -0.3961538461538461]",-0.47076903999999997,
Autoencode,filterbank+hag,6,312,3.6794871794871793,-0.5023076923076922,0.08082781757955962,-0.48449704142011824,,92,"{'decomposition': 'legendre', 'n_filters': 12, 'slowest': 0.015468638100899648, 'input_scaling': 0.8216619713233748, 'bias_dist': 'foldnorm', 'bias_scaling': 0.04249382119350724, 'lr': 0.7520411716638045, 'weight_increment': 0.001395793645992084, 'min_window': 19, 'max_window': 32, 'use_full_instance': True, 'max_partners': 20, 'homeostasis': 'mean', 'target': 0.69, 'spread': 0.36000000000000004}",bc,100,linear,,-0.48846153846153834,-0.47384615384615375,3.0,"[-0.48846153846153834, -0.4576923076923075, -0.49615384615384617, -0.4346153846153845, -0.49230769230769217]",-0.45999984,
Autoencode,filterbank+hag,8,312,2.9743589743589745,-0.4546153846153845,0.11165511141602721,-0.46031558185404325,,89,"{'decomposition': 'legendre', 'n_filters': 12, 'slowest': 0.015468638100899648, 'input_scaling': 0.8216619713233748, 'bias_dist': 'foldnorm', 'bias_scaling': 0.04249382119350724, 'lr': 0.7520411716638045, 'weight_increment': 0.001395793645992084, 'min_window': 19, 'max_window': 32, 'use_full_instance': True, 'max_partners': 20, 'homeostasis': 'mean', 'target': 0.69, 'spread': 0.36000000000000004}",bc,100,linear,,-0.4346153846153845,-0.4669230769230768,0.0,"[-0.4346153846153845, -0.43846153846153824, -0.46538461538461534, -0.4846153846153845, -0.5115384615384614]",-0.46615387999999996,
Autoencode,filterbank+hag,7,312,3.1121794871794872,-0.46846153846153826,0.07485291296857896,-0.4690729783037474,,91,"{'decomposition': 'legendre', 'n_filters': 12, 'slowest': 0.015468638100899648, 'input_scaling': 0.8216619713233748, 'bias_dist': 'foldnorm', 'bias_scaling': 0.04249382119350724, 'lr': 0.7520411716638045, 'weight_increment': 0.001395793645992084, 'min_window': 19, 'max_window': 32, 'use_full_instance': True, 'max_partners': 20, 'homeostasis': 'mean', 'target': 0.69, 'spread': 0.36000000000000004}",bc,100,linear,,-0.4846153846153845,-0.47461538461538455,2.0,"[-0.4846153846153845, -0.4615384615384614, -0.45769230769230757, -0.4769230769230767, -0.49230769230769217]",-0.4576922199999999,
Autoencode,filterbank+hag,9,312,3.1153846153846154,-0.5115384615384614,0.09270746763995354,-0.48473372781065077,,91,"{'decomposition': 'legendre', 'n_filters': 12, 'slowest': 0.015468638100899648, 'input_scaling': 0.8216619713233748, 'bias_dist': 'foldnorm', 'bias_scaling': 0.04249382119350724, 'lr': 0.7520411716638045, 'weight_increment': 0.001395793645992084, 'min_window': 19, 'max_window': 32, 'use_full_instance': True, 'max_partners': 20, 'homeostasis': 'mean', 'target': 0.69, 'spread': 0.36000000000000004}",bc,100,linear,,-0.44999999999999984,-0.5038461538461538,0.0,"[-0.44999999999999984, -0.5384615384615385, -0.5269230769230768, -0.49999999999999983, -0.5038461538461538]",-0.46153836000000004,
Autoencode,filterbank+proj,0,312,0.0,-0.47384615384615364,0.08852506080502033,-0.4695069033530571,,87,"{'decomposition': 'legendre', 'n_filters': 12, 'slowest': 0.015468638100899648, 'input_scaling': 0.8216619713233748, 'bias_dist': 'foldnorm', 'bias_scaling': 0.04249382119350724, 'lr': 0.7520411716638045, 'weight_increment': 0.001395793645992084, 'min_window': 19, 'max_window': 32, 'use_full_instance': True, 'max_partners': 20, 'homeostasis': 'mean', 'target': 0.69, 'spread': 0.36000000000000004}",bc,100,linear,,-0.46538461538461523,-0.4646153846153845,3.0,"[-0.46538461538461523, -0.49230769230769217, -0.45769230769230757, -0.4423076923076922, -0.46538461538461523]",-0.47846152000000003,
Autoencode,filterbank+proj,1,312,0.0,-0.4676923076923076,0.12244066308351721,-0.46603550295857976,,88,"{'decomposition': 'legendre', 'n_filters': 12, 'slowest': 0.015468638100899648, 'input_scaling': 0.8216619713233748, 'bias_dist': 'foldnorm', 'bias_scaling': 0.04249382119350724, 'lr': 0.7520411716638045, 'weight_increment': 0.001395793645992084, 'min_window': 19, 'max_window': 32, 'use_full_instance': True, 'max_partners': 20, 'homeostasis': 'mean', 'target': 0.69, 'spread': 0.36000000000000004}",bc,100,linear,,-0.5269230769230768,-0.4692307692307692,2.0,"[-0.5269230769230768, -0.43846153846153835, -0.38846153846153836, -0.496153846153846, -0.49615384615384617]",-0.46692301999999997,
Autoencode,filterbank+proj,2,312,0.0,-0.4823076923076921,0.08911464592502853,-0.4781854043392504,,87,"{'decomposition': 'legendre', 'n_filters': 12, 'slowest': 0.015468638100899648, 'input_scaling': 0.8216619713233748, 'bias_dist': 'foldnorm', 'bias_scaling': 0.04249382119350724, 'lr': 0.7520411716638045, 'weight_increment': 0.001395793645992084, 'min_window': 19, 'max_window': 32, 'use_full_instance': True, 'max_partners': 20, 'homeostasis': 'mean', 'target': 0.69, 'spread': 0.36000000000000004}",bc,100,linear,,-0.4576923076923075,-0.4776923076923076,0.0,"[-0.4576923076923075, -0.48076923076923067, -0.49230769230769217, -0.4769230769230767, -0.48076923076923067]",-0.45076917999999994,
Autoencode,filterbank+proj,3,312,0.0,-0.47846153846153827,0.09074315140343775,-0.47475345167652844,,87,"{'decomposition': 'legendre', 'n_filters': 12, 'slowest': 0.015468638100899648, 'input_scaling': 0.8216619713233748, 'bias_dist': 'foldnorm', 'bias_scaling': 0.04249382119350724, 'lr': 0.7520411716638045, 'weight_increment': 0.001395793645992084, 'min_window': 19, 'max_window': 32, 'use_full_instance': True, 'max_partners': 20, 'homeostasis': 'mean', 'target': 0.69, 'spread': 0.36000000000000004}",bc,100,linear,,-0.5038461538461537,-0.4684615384615383,3.0,"[-0.5038461538461537, -0.48846153846153834, -0.4499999999999999, -0.43076923076923057, -0.469230769230769]",-0.49307685999999995,
Autoencode,filterbank+proj,4,312,0.0,-0.4815384615384613,0.061653738183119644,-0.463826429980276,,87,"{'decomposition': 'legendre', 'n_filters': 12, 'slowest': 0.015468638100899648, 'input_scaling': 0.8216619713233748, 'bias_dist': 'foldnorm', 'bias_scaling': 0.04249382119350724, 'lr': 0.7520411716638045, 'weight_increment': 0.001395793645992084, 'min_window': 19, 'max_window': 32, 'use_full_instance': True, 'max_partners': 20, 'homeostasis': 'mean', 'target': 0.69, 'spread': 0.36000000000000004}",bc,100,linear,,-0.48076923076923067,-0.4676923076923075,3.0,"[-0.48076923076923067, -0.5153846153846153, -0.44999999999999984, -0.43846153846153835, -0.4538461538461537]",-0.47230754,
Autoencode,filterbank+proj,5,312,0.0,-0.4607692307692306,0.08513476959552332,-0.4657988165680472,,88,"{'decomposition': 'legendre', 'n_filters': 12, 'slowest': 0.015468638100899648, 'input_scaling': 0.8216619713233748, 'bias_dist': 'foldnorm', 'bias_scaling': 0.04249382119350724, 'lr': 0.7520411716638045, 'weight_increment': 0.001395793645992084, 'min_window': 19, 'max_window': 32, 'use_full_instance': True, 'max_partners': 20, 'homeostasis': 'mean', 'target': 0.69, 'spread': 0.36000000000000004}",bc,100,linear,,-0.4346153846153844,-0.4669230769230768,0.0,"[-0.4346153846153844, -0.46538461538461534, -0.4846153846153845, -0.44999999999999984, -0.5]",-0.47076903999999997,
Autoencode,filterbank+proj,6,312,0.0,-0.49999999999999983,0.09262765060609464,-0.4855226824457593,,88,"{'decomposition': 'legendre', 'n_filters': 12, 'slowest': 0.015468638100899648, 'input_scaling': 0.8216619713233748, 'bias_dist': 'foldnorm', 'bias_scaling': 0.04249382119350724, 'lr': 0.7520411716638045, 'weight_increment': 0.001395793645992084, 'min_window': 19, 'max_window': 32, 'use_full_instance': True, 'max_partners': 20, 'homeostasis': 'mean', 'target': 0.69, 'spread': 0.36000000000000004}",bc,100,linear,,-0.48846153846153834,-0.49076923076923074,3.0,"[-0.48846153846153834, -0.4999999999999999, -0.5192307692307692, -0.446153846153846, -0.49999999999999983]",-0.45999984,
Autoencode,filterbank+proj,8,312,0.0,-0.4676923076923075,0.09680089979531925,-0.46193293885601566,,87,"{'decomposition': 'legendre', 'n_filters': 12, 'slowest': 0.015468638100899648, 'input_scaling': 0.8216619713233748, 'bias_dist': 'foldnorm', 'bias_scaling': 0.04249382119350724, 'lr': 0.7520411716638045, 'weight_increment': 0.001395793645992084, 'min_window': 19, 'max_window': 32, 'use_full_instance': True, 'max_partners': 20, 'homeostasis': 'mean', 'target': 0.69, 'spread': 0.36000000000000004}",bc,100,linear,,-0.4346153846153844,-0.47692307692307684,0.0,"[-0.4346153846153844, -0.47692307692307684, -0.473076923076923, -0.5038461538461537, -0.496153846153846]",-0.46615387999999996,
Autoencode,filterbank+proj,7,312,0.0,-0.4707692307692306,0.05986177371798066,-0.47364891518737656,,89,"{'decomposition': 'legendre', 'n_filters': 12, 'slowest': 0.015468638100899648, 'input_scaling': 0.8216619713233748, 'bias_dist': 'foldnorm', 'bias_scaling': 0.04249382119350724, 'lr': 0.7520411716638045, 'weight_increment': 0.001395793645992084, 'min_window': 19, 'max_window': 32, 'use_full_instance': True, 'max_partners': 20, 'homeostasis': 'mean', 'target': 0.69, 'spread': 0.36000000000000004}",bc,100,linear,,-0.48076923076923056,-0.46923076923076906,1.0,"[-0.48076923076923056, -0.44230769230769207, -0.4538461538461537, -0.4730769230769229, -0.496153846153846]",-0.4576922199999999,
Autoencode,filterbank+proj,9,312,0.0,-0.5007692307692306,0.10161127925090765,-0.4850493096646942,,86,"{'decomposition': 'legendre', 'n_filters': 12, 'slowest': 0.015468638100899648, 'input_scaling': 0.8216619713233748, 'bias_dist': 'foldnorm', 'bias_scaling': 0.04249382119350724, 'lr': 0.7520411716638045, 'weight_increment': 0.001395793645992084, 'min_window': 19, 'max_window': 32, 'use_full_instance': True, 'max_partners': 20, 'homeostasis': 'mean', 'target': 0.69, 'spread': 0.36000000000000004}",bc,100,linear,,-0.46538461538461534,-0.5084615384615383,0.0,"[-0.46538461538461534, -0.5384615384615383, -0.5307692307692307, -0.5076923076923076, -0.4999999999999999]",-0.46153836000000004,
Autoencode,filterbank+proj,8,312,0.0,-0.48307696000000006,0.10910073709924421,-0.49060251503914293,-0.48731166185567004,728,"{'decomposition': 'legendre', 'n_filters': 12, 'slowest': 0.015468638100899648, 'input_scaling': 0.8216619713233748, 'bias_dist': 'foldnorm', 'bias_scaling': 0.04249382119350724, 'lr': 0.7520411716638045, 'weight_increment': 0.001395793645992084, 'min_window': 19, 'max_window': 32, 'use_full_instance': True, 'max_partners': 20, 'homeostasis': 'mean', 'target': 0.69, 'spread': 0.36000000000000004, 'learning_rate': 0.0001}",dqn,100,linear,0.0001,,,,,,
Autoencode,filterbank+proj,0,312,0.0,-0.47692314,0.08213146886303932,-0.4969375010300782,-0.4919904835051547,723,"{'decomposition': 'legendre', 'n_filters': 12, 'slowest': 0.015468638100899648, 'input_scaling': 0.8216619713233748, 'bias_dist': 'foldnorm', 'bias_scaling': 0.04249382119350724, 'lr': 0.7520411716638045, 'weight_increment': 0.001395793645992084, 'min_window': 19, 'max_window': 32, 'use_full_instance': True, 'max_partners': 20, 'homeostasis': 'mean', 'target': 0.69, 'spread': 0.36000000000000004, 'learning_rate': 0.0003}",dqn,100,linear,0.0003,,,,,,
Autoencode,filterbank+proj,9,312,0.0,-0.50692306,0.0426144584470623,-0.49192972641120725,-0.4849722257731959,727,"{'decomposition': 'legendre', 'n_filters': 12, 'slowest': 0.015468638100899648, 'input_scaling': 0.8216619713233748, 'bias_dist': 'foldnorm', 'bias_scaling': 0.04249382119350724, 'lr': 0.7520411716638045, 'weight_increment': 0.001395793645992084, 'min_window': 19, 'max_window': 32, 'use_full_instance': True, 'max_partners': 20, 'homeostasis': 'mean', 'target': 0.69, 'spread': 0.36000000000000004, 'learning_rate': 0.0001}",dqn,100,linear,0.0001,,,,,,
Autoencode,filterbank+proj,2,312,0.0,-0.50461544,0.02126207190765754,-0.4956142468067573,-0.4975812896907217,712,"{'decomposition': 'legendre', 'n_filters': 12, 'slowest': 0.015468638100899648, 'input_scaling': 0.8216619713233748, 'bias_dist': 'foldnorm', 'bias_scaling': 0.04249382119350724, 'lr': 0.7520411716638045, 'weight_increment': 0.001395793645992084, 'min_window': 19, 'max_window': 32, 'use_full_instance': True, 'max_partners': 20, 'homeostasis': 'mean', 'target': 0.69, 'spread': 0.36000000000000004, 'learning_rate': 0.0003}",dqn,100,linear,0.0003,,,,,,
Autoencode,filterbank+proj,5,312,0.0,-0.4976923,0.04100091166608371,-0.4937006732591677,-0.4919904793814433,719,"{'decomposition': 'legendre', 'n_filters': 12, 'slowest': 0.015468638100899648, 'input_scaling': 0.8216619713233748, 'bias_dist': 'foldnorm', 'bias_scaling': 0.04249382119350724, 'lr': 0.7520411716638045, 'weight_increment': 0.001395793645992084, 'min_window': 19, 'max_window': 32, 'use_full_instance': True, 'max_partners': 20, 'homeostasis': 'mean', 'target': 0.69, 'spread': 0.36000000000000004, 'learning_rate': 0.0003}",dqn,100,linear,0.0003,,,,,,
Autoencode,filterbank+proj,1,312,0.0,-0.5,0.01720072931011938,-0.4968146847960445,-0.49468676907216497,732,"{'decomposition': 'legendre', 'n_filters': 12, 'slowest': 0.015468638100899648, 'input_scaling': 0.8216619713233748, 'bias_dist': 'foldnorm', 'bias_scaling': 0.04249382119350724, 'lr': 0.7520411716638045, 'weight_increment': 0.001395793645992084, 'min_window': 19, 'max_window': 32, 'use_full_instance': True, 'max_partners': 20, 'homeostasis': 'mean', 'target': 0.69, 'spread': 0.36000000000000004, 'learning_rate': 0.0003}",dqn,100,linear,0.0003,,,,,,
Autoencode,filterbank+proj,4,312,0.0,-0.50307694,0.0916128948319853,-0.4955785826122785,-0.49159397628865975,723,"{'decomposition': 'legendre', 'n_filters': 12, 'slowest': 0.015468638100899648, 'input_scaling': 0.8216619713233748, 'bias_dist': 'foldnorm', 'bias_scaling': 0.04249382119350724, 'lr': 0.7520411716638045, 'weight_increment': 0.001395793645992084, 'min_window': 19, 'max_window': 32, 'use_full_instance': True, 'max_partners': 20, 'homeostasis': 'mean', 'target': 0.69, 'spread': 0.36000000000000004, 'learning_rate': 0.0003}",dqn,100,linear,0.0003,,,,,,
Autoencode,filterbank+proj,3,312,0.0,-0.50846152,0.07227919212532469,-0.4959549637412444,-0.4913164134020619,726,"{'decomposition': 'legendre', 'n_filters': 12, 'slowest': 0.015468638100899648, 'input_scaling': 0.8216619713233748, 'bias_dist': 'foldnorm', 'bias_scaling': 0.04249382119350724, 'lr': 0.7520411716638045, 'weight_increment': 0.001395793645992084, 'min_window': 19, 'max_window': 32, 'use_full_instance': True, 'max_partners': 20, 'homeostasis': 'mean', 'target': 0.69, 'spread': 0.36000000000000004, 'learning_rate': 0.0003}",dqn,100,linear,0.0003,,,,,,
Autoencode,filterbank+proj,7,312,0.0,-0.5,0.08970711119482111,-0.4978051477132262,-0.4914353649484536,726,"{'decomposition': 'legendre', 'n_filters': 12, 'slowest': 0.015468638100899648, 'input_scaling': 0.8216619713233748, 'bias_dist': 'foldnorm', 'bias_scaling': 0.04249382119350724, 'lr': 0.7520411716638045, 'weight_increment': 0.001395793645992084, 'min_window': 19, 'max_window': 32, 'use_full_instance': True, 'max_partners': 20, 'homeostasis': 'mean', 'target': 0.69, 'spread': 0.36000000000000004, 'learning_rate': 0.0003}",dqn,100,linear,0.0003,,,,,,
Autoencode,filterbank+proj,6,312,0.0,-0.49153844,0.038684195388897516,-0.4973455663370416,-0.5007533659793815,729,"{'decomposition': 'legendre', 'n_filters': 12, 'slowest': 0.015468638100899648, 'input_scaling': 0.8216619713233748, 'bias_dist': 'foldnorm', 'bias_scaling': 0.04249382119350724, 'lr': 0.7520411716638045, 'weight_increment': 0.001395793645992084, 'min_window': 19, 'max_window': 32, 'use_full_instance': True, 'max_partners': 20, 'homeostasis': 'mean', 'target': 0.69, 'spread': 0.36000000000000004, 'learning_rate': 0.0003}",dqn,100,linear,0.0003,,,,,,
Autoencode,filterbank+proj,0,312,0.0,-0.50384616,0.024627452811332308,-0.4988391824268644,-0.49968280206185567,721,"{'decomposition': 'legendre', 'n_filters': 12, 'slowest': 0.015468638100899648, 'input_scaling': 0.8216619713233748, 'bias_dist': 'foldnorm', 'bias_scaling': 0.04249382119350724, 'lr': 0.7520411716638045, 'weight_increment': 0.001395793645992084, 'min_window': 19, 'max_window': 32, 'use_full_instance': True, 'max_partners': 20, 'homeostasis': 'mean', 'target': 0.69, 'spread': 0.36000000000000004, 'learning_rate': 0.001}",dqn,100,linear,0.001,,,,,,
Autoencode,filterbank+proj,9,312,0.0,-0.5038461799999999,0.07546707915102849,-0.4985539311907704,-0.5040444350515464,724,"{'decomposition': 'legendre', 'n_filters': 12, 'slowest': 0.015468638100899648, 'input_scaling': 0.8216619713233748, 'bias_dist': 'foldnorm', 'bias_scaling': 0.04249382119350724, 'lr': 0.7520411716638045, 'weight_increment': 0.001395793645992084, 'min_window': 19, 'max_window': 32, 'use_full_instance': True, 'max_partners': 20, 'homeostasis': 'mean', 'target': 0.69, 'spread': 0.36000000000000004, 'learning_rate': 0.0003}",dqn,100,linear,0.0003,,,,,,
Autoencode,filterbank+proj,8,312,0.0,-0.49846152000000005,0.007536981958954127,-0.4946079356201071,-0.4925059443298969,731,"{'decomposition': 'legendre', 'n_filters': 12, 'slowest': 0.015468638100899648, 'input_scaling': 0.8216619713233748, 'bias_dist': 'foldnorm', 'bias_scaling': 0.04249382119350724, 'lr': 0.7520411716638045, 'weight_increment': 0.001395793645992084, 'min_window': 19, 'max_window': 32, 'use_full_instance': True, 'max_partners': 20, 'homeostasis': 'mean', 'target': 0.69, 'spread': 0.36000000000000004, 'learning_rate': 0.0003}",dqn,100,linear,0.0003,,,,,,
Autoencode,filterbank+proj,1,312,0.0,-0.5,0.0,-0.4984033884425216,-0.5032910515463918,723,"{'decomposition': 'legendre', 'n_filters': 12, 'slowest': 0.015468638100899648, 'input_scaling': 0.8216619713233748, 'bias_dist': 'foldnorm', 'bias_scaling': 0.04249382119350724, 'lr': 0.7520411716638045, 'weight_increment': 0.001395793645992084, 'min_window': 19, 'max_window': 32, 'use_full_instance': True, 'max_partners': 20, 'homeostasis': 'mean', 'target': 0.69, 'spread': 0.36000000000000004, 'learning_rate': 0.001}",dqn,100,linear,0.001,,,,,,
Autoencode,filterbank+proj,2,312,0.0,-0.49692306,0.02532651888152811,-0.4976664751751133,-0.49960349175257734,722,"{'decomposition': 'legendre', 'n_filters': 12, 'slowest': 0.015468638100899648, 'input_scaling': 0.8216619713233748, 'bias_dist': 'foldnorm', 'bias_scaling': 0.04249382119350724, 'lr': 0.7520411716638045, 'weight_increment': 0.001395793645992084, 'min_window': 19, 'max_window': 32, 'use_full_instance': True, 'max_partners': 20, 'homeostasis': 'mean', 'target': 0.69, 'spread': 0.36000000000000004, 'learning_rate': 0.001}",dqn,100,linear,0.001,,,,,,
Autoencode,filterbank+proj,3,312,0.0,-0.49307692000000003,0.03235347240024786,-0.49858959373712397,-0.5083663927835051,720,"{'decomposition': 'legendre', 'n_filters': 12, 'slowest': 0.015468638100899648, 'input_scaling': 0.8216619713233748, 'bias_dist': 'foldnorm', 'bias_scaling': 0.04249382119350724, 'lr': 0.7520411716638045, 'weight_increment': 0.001395793645992084, 'min_window': 19, 'max_window': 32, 'use_full_instance': True, 'max_partners': 20, 'homeostasis': 'mean', 'target': 0.69, 'spread': 0.36000000000000004, 'learning_rate': 0.001}",dqn,100,linear,0.001,,,,,,
Autoencode,filterbank+proj,5,312,0.0,-0.51923086,0.03461552222284678,-0.4971989818706221,-0.4902458195876288,718,"{'decomposition': 'legendre', 'n_filters': 12, 'slowest': 0.015468638100899648, 'input_scaling': 0.8216619713233748, 'bias_dist': 'foldnorm', 'bias_scaling': 0.04249382119350724, 'lr': 0.7520411716638045, 'weight_increment': 0.001395793645992084, 'min_window': 19, 'max_window': 32, 'use_full_instance': True, 'max_partners': 20, 'homeostasis': 'mean', 'target': 0.69, 'spread': 0.36000000000000004, 'learning_rate': 0.001}",dqn,100,linear,0.001,,,,,,
Autoencode,filterbank+proj,4,312,0.0,-0.53846158,0.0979071284375331,-0.49602231005356406,-0.5034496525773196,724,"{'decomposition': 'legendre', 'n_filters': 12, 'slowest': 0.015468638100899648, 'input_scaling': 0.8216619713233748, 'bias_dist': 'foldnorm', 'bias_scaling': 0.04249382119350724, 'lr': 0.7520411716638045, 'weight_increment': 0.001395793645992084, 'min_window': 19, 'max_window': 32, 'use_full_instance': True, 'max_partners': 20, 'homeostasis': 'mean', 'target': 0.69, 'spread': 0.36000000000000004, 'learning_rate': 0.001}",dqn,100,linear,0.001,,,,,,
Autoencode,filterbank+proj,0,312,0.0,-0.5061539199999999,0.07189748727899745,-0.4993581800576844,-0.49599523608247426,704,"{'decomposition': 'legendre', 'n_filters': 12, 'slowest': 0.015468638100899648, 'input_scaling': 0.8216619713233748, 'bias_dist': 'foldnorm', 'bias_scaling': 0.04249382119350724, 'lr': 0.7520411716638045, 'weight_increment': 0.001395793645992084, 'min_window': 19, 'max_window': 32, 'use_full_instance': True, 'max_partners': 20, 'homeostasis': 'mean', 'target': 0.69, 'spread': 0.36000000000000004, 'learning_rate': 0.003}",dqn,100,linear,0.003,,,,,,
Autoencode,filterbank+proj,7,312,0.0,-0.49615388000000005,0.078540797976756,-0.49950081036258753,-0.49746232474226804,719,"{'decomposition': 'legendre', 'n_filters': 12, 'slowest': 0.015468638100899648, 'input_scaling': 0.8216619713233748, 'bias_dist': 'foldnorm', 'bias_scaling': 0.04249382119350724, 'lr': 0.7520411716638045, 'weight_increment': 0.001395793645992084, 'min_window': 19, 'max_window': 32, 'use_full_instance': True, 'max_partners': 20, 'homeostasis': 'mean', 'target': 0.69, 'spread': 0.36000000000000004, 'learning_rate': 0.001}",dqn,100,linear,0.001,,,,,,
Autoencode,filterbank+proj,6,312,0.0,-0.48538458,0.05952979191567529,-0.49839149793984344,-0.495122924742268,723,"{'decomposition': 'legendre', 'n_filters': 12, 'slowest': 0.015468638100899648, 'input_scaling': 0.8216619713233748, 'bias_dist': 'foldnorm', 'bias_scaling': 0.04249382119350724, 'lr': 0.7520411716638045, 'weight_increment': 0.001395793645992084, 'min_window': 19, 'max_window': 32, 'use_full_instance': True, 'max_partners': 20, 'homeostasis': 'mean', 'target': 0.69, 'spread': 0.36000000000000004, 'learning_rate': 0.001}",dqn,100,linear,0.001,,,,,,
Autoencode,filterbank+proj,8,312,0.0,-0.5,0.0,-0.4985380855995056,-0.5020618608247422,718,"{'decomposition': 'legendre', 'n_filters': 12, 'slowest': 0.015468638100899648, 'input_scaling': 0.8216619713233748, 'bias_dist': 'foldnorm', 'bias_scaling': 0.04249382119350724, 'lr': 0.7520411716638045, 'weight_increment': 0.001395793645992084, 'min_window': 19, 'max_window': 32, 'use_full_instance': True, 'max_partners': 20, 'homeostasis': 'mean', 'target': 0.69, 'spread': 0.36000000000000004, 'learning_rate': 0.001}",dqn,100,linear,0.001,,,,,,
Autoencode,filterbank+proj,9,312,0.0,-0.49153842000000003,0.05615399479505977,-0.4995681659456119,-0.49912767835051547,723,"{'decomposition': 'legendre', 'n_filters': 12, 'slowest': 0.015468638100899648, 'input_scaling': 0.8216619713233748, 'bias_dist': 'foldnorm', 'bias_scaling': 0.04249382119350724, 'lr': 0.7520411716638045, 'weight_increment': 0.001395793645992084, 'min_window': 19, 'max_window': 32, 'use_full_instance': True, 'max_partners': 20, 'homeostasis': 'mean', 'target': 0.69, 'spread': 0.36000000000000004, 'learning_rate': 0.001}",dqn,100,linear,0.001,,,,,,
Autoencode,filterbank+proj,1,312,0.0,-0.52538466,0.06554740988097395,-0.4983558416769675,-0.4927438515463918,720,"{'decomposition': 'legendre', 'n_filters': 12, 'slowest': 0.015468638100899648, 'input_scaling': 0.8216619713233748, 'bias_dist': 'foldnorm', 'bias_scaling': 0.04249382119350724, 'lr': 0.7520411716638045, 'weight_increment': 0.001395793645992084, 'min_window': 19, 'max_window': 32, 'use_full_instance': True, 'max_partners': 20, 'homeostasis': 'mean', 'target': 0.69, 'spread': 0.36000000000000004, 'learning_rate': 0.003}",dqn,100,linear,0.003,,,,,,
Autoencode,filterbank+proj,2,312,0.0,-0.49769228000000004,0.014204928389879336,-0.49879560609806345,-0.493695487628866,721,"{'decomposition': 'legendre', 'n_filters': 12, 'slowest': 0.015468638100899648, 'input_scaling': 0.8216619713233748, 'bias_dist': 'foldnorm', 'bias_scaling': 0.04249382119350724, 'lr': 0.7520411716638045, 'weight_increment': 0.001395793645992084, 'min_window': 19, 'max_window': 32, 'use_full_instance': True, 'max_partners': 20, 'homeostasis': 'mean', 'target': 0.69, 'spread': 0.36000000000000004, 'learning_rate': 0.003}",dqn,100,linear,0.003,,,,,,
Autoencode,filterbank+proj,4,312,0.0,-0.5123077,0.10559504280585336,-0.4951824025545941,-0.4993655773195876,719,"{'decomposition': 'legendre', 'n_filters': 12, 'slowest': 0.015468638100899648, 'input_scaling': 0.8216619713233748, 'bias_dist': 'foldnorm', 'bias_scaling': 0.04249382119350724, 'lr': 0.7520411716638045, 'weight_increment': 0.001395793645992084, 'min_window': 19, 'max_window': 32, 'use_full_instance': True, 'max_partners': 20, 'homeostasis': 'mean', 'target': 0.69, 'spread': 0.36000000000000004, 'learning_rate': 0.003}",dqn,100,linear,0.003,,,,,,
Autoencode,filterbank+proj,3,312,0.0,-0.5030768800000001,0.09694758068804812,-0.49750800762257935,-0.4964314113402062,727,"{'decomposition': 'legendre', 'n_filters': 12, 'slowest': 0.015468638100899648, 'input_scaling': 0.8216619713233748, 'bias_dist': 'foldnorm', 'bias_scaling': 0.04249382119350724, 'lr': 0.7520411716638045, 'weight_increment': 0.001395793645992084, 'min_window': 19, 'max_window': 32, 'use_full_instance': True, 'max_partners': 20, 'homeostasis': 'mean', 'target': 0.69, 'spread': 0.36000000000000004, 'learning_rate': 0.003}",dqn,100,linear,0.003,,,,,,
Autoencode,filterbank+proj,6,312,0.0,-0.5046153600000001,0.05253357441018458,-0.5011489352080758,-0.5009912628865979,718,"{'decomposition': 'legendre', 'n_filters': 12, 'slowest': 0.015468638100899648, 'input_scaling': 0.8216619713233748, 'bias_dist': 'foldnorm', 'bias_scaling': 0.04249382119350724, 'lr': 0.7520411716638045, 'weight_increment': 0.001395793645992084, 'min_window': 19, 'max_window': 32, 'use_full_instance': True, 'max_partners': 20, 'homeostasis': 'mean', 'target': 0.69, 'spread': 0.36000000000000004, 'learning_rate': 0.003}",dqn,100,linear,0.003,,,,,,
Autoencode,filterbank+proj,9,312,0.0,-0.44769222,0.09318823444583332,-0.4984469593119078,-0.4934179144329897,715,"{'decomposition': 'legendre', 'n_filters': 12, 'slowest': 0.015468638100899648, 'input_scaling': 0.8216619713233748, 'bias_dist': 'foldnorm', 'bias_scaling': 0.04249382119350724, 'lr': 0.7520411716638045, 'weight_increment': 0.001395793645992084, 'min_window': 19, 'max_window': 32, 'use_full_instance': True, 'max_partners': 20, 'homeostasis': 'mean', 'target': 0.69, 'spread': 0.36000000000000004, 'learning_rate': 0.003}",dqn,100,linear,0.003,,,,,,
Autoencode,filterbank+proj,5,312,0.0,-0.49923078000000004,0.06727593812777047,-0.49927498341573956,-0.4993259340206186,727,"{'decomposition': 'legendre', 'n_filters': 12, 'slowest': 0.015468638100899648, 'input_scaling': 0.8216619713233748, 'bias_dist': 'foldnorm', 'bias_scaling': 0.04249382119350724, 'lr': 0.7520411716638045, 'weight_increment': 0.001395793645992084, 'min_window': 19, 'max_window': 32, 'use_full_instance': True, 'max_partners': 20, 'homeostasis': 'mean', 'target': 0.69, 'spread': 0.36000000000000004, 'learning_rate': 0.003}",dqn,100,linear,0.003,,,,,,
Autoencode,filterbank+proj,7,312,0.0,-0.4876923,0.11902963451834168,-0.4992116005356407,-0.49417129587628866,725,"{'decomposition': 'legendre', 'n_filters': 12, 'slowest': 0.015468638100899648, 'input_scaling': 0.8216619713233748, 'bias_dist': 'foldnorm', 'bias_scaling': 0.04249382119350724, 'lr': 0.7520411716638045, 'weight_increment': 0.001395793645992084, 'min_window': 19, 'max_window': 32, 'use_full_instance': True, 'max_partners': 20, 'homeostasis': 'mean', 'target': 0.69, 'spread': 0.36000000000000004, 'learning_rate': 0.003}",dqn,100,linear,0.003,,,,,,
Autoencode,filterbank+proj,8,312,0.0,-0.50153848,0.007536981958954127,-0.4965175446023897,-0.49004758762886597,727,"{'decomposition': 'legendre', 'n_filters': 12, 'slowest': 0.015468638100899648, 'input_scaling': 0.8216619713233748, 'bias_dist': 'foldnorm', 'bias_scaling': 0.04249382119350724, 'lr': 0.7520411716638045, 'weight_increment': 0.001395793645992084, 'min_window': 19, 'max_window': 32, 'use_full_instance': True, 'max_partners': 20, 'homeostasis': 'mean', 'target': 0.69, 'spread': 0.36000000000000004, 'learning_rate': 0.003}",dqn,100,linear,0.003,,,,,,
Autoencode,obs,4,6,,-0.47384584,0.017941605742363195,-0.480462454695053,-0.4720636327160494,1061,{'learning_rate': 0.0003},ppo,0,64x64,0.0003,,,,,,
Autoencode,obs,8,6,,-0.5,0.0,-0.49997626555589847,-0.499525158436214,1066,{'learning_rate': 0.0003},ppo,0,64x64,0.0003,,,,,,
Autoencode,obs,2,6,,-0.4692304,0.015384799999999997,-0.47907005307004014,-0.4713513528806585,1074,{'learning_rate': 0.0003},ppo,0,64x64,0.0003,,,,,,
Autoencode,obs,5,6,,-0.47999976000000005,0.019215609041151934,-0.48592537838115807,-0.48207481481481484,1074,{'learning_rate': 0.0003},ppo,0,64x64,0.0003,,,,,,
Autoencode,obs,9,6,,-0.47461508,0.018219786761474458,-0.4783580060680861,-0.47174704938271605,1075,{'learning_rate': 0.0003},ppo,0,64x64,0.0003,,,,,,
Autoencode,obs,1,6,,-0.48230748000000007,0.0191693620209333,-0.4916928954026535,-0.48745633024691354,1085,{'learning_rate': 0.0003},ppo,0,64x64,0.0003,,,,,,
Autoencode,obs,0,6,,-0.48230748,0.0191693620209333,-0.48616669741849233,-0.480215024691358,1090,{'learning_rate': 0.0003},ppo,0,64x64,0.0003,,,,,,
Autoencode,obs,4,6,,-0.47384584,0.017941605742363195,-0.48134463745757483,-0.471905383744856,1063,{'learning_rate': 0.001},ppo,0,64x64,0.001,,,,,,
Autoencode,obs,3,6,,-0.48384596,0.018983247302777256,-0.4876303012444718,-0.48068986934156377,1089,{'learning_rate': 0.0003},ppo,0,64x64,0.0003,,,,,,
Autoencode,obs,0,6,,-0.47999976000000005,0.019215609041151934,-0.48558921032603103,-0.4821935298353909,1081,{'learning_rate': 0.001},ppo,0,64x64,0.001,,,,,,
Autoencode,obs,6,6,,-0.48153824000000006,0.01921560904115193,-0.4844261603414584,-0.48144169753086424,1088,{'learning_rate': 0.0003},ppo,0,64x64,0.0003,,,,,,
Autoencode,obs,7,6,,-0.49153836,0.015932741326915464,-0.4911311864650828,-0.49006794032921813,1089,{'learning_rate': 0.0003},ppo,0,64x64,0.0003,,,,,,
Autoencode,obs,5,6,,-0.47999976000000005,0.019215609041151934,-0.4863012139257431,-0.4836180452674897,1057,{'learning_rate': 0.001},ppo,0,64x64,0.001,,,,,,
Autoencode,obs,2,6,,-0.47999976000000005,0.019215609041151934,-0.4857909070245809,-0.4809272839506173,1082,{'learning_rate': 0.001},ppo,0,64x64,0.001,,,,,,
Autoencode,obs,3,6,,-0.47846128,0.019092034710884012,-0.4869222422091948,-0.48171876748971193,1081,{'learning_rate': 0.001},ppo,0,64x64,0.001,,,,,,
Autoencode,obs,6,6,,-0.47153812,0.016870750292313615,-0.4811468728787411,-0.47400254526748975,1067,{'learning_rate': 0.001},ppo,0,64x64,0.001,,,,,,
Autoencode,obs,1,6,,-0.47076888000000006,0.01642647134918513,-0.4807077760979121,-0.47214276543209877,1101,{'learning_rate': 0.001},ppo,0,64x64,0.001,,,,,,
Autoencode,obs,0,6,,-0.4923076,0.03171657771450129,-0.4855852298673249,-0.48179787551440334,1073,{'learning_rate': 0.003},ppo,0,64x64,0.003,,,,,,
Autoencode,obs,9,6,,-0.47461508,0.018219786761474458,-0.48165714080016453,-0.4730133724279835,1074,{'learning_rate': 0.001},ppo,0,64x64,0.001,,,,,,
Autoencode,obs,8,6,,-0.49307683999999996,0.014776617865208532,-0.49862735544585,-0.4898305514403292,1076,{'learning_rate': 0.001},ppo,0,64x64,0.001,,,,,,
Autoencode,obs,7,6,,-0.47230736,0.01726939516921192,-0.4776697202509514,-0.47170761728395066,1084,{'learning_rate': 0.001},ppo,0,64x64,0.001,,,,,,
Autoencode,obs,4,6,,-0.47384584,0.017941605742363195,-0.4795724815386198,-0.4745566131687243,1069,{'learning_rate': 0.003},ppo,0,64x64,0.003,,,,,,
Autoencode,obs,1,6,,-0.48153824,0.019215609041151934,-0.4856880756968014,-0.48175834053497946,1085,{'learning_rate': 0.003},ppo,0,64x64,0.003,,,,,,
Autoencode,obs,9,6,,-0.47461508,0.018219786761474458,-0.4794063657307415,-0.4736069948559671,1069,{'learning_rate': 0.003},ppo,0,64x64,0.003,,,,,,
Autoencode,obs,5,6,,-0.47307660000000007,0.01762550263793915,-0.4789988677362954,-0.47518968621399177,1076,{'learning_rate': 0.003},ppo,0,64x64,0.003,,,,,,
Autoencode,obs,2,6,,-0.48230748,0.0191693620209333,-0.48768967108917005,-0.48425119341563794,1088,{'learning_rate': 0.003},ppo,0,64x64,0.003,,,,,,
Autoencode,obs,6,6,,-0.49153836,0.031985957498102194,-0.48859952679214236,-0.4835785699588478,1078,{'learning_rate': 0.003},ppo,0,64x64,0.003,,,,,,
Autoencode,obs,7,6,,-0.47999976000000005,0.019215609041151934,-0.4848810975007714,-0.4804525082304527,1084,{'learning_rate': 0.003},ppo,0,64x64,0.003,,,,,,
Autoencode,obs,1,6,,-0.50076924,0.029281684161646164,-0.4957159157667387,-0.4990107510288066,1079,{'learning_rate': 0.01},ppo,0,64x64,0.01,,,,,,
Autoencode,obs,8,6,,-0.47461508,0.018219786761474458,-0.4807829394219891,-0.4737652294238683,1087,{'learning_rate': 0.003},ppo,0,64x64,0.003,,,,,,
Autoencode,obs,3,6,,-0.48384596,0.018983247302777256,-0.48776486578216605,-0.4844886172839506,1097,{'learning_rate': 0.003},ppo,0,64x64,0.003,,,,,,
Autoencode,obs,0,6,,-0.4923076,0.03171657771450129,-0.49162167088347225,-0.49026579012345683,1093,{'learning_rate': 0.01},ppo,0,64x64,0.01,,,,,,
Autoencode,obs,2,6,,-0.5,0.0,-0.5002017415406768,-0.5,1060,{'learning_rate': 0.01},ppo,0,64x64,0.01,,,,,,
Autoencode,obs,3,6,,-0.5,0.0,-0.4973852467345469,-0.5,1061,{'learning_rate': 0.01},ppo,0,64x64,0.01,,,,,,
Autoencode,obs,5,6,,-0.49153836,0.015932741326915464,-0.4844696392060064,-0.4864670740740741,1058,{'learning_rate': 0.01},ppo,0,64x64,0.01,,,,,,
Autoencode,obs,9,6,,-0.48999988,0.016870750292313615,-0.4931129921834825,-0.4901866502057613,1061,{'learning_rate': 0.01},ppo,0,64x64,0.01,,,,,,
Autoencode,obs,6,6,,-0.5,0.0,-0.5001977975933354,-0.5,1068,{'learning_rate': 0.01},ppo,0,64x64,0.01,,,,,,
Autoencode,obs,8,6,,-0.50230772,0.024819168295525135,-0.5012144191093284,-0.5010683888888889,1070,{'learning_rate': 0.01},ppo,0,64x64,0.01,,,,,,
Autoencode,obs,7,6,,-0.5,0.0,-0.4981289358222771,-0.5,1070,{'learning_rate': 0.01},ppo,0,64x64,0.01,,,,,,
Autoencode,obs,4,6,,-0.5,0.0,-0.5003204141725804,-0.5,1091,{'learning_rate': 0.01},ppo,0,64x64,0.01,,,,,,
Autoencode,filterbank,1,24,,-0.4576922,0.07624707657661373,-0.4759768424354624,-0.46597019238683135,1112,"{'decomposition': 'ema', 'n_filters': 4, 'slowest': 0.03755441669648581, 'learning_rate': 0.0003}",ppo,0,64x64,0.0003,,,,,,
Autoencode,filterbank,0,24,,-0.46230756,0.042475262164304535,-0.4702924082073434,-0.45714617901234567,1121,"{'decomposition': 'ema', 'n_filters': 4, 'slowest': 0.03755441669648581, 'learning_rate': 0.0003}",ppo,0,64x64,0.0003,,,,,,
Autoencode,filterbank,2,24,,-0.45384602,0.06343240599456715,-0.47685897089375706,-0.4639917160493827,1106,"{'decomposition': 'ema', 'n_filters': 4, 'slowest': 0.03755441669648581, 'learning_rate': 0.0003}",ppo,0,64x64,0.0003,,,,,,
Autoencode,filterbank,6,24,,-0.45846134000000005,0.04202008773032727,-0.47179956196647116,-0.4579771296296297,1108,"{'decomposition': 'ema', 'n_filters': 4, 'slowest': 0.03755441669648581, 'learning_rate': 0.0003}",ppo,0,64x64,0.0003,,,,,,
Autoencode,filterbank,7,24,,-0.47307686,0.06069144320413216,-0.4715780524529466,-0.4668011399176955,1109,"{'decomposition': 'ema', 'n_filters': 4, 'slowest': 0.03755441669648581, 'learning_rate': 0.0003}",ppo,0,64x64,0.0003,,,,,,
Autoencode,filterbank,3,24,,-0.46230756,0.04646694278351439,-0.4706602911652782,-0.4607865761316872,1120,"{'decomposition': 'ema', 'n_filters': 4, 'slowest': 0.03755441669648581, 'learning_rate': 0.0003}",ppo,0,64x64,0.0003,,,,,,
Autoencode,filterbank,5,24,,-0.44230762000000007,0.09918313078359443,-0.46808514439987664,-0.4569483672839506,1115,"{'decomposition': 'ema', 'n_filters': 4, 'slowest': 0.03755441669648581, 'learning_rate': 0.0003}",ppo,0,64x64,0.0003,,,,,,
Autoencode,filterbank,4,24,,-0.46999992000000007,0.08712717593216021,-0.4681009812814975,-0.4573044732510288,1126,"{'decomposition': 'ema', 'n_filters': 4, 'slowest': 0.03755441669648581, 'learning_rate': 0.0003}",ppo,0,64x64,0.0003,,,,,,
Autoencode,filterbank,8,24,,-0.45538446,0.04238454675478316,-0.46942612125887073,-0.4554050679012346,1110,"{'decomposition': 'ema', 'n_filters': 4, 'slowest': 0.03755441669648581, 'learning_rate': 0.0003}",ppo,0,64x64,0.0003,,,,,,
Autoencode,filterbank,3,24,,-0.4361537,0.06906393342034611,-0.47112712290445335,-0.4613801491769548,1101,"{'decomposition': 'ema', 'n_filters': 4, 'slowest': 0.03755441669648581, 'learning_rate': 0.001}",ppo,0,64x64,0.001,,,,,,
Autoencode,filterbank,2,24,,-0.45461532,0.08415618576466971,-0.4714752253419726,-0.46537667489711937,1107,"{'decomposition': 'ema', 'n_filters': 4, 'slowest': 0.03755441669648581, 'learning_rate': 0.001}",ppo,0,64x64,0.001,,,,,,
Autoencode,filterbank,0,24,,-0.44615379999999993,0.10205004979322643,-0.46894355908670166,-0.4577001975308642,1116,"{'decomposition': 'ema', 'n_filters': 4, 'slowest': 0.03755441669648581, 'learning_rate': 0.001}",ppo,0,64x64,0.001,,,,,,
Autoencode,filterbank,4,24,,-0.4838461,0.10178594682219151,-0.4680100003085467,-0.4639126049382716,1106,"{'decomposition': 'ema', 'n_filters': 4, 'slowest': 0.03755441669648581, 'learning_rate': 0.001}",ppo,0,64x64,0.001,,,,,,
Autoencode,filterbank,9,24,,-0.47923072000000005,0.06445502695276452,-0.4843312989817958,-0.4677507860082305,1124,"{'decomposition': 'ema', 'n_filters': 4, 'slowest': 0.03755441669648581, 'learning_rate': 0.0003}",ppo,0,64x64,0.0003,,,,,,
Autoencode,filterbank,1,24,,-0.46000003999999994,0.10931749646967952,-0.4723692228735987,-0.4631212067901235,1125,"{'decomposition': 'ema', 'n_filters': 4, 'slowest': 0.03755441669648581, 'learning_rate': 0.001}",ppo,0,64x64,0.001,,,,,,
Autoencode,filterbank,5,24,,-0.41538456,0.11512793542353826,-0.4719182783091638,-0.46636591872427985,1115,"{'decomposition': 'ema', 'n_filters': 4, 'slowest': 0.03755441669648581, 'learning_rate': 0.001}",ppo,0,64x64,0.001,,,,,,
Autoencode,filterbank,9,24,,-0.43538456000000003,0.09804002112446936,-0.47698160937982104,-0.4635960432098766,1103,"{'decomposition': 'ema', 'n_filters': 4, 'slowest': 0.03755441669648581, 'learning_rate': 0.001}",ppo,0,64x64,0.001,,,,,,
Autoencode,filterbank,6,24,,-0.44461535999999996,0.11491192611992194,-0.4717560893757071,-0.4685422417695473,1118,"{'decomposition': 'ema', 'n_filters': 4, 'slowest': 0.03755441669648581, 'learning_rate': 0.001}",ppo,0,64x64,0.001,,,,,,
Autoencode,filterbank,8,24,,-0.46153842000000006,0.10986825084838477,-0.469794045973465,-0.45857071913580244,1113,"{'decomposition': 'ema', 'n_filters': 4, 'slowest': 0.03755441669648581, 'learning_rate': 0.001}",ppo,0,64x64,0.001,,,,,,
Autoencode,filterbank,7,24,,-0.4561538599999999,0.10406250241830818,-0.46941034073845517,-0.46141972222222216,1122,"{'decomposition': 'ema', 'n_filters': 4, 'slowest': 0.03755441669648581, 'learning_rate': 0.001}",ppo,0,64x64,0.001,,,,,,
Autoencode,filterbank,0,24,,-0.47153845999999994,0.09352096449507136,-0.4760440998662965,-0.4723409032921811,1115,"{'decomposition': 'ema', 'n_filters': 4, 'slowest': 0.03755441669648581, 'learning_rate': 0.003}",ppo,0,64x64,0.003,,,,,,
Autoencode,filterbank,2,24,,-0.46615383999999993,0.12153855670911351,-0.4757751122081662,-0.4658119516460905,1113,"{'decomposition': 'ema', 'n_filters': 4, 'slowest': 0.03755441669648581, 'learning_rate': 0.003}",ppo,0,64x64,0.003,,,,,,
Autoencode,filterbank,1,24,,-0.45384608,0.08213143701916824,-0.47730202303815705,-0.4748733600823045,1120,"{'decomposition': 'ema', 'n_filters': 4, 'slowest': 0.03755441669648581, 'learning_rate': 0.003}",ppo,0,64x64,0.003,,,,,,
Autoencode,filterbank,3,24,,-0.4630769,0.10087199844897492,-0.47923637416435255,-0.47115382818930035,1118,"{'decomposition': 'ema', 'n_filters': 4, 'slowest': 0.03755441669648581, 'learning_rate': 0.003}",ppo,0,64x64,0.003,,,,,,
Autoencode,obs,2,6,,-0.48692292000000004,0.018219786761474458,-0.49261853121464566,-0.4898305205761317,940,{'learning_rate': 0.0003},ppo,0,64,0.0003,,,,,,
Autoencode,obs,5,6,,-0.48153824,0.019215609041151934,-0.483923880181014,-0.4802546934156378,934,{'learning_rate': 0.0003},ppo,0,64,0.0003,,,,,,
Autoencode,obs,1,6,,-0.47769204000000004,0.018983247302777256,-0.4873613256196648,-0.4799776697530864,944,{'learning_rate': 0.0003},ppo,0,64,0.0003,,,,,,
Autoencode,obs,0,6,,-0.47230736000000006,0.01726939516921192,-0.4805415795536357,-0.4720240401234568,959,{'learning_rate': 0.0003},ppo,0,64,0.0003,,,,,,
Autoencode,obs,4,6,,-0.47999976000000005,0.019215609041151934,-0.48364293685076626,-0.4802545956790123,953,{'learning_rate': 0.0003},ppo,0,64,0.0003,,,,,,
Autoencode,obs,3,6,,-0.48230748,0.0191693620209333,-0.4901184829785046,-0.48065029218106997,953,{'learning_rate': 0.0003},ppo,0,64,0.0003,,,,,,
Autoencode,obs,7,6,,-0.47230736,0.01726939516921192,-0.48367456813740606,-0.4729737222222222,951,{'learning_rate': 0.0003},ppo,0,64,0.0003,,,,,,
Autoencode,obs,6,6,,-0.480769,0.019230999999999995,-0.48749188285508593,-0.481481262345679,954,{'learning_rate': 0.0003},ppo,0,64,0.0003,,,,,,
Autoencode,obs,8,6,,-0.47461508,0.018219786761474458,-0.48105975943638796,-0.4720636100823045,955,{'learning_rate': 0.0003},ppo,0,64,0.0003,,,,,,
Autoencode,obs,9,6,,-0.47461508,0.018219786761474458,-0.47713966687236453,-0.47139092489711937,957,{'learning_rate': 0.0003},ppo,0,64,0.0003,,,,,,
Autoencode,obs,0,6,,-0.48999988,0.016870750292313615,-0.49317235266892934,-0.4906219218106996,960,{'learning_rate': 0.001},ppo,0,64,0.001,,,,,,
Autoencode,obs,2,6,,-0.49307684,0.01477661786520853,-0.49247219572148515,-0.4909780637860082,948,{'learning_rate': 0.001},ppo,0,64,0.001,,,,,,
Autoencode,obs,3,6,,-0.49384608,0.01410040211035132,-0.49364703918543656,-0.4903053621399177,951,{'learning_rate': 0.001},ppo,0,64,0.001,,,,,,
Autoencode,obs,4,6,,-0.48307672,0.019092034710884012,-0.4824641107682814,-0.48159997325102877,957,{'learning_rate': 0.001},ppo,0,64,0.001,,,,,,
Autoencode,obs,1,6,,-0.47769204000000004,0.018983247302777256,-0.48696575377969764,-0.4808086224279836,966,{'learning_rate': 0.001},ppo,0,64,0.001,,,,,,
Autoencode,obs,5,6,,-0.47999976000000005,0.019215609041151934,-0.4851659007507971,-0.48132300823045265,964,{'learning_rate': 0.001},ppo,0,64,0.001,,,,,,
Autoencode,filterbank,4,24,,-0.47846156,0.09795558336576021,-0.47730202776920705,-0.4670386080246914,1109,"{'decomposition': 'ema', 'n_filters': 4, 'slowest': 0.03755441669648581, 'learning_rate': 0.003}",ppo,0,64x64,0.003,,,,,,
Autoencode,filterbank,5,24,,-0.46615376000000003,0.10480756314494866,-0.4765108782268847,-0.478355487654321,1104,"{'decomposition': 'ema', 'n_filters': 4, 'slowest': 0.03755441669648581, 'learning_rate': 0.003}",ppo,0,64x64,0.003,,,,,,
Autoencode,filterbank,6,24,,-0.46692300000000003,0.08937996413201339,-0.4776619970173815,-0.4662076615226337,1113,"{'decomposition': 'ema', 'n_filters': 4, 'slowest': 0.03755441669648581, 'learning_rate': 0.003}",ppo,0,64x64,0.003,,,,,,
Autoencode,filterbank,7,24,,-0.47846153999999996,0.08571324737990271,-0.4751382351126196,-0.47372584156378594,1115,"{'decomposition': 'ema', 'n_filters': 4, 'slowest': 0.03755441669648581, 'learning_rate': 0.003}",ppo,0,64x64,0.003,,,,,,
Autoencode,filterbank,8,24,,-0.47538458,0.112465728786878,-0.47664537776406457,-0.47032287962962965,1118,"{'decomposition': 'ema', 'n_filters': 4, 'slowest': 0.03755441669648581, 'learning_rate': 0.003}",ppo,0,64x64,0.003,,,,,,
Autoencode,filterbank,9,24,,-0.46769226,0.09649480837160308,-0.4770765428365731,-0.4786324609053498,1116,"{'decomposition': 'ema', 'n_filters': 4, 'slowest': 0.03755441669648581, 'learning_rate': 0.003}",ppo,0,64x64,0.003,,,,,,
Autoencode,filterbank,1,24,,-0.5,0.0,-0.49687495742054927,-0.5,1117,"{'decomposition': 'ema', 'n_filters': 4, 'slowest': 0.03755441669648581, 'learning_rate': 0.01}",ppo,0,64x64,0.01,,,,,,
Autoencode,filterbank,8,24,,-0.5,0.0,-0.4896280099763447,-0.5,1107,"{'decomposition': 'ema', 'n_filters': 4, 'slowest': 0.03755441669648581, 'learning_rate': 0.01}",ppo,0,64x64,0.01,,,,,,
Autoencode,filterbank,5,24,,-0.5,0.0,-0.4954865135246323,-0.5,1117,"{'decomposition': 'ema', 'n_filters': 4, 'slowest': 0.03755441669648581, 'learning_rate': 0.01}",ppo,0,64x64,0.01,,,,,,
Autoencode,filterbank,6,24,,-0.5,0.0,-0.4939556290239638,-0.5,1114,"{'decomposition': 'ema', 'n_filters': 4, 'slowest': 0.03755441669648581, 'learning_rate': 0.01}",ppo,0,64x64,0.01,,,,,,
Autoencode,filterbank,4,24,,-0.5,0.0,-0.4966534471870822,-0.5,1118,"{'decomposition': 'ema', 'n_filters': 4, 'slowest': 0.03755441669648581, 'learning_rate': 0.01}",ppo,0,64x64,0.01,,,,,,
Autoencode,filterbank,3,24,,-0.5,0.0,-0.4956407562480716,-0.5,1120,"{'decomposition': 'ema', 'n_filters': 4, 'slowest': 0.03755441669648581, 'learning_rate': 0.01}",ppo,0,64x64,0.01,,,,,,
Autoencode,filterbank,2,24,,-0.49307684,0.01477661786520853,-0.4874602538311222,-0.4903845,1125,"{'decomposition': 'ema', 'n_filters': 4, 'slowest': 0.03755441669648581, 'learning_rate': 0.01}",ppo,0,64x64,0.01,,,,,,
Autoencode,filterbank,0,24,,-0.5,0.0,-0.4974168952998046,-0.5,1127,"{'decomposition': 'ema', 'n_filters': 4, 'slowest': 0.03755441669648581, 'learning_rate': 0.01}",ppo,0,64x64,0.01,,,,,,
Autoencode,filterbank,7,24,,-0.5,0.0,-0.49648333785868565,-0.5,1123,"{'decomposition': 'ema', 'n_filters': 4, 'slowest': 0.03755441669648581, 'learning_rate': 0.01}",ppo,0,64x64,0.01,,,,,,
Autoencode,filterbank,9,24,,-0.5,0.0,-0.4967721089170009,-0.5,1121,"{'decomposition': 'ema', 'n_filters': 4, 'slowest': 0.03755441669648581, 'learning_rate': 0.01}",ppo,0,64x64,0.01,,,,,,
Autoencode,obs,6,6,,-0.480769,0.019230999999999995,-0.4849562543453667,-0.4814021347736625,936,{'learning_rate': 0.001},ppo,0,64,0.001,,,,,,
Autoencode,obs,8,6,,-0.49076912,0.016426471349185134,-0.4924089073331277,-0.49129463374485605,932,{'learning_rate': 0.001},ppo,0,64,0.001,,,,,,
Autoencode,obs,7,6,,-0.48384596,0.018983247302777256,-0.4852094415303919,-0.481718737654321,937,{'learning_rate': 0.001},ppo,0,64,0.001,,,,,,
Autoencode,obs,9,6,,-0.47461508,0.018219786761474458,-0.47836199074359764,-0.47162845267489717,939,{'learning_rate': 0.001},ppo,0,64,0.001,,,,,,
Autoencode,obs,2,6,,-0.47999976000000005,0.019215609041151934,-0.4886588206314924,-0.4819956841563786,939,{'learning_rate': 0.003},ppo,0,64,0.003,,,,,,
Autoencode,obs,0,6,,-0.48230748,0.0191693620209333,-0.48466351239329425,-0.4804920709876543,944,{'learning_rate': 0.003},ppo,0,64,0.003,,,,,,
Autoencode,obs,1,6,,-0.47769204000000004,0.018983247302777256,-0.4880417418492235,-0.4832223971193416,948,{'learning_rate': 0.003},ppo,0,64,0.003,,,,,,
Autoencode,obs,3,6,,-0.48230748,0.0191693620209333,-0.4876698885117763,-0.48199567798353904,968,{'learning_rate': 0.003},ppo,0,64,0.003,,,,,,
Autoencode,obs,4,6,,-0.47999976000000005,0.019215609041151934,-0.4828438683533888,-0.4810855771604938,947,{'learning_rate': 0.003},ppo,0,64,0.003,,,,,,
Autoencode,obs,6,6,,-0.480769,0.019230999999999995,-0.4836706647125373,-0.48203531790123455,941,{'learning_rate': 0.003},ppo,0,64,0.003,,,,,,
Autoencode,obs,5,6,,-0.48153824,0.019215609041151934,-0.48456860403167745,-0.48092733950617284,953,{'learning_rate': 0.003},ppo,0,64,0.003,,,,,,
Autoencode,obs,7,6,,-0.48384596,0.018983247302777256,-0.484794060475162,-0.4837763240740741,946,{'learning_rate': 0.003},ppo,0,64,0.003,,,,,,
Autoencode,obs,0,6,,-0.47999976000000005,0.019215609041151934,-0.48792307178854266,-0.4853592211934156,944,{'learning_rate': 0.01},ppo,0,64,0.01,,,,,,
Autoencode,obs,8,6,,-0.48153824,0.019215609041151934,-0.4848652355240152,-0.4798588919753086,946,{'learning_rate': 0.003},ppo,0,64,0.003,,,,,,
Autoencode,obs,3,6,,-0.47846128,0.019092034710884012,-0.48774900041139563,-0.48274750617283957,936,{'learning_rate': 0.01},ppo,0,64,0.01,,,,,,
Autoencode,obs,9,6,,-0.48384596,0.018983247302777256,-0.4869064790702458,-0.4810856203703704,949,{'learning_rate': 0.003},ppo,0,64,0.003,,,,,,
Autoencode,obs,2,6,,-0.49076912,0.03313987340992117,-0.4893392080633549,-0.4884455740740741,943,{'learning_rate': 0.01},ppo,0,64,0.01,,,,,,
Autoencode,obs,4,6,,-0.4846152,0.01884245489738532,-0.48721498302992905,-0.4826683590534979,942,{'learning_rate': 0.01},ppo,0,64,0.01,,,,,,
Autoencode,obs,6,6,,-0.48153824000000006,0.01921560904115193,-0.4920014372107374,-0.48539870370370375,943,{'learning_rate': 0.01},ppo,0,64,0.01,,,,,,
Autoencode,obs,1,6,,-0.48230748000000007,0.0191693620209333,-0.497519729095958,-0.4978632273662551,957,{'learning_rate': 0.01},ppo,0,64,0.01,,,,,,
Autoencode,obs,5,6,,-0.48153824,0.019215609041151934,-0.4878518940656176,-0.4868628549382716,952,{'learning_rate': 0.01},ppo,0,64,0.01,,,,,,
Autoencode,obs,7,6,,-0.48384596,0.018983247302777256,-0.4865741418286537,-0.4827079413580247,953,{'learning_rate': 0.01},ppo,0,64,0.01,,,,,,
Autoencode,obs,9,6,,-0.49076912,0.01642647134918513,-0.49045477640645885,-0.4939458775720165,946,{'learning_rate': 0.01},ppo,0,64,0.01,,,,,,
Autoencode,obs,8,6,,-0.48384596,0.018983247302777256,-0.4925868998251569,-0.4899492582304527,963,{'learning_rate': 0.01},ppo,0,64,0.01,,,,,,
Autoencode,filterbank,0,24,,-0.48076919999999995,0.09174525897549148,-0.48375381734032713,-0.4776036512345678,985,"{'decomposition': 'ema', 'n_filters': 4, 'slowest': 0.03755441669648581, 'learning_rate': 0.0003}",ppo,0,64,0.0003,,,,,,
Autoencode,filterbank,1,24,,-0.48923063999999994,0.01726939516921192,-0.492598767869999,-0.4892765720164609,992,"{'decomposition': 'ema', 'n_filters': 4, 'slowest': 0.03755441669648581, 'learning_rate': 0.0003}",ppo,0,64,0.0003,,,,,,
Autoencode,filterbank,2,24,,-0.4692304,0.015384799999999997,-0.4787655696801399,-0.4721427654320987,992,"{'decomposition': 'ema', 'n_filters': 4, 'slowest': 0.03755441669648581, 'learning_rate': 0.0003}",ppo,0,64,0.0003,,,,,,
Autoencode,filterbank,4,24,,-0.47307681999999995,0.08040217776545358,-0.48299826853851685,-0.47542732613168726,997,"{'decomposition': 'ema', 'n_filters': 4, 'slowest': 0.03755441669648581, 'learning_rate': 0.0003}",ppo,0,64,0.0003,,,,,,
Autoencode,filterbank,3,24,,-0.46846140000000003,0.04398107473675468,-0.4852173882546539,-0.47566463888888894,1004,"{'decomposition': 'ema', 'n_filters': 4, 'slowest': 0.03755441669648581, 'learning_rate': 0.0003}",ppo,0,64,0.0003,,,,,,
Autoencode,filterbank,5,24,,-0.47769216,0.04219576988910618,-0.47781620312660705,-0.47285522633744853,994,"{'decomposition': 'ema', 'n_filters': 4, 'slowest': 0.03755441669648581, 'learning_rate': 0.0003}",ppo,0,64,0.0003,,,,,,
Autoencode,filterbank,6,24,,-0.4438461,0.10123800763275617,-0.47355989139154586,-0.47392368106995886,1003,"{'decomposition': 'ema', 'n_filters': 4, 'slowest': 0.03755441669648581, 'learning_rate': 0.0003}",ppo,0,64,0.0003,,,,,,
Autoencode,filterbank,7,24,,-0.480769,0.019230999999999995,-0.4903004622030238,-0.48334105041152264,999,"{'decomposition': 'ema', 'n_filters': 4, 'slowest': 0.03755441669648581, 'learning_rate': 0.0003}",ppo,0,64,0.0003,,,,,,
Autoencode,filterbank,9,24,,-0.46538455999999995,0.1003692435038065,-0.4768866518564229,-0.46988757818930044,975,"{'decomposition': 'ema', 'n_filters': 4, 'slowest': 0.03755441669648581, 'learning_rate': 0.0003}",ppo,0,64,0.0003,,,,,,
Autoencode,filterbank,8,24,,-0.49076912,0.016426471349185134,-0.49301415540471055,-0.4897909917695473,985,"{'decomposition': 'ema', 'n_filters': 4, 'slowest': 0.03755441669648581, 'learning_rate': 0.0003}",ppo,0,64,0.0003,,,,,,
Autoencode,filterbank,0,24,,-0.44615383999999997,0.07615003440402637,-0.4759610043196545,-0.462646359053498,985,"{'decomposition': 'ema', 'n_filters': 4, 'slowest': 0.03755441669648581, 'learning_rate': 0.001}",ppo,0,64,0.001,,,,,,
Autoencode,filterbank,1,24,,-0.46153833999999994,0.06749989787477015,-0.47526082793376534,-0.4671968158436214,999,"{'decomposition': 'ema', 'n_filters': 4, 'slowest': 0.03755441669648581, 'learning_rate': 0.001}",ppo,0,64,0.001,,,,,,
Autoencode,filterbank,3,24,,-0.46384609999999993,0.06500349385294608,-0.4749839436387946,-0.4587685288065844,999,"{'decomposition': 'ema', 'n_filters': 4, 'slowest': 0.03755441669648581, 'learning_rate': 0.001}",ppo,0,64,0.001,,,,,,
Autoencode,filterbank,2,24,,-0.47153838,0.07289869990223145,-0.4796279778874833,-0.4669990164609054,1001,"{'decomposition': 'ema', 'n_filters': 4, 'slowest': 0.03755441669648581, 'learning_rate': 0.001}",ppo,0,64,0.001,,,,,,
Autoencode,filterbank,4,24,,-0.46230766,0.06272427634261236,-0.48061689334567526,-0.4692148847736625,996,"{'decomposition': 'ema', 'n_filters': 4, 'slowest': 0.03755441669648581, 'learning_rate': 0.001}",ppo,0,64,0.001,,,,,,
Autoencode,filterbank,6,24,,-0.4776923200000001,0.0997304388381882,-0.47574741952072414,-0.4639521790123457,994,"{'decomposition': 'ema', 'n_filters': 4, 'slowest': 0.03755441669648581, 'learning_rate': 0.001}",ppo,0,64,0.001,,,,,,
Autoencode,filterbank,9,24,,-0.46230757999999994,0.06366057409074788,-0.4791888806952586,-0.4709163981481481,992,"{'decomposition': 'ema', 'n_filters': 4, 'slowest': 0.03755441669648581, 'learning_rate': 0.001}",ppo,0,64,0.001,,,,,,
Autoencode,filterbank,5,24,,-0.48230767999999996,0.0850375213536801,-0.4812142329527924,-0.4709955257201647,1005,"{'decomposition': 'ema', 'n_filters': 4, 'slowest': 0.03755441669648581, 'learning_rate': 0.001}",ppo,0,64,0.001,,,,,,
Autoencode,filterbank,0,24,,-0.44923066,0.08010360915030232,-0.46965162614419415,-0.4567504969135803,993,"{'decomposition': 'ema', 'n_filters': 4, 'slowest': 0.03755441669648581, 'learning_rate': 0.003}",ppo,0,64,0.003,,,,,,
Autoencode,filterbank,7,24,,-0.45999980000000007,0.05157870506943733,-0.47283198601254756,-0.46347725205761314,1002,"{'decomposition': 'ema', 'n_filters': 4, 'slowest': 0.03755441669648581, 'learning_rate': 0.001}",ppo,0,64,0.001,,,,,,
Autoencode,filterbank,1,24,,-0.47846147999999994,0.1052357785136291,-0.47023311951043917,-0.4596786419753086,989,"{'decomposition': 'ema', 'n_filters': 4, 'slowest': 0.03755441669648581, 'learning_rate': 0.003}",ppo,0,64,0.003,,,,,,
Autoencode,filterbank,8,24,,-0.45692298000000003,0.10480766178738843,-0.49026493469093907,-0.48199586522633747,1005,"{'decomposition': 'ema', 'n_filters': 4, 'slowest': 0.03755441669648581, 'learning_rate': 0.001}",ppo,0,64,0.001,,,,,,
Autoencode,filterbank,2,24,,-0.47769234,0.09671845933649068,-0.47302587257019435,-0.4648622664609054,1010,"{'decomposition': 'ema', 'n_filters': 4, 'slowest': 0.03755441669648581, 'learning_rate': 0.003}",ppo,0,64,0.003,,,,,,
Autoencode,filterbank,3,24,,-0.43230764,0.11527183419496022,-0.47281226031060375,-0.45825418004115226,1009,"{'decomposition': 'ema', 'n_filters': 4, 'slowest': 0.03755441669648581, 'learning_rate': 0.003}",ppo,0,64,0.003,,,,,,
Autoencode,obs,0,6,,-0.48999988,0.016870750292313615,-0.4952808149748019,-0.4930753343621399,813,{'learning_rate': 0.0003},ppo,0,linear,0.0003,,,,,,
Autoencode,filterbank,4,24,,-0.4630767,0.030730777511315917,-0.46959623583256194,-0.4598764588477366,985,"{'decomposition': 'ema', 'n_filters': 4, 'slowest': 0.03755441669648581, 'learning_rate': 0.003}",ppo,0,64,0.003,,,,,,
Autoencode,filterbank,5,24,,-0.43461528,0.08149860883893417,-0.4761192408721588,-0.46422915329218106,986,"{'decomposition': 'ema', 'n_filters': 4, 'slowest': 0.03755441669648581, 'learning_rate': 0.003}",ppo,0,64,0.003,,,,,,
Autoencode,obs,1,6,,-0.48230748000000007,0.0191693620209333,-0.4951700569782989,-0.49584519958847734,817,{'learning_rate': 0.0003},ppo,0,linear,0.0003,,,,,,
Autoencode,filterbank,6,24,,-0.44769217999999994,0.07985198668528919,-0.47111129857040007,-0.4577793117283951,996,"{'decomposition': 'ema', 'n_filters': 4, 'slowest': 0.03755441669648581, 'learning_rate': 0.003}",ppo,0,64,0.003,,,,,,
Autoencode,filterbank,7,24,,-0.44384603999999994,0.0874390208215897,-0.47346495526072196,-0.46822567695473255,997,"{'decomposition': 'ema', 'n_filters': 4, 'slowest': 0.03755441669648581, 'learning_rate': 0.003}",ppo,0,64,0.003,,,,,,
Autoencode,obs,2,6,,-0.47615356,0.0186689334083766,-0.4954311405944667,-0.48888098251028805,820,{'learning_rate': 0.0003},ppo,0,linear,0.0003,,,,,,
Autoencode,filterbank,1,24,,-0.46461534,0.0741181531722452,-0.46945780396996806,-0.4592433734567902,986,"{'decomposition': 'ema', 'n_filters': 4, 'slowest': 0.03755441669648581, 'learning_rate': 0.01}",ppo,0,64,0.01,,,,,,
Autoencode,filterbank,0,24,,-0.45923070000000005,0.07592047092458001,-0.4731564067674586,-0.4698480102880659,991,"{'decomposition': 'ema', 'n_filters': 4, 'slowest': 0.03755441669648581, 'learning_rate': 0.01}",ppo,0,64,0.01,,,,,,
Autoencode,filterbank,9,24,,-0.4738461400000001,0.09864173227818132,-0.46827503373444407,-0.45429719341563785,997,"{'decomposition': 'ema', 'n_filters': 4, 'slowest': 0.03755441669648581, 'learning_rate': 0.003}",ppo,0,64,0.003,,,,,,
Autoencode,filterbank,3,24,,-0.45153838,0.0647298932441233,-0.4739040391854366,-0.4647831183127572,992,"{'decomposition': 'ema', 'n_filters': 4, 'slowest': 0.03755441669648581, 'learning_rate': 0.01}",ppo,0,64,0.01,,,,,,
Autoencode,filterbank,2,24,,-0.47846152000000003,0.10438897404922419,-0.4721397882340841,-0.47261790329218106,993,"{'decomposition': 'ema', 'n_filters': 4, 'slowest': 0.03755441669648581, 'learning_rate': 0.01}",ppo,0,64,0.01,,,,,,
Autoencode,filterbank,4,24,,-0.46923058000000006,0.02979225823873713,-0.473639005965237,-0.4674737932098766,993,"{'decomposition': 'ema', 'n_filters': 4, 'slowest': 0.03755441669648581, 'learning_rate': 0.01}",ppo,0,64,0.01,,,,,,
Autoencode,filterbank,8,24,,-0.4584615600000001,0.11585551250418082,-0.4740622554767047,-0.45714620884773666,1005,"{'decomposition': 'ema', 'n_filters': 4, 'slowest': 0.03755441669648581, 'learning_rate': 0.003}",ppo,0,64,0.003,,,,,,
Autoencode,obs,3,6,,-0.4884614,0.01762550263793915,-0.4961510850560526,-0.4915717119341564,818,{'learning_rate': 0.0003},ppo,0,linear,0.0003,,,,,,
Autoencode,filterbank,5,24,,-0.45538449999999997,0.04442939215935776,-0.47146729939319143,-0.46379385905349796,1000,"{'decomposition': 'ema', 'n_filters': 4, 'slowest': 0.03755441669648581, 'learning_rate': 0.01}",ppo,0,64,0.01,,,,,,
Autoencode,filterbank,7,24,,-0.45230761999999997,0.08304854481178825,-0.473927769001337,-0.4717869290123457,998,"{'decomposition': 'ema', 'n_filters': 4, 'slowest': 0.03755441669648581, 'learning_rate': 0.01}",ppo,0,64,0.01,,,,,,
Autoencode,filterbank,8,24,,-0.4738462,0.08885868736145047,-0.47496814152010697,-0.46062834156378596,995,"{'decomposition': 'ema', 'n_filters': 4, 'slowest': 0.03755441669648581, 'learning_rate': 0.01}",ppo,0,64,0.01,,,,,,
Autoencode,filterbank,6,24,,-0.45153844000000004,0.12775024189036355,-0.4706880319860125,-0.46636591769547325,1002,"{'decomposition': 'ema', 'n_filters': 4, 'slowest': 0.03755441669648581, 'learning_rate': 0.01}",ppo,0,64,0.01,,,,,,
Autoencode,obs,4,6,,-0.48923064000000005,0.01726939516921192,-0.4940980540985293,-0.48836655246913574,824,{'learning_rate': 0.0003},ppo,0,linear,0.0003,,,,,,
Autoencode,obs,5,6,,-0.49153836,0.015932741326915464,-0.497602830607837,-0.49564734773662555,825,{'learning_rate': 0.0003},ppo,0,linear,0.0003,,,,,,
Autoencode,filterbank,9,24,,-0.46461534,0.07291079929163032,-0.4735242847886455,-0.4728157242798354,994,"{'decomposition': 'ema', 'n_filters': 4, 'slowest': 0.03755441669648581, 'learning_rate': 0.01}",ppo,0,64,0.01,,,,,,
Autoencode,obs,6,6,,-0.4807690000000001,0.019230999999999998,-0.4932989998971511,-0.49307534465020575,828,{'learning_rate': 0.0003},ppo,0,linear,0.0003,,,,,,
Autoencode,obs,7,6,,-0.4923076,0.015384799999999997,-0.4974327421577702,-0.49817981584362137,850,{'learning_rate': 0.0003},ppo,0,linear,0.0003,,,,,,
Autoencode,obs,9,6,,-0.49384608,0.01410040211035132,-0.4969303609996914,-0.49228395576131684,820,{'learning_rate': 0.0003},ppo,0,linear,0.0003,,,,,,
Autoencode,obs,8,6,,-0.49307683999999996,0.014776617865208532,-0.4974366946415716,-0.498812933127572,829,{'learning_rate': 0.0003},ppo,0,linear,0.0003,,,,,,
Autoencode,obs,4,6,,-0.47999976000000005,0.019215609041151934,-0.490565536871336,-0.48302450411522635,817,{'learning_rate': 0.001},ppo,0,linear,0.001,,,,,,
Autoencode,obs,2,6,,-0.47615356,0.0186689334083766,-0.4909927963591484,-0.4844095586419753,820,{'learning_rate': 0.001},ppo,0,linear,0.001,,,,,,
Autoencode,obs,0,6,,-0.47230736000000006,0.01726939516921192,-0.4863408383215057,-0.47617904012345685,833,{'learning_rate': 0.001},ppo,0,linear,0.001,,,,,,
Autoencode,obs,1,6,,-0.47769204000000004,0.018983247302777256,-0.4891850153244883,-0.4828663600823045,823,{'learning_rate': 0.001},ppo,0,linear,0.001,,,,,,
Autoencode,obs,3,6,,-0.47230736,0.01726939516921192,-0.4851185292605163,-0.47772229732510285,821,{'learning_rate': 0.001},ppo,0,linear,0.001,,,,,,
Autoencode,obs,5,6,,-0.49153836,0.015932741326915464,-0.4942839491926361,-0.4940645277777778,824,{'learning_rate': 0.001},ppo,0,linear,0.001,,,,,,
Autoencode,obs,6,6,,-0.4807690000000001,0.019230999999999998,-0.4904192143371387,-0.48690244032921814,823,{'learning_rate': 0.001},ppo,0,linear,0.001,,,,,,
Autoencode,obs,7,6,,-0.47230736,0.01726939516921192,-0.4904310606808599,-0.47724749794238686,825,{'learning_rate': 0.001},ppo,0,linear,0.001,,,,,,
Autoencode,obs,8,6,,-0.5,0.0,-0.5001186743803353,-0.5004352674897119,824,{'learning_rate': 0.001},ppo,0,linear,0.001,,,,,,
Autoencode,obs,0,6,,-0.47230736000000006,0.01726939516921192,-0.4848771657924508,-0.4785530956790124,829,{'learning_rate': 0.003},ppo,0,linear,0.003,,,,,,
Autoencode,obs,9,6,,-0.49384608,0.01410040211035132,-0.4966099372621618,-0.49481636419753083,838,{'learning_rate': 0.001},ppo,0,linear,0.001,,,,,,
Autoencode,obs,1,6,,-0.49307684000000007,0.014776617865208532,-0.49136462367582023,-0.49030544650205765,830,{'learning_rate': 0.003},ppo,0,linear,0.003,,,,,,
Autoencode,obs,2,6,,-0.48230748,0.0191693620209333,-0.4929310419623573,-0.4906219218106996,826,{'learning_rate': 0.003},ppo,0,linear,0.003,,,,,,
Autoencode,obs,3,6,,-0.47230736,0.01726939516921192,-0.48050994168466526,-0.4775638384773662,841,{'learning_rate': 0.003},ppo,0,linear,0.003,,,,,,
Autoencode,obs,4,6,,-0.4846152,0.01884245489738532,-0.48886849593746784,-0.48761460699588477,821,{'learning_rate': 0.003},ppo,0,linear,0.003,,,,,,
Autoencode,obs,5,6,,-0.5,0.0,-0.4932633460865988,-0.4937875195473251,819,{'learning_rate': 0.003},ppo,0,linear,0.003,,,,,,
Autoencode,obs,6,6,,-0.4807690000000001,0.019230999999999998,-0.4894500383626452,-0.48741683744855974,829,{'learning_rate': 0.003},ppo,0,linear,0.003,,,,,,
Autoencode,obs,7,6,,-0.480769,0.019230999999999995,-0.49039544656998874,-0.4908197695473251,831,{'learning_rate': 0.003},ppo,0,linear,0.003,,,,,,
Autoencode,obs,9,6,,-0.480769,0.019230999999999995,-0.49361539452843767,-0.48765418621399176,830,{'learning_rate': 0.003},ppo,0,linear,0.003,,,,,,
Autoencode,obs,8,6,,-0.48153824,0.019215609041151934,-0.4972230605780109,-0.49410408127572014,835,{'learning_rate': 0.003},ppo,0,linear,0.003,,,,,,
Autoencode,obs,0,6,,-0.48230748000000007,0.0191693620209333,-0.48631705944667275,-0.48520094444444445,835,{'learning_rate': 0.01},ppo,0,linear,0.01,,,,,,
Autoencode,obs,1,6,,-0.4846152,0.02979253709236593,-0.4949287150056567,-0.4937875164609053,834,{'learning_rate': 0.01},ppo,0,linear,0.01,,,,,,
Autoencode,obs,0,6,,-0.5,0.027735342631379188,-0.4949605246188711,-0.49167325154639174,537,{'learning_rate': 0.0001},dqn,0,linear,0.0001,,,,,,
Autoencode,obs,1,6,,-0.48923063999999994,0.01726939516921192,-0.4927616944787804,-0.48969067113402065,537,{'learning_rate': 0.0001},dqn,0,linear,0.0001,,,,,,
Autoencode,obs,2,6,,-0.48692292000000004,0.018219786761474458,-0.49589392317186054,-0.4991690257201646,814,{'learning_rate': 0.01},ppo,0,linear,0.01,,,,,,
Autoencode,obs,2,6,,-0.48692292000000004,0.018219786761474458,-0.49756346477132257,-0.4963124391752577,536,{'learning_rate': 0.0001},dqn,0,linear,0.0001,,,,,,
Autoencode,obs,3,6,,-0.49384608,0.01410040211035132,-0.490304444924406,-0.4925212932098766,823,{'learning_rate': 0.01},ppo,0,linear,0.01,,,,,,
Autoencode,obs,3,6,,-0.4884614,0.01762550263793915,-0.497337632777091,-0.4944488175257732,543,{'learning_rate': 0.0001},dqn,0,linear,0.0001,,,,,,
Autoencode,obs,4,6,,-0.4846152,0.01884245489738532,-0.4943946930988379,-0.4947371965020576,825,{'learning_rate': 0.01},ppo,0,linear,0.01,,,,,,
Autoencode,obs,5,6,,-0.49153836,0.015932741326915464,-0.49838356530696337,-0.49555906597938143,543,{'learning_rate': 0.0001},dqn,0,linear,0.0001,,,,,,
Autoencode,obs,6,6,,-0.48999988,0.016870750292313615,-0.4962679341779976,-0.4947660422680412,541,{'learning_rate': 0.0001},dqn,0,linear,0.0001,,,,,,
Autoencode,obs,4,6,,-0.48923064000000005,0.01726939516921192,-0.4934352070457355,-0.49353684742268045,551,{'learning_rate': 0.0001},dqn,0,linear,0.0001,,,,,,
Autoencode,obs,5,6,,-0.5,0.0,-0.4975513934999487,-0.5003165606995884,833,{'learning_rate': 0.01},ppo,0,linear,0.01,,,,,,
Autoencode,obs,7,6,,-0.47230736,0.01726939516921192,-0.4891176801398745,-0.4867045,832,{'learning_rate': 0.01},ppo,0,linear,0.01,,,,,,
Autoencode,obs,8,6,,-0.49769228,0.02481916829552513,-0.4941364534404615,-0.49659000206185566,531,{'learning_rate': 0.0001},dqn,0,linear,0.0001,,,,,,
Autoencode,obs,8,6,,-0.49076912,0.016426471349185134,-0.5000909874524323,-0.49960429732510286,829,{'learning_rate': 0.01},ppo,0,linear,0.01,,,,,,
Autoencode,obs,6,6,,-0.48999988,0.016870750292313615,-0.4956130705543557,-0.4944602160493827,839,{'learning_rate': 0.01},ppo,0,linear,0.01,,,,,,
Autoencode,obs,7,6,,-0.49538456000000003,0.032308079999999996,-0.49468715018541415,-0.49171287216494847,554,{'learning_rate': 0.0001},dqn,0,linear,0.0001,,,,,,
Autoencode,obs,9,6,,-0.49384608,0.01410040211035132,-0.49381319191607526,-0.49145289094650213,836,{'learning_rate': 0.01},ppo,0,linear,0.01,,,,,,
Autoencode,obs,9,6,,-0.48999988,0.016870750292313615,-0.4976942023073753,-0.4954797793814433,540,{'learning_rate': 0.0001},dqn,0,linear,0.0001,,,,,,
Autoencode,obs,0,6,,-0.5,0.0,-0.49594703574371657,-0.4920697711340206,549,{'learning_rate': 0.0003},dqn,0,linear,0.0003,,,,,,
Autoencode,obs,1,6,,-0.48846140000000005,0.01762550263793915,-0.4958915631437989,-0.49456779793814437,548,{'learning_rate': 0.0003},dqn,0,linear,0.0003,,,,,,
Autoencode,obs,2,6,,-0.5107693600000001,0.01726939516921192,-0.4981775505768438,-0.4982157010309278,551,{'learning_rate': 0.0003},dqn,0,linear,0.0003,,,,,,
Autoencode,filterbank,0,24,,-0.47846146000000006,0.03453850169721322,-0.49346117340327067,-0.48547796604938276,878,"{'decomposition': 'ema', 'n_filters': 4, 'slowest': 0.03755441669648581, 'learning_rate': 0.0003}",ppo,0,linear,0.0003,,,,,,
Autoencode,obs,3,6,,-0.49384608,0.01410040211035132,-0.49677505366707864,-0.4965106855670103,549,{'learning_rate': 0.0003},dqn,0,linear,0.0003,,,,,,
Autoencode,filterbank,2,24,,-0.48538455999999996,0.048583629259724925,-0.4941375946724262,-0.4852009670781894,875,"{'decomposition': 'ema', 'n_filters': 4, 'slowest': 0.03755441669648581, 'learning_rate': 0.0003}",ppo,0,linear,0.0003,,,,,,
Autoencode,filterbank,4,24,,-0.5,0.0,-0.49899128653707703,-0.5038778220164609,876,"{'decomposition': 'ema', 'n_filters': 4, 'slowest': 0.03755441669648581, 'learning_rate': 0.0003}",ppo,0,linear,0.0003,,,,,,
Autoencode,obs,4,6,,-0.49846152000000005,0.027692639999999998,-0.49623623866913885,-0.4938144154639175,545,{'learning_rate': 0.0003},dqn,0,linear,0.0003,,,,,,
Autoencode,filterbank,1,24,,-0.48230748000000007,0.0191693620209333,-0.4959414177722925,-0.48888092798353905,885,"{'decomposition': 'ema', 'n_filters': 4, 'slowest': 0.03755441669648581, 'learning_rate': 0.0003}",ppo,0,linear,0.0003,,,,,,
Autoencode,filterbank,3,24,,-0.48230748,0.0191693620209333,-0.49457668949912575,-0.48310380246913576,882,"{'decomposition': 'ema', 'n_filters': 4, 'slowest': 0.03755441669648581, 'learning_rate': 0.0003}",ppo,0,linear,0.0003,,,,,,
Autoencode,obs,5,6,,-0.48846140000000005,0.01762550263793915,-0.49761893355995057,-0.4978985113402062,552,{'learning_rate': 0.0003},dqn,0,linear,0.0003,,,,,,
Autoencode,filterbank,5,24,,-0.4846152,0.01884245489738532,-0.4967879399362337,-0.4881686728395062,883,"{'decomposition': 'ema', 'n_filters': 4, 'slowest': 0.03755441669648581, 'learning_rate': 0.0003}",ppo,0,linear,0.0003,,,,,,
Autoencode,filterbank,8,24,,-0.47846144,0.06256837411285673,-0.4953203617196338,-0.49089900411522636,862,"{'decomposition': 'ema', 'n_filters': 4, 'slowest': 0.03755441669648581, 'learning_rate': 0.0003}",ppo,0,linear,0.0003,,,,,,
Autoencode,filterbank,9,24,,-0.48230766,0.09010522470769605,-0.494161343412527,-0.490226304526749,862,"{'decomposition': 'ema', 'n_filters': 4, 'slowest': 0.03755441669648581, 'learning_rate': 0.0003}",ppo,0,linear,0.0003,,,,,,
Autoencode,filterbank,6,24,,-0.48076918,0.05613292708444483,-0.495589362748123,-0.4867442150205761,887,"{'decomposition': 'ema', 'n_filters': 4, 'slowest': 0.03755441669648581, 'learning_rate': 0.0003}",ppo,0,linear,0.0003,,,,,,
Autoencode,filterbank,7,24,,-0.5,0.0,-0.5004351307209708,-0.5011870771604938,887,"{'decomposition': 'ema', 'n_filters': 4, 'slowest': 0.03755441669648581, 'learning_rate': 0.0003}",ppo,0,linear,0.0003,,,,,,
Autoencode,filterbank,0,24,,-0.48230748,0.0191693620209333,-0.4858541984984058,-0.4808085853909465,869,"{'decomposition': 'ema', 'n_filters': 4, 'slowest': 0.03755441669648581, 'learning_rate': 0.001}",ppo,0,linear,0.001,,,,,,
Autoencode,filterbank,1,24,,-0.48230748000000007,0.0191693620209333,-0.4924010055538413,-0.48654632921810703,861,"{'decomposition': 'ema', 'n_filters': 4, 'slowest': 0.03755441669648581, 'learning_rate': 0.001}",ppo,0,linear,0.001,,,,,,
Autoencode,filterbank,4,24,,-0.4799999200000001,0.043677329448967,-0.49153472189653397,-0.48148138580246913,862,"{'decomposition': 'ema', 'n_filters': 4, 'slowest': 0.03755441669648581, 'learning_rate': 0.001}",ppo,0,linear,0.001,,,,,,
Autoencode,filterbank,5,24,,-0.47307660000000007,0.01762550263793915,-0.4851896624498611,-0.4720637716049383,865,"{'decomposition': 'ema', 'n_filters': 4, 'slowest': 0.03755441669648581, 'learning_rate': 0.001}",ppo,0,linear,0.001,,,,,,
Autoencode,filterbank,2,24,,-0.4738460199999999,0.054087538996145865,-0.48147528612568136,-0.4736862417695473,879,"{'decomposition': 'ema', 'n_filters': 4, 'slowest': 0.03755441669648581, 'learning_rate': 0.001}",ppo,0,linear,0.001,,,,,,
Autoencode,filterbank,6,24,,-0.47615376,0.05433312357358447,-0.4863645673146149,-0.4803338899176955,868,"{'decomposition': 'ema', 'n_filters': 4, 'slowest': 0.03755441669648581, 'learning_rate': 0.001}",ppo,0,linear,0.001,,,,,,
Autoencode,filterbank,3,24,,-0.46846146000000005,0.04120245178637311,-0.48641200699372633,-0.47170772942386835,878,"{'decomposition': 'ema', 'n_filters': 4, 'slowest': 0.03755441669648581, 'learning_rate': 0.001}",ppo,0,linear,0.001,,,,,,
Autoencode,filterbank,2,24,,-0.46999994,0.05615398164454948,-0.48364697809318113,-0.48104615946502055,864,"{'decomposition': 'ema', 'n_filters': 4, 'slowest': 0.03755441669648581, 'learning_rate': 0.003}",ppo,0,linear,0.003,,,,,,
Autoencode,filterbank,9,24,,-0.47461508,0.018219786761474458,-0.4880892465288491,-0.47550626543209873,870,"{'decomposition': 'ema', 'n_filters': 4, 'slowest': 0.03755441669648581, 'learning_rate': 0.001}",ppo,0,linear,0.001,,,,,,
Autoencode,filterbank,8,24,,-0.47153824000000005,0.02753170402830889,-0.4834768539545407,-0.473527908436214,875,"{'decomposition': 'ema', 'n_filters': 4, 'slowest': 0.03755441669648581, 'learning_rate': 0.001}",ppo,0,linear,0.001,,,,,,
Autoencode,filterbank,7,24,,-0.48384608,0.032717354822687,-0.48635267407178856,-0.4806108641975309,881,"{'decomposition': 'ema', 'n_filters': 4, 'slowest': 0.03755441669648581, 'learning_rate': 0.001}",ppo,0,linear,0.001,,,,,,
Autoencode,filterbank,0,24,,-0.5046154,0.08236173337394011,-0.4830734192121773,-0.4778410648148148,876,"{'decomposition': 'ema', 'n_filters': 4, 'slowest': 0.03755441669648581, 'learning_rate': 0.003}",ppo,0,linear,0.003,,,,,,
Autoencode,filterbank,1,24,,-0.5,0.0,-0.5013686887791834,-0.5007518312757201,882,"{'decomposition': 'ema', 'n_filters': 4, 'slowest': 0.03755441669648581, 'learning_rate': 0.003}",ppo,0,linear,0.003,,,,,,
Autoencode,filterbank,8,24,,-0.47384603999999997,0.057789819828741464,-0.4746041559189551,-0.4686213148148148,867,"{'decomposition': 'ema', 'n_filters': 4, 'slowest': 0.03755441669648581, 'learning_rate': 0.003}",ppo,0,linear,0.003,,,,,,
Autoencode,filterbank,3,24,,-0.47923072000000005,0.04754963488441946,-0.4921953323048442,-0.486427646090535,879,"{'decomposition': 'ema', 'n_filters': 4, 'slowest': 0.03755441669648581, 'learning_rate': 0.003}",ppo,0,linear,0.003,,,,,,
Autoencode,filterbank,7,24,,-0.46846146000000005,0.047224887106359505,-0.48038348760670574,-0.4759812510288066,870,"{'decomposition': 'ema', 'n_filters': 4, 'slowest': 0.03755441669648581, 'learning_rate': 0.003}",ppo,0,linear,0.003,,,,,,
Autoencode,filterbank,4,24,,-0.48230757999999996,0.05341049408312565,-0.4950157792862285,-0.4810461759259259,878,"{'decomposition': 'ema', 'n_filters': 4, 'slowest': 0.03755441669648581, 'learning_rate': 0.003}",ppo,0,linear,0.003,,,,,,
Autoencode,filterbank,5,24,,-0.47230754,0.039253436468778116,-0.48469525681374065,-0.479859079218107,879,"{'decomposition': 'ema', 'n_filters': 4, 'slowest': 0.03755441669648581, 'learning_rate': 0.003}",ppo,0,linear,0.003,,,,,,
Autoencode,filterbank,6,24,,-0.46461532000000005,0.05696475227065944,-0.48189064352566074,-0.47277612962962967,883,"{'decomposition': 'ema', 'n_filters': 4, 'slowest': 0.03755441669648581, 'learning_rate': 0.003}",ppo,0,linear,0.003,,,,,,
Autoencode,filterbank,9,24,,-0.49000003999999997,0.09095489015263775,-0.4889120883472179,-0.4839347808641975,876,"{'decomposition': 'ema', 'n_filters': 4, 'slowest': 0.03755441669648581, 'learning_rate': 0.003}",ppo,0,linear,0.003,,,,,,
Autoencode,filterbank,0,24,,-0.46923068,0.07653761159232499,-0.4806564515067367,-0.47317184259259265,875,"{'decomposition': 'ema', 'n_filters': 4, 'slowest': 0.03755441669648581, 'learning_rate': 0.01}",ppo,0,linear,0.01,,,,,,
Autoencode,filterbank,2,24,,-0.47307681999999995,0.06261103094014345,-0.47233358017072924,-0.46846306378600827,870,"{'decomposition': 'ema', 'n_filters': 4, 'slowest': 0.03755441669648581, 'learning_rate': 0.01}",ppo,0,linear,0.01,,,,,,
Autoencode,filterbank,3,24,,-0.47384606000000007,0.06222705277559271,-0.47776876889848807,-0.4709955329218107,874,"{'decomposition': 'ema', 'n_filters': 4, 'slowest': 0.03755441669648581, 'learning_rate': 0.01}",ppo,0,linear,0.01,,,,,,
Autoencode,filterbank,4,24,,-0.48230769999999995,0.06445503482963917,-0.4962301863622339,-0.49200694341563794,868,"{'decomposition': 'ema', 'n_filters': 4, 'slowest': 0.03755441669648581, 'learning_rate': 0.01}",ppo,0,linear,0.01,,,,,,
Autoencode,filterbank,5,24,,-0.47,0.11181410767269039,-0.48255522626761277,-0.4798986923868313,869,"{'decomposition': 'ema', 'n_filters': 4, 'slowest': 0.03755441669648581, 'learning_rate': 0.01}",ppo,0,linear,0.01,,,,,,
Autoencode,filterbank,8,24,,-0.4792307599999999,0.090759544959538,-0.4774286025917927,-0.46660333539094656,869,"{'decomposition': 'ema', 'n_filters': 4, 'slowest': 0.03755441669648581, 'learning_rate': 0.01}",ppo,0,linear,0.01,,,,,,
Autoencode,filterbank,7,24,,-0.47153845999999994,0.05848696740546906,-0.47964772117659155,-0.47768272736625517,870,"{'decomposition': 'ema', 'n_filters': 4, 'slowest': 0.03755441669648581, 'learning_rate': 0.01}",ppo,0,linear,0.01,,,,,,
Autoencode,filterbank,1,24,,-0.48846156,0.06847892968443942,-0.4902847137714697,-0.4839743261316872,899,"{'decomposition': 'ema', 'n_filters': 4, 'slowest': 0.03755441669648581, 'learning_rate': 0.01}",ppo,0,linear,0.01,,,,,,
Autoencode,filterbank,6,24,,-0.48384609999999995,0.05913089511828821,-0.49015812835544587,-0.48769387242798357,879,"{'decomposition': 'ema', 'n_filters': 4, 'slowest': 0.03755441669648581, 'learning_rate': 0.01}",ppo,0,linear,0.01,,,,,,
Autoencode,filterbank,9,24,,-0.46846142,0.10453910333231102,-0.4796873028900545,-0.4779597767489712,872,"{'decomposition': 'ema', 'n_filters': 4, 'slowest': 0.03755441669648581, 'learning_rate': 0.01}",ppo,0,linear,0.01,,,,,,
Autoencode,obs,8,6,,-0.5,0.0,-0.49643829800164807,-0.4971847639175258,531,{'learning_rate': 0.0003},dqn,0,linear,0.0003,,,,,,
Autoencode,obs,6,6,,-0.5,0.0,-0.4969691841779975,-0.4974226701030928,548,{'learning_rate': 0.0003},dqn,0,linear,0.0003,,,,,,
Autoencode,obs,9,6,,-0.48999988,0.016870750292313615,-0.4983360208075814,-0.4953211721649485,538,{'learning_rate': 0.0003},dqn,0,linear,0.0003,,,,,,
Autoencode,obs,7,6,,-0.5,0.0,-0.4992789412855377,-0.5007137257731958,546,{'learning_rate': 0.0003},dqn,0,linear,0.0003,,,,,,
Autoencode,obs,0,6,,-0.4769230769230767,0.018842228790639827,-0.4904042386185242,-0.48332025117739386,16,"{'ridge': 0.7711842834531938, 'gamma': 0.9824953369105321}",lspi,0,linear,,,-0.488653846153846,,"[-0.48846153846153834, -0.49999999999999983, -0.49230769230769217, -0.49999999999999983, -0.47692307692307684, -0.4730769230769229, -0.49999999999999983, -0.49999999999999983, -0.4730769230769229, -0.4730769230769229, -0.49230769230769217, -0.49999999999999983, -0.48076923076923067, -0.48846153846153834, -0.496153846153846, -0.49999999999999983, -0.46538461538461523, -0.48076923076923056, -0.49230769230769217, -0.49999999999999983]",,16.0
Autoencode,obs,0,6,,-0.50230772,0.025983920655697823,-0.49848657354758963,-0.4963520948453608,531,{'learning_rate': 0.001},dqn,0,linear,0.001,,,,,,
Autoencode,obs,1,6,,-0.4769230769230768,0.018842228790639827,-0.48936420722135,-0.48253532182103603,17,"{'ridge': 0.7711842834531938, 'gamma': 0.9824953369105321}",lspi,0,linear,,,-0.48576923076923056,,"[-0.4769230769230767, -0.496153846153846, -0.48846153846153834, -0.49999999999999983, -0.4769230769230767, -0.496153846153846, -0.48846153846153834, -0.49999999999999983, -0.4846153846153844, -0.4730769230769229, -0.49230769230769217, -0.4846153846153845, -0.46923076923076906, -0.4730769230769229, -0.4769230769230767, -0.49999999999999983, -0.46538461538461523, -0.4769230769230767, -0.496153846153846, -0.49999999999999983]",,16.0
Autoencode,obs,2,6,,-0.476153846153846,0.01866870938386399,-0.48834379905808467,-0.4890109890109889,17,"{'ridge': 0.7711842834531938, 'gamma': 0.9824953369105321}",lspi,0,linear,,,-0.4846153846153844,,"[-0.46923076923076906, -0.496153846153846, -0.48846153846153834, -0.49999999999999983, -0.46923076923076906, -0.4846153846153845, -0.48846153846153834, -0.49999999999999983, -0.4730769230769229, -0.4730769230769229, -0.49230769230769217, -0.49999999999999983, -0.46923076923076906, -0.4730769230769229, -0.4769230769230767, -0.49999999999999983, -0.46538461538461523, -0.4769230769230767, -0.496153846153846, -0.49999999999999983]",,16.0
Autoencode,obs,1,6,,-0.5107693600000001,0.01726939516921192,-0.4977694846518335,-0.5021015103092784,540,{'learning_rate': 0.001},dqn,0,linear,0.001,,,,,,
Autoencode,obs,3,6,,-0.4869230769230766,0.018219568126656933,-0.49152276295133424,-0.4897959183673468,17,"{'ridge': 0.7711842834531938, 'gamma': 0.9824953369105321}",lspi,0,linear,,,-0.48999999999999977,,"[-0.496153846153846, -0.49999999999999983, -0.48846153846153834, -0.49999999999999983, -0.49230769230769217, -0.4730769230769229, -0.48846153846153834, -0.49999999999999983, -0.48076923076923056, -0.4730769230769229, -0.48846153846153834, -0.49999999999999983, -0.48846153846153834, -0.48846153846153834, -0.49230769230769217, -0.49999999999999983, -0.4730769230769229, -0.48076923076923056, -0.496153846153846, -0.49999999999999983]",,5.0
Autoencode,obs,2,6,,-0.49769228000000004,0.030196956861273286,-0.49980190873506386,-0.5024187278350516,538,{'learning_rate': 0.001},dqn,0,linear,0.001,,,,,,
Autoencode,obs,4,6,,-0.49769230769230743,0.030196594502139285,-0.49405416012558856,-0.4925431711145996,16,"{'ridge': 0.7711842834531938, 'gamma': 0.9824953369105321}",lspi,0,linear,,,-0.49307692307692286,,"[-0.48076923076923067, -0.49999999999999983, -0.49230769230769217, -0.49999999999999983, -0.4846153846153845, -0.49230769230769217, -0.49999999999999983, -0.49999999999999983, -0.49230769230769217, -0.48846153846153834, -0.49230769230769217, -0.49999999999999983, -0.4769230769230767, -0.496153846153846, -0.496153846153846, -0.49999999999999983, -0.48846153846153834, -0.48846153846153834, -0.49230769230769217, -0.49999999999999983]",,12.0
Autoencode,obs,5,6,,-0.4815384615384613,0.019215378456610453,-0.4924254317111459,-0.4911695447409732,16,"{'ridge': 0.7711842834531938, 'gamma': 0.9824953369105321}",lspi,0,linear,,,-0.48980769230769206,,"[-0.4730769230769229, -0.496153846153846, -0.49999999999999983, -0.49999999999999983, -0.49999999999999983, -0.496153846153846, -0.48846153846153834, -0.49999999999999983, -0.48076923076923056, -0.49230769230769217, -0.49230769230769217, -0.49999999999999983, -0.4846153846153845, -0.4769230769230767, -0.4769230769230767, -0.49230769230769217, -0.4730769230769229, -0.48846153846153834, -0.496153846153846, -0.48846153846153834]",,0.0
Autoencode,obs,4,6,,-0.5,0.0,-0.4986212784301607,-0.5002379061855671,538,{'learning_rate': 0.001},dqn,0,linear,0.001,,,,,,
Autoencode,obs,3,6,,-0.5,0.0,-0.4995958920477956,-0.49547976082474227,544,{'learning_rate': 0.001},dqn,0,linear,0.001,,,,,,
Autoencode,obs,6,6,,-0.47538461538461513,0.018461538461538456,-0.49162087912087904,-0.48959968602825743,17,"{'ridge': 0.7711842834531938, 'gamma': 0.9824953369105321}",lspi,0,linear,,,-0.4846153846153844,,"[-0.46923076923076906, -0.4769230769230767, -0.48846153846153834, -0.49999999999999983, -0.46923076923076906, -0.48076923076923067, -0.48846153846153834, -0.49999999999999983, -0.4730769230769229, -0.4846153846153845, -0.48846153846153834, -0.49999999999999983, -0.46923076923076906, -0.46923076923076906, -0.49230769230769217, -0.49999999999999983, -0.46538461538461523, -0.48076923076923067, -0.496153846153846, -0.49999999999999983]",,16.0
Autoencode,obs,7,6,,-0.4753846153846152,0.018461538461538456,-0.4905612244897958,-0.48410518053375184,17,"{'ridge': 0.7711842834531938, 'gamma': 0.9824953369105321}",lspi,0,linear,,,-0.48480769230769205,,"[-0.46923076923076906, -0.48076923076923067, -0.48846153846153834, -0.49999999999999983, -0.46923076923076906, -0.473076923076923, -0.48846153846153834, -0.49999999999999983, -0.4730769230769229, -0.4730769230769229, -0.48846153846153834, -0.49999999999999983, -0.46923076923076906, -0.48846153846153834, -0.49230769230769217, -0.49999999999999983, -0.46538461538461523, -0.48076923076923056, -0.496153846153846, -0.49999999999999983]",,16.0
Autoencode,obs,8,6,,-0.47538461538461513,0.018461538461538456,-0.4910910518053374,-0.4839089481946623,17,"{'ridge': 0.7711842834531938, 'gamma': 0.9824953369105321}",lspi,0,linear,,,-0.4859615384615383,,"[-0.496153846153846, -0.496153846153846, -0.48846153846153834, -0.49999999999999983, -0.46923076923076906, -0.4846153846153845, -0.48846153846153834, -0.49999999999999983, -0.4730769230769229, -0.4730769230769229, -0.49230769230769217, -0.49999999999999983, -0.46923076923076906, -0.4730769230769229, -0.4769230769230767, -0.49999999999999983, -0.46538461538461523, -0.4769230769230767, -0.496153846153846, -0.49999999999999983]",,16.0
Autoencode,obs,9,6,,-0.4838461538461536,0.018983019506543172,-0.48867739403453675,-0.4864599686028256,17,"{'ridge': 0.7711842834531938, 'gamma': 0.9824953369105321}",lspi,0,linear,,,-0.48903846153846137,,"[-0.4769230769230767, -0.49999999999999983, -0.49230769230769217, -0.49999999999999983, -0.4769230769230767, -0.4846153846153845, -0.49999999999999983, -0.49999999999999983, -0.4846153846153844, -0.4730769230769229, -0.49230769230769217, -0.49999999999999983, -0.48076923076923056, -0.4730769230769229, -0.496153846153846, -0.49999999999999983, -0.48076923076923056, -0.4769230769230767, -0.49230769230769217, -0.49999999999999983]",,9.0
Autoencode,obs,5,6,,-0.49307684,0.014776617865208532,-0.4995562777091059,-0.4993259412371134,550,{'learning_rate': 0.001},dqn,0,linear,0.001,,,,,,
Autoencode,obs,8,6,,-0.49076912,0.016426471349185134,-0.4985261897404203,-0.5019032536082474,531,{'learning_rate': 0.001},dqn,0,linear,0.001,,,,,,
Autoencode,obs,6,6,,-0.50923088,0.01642647134918513,-0.49898180624227434,-0.4995241917525773,544,{'learning_rate': 0.001},dqn,0,linear,0.001,,,,,,
Autoencode,filterbank,0,54,,-0.42923076923076914,0.11522039595909404,-0.4592817896389324,-0.4244505494505494,33,"{'decomposition': 'legendre', 'n_filters': 8, 'slowest': 0.005033964006263031, 'ridge': 7.1991774946553845e-06, 'gamma': 0.9007127913643616}",lspi,0,linear,,,-0.4536538461538461,,"[-0.5115384615384614, -0.5038461538461537, -0.5384615384615383, -0.48076923076923067, -0.5076923076923074, -0.45769230769230757, -0.41538461538461524, -0.43846153846153835, -0.38461538461538447, -0.45384615384615373, -0.47692307692307684, -0.47692307692307684, -0.40384615384615374, -0.43846153846153835, -0.3846153846153845, -0.4076923076923077, -0.3999999999999999, -0.5076923076923077, -0.4307692307692307, -0.45384615384615373]",,8.0
Autoencode,filterbank,1,54,,-0.47538461538461524,0.08728651047694946,-0.4610086342229198,-0.439756671899529,33,"{'decomposition': 'legendre', 'n_filters': 8, 'slowest': 0.005033964006263031, 'ridge': 7.1991774946553845e-06, 'gamma': 0.9007127913643616}",lspi,0,linear,,,-0.45461538461538453,,"[-0.48846153846153834, -0.5461538461538462, -0.4192307692307692, -0.473076923076923, -0.40384615384615374, -0.4999999999999999, -0.4076923076923076, -0.4692307692307692, -0.4115384615384613, -0.43846153846153835, -0.4769230769230767, -0.4230769230769229, -0.43846153846153835, -0.43846153846153835, -0.4730769230769229, -0.4115384615384614, -0.523076923076923, -0.4307692307692307, -0.5038461538461538, -0.41538461538461524]",,4.0
Autoencode,filterbank,2,54,,-0.4523076923076922,0.10393443540956639,-0.45596546310832015,-0.4342621664050235,34,"{'decomposition': 'legendre', 'n_filters': 8, 'slowest': 0.005033964006263031, 'ridge': 7.1991774946553845e-06, 'gamma': 0.9007127913643616}",lspi,0,linear,,,-0.4507692307692307,,"[-0.523076923076923, -0.5346153846153846, -0.43461538461538457, -0.44999999999999984, -0.4076923076923076, -0.496153846153846, -0.4076923076923076, -0.446153846153846, -0.43846153846153835, -0.4384615384615384, -0.446153846153846, -0.4307692307692307, -0.42692307692307685, -0.46923076923076906, -0.45769230769230757, -0.4576923076923077, -0.4538461538461537, -0.4076923076923077, -0.4576923076923077, -0.4307692307692307]",,4.0
Autoencode,filterbank,3,54,,-0.4815384615384614,0.0930228705097291,-0.4628139717425431,-0.4501569858712714,33,"{'decomposition': 'legendre', 'n_filters': 8, 'slowest': 0.005033964006263031, 'ridge': 7.1991774946553845e-06, 'gamma': 0.9007127913643616}",lspi,0,linear,,,-0.4378846153846153,,"[-0.4769230769230767, -0.5076923076923077, -0.373076923076923, -0.43846153846153835, -0.38461538461538447, -0.4192307692307691, -0.48846153846153834, -0.4576923076923077, -0.4307692307692307, -0.4346153846153845, -0.4692307692307692, -0.4615384615384614, -0.43846153846153835, -0.473076923076923, -0.41538461538461524, -0.4115384615384615, -0.39230769230769214, -0.43846153846153835, -0.39615384615384597, -0.4499999999999999]",,2.0
Autoencode,filterbank,4,54,,-0.46230769230769225,0.13770949613386801,-0.4548469387755101,-0.4407378335949763,34,"{'decomposition': 'legendre', 'n_filters': 8, 'slowest': 0.005033964006263031, 'ridge': 7.1991774946553845e-06, 'gamma': 0.9007127913643616}",lspi,0,linear,,,-0.43903846153846143,,"[-0.46538461538461534, -0.4692307692307692, -0.473076923076923, -0.473076923076923, -0.46923076923076923, -0.42692307692307674, -0.3615384615384615, -0.41538461538461524, -0.4423076923076922, -0.40384615384615385, -0.44999999999999984, -0.46538461538461534, -0.48846153846153834, -0.43846153846153835, -0.4192307692307691, -0.3769230769230768, -0.45769230769230757, -0.44615384615384607, -0.44999999999999984, -0.38846153846153836]",,6.0
Autoencode,filterbank,5,54,,-0.4438461538461537,0.13893295816294038,-0.4669740973312401,-0.4432888540031396,34,"{'decomposition': 'legendre', 'n_filters': 8, 'slowest': 0.005033964006263031, 'ridge': 7.1991774946553845e-06, 'gamma': 0.9007127913643616}",lspi,0,linear,,,-0.46096153846153837,,"[-0.48076923076923067, -0.4846153846153845, -0.46923076923076906, -0.3999999999999999, -0.5461538461538462, -0.47692307692307684, -0.5384615384615385, -0.46538461538461534, -0.4576923076923075, -0.4653846153846152, -0.5038461538461537, -0.4499999999999999, -0.43846153846153835, -0.43846153846153835, -0.4384615384615384, -0.4307692307692307, -0.4615384615384615, -0.3846153846153845, -0.4307692307692307, -0.4576923076923077]",,17.0
Autoencode,obs,7,6,,-0.5076923999999999,0.015384799999999999,-0.498748055933251,-0.4970658092783505,552,{'learning_rate': 0.001},dqn,0,linear,0.001,,,,,,
Autoencode,filterbank,6,54,,-0.463076923076923,0.1203938310554699,-0.4685635792778649,-0.4572213500784929,33,"{'decomposition': 'legendre', 'n_filters': 8, 'slowest': 0.005033964006263031, 'ridge': 7.1991774946553845e-06, 'gamma': 0.9007127913643616}",lspi,0,linear,,,-0.4542307692307691,,"[-0.46538461538461523, -0.4923076923076922, -0.4576923076923077, -0.42692307692307685, -0.49999999999999983, -0.5269230769230768, -0.44615384615384607, -0.423076923076923, -0.4346153846153845, -0.35769230769230764, -0.4499999999999999, -0.46538461538461523, -0.46538461538461523, -0.49999999999999983, -0.48076923076923067, -0.5076923076923074, -0.45384615384615373, -0.38076923076923064, -0.4076923076923076, -0.44230769230769224]",,9.0
Autoencode,filterbank,7,54,,-0.4238461538461537,0.11627604372008564,-0.46558084772370484,-0.43877551020408156,33,"{'decomposition': 'legendre', 'n_filters': 8, 'slowest': 0.005033964006263031, 'ridge': 7.1991774946553845e-06, 'gamma': 0.9007127913643616}",lspi,0,linear,,,-0.4388461538461537,,"[-0.473076923076923, -0.49230769230769217, -0.3653846153846153, -0.4923076923076922, -0.43846153846153835, -0.48846153846153834, -0.41538461538461524, -0.48076923076923067, -0.43076923076923057, -0.46923076923076906, -0.48846153846153834, -0.40384615384615374, -0.40384615384615374, -0.45384615384615373, -0.46923076923076906, -0.4576923076923077, -0.4192307692307692, -0.3307692307692307, -0.41538461538461524, -0.3884615384615383]",,17.0
Autoencode,filterbank,8,54,,-0.4799999999999999,0.11621241518782319,-0.46766091051805325,-0.4427001569858712,33,"{'decomposition': 'legendre', 'n_filters': 8, 'slowest': 0.005033964006263031, 'ridge': 7.1991774946553845e-06, 'gamma': 0.9007127913643616}",lspi,0,linear,,,-0.4474999999999999,,"[-0.496153846153846, -0.5038461538461537, -0.3769230769230768, -0.5038461538461538, -0.4884615384615385, -0.3769230769230768, -0.45384615384615373, -0.49230769230769217, -0.44615384615384607, -0.4615384615384614, -0.45769230769230757, -0.5038461538461538, -0.4307692307692307, -0.446153846153846, -0.423076923076923, -0.42692307692307685, -0.3884615384615383, -0.39999999999999986, -0.4576923076923077, -0.41538461538461524]",,2.0
Autoencode,obs,9,6,,-0.51000012,0.016870750292313615,-0.4998811465801401,-0.49520221030927836,550,{'learning_rate': 0.001},dqn,0,linear,0.001,,,,,,
Autoencode,obs,0,6,,-0.51000012,0.016870750292313615,-0.5002733700041203,-0.4999603525773196,550,{'learning_rate': 0.003},dqn,0,linear,0.003,,,,,,
Autoencode,filterbank,9,54,,-0.443076923076923,0.12738610181221202,-0.4634222919937205,-0.4381868131868131,34,"{'decomposition': 'legendre', 'n_filters': 8, 'slowest': 0.005033964006263031, 'ridge': 7.1991774946553845e-06, 'gamma': 0.9007127913643616}",lspi,0,linear,,,-0.44692307692307687,,"[-0.49230769230769217, -0.4576923076923075, -0.4923076923076922, -0.46538461538461523, -0.4615384615384615, -0.4499999999999999, -0.4846153846153845, -0.5038461538461537, -0.43076923076923057, -0.40384615384615363, -0.473076923076923, -0.47692307692307684, -0.41538461538461535, -0.423076923076923, -0.4423076923076922, -0.4307692307692307, -0.3999999999999999, -0.38461538461538447, -0.4192307692307691, -0.4307692307692307]",,17.0
Autoencode,obs,3,6,,-0.49846152,0.02874117826272263,-0.4982884901112485,-0.493695493814433,550,{'learning_rate': 0.003},dqn,0,linear,0.003,,,,,,
Autoencode,obs,2,6,,-0.51307708,0.018219786761474458,-0.49945326885043256,-0.4995638350515464,554,{'learning_rate': 0.003},dqn,0,linear,0.003,,,,,,
Autoencode,obs,1,6,,-0.4923076,0.03263608922159639,-0.49703258292130204,-0.49401268144329896,560,{'learning_rate': 0.003},dqn,0,linear,0.003,,,,,,
Autoencode,obs,0,6,,-0.49999999999999983,4.4408920985006264e-17,-0.4917159763313609,,48,{},bc,0,linear,,-0.49999999999999983,-0.49999999999999983,0.0,"[-0.49999999999999983, -0.49999999999999983, -0.49999999999999983, -0.49999999999999983, -0.49999999999999983]",-0.47846152000000003,
Autoencode,obs,1,6,,-0.48692307692307674,0.018219568126656933,-0.48007889546351074,,49,{},bc,0,linear,,-0.48846153846153834,-0.48076923076923067,3.0,"[-0.48846153846153834, -0.48076923076923067, -0.48076923076923056, -0.4769230769230767, -0.47692307692307684]",-0.46692301999999997,
Autoencode,obs,2,6,,-0.48999999999999977,0.01687054784573946,-0.4871005917159762,,48,{},bc,0,linear,,-0.48076923076923067,-0.4899999999999999,0.0,"[-0.48076923076923067, -0.496153846153846, -0.48846153846153834, -0.49230769230769217, -0.49230769230769217]",-0.45076917999999994,
Autoencode,obs,3,6,,-0.4953846153846152,0.012498520622516858,-0.4876923076923076,,48,{},bc,0,linear,,-0.496153846153846,-0.49153846153846137,3.0,"[-0.496153846153846, -0.49999999999999983, -0.49230769230769217, -0.4846153846153845, -0.4846153846153845]",-0.49307685999999995,
Autoencode,obs,4,6,,-0.4761538461538459,0.01866870938386399,-0.4694280078895463,,48,{},bc,0,linear,,-0.46923076923076906,-0.4707692307692306,0.0,"[-0.46923076923076906, -0.47692307692307684, -0.46923076923076906, -0.46923076923076906, -0.46923076923076906]",-0.47230754,
Autoencode,obs,4,6,,-0.5,0.0,-0.49803492428924595,-0.4957176773195876,549,{'learning_rate': 0.003},dqn,0,linear,0.003,,,,,,
Autoencode,obs,5,6,,-0.47615384615384587,0.01866870938386399,-0.47459566074950676,,48,{},bc,0,linear,,-0.4730769230769229,-0.47461538461538444,2.0,"[-0.4730769230769229, -0.4769230769230767, -0.46923076923076906, -0.46923076923076906, -0.4846153846153845]",-0.47076903999999997,
Autoencode,obs,6,6,,-0.4869230769230766,0.018219568126656933,-0.4811045364891518,,49,{},bc,0,linear,,-0.48846153846153834,-0.4846153846153845,3.0,"[-0.48846153846153834, -0.49999999999999983, -0.48076923076923067, -0.4769230769230767, -0.4769230769230767]",-0.45999984,
Autoencode,obs,7,6,,-0.49461538461538446,0.013345655056074976,-0.4896252465483234,,48,{},bc,0,linear,,-0.49999999999999983,-0.49692307692307675,3.0,"[-0.49999999999999983, -0.49999999999999983, -0.49999999999999983, -0.4846153846153844, -0.49999999999999983]",-0.4576922199999999,
Autoencode,obs,9,6,,-0.4884615384615383,0.017625291134445536,-0.4844970414201182,,48,{},bc,0,linear,,-0.48076923076923056,-0.4899999999999999,0.0,"[-0.48076923076923056, -0.496153846153846, -0.48846153846153834, -0.49230769230769217, -0.49230769230769217]",-0.46153836000000004,
Autoencode,obs,8,6,,-0.48307692307692285,0.019091805609216694,-0.47562130177514783,,49,{},bc,0,linear,,-0.4769230769230767,-0.48153846153846136,0.0,"[-0.4769230769230767, -0.496153846153846, -0.48076923076923067, -0.4769230769230767, -0.4769230769230767]",-0.46615387999999996,
Autoencode,obs,5,6,,-0.5,0.0,-0.49877579192418625,-0.4998810505154639,547,{'learning_rate': 0.003},dqn,0,linear,0.003,,,,,,
Autoencode,obs,9,6,,-0.50076924,0.027185860144979777,-0.49994849773382777,-0.49940521958762885,542,{'learning_rate': 0.003},dqn,0,linear,0.003,,,,,,
Autoencode,filterbank,1,24,,-0.4830769230769229,0.1060757795442351,-0.47936883629191307,,56,"{'decomposition': 'ema', 'n_filters': 4, 'slowest': 0.03755441669648581}",bc,0,linear,,-0.49615384615384606,-0.4669230769230769,2.0,"[-0.49615384615384606, -0.4576923076923075, -0.4499999999999999, -0.46923076923076906, -0.4615384615384615]",-0.46692301999999997,
Autoencode,filterbank,0,24,,-0.4792307692307691,0.08503740910179218,-0.47140039447731746,,56,"{'decomposition': 'ema', 'n_filters': 4, 'slowest': 0.03755441669648581}",bc,0,linear,,-0.47692307692307684,-0.48615384615384605,3.0,"[-0.47692307692307684, -0.5192307692307692, -0.4769230769230769, -0.46538461538461534, -0.49230769230769217]",-0.47846152000000003,
Autoencode,obs,7,6,,-0.4884614,0.01762550263793915,-0.498688635249279,-0.4950039659793815,547,{'learning_rate': 0.003},dqn,0,linear,0.003,,,,,,
Autoencode,filterbank,2,24,,-0.4869230769230768,0.08090099142903744,-0.4785009861932938,,57,"{'decomposition': 'ema', 'n_filters': 4, 'slowest': 0.03755441669648581}",bc,0,linear,,-0.4538461538461537,-0.4846153846153845,0.0,"[-0.4538461538461537, -0.5153846153846152, -0.49230769230769217, -0.4846153846153844, -0.47692307692307684]",-0.45076917999999994,
Autoencode,obs,8,6,,-0.5,0.0,-0.498185482591677,-0.4975812835051546,548,{'learning_rate': 0.003},dqn,0,linear,0.003,,,,,,
Autoencode,obs,6,6,,-0.5,0.0,-0.49924328491965386,-0.4955590680412371,552,{'learning_rate': 0.003},dqn,0,linear,0.003,,,,,,
Autoencode,filterbank,3,24,,-0.4853846153846152,0.09098084849516087,-0.47601577909270204,,57,"{'decomposition': 'ema', 'n_filters': 4, 'slowest': 0.03755441669648581}",bc,0,linear,,-0.5269230769230768,-0.473076923076923,1.0,"[-0.5269230769230768, -0.44999999999999984, -0.44999999999999984, -0.4538461538461537, -0.4846153846153845]",-0.49307685999999995,
Autoencode,filterbank,4,24,,-0.4807692307692305,0.05717718748968659,-0.4717159763313608,,57,"{'decomposition': 'ema', 'n_filters': 4, 'slowest': 0.03755441669648581}",bc,0,linear,,-0.48076923076923067,-0.47384615384615375,4.0,"[-0.48076923076923067, -0.5115384615384615, -0.4615384615384614, -0.47692307692307684, -0.43846153846153824]",-0.47230754,
Autoencode,filterbank,5,24,,-0.5030769230769231,0.09447456687904031,-0.4785404339250492,,56,"{'decomposition': 'ema', 'n_filters': 4, 'slowest': 0.03755441669648581}",bc,0,linear,,-0.48076923076923067,-0.49461538461538457,4.0,"[-0.48076923076923067, -0.5115384615384615, -0.5192307692307693, -0.4846153846153845, -0.47692307692307684]",-0.47076903999999997,
Autoencode,filterbank,6,24,,-0.513076923076923,0.09687727855690277,-0.4939250493096646,,57,"{'decomposition': 'ema', 'n_filters': 4, 'slowest': 0.03755441669648581}",bc,0,linear,,-0.5499999999999998,-0.5076923076923076,3.0,"[-0.5499999999999998, -0.5076923076923077, -0.5307692307692307, -0.44999999999999984, -0.49999999999999983]",-0.45999984,
Autoencode,filterbank,7,24,,-0.4907692307692305,0.03888992203004475,-0.4812623274161735,,57,"{'decomposition': 'ema', 'n_filters': 4, 'slowest': 0.03755441669648581}",bc,0,linear,,-0.48846153846153834,-0.49153846153846137,1.0,"[-0.48846153846153834, -0.4846153846153844, -0.4846153846153845, -0.48846153846153834, -0.5115384615384614]",-0.4576922199999999,
Autoencode,filterbank,8,24,,-0.4723076923076921,0.10659884431581548,-0.47222879684418134,,55,"{'decomposition': 'ema', 'n_filters': 4, 'slowest': 0.03755441669648581}",bc,0,linear,,-0.45384615384615373,-0.48769230769230754,0.0,"[-0.45384615384615373, -0.46538461538461523, -0.473076923076923, -0.5384615384615383, -0.5076923076923077]",-0.46615387999999996,
Autoencode,filterbank,9,24,,-0.4923076923076923,0.10029542161850236,-0.4863905325443786,,56,"{'decomposition': 'ema', 'n_filters': 4, 'slowest': 0.03755441669648581}",bc,0,linear,,-0.4692307692307692,-0.5115384615384615,0.0,"[-0.4692307692307692, -0.5538461538461539, -0.5346153846153846, -0.5115384615384614, -0.4884615384615384]",-0.46153836000000004,
Autoencode,filterbank,1,24,,-0.50615386,0.08117498854080855,-0.49578459909353106,-0.49226803917525774,592,"{'decomposition': 'ema', 'n_filters': 4, 'slowest': 0.03755441669648581, 'learning_rate': 0.0001}",dqn,0,linear,0.0001,,,,,,
Autoencode,filterbank,3,24,,-0.48076919999999995,0.09460291349995517,-0.4929677311495673,-0.4866772237113402,598,"{'decomposition': 'ema', 'n_filters': 4, 'slowest': 0.03755441669648581, 'learning_rate': 0.0001}",dqn,0,linear,0.0001,,,,,,
Autoencode,filterbank,2,24,,-0.4900000599999999,0.12494027076670036,-0.4944138078903997,-0.4929024577319588,602,"{'decomposition': 'ema', 'n_filters': 4, 'slowest': 0.03755441669648581, 'learning_rate': 0.0001}",dqn,0,linear,0.0001,,,,,,
Autoencode,filterbank,0,24,,-0.47153846,0.09540027244996944,-0.49570140214256286,-0.49972243917525777,603,"{'decomposition': 'ema', 'n_filters': 4, 'slowest': 0.03755441669648581, 'learning_rate': 0.0001}",dqn,0,linear,0.0001,,,,,,
Autoencode,filterbank,6,24,,-0.48999998,0.10400563515723366,-0.49135525731355584,-0.48711337525773196,584,"{'decomposition': 'ema', 'n_filters': 4, 'slowest': 0.03755441669648581, 'learning_rate': 0.0001}",dqn,0,linear,0.0001,,,,,,
Autoencode,filterbank,4,24,,-0.51000002,0.10228463396649372,-0.4953884174907292,-0.49488499175257733,599,"{'decomposition': 'ema', 'n_filters': 4, 'slowest': 0.03755441669648581, 'learning_rate': 0.0001}",dqn,0,linear,0.0001,,,,,,
Autoencode,filterbank,5,24,,-0.48000001999999997,0.09553357708376463,-0.4953567230119489,-0.5040047711340206,600,"{'decomposition': 'ema', 'n_filters': 4, 'slowest': 0.03755441669648581, 'learning_rate': 0.0001}",dqn,0,linear,0.0001,,,,,,
Autoencode,filterbank,7,24,,-0.48923078,0.10321469435817555,-0.49418402266172223,-0.4934179195876288,584,"{'decomposition': 'ema', 'n_filters': 4, 'slowest': 0.03755441669648581, 'learning_rate': 0.0001}",dqn,0,linear,0.0001,,,,,,
Autoencode,filterbank,8,24,,-0.4799999200000001,0.08744917371544228,-0.49195746013597025,-0.5020618649484536,593,"{'decomposition': 'ema', 'n_filters': 4, 'slowest': 0.03755441669648581, 'learning_rate': 0.0001}",dqn,0,linear,0.0001,,,,,,
Autoencode,filterbank,0,24,,-0.50384616,0.050588287813825045,-0.49348276843840133,-0.490325112371134,592,"{'decomposition': 'ema', 'n_filters': 4, 'slowest': 0.03755441669648581, 'learning_rate': 0.0003}",dqn,0,linear,0.0003,,,,,,
Autoencode,filterbank,1,24,,-0.50692308,0.05367566376407095,-0.4931895905438814,-0.49341792577319593,587,"{'decomposition': 'ema', 'n_filters': 4, 'slowest': 0.03755441669648581, 'learning_rate': 0.0003}",dqn,0,linear,0.0003,,,,,,
Autoencode,filterbank,2,24,,-0.48846149999999994,0.053983426670506936,-0.4956221665636589,-0.49456781752577317,582,"{'decomposition': 'ema', 'n_filters': 4, 'slowest': 0.03755441669648581, 'learning_rate': 0.0003}",dqn,0,linear,0.0003,,,,,,
Autoencode,filterbank,9,24,,-0.48538461999999993,0.08665046641695356,-0.4971395523279769,-0.49024584329896903,605,"{'decomposition': 'ema', 'n_filters': 4, 'slowest': 0.03755441669648581, 'learning_rate': 0.0001}",dqn,0,linear,0.0001,,,,,,
Autoencode,filterbank,3,24,,-0.50153848,0.0399408594165123,-0.495356724145035,-0.49250595463917524,584,"{'decomposition': 'ema', 'n_filters': 4, 'slowest': 0.03755441669648581, 'learning_rate': 0.0003}",dqn,0,linear,0.0003,,,,,,
Autoencode,filterbank,7,24,,-0.4907692,0.04838225896255775,-0.4959589207869798,-0.4929817515463918,576,"{'decomposition': 'ema', 'n_filters': 4, 'slowest': 0.03755441669648581, 'learning_rate': 0.0003}",dqn,0,linear,0.0003,,,,,,
Autoencode,filterbank,5,24,,-0.4923077,0.035250547018308806,-0.4959509947466008,-0.49674860309278346,581,"{'decomposition': 'ema', 'n_filters': 4, 'slowest': 0.03755441669648581, 'learning_rate': 0.0003}",dqn,0,linear,0.0003,,,,,,
Autoencode,filterbank,4,24,,-0.4969230400000001,0.04605128615227159,-0.4954438772146683,-0.49520222371134026,591,"{'decomposition': 'ema', 'n_filters': 4, 'slowest': 0.03755441669648581, 'learning_rate': 0.0003}",dqn,0,linear,0.0003,,,,,,
Autoencode,filterbank,8,24,,-0.50230772,0.009134218907033047,-0.49442172764730113,-0.4961141958762887,581,"{'decomposition': 'ema', 'n_filters': 4, 'slowest': 0.03755441669648581, 'learning_rate': 0.0003}",dqn,0,linear,0.0003,,,,,,
Autoencode,filterbank,6,24,,-0.49615378,0.07816320257494315,-0.49529332601977755,-0.49611418453608247,590,"{'decomposition': 'ema', 'n_filters': 4, 'slowest': 0.03755441669648581, 'learning_rate': 0.0003}",dqn,0,linear,0.0003,,,,,,
Autoencode,filterbank,9,24,,-0.49000002000000004,0.057978872279646834,-0.49579648877214666,-0.4894131515463918,589,"{'decomposition': 'ema', 'n_filters': 4, 'slowest': 0.03755441669648581, 'learning_rate': 0.0003}",dqn,0,linear,0.0003,,,,,,
Autoencode,filterbank,3,24,,-0.4923076,0.018842454897385317,-0.49636303090234857,-0.49286278969072167,577,"{'decomposition': 'ema', 'n_filters': 4, 'slowest': 0.03755441669648581, 'learning_rate': 0.001}",dqn,0,linear,0.001,,,,,,
Autoencode,filterbank,0,24,,-0.49846152000000005,0.013234505376839739,-0.49674336959208903,-0.489770018556701,591,"{'decomposition': 'ema', 'n_filters': 4, 'slowest': 0.03755441669648581, 'learning_rate': 0.001}",dqn,0,linear,0.001,,,,,,
Autoencode,filterbank,1,24,,-0.4946154,0.036088573485246,-0.49584798516687273,-0.4980570999999999,595,"{'decomposition': 'ema', 'n_filters': 4, 'slowest': 0.03755441669648581, 'learning_rate': 0.001}",dqn,0,linear,0.001,,,,,,
Autoencode,filterbank,2,24,,-0.48615382,0.07448452512373022,-0.4981537833745365,-0.49361617525773194,592,"{'decomposition': 'ema', 'n_filters': 4, 'slowest': 0.03755441669648581, 'learning_rate': 0.001}",dqn,0,linear,0.001,,,,,,
Autoencode,filterbank,5,24,,-0.50153852,0.05100189633385802,-0.4987876779975277,-0.5019429020618557,590,"{'decomposition': 'ema', 'n_filters': 4, 'slowest': 0.03755441669648581, 'learning_rate': 0.001}",dqn,0,linear,0.001,,,,,,
Autoencode,filterbank,4,24,,-0.51,0.0728986570606071,-0.4971237022043676,-0.48996825154639173,593,"{'decomposition': 'ema', 'n_filters': 4, 'slowest': 0.03755441669648581, 'learning_rate': 0.001}",dqn,0,linear,0.001,,,,,,
Autoencode,filterbank,7,24,,-0.50461538,0.06556097063860175,-0.4985341235063865,-0.4993655855670103,591,"{'decomposition': 'ema', 'n_filters': 4, 'slowest': 0.03755441669648581, 'learning_rate': 0.001}",dqn,0,linear,0.001,,,,,,
Autoencode,filterbank,6,24,,-0.5,0.0,-0.49939384322208485,-0.49651071030927835,595,"{'decomposition': 'ema', 'n_filters': 4, 'slowest': 0.03755441669648581, 'learning_rate': 0.001}",dqn,0,linear,0.001,,,,,,
Autoencode,filterbank,8,24,,-0.5,0.0,-0.4990967040585085,-0.5037272020618557,591,"{'decomposition': 'ema', 'n_filters': 4, 'slowest': 0.03755441669648581, 'learning_rate': 0.001}",dqn,0,linear,0.001,,,,,,
Autoencode,filterbank,9,24,,-0.4976923,0.04641599997080748,-0.49913632128141744,-0.4961538474226804,588,"{'decomposition': 'ema', 'n_filters': 4, 'slowest': 0.03755441669648581, 'learning_rate': 0.001}",dqn,0,linear,0.001,,,,,,
Autoencode,filterbank,0,24,,-0.5,0.0,-0.49920763432220855,-0.4934179154639175,590,"{'decomposition': 'ema', 'n_filters': 4, 'slowest': 0.03755441669648581, 'learning_rate': 0.003}",dqn,0,linear,0.003,,,,,,
Autoencode,filterbank,1,24,,-0.5169231,0.0874220311288293,-0.4990372853316852,-0.5008326907216494,580,"{'decomposition': 'ema', 'n_filters': 4, 'slowest': 0.03755441669648581, 'learning_rate': 0.003}",dqn,0,linear,0.003,,,,,,
Autoencode,filterbank,4,24,,-0.50923088,0.01642647134918513,-0.4987639054388133,-0.49888976701030935,575,"{'decomposition': 'ema', 'n_filters': 4, 'slowest': 0.03755441669648581, 'learning_rate': 0.003}",dqn,0,linear,0.003,,,,,,
Autoencode,filterbank,2,24,,-0.5,0.0,-0.49884710692212614,-0.49306105154639174,590,"{'decomposition': 'ema', 'n_filters': 4, 'slowest': 0.03755441669648581, 'learning_rate': 0.003}",dqn,0,linear,0.003,,,,,,
Autoencode,filterbank,3,24,,-0.50076924,0.028253212376336958,-0.5002535606716111,-0.5002379216494846,586,"{'decomposition': 'ema', 'n_filters': 4, 'slowest': 0.03755441669648581, 'learning_rate': 0.003}",dqn,0,linear,0.003,,,,,,
Autoencode,filterbank,6,24,,-0.48846144,0.029038083137259595,-0.49915612989287195,-0.4998810453608247,583,"{'decomposition': 'ema', 'n_filters': 4, 'slowest': 0.03755441669648581, 'learning_rate': 0.003}",dqn,0,linear,0.003,,,,,,
Autoencode,filterbank,5,24,,-0.5084616399999999,0.022148235081613163,-0.49790419004944375,-0.49476606288659797,586,"{'decomposition': 'ema', 'n_filters': 4, 'slowest': 0.03755441669648581, 'learning_rate': 0.003}",dqn,0,linear,0.003,,,,,,
Autoencode,filterbank,9,24,,-0.5,0.0,-0.5003248742274412,-0.49417129896907214,579,"{'decomposition': 'ema', 'n_filters': 4, 'slowest': 0.03755441669648581, 'learning_rate': 0.003}",dqn,0,linear,0.003,,,,,,
Autoencode,filterbank,8,24,,-0.50846164,0.015932741326915464,-0.4993066827358879,-0.4991276896907217,589,"{'decomposition': 'ema', 'n_filters': 4, 'slowest': 0.03755441669648581, 'learning_rate': 0.003}",dqn,0,linear,0.003,,,,,,
Autoencode,filterbank,7,24,,-0.51384626,0.02523279813719437,-0.49754761990111246,-0.49516256082474225,596,"{'decomposition': 'ema', 'n_filters': 4, 'slowest': 0.03755441669648581, 'learning_rate': 0.003}",dqn,0,linear,0.003,,,,,,
